[2026-06-07T17:06:30.899+0000] {processor.py:157} INFO - Started process (PID=75) to work on /home/airflow/.local/lib/python3.8/site-packages/airflow/example_dags/example_xcomargs.py
[2026-06-07T17:06:30.900+0000] {processor.py:829} INFO - Processing file /home/airflow/.local/lib/python3.8/site-packages/airflow/example_dags/example_xcomargs.py for tasks to queue
[2026-06-07T17:06:30.903+0000] {logging_mixin.py:154} INFO - [2026-06-07T17:06:30.903+0000] {dagbag.py:536} INFO - Filling up the DagBag from /home/airflow/.local/lib/python3.8/site-packages/airflow/example_dags/example_xcomargs.py
[2026-06-07T17:06:30.951+0000] {processor.py:839} INFO - DAG(s) dict_keys(['example_xcom_args', 'example_xcom_args_with_operators']) retrieved from /home/airflow/.local/lib/python3.8/site-packages/airflow/example_dags/example_xcomargs.py
[2026-06-07T17:06:31.121+0000] {logging_mixin.py:154} INFO - [2026-06-07T17:06:31.120+0000] {dag.py:2941} INFO - Sync 2 DAGs
[2026-06-07T17:06:31.184+0000] {logging_mixin.py:154} INFO - [2026-06-07T17:06:31.184+0000] {dag.py:3722} INFO - Setting next_dagrun for example_xcom_args to None, run_after=None
[2026-06-07T17:06:31.202+0000] {logging_mixin.py:154} INFO - [2026-06-07T17:06:31.201+0000] {dag.py:3722} INFO - Setting next_dagrun for example_xcom_args_with_operators to None, run_after=None
[2026-06-07T17:06:31.279+0000] {processor.py:179} INFO - Processing /home/airflow/.local/lib/python3.8/site-packages/airflow/example_dags/example_xcomargs.py took 0.394 seconds
[2026-06-07T17:07:01.803+0000] {processor.py:157} INFO - Started process (PID=131) to work on /home/airflow/.local/lib/python3.8/site-packages/airflow/example_dags/example_xcomargs.py
[2026-06-07T17:07:01.806+0000] {processor.py:829} INFO - Processing file /home/airflow/.local/lib/python3.8/site-packages/airflow/example_dags/example_xcomargs.py for tasks to queue
[2026-06-07T17:07:01.809+0000] {logging_mixin.py:154} INFO - [2026-06-07T17:07:01.808+0000] {dagbag.py:536} INFO - Filling up the DagBag from /home/airflow/.local/lib/python3.8/site-packages/airflow/example_dags/example_xcomargs.py
[2026-06-07T17:07:01.844+0000] {processor.py:839} INFO - DAG(s) dict_keys(['example_xcom_args_with_operators', 'example_xcom_args']) retrieved from /home/airflow/.local/lib/python3.8/site-packages/airflow/example_dags/example_xcomargs.py
[2026-06-07T17:07:01.910+0000] {logging_mixin.py:154} INFO - [2026-06-07T17:07:01.909+0000] {dag.py:2941} INFO - Sync 2 DAGs
[2026-06-07T17:07:01.931+0000] {logging_mixin.py:154} INFO - [2026-06-07T17:07:01.930+0000] {dag.py:3722} INFO - Setting next_dagrun for example_xcom_args to None, run_after=None
[2026-06-07T17:07:01.938+0000] {logging_mixin.py:154} INFO - [2026-06-07T17:07:01.935+0000] {dag.py:3722} INFO - Setting next_dagrun for example_xcom_args_with_operators to None, run_after=None
[2026-06-07T17:07:02.006+0000] {processor.py:179} INFO - Processing /home/airflow/.local/lib/python3.8/site-packages/airflow/example_dags/example_xcomargs.py took 0.211 seconds
[2026-06-07T17:07:32.668+0000] {processor.py:157} INFO - Started process (PID=187) to work on /home/airflow/.local/lib/python3.8/site-packages/airflow/example_dags/example_xcomargs.py
[2026-06-07T17:07:32.678+0000] {processor.py:829} INFO - Processing file /home/airflow/.local/lib/python3.8/site-packages/airflow/example_dags/example_xcomargs.py for tasks to queue
[2026-06-07T17:07:32.681+0000] {logging_mixin.py:154} INFO - [2026-06-07T17:07:32.681+0000] {dagbag.py:536} INFO - Filling up the DagBag from /home/airflow/.local/lib/python3.8/site-packages/airflow/example_dags/example_xcomargs.py
[2026-06-07T17:07:32.709+0000] {processor.py:839} INFO - DAG(s) dict_keys(['example_xcom_args', 'example_xcom_args_with_operators']) retrieved from /home/airflow/.local/lib/python3.8/site-packages/airflow/example_dags/example_xcomargs.py
[2026-06-07T17:07:32.783+0000] {logging_mixin.py:154} INFO - [2026-06-07T17:07:32.783+0000] {dag.py:2941} INFO - Sync 2 DAGs
[2026-06-07T17:07:32.835+0000] {logging_mixin.py:154} INFO - [2026-06-07T17:07:32.834+0000] {dag.py:3722} INFO - Setting next_dagrun for example_xcom_args to None, run_after=None
[2026-06-07T17:07:32.871+0000] {logging_mixin.py:154} INFO - [2026-06-07T17:07:32.870+0000] {dag.py:3722} INFO - Setting next_dagrun for example_xcom_args_with_operators to None, run_after=None
[2026-06-07T17:07:32.957+0000] {processor.py:179} INFO - Processing /home/airflow/.local/lib/python3.8/site-packages/airflow/example_dags/example_xcomargs.py took 0.307 seconds
[2026-06-07T17:08:08.982+0000] {processor.py:157} INFO - Started process (PID=250) to work on /home/airflow/.local/lib/python3.8/site-packages/airflow/example_dags/example_xcomargs.py
[2026-06-07T17:08:08.989+0000] {processor.py:829} INFO - Processing file /home/airflow/.local/lib/python3.8/site-packages/airflow/example_dags/example_xcomargs.py for tasks to queue
[2026-06-07T17:08:08.992+0000] {logging_mixin.py:154} INFO - [2026-06-07T17:08:08.992+0000] {dagbag.py:536} INFO - Filling up the DagBag from /home/airflow/.local/lib/python3.8/site-packages/airflow/example_dags/example_xcomargs.py
[2026-06-07T17:08:09.025+0000] {processor.py:839} INFO - DAG(s) dict_keys(['example_xcom_args_with_operators', 'example_xcom_args']) retrieved from /home/airflow/.local/lib/python3.8/site-packages/airflow/example_dags/example_xcomargs.py
[2026-06-07T17:08:09.083+0000] {logging_mixin.py:154} INFO - [2026-06-07T17:08:09.083+0000] {dag.py:2941} INFO - Sync 2 DAGs
[2026-06-07T17:08:09.103+0000] {logging_mixin.py:154} INFO - [2026-06-07T17:08:09.103+0000] {dag.py:3722} INFO - Setting next_dagrun for example_xcom_args to None, run_after=None
[2026-06-07T17:08:09.109+0000] {logging_mixin.py:154} INFO - [2026-06-07T17:08:09.109+0000] {dag.py:3722} INFO - Setting next_dagrun for example_xcom_args_with_operators to None, run_after=None
[2026-06-07T17:08:09.175+0000] {processor.py:179} INFO - Processing /home/airflow/.local/lib/python3.8/site-packages/airflow/example_dags/example_xcomargs.py took 0.210 seconds
[2026-06-07T17:08:41.152+0000] {processor.py:157} INFO - Started process (PID=305) to work on /home/airflow/.local/lib/python3.8/site-packages/airflow/example_dags/example_xcomargs.py
[2026-06-07T17:08:41.153+0000] {processor.py:829} INFO - Processing file /home/airflow/.local/lib/python3.8/site-packages/airflow/example_dags/example_xcomargs.py for tasks to queue
[2026-06-07T17:08:41.171+0000] {logging_mixin.py:154} INFO - [2026-06-07T17:08:41.171+0000] {dagbag.py:536} INFO - Filling up the DagBag from /home/airflow/.local/lib/python3.8/site-packages/airflow/example_dags/example_xcomargs.py
[2026-06-07T17:08:41.221+0000] {processor.py:839} INFO - DAG(s) dict_keys(['example_xcom_args_with_operators', 'example_xcom_args']) retrieved from /home/airflow/.local/lib/python3.8/site-packages/airflow/example_dags/example_xcomargs.py
[2026-06-07T17:08:41.325+0000] {logging_mixin.py:154} INFO - [2026-06-07T17:08:41.325+0000] {dag.py:2941} INFO - Sync 2 DAGs
[2026-06-07T17:08:41.351+0000] {logging_mixin.py:154} INFO - [2026-06-07T17:08:41.351+0000] {dag.py:3722} INFO - Setting next_dagrun for example_xcom_args to None, run_after=None
[2026-06-07T17:08:41.357+0000] {logging_mixin.py:154} INFO - [2026-06-07T17:08:41.356+0000] {dag.py:3722} INFO - Setting next_dagrun for example_xcom_args_with_operators to None, run_after=None
[2026-06-07T17:08:41.410+0000] {processor.py:179} INFO - Processing /home/airflow/.local/lib/python3.8/site-packages/airflow/example_dags/example_xcomargs.py took 0.273 seconds
[2026-06-07T17:09:12.345+0000] {processor.py:157} INFO - Started process (PID=360) to work on /home/airflow/.local/lib/python3.8/site-packages/airflow/example_dags/example_xcomargs.py
[2026-06-07T17:09:12.349+0000] {processor.py:829} INFO - Processing file /home/airflow/.local/lib/python3.8/site-packages/airflow/example_dags/example_xcomargs.py for tasks to queue
[2026-06-07T17:09:12.352+0000] {logging_mixin.py:154} INFO - [2026-06-07T17:09:12.351+0000] {dagbag.py:536} INFO - Filling up the DagBag from /home/airflow/.local/lib/python3.8/site-packages/airflow/example_dags/example_xcomargs.py
[2026-06-07T17:09:12.394+0000] {processor.py:839} INFO - DAG(s) dict_keys(['example_xcom_args_with_operators', 'example_xcom_args']) retrieved from /home/airflow/.local/lib/python3.8/site-packages/airflow/example_dags/example_xcomargs.py
[2026-06-07T17:09:12.478+0000] {logging_mixin.py:154} INFO - [2026-06-07T17:09:12.478+0000] {dag.py:2941} INFO - Sync 2 DAGs
[2026-06-07T17:09:12.539+0000] {logging_mixin.py:154} INFO - [2026-06-07T17:09:12.538+0000] {dag.py:3722} INFO - Setting next_dagrun for example_xcom_args to None, run_after=None
[2026-06-07T17:09:12.588+0000] {logging_mixin.py:154} INFO - [2026-06-07T17:09:12.588+0000] {dag.py:3722} INFO - Setting next_dagrun for example_xcom_args_with_operators to None, run_after=None
[2026-06-07T17:09:12.644+0000] {processor.py:179} INFO - Processing /home/airflow/.local/lib/python3.8/site-packages/airflow/example_dags/example_xcomargs.py took 0.324 seconds
[2026-06-07T17:09:43.495+0000] {processor.py:157} INFO - Started process (PID=416) to work on /home/airflow/.local/lib/python3.8/site-packages/airflow/example_dags/example_xcomargs.py
[2026-06-07T17:09:43.496+0000] {processor.py:829} INFO - Processing file /home/airflow/.local/lib/python3.8/site-packages/airflow/example_dags/example_xcomargs.py for tasks to queue
[2026-06-07T17:09:43.499+0000] {logging_mixin.py:154} INFO - [2026-06-07T17:09:43.499+0000] {dagbag.py:536} INFO - Filling up the DagBag from /home/airflow/.local/lib/python3.8/site-packages/airflow/example_dags/example_xcomargs.py
[2026-06-07T17:09:43.512+0000] {processor.py:839} INFO - DAG(s) dict_keys(['example_xcom_args', 'example_xcom_args_with_operators']) retrieved from /home/airflow/.local/lib/python3.8/site-packages/airflow/example_dags/example_xcomargs.py
[2026-06-07T17:09:43.552+0000] {logging_mixin.py:154} INFO - [2026-06-07T17:09:43.551+0000] {dag.py:2941} INFO - Sync 2 DAGs
[2026-06-07T17:09:43.589+0000] {logging_mixin.py:154} INFO - [2026-06-07T17:09:43.588+0000] {dag.py:3722} INFO - Setting next_dagrun for example_xcom_args to None, run_after=None
[2026-06-07T17:09:43.594+0000] {logging_mixin.py:154} INFO - [2026-06-07T17:09:43.594+0000] {dag.py:3722} INFO - Setting next_dagrun for example_xcom_args_with_operators to None, run_after=None
[2026-06-07T17:09:43.631+0000] {processor.py:179} INFO - Processing /home/airflow/.local/lib/python3.8/site-packages/airflow/example_dags/example_xcomargs.py took 0.142 seconds
[2026-06-07T17:10:14.355+0000] {processor.py:157} INFO - Started process (PID=471) to work on /home/airflow/.local/lib/python3.8/site-packages/airflow/example_dags/example_xcomargs.py
[2026-06-07T17:10:14.357+0000] {processor.py:829} INFO - Processing file /home/airflow/.local/lib/python3.8/site-packages/airflow/example_dags/example_xcomargs.py for tasks to queue
[2026-06-07T17:10:14.359+0000] {logging_mixin.py:154} INFO - [2026-06-07T17:10:14.359+0000] {dagbag.py:536} INFO - Filling up the DagBag from /home/airflow/.local/lib/python3.8/site-packages/airflow/example_dags/example_xcomargs.py
[2026-06-07T17:10:14.371+0000] {processor.py:839} INFO - DAG(s) dict_keys(['example_xcom_args_with_operators', 'example_xcom_args']) retrieved from /home/airflow/.local/lib/python3.8/site-packages/airflow/example_dags/example_xcomargs.py
[2026-06-07T17:10:14.409+0000] {logging_mixin.py:154} INFO - [2026-06-07T17:10:14.409+0000] {dag.py:2941} INFO - Sync 2 DAGs
[2026-06-07T17:10:14.429+0000] {logging_mixin.py:154} INFO - [2026-06-07T17:10:14.428+0000] {dag.py:3722} INFO - Setting next_dagrun for example_xcom_args to None, run_after=None
[2026-06-07T17:10:14.433+0000] {logging_mixin.py:154} INFO - [2026-06-07T17:10:14.433+0000] {dag.py:3722} INFO - Setting next_dagrun for example_xcom_args_with_operators to None, run_after=None
[2026-06-07T17:10:14.458+0000] {processor.py:179} INFO - Processing /home/airflow/.local/lib/python3.8/site-packages/airflow/example_dags/example_xcomargs.py took 0.109 seconds
[2026-06-07T17:10:46.495+0000] {processor.py:157} INFO - Started process (PID=527) to work on /home/airflow/.local/lib/python3.8/site-packages/airflow/example_dags/example_xcomargs.py
[2026-06-07T17:10:46.498+0000] {processor.py:829} INFO - Processing file /home/airflow/.local/lib/python3.8/site-packages/airflow/example_dags/example_xcomargs.py for tasks to queue
[2026-06-07T17:10:46.521+0000] {logging_mixin.py:154} INFO - [2026-06-07T17:10:46.500+0000] {dagbag.py:536} INFO - Filling up the DagBag from /home/airflow/.local/lib/python3.8/site-packages/airflow/example_dags/example_xcomargs.py
[2026-06-07T17:10:46.571+0000] {processor.py:839} INFO - DAG(s) dict_keys(['example_xcom_args', 'example_xcom_args_with_operators']) retrieved from /home/airflow/.local/lib/python3.8/site-packages/airflow/example_dags/example_xcomargs.py
[2026-06-07T17:10:46.639+0000] {logging_mixin.py:154} INFO - [2026-06-07T17:10:46.639+0000] {dag.py:2941} INFO - Sync 2 DAGs
[2026-06-07T17:10:46.696+0000] {logging_mixin.py:154} INFO - [2026-06-07T17:10:46.695+0000] {dag.py:3722} INFO - Setting next_dagrun for example_xcom_args to None, run_after=None
[2026-06-07T17:10:46.701+0000] {logging_mixin.py:154} INFO - [2026-06-07T17:10:46.701+0000] {dag.py:3722} INFO - Setting next_dagrun for example_xcom_args_with_operators to None, run_after=None
[2026-06-07T17:10:46.735+0000] {processor.py:179} INFO - Processing /home/airflow/.local/lib/python3.8/site-packages/airflow/example_dags/example_xcomargs.py took 0.253 seconds
[2026-06-07T17:11:18.095+0000] {processor.py:157} INFO - Started process (PID=584) to work on /home/airflow/.local/lib/python3.8/site-packages/airflow/example_dags/example_xcomargs.py
[2026-06-07T17:11:18.096+0000] {processor.py:829} INFO - Processing file /home/airflow/.local/lib/python3.8/site-packages/airflow/example_dags/example_xcomargs.py for tasks to queue
[2026-06-07T17:11:18.118+0000] {logging_mixin.py:154} INFO - [2026-06-07T17:11:18.118+0000] {dagbag.py:536} INFO - Filling up the DagBag from /home/airflow/.local/lib/python3.8/site-packages/airflow/example_dags/example_xcomargs.py
[2026-06-07T17:11:18.152+0000] {processor.py:839} INFO - DAG(s) dict_keys(['example_xcom_args', 'example_xcom_args_with_operators']) retrieved from /home/airflow/.local/lib/python3.8/site-packages/airflow/example_dags/example_xcomargs.py
[2026-06-07T17:11:18.281+0000] {logging_mixin.py:154} INFO - [2026-06-07T17:11:18.281+0000] {dag.py:2941} INFO - Sync 2 DAGs
[2026-06-07T17:11:18.324+0000] {logging_mixin.py:154} INFO - [2026-06-07T17:11:18.323+0000] {dag.py:3722} INFO - Setting next_dagrun for example_xcom_args to None, run_after=None
[2026-06-07T17:11:18.342+0000] {logging_mixin.py:154} INFO - [2026-06-07T17:11:18.341+0000] {dag.py:3722} INFO - Setting next_dagrun for example_xcom_args_with_operators to None, run_after=None
[2026-06-07T17:11:18.419+0000] {processor.py:179} INFO - Processing /home/airflow/.local/lib/python3.8/site-packages/airflow/example_dags/example_xcomargs.py took 0.341 seconds
[2026-06-07T17:11:48.986+0000] {processor.py:157} INFO - Started process (PID=639) to work on /home/airflow/.local/lib/python3.8/site-packages/airflow/example_dags/example_xcomargs.py
[2026-06-07T17:11:48.989+0000] {processor.py:829} INFO - Processing file /home/airflow/.local/lib/python3.8/site-packages/airflow/example_dags/example_xcomargs.py for tasks to queue
[2026-06-07T17:11:48.992+0000] {logging_mixin.py:154} INFO - [2026-06-07T17:11:48.991+0000] {dagbag.py:536} INFO - Filling up the DagBag from /home/airflow/.local/lib/python3.8/site-packages/airflow/example_dags/example_xcomargs.py
[2026-06-07T17:11:49.005+0000] {processor.py:839} INFO - DAG(s) dict_keys(['example_xcom_args_with_operators', 'example_xcom_args']) retrieved from /home/airflow/.local/lib/python3.8/site-packages/airflow/example_dags/example_xcomargs.py
[2026-06-07T17:11:49.040+0000] {logging_mixin.py:154} INFO - [2026-06-07T17:11:49.040+0000] {dag.py:2941} INFO - Sync 2 DAGs
[2026-06-07T17:11:49.060+0000] {logging_mixin.py:154} INFO - [2026-06-07T17:11:49.059+0000] {dag.py:3722} INFO - Setting next_dagrun for example_xcom_args to None, run_after=None
[2026-06-07T17:11:49.064+0000] {logging_mixin.py:154} INFO - [2026-06-07T17:11:49.064+0000] {dag.py:3722} INFO - Setting next_dagrun for example_xcom_args_with_operators to None, run_after=None
[2026-06-07T17:11:49.087+0000] {processor.py:179} INFO - Processing /home/airflow/.local/lib/python3.8/site-packages/airflow/example_dags/example_xcomargs.py took 0.106 seconds
[2026-06-07T17:12:19.278+0000] {processor.py:157} INFO - Started process (PID=695) to work on /home/airflow/.local/lib/python3.8/site-packages/airflow/example_dags/example_xcomargs.py
[2026-06-07T17:12:19.279+0000] {processor.py:829} INFO - Processing file /home/airflow/.local/lib/python3.8/site-packages/airflow/example_dags/example_xcomargs.py for tasks to queue
[2026-06-07T17:12:19.298+0000] {logging_mixin.py:154} INFO - [2026-06-07T17:12:19.298+0000] {dagbag.py:536} INFO - Filling up the DagBag from /home/airflow/.local/lib/python3.8/site-packages/airflow/example_dags/example_xcomargs.py
[2026-06-07T17:12:19.317+0000] {processor.py:839} INFO - DAG(s) dict_keys(['example_xcom_args_with_operators', 'example_xcom_args']) retrieved from /home/airflow/.local/lib/python3.8/site-packages/airflow/example_dags/example_xcomargs.py
[2026-06-07T17:12:19.358+0000] {logging_mixin.py:154} INFO - [2026-06-07T17:12:19.358+0000] {dag.py:2941} INFO - Sync 2 DAGs
[2026-06-07T17:12:19.378+0000] {logging_mixin.py:154} INFO - [2026-06-07T17:12:19.378+0000] {dag.py:3722} INFO - Setting next_dagrun for example_xcom_args to None, run_after=None
[2026-06-07T17:12:19.387+0000] {logging_mixin.py:154} INFO - [2026-06-07T17:12:19.387+0000] {dag.py:3722} INFO - Setting next_dagrun for example_xcom_args_with_operators to None, run_after=None
[2026-06-07T17:12:19.440+0000] {processor.py:179} INFO - Processing /home/airflow/.local/lib/python3.8/site-packages/airflow/example_dags/example_xcomargs.py took 0.168 seconds
[2026-06-07T17:12:49.853+0000] {processor.py:157} INFO - Started process (PID=751) to work on /home/airflow/.local/lib/python3.8/site-packages/airflow/example_dags/example_xcomargs.py
[2026-06-07T17:12:49.855+0000] {processor.py:829} INFO - Processing file /home/airflow/.local/lib/python3.8/site-packages/airflow/example_dags/example_xcomargs.py for tasks to queue
[2026-06-07T17:12:49.858+0000] {logging_mixin.py:154} INFO - [2026-06-07T17:12:49.858+0000] {dagbag.py:536} INFO - Filling up the DagBag from /home/airflow/.local/lib/python3.8/site-packages/airflow/example_dags/example_xcomargs.py
[2026-06-07T17:12:49.872+0000] {processor.py:839} INFO - DAG(s) dict_keys(['example_xcom_args_with_operators', 'example_xcom_args']) retrieved from /home/airflow/.local/lib/python3.8/site-packages/airflow/example_dags/example_xcomargs.py
[2026-06-07T17:12:49.913+0000] {logging_mixin.py:154} INFO - [2026-06-07T17:12:49.913+0000] {dag.py:2941} INFO - Sync 2 DAGs
[2026-06-07T17:12:49.932+0000] {logging_mixin.py:154} INFO - [2026-06-07T17:12:49.932+0000] {dag.py:3722} INFO - Setting next_dagrun for example_xcom_args to None, run_after=None
[2026-06-07T17:12:49.937+0000] {logging_mixin.py:154} INFO - [2026-06-07T17:12:49.936+0000] {dag.py:3722} INFO - Setting next_dagrun for example_xcom_args_with_operators to None, run_after=None
[2026-06-07T17:12:49.958+0000] {processor.py:179} INFO - Processing /home/airflow/.local/lib/python3.8/site-packages/airflow/example_dags/example_xcomargs.py took 0.111 seconds
[2026-06-07T17:13:20.045+0000] {processor.py:157} INFO - Started process (PID=806) to work on /home/airflow/.local/lib/python3.8/site-packages/airflow/example_dags/example_xcomargs.py
[2026-06-07T17:13:20.051+0000] {processor.py:829} INFO - Processing file /home/airflow/.local/lib/python3.8/site-packages/airflow/example_dags/example_xcomargs.py for tasks to queue
[2026-06-07T17:13:20.061+0000] {logging_mixin.py:154} INFO - [2026-06-07T17:13:20.061+0000] {dagbag.py:536} INFO - Filling up the DagBag from /home/airflow/.local/lib/python3.8/site-packages/airflow/example_dags/example_xcomargs.py
[2026-06-07T17:13:20.096+0000] {processor.py:839} INFO - DAG(s) dict_keys(['example_xcom_args_with_operators', 'example_xcom_args']) retrieved from /home/airflow/.local/lib/python3.8/site-packages/airflow/example_dags/example_xcomargs.py
[2026-06-07T17:13:20.170+0000] {logging_mixin.py:154} INFO - [2026-06-07T17:13:20.170+0000] {dag.py:2941} INFO - Sync 2 DAGs
[2026-06-07T17:13:20.190+0000] {logging_mixin.py:154} INFO - [2026-06-07T17:13:20.189+0000] {dag.py:3722} INFO - Setting next_dagrun for example_xcom_args to None, run_after=None
[2026-06-07T17:13:20.194+0000] {logging_mixin.py:154} INFO - [2026-06-07T17:13:20.194+0000] {dag.py:3722} INFO - Setting next_dagrun for example_xcom_args_with_operators to None, run_after=None
[2026-06-07T17:13:20.219+0000] {processor.py:179} INFO - Processing /home/airflow/.local/lib/python3.8/site-packages/airflow/example_dags/example_xcomargs.py took 0.185 seconds
[2026-06-07T17:13:51.048+0000] {processor.py:157} INFO - Started process (PID=862) to work on /home/airflow/.local/lib/python3.8/site-packages/airflow/example_dags/example_xcomargs.py
[2026-06-07T17:13:51.049+0000] {processor.py:829} INFO - Processing file /home/airflow/.local/lib/python3.8/site-packages/airflow/example_dags/example_xcomargs.py for tasks to queue
[2026-06-07T17:13:51.052+0000] {logging_mixin.py:154} INFO - [2026-06-07T17:13:51.052+0000] {dagbag.py:536} INFO - Filling up the DagBag from /home/airflow/.local/lib/python3.8/site-packages/airflow/example_dags/example_xcomargs.py
[2026-06-07T17:13:51.065+0000] {processor.py:839} INFO - DAG(s) dict_keys(['example_xcom_args', 'example_xcom_args_with_operators']) retrieved from /home/airflow/.local/lib/python3.8/site-packages/airflow/example_dags/example_xcomargs.py
[2026-06-07T17:13:51.129+0000] {logging_mixin.py:154} INFO - [2026-06-07T17:13:51.129+0000] {dag.py:2941} INFO - Sync 2 DAGs
[2026-06-07T17:13:51.155+0000] {logging_mixin.py:154} INFO - [2026-06-07T17:13:51.155+0000] {dag.py:3722} INFO - Setting next_dagrun for example_xcom_args to None, run_after=None
[2026-06-07T17:13:51.160+0000] {logging_mixin.py:154} INFO - [2026-06-07T17:13:51.159+0000] {dag.py:3722} INFO - Setting next_dagrun for example_xcom_args_with_operators to None, run_after=None
[2026-06-07T17:13:51.182+0000] {processor.py:179} INFO - Processing /home/airflow/.local/lib/python3.8/site-packages/airflow/example_dags/example_xcomargs.py took 0.140 seconds
[2026-06-07T17:14:21.298+0000] {processor.py:157} INFO - Started process (PID=918) to work on /home/airflow/.local/lib/python3.8/site-packages/airflow/example_dags/example_xcomargs.py
[2026-06-07T17:14:21.309+0000] {processor.py:829} INFO - Processing file /home/airflow/.local/lib/python3.8/site-packages/airflow/example_dags/example_xcomargs.py for tasks to queue
[2026-06-07T17:14:21.317+0000] {logging_mixin.py:154} INFO - [2026-06-07T17:14:21.317+0000] {dagbag.py:536} INFO - Filling up the DagBag from /home/airflow/.local/lib/python3.8/site-packages/airflow/example_dags/example_xcomargs.py
[2026-06-07T17:14:21.340+0000] {processor.py:839} INFO - DAG(s) dict_keys(['example_xcom_args_with_operators', 'example_xcom_args']) retrieved from /home/airflow/.local/lib/python3.8/site-packages/airflow/example_dags/example_xcomargs.py
[2026-06-07T17:14:21.420+0000] {logging_mixin.py:154} INFO - [2026-06-07T17:14:21.420+0000] {dag.py:2941} INFO - Sync 2 DAGs
[2026-06-07T17:14:21.442+0000] {logging_mixin.py:154} INFO - [2026-06-07T17:14:21.442+0000] {dag.py:3722} INFO - Setting next_dagrun for example_xcom_args to None, run_after=None
[2026-06-07T17:14:21.446+0000] {logging_mixin.py:154} INFO - [2026-06-07T17:14:21.446+0000] {dag.py:3722} INFO - Setting next_dagrun for example_xcom_args_with_operators to None, run_after=None
[2026-06-07T17:14:21.467+0000] {processor.py:179} INFO - Processing /home/airflow/.local/lib/python3.8/site-packages/airflow/example_dags/example_xcomargs.py took 0.193 seconds
[2026-06-07T17:14:52.396+0000] {processor.py:157} INFO - Started process (PID=974) to work on /home/airflow/.local/lib/python3.8/site-packages/airflow/example_dags/example_xcomargs.py
[2026-06-07T17:14:52.404+0000] {processor.py:829} INFO - Processing file /home/airflow/.local/lib/python3.8/site-packages/airflow/example_dags/example_xcomargs.py for tasks to queue
[2026-06-07T17:14:52.407+0000] {logging_mixin.py:154} INFO - [2026-06-07T17:14:52.407+0000] {dagbag.py:536} INFO - Filling up the DagBag from /home/airflow/.local/lib/python3.8/site-packages/airflow/example_dags/example_xcomargs.py
[2026-06-07T17:14:52.434+0000] {processor.py:839} INFO - DAG(s) dict_keys(['example_xcom_args', 'example_xcom_args_with_operators']) retrieved from /home/airflow/.local/lib/python3.8/site-packages/airflow/example_dags/example_xcomargs.py
[2026-06-07T17:14:52.500+0000] {logging_mixin.py:154} INFO - [2026-06-07T17:14:52.500+0000] {dag.py:2941} INFO - Sync 2 DAGs
[2026-06-07T17:14:52.519+0000] {logging_mixin.py:154} INFO - [2026-06-07T17:14:52.519+0000] {dag.py:3722} INFO - Setting next_dagrun for example_xcom_args to None, run_after=None
[2026-06-07T17:14:52.524+0000] {logging_mixin.py:154} INFO - [2026-06-07T17:14:52.524+0000] {dag.py:3722} INFO - Setting next_dagrun for example_xcom_args_with_operators to None, run_after=None
[2026-06-07T17:14:52.557+0000] {processor.py:179} INFO - Processing /home/airflow/.local/lib/python3.8/site-packages/airflow/example_dags/example_xcomargs.py took 0.166 seconds
[2026-06-07T17:15:23.352+0000] {processor.py:157} INFO - Started process (PID=1030) to work on /home/airflow/.local/lib/python3.8/site-packages/airflow/example_dags/example_xcomargs.py
[2026-06-07T17:15:23.354+0000] {processor.py:829} INFO - Processing file /home/airflow/.local/lib/python3.8/site-packages/airflow/example_dags/example_xcomargs.py for tasks to queue
[2026-06-07T17:15:23.357+0000] {logging_mixin.py:154} INFO - [2026-06-07T17:15:23.357+0000] {dagbag.py:536} INFO - Filling up the DagBag from /home/airflow/.local/lib/python3.8/site-packages/airflow/example_dags/example_xcomargs.py
[2026-06-07T17:15:23.393+0000] {processor.py:839} INFO - DAG(s) dict_keys(['example_xcom_args_with_operators', 'example_xcom_args']) retrieved from /home/airflow/.local/lib/python3.8/site-packages/airflow/example_dags/example_xcomargs.py
[2026-06-07T17:15:23.428+0000] {logging_mixin.py:154} INFO - [2026-06-07T17:15:23.428+0000] {dag.py:2941} INFO - Sync 2 DAGs
[2026-06-07T17:15:23.450+0000] {logging_mixin.py:154} INFO - [2026-06-07T17:15:23.450+0000] {dag.py:3722} INFO - Setting next_dagrun for example_xcom_args to None, run_after=None
[2026-06-07T17:15:23.456+0000] {logging_mixin.py:154} INFO - [2026-06-07T17:15:23.456+0000] {dag.py:3722} INFO - Setting next_dagrun for example_xcom_args_with_operators to None, run_after=None
[2026-06-07T17:15:23.485+0000] {processor.py:179} INFO - Processing /home/airflow/.local/lib/python3.8/site-packages/airflow/example_dags/example_xcomargs.py took 0.139 seconds
[2026-06-07T17:15:53.693+0000] {processor.py:157} INFO - Started process (PID=1086) to work on /home/airflow/.local/lib/python3.8/site-packages/airflow/example_dags/example_xcomargs.py
[2026-06-07T17:15:53.694+0000] {processor.py:829} INFO - Processing file /home/airflow/.local/lib/python3.8/site-packages/airflow/example_dags/example_xcomargs.py for tasks to queue
[2026-06-07T17:15:53.697+0000] {logging_mixin.py:154} INFO - [2026-06-07T17:15:53.697+0000] {dagbag.py:536} INFO - Filling up the DagBag from /home/airflow/.local/lib/python3.8/site-packages/airflow/example_dags/example_xcomargs.py
[2026-06-07T17:15:53.711+0000] {processor.py:839} INFO - DAG(s) dict_keys(['example_xcom_args', 'example_xcom_args_with_operators']) retrieved from /home/airflow/.local/lib/python3.8/site-packages/airflow/example_dags/example_xcomargs.py
[2026-06-07T17:15:53.758+0000] {logging_mixin.py:154} INFO - [2026-06-07T17:15:53.758+0000] {dag.py:2941} INFO - Sync 2 DAGs
[2026-06-07T17:15:53.799+0000] {logging_mixin.py:154} INFO - [2026-06-07T17:15:53.799+0000] {dag.py:3722} INFO - Setting next_dagrun for example_xcom_args to None, run_after=None
[2026-06-07T17:15:53.833+0000] {logging_mixin.py:154} INFO - [2026-06-07T17:15:53.833+0000] {dag.py:3722} INFO - Setting next_dagrun for example_xcom_args_with_operators to None, run_after=None
[2026-06-07T17:15:53.863+0000] {processor.py:179} INFO - Processing /home/airflow/.local/lib/python3.8/site-packages/airflow/example_dags/example_xcomargs.py took 0.175 seconds
[2026-06-07T17:16:24.276+0000] {processor.py:157} INFO - Started process (PID=1142) to work on /home/airflow/.local/lib/python3.8/site-packages/airflow/example_dags/example_xcomargs.py
[2026-06-07T17:16:24.281+0000] {processor.py:829} INFO - Processing file /home/airflow/.local/lib/python3.8/site-packages/airflow/example_dags/example_xcomargs.py for tasks to queue
[2026-06-07T17:16:24.290+0000] {logging_mixin.py:154} INFO - [2026-06-07T17:16:24.289+0000] {dagbag.py:536} INFO - Filling up the DagBag from /home/airflow/.local/lib/python3.8/site-packages/airflow/example_dags/example_xcomargs.py
[2026-06-07T17:16:24.359+0000] {processor.py:839} INFO - DAG(s) dict_keys(['example_xcom_args', 'example_xcom_args_with_operators']) retrieved from /home/airflow/.local/lib/python3.8/site-packages/airflow/example_dags/example_xcomargs.py
[2026-06-07T17:16:24.509+0000] {logging_mixin.py:154} INFO - [2026-06-07T17:16:24.509+0000] {dag.py:2941} INFO - Sync 2 DAGs
[2026-06-07T17:16:24.543+0000] {logging_mixin.py:154} INFO - [2026-06-07T17:16:24.543+0000] {dag.py:3722} INFO - Setting next_dagrun for example_xcom_args to None, run_after=None
[2026-06-07T17:16:24.561+0000] {logging_mixin.py:154} INFO - [2026-06-07T17:16:24.560+0000] {dag.py:3722} INFO - Setting next_dagrun for example_xcom_args_with_operators to None, run_after=None
[2026-06-07T17:16:24.602+0000] {processor.py:179} INFO - Processing /home/airflow/.local/lib/python3.8/site-packages/airflow/example_dags/example_xcomargs.py took 0.354 seconds
[2026-06-07T17:16:55.594+0000] {processor.py:157} INFO - Started process (PID=1198) to work on /home/airflow/.local/lib/python3.8/site-packages/airflow/example_dags/example_xcomargs.py
[2026-06-07T17:16:55.595+0000] {processor.py:829} INFO - Processing file /home/airflow/.local/lib/python3.8/site-packages/airflow/example_dags/example_xcomargs.py for tasks to queue
[2026-06-07T17:16:55.603+0000] {logging_mixin.py:154} INFO - [2026-06-07T17:16:55.603+0000] {dagbag.py:536} INFO - Filling up the DagBag from /home/airflow/.local/lib/python3.8/site-packages/airflow/example_dags/example_xcomargs.py
[2026-06-07T17:16:55.628+0000] {processor.py:839} INFO - DAG(s) dict_keys(['example_xcom_args_with_operators', 'example_xcom_args']) retrieved from /home/airflow/.local/lib/python3.8/site-packages/airflow/example_dags/example_xcomargs.py
[2026-06-07T17:16:55.668+0000] {logging_mixin.py:154} INFO - [2026-06-07T17:16:55.668+0000] {dag.py:2941} INFO - Sync 2 DAGs
[2026-06-07T17:16:55.690+0000] {logging_mixin.py:154} INFO - [2026-06-07T17:16:55.689+0000] {dag.py:3722} INFO - Setting next_dagrun for example_xcom_args to None, run_after=None
[2026-06-07T17:16:55.695+0000] {logging_mixin.py:154} INFO - [2026-06-07T17:16:55.695+0000] {dag.py:3722} INFO - Setting next_dagrun for example_xcom_args_with_operators to None, run_after=None
[2026-06-07T17:16:55.738+0000] {processor.py:179} INFO - Processing /home/airflow/.local/lib/python3.8/site-packages/airflow/example_dags/example_xcomargs.py took 0.149 seconds
[2026-06-07T17:17:26.245+0000] {processor.py:157} INFO - Started process (PID=1254) to work on /home/airflow/.local/lib/python3.8/site-packages/airflow/example_dags/example_xcomargs.py
[2026-06-07T17:17:26.247+0000] {processor.py:829} INFO - Processing file /home/airflow/.local/lib/python3.8/site-packages/airflow/example_dags/example_xcomargs.py for tasks to queue
[2026-06-07T17:17:26.250+0000] {logging_mixin.py:154} INFO - [2026-06-07T17:17:26.249+0000] {dagbag.py:536} INFO - Filling up the DagBag from /home/airflow/.local/lib/python3.8/site-packages/airflow/example_dags/example_xcomargs.py
[2026-06-07T17:17:26.262+0000] {processor.py:839} INFO - DAG(s) dict_keys(['example_xcom_args_with_operators', 'example_xcom_args']) retrieved from /home/airflow/.local/lib/python3.8/site-packages/airflow/example_dags/example_xcomargs.py
[2026-06-07T17:17:26.297+0000] {logging_mixin.py:154} INFO - [2026-06-07T17:17:26.296+0000] {dag.py:2941} INFO - Sync 2 DAGs
[2026-06-07T17:17:26.317+0000] {logging_mixin.py:154} INFO - [2026-06-07T17:17:26.316+0000] {dag.py:3722} INFO - Setting next_dagrun for example_xcom_args to None, run_after=None
[2026-06-07T17:17:26.321+0000] {logging_mixin.py:154} INFO - [2026-06-07T17:17:26.321+0000] {dag.py:3722} INFO - Setting next_dagrun for example_xcom_args_with_operators to None, run_after=None
[2026-06-07T17:17:26.344+0000] {processor.py:179} INFO - Processing /home/airflow/.local/lib/python3.8/site-packages/airflow/example_dags/example_xcomargs.py took 0.104 seconds
[2026-06-07T17:17:56.429+0000] {processor.py:157} INFO - Started process (PID=1309) to work on /home/airflow/.local/lib/python3.8/site-packages/airflow/example_dags/example_xcomargs.py
[2026-06-07T17:17:56.430+0000] {processor.py:829} INFO - Processing file /home/airflow/.local/lib/python3.8/site-packages/airflow/example_dags/example_xcomargs.py for tasks to queue
[2026-06-07T17:17:56.436+0000] {logging_mixin.py:154} INFO - [2026-06-07T17:17:56.436+0000] {dagbag.py:536} INFO - Filling up the DagBag from /home/airflow/.local/lib/python3.8/site-packages/airflow/example_dags/example_xcomargs.py
[2026-06-07T17:17:56.448+0000] {processor.py:839} INFO - DAG(s) dict_keys(['example_xcom_args_with_operators', 'example_xcom_args']) retrieved from /home/airflow/.local/lib/python3.8/site-packages/airflow/example_dags/example_xcomargs.py
[2026-06-07T17:17:56.484+0000] {logging_mixin.py:154} INFO - [2026-06-07T17:17:56.483+0000] {dag.py:2941} INFO - Sync 2 DAGs
[2026-06-07T17:17:56.502+0000] {logging_mixin.py:154} INFO - [2026-06-07T17:17:56.502+0000] {dag.py:3722} INFO - Setting next_dagrun for example_xcom_args to None, run_after=None
[2026-06-07T17:17:56.521+0000] {logging_mixin.py:154} INFO - [2026-06-07T17:17:56.521+0000] {dag.py:3722} INFO - Setting next_dagrun for example_xcom_args_with_operators to None, run_after=None
[2026-06-07T17:17:56.595+0000] {processor.py:179} INFO - Processing /home/airflow/.local/lib/python3.8/site-packages/airflow/example_dags/example_xcomargs.py took 0.171 seconds
[2026-06-07T17:18:27.258+0000] {processor.py:157} INFO - Started process (PID=1366) to work on /home/airflow/.local/lib/python3.8/site-packages/airflow/example_dags/example_xcomargs.py
[2026-06-07T17:18:27.273+0000] {processor.py:829} INFO - Processing file /home/airflow/.local/lib/python3.8/site-packages/airflow/example_dags/example_xcomargs.py for tasks to queue
[2026-06-07T17:18:27.277+0000] {logging_mixin.py:154} INFO - [2026-06-07T17:18:27.276+0000] {dagbag.py:536} INFO - Filling up the DagBag from /home/airflow/.local/lib/python3.8/site-packages/airflow/example_dags/example_xcomargs.py
[2026-06-07T17:18:27.290+0000] {processor.py:839} INFO - DAG(s) dict_keys(['example_xcom_args_with_operators', 'example_xcom_args']) retrieved from /home/airflow/.local/lib/python3.8/site-packages/airflow/example_dags/example_xcomargs.py
[2026-06-07T17:18:27.327+0000] {logging_mixin.py:154} INFO - [2026-06-07T17:18:27.327+0000] {dag.py:2941} INFO - Sync 2 DAGs
[2026-06-07T17:18:27.347+0000] {logging_mixin.py:154} INFO - [2026-06-07T17:18:27.347+0000] {dag.py:3722} INFO - Setting next_dagrun for example_xcom_args to None, run_after=None
[2026-06-07T17:18:27.353+0000] {logging_mixin.py:154} INFO - [2026-06-07T17:18:27.352+0000] {dag.py:3722} INFO - Setting next_dagrun for example_xcom_args_with_operators to None, run_after=None
[2026-06-07T17:18:27.377+0000] {processor.py:179} INFO - Processing /home/airflow/.local/lib/python3.8/site-packages/airflow/example_dags/example_xcomargs.py took 0.127 seconds
[2026-06-07T17:18:58.479+0000] {processor.py:157} INFO - Started process (PID=1422) to work on /home/airflow/.local/lib/python3.8/site-packages/airflow/example_dags/example_xcomargs.py
[2026-06-07T17:18:58.480+0000] {processor.py:829} INFO - Processing file /home/airflow/.local/lib/python3.8/site-packages/airflow/example_dags/example_xcomargs.py for tasks to queue
[2026-06-07T17:18:58.483+0000] {logging_mixin.py:154} INFO - [2026-06-07T17:18:58.482+0000] {dagbag.py:536} INFO - Filling up the DagBag from /home/airflow/.local/lib/python3.8/site-packages/airflow/example_dags/example_xcomargs.py
[2026-06-07T17:18:58.496+0000] {processor.py:839} INFO - DAG(s) dict_keys(['example_xcom_args_with_operators', 'example_xcom_args']) retrieved from /home/airflow/.local/lib/python3.8/site-packages/airflow/example_dags/example_xcomargs.py
[2026-06-07T17:18:58.537+0000] {logging_mixin.py:154} INFO - [2026-06-07T17:18:58.537+0000] {dag.py:2941} INFO - Sync 2 DAGs
[2026-06-07T17:18:58.883+0000] {logging_mixin.py:154} INFO - [2026-06-07T17:18:58.882+0000] {dag.py:3722} INFO - Setting next_dagrun for example_xcom_args to None, run_after=None
[2026-06-07T17:18:58.894+0000] {logging_mixin.py:154} INFO - [2026-06-07T17:18:58.894+0000] {dag.py:3722} INFO - Setting next_dagrun for example_xcom_args_with_operators to None, run_after=None
[2026-06-07T17:18:58.969+0000] {processor.py:179} INFO - Processing /home/airflow/.local/lib/python3.8/site-packages/airflow/example_dags/example_xcomargs.py took 0.495 seconds
[2026-06-07T17:19:29.037+0000] {processor.py:157} INFO - Started process (PID=1478) to work on /home/airflow/.local/lib/python3.8/site-packages/airflow/example_dags/example_xcomargs.py
[2026-06-07T17:19:29.040+0000] {processor.py:829} INFO - Processing file /home/airflow/.local/lib/python3.8/site-packages/airflow/example_dags/example_xcomargs.py for tasks to queue
[2026-06-07T17:19:29.043+0000] {logging_mixin.py:154} INFO - [2026-06-07T17:19:29.042+0000] {dagbag.py:536} INFO - Filling up the DagBag from /home/airflow/.local/lib/python3.8/site-packages/airflow/example_dags/example_xcomargs.py
[2026-06-07T17:19:29.060+0000] {processor.py:839} INFO - DAG(s) dict_keys(['example_xcom_args', 'example_xcom_args_with_operators']) retrieved from /home/airflow/.local/lib/python3.8/site-packages/airflow/example_dags/example_xcomargs.py
[2026-06-07T17:19:29.099+0000] {logging_mixin.py:154} INFO - [2026-06-07T17:19:29.099+0000] {dag.py:2941} INFO - Sync 2 DAGs
[2026-06-07T17:19:29.119+0000] {logging_mixin.py:154} INFO - [2026-06-07T17:19:29.118+0000] {dag.py:3722} INFO - Setting next_dagrun for example_xcom_args to None, run_after=None
[2026-06-07T17:19:29.123+0000] {logging_mixin.py:154} INFO - [2026-06-07T17:19:29.123+0000] {dag.py:3722} INFO - Setting next_dagrun for example_xcom_args_with_operators to None, run_after=None
[2026-06-07T17:19:29.144+0000] {processor.py:179} INFO - Processing /home/airflow/.local/lib/python3.8/site-packages/airflow/example_dags/example_xcomargs.py took 0.112 seconds
[2026-06-07T17:20:00.667+0000] {processor.py:157} INFO - Started process (PID=1534) to work on /home/airflow/.local/lib/python3.8/site-packages/airflow/example_dags/example_xcomargs.py
[2026-06-07T17:20:00.668+0000] {processor.py:829} INFO - Processing file /home/airflow/.local/lib/python3.8/site-packages/airflow/example_dags/example_xcomargs.py for tasks to queue
[2026-06-07T17:20:00.671+0000] {logging_mixin.py:154} INFO - [2026-06-07T17:20:00.671+0000] {dagbag.py:536} INFO - Filling up the DagBag from /home/airflow/.local/lib/python3.8/site-packages/airflow/example_dags/example_xcomargs.py
[2026-06-07T17:20:00.683+0000] {processor.py:839} INFO - DAG(s) dict_keys(['example_xcom_args', 'example_xcom_args_with_operators']) retrieved from /home/airflow/.local/lib/python3.8/site-packages/airflow/example_dags/example_xcomargs.py
[2026-06-07T17:20:00.719+0000] {logging_mixin.py:154} INFO - [2026-06-07T17:20:00.719+0000] {dag.py:2941} INFO - Sync 2 DAGs
[2026-06-07T17:20:00.739+0000] {logging_mixin.py:154} INFO - [2026-06-07T17:20:00.738+0000] {dag.py:3722} INFO - Setting next_dagrun for example_xcom_args to None, run_after=None
[2026-06-07T17:20:00.743+0000] {logging_mixin.py:154} INFO - [2026-06-07T17:20:00.743+0000] {dag.py:3722} INFO - Setting next_dagrun for example_xcom_args_with_operators to None, run_after=None
[2026-06-07T17:20:00.776+0000] {processor.py:179} INFO - Processing /home/airflow/.local/lib/python3.8/site-packages/airflow/example_dags/example_xcomargs.py took 0.115 seconds
[2026-06-07T17:20:33.716+0000] {processor.py:157} INFO - Started process (PID=1590) to work on /home/airflow/.local/lib/python3.8/site-packages/airflow/example_dags/example_xcomargs.py
[2026-06-07T17:20:33.727+0000] {processor.py:829} INFO - Processing file /home/airflow/.local/lib/python3.8/site-packages/airflow/example_dags/example_xcomargs.py for tasks to queue
[2026-06-07T17:20:33.734+0000] {logging_mixin.py:154} INFO - [2026-06-07T17:20:33.734+0000] {dagbag.py:536} INFO - Filling up the DagBag from /home/airflow/.local/lib/python3.8/site-packages/airflow/example_dags/example_xcomargs.py
[2026-06-07T17:20:33.766+0000] {processor.py:839} INFO - DAG(s) dict_keys(['example_xcom_args_with_operators', 'example_xcom_args']) retrieved from /home/airflow/.local/lib/python3.8/site-packages/airflow/example_dags/example_xcomargs.py
[2026-06-07T17:20:33.840+0000] {logging_mixin.py:154} INFO - [2026-06-07T17:20:33.840+0000] {dag.py:2941} INFO - Sync 2 DAGs
[2026-06-07T17:20:34.313+0000] {logging_mixin.py:154} INFO - [2026-06-07T17:20:34.313+0000] {dag.py:3722} INFO - Setting next_dagrun for example_xcom_args to None, run_after=None
[2026-06-07T17:20:34.318+0000] {logging_mixin.py:154} INFO - [2026-06-07T17:20:34.318+0000] {dag.py:3722} INFO - Setting next_dagrun for example_xcom_args_with_operators to None, run_after=None
[2026-06-07T17:20:34.358+0000] {processor.py:179} INFO - Processing /home/airflow/.local/lib/python3.8/site-packages/airflow/example_dags/example_xcomargs.py took 0.647 seconds
[2026-06-07T17:26:43.648+0000] {processor.py:157} INFO - Started process (PID=75) to work on /home/airflow/.local/lib/python3.8/site-packages/airflow/example_dags/example_xcomargs.py
[2026-06-07T17:26:43.653+0000] {processor.py:829} INFO - Processing file /home/airflow/.local/lib/python3.8/site-packages/airflow/example_dags/example_xcomargs.py for tasks to queue
[2026-06-07T17:26:43.674+0000] {logging_mixin.py:154} INFO - [2026-06-07T17:26:43.673+0000] {dagbag.py:536} INFO - Filling up the DagBag from /home/airflow/.local/lib/python3.8/site-packages/airflow/example_dags/example_xcomargs.py
[2026-06-07T17:26:43.758+0000] {processor.py:839} INFO - DAG(s) dict_keys(['example_xcom_args_with_operators', 'example_xcom_args']) retrieved from /home/airflow/.local/lib/python3.8/site-packages/airflow/example_dags/example_xcomargs.py
[2026-06-07T17:26:44.035+0000] {logging_mixin.py:154} INFO - [2026-06-07T17:26:44.035+0000] {dag.py:2941} INFO - Sync 2 DAGs
[2026-06-07T17:26:44.110+0000] {logging_mixin.py:154} INFO - [2026-06-07T17:26:44.110+0000] {dag.py:3722} INFO - Setting next_dagrun for example_xcom_args to None, run_after=None
[2026-06-07T17:26:44.124+0000] {logging_mixin.py:154} INFO - [2026-06-07T17:26:44.120+0000] {dag.py:3722} INFO - Setting next_dagrun for example_xcom_args_with_operators to None, run_after=None
[2026-06-07T17:26:44.181+0000] {processor.py:179} INFO - Processing /home/airflow/.local/lib/python3.8/site-packages/airflow/example_dags/example_xcomargs.py took 0.555 seconds
[2026-06-07T17:27:15.212+0000] {processor.py:157} INFO - Started process (PID=138) to work on /home/airflow/.local/lib/python3.8/site-packages/airflow/example_dags/example_xcomargs.py
[2026-06-07T17:27:15.223+0000] {processor.py:829} INFO - Processing file /home/airflow/.local/lib/python3.8/site-packages/airflow/example_dags/example_xcomargs.py for tasks to queue
[2026-06-07T17:27:15.233+0000] {logging_mixin.py:154} INFO - [2026-06-07T17:27:15.232+0000] {dagbag.py:536} INFO - Filling up the DagBag from /home/airflow/.local/lib/python3.8/site-packages/airflow/example_dags/example_xcomargs.py
[2026-06-07T17:27:15.256+0000] {processor.py:839} INFO - DAG(s) dict_keys(['example_xcom_args_with_operators', 'example_xcom_args']) retrieved from /home/airflow/.local/lib/python3.8/site-packages/airflow/example_dags/example_xcomargs.py
[2026-06-07T17:27:15.326+0000] {logging_mixin.py:154} INFO - [2026-06-07T17:27:15.326+0000] {dag.py:2941} INFO - Sync 2 DAGs
[2026-06-07T17:27:15.392+0000] {logging_mixin.py:154} INFO - [2026-06-07T17:27:15.392+0000] {dag.py:3722} INFO - Setting next_dagrun for example_xcom_args to None, run_after=None
[2026-06-07T17:27:15.399+0000] {logging_mixin.py:154} INFO - [2026-06-07T17:27:15.399+0000] {dag.py:3722} INFO - Setting next_dagrun for example_xcom_args_with_operators to None, run_after=None
[2026-06-07T17:27:15.470+0000] {processor.py:179} INFO - Processing /home/airflow/.local/lib/python3.8/site-packages/airflow/example_dags/example_xcomargs.py took 0.265 seconds
[2026-06-07T17:27:47.749+0000] {processor.py:157} INFO - Started process (PID=193) to work on /home/airflow/.local/lib/python3.8/site-packages/airflow/example_dags/example_xcomargs.py
[2026-06-07T17:27:47.777+0000] {processor.py:829} INFO - Processing file /home/airflow/.local/lib/python3.8/site-packages/airflow/example_dags/example_xcomargs.py for tasks to queue
[2026-06-07T17:27:47.788+0000] {logging_mixin.py:154} INFO - [2026-06-07T17:27:47.787+0000] {dagbag.py:536} INFO - Filling up the DagBag from /home/airflow/.local/lib/python3.8/site-packages/airflow/example_dags/example_xcomargs.py
[2026-06-07T17:27:47.856+0000] {processor.py:839} INFO - DAG(s) dict_keys(['example_xcom_args', 'example_xcom_args_with_operators']) retrieved from /home/airflow/.local/lib/python3.8/site-packages/airflow/example_dags/example_xcomargs.py
[2026-06-07T17:27:48.069+0000] {logging_mixin.py:154} INFO - [2026-06-07T17:27:48.069+0000] {dag.py:2941} INFO - Sync 2 DAGs
[2026-06-07T17:27:48.204+0000] {logging_mixin.py:154} INFO - [2026-06-07T17:27:48.203+0000] {dag.py:3722} INFO - Setting next_dagrun for example_xcom_args to None, run_after=None
[2026-06-07T17:27:48.245+0000] {logging_mixin.py:154} INFO - [2026-06-07T17:27:48.244+0000] {dag.py:3722} INFO - Setting next_dagrun for example_xcom_args_with_operators to None, run_after=None
[2026-06-07T17:27:48.494+0000] {processor.py:179} INFO - Processing /home/airflow/.local/lib/python3.8/site-packages/airflow/example_dags/example_xcomargs.py took 0.807 seconds
[2026-06-07T17:39:30.639+0000] {processor.py:157} INFO - Started process (PID=251) to work on /home/airflow/.local/lib/python3.8/site-packages/airflow/example_dags/example_xcomargs.py
[2026-06-07T17:39:30.645+0000] {processor.py:829} INFO - Processing file /home/airflow/.local/lib/python3.8/site-packages/airflow/example_dags/example_xcomargs.py for tasks to queue
[2026-06-07T17:39:30.646+0000] {logging_mixin.py:154} INFO - [2026-06-07T17:39:30.646+0000] {dagbag.py:536} INFO - Filling up the DagBag from /home/airflow/.local/lib/python3.8/site-packages/airflow/example_dags/example_xcomargs.py
[2026-06-07T17:39:30.751+0000] {processor.py:839} INFO - DAG(s) dict_keys(['example_xcom_args_with_operators', 'example_xcom_args']) retrieved from /home/airflow/.local/lib/python3.8/site-packages/airflow/example_dags/example_xcomargs.py
[2026-06-07T17:39:30.961+0000] {logging_mixin.py:154} INFO - [2026-06-07T17:39:30.961+0000] {dag.py:2941} INFO - Sync 2 DAGs
[2026-06-07T17:39:31.047+0000] {logging_mixin.py:154} INFO - [2026-06-07T17:39:31.046+0000] {dag.py:3722} INFO - Setting next_dagrun for example_xcom_args to None, run_after=None
[2026-06-07T17:39:31.063+0000] {logging_mixin.py:154} INFO - [2026-06-07T17:39:31.063+0000] {dag.py:3722} INFO - Setting next_dagrun for example_xcom_args_with_operators to None, run_after=None
[2026-06-07T17:39:31.102+0000] {processor.py:179} INFO - Processing /home/airflow/.local/lib/python3.8/site-packages/airflow/example_dags/example_xcomargs.py took 0.503 seconds
[2026-06-07T17:40:02.525+0000] {processor.py:157} INFO - Started process (PID=307) to work on /home/airflow/.local/lib/python3.8/site-packages/airflow/example_dags/example_xcomargs.py
[2026-06-07T17:40:02.533+0000] {processor.py:829} INFO - Processing file /home/airflow/.local/lib/python3.8/site-packages/airflow/example_dags/example_xcomargs.py for tasks to queue
[2026-06-07T17:40:02.535+0000] {logging_mixin.py:154} INFO - [2026-06-07T17:40:02.534+0000] {dagbag.py:536} INFO - Filling up the DagBag from /home/airflow/.local/lib/python3.8/site-packages/airflow/example_dags/example_xcomargs.py
[2026-06-07T17:40:02.575+0000] {processor.py:839} INFO - DAG(s) dict_keys(['example_xcom_args_with_operators', 'example_xcom_args']) retrieved from /home/airflow/.local/lib/python3.8/site-packages/airflow/example_dags/example_xcomargs.py
[2026-06-07T17:40:02.694+0000] {logging_mixin.py:154} INFO - [2026-06-07T17:40:02.694+0000] {dag.py:2941} INFO - Sync 2 DAGs
[2026-06-07T17:40:02.772+0000] {logging_mixin.py:154} INFO - [2026-06-07T17:40:02.771+0000] {dag.py:3722} INFO - Setting next_dagrun for example_xcom_args to None, run_after=None
[2026-06-07T17:40:02.794+0000] {logging_mixin.py:154} INFO - [2026-06-07T17:40:02.793+0000] {dag.py:3722} INFO - Setting next_dagrun for example_xcom_args_with_operators to None, run_after=None
[2026-06-07T17:40:02.895+0000] {processor.py:179} INFO - Processing /home/airflow/.local/lib/python3.8/site-packages/airflow/example_dags/example_xcomargs.py took 0.399 seconds
[2026-06-07T17:40:34.045+0000] {processor.py:157} INFO - Started process (PID=362) to work on /home/airflow/.local/lib/python3.8/site-packages/airflow/example_dags/example_xcomargs.py
[2026-06-07T17:40:34.048+0000] {processor.py:829} INFO - Processing file /home/airflow/.local/lib/python3.8/site-packages/airflow/example_dags/example_xcomargs.py for tasks to queue
[2026-06-07T17:40:34.049+0000] {logging_mixin.py:154} INFO - [2026-06-07T17:40:34.049+0000] {dagbag.py:536} INFO - Filling up the DagBag from /home/airflow/.local/lib/python3.8/site-packages/airflow/example_dags/example_xcomargs.py
[2026-06-07T17:40:34.079+0000] {processor.py:839} INFO - DAG(s) dict_keys(['example_xcom_args_with_operators', 'example_xcom_args']) retrieved from /home/airflow/.local/lib/python3.8/site-packages/airflow/example_dags/example_xcomargs.py
[2026-06-07T17:40:34.193+0000] {logging_mixin.py:154} INFO - [2026-06-07T17:40:34.193+0000] {dag.py:2941} INFO - Sync 2 DAGs
[2026-06-07T17:40:34.236+0000] {logging_mixin.py:154} INFO - [2026-06-07T17:40:34.235+0000] {dag.py:3722} INFO - Setting next_dagrun for example_xcom_args to None, run_after=None
[2026-06-07T17:40:34.250+0000] {logging_mixin.py:154} INFO - [2026-06-07T17:40:34.249+0000] {dag.py:3722} INFO - Setting next_dagrun for example_xcom_args_with_operators to None, run_after=None
[2026-06-07T17:40:34.320+0000] {processor.py:179} INFO - Processing /home/airflow/.local/lib/python3.8/site-packages/airflow/example_dags/example_xcomargs.py took 0.292 seconds
[2026-06-07T17:41:04.688+0000] {processor.py:157} INFO - Started process (PID=417) to work on /home/airflow/.local/lib/python3.8/site-packages/airflow/example_dags/example_xcomargs.py
[2026-06-07T17:41:04.692+0000] {processor.py:829} INFO - Processing file /home/airflow/.local/lib/python3.8/site-packages/airflow/example_dags/example_xcomargs.py for tasks to queue
[2026-06-07T17:41:04.693+0000] {logging_mixin.py:154} INFO - [2026-06-07T17:41:04.693+0000] {dagbag.py:536} INFO - Filling up the DagBag from /home/airflow/.local/lib/python3.8/site-packages/airflow/example_dags/example_xcomargs.py
[2026-06-07T17:41:04.714+0000] {processor.py:839} INFO - DAG(s) dict_keys(['example_xcom_args', 'example_xcom_args_with_operators']) retrieved from /home/airflow/.local/lib/python3.8/site-packages/airflow/example_dags/example_xcomargs.py
[2026-06-07T17:41:04.789+0000] {logging_mixin.py:154} INFO - [2026-06-07T17:41:04.789+0000] {dag.py:2941} INFO - Sync 2 DAGs
[2026-06-07T17:41:04.815+0000] {logging_mixin.py:154} INFO - [2026-06-07T17:41:04.815+0000] {dag.py:3722} INFO - Setting next_dagrun for example_xcom_args to None, run_after=None
[2026-06-07T17:41:04.821+0000] {logging_mixin.py:154} INFO - [2026-06-07T17:41:04.821+0000] {dag.py:3722} INFO - Setting next_dagrun for example_xcom_args_with_operators to None, run_after=None
[2026-06-07T17:41:04.854+0000] {processor.py:179} INFO - Processing /home/airflow/.local/lib/python3.8/site-packages/airflow/example_dags/example_xcomargs.py took 0.176 seconds
[2026-06-07T17:41:34.900+0000] {processor.py:157} INFO - Started process (PID=473) to work on /home/airflow/.local/lib/python3.8/site-packages/airflow/example_dags/example_xcomargs.py
[2026-06-07T17:41:34.902+0000] {processor.py:829} INFO - Processing file /home/airflow/.local/lib/python3.8/site-packages/airflow/example_dags/example_xcomargs.py for tasks to queue
[2026-06-07T17:41:34.903+0000] {logging_mixin.py:154} INFO - [2026-06-07T17:41:34.903+0000] {dagbag.py:536} INFO - Filling up the DagBag from /home/airflow/.local/lib/python3.8/site-packages/airflow/example_dags/example_xcomargs.py
[2026-06-07T17:41:34.916+0000] {processor.py:839} INFO - DAG(s) dict_keys(['example_xcom_args_with_operators', 'example_xcom_args']) retrieved from /home/airflow/.local/lib/python3.8/site-packages/airflow/example_dags/example_xcomargs.py
[2026-06-07T17:41:34.943+0000] {logging_mixin.py:154} INFO - [2026-06-07T17:41:34.943+0000] {dag.py:2941} INFO - Sync 2 DAGs
[2026-06-07T17:41:34.958+0000] {logging_mixin.py:154} INFO - [2026-06-07T17:41:34.958+0000] {dag.py:3722} INFO - Setting next_dagrun for example_xcom_args to None, run_after=None
[2026-06-07T17:41:34.962+0000] {logging_mixin.py:154} INFO - [2026-06-07T17:41:34.962+0000] {dag.py:3722} INFO - Setting next_dagrun for example_xcom_args_with_operators to None, run_after=None
[2026-06-07T17:41:34.982+0000] {processor.py:179} INFO - Processing /home/airflow/.local/lib/python3.8/site-packages/airflow/example_dags/example_xcomargs.py took 0.090 seconds
[2026-06-07T17:42:05.334+0000] {processor.py:157} INFO - Started process (PID=529) to work on /home/airflow/.local/lib/python3.8/site-packages/airflow/example_dags/example_xcomargs.py
[2026-06-07T17:42:05.340+0000] {processor.py:829} INFO - Processing file /home/airflow/.local/lib/python3.8/site-packages/airflow/example_dags/example_xcomargs.py for tasks to queue
[2026-06-07T17:42:05.341+0000] {logging_mixin.py:154} INFO - [2026-06-07T17:42:05.341+0000] {dagbag.py:536} INFO - Filling up the DagBag from /home/airflow/.local/lib/python3.8/site-packages/airflow/example_dags/example_xcomargs.py
[2026-06-07T17:42:05.356+0000] {processor.py:839} INFO - DAG(s) dict_keys(['example_xcom_args_with_operators', 'example_xcom_args']) retrieved from /home/airflow/.local/lib/python3.8/site-packages/airflow/example_dags/example_xcomargs.py
[2026-06-07T17:42:05.393+0000] {logging_mixin.py:154} INFO - [2026-06-07T17:42:05.392+0000] {dag.py:2941} INFO - Sync 2 DAGs
[2026-06-07T17:42:05.408+0000] {logging_mixin.py:154} INFO - [2026-06-07T17:42:05.408+0000] {dag.py:3722} INFO - Setting next_dagrun for example_xcom_args to None, run_after=None
[2026-06-07T17:42:05.413+0000] {logging_mixin.py:154} INFO - [2026-06-07T17:42:05.412+0000] {dag.py:3722} INFO - Setting next_dagrun for example_xcom_args_with_operators to None, run_after=None
[2026-06-07T17:42:05.433+0000] {processor.py:179} INFO - Processing /home/airflow/.local/lib/python3.8/site-packages/airflow/example_dags/example_xcomargs.py took 0.109 seconds
[2026-06-07T17:42:39.203+0000] {processor.py:157} INFO - Started process (PID=585) to work on /home/airflow/.local/lib/python3.8/site-packages/airflow/example_dags/example_xcomargs.py
[2026-06-07T17:42:39.229+0000] {processor.py:829} INFO - Processing file /home/airflow/.local/lib/python3.8/site-packages/airflow/example_dags/example_xcomargs.py for tasks to queue
[2026-06-07T17:42:39.244+0000] {logging_mixin.py:154} INFO - [2026-06-07T17:42:39.234+0000] {dagbag.py:536} INFO - Filling up the DagBag from /home/airflow/.local/lib/python3.8/site-packages/airflow/example_dags/example_xcomargs.py
[2026-06-07T17:42:39.350+0000] {processor.py:839} INFO - DAG(s) dict_keys(['example_xcom_args', 'example_xcom_args_with_operators']) retrieved from /home/airflow/.local/lib/python3.8/site-packages/airflow/example_dags/example_xcomargs.py
[2026-06-07T17:42:39.542+0000] {logging_mixin.py:154} INFO - [2026-06-07T17:42:39.539+0000] {dag.py:2941} INFO - Sync 2 DAGs
[2026-06-07T17:42:39.648+0000] {logging_mixin.py:154} INFO - [2026-06-07T17:42:39.648+0000] {dag.py:3722} INFO - Setting next_dagrun for example_xcom_args to None, run_after=None
[2026-06-07T17:42:39.666+0000] {logging_mixin.py:154} INFO - [2026-06-07T17:42:39.666+0000] {dag.py:3722} INFO - Setting next_dagrun for example_xcom_args_with_operators to None, run_after=None
[2026-06-07T17:42:39.805+0000] {processor.py:179} INFO - Processing /home/airflow/.local/lib/python3.8/site-packages/airflow/example_dags/example_xcomargs.py took 0.642 seconds
[2026-06-07T17:43:09.930+0000] {processor.py:157} INFO - Started process (PID=641) to work on /home/airflow/.local/lib/python3.8/site-packages/airflow/example_dags/example_xcomargs.py
[2026-06-07T17:43:09.932+0000] {processor.py:829} INFO - Processing file /home/airflow/.local/lib/python3.8/site-packages/airflow/example_dags/example_xcomargs.py for tasks to queue
[2026-06-07T17:43:09.933+0000] {logging_mixin.py:154} INFO - [2026-06-07T17:43:09.933+0000] {dagbag.py:536} INFO - Filling up the DagBag from /home/airflow/.local/lib/python3.8/site-packages/airflow/example_dags/example_xcomargs.py
[2026-06-07T17:43:09.946+0000] {processor.py:839} INFO - DAG(s) dict_keys(['example_xcom_args', 'example_xcom_args_with_operators']) retrieved from /home/airflow/.local/lib/python3.8/site-packages/airflow/example_dags/example_xcomargs.py
[2026-06-07T17:43:10.004+0000] {logging_mixin.py:154} INFO - [2026-06-07T17:43:10.003+0000] {dag.py:2941} INFO - Sync 2 DAGs
[2026-06-07T17:43:10.025+0000] {logging_mixin.py:154} INFO - [2026-06-07T17:43:10.025+0000] {dag.py:3722} INFO - Setting next_dagrun for example_xcom_args to None, run_after=None
[2026-06-07T17:43:10.030+0000] {logging_mixin.py:154} INFO - [2026-06-07T17:43:10.030+0000] {dag.py:3722} INFO - Setting next_dagrun for example_xcom_args_with_operators to None, run_after=None
[2026-06-07T17:43:10.050+0000] {processor.py:179} INFO - Processing /home/airflow/.local/lib/python3.8/site-packages/airflow/example_dags/example_xcomargs.py took 0.125 seconds
[2026-06-07T17:43:40.612+0000] {processor.py:157} INFO - Started process (PID=696) to work on /home/airflow/.local/lib/python3.8/site-packages/airflow/example_dags/example_xcomargs.py
[2026-06-07T17:43:40.615+0000] {processor.py:829} INFO - Processing file /home/airflow/.local/lib/python3.8/site-packages/airflow/example_dags/example_xcomargs.py for tasks to queue
[2026-06-07T17:43:40.616+0000] {logging_mixin.py:154} INFO - [2026-06-07T17:43:40.616+0000] {dagbag.py:536} INFO - Filling up the DagBag from /home/airflow/.local/lib/python3.8/site-packages/airflow/example_dags/example_xcomargs.py
[2026-06-07T17:43:40.629+0000] {processor.py:839} INFO - DAG(s) dict_keys(['example_xcom_args', 'example_xcom_args_with_operators']) retrieved from /home/airflow/.local/lib/python3.8/site-packages/airflow/example_dags/example_xcomargs.py
[2026-06-07T17:43:40.665+0000] {logging_mixin.py:154} INFO - [2026-06-07T17:43:40.665+0000] {dag.py:2941} INFO - Sync 2 DAGs
[2026-06-07T17:43:40.685+0000] {logging_mixin.py:154} INFO - [2026-06-07T17:43:40.684+0000] {dag.py:3722} INFO - Setting next_dagrun for example_xcom_args to None, run_after=None
[2026-06-07T17:43:40.690+0000] {logging_mixin.py:154} INFO - [2026-06-07T17:43:40.690+0000] {dag.py:3722} INFO - Setting next_dagrun for example_xcom_args_with_operators to None, run_after=None
[2026-06-07T17:43:40.712+0000] {processor.py:179} INFO - Processing /home/airflow/.local/lib/python3.8/site-packages/airflow/example_dags/example_xcomargs.py took 0.105 seconds
[2026-06-07T17:44:11.372+0000] {processor.py:157} INFO - Started process (PID=751) to work on /home/airflow/.local/lib/python3.8/site-packages/airflow/example_dags/example_xcomargs.py
[2026-06-07T17:44:11.379+0000] {processor.py:829} INFO - Processing file /home/airflow/.local/lib/python3.8/site-packages/airflow/example_dags/example_xcomargs.py for tasks to queue
[2026-06-07T17:44:11.380+0000] {logging_mixin.py:154} INFO - [2026-06-07T17:44:11.380+0000] {dagbag.py:536} INFO - Filling up the DagBag from /home/airflow/.local/lib/python3.8/site-packages/airflow/example_dags/example_xcomargs.py
[2026-06-07T17:44:11.399+0000] {processor.py:839} INFO - DAG(s) dict_keys(['example_xcom_args_with_operators', 'example_xcom_args']) retrieved from /home/airflow/.local/lib/python3.8/site-packages/airflow/example_dags/example_xcomargs.py
[2026-06-07T17:44:11.429+0000] {logging_mixin.py:154} INFO - [2026-06-07T17:44:11.428+0000] {dag.py:2941} INFO - Sync 2 DAGs
[2026-06-07T17:44:11.445+0000] {logging_mixin.py:154} INFO - [2026-06-07T17:44:11.445+0000] {dag.py:3722} INFO - Setting next_dagrun for example_xcom_args to None, run_after=None
[2026-06-07T17:44:11.449+0000] {logging_mixin.py:154} INFO - [2026-06-07T17:44:11.449+0000] {dag.py:3722} INFO - Setting next_dagrun for example_xcom_args_with_operators to None, run_after=None
[2026-06-07T17:44:11.470+0000] {processor.py:179} INFO - Processing /home/airflow/.local/lib/python3.8/site-packages/airflow/example_dags/example_xcomargs.py took 0.102 seconds
[2026-06-07T17:44:41.679+0000] {processor.py:157} INFO - Started process (PID=806) to work on /home/airflow/.local/lib/python3.8/site-packages/airflow/example_dags/example_xcomargs.py
[2026-06-07T17:44:41.764+0000] {processor.py:829} INFO - Processing file /home/airflow/.local/lib/python3.8/site-packages/airflow/example_dags/example_xcomargs.py for tasks to queue
[2026-06-07T17:44:41.766+0000] {logging_mixin.py:154} INFO - [2026-06-07T17:44:41.765+0000] {dagbag.py:536} INFO - Filling up the DagBag from /home/airflow/.local/lib/python3.8/site-packages/airflow/example_dags/example_xcomargs.py
[2026-06-07T17:44:41.813+0000] {processor.py:839} INFO - DAG(s) dict_keys(['example_xcom_args', 'example_xcom_args_with_operators']) retrieved from /home/airflow/.local/lib/python3.8/site-packages/airflow/example_dags/example_xcomargs.py
[2026-06-07T17:44:42.045+0000] {logging_mixin.py:154} INFO - [2026-06-07T17:44:42.045+0000] {dag.py:2941} INFO - Sync 2 DAGs
[2026-06-07T17:44:42.124+0000] {logging_mixin.py:154} INFO - [2026-06-07T17:44:42.124+0000] {dag.py:3722} INFO - Setting next_dagrun for example_xcom_args to None, run_after=None
[2026-06-07T17:44:42.198+0000] {logging_mixin.py:154} INFO - [2026-06-07T17:44:42.197+0000] {dag.py:3722} INFO - Setting next_dagrun for example_xcom_args_with_operators to None, run_after=None
[2026-06-07T17:44:42.379+0000] {processor.py:179} INFO - Processing /home/airflow/.local/lib/python3.8/site-packages/airflow/example_dags/example_xcomargs.py took 0.731 seconds
[2026-06-07T17:45:13.655+0000] {processor.py:157} INFO - Started process (PID=861) to work on /home/airflow/.local/lib/python3.8/site-packages/airflow/example_dags/example_xcomargs.py
[2026-06-07T17:45:13.656+0000] {processor.py:829} INFO - Processing file /home/airflow/.local/lib/python3.8/site-packages/airflow/example_dags/example_xcomargs.py for tasks to queue
[2026-06-07T17:45:13.670+0000] {logging_mixin.py:154} INFO - [2026-06-07T17:45:13.670+0000] {dagbag.py:536} INFO - Filling up the DagBag from /home/airflow/.local/lib/python3.8/site-packages/airflow/example_dags/example_xcomargs.py
[2026-06-07T17:45:13.743+0000] {processor.py:839} INFO - DAG(s) dict_keys(['example_xcom_args', 'example_xcom_args_with_operators']) retrieved from /home/airflow/.local/lib/python3.8/site-packages/airflow/example_dags/example_xcomargs.py
[2026-06-07T17:45:13.944+0000] {logging_mixin.py:154} INFO - [2026-06-07T17:45:13.944+0000] {dag.py:2941} INFO - Sync 2 DAGs
[2026-06-07T17:45:14.013+0000] {logging_mixin.py:154} INFO - [2026-06-07T17:45:14.012+0000] {dag.py:3722} INFO - Setting next_dagrun for example_xcom_args to None, run_after=None
[2026-06-07T17:45:14.045+0000] {logging_mixin.py:154} INFO - [2026-06-07T17:45:14.045+0000] {dag.py:3722} INFO - Setting next_dagrun for example_xcom_args_with_operators to None, run_after=None
[2026-06-07T17:45:14.195+0000] {processor.py:179} INFO - Processing /home/airflow/.local/lib/python3.8/site-packages/airflow/example_dags/example_xcomargs.py took 0.553 seconds
[2026-06-07T17:45:44.910+0000] {processor.py:157} INFO - Started process (PID=917) to work on /home/airflow/.local/lib/python3.8/site-packages/airflow/example_dags/example_xcomargs.py
[2026-06-07T17:45:44.914+0000] {processor.py:829} INFO - Processing file /home/airflow/.local/lib/python3.8/site-packages/airflow/example_dags/example_xcomargs.py for tasks to queue
[2026-06-07T17:45:44.915+0000] {logging_mixin.py:154} INFO - [2026-06-07T17:45:44.914+0000] {dagbag.py:536} INFO - Filling up the DagBag from /home/airflow/.local/lib/python3.8/site-packages/airflow/example_dags/example_xcomargs.py
[2026-06-07T17:45:44.927+0000] {processor.py:839} INFO - DAG(s) dict_keys(['example_xcom_args_with_operators', 'example_xcom_args']) retrieved from /home/airflow/.local/lib/python3.8/site-packages/airflow/example_dags/example_xcomargs.py
[2026-06-07T17:45:44.964+0000] {logging_mixin.py:154} INFO - [2026-06-07T17:45:44.963+0000] {dag.py:2941} INFO - Sync 2 DAGs
[2026-06-07T17:45:44.984+0000] {logging_mixin.py:154} INFO - [2026-06-07T17:45:44.984+0000] {dag.py:3722} INFO - Setting next_dagrun for example_xcom_args to None, run_after=None
[2026-06-07T17:45:44.990+0000] {logging_mixin.py:154} INFO - [2026-06-07T17:45:44.989+0000] {dag.py:3722} INFO - Setting next_dagrun for example_xcom_args_with_operators to None, run_after=None
[2026-06-07T17:45:45.035+0000] {processor.py:179} INFO - Processing /home/airflow/.local/lib/python3.8/site-packages/airflow/example_dags/example_xcomargs.py took 0.130 seconds
[2026-06-07T17:46:15.766+0000] {processor.py:157} INFO - Started process (PID=973) to work on /home/airflow/.local/lib/python3.8/site-packages/airflow/example_dags/example_xcomargs.py
[2026-06-07T17:46:15.772+0000] {processor.py:829} INFO - Processing file /home/airflow/.local/lib/python3.8/site-packages/airflow/example_dags/example_xcomargs.py for tasks to queue
[2026-06-07T17:46:15.773+0000] {logging_mixin.py:154} INFO - [2026-06-07T17:46:15.772+0000] {dagbag.py:536} INFO - Filling up the DagBag from /home/airflow/.local/lib/python3.8/site-packages/airflow/example_dags/example_xcomargs.py
[2026-06-07T17:46:15.804+0000] {processor.py:839} INFO - DAG(s) dict_keys(['example_xcom_args_with_operators', 'example_xcom_args']) retrieved from /home/airflow/.local/lib/python3.8/site-packages/airflow/example_dags/example_xcomargs.py
[2026-06-07T17:46:15.928+0000] {logging_mixin.py:154} INFO - [2026-06-07T17:46:15.922+0000] {dag.py:2941} INFO - Sync 2 DAGs
[2026-06-07T17:46:15.970+0000] {logging_mixin.py:154} INFO - [2026-06-07T17:46:15.970+0000] {dag.py:3722} INFO - Setting next_dagrun for example_xcom_args to None, run_after=None
[2026-06-07T17:46:15.991+0000] {logging_mixin.py:154} INFO - [2026-06-07T17:46:15.991+0000] {dag.py:3722} INFO - Setting next_dagrun for example_xcom_args_with_operators to None, run_after=None
[2026-06-07T17:46:16.045+0000] {processor.py:179} INFO - Processing /home/airflow/.local/lib/python3.8/site-packages/airflow/example_dags/example_xcomargs.py took 0.293 seconds
[2026-06-07T17:46:47.212+0000] {processor.py:157} INFO - Started process (PID=1035) to work on /home/airflow/.local/lib/python3.8/site-packages/airflow/example_dags/example_xcomargs.py
[2026-06-07T17:46:47.214+0000] {processor.py:829} INFO - Processing file /home/airflow/.local/lib/python3.8/site-packages/airflow/example_dags/example_xcomargs.py for tasks to queue
[2026-06-07T17:46:47.216+0000] {logging_mixin.py:154} INFO - [2026-06-07T17:46:47.215+0000] {dagbag.py:536} INFO - Filling up the DagBag from /home/airflow/.local/lib/python3.8/site-packages/airflow/example_dags/example_xcomargs.py
[2026-06-07T17:46:47.269+0000] {processor.py:839} INFO - DAG(s) dict_keys(['example_xcom_args', 'example_xcom_args_with_operators']) retrieved from /home/airflow/.local/lib/python3.8/site-packages/airflow/example_dags/example_xcomargs.py
[2026-06-07T17:46:47.457+0000] {logging_mixin.py:154} INFO - [2026-06-07T17:46:47.457+0000] {dag.py:2941} INFO - Sync 2 DAGs
[2026-06-07T17:46:47.487+0000] {logging_mixin.py:154} INFO - [2026-06-07T17:46:47.486+0000] {dag.py:3722} INFO - Setting next_dagrun for example_xcom_args to None, run_after=None
[2026-06-07T17:46:47.497+0000] {logging_mixin.py:154} INFO - [2026-06-07T17:46:47.497+0000] {dag.py:3722} INFO - Setting next_dagrun for example_xcom_args_with_operators to None, run_after=None
[2026-06-07T17:46:47.550+0000] {processor.py:179} INFO - Processing /home/airflow/.local/lib/python3.8/site-packages/airflow/example_dags/example_xcomargs.py took 0.353 seconds
[2026-06-07T17:47:24.978+0000] {processor.py:157} INFO - Started process (PID=1092) to work on /home/airflow/.local/lib/python3.8/site-packages/airflow/example_dags/example_xcomargs.py
[2026-06-07T17:47:24.993+0000] {processor.py:829} INFO - Processing file /home/airflow/.local/lib/python3.8/site-packages/airflow/example_dags/example_xcomargs.py for tasks to queue
[2026-06-07T17:47:24.994+0000] {logging_mixin.py:154} INFO - [2026-06-07T17:47:24.994+0000] {dagbag.py:536} INFO - Filling up the DagBag from /home/airflow/.local/lib/python3.8/site-packages/airflow/example_dags/example_xcomargs.py
[2026-06-07T17:47:25.051+0000] {processor.py:839} INFO - DAG(s) dict_keys(['example_xcom_args', 'example_xcom_args_with_operators']) retrieved from /home/airflow/.local/lib/python3.8/site-packages/airflow/example_dags/example_xcomargs.py
[2026-06-07T17:47:25.182+0000] {logging_mixin.py:154} INFO - [2026-06-07T17:47:25.181+0000] {dag.py:2941} INFO - Sync 2 DAGs
[2026-06-07T17:47:25.228+0000] {logging_mixin.py:154} INFO - [2026-06-07T17:47:25.227+0000] {dag.py:3722} INFO - Setting next_dagrun for example_xcom_args to None, run_after=None
[2026-06-07T17:47:25.246+0000] {logging_mixin.py:154} INFO - [2026-06-07T17:47:25.245+0000] {dag.py:3722} INFO - Setting next_dagrun for example_xcom_args_with_operators to None, run_after=None
[2026-06-07T17:47:25.305+0000] {processor.py:179} INFO - Processing /home/airflow/.local/lib/python3.8/site-packages/airflow/example_dags/example_xcomargs.py took 0.344 seconds
[2026-06-07T17:48:00.053+0000] {processor.py:157} INFO - Started process (PID=1148) to work on /home/airflow/.local/lib/python3.8/site-packages/airflow/example_dags/example_xcomargs.py
[2026-06-07T17:48:00.057+0000] {processor.py:829} INFO - Processing file /home/airflow/.local/lib/python3.8/site-packages/airflow/example_dags/example_xcomargs.py for tasks to queue
[2026-06-07T17:48:00.058+0000] {logging_mixin.py:154} INFO - [2026-06-07T17:48:00.058+0000] {dagbag.py:536} INFO - Filling up the DagBag from /home/airflow/.local/lib/python3.8/site-packages/airflow/example_dags/example_xcomargs.py
[2026-06-07T17:48:00.094+0000] {processor.py:839} INFO - DAG(s) dict_keys(['example_xcom_args', 'example_xcom_args_with_operators']) retrieved from /home/airflow/.local/lib/python3.8/site-packages/airflow/example_dags/example_xcomargs.py
[2026-06-07T17:48:00.181+0000] {logging_mixin.py:154} INFO - [2026-06-07T17:48:00.181+0000] {dag.py:2941} INFO - Sync 2 DAGs
[2026-06-07T17:48:00.202+0000] {logging_mixin.py:154} INFO - [2026-06-07T17:48:00.202+0000] {dag.py:3722} INFO - Setting next_dagrun for example_xcom_args to None, run_after=None
[2026-06-07T17:48:00.218+0000] {logging_mixin.py:154} INFO - [2026-06-07T17:48:00.218+0000] {dag.py:3722} INFO - Setting next_dagrun for example_xcom_args_with_operators to None, run_after=None
[2026-06-07T17:48:00.730+0000] {processor.py:179} INFO - Processing /home/airflow/.local/lib/python3.8/site-packages/airflow/example_dags/example_xcomargs.py took 0.690 seconds
[2026-06-07T17:48:30.856+0000] {processor.py:157} INFO - Started process (PID=1203) to work on /home/airflow/.local/lib/python3.8/site-packages/airflow/example_dags/example_xcomargs.py
[2026-06-07T17:48:30.857+0000] {processor.py:829} INFO - Processing file /home/airflow/.local/lib/python3.8/site-packages/airflow/example_dags/example_xcomargs.py for tasks to queue
[2026-06-07T17:48:30.858+0000] {logging_mixin.py:154} INFO - [2026-06-07T17:48:30.858+0000] {dagbag.py:536} INFO - Filling up the DagBag from /home/airflow/.local/lib/python3.8/site-packages/airflow/example_dags/example_xcomargs.py
[2026-06-07T17:48:30.871+0000] {processor.py:839} INFO - DAG(s) dict_keys(['example_xcom_args', 'example_xcom_args_with_operators']) retrieved from /home/airflow/.local/lib/python3.8/site-packages/airflow/example_dags/example_xcomargs.py
[2026-06-07T17:48:30.899+0000] {logging_mixin.py:154} INFO - [2026-06-07T17:48:30.899+0000] {dag.py:2941} INFO - Sync 2 DAGs
[2026-06-07T17:48:30.914+0000] {logging_mixin.py:154} INFO - [2026-06-07T17:48:30.913+0000] {dag.py:3722} INFO - Setting next_dagrun for example_xcom_args to None, run_after=None
[2026-06-07T17:48:30.917+0000] {logging_mixin.py:154} INFO - [2026-06-07T17:48:30.917+0000] {dag.py:3722} INFO - Setting next_dagrun for example_xcom_args_with_operators to None, run_after=None
[2026-06-07T17:48:30.935+0000] {processor.py:179} INFO - Processing /home/airflow/.local/lib/python3.8/site-packages/airflow/example_dags/example_xcomargs.py took 0.084 seconds
[2026-06-07T17:51:21.483+0000] {processor.py:157} INFO - Started process (PID=1264) to work on /home/airflow/.local/lib/python3.8/site-packages/airflow/example_dags/example_xcomargs.py
[2026-06-07T17:51:21.546+0000] {processor.py:829} INFO - Processing file /home/airflow/.local/lib/python3.8/site-packages/airflow/example_dags/example_xcomargs.py for tasks to queue
[2026-06-07T17:51:21.548+0000] {logging_mixin.py:154} INFO - [2026-06-07T17:51:21.547+0000] {dagbag.py:536} INFO - Filling up the DagBag from /home/airflow/.local/lib/python3.8/site-packages/airflow/example_dags/example_xcomargs.py
[2026-06-07T17:51:21.566+0000] {processor.py:839} INFO - DAG(s) dict_keys(['example_xcom_args', 'example_xcom_args_with_operators']) retrieved from /home/airflow/.local/lib/python3.8/site-packages/airflow/example_dags/example_xcomargs.py
[2026-06-07T17:51:21.606+0000] {logging_mixin.py:154} INFO - [2026-06-07T17:51:21.605+0000] {dag.py:2941} INFO - Sync 2 DAGs
[2026-06-07T17:51:21.626+0000] {logging_mixin.py:154} INFO - [2026-06-07T17:51:21.626+0000] {dag.py:3722} INFO - Setting next_dagrun for example_xcom_args to None, run_after=None
[2026-06-07T17:51:21.632+0000] {logging_mixin.py:154} INFO - [2026-06-07T17:51:21.631+0000] {dag.py:3722} INFO - Setting next_dagrun for example_xcom_args_with_operators to None, run_after=None
[2026-06-07T17:51:21.658+0000] {processor.py:179} INFO - Processing /home/airflow/.local/lib/python3.8/site-packages/airflow/example_dags/example_xcomargs.py took 0.178 seconds
[2026-06-07T17:51:58.717+0000] {processor.py:157} INFO - Started process (PID=1320) to work on /home/airflow/.local/lib/python3.8/site-packages/airflow/example_dags/example_xcomargs.py
[2026-06-07T17:51:58.720+0000] {processor.py:829} INFO - Processing file /home/airflow/.local/lib/python3.8/site-packages/airflow/example_dags/example_xcomargs.py for tasks to queue
[2026-06-07T17:51:58.721+0000] {logging_mixin.py:154} INFO - [2026-06-07T17:51:58.721+0000] {dagbag.py:536} INFO - Filling up the DagBag from /home/airflow/.local/lib/python3.8/site-packages/airflow/example_dags/example_xcomargs.py
[2026-06-07T17:51:58.737+0000] {processor.py:839} INFO - DAG(s) dict_keys(['example_xcom_args_with_operators', 'example_xcom_args']) retrieved from /home/airflow/.local/lib/python3.8/site-packages/airflow/example_dags/example_xcomargs.py
[2026-06-07T17:51:58.772+0000] {logging_mixin.py:154} INFO - [2026-06-07T17:51:58.772+0000] {dag.py:2941} INFO - Sync 2 DAGs
[2026-06-07T17:51:58.791+0000] {logging_mixin.py:154} INFO - [2026-06-07T17:51:58.791+0000] {dag.py:3722} INFO - Setting next_dagrun for example_xcom_args to None, run_after=None
[2026-06-07T17:51:58.796+0000] {logging_mixin.py:154} INFO - [2026-06-07T17:51:58.796+0000] {dag.py:3722} INFO - Setting next_dagrun for example_xcom_args_with_operators to None, run_after=None
[2026-06-07T17:51:58.819+0000] {processor.py:179} INFO - Processing /home/airflow/.local/lib/python3.8/site-packages/airflow/example_dags/example_xcomargs.py took 0.107 seconds
[2026-06-07T17:52:32.594+0000] {processor.py:157} INFO - Started process (PID=1376) to work on /home/airflow/.local/lib/python3.8/site-packages/airflow/example_dags/example_xcomargs.py
[2026-06-07T17:52:32.616+0000] {processor.py:829} INFO - Processing file /home/airflow/.local/lib/python3.8/site-packages/airflow/example_dags/example_xcomargs.py for tasks to queue
[2026-06-07T17:52:32.618+0000] {logging_mixin.py:154} INFO - [2026-06-07T17:52:32.617+0000] {dagbag.py:536} INFO - Filling up the DagBag from /home/airflow/.local/lib/python3.8/site-packages/airflow/example_dags/example_xcomargs.py
[2026-06-07T17:52:32.667+0000] {processor.py:839} INFO - DAG(s) dict_keys(['example_xcom_args_with_operators', 'example_xcom_args']) retrieved from /home/airflow/.local/lib/python3.8/site-packages/airflow/example_dags/example_xcomargs.py
[2026-06-07T17:52:32.805+0000] {logging_mixin.py:154} INFO - [2026-06-07T17:52:32.805+0000] {dag.py:2941} INFO - Sync 2 DAGs
[2026-06-07T17:52:33.375+0000] {logging_mixin.py:154} INFO - [2026-06-07T17:52:33.375+0000] {dag.py:3722} INFO - Setting next_dagrun for example_xcom_args to None, run_after=None
[2026-06-07T17:52:33.392+0000] {logging_mixin.py:154} INFO - [2026-06-07T17:52:33.392+0000] {dag.py:3722} INFO - Setting next_dagrun for example_xcom_args_with_operators to None, run_after=None
[2026-06-07T17:52:33.442+0000] {processor.py:179} INFO - Processing /home/airflow/.local/lib/python3.8/site-packages/airflow/example_dags/example_xcomargs.py took 0.854 seconds
[2026-06-07T17:53:04.350+0000] {processor.py:157} INFO - Started process (PID=1432) to work on /home/airflow/.local/lib/python3.8/site-packages/airflow/example_dags/example_xcomargs.py
[2026-06-07T17:53:04.352+0000] {processor.py:829} INFO - Processing file /home/airflow/.local/lib/python3.8/site-packages/airflow/example_dags/example_xcomargs.py for tasks to queue
[2026-06-07T17:53:04.354+0000] {logging_mixin.py:154} INFO - [2026-06-07T17:53:04.353+0000] {dagbag.py:536} INFO - Filling up the DagBag from /home/airflow/.local/lib/python3.8/site-packages/airflow/example_dags/example_xcomargs.py
[2026-06-07T17:53:04.376+0000] {processor.py:839} INFO - DAG(s) dict_keys(['example_xcom_args_with_operators', 'example_xcom_args']) retrieved from /home/airflow/.local/lib/python3.8/site-packages/airflow/example_dags/example_xcomargs.py
[2026-06-07T17:53:04.467+0000] {logging_mixin.py:154} INFO - [2026-06-07T17:53:04.466+0000] {dag.py:2941} INFO - Sync 2 DAGs
[2026-06-07T17:53:04.530+0000] {logging_mixin.py:154} INFO - [2026-06-07T17:53:04.530+0000] {dag.py:3722} INFO - Setting next_dagrun for example_xcom_args to None, run_after=None
[2026-06-07T17:53:04.536+0000] {logging_mixin.py:154} INFO - [2026-06-07T17:53:04.536+0000] {dag.py:3722} INFO - Setting next_dagrun for example_xcom_args_with_operators to None, run_after=None
[2026-06-07T17:53:04.583+0000] {processor.py:179} INFO - Processing /home/airflow/.local/lib/python3.8/site-packages/airflow/example_dags/example_xcomargs.py took 0.240 seconds
[2026-06-07T17:53:34.914+0000] {processor.py:157} INFO - Started process (PID=1488) to work on /home/airflow/.local/lib/python3.8/site-packages/airflow/example_dags/example_xcomargs.py
[2026-06-07T17:53:34.939+0000] {processor.py:829} INFO - Processing file /home/airflow/.local/lib/python3.8/site-packages/airflow/example_dags/example_xcomargs.py for tasks to queue
[2026-06-07T17:53:34.956+0000] {logging_mixin.py:154} INFO - [2026-06-07T17:53:34.943+0000] {dagbag.py:536} INFO - Filling up the DagBag from /home/airflow/.local/lib/python3.8/site-packages/airflow/example_dags/example_xcomargs.py
[2026-06-07T17:53:35.041+0000] {processor.py:839} INFO - DAG(s) dict_keys(['example_xcom_args_with_operators', 'example_xcom_args']) retrieved from /home/airflow/.local/lib/python3.8/site-packages/airflow/example_dags/example_xcomargs.py
[2026-06-07T17:53:35.120+0000] {logging_mixin.py:154} INFO - [2026-06-07T17:53:35.120+0000] {dag.py:2941} INFO - Sync 2 DAGs
[2026-06-07T17:53:35.143+0000] {logging_mixin.py:154} INFO - [2026-06-07T17:53:35.143+0000] {dag.py:3722} INFO - Setting next_dagrun for example_xcom_args to None, run_after=None
[2026-06-07T17:53:35.157+0000] {logging_mixin.py:154} INFO - [2026-06-07T17:53:35.157+0000] {dag.py:3722} INFO - Setting next_dagrun for example_xcom_args_with_operators to None, run_after=None
[2026-06-07T17:53:35.205+0000] {processor.py:179} INFO - Processing /home/airflow/.local/lib/python3.8/site-packages/airflow/example_dags/example_xcomargs.py took 0.296 seconds
[2026-06-07T17:54:05.449+0000] {processor.py:157} INFO - Started process (PID=1551) to work on /home/airflow/.local/lib/python3.8/site-packages/airflow/example_dags/example_xcomargs.py
[2026-06-07T17:54:05.451+0000] {processor.py:829} INFO - Processing file /home/airflow/.local/lib/python3.8/site-packages/airflow/example_dags/example_xcomargs.py for tasks to queue
[2026-06-07T17:54:05.452+0000] {logging_mixin.py:154} INFO - [2026-06-07T17:54:05.452+0000] {dagbag.py:536} INFO - Filling up the DagBag from /home/airflow/.local/lib/python3.8/site-packages/airflow/example_dags/example_xcomargs.py
[2026-06-07T17:54:05.464+0000] {processor.py:839} INFO - DAG(s) dict_keys(['example_xcom_args_with_operators', 'example_xcom_args']) retrieved from /home/airflow/.local/lib/python3.8/site-packages/airflow/example_dags/example_xcomargs.py
[2026-06-07T17:54:05.501+0000] {logging_mixin.py:154} INFO - [2026-06-07T17:54:05.501+0000] {dag.py:2941} INFO - Sync 2 DAGs
[2026-06-07T17:54:05.522+0000] {logging_mixin.py:154} INFO - [2026-06-07T17:54:05.522+0000] {dag.py:3722} INFO - Setting next_dagrun for example_xcom_args to None, run_after=None
[2026-06-07T17:54:05.527+0000] {logging_mixin.py:154} INFO - [2026-06-07T17:54:05.527+0000] {dag.py:3722} INFO - Setting next_dagrun for example_xcom_args_with_operators to None, run_after=None
[2026-06-07T17:54:05.549+0000] {processor.py:179} INFO - Processing /home/airflow/.local/lib/python3.8/site-packages/airflow/example_dags/example_xcomargs.py took 0.104 seconds
[2026-06-07T17:54:35.847+0000] {processor.py:157} INFO - Started process (PID=1607) to work on /home/airflow/.local/lib/python3.8/site-packages/airflow/example_dags/example_xcomargs.py
[2026-06-07T17:54:35.848+0000] {processor.py:829} INFO - Processing file /home/airflow/.local/lib/python3.8/site-packages/airflow/example_dags/example_xcomargs.py for tasks to queue
[2026-06-07T17:54:35.849+0000] {logging_mixin.py:154} INFO - [2026-06-07T17:54:35.849+0000] {dagbag.py:536} INFO - Filling up the DagBag from /home/airflow/.local/lib/python3.8/site-packages/airflow/example_dags/example_xcomargs.py
[2026-06-07T17:54:35.861+0000] {processor.py:839} INFO - DAG(s) dict_keys(['example_xcom_args_with_operators', 'example_xcom_args']) retrieved from /home/airflow/.local/lib/python3.8/site-packages/airflow/example_dags/example_xcomargs.py
[2026-06-07T17:54:35.900+0000] {logging_mixin.py:154} INFO - [2026-06-07T17:54:35.900+0000] {dag.py:2941} INFO - Sync 2 DAGs
[2026-06-07T17:54:35.921+0000] {logging_mixin.py:154} INFO - [2026-06-07T17:54:35.920+0000] {dag.py:3722} INFO - Setting next_dagrun for example_xcom_args to None, run_after=None
[2026-06-07T17:54:35.926+0000] {logging_mixin.py:154} INFO - [2026-06-07T17:54:35.925+0000] {dag.py:3722} INFO - Setting next_dagrun for example_xcom_args_with_operators to None, run_after=None
[2026-06-07T17:54:35.948+0000] {processor.py:179} INFO - Processing /home/airflow/.local/lib/python3.8/site-packages/airflow/example_dags/example_xcomargs.py took 0.105 seconds
[2026-06-07T17:55:06.621+0000] {processor.py:157} INFO - Started process (PID=1663) to work on /home/airflow/.local/lib/python3.8/site-packages/airflow/example_dags/example_xcomargs.py
[2026-06-07T17:55:06.645+0000] {processor.py:829} INFO - Processing file /home/airflow/.local/lib/python3.8/site-packages/airflow/example_dags/example_xcomargs.py for tasks to queue
[2026-06-07T17:55:06.646+0000] {logging_mixin.py:154} INFO - [2026-06-07T17:55:06.646+0000] {dagbag.py:536} INFO - Filling up the DagBag from /home/airflow/.local/lib/python3.8/site-packages/airflow/example_dags/example_xcomargs.py
[2026-06-07T17:55:06.672+0000] {processor.py:839} INFO - DAG(s) dict_keys(['example_xcom_args', 'example_xcom_args_with_operators']) retrieved from /home/airflow/.local/lib/python3.8/site-packages/airflow/example_dags/example_xcomargs.py
[2026-06-07T17:55:06.759+0000] {logging_mixin.py:154} INFO - [2026-06-07T17:55:06.759+0000] {dag.py:2941} INFO - Sync 2 DAGs
[2026-06-07T17:55:06.780+0000] {logging_mixin.py:154} INFO - [2026-06-07T17:55:06.780+0000] {dag.py:3722} INFO - Setting next_dagrun for example_xcom_args to None, run_after=None
[2026-06-07T17:55:06.785+0000] {logging_mixin.py:154} INFO - [2026-06-07T17:55:06.785+0000] {dag.py:3722} INFO - Setting next_dagrun for example_xcom_args_with_operators to None, run_after=None
[2026-06-07T17:55:06.811+0000] {processor.py:179} INFO - Processing /home/airflow/.local/lib/python3.8/site-packages/airflow/example_dags/example_xcomargs.py took 0.195 seconds
[2026-06-07T17:55:37.299+0000] {processor.py:157} INFO - Started process (PID=1719) to work on /home/airflow/.local/lib/python3.8/site-packages/airflow/example_dags/example_xcomargs.py
[2026-06-07T17:55:37.313+0000] {processor.py:829} INFO - Processing file /home/airflow/.local/lib/python3.8/site-packages/airflow/example_dags/example_xcomargs.py for tasks to queue
[2026-06-07T17:55:37.314+0000] {logging_mixin.py:154} INFO - [2026-06-07T17:55:37.313+0000] {dagbag.py:536} INFO - Filling up the DagBag from /home/airflow/.local/lib/python3.8/site-packages/airflow/example_dags/example_xcomargs.py
[2026-06-07T17:55:37.379+0000] {processor.py:839} INFO - DAG(s) dict_keys(['example_xcom_args_with_operators', 'example_xcom_args']) retrieved from /home/airflow/.local/lib/python3.8/site-packages/airflow/example_dags/example_xcomargs.py
[2026-06-07T17:55:37.493+0000] {logging_mixin.py:154} INFO - [2026-06-07T17:55:37.493+0000] {dag.py:2941} INFO - Sync 2 DAGs
[2026-06-07T17:55:37.589+0000] {logging_mixin.py:154} INFO - [2026-06-07T17:55:37.589+0000] {dag.py:3722} INFO - Setting next_dagrun for example_xcom_args to None, run_after=None
[2026-06-07T17:55:37.644+0000] {logging_mixin.py:154} INFO - [2026-06-07T17:55:37.643+0000] {dag.py:3722} INFO - Setting next_dagrun for example_xcom_args_with_operators to None, run_after=None
[2026-06-07T17:55:37.742+0000] {processor.py:179} INFO - Processing /home/airflow/.local/lib/python3.8/site-packages/airflow/example_dags/example_xcomargs.py took 0.449 seconds
[2026-06-07T17:56:08.596+0000] {processor.py:157} INFO - Started process (PID=1774) to work on /home/airflow/.local/lib/python3.8/site-packages/airflow/example_dags/example_xcomargs.py
[2026-06-07T17:56:08.606+0000] {processor.py:829} INFO - Processing file /home/airflow/.local/lib/python3.8/site-packages/airflow/example_dags/example_xcomargs.py for tasks to queue
[2026-06-07T17:56:08.607+0000] {logging_mixin.py:154} INFO - [2026-06-07T17:56:08.607+0000] {dagbag.py:536} INFO - Filling up the DagBag from /home/airflow/.local/lib/python3.8/site-packages/airflow/example_dags/example_xcomargs.py
[2026-06-07T17:56:08.626+0000] {processor.py:839} INFO - DAG(s) dict_keys(['example_xcom_args_with_operators', 'example_xcom_args']) retrieved from /home/airflow/.local/lib/python3.8/site-packages/airflow/example_dags/example_xcomargs.py
[2026-06-07T17:56:08.689+0000] {logging_mixin.py:154} INFO - [2026-06-07T17:56:08.688+0000] {dag.py:2941} INFO - Sync 2 DAGs
[2026-06-07T17:56:08.714+0000] {logging_mixin.py:154} INFO - [2026-06-07T17:56:08.714+0000] {dag.py:3722} INFO - Setting next_dagrun for example_xcom_args to None, run_after=None
[2026-06-07T17:56:08.719+0000] {logging_mixin.py:154} INFO - [2026-06-07T17:56:08.719+0000] {dag.py:3722} INFO - Setting next_dagrun for example_xcom_args_with_operators to None, run_after=None
[2026-06-07T17:56:08.742+0000] {processor.py:179} INFO - Processing /home/airflow/.local/lib/python3.8/site-packages/airflow/example_dags/example_xcomargs.py took 0.151 seconds
[2026-06-07T17:56:39.073+0000] {processor.py:157} INFO - Started process (PID=1830) to work on /home/airflow/.local/lib/python3.8/site-packages/airflow/example_dags/example_xcomargs.py
[2026-06-07T17:56:39.075+0000] {processor.py:829} INFO - Processing file /home/airflow/.local/lib/python3.8/site-packages/airflow/example_dags/example_xcomargs.py for tasks to queue
[2026-06-07T17:56:39.077+0000] {logging_mixin.py:154} INFO - [2026-06-07T17:56:39.076+0000] {dagbag.py:536} INFO - Filling up the DagBag from /home/airflow/.local/lib/python3.8/site-packages/airflow/example_dags/example_xcomargs.py
[2026-06-07T17:56:39.099+0000] {processor.py:839} INFO - DAG(s) dict_keys(['example_xcom_args_with_operators', 'example_xcom_args']) retrieved from /home/airflow/.local/lib/python3.8/site-packages/airflow/example_dags/example_xcomargs.py
[2026-06-07T17:56:39.193+0000] {logging_mixin.py:154} INFO - [2026-06-07T17:56:39.193+0000] {dag.py:2941} INFO - Sync 2 DAGs
[2026-06-07T17:56:39.255+0000] {logging_mixin.py:154} INFO - [2026-06-07T17:56:39.255+0000] {dag.py:3722} INFO - Setting next_dagrun for example_xcom_args to None, run_after=None
[2026-06-07T17:56:39.290+0000] {logging_mixin.py:154} INFO - [2026-06-07T17:56:39.289+0000] {dag.py:3722} INFO - Setting next_dagrun for example_xcom_args_with_operators to None, run_after=None
[2026-06-07T17:56:39.369+0000] {processor.py:179} INFO - Processing /home/airflow/.local/lib/python3.8/site-packages/airflow/example_dags/example_xcomargs.py took 0.304 seconds
[2026-06-07T17:57:10.259+0000] {processor.py:157} INFO - Started process (PID=1886) to work on /home/airflow/.local/lib/python3.8/site-packages/airflow/example_dags/example_xcomargs.py
[2026-06-07T17:57:10.268+0000] {processor.py:829} INFO - Processing file /home/airflow/.local/lib/python3.8/site-packages/airflow/example_dags/example_xcomargs.py for tasks to queue
[2026-06-07T17:57:10.269+0000] {logging_mixin.py:154} INFO - [2026-06-07T17:57:10.269+0000] {dagbag.py:536} INFO - Filling up the DagBag from /home/airflow/.local/lib/python3.8/site-packages/airflow/example_dags/example_xcomargs.py
[2026-06-07T17:57:10.284+0000] {processor.py:839} INFO - DAG(s) dict_keys(['example_xcom_args', 'example_xcom_args_with_operators']) retrieved from /home/airflow/.local/lib/python3.8/site-packages/airflow/example_dags/example_xcomargs.py
[2026-06-07T17:57:10.349+0000] {logging_mixin.py:154} INFO - [2026-06-07T17:57:10.349+0000] {dag.py:2941} INFO - Sync 2 DAGs
[2026-06-07T17:57:10.388+0000] {logging_mixin.py:154} INFO - [2026-06-07T17:57:10.387+0000] {dag.py:3722} INFO - Setting next_dagrun for example_xcom_args to None, run_after=None
[2026-06-07T17:57:10.402+0000] {logging_mixin.py:154} INFO - [2026-06-07T17:57:10.402+0000] {dag.py:3722} INFO - Setting next_dagrun for example_xcom_args_with_operators to None, run_after=None
[2026-06-07T17:57:10.445+0000] {processor.py:179} INFO - Processing /home/airflow/.local/lib/python3.8/site-packages/airflow/example_dags/example_xcomargs.py took 0.190 seconds
[2026-06-07T17:57:40.589+0000] {processor.py:157} INFO - Started process (PID=1942) to work on /home/airflow/.local/lib/python3.8/site-packages/airflow/example_dags/example_xcomargs.py
[2026-06-07T17:57:40.591+0000] {processor.py:829} INFO - Processing file /home/airflow/.local/lib/python3.8/site-packages/airflow/example_dags/example_xcomargs.py for tasks to queue
[2026-06-07T17:57:40.592+0000] {logging_mixin.py:154} INFO - [2026-06-07T17:57:40.592+0000] {dagbag.py:536} INFO - Filling up the DagBag from /home/airflow/.local/lib/python3.8/site-packages/airflow/example_dags/example_xcomargs.py
[2026-06-07T17:57:40.609+0000] {processor.py:839} INFO - DAG(s) dict_keys(['example_xcom_args', 'example_xcom_args_with_operators']) retrieved from /home/airflow/.local/lib/python3.8/site-packages/airflow/example_dags/example_xcomargs.py
[2026-06-07T17:57:40.650+0000] {logging_mixin.py:154} INFO - [2026-06-07T17:57:40.649+0000] {dag.py:2941} INFO - Sync 2 DAGs
[2026-06-07T17:57:40.685+0000] {logging_mixin.py:154} INFO - [2026-06-07T17:57:40.684+0000] {dag.py:3722} INFO - Setting next_dagrun for example_xcom_args to None, run_after=None
[2026-06-07T17:57:40.690+0000] {logging_mixin.py:154} INFO - [2026-06-07T17:57:40.689+0000] {dag.py:3722} INFO - Setting next_dagrun for example_xcom_args_with_operators to None, run_after=None
[2026-06-07T17:57:40.712+0000] {processor.py:179} INFO - Processing /home/airflow/.local/lib/python3.8/site-packages/airflow/example_dags/example_xcomargs.py took 0.140 seconds
[2026-06-07T17:58:11.563+0000] {processor.py:157} INFO - Started process (PID=1997) to work on /home/airflow/.local/lib/python3.8/site-packages/airflow/example_dags/example_xcomargs.py
[2026-06-07T17:58:11.564+0000] {processor.py:829} INFO - Processing file /home/airflow/.local/lib/python3.8/site-packages/airflow/example_dags/example_xcomargs.py for tasks to queue
[2026-06-07T17:58:11.565+0000] {logging_mixin.py:154} INFO - [2026-06-07T17:58:11.565+0000] {dagbag.py:536} INFO - Filling up the DagBag from /home/airflow/.local/lib/python3.8/site-packages/airflow/example_dags/example_xcomargs.py
[2026-06-07T17:58:11.577+0000] {processor.py:839} INFO - DAG(s) dict_keys(['example_xcom_args_with_operators', 'example_xcom_args']) retrieved from /home/airflow/.local/lib/python3.8/site-packages/airflow/example_dags/example_xcomargs.py
[2026-06-07T17:58:11.622+0000] {logging_mixin.py:154} INFO - [2026-06-07T17:58:11.622+0000] {dag.py:2941} INFO - Sync 2 DAGs
[2026-06-07T17:58:11.646+0000] {logging_mixin.py:154} INFO - [2026-06-07T17:58:11.646+0000] {dag.py:3722} INFO - Setting next_dagrun for example_xcom_args to None, run_after=None
[2026-06-07T17:58:11.651+0000] {logging_mixin.py:154} INFO - [2026-06-07T17:58:11.651+0000] {dag.py:3722} INFO - Setting next_dagrun for example_xcom_args_with_operators to None, run_after=None
[2026-06-07T17:58:11.675+0000] {processor.py:179} INFO - Processing /home/airflow/.local/lib/python3.8/site-packages/airflow/example_dags/example_xcomargs.py took 0.116 seconds
[2026-06-07T17:58:42.414+0000] {processor.py:157} INFO - Started process (PID=2053) to work on /home/airflow/.local/lib/python3.8/site-packages/airflow/example_dags/example_xcomargs.py
[2026-06-07T17:58:42.416+0000] {processor.py:829} INFO - Processing file /home/airflow/.local/lib/python3.8/site-packages/airflow/example_dags/example_xcomargs.py for tasks to queue
[2026-06-07T17:58:42.417+0000] {logging_mixin.py:154} INFO - [2026-06-07T17:58:42.417+0000] {dagbag.py:536} INFO - Filling up the DagBag from /home/airflow/.local/lib/python3.8/site-packages/airflow/example_dags/example_xcomargs.py
[2026-06-07T17:58:42.429+0000] {processor.py:839} INFO - DAG(s) dict_keys(['example_xcom_args', 'example_xcom_args_with_operators']) retrieved from /home/airflow/.local/lib/python3.8/site-packages/airflow/example_dags/example_xcomargs.py
[2026-06-07T17:58:42.465+0000] {logging_mixin.py:154} INFO - [2026-06-07T17:58:42.465+0000] {dag.py:2941} INFO - Sync 2 DAGs
[2026-06-07T17:58:42.485+0000] {logging_mixin.py:154} INFO - [2026-06-07T17:58:42.485+0000] {dag.py:3722} INFO - Setting next_dagrun for example_xcom_args to None, run_after=None
[2026-06-07T17:58:42.493+0000] {logging_mixin.py:154} INFO - [2026-06-07T17:58:42.493+0000] {dag.py:3722} INFO - Setting next_dagrun for example_xcom_args_with_operators to None, run_after=None
[2026-06-07T17:58:42.515+0000] {processor.py:179} INFO - Processing /home/airflow/.local/lib/python3.8/site-packages/airflow/example_dags/example_xcomargs.py took 0.106 seconds
[2026-06-07T17:59:13.046+0000] {processor.py:157} INFO - Started process (PID=2108) to work on /home/airflow/.local/lib/python3.8/site-packages/airflow/example_dags/example_xcomargs.py
[2026-06-07T17:59:13.047+0000] {processor.py:829} INFO - Processing file /home/airflow/.local/lib/python3.8/site-packages/airflow/example_dags/example_xcomargs.py for tasks to queue
[2026-06-07T17:59:13.048+0000] {logging_mixin.py:154} INFO - [2026-06-07T17:59:13.048+0000] {dagbag.py:536} INFO - Filling up the DagBag from /home/airflow/.local/lib/python3.8/site-packages/airflow/example_dags/example_xcomargs.py
[2026-06-07T17:59:13.077+0000] {processor.py:839} INFO - DAG(s) dict_keys(['example_xcom_args_with_operators', 'example_xcom_args']) retrieved from /home/airflow/.local/lib/python3.8/site-packages/airflow/example_dags/example_xcomargs.py
[2026-06-07T17:59:13.135+0000] {logging_mixin.py:154} INFO - [2026-06-07T17:59:13.134+0000] {dag.py:2941} INFO - Sync 2 DAGs
[2026-06-07T17:59:13.155+0000] {logging_mixin.py:154} INFO - [2026-06-07T17:59:13.155+0000] {dag.py:3722} INFO - Setting next_dagrun for example_xcom_args to None, run_after=None
[2026-06-07T17:59:13.160+0000] {logging_mixin.py:154} INFO - [2026-06-07T17:59:13.159+0000] {dag.py:3722} INFO - Setting next_dagrun for example_xcom_args_with_operators to None, run_after=None
[2026-06-07T17:59:13.182+0000] {processor.py:179} INFO - Processing /home/airflow/.local/lib/python3.8/site-packages/airflow/example_dags/example_xcomargs.py took 0.140 seconds
[2026-06-07T17:59:43.279+0000] {processor.py:157} INFO - Started process (PID=2164) to work on /home/airflow/.local/lib/python3.8/site-packages/airflow/example_dags/example_xcomargs.py
[2026-06-07T17:59:43.289+0000] {processor.py:829} INFO - Processing file /home/airflow/.local/lib/python3.8/site-packages/airflow/example_dags/example_xcomargs.py for tasks to queue
[2026-06-07T17:59:43.290+0000] {logging_mixin.py:154} INFO - [2026-06-07T17:59:43.290+0000] {dagbag.py:536} INFO - Filling up the DagBag from /home/airflow/.local/lib/python3.8/site-packages/airflow/example_dags/example_xcomargs.py
[2026-06-07T17:59:43.331+0000] {processor.py:839} INFO - DAG(s) dict_keys(['example_xcom_args_with_operators', 'example_xcom_args']) retrieved from /home/airflow/.local/lib/python3.8/site-packages/airflow/example_dags/example_xcomargs.py
[2026-06-07T17:59:43.477+0000] {logging_mixin.py:154} INFO - [2026-06-07T17:59:43.477+0000] {dag.py:2941} INFO - Sync 2 DAGs
[2026-06-07T17:59:43.576+0000] {logging_mixin.py:154} INFO - [2026-06-07T17:59:43.575+0000] {dag.py:3722} INFO - Setting next_dagrun for example_xcom_args to None, run_after=None
[2026-06-07T17:59:43.593+0000] {logging_mixin.py:154} INFO - [2026-06-07T17:59:43.593+0000] {dag.py:3722} INFO - Setting next_dagrun for example_xcom_args_with_operators to None, run_after=None
[2026-06-07T17:59:43.654+0000] {processor.py:179} INFO - Processing /home/airflow/.local/lib/python3.8/site-packages/airflow/example_dags/example_xcomargs.py took 0.380 seconds
[2026-06-07T18:00:14.657+0000] {processor.py:157} INFO - Started process (PID=2220) to work on /home/airflow/.local/lib/python3.8/site-packages/airflow/example_dags/example_xcomargs.py
[2026-06-07T18:00:14.658+0000] {processor.py:829} INFO - Processing file /home/airflow/.local/lib/python3.8/site-packages/airflow/example_dags/example_xcomargs.py for tasks to queue
[2026-06-07T18:00:14.659+0000] {logging_mixin.py:154} INFO - [2026-06-07T18:00:14.658+0000] {dagbag.py:536} INFO - Filling up the DagBag from /home/airflow/.local/lib/python3.8/site-packages/airflow/example_dags/example_xcomargs.py
[2026-06-07T18:00:14.671+0000] {processor.py:839} INFO - DAG(s) dict_keys(['example_xcom_args', 'example_xcom_args_with_operators']) retrieved from /home/airflow/.local/lib/python3.8/site-packages/airflow/example_dags/example_xcomargs.py
[2026-06-07T18:00:14.709+0000] {logging_mixin.py:154} INFO - [2026-06-07T18:00:14.708+0000] {dag.py:2941} INFO - Sync 2 DAGs
[2026-06-07T18:00:14.729+0000] {logging_mixin.py:154} INFO - [2026-06-07T18:00:14.729+0000] {dag.py:3722} INFO - Setting next_dagrun for example_xcom_args to None, run_after=None
[2026-06-07T18:00:14.734+0000] {logging_mixin.py:154} INFO - [2026-06-07T18:00:14.734+0000] {dag.py:3722} INFO - Setting next_dagrun for example_xcom_args_with_operators to None, run_after=None
[2026-06-07T18:00:14.767+0000] {processor.py:179} INFO - Processing /home/airflow/.local/lib/python3.8/site-packages/airflow/example_dags/example_xcomargs.py took 0.115 seconds
[2026-06-07T18:00:45.157+0000] {processor.py:157} INFO - Started process (PID=2275) to work on /home/airflow/.local/lib/python3.8/site-packages/airflow/example_dags/example_xcomargs.py
[2026-06-07T18:00:45.158+0000] {processor.py:829} INFO - Processing file /home/airflow/.local/lib/python3.8/site-packages/airflow/example_dags/example_xcomargs.py for tasks to queue
[2026-06-07T18:00:45.159+0000] {logging_mixin.py:154} INFO - [2026-06-07T18:00:45.159+0000] {dagbag.py:536} INFO - Filling up the DagBag from /home/airflow/.local/lib/python3.8/site-packages/airflow/example_dags/example_xcomargs.py
[2026-06-07T18:00:45.172+0000] {processor.py:839} INFO - DAG(s) dict_keys(['example_xcom_args', 'example_xcom_args_with_operators']) retrieved from /home/airflow/.local/lib/python3.8/site-packages/airflow/example_dags/example_xcomargs.py
[2026-06-07T18:00:45.209+0000] {logging_mixin.py:154} INFO - [2026-06-07T18:00:45.209+0000] {dag.py:2941} INFO - Sync 2 DAGs
[2026-06-07T18:00:45.230+0000] {logging_mixin.py:154} INFO - [2026-06-07T18:00:45.230+0000] {dag.py:3722} INFO - Setting next_dagrun for example_xcom_args to None, run_after=None
[2026-06-07T18:00:45.235+0000] {logging_mixin.py:154} INFO - [2026-06-07T18:00:45.235+0000] {dag.py:3722} INFO - Setting next_dagrun for example_xcom_args_with_operators to None, run_after=None
[2026-06-07T18:00:45.257+0000] {processor.py:179} INFO - Processing /home/airflow/.local/lib/python3.8/site-packages/airflow/example_dags/example_xcomargs.py took 0.105 seconds
[2026-06-07T18:01:16.088+0000] {processor.py:157} INFO - Started process (PID=2331) to work on /home/airflow/.local/lib/python3.8/site-packages/airflow/example_dags/example_xcomargs.py
[2026-06-07T18:01:16.089+0000] {processor.py:829} INFO - Processing file /home/airflow/.local/lib/python3.8/site-packages/airflow/example_dags/example_xcomargs.py for tasks to queue
[2026-06-07T18:01:16.090+0000] {logging_mixin.py:154} INFO - [2026-06-07T18:01:16.090+0000] {dagbag.py:536} INFO - Filling up the DagBag from /home/airflow/.local/lib/python3.8/site-packages/airflow/example_dags/example_xcomargs.py
[2026-06-07T18:01:16.103+0000] {processor.py:839} INFO - DAG(s) dict_keys(['example_xcom_args_with_operators', 'example_xcom_args']) retrieved from /home/airflow/.local/lib/python3.8/site-packages/airflow/example_dags/example_xcomargs.py
[2026-06-07T18:01:16.140+0000] {logging_mixin.py:154} INFO - [2026-06-07T18:01:16.140+0000] {dag.py:2941} INFO - Sync 2 DAGs
[2026-06-07T18:01:16.161+0000] {logging_mixin.py:154} INFO - [2026-06-07T18:01:16.160+0000] {dag.py:3722} INFO - Setting next_dagrun for example_xcom_args to None, run_after=None
[2026-06-07T18:01:16.166+0000] {logging_mixin.py:154} INFO - [2026-06-07T18:01:16.165+0000] {dag.py:3722} INFO - Setting next_dagrun for example_xcom_args_with_operators to None, run_after=None
[2026-06-07T18:01:16.188+0000] {processor.py:179} INFO - Processing /home/airflow/.local/lib/python3.8/site-packages/airflow/example_dags/example_xcomargs.py took 0.105 seconds
[2026-06-07T18:01:46.530+0000] {processor.py:157} INFO - Started process (PID=2386) to work on /home/airflow/.local/lib/python3.8/site-packages/airflow/example_dags/example_xcomargs.py
[2026-06-07T18:01:46.541+0000] {processor.py:829} INFO - Processing file /home/airflow/.local/lib/python3.8/site-packages/airflow/example_dags/example_xcomargs.py for tasks to queue
[2026-06-07T18:01:46.542+0000] {logging_mixin.py:154} INFO - [2026-06-07T18:01:46.542+0000] {dagbag.py:536} INFO - Filling up the DagBag from /home/airflow/.local/lib/python3.8/site-packages/airflow/example_dags/example_xcomargs.py
[2026-06-07T18:01:46.556+0000] {processor.py:839} INFO - DAG(s) dict_keys(['example_xcom_args', 'example_xcom_args_with_operators']) retrieved from /home/airflow/.local/lib/python3.8/site-packages/airflow/example_dags/example_xcomargs.py
[2026-06-07T18:01:46.594+0000] {logging_mixin.py:154} INFO - [2026-06-07T18:01:46.594+0000] {dag.py:2941} INFO - Sync 2 DAGs
[2026-06-07T18:01:46.614+0000] {logging_mixin.py:154} INFO - [2026-06-07T18:01:46.614+0000] {dag.py:3722} INFO - Setting next_dagrun for example_xcom_args to None, run_after=None
[2026-06-07T18:01:46.619+0000] {logging_mixin.py:154} INFO - [2026-06-07T18:01:46.619+0000] {dag.py:3722} INFO - Setting next_dagrun for example_xcom_args_with_operators to None, run_after=None
[2026-06-07T18:01:46.646+0000] {processor.py:179} INFO - Processing /home/airflow/.local/lib/python3.8/site-packages/airflow/example_dags/example_xcomargs.py took 0.122 seconds
[2026-06-07T18:02:17.197+0000] {processor.py:157} INFO - Started process (PID=2442) to work on /home/airflow/.local/lib/python3.8/site-packages/airflow/example_dags/example_xcomargs.py
[2026-06-07T18:02:17.198+0000] {processor.py:829} INFO - Processing file /home/airflow/.local/lib/python3.8/site-packages/airflow/example_dags/example_xcomargs.py for tasks to queue
[2026-06-07T18:02:17.199+0000] {logging_mixin.py:154} INFO - [2026-06-07T18:02:17.199+0000] {dagbag.py:536} INFO - Filling up the DagBag from /home/airflow/.local/lib/python3.8/site-packages/airflow/example_dags/example_xcomargs.py
[2026-06-07T18:02:17.228+0000] {processor.py:839} INFO - DAG(s) dict_keys(['example_xcom_args', 'example_xcom_args_with_operators']) retrieved from /home/airflow/.local/lib/python3.8/site-packages/airflow/example_dags/example_xcomargs.py
[2026-06-07T18:02:17.327+0000] {logging_mixin.py:154} INFO - [2026-06-07T18:02:17.326+0000] {dag.py:2941} INFO - Sync 2 DAGs
[2026-06-07T18:02:17.379+0000] {logging_mixin.py:154} INFO - [2026-06-07T18:02:17.379+0000] {dag.py:3722} INFO - Setting next_dagrun for example_xcom_args to None, run_after=None
[2026-06-07T18:02:17.407+0000] {logging_mixin.py:154} INFO - [2026-06-07T18:02:17.407+0000] {dag.py:3722} INFO - Setting next_dagrun for example_xcom_args_with_operators to None, run_after=None
[2026-06-07T18:02:17.489+0000] {processor.py:179} INFO - Processing /home/airflow/.local/lib/python3.8/site-packages/airflow/example_dags/example_xcomargs.py took 0.296 seconds
[2026-06-07T18:02:47.612+0000] {processor.py:157} INFO - Started process (PID=2498) to work on /home/airflow/.local/lib/python3.8/site-packages/airflow/example_dags/example_xcomargs.py
[2026-06-07T18:02:47.614+0000] {processor.py:829} INFO - Processing file /home/airflow/.local/lib/python3.8/site-packages/airflow/example_dags/example_xcomargs.py for tasks to queue
[2026-06-07T18:02:47.615+0000] {logging_mixin.py:154} INFO - [2026-06-07T18:02:47.614+0000] {dagbag.py:536} INFO - Filling up the DagBag from /home/airflow/.local/lib/python3.8/site-packages/airflow/example_dags/example_xcomargs.py
[2026-06-07T18:02:47.624+0000] {processor.py:839} INFO - DAG(s) dict_keys(['example_xcom_args_with_operators', 'example_xcom_args']) retrieved from /home/airflow/.local/lib/python3.8/site-packages/airflow/example_dags/example_xcomargs.py
[2026-06-07T18:02:47.652+0000] {logging_mixin.py:154} INFO - [2026-06-07T18:02:47.652+0000] {dag.py:2941} INFO - Sync 2 DAGs
[2026-06-07T18:02:47.667+0000] {logging_mixin.py:154} INFO - [2026-06-07T18:02:47.667+0000] {dag.py:3722} INFO - Setting next_dagrun for example_xcom_args to None, run_after=None
[2026-06-07T18:02:47.672+0000] {logging_mixin.py:154} INFO - [2026-06-07T18:02:47.672+0000] {dag.py:3722} INFO - Setting next_dagrun for example_xcom_args_with_operators to None, run_after=None
[2026-06-07T18:02:47.698+0000] {processor.py:179} INFO - Processing /home/airflow/.local/lib/python3.8/site-packages/airflow/example_dags/example_xcomargs.py took 0.090 seconds
[2026-06-07T18:03:18.698+0000] {processor.py:157} INFO - Started process (PID=2555) to work on /home/airflow/.local/lib/python3.8/site-packages/airflow/example_dags/example_xcomargs.py
[2026-06-07T18:03:18.699+0000] {processor.py:829} INFO - Processing file /home/airflow/.local/lib/python3.8/site-packages/airflow/example_dags/example_xcomargs.py for tasks to queue
[2026-06-07T18:03:18.700+0000] {logging_mixin.py:154} INFO - [2026-06-07T18:03:18.700+0000] {dagbag.py:536} INFO - Filling up the DagBag from /home/airflow/.local/lib/python3.8/site-packages/airflow/example_dags/example_xcomargs.py
[2026-06-07T18:03:18.709+0000] {processor.py:839} INFO - DAG(s) dict_keys(['example_xcom_args', 'example_xcom_args_with_operators']) retrieved from /home/airflow/.local/lib/python3.8/site-packages/airflow/example_dags/example_xcomargs.py
[2026-06-07T18:03:18.736+0000] {logging_mixin.py:154} INFO - [2026-06-07T18:03:18.736+0000] {dag.py:2941} INFO - Sync 2 DAGs
[2026-06-07T18:03:18.751+0000] {logging_mixin.py:154} INFO - [2026-06-07T18:03:18.751+0000] {dag.py:3722} INFO - Setting next_dagrun for example_xcom_args to None, run_after=None
[2026-06-07T18:03:18.755+0000] {logging_mixin.py:154} INFO - [2026-06-07T18:03:18.755+0000] {dag.py:3722} INFO - Setting next_dagrun for example_xcom_args_with_operators to None, run_after=None
[2026-06-07T18:03:18.772+0000] {processor.py:179} INFO - Processing /home/airflow/.local/lib/python3.8/site-packages/airflow/example_dags/example_xcomargs.py took 0.078 seconds
[2026-06-07T18:11:26.362+0000] {processor.py:157} INFO - Started process (PID=87) to work on /home/airflow/.local/lib/python3.8/site-packages/airflow/example_dags/example_xcomargs.py
[2026-06-07T18:11:26.404+0000] {processor.py:829} INFO - Processing file /home/airflow/.local/lib/python3.8/site-packages/airflow/example_dags/example_xcomargs.py for tasks to queue
[2026-06-07T18:11:26.467+0000] {logging_mixin.py:154} INFO - [2026-06-07T18:11:26.446+0000] {dagbag.py:536} INFO - Filling up the DagBag from /home/airflow/.local/lib/python3.8/site-packages/airflow/example_dags/example_xcomargs.py
[2026-06-07T18:11:26.566+0000] {processor.py:839} INFO - DAG(s) dict_keys(['example_xcom_args', 'example_xcom_args_with_operators']) retrieved from /home/airflow/.local/lib/python3.8/site-packages/airflow/example_dags/example_xcomargs.py
[2026-06-07T18:11:27.023+0000] {logging_mixin.py:154} INFO - [2026-06-07T18:11:27.023+0000] {dag.py:2941} INFO - Sync 2 DAGs
[2026-06-07T18:11:27.222+0000] {logging_mixin.py:154} INFO - [2026-06-07T18:11:27.222+0000] {dag.py:3722} INFO - Setting next_dagrun for example_xcom_args to None, run_after=None
[2026-06-07T18:11:27.312+0000] {logging_mixin.py:154} INFO - [2026-06-07T18:11:27.312+0000] {dag.py:3722} INFO - Setting next_dagrun for example_xcom_args_with_operators to None, run_after=None
[2026-06-07T18:11:27.612+0000] {processor.py:179} INFO - Processing /home/airflow/.local/lib/python3.8/site-packages/airflow/example_dags/example_xcomargs.py took 1.329 seconds
[2026-06-07T18:12:07.267+0000] {processor.py:157} INFO - Started process (PID=143) to work on /home/airflow/.local/lib/python3.8/site-packages/airflow/example_dags/example_xcomargs.py
[2026-06-07T18:12:07.310+0000] {processor.py:829} INFO - Processing file /home/airflow/.local/lib/python3.8/site-packages/airflow/example_dags/example_xcomargs.py for tasks to queue
[2026-06-07T18:12:07.426+0000] {logging_mixin.py:154} INFO - [2026-06-07T18:12:07.425+0000] {dagbag.py:536} INFO - Filling up the DagBag from /home/airflow/.local/lib/python3.8/site-packages/airflow/example_dags/example_xcomargs.py
[2026-06-07T18:12:07.621+0000] {processor.py:839} INFO - DAG(s) dict_keys(['example_xcom_args', 'example_xcom_args_with_operators']) retrieved from /home/airflow/.local/lib/python3.8/site-packages/airflow/example_dags/example_xcomargs.py
[2026-06-07T18:12:08.429+0000] {logging_mixin.py:154} INFO - [2026-06-07T18:12:08.429+0000] {dag.py:2941} INFO - Sync 2 DAGs
[2026-06-07T18:12:08.757+0000] {logging_mixin.py:154} INFO - [2026-06-07T18:12:08.721+0000] {dag.py:3722} INFO - Setting next_dagrun for example_xcom_args to None, run_after=None
[2026-06-07T18:12:08.852+0000] {logging_mixin.py:154} INFO - [2026-06-07T18:12:08.852+0000] {dag.py:3722} INFO - Setting next_dagrun for example_xcom_args_with_operators to None, run_after=None
[2026-06-07T18:12:09.639+0000] {processor.py:179} INFO - Processing /home/airflow/.local/lib/python3.8/site-packages/airflow/example_dags/example_xcomargs.py took 2.593 seconds
[2026-06-07T18:23:35.656+0000] {processor.py:157} INFO - Started process (PID=87) to work on /home/airflow/.local/lib/python3.8/site-packages/airflow/example_dags/example_xcomargs.py
[2026-06-07T18:23:35.669+0000] {processor.py:829} INFO - Processing file /home/airflow/.local/lib/python3.8/site-packages/airflow/example_dags/example_xcomargs.py for tasks to queue
[2026-06-07T18:23:35.681+0000] {logging_mixin.py:154} INFO - [2026-06-07T18:23:35.680+0000] {dagbag.py:536} INFO - Filling up the DagBag from /home/airflow/.local/lib/python3.8/site-packages/airflow/example_dags/example_xcomargs.py
[2026-06-07T18:23:35.739+0000] {processor.py:839} INFO - DAG(s) dict_keys(['example_xcom_args', 'example_xcom_args_with_operators']) retrieved from /home/airflow/.local/lib/python3.8/site-packages/airflow/example_dags/example_xcomargs.py
[2026-06-07T18:23:36.023+0000] {logging_mixin.py:154} INFO - [2026-06-07T18:23:36.021+0000] {dag.py:2941} INFO - Sync 2 DAGs
[2026-06-07T18:23:36.155+0000] {logging_mixin.py:154} INFO - [2026-06-07T18:23:36.155+0000] {dag.py:3722} INFO - Setting next_dagrun for example_xcom_args to None, run_after=None
[2026-06-07T18:23:36.199+0000] {logging_mixin.py:154} INFO - [2026-06-07T18:23:36.199+0000] {dag.py:3722} INFO - Setting next_dagrun for example_xcom_args_with_operators to None, run_after=None
[2026-06-07T18:23:36.487+0000] {processor.py:179} INFO - Processing /home/airflow/.local/lib/python3.8/site-packages/airflow/example_dags/example_xcomargs.py took 0.876 seconds
[2026-06-07T18:24:13.165+0000] {processor.py:157} INFO - Started process (PID=149) to work on /home/airflow/.local/lib/python3.8/site-packages/airflow/example_dags/example_xcomargs.py
[2026-06-07T18:24:13.174+0000] {processor.py:829} INFO - Processing file /home/airflow/.local/lib/python3.8/site-packages/airflow/example_dags/example_xcomargs.py for tasks to queue
[2026-06-07T18:24:13.198+0000] {logging_mixin.py:154} INFO - [2026-06-07T18:24:13.198+0000] {dagbag.py:536} INFO - Filling up the DagBag from /home/airflow/.local/lib/python3.8/site-packages/airflow/example_dags/example_xcomargs.py
[2026-06-07T18:24:13.269+0000] {processor.py:839} INFO - DAG(s) dict_keys(['example_xcom_args', 'example_xcom_args_with_operators']) retrieved from /home/airflow/.local/lib/python3.8/site-packages/airflow/example_dags/example_xcomargs.py
[2026-06-07T18:24:13.454+0000] {logging_mixin.py:154} INFO - [2026-06-07T18:24:13.453+0000] {dag.py:2941} INFO - Sync 2 DAGs
[2026-06-07T18:24:13.527+0000] {logging_mixin.py:154} INFO - [2026-06-07T18:24:13.527+0000] {dag.py:3722} INFO - Setting next_dagrun for example_xcom_args to None, run_after=None
[2026-06-07T18:24:13.547+0000] {logging_mixin.py:154} INFO - [2026-06-07T18:24:13.547+0000] {dag.py:3722} INFO - Setting next_dagrun for example_xcom_args_with_operators to None, run_after=None
[2026-06-07T18:24:13.691+0000] {processor.py:179} INFO - Processing /home/airflow/.local/lib/python3.8/site-packages/airflow/example_dags/example_xcomargs.py took 0.571 seconds
[2026-06-07T18:24:52.455+0000] {processor.py:157} INFO - Started process (PID=204) to work on /home/airflow/.local/lib/python3.8/site-packages/airflow/example_dags/example_xcomargs.py
[2026-06-07T18:24:52.467+0000] {processor.py:829} INFO - Processing file /home/airflow/.local/lib/python3.8/site-packages/airflow/example_dags/example_xcomargs.py for tasks to queue
[2026-06-07T18:24:52.485+0000] {logging_mixin.py:154} INFO - [2026-06-07T18:24:52.484+0000] {dagbag.py:536} INFO - Filling up the DagBag from /home/airflow/.local/lib/python3.8/site-packages/airflow/example_dags/example_xcomargs.py
[2026-06-07T18:24:52.568+0000] {processor.py:839} INFO - DAG(s) dict_keys(['example_xcom_args', 'example_xcom_args_with_operators']) retrieved from /home/airflow/.local/lib/python3.8/site-packages/airflow/example_dags/example_xcomargs.py
[2026-06-07T18:24:52.795+0000] {logging_mixin.py:154} INFO - [2026-06-07T18:24:52.795+0000] {dag.py:2941} INFO - Sync 2 DAGs
[2026-06-07T18:24:52.936+0000] {logging_mixin.py:154} INFO - [2026-06-07T18:24:52.936+0000] {dag.py:3722} INFO - Setting next_dagrun for example_xcom_args to None, run_after=None
[2026-06-07T18:24:52.983+0000] {logging_mixin.py:154} INFO - [2026-06-07T18:24:52.983+0000] {dag.py:3722} INFO - Setting next_dagrun for example_xcom_args_with_operators to None, run_after=None
[2026-06-07T18:24:53.138+0000] {processor.py:179} INFO - Processing /home/airflow/.local/lib/python3.8/site-packages/airflow/example_dags/example_xcomargs.py took 0.708 seconds
[2026-06-07T18:41:10.785+0000] {processor.py:157} INFO - Started process (PID=82) to work on /home/airflow/.local/lib/python3.8/site-packages/airflow/example_dags/example_xcomargs.py
[2026-06-07T18:41:10.791+0000] {processor.py:829} INFO - Processing file /home/airflow/.local/lib/python3.8/site-packages/airflow/example_dags/example_xcomargs.py for tasks to queue
[2026-06-07T18:41:10.812+0000] {logging_mixin.py:154} INFO - [2026-06-07T18:41:10.812+0000] {dagbag.py:536} INFO - Filling up the DagBag from /home/airflow/.local/lib/python3.8/site-packages/airflow/example_dags/example_xcomargs.py
[2026-06-07T18:41:10.856+0000] {processor.py:839} INFO - DAG(s) dict_keys(['example_xcom_args_with_operators', 'example_xcom_args']) retrieved from /home/airflow/.local/lib/python3.8/site-packages/airflow/example_dags/example_xcomargs.py
[2026-06-07T18:41:11.571+0000] {logging_mixin.py:154} INFO - [2026-06-07T18:41:11.571+0000] {manager.py:499} INFO - Created Permission View: %s
[2026-06-07T18:41:11.627+0000] {logging_mixin.py:154} INFO - [2026-06-07T18:41:11.626+0000] {manager.py:499} INFO - Created Permission View: %s
[2026-06-07T18:41:11.666+0000] {logging_mixin.py:154} INFO - [2026-06-07T18:41:11.666+0000] {manager.py:499} INFO - Created Permission View: %s
[2026-06-07T18:41:11.731+0000] {logging_mixin.py:154} INFO - [2026-06-07T18:41:11.731+0000] {manager.py:499} INFO - Created Permission View: %s
[2026-06-07T18:41:11.794+0000] {logging_mixin.py:154} INFO - [2026-06-07T18:41:11.794+0000] {manager.py:499} INFO - Created Permission View: %s
[2026-06-07T18:41:11.832+0000] {logging_mixin.py:154} INFO - [2026-06-07T18:41:11.831+0000] {manager.py:499} INFO - Created Permission View: %s
[2026-06-07T18:41:11.834+0000] {logging_mixin.py:154} INFO - [2026-06-07T18:41:11.834+0000] {dag.py:2941} INFO - Sync 2 DAGs
[2026-06-07T18:41:11.934+0000] {logging_mixin.py:154} INFO - [2026-06-07T18:41:11.925+0000] {dag.py:2963} INFO - Creating ORM DAG for example_xcom_args
[2026-06-07T18:41:11.947+0000] {logging_mixin.py:154} INFO - [2026-06-07T18:41:11.946+0000] {dag.py:2963} INFO - Creating ORM DAG for example_xcom_args_with_operators
[2026-06-07T18:41:11.949+0000] {logging_mixin.py:154} INFO - [2026-06-07T18:41:11.949+0000] {dag.py:3722} INFO - Setting next_dagrun for example_xcom_args to None, run_after=None
[2026-06-07T18:41:11.957+0000] {logging_mixin.py:154} INFO - [2026-06-07T18:41:11.957+0000] {dag.py:3722} INFO - Setting next_dagrun for example_xcom_args_with_operators to None, run_after=None
[2026-06-07T18:41:12.063+0000] {processor.py:179} INFO - Processing /home/airflow/.local/lib/python3.8/site-packages/airflow/example_dags/example_xcomargs.py took 1.319 seconds
[2026-06-07T18:41:42.674+0000] {processor.py:157} INFO - Started process (PID=138) to work on /home/airflow/.local/lib/python3.8/site-packages/airflow/example_dags/example_xcomargs.py
[2026-06-07T18:41:42.676+0000] {processor.py:829} INFO - Processing file /home/airflow/.local/lib/python3.8/site-packages/airflow/example_dags/example_xcomargs.py for tasks to queue
[2026-06-07T18:41:42.679+0000] {logging_mixin.py:154} INFO - [2026-06-07T18:41:42.679+0000] {dagbag.py:536} INFO - Filling up the DagBag from /home/airflow/.local/lib/python3.8/site-packages/airflow/example_dags/example_xcomargs.py
[2026-06-07T18:41:42.690+0000] {processor.py:839} INFO - DAG(s) dict_keys(['example_xcom_args', 'example_xcom_args_with_operators']) retrieved from /home/airflow/.local/lib/python3.8/site-packages/airflow/example_dags/example_xcomargs.py
[2026-06-07T18:41:42.728+0000] {logging_mixin.py:154} INFO - [2026-06-07T18:41:42.727+0000] {dag.py:2941} INFO - Sync 2 DAGs
[2026-06-07T18:41:42.770+0000] {logging_mixin.py:154} INFO - [2026-06-07T18:41:42.770+0000] {dag.py:3722} INFO - Setting next_dagrun for example_xcom_args to None, run_after=None
[2026-06-07T18:41:42.786+0000] {logging_mixin.py:154} INFO - [2026-06-07T18:41:42.786+0000] {dag.py:3722} INFO - Setting next_dagrun for example_xcom_args_with_operators to None, run_after=None
[2026-06-07T18:41:42.849+0000] {processor.py:179} INFO - Processing /home/airflow/.local/lib/python3.8/site-packages/airflow/example_dags/example_xcomargs.py took 0.180 seconds
[2026-06-07T18:42:13.075+0000] {processor.py:157} INFO - Started process (PID=194) to work on /home/airflow/.local/lib/python3.8/site-packages/airflow/example_dags/example_xcomargs.py
[2026-06-07T18:42:13.078+0000] {processor.py:829} INFO - Processing file /home/airflow/.local/lib/python3.8/site-packages/airflow/example_dags/example_xcomargs.py for tasks to queue
[2026-06-07T18:42:13.080+0000] {logging_mixin.py:154} INFO - [2026-06-07T18:42:13.080+0000] {dagbag.py:536} INFO - Filling up the DagBag from /home/airflow/.local/lib/python3.8/site-packages/airflow/example_dags/example_xcomargs.py
[2026-06-07T18:42:13.114+0000] {processor.py:839} INFO - DAG(s) dict_keys(['example_xcom_args_with_operators', 'example_xcom_args']) retrieved from /home/airflow/.local/lib/python3.8/site-packages/airflow/example_dags/example_xcomargs.py
[2026-06-07T18:42:13.217+0000] {logging_mixin.py:154} INFO - [2026-06-07T18:42:13.217+0000] {dag.py:2941} INFO - Sync 2 DAGs
[2026-06-07T18:42:13.281+0000] {logging_mixin.py:154} INFO - [2026-06-07T18:42:13.280+0000] {dag.py:3722} INFO - Setting next_dagrun for example_xcom_args to None, run_after=None
[2026-06-07T18:42:13.310+0000] {logging_mixin.py:154} INFO - [2026-06-07T18:42:13.309+0000] {dag.py:3722} INFO - Setting next_dagrun for example_xcom_args_with_operators to None, run_after=None
[2026-06-07T18:42:13.383+0000] {processor.py:179} INFO - Processing /home/airflow/.local/lib/python3.8/site-packages/airflow/example_dags/example_xcomargs.py took 0.317 seconds
[2026-06-07T18:42:44.184+0000] {processor.py:157} INFO - Started process (PID=250) to work on /home/airflow/.local/lib/python3.8/site-packages/airflow/example_dags/example_xcomargs.py
[2026-06-07T18:42:44.197+0000] {processor.py:829} INFO - Processing file /home/airflow/.local/lib/python3.8/site-packages/airflow/example_dags/example_xcomargs.py for tasks to queue
[2026-06-07T18:42:44.227+0000] {logging_mixin.py:154} INFO - [2026-06-07T18:42:44.227+0000] {dagbag.py:536} INFO - Filling up the DagBag from /home/airflow/.local/lib/python3.8/site-packages/airflow/example_dags/example_xcomargs.py
[2026-06-07T18:42:44.278+0000] {processor.py:839} INFO - DAG(s) dict_keys(['example_xcom_args_with_operators', 'example_xcom_args']) retrieved from /home/airflow/.local/lib/python3.8/site-packages/airflow/example_dags/example_xcomargs.py
[2026-06-07T18:42:44.466+0000] {logging_mixin.py:154} INFO - [2026-06-07T18:42:44.466+0000] {dag.py:2941} INFO - Sync 2 DAGs
[2026-06-07T18:42:44.541+0000] {logging_mixin.py:154} INFO - [2026-06-07T18:42:44.540+0000] {dag.py:3722} INFO - Setting next_dagrun for example_xcom_args to None, run_after=None
[2026-06-07T18:42:44.565+0000] {logging_mixin.py:154} INFO - [2026-06-07T18:42:44.565+0000] {dag.py:3722} INFO - Setting next_dagrun for example_xcom_args_with_operators to None, run_after=None
[2026-06-07T18:42:44.655+0000] {processor.py:179} INFO - Processing /home/airflow/.local/lib/python3.8/site-packages/airflow/example_dags/example_xcomargs.py took 0.496 seconds
[2026-06-07T18:43:15.470+0000] {processor.py:157} INFO - Started process (PID=306) to work on /home/airflow/.local/lib/python3.8/site-packages/airflow/example_dags/example_xcomargs.py
[2026-06-07T18:43:15.473+0000] {processor.py:829} INFO - Processing file /home/airflow/.local/lib/python3.8/site-packages/airflow/example_dags/example_xcomargs.py for tasks to queue
[2026-06-07T18:43:15.476+0000] {logging_mixin.py:154} INFO - [2026-06-07T18:43:15.476+0000] {dagbag.py:536} INFO - Filling up the DagBag from /home/airflow/.local/lib/python3.8/site-packages/airflow/example_dags/example_xcomargs.py
[2026-06-07T18:43:15.487+0000] {processor.py:839} INFO - DAG(s) dict_keys(['example_xcom_args_with_operators', 'example_xcom_args']) retrieved from /home/airflow/.local/lib/python3.8/site-packages/airflow/example_dags/example_xcomargs.py
[2026-06-07T18:43:15.523+0000] {logging_mixin.py:154} INFO - [2026-06-07T18:43:15.523+0000] {dag.py:2941} INFO - Sync 2 DAGs
[2026-06-07T18:43:15.553+0000] {logging_mixin.py:154} INFO - [2026-06-07T18:43:15.553+0000] {dag.py:3722} INFO - Setting next_dagrun for example_xcom_args to None, run_after=None
[2026-06-07T18:43:15.562+0000] {logging_mixin.py:154} INFO - [2026-06-07T18:43:15.562+0000] {dag.py:3722} INFO - Setting next_dagrun for example_xcom_args_with_operators to None, run_after=None
[2026-06-07T18:43:15.585+0000] {processor.py:179} INFO - Processing /home/airflow/.local/lib/python3.8/site-packages/airflow/example_dags/example_xcomargs.py took 0.120 seconds
[2026-06-07T18:43:46.288+0000] {processor.py:157} INFO - Started process (PID=361) to work on /home/airflow/.local/lib/python3.8/site-packages/airflow/example_dags/example_xcomargs.py
[2026-06-07T18:43:46.311+0000] {processor.py:829} INFO - Processing file /home/airflow/.local/lib/python3.8/site-packages/airflow/example_dags/example_xcomargs.py for tasks to queue
[2026-06-07T18:43:46.323+0000] {logging_mixin.py:154} INFO - [2026-06-07T18:43:46.322+0000] {dagbag.py:536} INFO - Filling up the DagBag from /home/airflow/.local/lib/python3.8/site-packages/airflow/example_dags/example_xcomargs.py
[2026-06-07T18:43:46.364+0000] {processor.py:839} INFO - DAG(s) dict_keys(['example_xcom_args', 'example_xcom_args_with_operators']) retrieved from /home/airflow/.local/lib/python3.8/site-packages/airflow/example_dags/example_xcomargs.py
[2026-06-07T18:43:46.470+0000] {logging_mixin.py:154} INFO - [2026-06-07T18:43:46.470+0000] {dag.py:2941} INFO - Sync 2 DAGs
[2026-06-07T18:43:46.512+0000] {logging_mixin.py:154} INFO - [2026-06-07T18:43:46.511+0000] {dag.py:3722} INFO - Setting next_dagrun for example_xcom_args to None, run_after=None
[2026-06-07T18:43:46.524+0000] {logging_mixin.py:154} INFO - [2026-06-07T18:43:46.523+0000] {dag.py:3722} INFO - Setting next_dagrun for example_xcom_args_with_operators to None, run_after=None
[2026-06-07T18:43:46.590+0000] {processor.py:179} INFO - Processing /home/airflow/.local/lib/python3.8/site-packages/airflow/example_dags/example_xcomargs.py took 0.312 seconds
[2026-06-07T18:44:16.891+0000] {processor.py:157} INFO - Started process (PID=417) to work on /home/airflow/.local/lib/python3.8/site-packages/airflow/example_dags/example_xcomargs.py
[2026-06-07T18:44:16.893+0000] {processor.py:829} INFO - Processing file /home/airflow/.local/lib/python3.8/site-packages/airflow/example_dags/example_xcomargs.py for tasks to queue
[2026-06-07T18:44:16.896+0000] {logging_mixin.py:154} INFO - [2026-06-07T18:44:16.896+0000] {dagbag.py:536} INFO - Filling up the DagBag from /home/airflow/.local/lib/python3.8/site-packages/airflow/example_dags/example_xcomargs.py
[2026-06-07T18:44:16.907+0000] {processor.py:839} INFO - DAG(s) dict_keys(['example_xcom_args', 'example_xcom_args_with_operators']) retrieved from /home/airflow/.local/lib/python3.8/site-packages/airflow/example_dags/example_xcomargs.py
[2026-06-07T18:44:16.944+0000] {logging_mixin.py:154} INFO - [2026-06-07T18:44:16.944+0000] {dag.py:2941} INFO - Sync 2 DAGs
[2026-06-07T18:44:16.965+0000] {logging_mixin.py:154} INFO - [2026-06-07T18:44:16.965+0000] {dag.py:3722} INFO - Setting next_dagrun for example_xcom_args to None, run_after=None
[2026-06-07T18:44:16.971+0000] {logging_mixin.py:154} INFO - [2026-06-07T18:44:16.970+0000] {dag.py:3722} INFO - Setting next_dagrun for example_xcom_args_with_operators to None, run_after=None
[2026-06-07T18:44:17.025+0000] {processor.py:179} INFO - Processing /home/airflow/.local/lib/python3.8/site-packages/airflow/example_dags/example_xcomargs.py took 0.138 seconds
[2026-06-07T18:44:47.324+0000] {processor.py:157} INFO - Started process (PID=473) to work on /home/airflow/.local/lib/python3.8/site-packages/airflow/example_dags/example_xcomargs.py
[2026-06-07T18:44:47.325+0000] {processor.py:829} INFO - Processing file /home/airflow/.local/lib/python3.8/site-packages/airflow/example_dags/example_xcomargs.py for tasks to queue
[2026-06-07T18:44:47.360+0000] {logging_mixin.py:154} INFO - [2026-06-07T18:44:47.360+0000] {dagbag.py:536} INFO - Filling up the DagBag from /home/airflow/.local/lib/python3.8/site-packages/airflow/example_dags/example_xcomargs.py
[2026-06-07T18:44:47.401+0000] {processor.py:839} INFO - DAG(s) dict_keys(['example_xcom_args_with_operators', 'example_xcom_args']) retrieved from /home/airflow/.local/lib/python3.8/site-packages/airflow/example_dags/example_xcomargs.py
[2026-06-07T18:44:47.586+0000] {logging_mixin.py:154} INFO - [2026-06-07T18:44:47.586+0000] {dag.py:2941} INFO - Sync 2 DAGs
[2026-06-07T18:44:47.739+0000] {logging_mixin.py:154} INFO - [2026-06-07T18:44:47.739+0000] {dag.py:3722} INFO - Setting next_dagrun for example_xcom_args to None, run_after=None
[2026-06-07T18:44:47.795+0000] {logging_mixin.py:154} INFO - [2026-06-07T18:44:47.795+0000] {dag.py:3722} INFO - Setting next_dagrun for example_xcom_args_with_operators to None, run_after=None
[2026-06-07T18:44:48.056+0000] {processor.py:179} INFO - Processing /home/airflow/.local/lib/python3.8/site-packages/airflow/example_dags/example_xcomargs.py took 0.761 seconds
[2026-06-07T18:45:18.985+0000] {processor.py:157} INFO - Started process (PID=529) to work on /home/airflow/.local/lib/python3.8/site-packages/airflow/example_dags/example_xcomargs.py
[2026-06-07T18:45:18.987+0000] {processor.py:829} INFO - Processing file /home/airflow/.local/lib/python3.8/site-packages/airflow/example_dags/example_xcomargs.py for tasks to queue
[2026-06-07T18:45:18.989+0000] {logging_mixin.py:154} INFO - [2026-06-07T18:45:18.989+0000] {dagbag.py:536} INFO - Filling up the DagBag from /home/airflow/.local/lib/python3.8/site-packages/airflow/example_dags/example_xcomargs.py
[2026-06-07T18:45:19.002+0000] {processor.py:839} INFO - DAG(s) dict_keys(['example_xcom_args', 'example_xcom_args_with_operators']) retrieved from /home/airflow/.local/lib/python3.8/site-packages/airflow/example_dags/example_xcomargs.py
[2026-06-07T18:45:19.039+0000] {logging_mixin.py:154} INFO - [2026-06-07T18:45:19.039+0000] {dag.py:2941} INFO - Sync 2 DAGs
[2026-06-07T18:45:19.059+0000] {logging_mixin.py:154} INFO - [2026-06-07T18:45:19.059+0000] {dag.py:3722} INFO - Setting next_dagrun for example_xcom_args to None, run_after=None
[2026-06-07T18:45:19.065+0000] {logging_mixin.py:154} INFO - [2026-06-07T18:45:19.064+0000] {dag.py:3722} INFO - Setting next_dagrun for example_xcom_args_with_operators to None, run_after=None
[2026-06-07T18:45:19.088+0000] {processor.py:179} INFO - Processing /home/airflow/.local/lib/python3.8/site-packages/airflow/example_dags/example_xcomargs.py took 0.107 seconds
[2026-06-07T18:45:49.365+0000] {processor.py:157} INFO - Started process (PID=585) to work on /home/airflow/.local/lib/python3.8/site-packages/airflow/example_dags/example_xcomargs.py
[2026-06-07T18:45:49.366+0000] {processor.py:829} INFO - Processing file /home/airflow/.local/lib/python3.8/site-packages/airflow/example_dags/example_xcomargs.py for tasks to queue
[2026-06-07T18:45:49.369+0000] {logging_mixin.py:154} INFO - [2026-06-07T18:45:49.368+0000] {dagbag.py:536} INFO - Filling up the DagBag from /home/airflow/.local/lib/python3.8/site-packages/airflow/example_dags/example_xcomargs.py
[2026-06-07T18:45:49.380+0000] {processor.py:839} INFO - DAG(s) dict_keys(['example_xcom_args', 'example_xcom_args_with_operators']) retrieved from /home/airflow/.local/lib/python3.8/site-packages/airflow/example_dags/example_xcomargs.py
[2026-06-07T18:45:49.420+0000] {logging_mixin.py:154} INFO - [2026-06-07T18:45:49.420+0000] {dag.py:2941} INFO - Sync 2 DAGs
[2026-06-07T18:45:49.441+0000] {logging_mixin.py:154} INFO - [2026-06-07T18:45:49.441+0000] {dag.py:3722} INFO - Setting next_dagrun for example_xcom_args to None, run_after=None
[2026-06-07T18:45:49.446+0000] {logging_mixin.py:154} INFO - [2026-06-07T18:45:49.446+0000] {dag.py:3722} INFO - Setting next_dagrun for example_xcom_args_with_operators to None, run_after=None
[2026-06-07T18:45:49.479+0000] {processor.py:179} INFO - Processing /home/airflow/.local/lib/python3.8/site-packages/airflow/example_dags/example_xcomargs.py took 0.119 seconds
[2026-06-07T18:46:20.301+0000] {processor.py:157} INFO - Started process (PID=641) to work on /home/airflow/.local/lib/python3.8/site-packages/airflow/example_dags/example_xcomargs.py
[2026-06-07T18:46:20.302+0000] {processor.py:829} INFO - Processing file /home/airflow/.local/lib/python3.8/site-packages/airflow/example_dags/example_xcomargs.py for tasks to queue
[2026-06-07T18:46:20.305+0000] {logging_mixin.py:154} INFO - [2026-06-07T18:46:20.304+0000] {dagbag.py:536} INFO - Filling up the DagBag from /home/airflow/.local/lib/python3.8/site-packages/airflow/example_dags/example_xcomargs.py
[2026-06-07T18:46:20.316+0000] {processor.py:839} INFO - DAG(s) dict_keys(['example_xcom_args_with_operators', 'example_xcom_args']) retrieved from /home/airflow/.local/lib/python3.8/site-packages/airflow/example_dags/example_xcomargs.py
[2026-06-07T18:46:20.350+0000] {logging_mixin.py:154} INFO - [2026-06-07T18:46:20.350+0000] {dag.py:2941} INFO - Sync 2 DAGs
[2026-06-07T18:46:20.370+0000] {logging_mixin.py:154} INFO - [2026-06-07T18:46:20.369+0000] {dag.py:3722} INFO - Setting next_dagrun for example_xcom_args to None, run_after=None
[2026-06-07T18:46:20.375+0000] {logging_mixin.py:154} INFO - [2026-06-07T18:46:20.374+0000] {dag.py:3722} INFO - Setting next_dagrun for example_xcom_args_with_operators to None, run_after=None
[2026-06-07T18:46:20.396+0000] {processor.py:179} INFO - Processing /home/airflow/.local/lib/python3.8/site-packages/airflow/example_dags/example_xcomargs.py took 0.100 seconds
[2026-06-07T18:46:50.690+0000] {processor.py:157} INFO - Started process (PID=697) to work on /home/airflow/.local/lib/python3.8/site-packages/airflow/example_dags/example_xcomargs.py
[2026-06-07T18:46:50.691+0000] {processor.py:829} INFO - Processing file /home/airflow/.local/lib/python3.8/site-packages/airflow/example_dags/example_xcomargs.py for tasks to queue
[2026-06-07T18:46:50.694+0000] {logging_mixin.py:154} INFO - [2026-06-07T18:46:50.694+0000] {dagbag.py:536} INFO - Filling up the DagBag from /home/airflow/.local/lib/python3.8/site-packages/airflow/example_dags/example_xcomargs.py
[2026-06-07T18:46:50.706+0000] {processor.py:839} INFO - DAG(s) dict_keys(['example_xcom_args_with_operators', 'example_xcom_args']) retrieved from /home/airflow/.local/lib/python3.8/site-packages/airflow/example_dags/example_xcomargs.py
[2026-06-07T18:46:50.742+0000] {logging_mixin.py:154} INFO - [2026-06-07T18:46:50.742+0000] {dag.py:2941} INFO - Sync 2 DAGs
[2026-06-07T18:46:50.762+0000] {logging_mixin.py:154} INFO - [2026-06-07T18:46:50.762+0000] {dag.py:3722} INFO - Setting next_dagrun for example_xcom_args to None, run_after=None
[2026-06-07T18:46:50.767+0000] {logging_mixin.py:154} INFO - [2026-06-07T18:46:50.767+0000] {dag.py:3722} INFO - Setting next_dagrun for example_xcom_args_with_operators to None, run_after=None
[2026-06-07T18:46:50.801+0000] {processor.py:179} INFO - Processing /home/airflow/.local/lib/python3.8/site-packages/airflow/example_dags/example_xcomargs.py took 0.115 seconds
[2026-06-07T18:47:20.907+0000] {processor.py:157} INFO - Started process (PID=753) to work on /home/airflow/.local/lib/python3.8/site-packages/airflow/example_dags/example_xcomargs.py
[2026-06-07T18:47:20.914+0000] {processor.py:829} INFO - Processing file /home/airflow/.local/lib/python3.8/site-packages/airflow/example_dags/example_xcomargs.py for tasks to queue
[2026-06-07T18:47:20.917+0000] {logging_mixin.py:154} INFO - [2026-06-07T18:47:20.917+0000] {dagbag.py:536} INFO - Filling up the DagBag from /home/airflow/.local/lib/python3.8/site-packages/airflow/example_dags/example_xcomargs.py
[2026-06-07T18:47:20.937+0000] {processor.py:839} INFO - DAG(s) dict_keys(['example_xcom_args_with_operators', 'example_xcom_args']) retrieved from /home/airflow/.local/lib/python3.8/site-packages/airflow/example_dags/example_xcomargs.py
[2026-06-07T18:47:21.021+0000] {logging_mixin.py:154} INFO - [2026-06-07T18:47:21.020+0000] {dag.py:2941} INFO - Sync 2 DAGs
[2026-06-07T18:47:21.068+0000] {logging_mixin.py:154} INFO - [2026-06-07T18:47:21.068+0000] {dag.py:3722} INFO - Setting next_dagrun for example_xcom_args to None, run_after=None
[2026-06-07T18:47:21.079+0000] {logging_mixin.py:154} INFO - [2026-06-07T18:47:21.078+0000] {dag.py:3722} INFO - Setting next_dagrun for example_xcom_args_with_operators to None, run_after=None
[2026-06-07T18:47:21.119+0000] {processor.py:179} INFO - Processing /home/airflow/.local/lib/python3.8/site-packages/airflow/example_dags/example_xcomargs.py took 0.226 seconds
[2026-06-07T18:47:51.706+0000] {processor.py:157} INFO - Started process (PID=808) to work on /home/airflow/.local/lib/python3.8/site-packages/airflow/example_dags/example_xcomargs.py
[2026-06-07T18:47:51.707+0000] {processor.py:829} INFO - Processing file /home/airflow/.local/lib/python3.8/site-packages/airflow/example_dags/example_xcomargs.py for tasks to queue
[2026-06-07T18:47:51.710+0000] {logging_mixin.py:154} INFO - [2026-06-07T18:47:51.709+0000] {dagbag.py:536} INFO - Filling up the DagBag from /home/airflow/.local/lib/python3.8/site-packages/airflow/example_dags/example_xcomargs.py
[2026-06-07T18:47:51.721+0000] {processor.py:839} INFO - DAG(s) dict_keys(['example_xcom_args_with_operators', 'example_xcom_args']) retrieved from /home/airflow/.local/lib/python3.8/site-packages/airflow/example_dags/example_xcomargs.py
[2026-06-07T18:47:51.755+0000] {logging_mixin.py:154} INFO - [2026-06-07T18:47:51.755+0000] {dag.py:2941} INFO - Sync 2 DAGs
[2026-06-07T18:47:51.774+0000] {logging_mixin.py:154} INFO - [2026-06-07T18:47:51.774+0000] {dag.py:3722} INFO - Setting next_dagrun for example_xcom_args to None, run_after=None
[2026-06-07T18:47:51.779+0000] {logging_mixin.py:154} INFO - [2026-06-07T18:47:51.779+0000] {dag.py:3722} INFO - Setting next_dagrun for example_xcom_args_with_operators to None, run_after=None
[2026-06-07T18:47:51.819+0000] {processor.py:179} INFO - Processing /home/airflow/.local/lib/python3.8/site-packages/airflow/example_dags/example_xcomargs.py took 0.117 seconds
[2026-06-07T18:48:22.112+0000] {processor.py:157} INFO - Started process (PID=864) to work on /home/airflow/.local/lib/python3.8/site-packages/airflow/example_dags/example_xcomargs.py
[2026-06-07T18:48:22.113+0000] {processor.py:829} INFO - Processing file /home/airflow/.local/lib/python3.8/site-packages/airflow/example_dags/example_xcomargs.py for tasks to queue
[2026-06-07T18:48:22.122+0000] {logging_mixin.py:154} INFO - [2026-06-07T18:48:22.121+0000] {dagbag.py:536} INFO - Filling up the DagBag from /home/airflow/.local/lib/python3.8/site-packages/airflow/example_dags/example_xcomargs.py
[2026-06-07T18:48:22.154+0000] {processor.py:839} INFO - DAG(s) dict_keys(['example_xcom_args_with_operators', 'example_xcom_args']) retrieved from /home/airflow/.local/lib/python3.8/site-packages/airflow/example_dags/example_xcomargs.py
[2026-06-07T18:48:22.330+0000] {logging_mixin.py:154} INFO - [2026-06-07T18:48:22.330+0000] {dag.py:2941} INFO - Sync 2 DAGs
[2026-06-07T18:48:22.427+0000] {logging_mixin.py:154} INFO - [2026-06-07T18:48:22.427+0000] {dag.py:3722} INFO - Setting next_dagrun for example_xcom_args to None, run_after=None
[2026-06-07T18:48:22.447+0000] {logging_mixin.py:154} INFO - [2026-06-07T18:48:22.447+0000] {dag.py:3722} INFO - Setting next_dagrun for example_xcom_args_with_operators to None, run_after=None
[2026-06-07T18:48:22.514+0000] {processor.py:179} INFO - Processing /home/airflow/.local/lib/python3.8/site-packages/airflow/example_dags/example_xcomargs.py took 0.417 seconds
[2026-06-07T18:48:52.583+0000] {processor.py:157} INFO - Started process (PID=919) to work on /home/airflow/.local/lib/python3.8/site-packages/airflow/example_dags/example_xcomargs.py
[2026-06-07T18:48:52.584+0000] {processor.py:829} INFO - Processing file /home/airflow/.local/lib/python3.8/site-packages/airflow/example_dags/example_xcomargs.py for tasks to queue
[2026-06-07T18:48:52.587+0000] {logging_mixin.py:154} INFO - [2026-06-07T18:48:52.587+0000] {dagbag.py:536} INFO - Filling up the DagBag from /home/airflow/.local/lib/python3.8/site-packages/airflow/example_dags/example_xcomargs.py
[2026-06-07T18:48:52.600+0000] {processor.py:839} INFO - DAG(s) dict_keys(['example_xcom_args', 'example_xcom_args_with_operators']) retrieved from /home/airflow/.local/lib/python3.8/site-packages/airflow/example_dags/example_xcomargs.py
[2026-06-07T18:48:52.639+0000] {logging_mixin.py:154} INFO - [2026-06-07T18:48:52.638+0000] {dag.py:2941} INFO - Sync 2 DAGs
[2026-06-07T18:48:52.658+0000] {logging_mixin.py:154} INFO - [2026-06-07T18:48:52.658+0000] {dag.py:3722} INFO - Setting next_dagrun for example_xcom_args to None, run_after=None
[2026-06-07T18:48:52.663+0000] {logging_mixin.py:154} INFO - [2026-06-07T18:48:52.663+0000] {dag.py:3722} INFO - Setting next_dagrun for example_xcom_args_with_operators to None, run_after=None
[2026-06-07T18:48:52.686+0000] {processor.py:179} INFO - Processing /home/airflow/.local/lib/python3.8/site-packages/airflow/example_dags/example_xcomargs.py took 0.108 seconds
[2026-06-07T18:49:22.961+0000] {processor.py:157} INFO - Started process (PID=975) to work on /home/airflow/.local/lib/python3.8/site-packages/airflow/example_dags/example_xcomargs.py
[2026-06-07T18:49:22.961+0000] {processor.py:829} INFO - Processing file /home/airflow/.local/lib/python3.8/site-packages/airflow/example_dags/example_xcomargs.py for tasks to queue
[2026-06-07T18:49:22.964+0000] {logging_mixin.py:154} INFO - [2026-06-07T18:49:22.964+0000] {dagbag.py:536} INFO - Filling up the DagBag from /home/airflow/.local/lib/python3.8/site-packages/airflow/example_dags/example_xcomargs.py
[2026-06-07T18:49:22.974+0000] {processor.py:839} INFO - DAG(s) dict_keys(['example_xcom_args', 'example_xcom_args_with_operators']) retrieved from /home/airflow/.local/lib/python3.8/site-packages/airflow/example_dags/example_xcomargs.py
[2026-06-07T18:49:23.000+0000] {logging_mixin.py:154} INFO - [2026-06-07T18:49:23.000+0000] {dag.py:2941} INFO - Sync 2 DAGs
[2026-06-07T18:49:23.014+0000] {logging_mixin.py:154} INFO - [2026-06-07T18:49:23.014+0000] {dag.py:3722} INFO - Setting next_dagrun for example_xcom_args to None, run_after=None
[2026-06-07T18:49:23.018+0000] {logging_mixin.py:154} INFO - [2026-06-07T18:49:23.017+0000] {dag.py:3722} INFO - Setting next_dagrun for example_xcom_args_with_operators to None, run_after=None
[2026-06-07T18:49:23.036+0000] {processor.py:179} INFO - Processing /home/airflow/.local/lib/python3.8/site-packages/airflow/example_dags/example_xcomargs.py took 0.079 seconds
[2026-06-07T18:49:53.519+0000] {processor.py:157} INFO - Started process (PID=1031) to work on /home/airflow/.local/lib/python3.8/site-packages/airflow/example_dags/example_xcomargs.py
[2026-06-07T18:49:53.521+0000] {processor.py:829} INFO - Processing file /home/airflow/.local/lib/python3.8/site-packages/airflow/example_dags/example_xcomargs.py for tasks to queue
[2026-06-07T18:49:53.523+0000] {logging_mixin.py:154} INFO - [2026-06-07T18:49:53.523+0000] {dagbag.py:536} INFO - Filling up the DagBag from /home/airflow/.local/lib/python3.8/site-packages/airflow/example_dags/example_xcomargs.py
[2026-06-07T18:49:53.533+0000] {processor.py:839} INFO - DAG(s) dict_keys(['example_xcom_args_with_operators', 'example_xcom_args']) retrieved from /home/airflow/.local/lib/python3.8/site-packages/airflow/example_dags/example_xcomargs.py
[2026-06-07T18:49:53.557+0000] {logging_mixin.py:154} INFO - [2026-06-07T18:49:53.557+0000] {dag.py:2941} INFO - Sync 2 DAGs
[2026-06-07T18:49:53.571+0000] {logging_mixin.py:154} INFO - [2026-06-07T18:49:53.571+0000] {dag.py:3722} INFO - Setting next_dagrun for example_xcom_args to None, run_after=None
[2026-06-07T18:49:53.579+0000] {logging_mixin.py:154} INFO - [2026-06-07T18:49:53.579+0000] {dag.py:3722} INFO - Setting next_dagrun for example_xcom_args_with_operators to None, run_after=None
[2026-06-07T18:49:53.602+0000] {processor.py:179} INFO - Processing /home/airflow/.local/lib/python3.8/site-packages/airflow/example_dags/example_xcomargs.py took 0.087 seconds
[2026-06-07T18:50:24.535+0000] {processor.py:157} INFO - Started process (PID=1086) to work on /home/airflow/.local/lib/python3.8/site-packages/airflow/example_dags/example_xcomargs.py
[2026-06-07T18:50:24.537+0000] {processor.py:829} INFO - Processing file /home/airflow/.local/lib/python3.8/site-packages/airflow/example_dags/example_xcomargs.py for tasks to queue
[2026-06-07T18:50:24.540+0000] {logging_mixin.py:154} INFO - [2026-06-07T18:50:24.540+0000] {dagbag.py:536} INFO - Filling up the DagBag from /home/airflow/.local/lib/python3.8/site-packages/airflow/example_dags/example_xcomargs.py
[2026-06-07T18:50:24.551+0000] {processor.py:839} INFO - DAG(s) dict_keys(['example_xcom_args_with_operators', 'example_xcom_args']) retrieved from /home/airflow/.local/lib/python3.8/site-packages/airflow/example_dags/example_xcomargs.py
[2026-06-07T18:50:24.622+0000] {logging_mixin.py:154} INFO - [2026-06-07T18:50:24.622+0000] {dag.py:2941} INFO - Sync 2 DAGs
[2026-06-07T18:50:24.644+0000] {logging_mixin.py:154} INFO - [2026-06-07T18:50:24.644+0000] {dag.py:3722} INFO - Setting next_dagrun for example_xcom_args to None, run_after=None
[2026-06-07T18:50:24.650+0000] {logging_mixin.py:154} INFO - [2026-06-07T18:50:24.650+0000] {dag.py:3722} INFO - Setting next_dagrun for example_xcom_args_with_operators to None, run_after=None
[2026-06-07T18:50:24.680+0000] {processor.py:179} INFO - Processing /home/airflow/.local/lib/python3.8/site-packages/airflow/example_dags/example_xcomargs.py took 0.149 seconds
[2026-06-07T18:50:55.057+0000] {processor.py:157} INFO - Started process (PID=1142) to work on /home/airflow/.local/lib/python3.8/site-packages/airflow/example_dags/example_xcomargs.py
[2026-06-07T18:50:55.062+0000] {processor.py:829} INFO - Processing file /home/airflow/.local/lib/python3.8/site-packages/airflow/example_dags/example_xcomargs.py for tasks to queue
[2026-06-07T18:50:55.065+0000] {logging_mixin.py:154} INFO - [2026-06-07T18:50:55.065+0000] {dagbag.py:536} INFO - Filling up the DagBag from /home/airflow/.local/lib/python3.8/site-packages/airflow/example_dags/example_xcomargs.py
[2026-06-07T18:50:55.080+0000] {processor.py:839} INFO - DAG(s) dict_keys(['example_xcom_args', 'example_xcom_args_with_operators']) retrieved from /home/airflow/.local/lib/python3.8/site-packages/airflow/example_dags/example_xcomargs.py
[2026-06-07T18:50:55.115+0000] {logging_mixin.py:154} INFO - [2026-06-07T18:50:55.115+0000] {dag.py:2941} INFO - Sync 2 DAGs
[2026-06-07T18:50:55.135+0000] {logging_mixin.py:154} INFO - [2026-06-07T18:50:55.134+0000] {dag.py:3722} INFO - Setting next_dagrun for example_xcom_args to None, run_after=None
[2026-06-07T18:50:55.140+0000] {logging_mixin.py:154} INFO - [2026-06-07T18:50:55.140+0000] {dag.py:3722} INFO - Setting next_dagrun for example_xcom_args_with_operators to None, run_after=None
[2026-06-07T18:50:55.176+0000] {processor.py:179} INFO - Processing /home/airflow/.local/lib/python3.8/site-packages/airflow/example_dags/example_xcomargs.py took 0.123 seconds
[2026-06-07T18:51:27.620+0000] {processor.py:157} INFO - Started process (PID=1198) to work on /home/airflow/.local/lib/python3.8/site-packages/airflow/example_dags/example_xcomargs.py
[2026-06-07T18:51:27.630+0000] {processor.py:829} INFO - Processing file /home/airflow/.local/lib/python3.8/site-packages/airflow/example_dags/example_xcomargs.py for tasks to queue
[2026-06-07T18:51:27.633+0000] {logging_mixin.py:154} INFO - [2026-06-07T18:51:27.633+0000] {dagbag.py:536} INFO - Filling up the DagBag from /home/airflow/.local/lib/python3.8/site-packages/airflow/example_dags/example_xcomargs.py
[2026-06-07T18:51:27.661+0000] {processor.py:839} INFO - DAG(s) dict_keys(['example_xcom_args_with_operators', 'example_xcom_args']) retrieved from /home/airflow/.local/lib/python3.8/site-packages/airflow/example_dags/example_xcomargs.py
[2026-06-07T18:51:27.758+0000] {logging_mixin.py:154} INFO - [2026-06-07T18:51:27.758+0000] {dag.py:2941} INFO - Sync 2 DAGs
[2026-06-07T18:51:27.811+0000] {logging_mixin.py:154} INFO - [2026-06-07T18:51:27.811+0000] {dag.py:3722} INFO - Setting next_dagrun for example_xcom_args to None, run_after=None
[2026-06-07T18:51:27.835+0000] {logging_mixin.py:154} INFO - [2026-06-07T18:51:27.834+0000] {dag.py:3722} INFO - Setting next_dagrun for example_xcom_args_with_operators to None, run_after=None
[2026-06-07T18:51:27.946+0000] {processor.py:179} INFO - Processing /home/airflow/.local/lib/python3.8/site-packages/airflow/example_dags/example_xcomargs.py took 0.342 seconds
[2026-06-07T18:51:58.412+0000] {processor.py:157} INFO - Started process (PID=1258) to work on /home/airflow/.local/lib/python3.8/site-packages/airflow/example_dags/example_xcomargs.py
[2026-06-07T18:51:58.413+0000] {processor.py:829} INFO - Processing file /home/airflow/.local/lib/python3.8/site-packages/airflow/example_dags/example_xcomargs.py for tasks to queue
[2026-06-07T18:51:58.416+0000] {logging_mixin.py:154} INFO - [2026-06-07T18:51:58.415+0000] {dagbag.py:536} INFO - Filling up the DagBag from /home/airflow/.local/lib/python3.8/site-packages/airflow/example_dags/example_xcomargs.py
[2026-06-07T18:51:58.426+0000] {processor.py:839} INFO - DAG(s) dict_keys(['example_xcom_args_with_operators', 'example_xcom_args']) retrieved from /home/airflow/.local/lib/python3.8/site-packages/airflow/example_dags/example_xcomargs.py
[2026-06-07T18:51:58.460+0000] {logging_mixin.py:154} INFO - [2026-06-07T18:51:58.460+0000] {dag.py:2941} INFO - Sync 2 DAGs
[2026-06-07T18:51:58.479+0000] {logging_mixin.py:154} INFO - [2026-06-07T18:51:58.479+0000] {dag.py:3722} INFO - Setting next_dagrun for example_xcom_args to None, run_after=None
[2026-06-07T18:51:58.486+0000] {logging_mixin.py:154} INFO - [2026-06-07T18:51:58.485+0000] {dag.py:3722} INFO - Setting next_dagrun for example_xcom_args_with_operators to None, run_after=None
[2026-06-07T18:51:58.508+0000] {processor.py:179} INFO - Processing /home/airflow/.local/lib/python3.8/site-packages/airflow/example_dags/example_xcomargs.py took 0.100 seconds
[2026-06-07T18:52:29.880+0000] {processor.py:157} INFO - Started process (PID=1314) to work on /home/airflow/.local/lib/python3.8/site-packages/airflow/example_dags/example_xcomargs.py
[2026-06-07T18:52:29.900+0000] {processor.py:829} INFO - Processing file /home/airflow/.local/lib/python3.8/site-packages/airflow/example_dags/example_xcomargs.py for tasks to queue
[2026-06-07T18:52:29.908+0000] {logging_mixin.py:154} INFO - [2026-06-07T18:52:29.907+0000] {dagbag.py:536} INFO - Filling up the DagBag from /home/airflow/.local/lib/python3.8/site-packages/airflow/example_dags/example_xcomargs.py
[2026-06-07T18:52:29.962+0000] {processor.py:839} INFO - DAG(s) dict_keys(['example_xcom_args', 'example_xcom_args_with_operators']) retrieved from /home/airflow/.local/lib/python3.8/site-packages/airflow/example_dags/example_xcomargs.py
[2026-06-07T18:52:30.068+0000] {logging_mixin.py:154} INFO - [2026-06-07T18:52:30.068+0000] {dag.py:2941} INFO - Sync 2 DAGs
[2026-06-07T18:52:31.005+0000] {logging_mixin.py:154} INFO - [2026-06-07T18:52:30.997+0000] {dag.py:3722} INFO - Setting next_dagrun for example_xcom_args to None, run_after=None
[2026-06-07T18:52:31.032+0000] {logging_mixin.py:154} INFO - [2026-06-07T18:52:31.031+0000] {dag.py:3722} INFO - Setting next_dagrun for example_xcom_args_with_operators to None, run_after=None
[2026-06-07T18:52:31.083+0000] {processor.py:179} INFO - Processing /home/airflow/.local/lib/python3.8/site-packages/airflow/example_dags/example_xcomargs.py took 1.208 seconds
[2026-06-07T18:55:31.385+0000] {processor.py:157} INFO - Started process (PID=75) to work on /home/airflow/.local/lib/python3.8/site-packages/airflow/example_dags/example_xcomargs.py
[2026-06-07T18:55:31.410+0000] {processor.py:829} INFO - Processing file /home/airflow/.local/lib/python3.8/site-packages/airflow/example_dags/example_xcomargs.py for tasks to queue
[2026-06-07T18:55:31.415+0000] {logging_mixin.py:154} INFO - [2026-06-07T18:55:31.414+0000] {dagbag.py:536} INFO - Filling up the DagBag from /home/airflow/.local/lib/python3.8/site-packages/airflow/example_dags/example_xcomargs.py
[2026-06-07T18:55:31.479+0000] {processor.py:839} INFO - DAG(s) dict_keys(['example_xcom_args', 'example_xcom_args_with_operators']) retrieved from /home/airflow/.local/lib/python3.8/site-packages/airflow/example_dags/example_xcomargs.py
[2026-06-07T18:55:31.741+0000] {logging_mixin.py:154} INFO - [2026-06-07T18:55:31.740+0000] {dag.py:2941} INFO - Sync 2 DAGs
[2026-06-07T18:55:31.869+0000] {logging_mixin.py:154} INFO - [2026-06-07T18:55:31.868+0000] {dag.py:3722} INFO - Setting next_dagrun for example_xcom_args to None, run_after=None
[2026-06-07T18:55:31.889+0000] {logging_mixin.py:154} INFO - [2026-06-07T18:55:31.888+0000] {dag.py:3722} INFO - Setting next_dagrun for example_xcom_args_with_operators to None, run_after=None
[2026-06-07T18:55:31.978+0000] {processor.py:179} INFO - Processing /home/airflow/.local/lib/python3.8/site-packages/airflow/example_dags/example_xcomargs.py took 0.626 seconds
[2026-06-07T18:56:02.823+0000] {processor.py:157} INFO - Started process (PID=131) to work on /home/airflow/.local/lib/python3.8/site-packages/airflow/example_dags/example_xcomargs.py
[2026-06-07T18:56:02.825+0000] {processor.py:829} INFO - Processing file /home/airflow/.local/lib/python3.8/site-packages/airflow/example_dags/example_xcomargs.py for tasks to queue
[2026-06-07T18:56:02.828+0000] {logging_mixin.py:154} INFO - [2026-06-07T18:56:02.827+0000] {dagbag.py:536} INFO - Filling up the DagBag from /home/airflow/.local/lib/python3.8/site-packages/airflow/example_dags/example_xcomargs.py
[2026-06-07T18:56:02.843+0000] {processor.py:839} INFO - DAG(s) dict_keys(['example_xcom_args', 'example_xcom_args_with_operators']) retrieved from /home/airflow/.local/lib/python3.8/site-packages/airflow/example_dags/example_xcomargs.py
[2026-06-07T18:56:02.877+0000] {logging_mixin.py:154} INFO - [2026-06-07T18:56:02.877+0000] {dag.py:2941} INFO - Sync 2 DAGs
[2026-06-07T18:56:02.904+0000] {logging_mixin.py:154} INFO - [2026-06-07T18:56:02.903+0000] {dag.py:3722} INFO - Setting next_dagrun for example_xcom_args to None, run_after=None
[2026-06-07T18:56:02.919+0000] {logging_mixin.py:154} INFO - [2026-06-07T18:56:02.918+0000] {dag.py:3722} INFO - Setting next_dagrun for example_xcom_args_with_operators to None, run_after=None
[2026-06-07T18:56:02.960+0000] {processor.py:179} INFO - Processing /home/airflow/.local/lib/python3.8/site-packages/airflow/example_dags/example_xcomargs.py took 0.150 seconds
[2026-06-07T18:56:33.182+0000] {processor.py:157} INFO - Started process (PID=187) to work on /home/airflow/.local/lib/python3.8/site-packages/airflow/example_dags/example_xcomargs.py
[2026-06-07T18:56:33.189+0000] {processor.py:829} INFO - Processing file /home/airflow/.local/lib/python3.8/site-packages/airflow/example_dags/example_xcomargs.py for tasks to queue
[2026-06-07T18:56:33.192+0000] {logging_mixin.py:154} INFO - [2026-06-07T18:56:33.191+0000] {dagbag.py:536} INFO - Filling up the DagBag from /home/airflow/.local/lib/python3.8/site-packages/airflow/example_dags/example_xcomargs.py
[2026-06-07T18:56:33.216+0000] {processor.py:839} INFO - DAG(s) dict_keys(['example_xcom_args_with_operators', 'example_xcom_args']) retrieved from /home/airflow/.local/lib/python3.8/site-packages/airflow/example_dags/example_xcomargs.py
[2026-06-07T18:56:33.296+0000] {logging_mixin.py:154} INFO - [2026-06-07T18:56:33.295+0000] {dag.py:2941} INFO - Sync 2 DAGs
[2026-06-07T18:56:33.316+0000] {logging_mixin.py:154} INFO - [2026-06-07T18:56:33.315+0000] {dag.py:3722} INFO - Setting next_dagrun for example_xcom_args to None, run_after=None
[2026-06-07T18:56:33.322+0000] {logging_mixin.py:154} INFO - [2026-06-07T18:56:33.321+0000] {dag.py:3722} INFO - Setting next_dagrun for example_xcom_args_with_operators to None, run_after=None
[2026-06-07T18:56:33.374+0000] {processor.py:179} INFO - Processing /home/airflow/.local/lib/python3.8/site-packages/airflow/example_dags/example_xcomargs.py took 0.196 seconds
[2026-06-07T18:57:04.056+0000] {processor.py:157} INFO - Started process (PID=243) to work on /home/airflow/.local/lib/python3.8/site-packages/airflow/example_dags/example_xcomargs.py
[2026-06-07T18:57:04.058+0000] {processor.py:829} INFO - Processing file /home/airflow/.local/lib/python3.8/site-packages/airflow/example_dags/example_xcomargs.py for tasks to queue
[2026-06-07T18:57:04.060+0000] {logging_mixin.py:154} INFO - [2026-06-07T18:57:04.060+0000] {dagbag.py:536} INFO - Filling up the DagBag from /home/airflow/.local/lib/python3.8/site-packages/airflow/example_dags/example_xcomargs.py
[2026-06-07T18:57:04.077+0000] {processor.py:839} INFO - DAG(s) dict_keys(['example_xcom_args', 'example_xcom_args_with_operators']) retrieved from /home/airflow/.local/lib/python3.8/site-packages/airflow/example_dags/example_xcomargs.py
[2026-06-07T18:57:04.111+0000] {logging_mixin.py:154} INFO - [2026-06-07T18:57:04.111+0000] {dag.py:2941} INFO - Sync 2 DAGs
[2026-06-07T18:57:04.130+0000] {logging_mixin.py:154} INFO - [2026-06-07T18:57:04.129+0000] {dag.py:3722} INFO - Setting next_dagrun for example_xcom_args to None, run_after=None
[2026-06-07T18:57:04.135+0000] {logging_mixin.py:154} INFO - [2026-06-07T18:57:04.134+0000] {dag.py:3722} INFO - Setting next_dagrun for example_xcom_args_with_operators to None, run_after=None
[2026-06-07T18:57:04.156+0000] {processor.py:179} INFO - Processing /home/airflow/.local/lib/python3.8/site-packages/airflow/example_dags/example_xcomargs.py took 0.107 seconds
[2026-06-07T18:57:34.691+0000] {processor.py:157} INFO - Started process (PID=299) to work on /home/airflow/.local/lib/python3.8/site-packages/airflow/example_dags/example_xcomargs.py
[2026-06-07T18:57:34.693+0000] {processor.py:829} INFO - Processing file /home/airflow/.local/lib/python3.8/site-packages/airflow/example_dags/example_xcomargs.py for tasks to queue
[2026-06-07T18:57:34.696+0000] {logging_mixin.py:154} INFO - [2026-06-07T18:57:34.696+0000] {dagbag.py:536} INFO - Filling up the DagBag from /home/airflow/.local/lib/python3.8/site-packages/airflow/example_dags/example_xcomargs.py
[2026-06-07T18:57:34.712+0000] {processor.py:839} INFO - DAG(s) dict_keys(['example_xcom_args_with_operators', 'example_xcom_args']) retrieved from /home/airflow/.local/lib/python3.8/site-packages/airflow/example_dags/example_xcomargs.py
[2026-06-07T18:57:34.745+0000] {logging_mixin.py:154} INFO - [2026-06-07T18:57:34.744+0000] {dag.py:2941} INFO - Sync 2 DAGs
[2026-06-07T18:57:34.763+0000] {logging_mixin.py:154} INFO - [2026-06-07T18:57:34.763+0000] {dag.py:3722} INFO - Setting next_dagrun for example_xcom_args to None, run_after=None
[2026-06-07T18:57:34.768+0000] {logging_mixin.py:154} INFO - [2026-06-07T18:57:34.768+0000] {dag.py:3722} INFO - Setting next_dagrun for example_xcom_args_with_operators to None, run_after=None
[2026-06-07T18:57:34.800+0000] {processor.py:179} INFO - Processing /home/airflow/.local/lib/python3.8/site-packages/airflow/example_dags/example_xcomargs.py took 0.114 seconds
[2026-06-07T18:58:05.624+0000] {processor.py:157} INFO - Started process (PID=356) to work on /home/airflow/.local/lib/python3.8/site-packages/airflow/example_dags/example_xcomargs.py
[2026-06-07T18:58:05.642+0000] {processor.py:829} INFO - Processing file /home/airflow/.local/lib/python3.8/site-packages/airflow/example_dags/example_xcomargs.py for tasks to queue
[2026-06-07T18:58:05.655+0000] {logging_mixin.py:154} INFO - [2026-06-07T18:58:05.654+0000] {dagbag.py:536} INFO - Filling up the DagBag from /home/airflow/.local/lib/python3.8/site-packages/airflow/example_dags/example_xcomargs.py
[2026-06-07T18:58:05.786+0000] {processor.py:839} INFO - DAG(s) dict_keys(['example_xcom_args_with_operators', 'example_xcom_args']) retrieved from /home/airflow/.local/lib/python3.8/site-packages/airflow/example_dags/example_xcomargs.py
[2026-06-07T18:58:05.966+0000] {logging_mixin.py:154} INFO - [2026-06-07T18:58:05.951+0000] {dag.py:2941} INFO - Sync 2 DAGs
[2026-06-07T18:58:06.041+0000] {logging_mixin.py:154} INFO - [2026-06-07T18:58:06.040+0000] {dag.py:3722} INFO - Setting next_dagrun for example_xcom_args to None, run_after=None
[2026-06-07T18:58:06.063+0000] {logging_mixin.py:154} INFO - [2026-06-07T18:58:06.063+0000] {dag.py:3722} INFO - Setting next_dagrun for example_xcom_args_with_operators to None, run_after=None
[2026-06-07T18:58:06.178+0000] {processor.py:179} INFO - Processing /home/airflow/.local/lib/python3.8/site-packages/airflow/example_dags/example_xcomargs.py took 0.587 seconds
[2026-06-07T18:58:36.456+0000] {processor.py:157} INFO - Started process (PID=412) to work on /home/airflow/.local/lib/python3.8/site-packages/airflow/example_dags/example_xcomargs.py
[2026-06-07T18:58:36.457+0000] {processor.py:829} INFO - Processing file /home/airflow/.local/lib/python3.8/site-packages/airflow/example_dags/example_xcomargs.py for tasks to queue
[2026-06-07T18:58:36.461+0000] {logging_mixin.py:154} INFO - [2026-06-07T18:58:36.461+0000] {dagbag.py:536} INFO - Filling up the DagBag from /home/airflow/.local/lib/python3.8/site-packages/airflow/example_dags/example_xcomargs.py
[2026-06-07T18:58:36.473+0000] {processor.py:839} INFO - DAG(s) dict_keys(['example_xcom_args', 'example_xcom_args_with_operators']) retrieved from /home/airflow/.local/lib/python3.8/site-packages/airflow/example_dags/example_xcomargs.py
[2026-06-07T18:58:36.509+0000] {logging_mixin.py:154} INFO - [2026-06-07T18:58:36.509+0000] {dag.py:2941} INFO - Sync 2 DAGs
[2026-06-07T18:58:36.530+0000] {logging_mixin.py:154} INFO - [2026-06-07T18:58:36.530+0000] {dag.py:3722} INFO - Setting next_dagrun for example_xcom_args to None, run_after=None
[2026-06-07T18:58:36.535+0000] {logging_mixin.py:154} INFO - [2026-06-07T18:58:36.535+0000] {dag.py:3722} INFO - Setting next_dagrun for example_xcom_args_with_operators to None, run_after=None
[2026-06-07T18:58:36.567+0000] {processor.py:179} INFO - Processing /home/airflow/.local/lib/python3.8/site-packages/airflow/example_dags/example_xcomargs.py took 0.116 seconds
[2026-06-07T18:59:06.916+0000] {processor.py:157} INFO - Started process (PID=467) to work on /home/airflow/.local/lib/python3.8/site-packages/airflow/example_dags/example_xcomargs.py
[2026-06-07T18:59:06.926+0000] {processor.py:829} INFO - Processing file /home/airflow/.local/lib/python3.8/site-packages/airflow/example_dags/example_xcomargs.py for tasks to queue
[2026-06-07T18:59:06.929+0000] {logging_mixin.py:154} INFO - [2026-06-07T18:59:06.929+0000] {dagbag.py:536} INFO - Filling up the DagBag from /home/airflow/.local/lib/python3.8/site-packages/airflow/example_dags/example_xcomargs.py
[2026-06-07T18:59:06.948+0000] {processor.py:839} INFO - DAG(s) dict_keys(['example_xcom_args', 'example_xcom_args_with_operators']) retrieved from /home/airflow/.local/lib/python3.8/site-packages/airflow/example_dags/example_xcomargs.py
[2026-06-07T18:59:07.025+0000] {logging_mixin.py:154} INFO - [2026-06-07T18:59:07.024+0000] {dag.py:2941} INFO - Sync 2 DAGs
[2026-06-07T18:59:07.061+0000] {logging_mixin.py:154} INFO - [2026-06-07T18:59:07.060+0000] {dag.py:3722} INFO - Setting next_dagrun for example_xcom_args to None, run_after=None
[2026-06-07T18:59:07.073+0000] {logging_mixin.py:154} INFO - [2026-06-07T18:59:07.073+0000] {dag.py:3722} INFO - Setting next_dagrun for example_xcom_args_with_operators to None, run_after=None
[2026-06-07T18:59:07.122+0000] {processor.py:179} INFO - Processing /home/airflow/.local/lib/python3.8/site-packages/airflow/example_dags/example_xcomargs.py took 0.215 seconds
[2026-06-07T18:59:37.342+0000] {processor.py:157} INFO - Started process (PID=523) to work on /home/airflow/.local/lib/python3.8/site-packages/airflow/example_dags/example_xcomargs.py
[2026-06-07T18:59:37.349+0000] {processor.py:829} INFO - Processing file /home/airflow/.local/lib/python3.8/site-packages/airflow/example_dags/example_xcomargs.py for tasks to queue
[2026-06-07T18:59:37.354+0000] {logging_mixin.py:154} INFO - [2026-06-07T18:59:37.354+0000] {dagbag.py:536} INFO - Filling up the DagBag from /home/airflow/.local/lib/python3.8/site-packages/airflow/example_dags/example_xcomargs.py
[2026-06-07T18:59:37.366+0000] {processor.py:839} INFO - DAG(s) dict_keys(['example_xcom_args_with_operators', 'example_xcom_args']) retrieved from /home/airflow/.local/lib/python3.8/site-packages/airflow/example_dags/example_xcomargs.py
[2026-06-07T18:59:37.407+0000] {logging_mixin.py:154} INFO - [2026-06-07T18:59:37.406+0000] {dag.py:2941} INFO - Sync 2 DAGs
[2026-06-07T18:59:37.428+0000] {logging_mixin.py:154} INFO - [2026-06-07T18:59:37.427+0000] {dag.py:3722} INFO - Setting next_dagrun for example_xcom_args to None, run_after=None
[2026-06-07T18:59:37.433+0000] {logging_mixin.py:154} INFO - [2026-06-07T18:59:37.433+0000] {dag.py:3722} INFO - Setting next_dagrun for example_xcom_args_with_operators to None, run_after=None
[2026-06-07T18:59:37.490+0000] {processor.py:179} INFO - Processing /home/airflow/.local/lib/python3.8/site-packages/airflow/example_dags/example_xcomargs.py took 0.153 seconds
[2026-06-07T19:00:08.423+0000] {processor.py:157} INFO - Started process (PID=579) to work on /home/airflow/.local/lib/python3.8/site-packages/airflow/example_dags/example_xcomargs.py
[2026-06-07T19:00:08.425+0000] {processor.py:829} INFO - Processing file /home/airflow/.local/lib/python3.8/site-packages/airflow/example_dags/example_xcomargs.py for tasks to queue
[2026-06-07T19:00:08.428+0000] {logging_mixin.py:154} INFO - [2026-06-07T19:00:08.427+0000] {dagbag.py:536} INFO - Filling up the DagBag from /home/airflow/.local/lib/python3.8/site-packages/airflow/example_dags/example_xcomargs.py
[2026-06-07T19:00:08.440+0000] {processor.py:839} INFO - DAG(s) dict_keys(['example_xcom_args_with_operators', 'example_xcom_args']) retrieved from /home/airflow/.local/lib/python3.8/site-packages/airflow/example_dags/example_xcomargs.py
[2026-06-07T19:00:08.476+0000] {logging_mixin.py:154} INFO - [2026-06-07T19:00:08.475+0000] {dag.py:2941} INFO - Sync 2 DAGs
[2026-06-07T19:00:08.495+0000] {logging_mixin.py:154} INFO - [2026-06-07T19:00:08.494+0000] {dag.py:3722} INFO - Setting next_dagrun for example_xcom_args to None, run_after=None
[2026-06-07T19:00:08.500+0000] {logging_mixin.py:154} INFO - [2026-06-07T19:00:08.500+0000] {dag.py:3722} INFO - Setting next_dagrun for example_xcom_args_with_operators to None, run_after=None
[2026-06-07T19:00:08.525+0000] {processor.py:179} INFO - Processing /home/airflow/.local/lib/python3.8/site-packages/airflow/example_dags/example_xcomargs.py took 0.110 seconds
[2026-06-07T19:00:39.252+0000] {processor.py:157} INFO - Started process (PID=636) to work on /home/airflow/.local/lib/python3.8/site-packages/airflow/example_dags/example_xcomargs.py
[2026-06-07T19:00:39.254+0000] {processor.py:829} INFO - Processing file /home/airflow/.local/lib/python3.8/site-packages/airflow/example_dags/example_xcomargs.py for tasks to queue
[2026-06-07T19:00:39.257+0000] {logging_mixin.py:154} INFO - [2026-06-07T19:00:39.257+0000] {dagbag.py:536} INFO - Filling up the DagBag from /home/airflow/.local/lib/python3.8/site-packages/airflow/example_dags/example_xcomargs.py
[2026-06-07T19:00:39.272+0000] {processor.py:839} INFO - DAG(s) dict_keys(['example_xcom_args_with_operators', 'example_xcom_args']) retrieved from /home/airflow/.local/lib/python3.8/site-packages/airflow/example_dags/example_xcomargs.py
[2026-06-07T19:00:39.310+0000] {logging_mixin.py:154} INFO - [2026-06-07T19:00:39.310+0000] {dag.py:2941} INFO - Sync 2 DAGs
[2026-06-07T19:00:39.329+0000] {logging_mixin.py:154} INFO - [2026-06-07T19:00:39.329+0000] {dag.py:3722} INFO - Setting next_dagrun for example_xcom_args to None, run_after=None
[2026-06-07T19:00:39.337+0000] {logging_mixin.py:154} INFO - [2026-06-07T19:00:39.336+0000] {dag.py:3722} INFO - Setting next_dagrun for example_xcom_args_with_operators to None, run_after=None
[2026-06-07T19:00:39.361+0000] {processor.py:179} INFO - Processing /home/airflow/.local/lib/python3.8/site-packages/airflow/example_dags/example_xcomargs.py took 0.113 seconds
[2026-06-07T19:01:10.530+0000] {processor.py:157} INFO - Started process (PID=693) to work on /home/airflow/.local/lib/python3.8/site-packages/airflow/example_dags/example_xcomargs.py
[2026-06-07T19:01:10.531+0000] {processor.py:829} INFO - Processing file /home/airflow/.local/lib/python3.8/site-packages/airflow/example_dags/example_xcomargs.py for tasks to queue
[2026-06-07T19:01:10.533+0000] {logging_mixin.py:154} INFO - [2026-06-07T19:01:10.533+0000] {dagbag.py:536} INFO - Filling up the DagBag from /home/airflow/.local/lib/python3.8/site-packages/airflow/example_dags/example_xcomargs.py
[2026-06-07T19:01:10.544+0000] {processor.py:839} INFO - DAG(s) dict_keys(['example_xcom_args', 'example_xcom_args_with_operators']) retrieved from /home/airflow/.local/lib/python3.8/site-packages/airflow/example_dags/example_xcomargs.py
[2026-06-07T19:01:10.578+0000] {logging_mixin.py:154} INFO - [2026-06-07T19:01:10.578+0000] {dag.py:2941} INFO - Sync 2 DAGs
[2026-06-07T19:01:10.602+0000] {logging_mixin.py:154} INFO - [2026-06-07T19:01:10.602+0000] {dag.py:3722} INFO - Setting next_dagrun for example_xcom_args to None, run_after=None
[2026-06-07T19:01:10.607+0000] {logging_mixin.py:154} INFO - [2026-06-07T19:01:10.607+0000] {dag.py:3722} INFO - Setting next_dagrun for example_xcom_args_with_operators to None, run_after=None
[2026-06-07T19:01:10.629+0000] {processor.py:179} INFO - Processing /home/airflow/.local/lib/python3.8/site-packages/airflow/example_dags/example_xcomargs.py took 0.104 seconds
[2026-06-07T19:01:41.323+0000] {processor.py:157} INFO - Started process (PID=749) to work on /home/airflow/.local/lib/python3.8/site-packages/airflow/example_dags/example_xcomargs.py
[2026-06-07T19:01:41.334+0000] {processor.py:829} INFO - Processing file /home/airflow/.local/lib/python3.8/site-packages/airflow/example_dags/example_xcomargs.py for tasks to queue
[2026-06-07T19:01:41.337+0000] {logging_mixin.py:154} INFO - [2026-06-07T19:01:41.337+0000] {dagbag.py:536} INFO - Filling up the DagBag from /home/airflow/.local/lib/python3.8/site-packages/airflow/example_dags/example_xcomargs.py
[2026-06-07T19:01:41.364+0000] {processor.py:839} INFO - DAG(s) dict_keys(['example_xcom_args_with_operators', 'example_xcom_args']) retrieved from /home/airflow/.local/lib/python3.8/site-packages/airflow/example_dags/example_xcomargs.py
[2026-06-07T19:01:41.478+0000] {logging_mixin.py:154} INFO - [2026-06-07T19:01:41.469+0000] {dag.py:2941} INFO - Sync 2 DAGs
[2026-06-07T19:01:41.529+0000] {logging_mixin.py:154} INFO - [2026-06-07T19:01:41.529+0000] {dag.py:3722} INFO - Setting next_dagrun for example_xcom_args to None, run_after=None
[2026-06-07T19:01:41.544+0000] {logging_mixin.py:154} INFO - [2026-06-07T19:01:41.544+0000] {dag.py:3722} INFO - Setting next_dagrun for example_xcom_args_with_operators to None, run_after=None
[2026-06-07T19:01:41.610+0000] {processor.py:179} INFO - Processing /home/airflow/.local/lib/python3.8/site-packages/airflow/example_dags/example_xcomargs.py took 0.297 seconds
[2026-06-07T19:02:12.217+0000] {processor.py:157} INFO - Started process (PID=802) to work on /home/airflow/.local/lib/python3.8/site-packages/airflow/example_dags/example_xcomargs.py
[2026-06-07T19:02:12.219+0000] {processor.py:829} INFO - Processing file /home/airflow/.local/lib/python3.8/site-packages/airflow/example_dags/example_xcomargs.py for tasks to queue
[2026-06-07T19:02:12.227+0000] {logging_mixin.py:154} INFO - [2026-06-07T19:02:12.227+0000] {dagbag.py:536} INFO - Filling up the DagBag from /home/airflow/.local/lib/python3.8/site-packages/airflow/example_dags/example_xcomargs.py
[2026-06-07T19:02:12.239+0000] {processor.py:839} INFO - DAG(s) dict_keys(['example_xcom_args', 'example_xcom_args_with_operators']) retrieved from /home/airflow/.local/lib/python3.8/site-packages/airflow/example_dags/example_xcomargs.py
[2026-06-07T19:02:12.272+0000] {logging_mixin.py:154} INFO - [2026-06-07T19:02:12.272+0000] {dag.py:2941} INFO - Sync 2 DAGs
[2026-06-07T19:02:12.293+0000] {logging_mixin.py:154} INFO - [2026-06-07T19:02:12.292+0000] {dag.py:3722} INFO - Setting next_dagrun for example_xcom_args to None, run_after=None
[2026-06-07T19:02:12.297+0000] {logging_mixin.py:154} INFO - [2026-06-07T19:02:12.297+0000] {dag.py:3722} INFO - Setting next_dagrun for example_xcom_args_with_operators to None, run_after=None
[2026-06-07T19:02:12.323+0000] {processor.py:179} INFO - Processing /home/airflow/.local/lib/python3.8/site-packages/airflow/example_dags/example_xcomargs.py took 0.111 seconds
[2026-06-07T19:02:42.836+0000] {processor.py:157} INFO - Started process (PID=858) to work on /home/airflow/.local/lib/python3.8/site-packages/airflow/example_dags/example_xcomargs.py
[2026-06-07T19:02:42.837+0000] {processor.py:829} INFO - Processing file /home/airflow/.local/lib/python3.8/site-packages/airflow/example_dags/example_xcomargs.py for tasks to queue
[2026-06-07T19:02:42.840+0000] {logging_mixin.py:154} INFO - [2026-06-07T19:02:42.839+0000] {dagbag.py:536} INFO - Filling up the DagBag from /home/airflow/.local/lib/python3.8/site-packages/airflow/example_dags/example_xcomargs.py
[2026-06-07T19:02:42.851+0000] {processor.py:839} INFO - DAG(s) dict_keys(['example_xcom_args_with_operators', 'example_xcom_args']) retrieved from /home/airflow/.local/lib/python3.8/site-packages/airflow/example_dags/example_xcomargs.py
[2026-06-07T19:02:42.886+0000] {logging_mixin.py:154} INFO - [2026-06-07T19:02:42.885+0000] {dag.py:2941} INFO - Sync 2 DAGs
[2026-06-07T19:02:42.910+0000] {logging_mixin.py:154} INFO - [2026-06-07T19:02:42.909+0000] {dag.py:3722} INFO - Setting next_dagrun for example_xcom_args to None, run_after=None
[2026-06-07T19:02:42.914+0000] {logging_mixin.py:154} INFO - [2026-06-07T19:02:42.914+0000] {dag.py:3722} INFO - Setting next_dagrun for example_xcom_args_with_operators to None, run_after=None
[2026-06-07T19:02:42.938+0000] {processor.py:179} INFO - Processing /home/airflow/.local/lib/python3.8/site-packages/airflow/example_dags/example_xcomargs.py took 0.106 seconds
[2026-06-07T19:03:13.405+0000] {processor.py:157} INFO - Started process (PID=914) to work on /home/airflow/.local/lib/python3.8/site-packages/airflow/example_dags/example_xcomargs.py
[2026-06-07T19:03:13.407+0000] {processor.py:829} INFO - Processing file /home/airflow/.local/lib/python3.8/site-packages/airflow/example_dags/example_xcomargs.py for tasks to queue
[2026-06-07T19:03:13.410+0000] {logging_mixin.py:154} INFO - [2026-06-07T19:03:13.410+0000] {dagbag.py:536} INFO - Filling up the DagBag from /home/airflow/.local/lib/python3.8/site-packages/airflow/example_dags/example_xcomargs.py
[2026-06-07T19:03:13.422+0000] {processor.py:839} INFO - DAG(s) dict_keys(['example_xcom_args_with_operators', 'example_xcom_args']) retrieved from /home/airflow/.local/lib/python3.8/site-packages/airflow/example_dags/example_xcomargs.py
[2026-06-07T19:03:13.457+0000] {logging_mixin.py:154} INFO - [2026-06-07T19:03:13.456+0000] {dag.py:2941} INFO - Sync 2 DAGs
[2026-06-07T19:03:13.479+0000] {logging_mixin.py:154} INFO - [2026-06-07T19:03:13.479+0000] {dag.py:3722} INFO - Setting next_dagrun for example_xcom_args to None, run_after=None
[2026-06-07T19:03:13.484+0000] {logging_mixin.py:154} INFO - [2026-06-07T19:03:13.483+0000] {dag.py:3722} INFO - Setting next_dagrun for example_xcom_args_with_operators to None, run_after=None
[2026-06-07T19:03:13.508+0000] {processor.py:179} INFO - Processing /home/airflow/.local/lib/python3.8/site-packages/airflow/example_dags/example_xcomargs.py took 0.108 seconds
[2026-06-07T19:03:44.308+0000] {processor.py:157} INFO - Started process (PID=970) to work on /home/airflow/.local/lib/python3.8/site-packages/airflow/example_dags/example_xcomargs.py
[2026-06-07T19:03:44.309+0000] {processor.py:829} INFO - Processing file /home/airflow/.local/lib/python3.8/site-packages/airflow/example_dags/example_xcomargs.py for tasks to queue
[2026-06-07T19:03:44.312+0000] {logging_mixin.py:154} INFO - [2026-06-07T19:03:44.312+0000] {dagbag.py:536} INFO - Filling up the DagBag from /home/airflow/.local/lib/python3.8/site-packages/airflow/example_dags/example_xcomargs.py
[2026-06-07T19:03:44.325+0000] {processor.py:839} INFO - DAG(s) dict_keys(['example_xcom_args_with_operators', 'example_xcom_args']) retrieved from /home/airflow/.local/lib/python3.8/site-packages/airflow/example_dags/example_xcomargs.py
[2026-06-07T19:03:44.359+0000] {logging_mixin.py:154} INFO - [2026-06-07T19:03:44.359+0000] {dag.py:2941} INFO - Sync 2 DAGs
[2026-06-07T19:03:44.378+0000] {logging_mixin.py:154} INFO - [2026-06-07T19:03:44.378+0000] {dag.py:3722} INFO - Setting next_dagrun for example_xcom_args to None, run_after=None
[2026-06-07T19:03:44.383+0000] {logging_mixin.py:154} INFO - [2026-06-07T19:03:44.383+0000] {dag.py:3722} INFO - Setting next_dagrun for example_xcom_args_with_operators to None, run_after=None
[2026-06-07T19:03:44.412+0000] {processor.py:179} INFO - Processing /home/airflow/.local/lib/python3.8/site-packages/airflow/example_dags/example_xcomargs.py took 0.109 seconds
[2026-06-07T19:04:15.106+0000] {processor.py:157} INFO - Started process (PID=1025) to work on /home/airflow/.local/lib/python3.8/site-packages/airflow/example_dags/example_xcomargs.py
[2026-06-07T19:04:15.107+0000] {processor.py:829} INFO - Processing file /home/airflow/.local/lib/python3.8/site-packages/airflow/example_dags/example_xcomargs.py for tasks to queue
[2026-06-07T19:04:15.110+0000] {logging_mixin.py:154} INFO - [2026-06-07T19:04:15.109+0000] {dagbag.py:536} INFO - Filling up the DagBag from /home/airflow/.local/lib/python3.8/site-packages/airflow/example_dags/example_xcomargs.py
[2026-06-07T19:04:15.123+0000] {processor.py:839} INFO - DAG(s) dict_keys(['example_xcom_args_with_operators', 'example_xcom_args']) retrieved from /home/airflow/.local/lib/python3.8/site-packages/airflow/example_dags/example_xcomargs.py
[2026-06-07T19:04:15.158+0000] {logging_mixin.py:154} INFO - [2026-06-07T19:04:15.157+0000] {dag.py:2941} INFO - Sync 2 DAGs
[2026-06-07T19:04:15.177+0000] {logging_mixin.py:154} INFO - [2026-06-07T19:04:15.177+0000] {dag.py:3722} INFO - Setting next_dagrun for example_xcom_args to None, run_after=None
[2026-06-07T19:04:15.182+0000] {logging_mixin.py:154} INFO - [2026-06-07T19:04:15.182+0000] {dag.py:3722} INFO - Setting next_dagrun for example_xcom_args_with_operators to None, run_after=None
[2026-06-07T19:04:15.217+0000] {processor.py:179} INFO - Processing /home/airflow/.local/lib/python3.8/site-packages/airflow/example_dags/example_xcomargs.py took 0.116 seconds
[2026-06-07T19:04:46.065+0000] {processor.py:157} INFO - Started process (PID=1089) to work on /home/airflow/.local/lib/python3.8/site-packages/airflow/example_dags/example_xcomargs.py
[2026-06-07T19:04:46.074+0000] {processor.py:829} INFO - Processing file /home/airflow/.local/lib/python3.8/site-packages/airflow/example_dags/example_xcomargs.py for tasks to queue
[2026-06-07T19:04:46.090+0000] {logging_mixin.py:154} INFO - [2026-06-07T19:04:46.078+0000] {dagbag.py:536} INFO - Filling up the DagBag from /home/airflow/.local/lib/python3.8/site-packages/airflow/example_dags/example_xcomargs.py
[2026-06-07T19:04:46.188+0000] {processor.py:839} INFO - DAG(s) dict_keys(['example_xcom_args_with_operators', 'example_xcom_args']) retrieved from /home/airflow/.local/lib/python3.8/site-packages/airflow/example_dags/example_xcomargs.py
[2026-06-07T19:04:46.272+0000] {logging_mixin.py:154} INFO - [2026-06-07T19:04:46.271+0000] {dag.py:2941} INFO - Sync 2 DAGs
[2026-06-07T19:04:46.337+0000] {logging_mixin.py:154} INFO - [2026-06-07T19:04:46.337+0000] {dag.py:3722} INFO - Setting next_dagrun for example_xcom_args to None, run_after=None
[2026-06-07T19:04:46.368+0000] {logging_mixin.py:154} INFO - [2026-06-07T19:04:46.367+0000] {dag.py:3722} INFO - Setting next_dagrun for example_xcom_args_with_operators to None, run_after=None
[2026-06-07T19:04:46.441+0000] {processor.py:179} INFO - Processing /home/airflow/.local/lib/python3.8/site-packages/airflow/example_dags/example_xcomargs.py took 0.399 seconds
[2026-06-07T19:05:17.257+0000] {processor.py:157} INFO - Started process (PID=1145) to work on /home/airflow/.local/lib/python3.8/site-packages/airflow/example_dags/example_xcomargs.py
[2026-06-07T19:05:17.266+0000] {processor.py:829} INFO - Processing file /home/airflow/.local/lib/python3.8/site-packages/airflow/example_dags/example_xcomargs.py for tasks to queue
[2026-06-07T19:05:17.279+0000] {logging_mixin.py:154} INFO - [2026-06-07T19:05:17.278+0000] {dagbag.py:536} INFO - Filling up the DagBag from /home/airflow/.local/lib/python3.8/site-packages/airflow/example_dags/example_xcomargs.py
[2026-06-07T19:05:17.338+0000] {processor.py:839} INFO - DAG(s) dict_keys(['example_xcom_args_with_operators', 'example_xcom_args']) retrieved from /home/airflow/.local/lib/python3.8/site-packages/airflow/example_dags/example_xcomargs.py
[2026-06-07T19:05:17.462+0000] {logging_mixin.py:154} INFO - [2026-06-07T19:05:17.462+0000] {dag.py:2941} INFO - Sync 2 DAGs
[2026-06-07T19:05:17.525+0000] {logging_mixin.py:154} INFO - [2026-06-07T19:05:17.525+0000] {dag.py:3722} INFO - Setting next_dagrun for example_xcom_args to None, run_after=None
[2026-06-07T19:05:17.558+0000] {logging_mixin.py:154} INFO - [2026-06-07T19:05:17.542+0000] {dag.py:3722} INFO - Setting next_dagrun for example_xcom_args_with_operators to None, run_after=None
[2026-06-07T19:05:17.635+0000] {processor.py:179} INFO - Processing /home/airflow/.local/lib/python3.8/site-packages/airflow/example_dags/example_xcomargs.py took 0.406 seconds
[2026-06-07T19:05:48.454+0000] {processor.py:157} INFO - Started process (PID=1200) to work on /home/airflow/.local/lib/python3.8/site-packages/airflow/example_dags/example_xcomargs.py
[2026-06-07T19:05:48.455+0000] {processor.py:829} INFO - Processing file /home/airflow/.local/lib/python3.8/site-packages/airflow/example_dags/example_xcomargs.py for tasks to queue
[2026-06-07T19:05:48.458+0000] {logging_mixin.py:154} INFO - [2026-06-07T19:05:48.457+0000] {dagbag.py:536} INFO - Filling up the DagBag from /home/airflow/.local/lib/python3.8/site-packages/airflow/example_dags/example_xcomargs.py
[2026-06-07T19:05:48.468+0000] {processor.py:839} INFO - DAG(s) dict_keys(['example_xcom_args_with_operators', 'example_xcom_args']) retrieved from /home/airflow/.local/lib/python3.8/site-packages/airflow/example_dags/example_xcomargs.py
[2026-06-07T19:05:48.501+0000] {logging_mixin.py:154} INFO - [2026-06-07T19:05:48.501+0000] {dag.py:2941} INFO - Sync 2 DAGs
[2026-06-07T19:05:48.726+0000] {logging_mixin.py:154} INFO - [2026-06-07T19:05:48.725+0000] {dag.py:3722} INFO - Setting next_dagrun for example_xcom_args to None, run_after=None
[2026-06-07T19:05:48.731+0000] {logging_mixin.py:154} INFO - [2026-06-07T19:05:48.731+0000] {dag.py:3722} INFO - Setting next_dagrun for example_xcom_args_with_operators to None, run_after=None
[2026-06-07T19:05:48.754+0000] {processor.py:179} INFO - Processing /home/airflow/.local/lib/python3.8/site-packages/airflow/example_dags/example_xcomargs.py took 0.305 seconds
[2026-06-07T19:08:55.192+0000] {processor.py:157} INFO - Started process (PID=61) to work on /home/airflow/.local/lib/python3.8/site-packages/airflow/example_dags/example_xcomargs.py
[2026-06-07T19:08:55.206+0000] {processor.py:829} INFO - Processing file /home/airflow/.local/lib/python3.8/site-packages/airflow/example_dags/example_xcomargs.py for tasks to queue
[2026-06-07T19:08:55.209+0000] {logging_mixin.py:154} INFO - [2026-06-07T19:08:55.208+0000] {dagbag.py:536} INFO - Filling up the DagBag from /home/airflow/.local/lib/python3.8/site-packages/airflow/example_dags/example_xcomargs.py
[2026-06-07T19:08:55.227+0000] {processor.py:839} INFO - DAG(s) dict_keys(['example_xcom_args', 'example_xcom_args_with_operators']) retrieved from /home/airflow/.local/lib/python3.8/site-packages/airflow/example_dags/example_xcomargs.py
[2026-06-07T19:08:55.328+0000] {logging_mixin.py:154} INFO - [2026-06-07T19:08:55.327+0000] {dag.py:2941} INFO - Sync 2 DAGs
[2026-06-07T19:08:55.374+0000] {logging_mixin.py:154} INFO - [2026-06-07T19:08:55.373+0000] {dag.py:3722} INFO - Setting next_dagrun for example_xcom_args to None, run_after=None
[2026-06-07T19:08:55.399+0000] {logging_mixin.py:154} INFO - [2026-06-07T19:08:55.399+0000] {dag.py:3722} INFO - Setting next_dagrun for example_xcom_args_with_operators to None, run_after=None
[2026-06-07T19:08:55.522+0000] {processor.py:179} INFO - Processing /home/airflow/.local/lib/python3.8/site-packages/airflow/example_dags/example_xcomargs.py took 0.348 seconds
[2026-06-07T19:09:26.270+0000] {processor.py:157} INFO - Started process (PID=110) to work on /home/airflow/.local/lib/python3.8/site-packages/airflow/example_dags/example_xcomargs.py
[2026-06-07T19:09:26.279+0000] {processor.py:829} INFO - Processing file /home/airflow/.local/lib/python3.8/site-packages/airflow/example_dags/example_xcomargs.py for tasks to queue
[2026-06-07T19:09:26.297+0000] {logging_mixin.py:154} INFO - [2026-06-07T19:09:26.296+0000] {dagbag.py:536} INFO - Filling up the DagBag from /home/airflow/.local/lib/python3.8/site-packages/airflow/example_dags/example_xcomargs.py
[2026-06-07T19:09:26.336+0000] {processor.py:839} INFO - DAG(s) dict_keys(['example_xcom_args_with_operators', 'example_xcom_args']) retrieved from /home/airflow/.local/lib/python3.8/site-packages/airflow/example_dags/example_xcomargs.py
[2026-06-07T19:09:26.453+0000] {logging_mixin.py:154} INFO - [2026-06-07T19:09:26.452+0000] {dag.py:2941} INFO - Sync 2 DAGs
[2026-06-07T19:09:26.544+0000] {logging_mixin.py:154} INFO - [2026-06-07T19:09:26.544+0000] {dag.py:3722} INFO - Setting next_dagrun for example_xcom_args to None, run_after=None
[2026-06-07T19:09:26.602+0000] {logging_mixin.py:154} INFO - [2026-06-07T19:09:26.602+0000] {dag.py:3722} INFO - Setting next_dagrun for example_xcom_args_with_operators to None, run_after=None
[2026-06-07T19:09:26.700+0000] {processor.py:179} INFO - Processing /home/airflow/.local/lib/python3.8/site-packages/airflow/example_dags/example_xcomargs.py took 0.440 seconds
[2026-06-07T19:09:57.337+0000] {processor.py:157} INFO - Started process (PID=159) to work on /home/airflow/.local/lib/python3.8/site-packages/airflow/example_dags/example_xcomargs.py
[2026-06-07T19:09:57.345+0000] {processor.py:829} INFO - Processing file /home/airflow/.local/lib/python3.8/site-packages/airflow/example_dags/example_xcomargs.py for tasks to queue
[2026-06-07T19:09:57.351+0000] {logging_mixin.py:154} INFO - [2026-06-07T19:09:57.351+0000] {dagbag.py:536} INFO - Filling up the DagBag from /home/airflow/.local/lib/python3.8/site-packages/airflow/example_dags/example_xcomargs.py
[2026-06-07T19:09:57.388+0000] {processor.py:839} INFO - DAG(s) dict_keys(['example_xcom_args', 'example_xcom_args_with_operators']) retrieved from /home/airflow/.local/lib/python3.8/site-packages/airflow/example_dags/example_xcomargs.py
[2026-06-07T19:09:57.506+0000] {logging_mixin.py:154} INFO - [2026-06-07T19:09:57.505+0000] {dag.py:2941} INFO - Sync 2 DAGs
[2026-06-07T19:09:57.568+0000] {logging_mixin.py:154} INFO - [2026-06-07T19:09:57.568+0000] {dag.py:3722} INFO - Setting next_dagrun for example_xcom_args to None, run_after=None
[2026-06-07T19:09:57.591+0000] {logging_mixin.py:154} INFO - [2026-06-07T19:09:57.591+0000] {dag.py:3722} INFO - Setting next_dagrun for example_xcom_args_with_operators to None, run_after=None
[2026-06-07T19:09:57.668+0000] {processor.py:179} INFO - Processing /home/airflow/.local/lib/python3.8/site-packages/airflow/example_dags/example_xcomargs.py took 0.336 seconds
[2026-06-07T19:10:28.340+0000] {processor.py:157} INFO - Started process (PID=208) to work on /home/airflow/.local/lib/python3.8/site-packages/airflow/example_dags/example_xcomargs.py
[2026-06-07T19:10:28.349+0000] {processor.py:829} INFO - Processing file /home/airflow/.local/lib/python3.8/site-packages/airflow/example_dags/example_xcomargs.py for tasks to queue
[2026-06-07T19:10:28.354+0000] {logging_mixin.py:154} INFO - [2026-06-07T19:10:28.353+0000] {dagbag.py:536} INFO - Filling up the DagBag from /home/airflow/.local/lib/python3.8/site-packages/airflow/example_dags/example_xcomargs.py
[2026-06-07T19:10:28.385+0000] {processor.py:839} INFO - DAG(s) dict_keys(['example_xcom_args_with_operators', 'example_xcom_args']) retrieved from /home/airflow/.local/lib/python3.8/site-packages/airflow/example_dags/example_xcomargs.py
[2026-06-07T19:10:28.459+0000] {logging_mixin.py:154} INFO - [2026-06-07T19:10:28.459+0000] {dag.py:2941} INFO - Sync 2 DAGs
[2026-06-07T19:10:28.478+0000] {logging_mixin.py:154} INFO - [2026-06-07T19:10:28.477+0000] {dag.py:3722} INFO - Setting next_dagrun for example_xcom_args to None, run_after=None
[2026-06-07T19:10:28.483+0000] {logging_mixin.py:154} INFO - [2026-06-07T19:10:28.483+0000] {dag.py:3722} INFO - Setting next_dagrun for example_xcom_args_with_operators to None, run_after=None
[2026-06-07T19:10:28.527+0000] {processor.py:179} INFO - Processing /home/airflow/.local/lib/python3.8/site-packages/airflow/example_dags/example_xcomargs.py took 0.192 seconds
[2026-06-07T19:10:58.823+0000] {processor.py:157} INFO - Started process (PID=257) to work on /home/airflow/.local/lib/python3.8/site-packages/airflow/example_dags/example_xcomargs.py
[2026-06-07T19:10:58.825+0000] {processor.py:829} INFO - Processing file /home/airflow/.local/lib/python3.8/site-packages/airflow/example_dags/example_xcomargs.py for tasks to queue
[2026-06-07T19:10:58.828+0000] {logging_mixin.py:154} INFO - [2026-06-07T19:10:58.827+0000] {dagbag.py:536} INFO - Filling up the DagBag from /home/airflow/.local/lib/python3.8/site-packages/airflow/example_dags/example_xcomargs.py
[2026-06-07T19:10:58.840+0000] {processor.py:839} INFO - DAG(s) dict_keys(['example_xcom_args', 'example_xcom_args_with_operators']) retrieved from /home/airflow/.local/lib/python3.8/site-packages/airflow/example_dags/example_xcomargs.py
[2026-06-07T19:10:58.876+0000] {logging_mixin.py:154} INFO - [2026-06-07T19:10:58.876+0000] {dag.py:2941} INFO - Sync 2 DAGs
[2026-06-07T19:10:58.895+0000] {logging_mixin.py:154} INFO - [2026-06-07T19:10:58.895+0000] {dag.py:3722} INFO - Setting next_dagrun for example_xcom_args to None, run_after=None
[2026-06-07T19:10:58.900+0000] {logging_mixin.py:154} INFO - [2026-06-07T19:10:58.900+0000] {dag.py:3722} INFO - Setting next_dagrun for example_xcom_args_with_operators to None, run_after=None
[2026-06-07T19:10:58.923+0000] {processor.py:179} INFO - Processing /home/airflow/.local/lib/python3.8/site-packages/airflow/example_dags/example_xcomargs.py took 0.105 seconds
[2026-06-07T19:11:29.066+0000] {processor.py:157} INFO - Started process (PID=306) to work on /home/airflow/.local/lib/python3.8/site-packages/airflow/example_dags/example_xcomargs.py
[2026-06-07T19:11:29.067+0000] {processor.py:829} INFO - Processing file /home/airflow/.local/lib/python3.8/site-packages/airflow/example_dags/example_xcomargs.py for tasks to queue
[2026-06-07T19:11:29.070+0000] {logging_mixin.py:154} INFO - [2026-06-07T19:11:29.069+0000] {dagbag.py:536} INFO - Filling up the DagBag from /home/airflow/.local/lib/python3.8/site-packages/airflow/example_dags/example_xcomargs.py
[2026-06-07T19:11:29.081+0000] {processor.py:839} INFO - DAG(s) dict_keys(['example_xcom_args', 'example_xcom_args_with_operators']) retrieved from /home/airflow/.local/lib/python3.8/site-packages/airflow/example_dags/example_xcomargs.py
[2026-06-07T19:11:29.118+0000] {logging_mixin.py:154} INFO - [2026-06-07T19:11:29.117+0000] {dag.py:2941} INFO - Sync 2 DAGs
[2026-06-07T19:11:29.137+0000] {logging_mixin.py:154} INFO - [2026-06-07T19:11:29.137+0000] {dag.py:3722} INFO - Setting next_dagrun for example_xcom_args to None, run_after=None
[2026-06-07T19:11:29.144+0000] {logging_mixin.py:154} INFO - [2026-06-07T19:11:29.144+0000] {dag.py:3722} INFO - Setting next_dagrun for example_xcom_args_with_operators to None, run_after=None
[2026-06-07T19:11:29.180+0000] {processor.py:179} INFO - Processing /home/airflow/.local/lib/python3.8/site-packages/airflow/example_dags/example_xcomargs.py took 0.119 seconds
[2026-06-07T19:11:59.873+0000] {processor.py:157} INFO - Started process (PID=355) to work on /home/airflow/.local/lib/python3.8/site-packages/airflow/example_dags/example_xcomargs.py
[2026-06-07T19:11:59.877+0000] {processor.py:829} INFO - Processing file /home/airflow/.local/lib/python3.8/site-packages/airflow/example_dags/example_xcomargs.py for tasks to queue
[2026-06-07T19:11:59.881+0000] {logging_mixin.py:154} INFO - [2026-06-07T19:11:59.880+0000] {dagbag.py:536} INFO - Filling up the DagBag from /home/airflow/.local/lib/python3.8/site-packages/airflow/example_dags/example_xcomargs.py
[2026-06-07T19:11:59.905+0000] {processor.py:839} INFO - DAG(s) dict_keys(['example_xcom_args', 'example_xcom_args_with_operators']) retrieved from /home/airflow/.local/lib/python3.8/site-packages/airflow/example_dags/example_xcomargs.py
[2026-06-07T19:11:59.998+0000] {logging_mixin.py:154} INFO - [2026-06-07T19:11:59.998+0000] {dag.py:2941} INFO - Sync 2 DAGs
[2026-06-07T19:12:00.047+0000] {logging_mixin.py:154} INFO - [2026-06-07T19:12:00.046+0000] {dag.py:3722} INFO - Setting next_dagrun for example_xcom_args to None, run_after=None
[2026-06-07T19:12:00.060+0000] {logging_mixin.py:154} INFO - [2026-06-07T19:12:00.059+0000] {dag.py:3722} INFO - Setting next_dagrun for example_xcom_args_with_operators to None, run_after=None
[2026-06-07T19:12:00.131+0000] {processor.py:179} INFO - Processing /home/airflow/.local/lib/python3.8/site-packages/airflow/example_dags/example_xcomargs.py took 0.263 seconds
[2026-06-07T19:12:30.568+0000] {processor.py:157} INFO - Started process (PID=404) to work on /home/airflow/.local/lib/python3.8/site-packages/airflow/example_dags/example_xcomargs.py
[2026-06-07T19:12:30.578+0000] {processor.py:829} INFO - Processing file /home/airflow/.local/lib/python3.8/site-packages/airflow/example_dags/example_xcomargs.py for tasks to queue
[2026-06-07T19:12:30.587+0000] {logging_mixin.py:154} INFO - [2026-06-07T19:12:30.580+0000] {dagbag.py:536} INFO - Filling up the DagBag from /home/airflow/.local/lib/python3.8/site-packages/airflow/example_dags/example_xcomargs.py
[2026-06-07T19:12:30.607+0000] {processor.py:839} INFO - DAG(s) dict_keys(['example_xcom_args', 'example_xcom_args_with_operators']) retrieved from /home/airflow/.local/lib/python3.8/site-packages/airflow/example_dags/example_xcomargs.py
[2026-06-07T19:12:30.666+0000] {logging_mixin.py:154} INFO - [2026-06-07T19:12:30.666+0000] {dag.py:2941} INFO - Sync 2 DAGs
[2026-06-07T19:12:30.702+0000] {logging_mixin.py:154} INFO - [2026-06-07T19:12:30.701+0000] {dag.py:3722} INFO - Setting next_dagrun for example_xcom_args to None, run_after=None
[2026-06-07T19:12:30.726+0000] {logging_mixin.py:154} INFO - [2026-06-07T19:12:30.714+0000] {dag.py:3722} INFO - Setting next_dagrun for example_xcom_args_with_operators to None, run_after=None
[2026-06-07T19:12:30.763+0000] {processor.py:179} INFO - Processing /home/airflow/.local/lib/python3.8/site-packages/airflow/example_dags/example_xcomargs.py took 0.205 seconds
[2026-06-07T19:13:01.225+0000] {processor.py:157} INFO - Started process (PID=453) to work on /home/airflow/.local/lib/python3.8/site-packages/airflow/example_dags/example_xcomargs.py
[2026-06-07T19:13:01.226+0000] {processor.py:829} INFO - Processing file /home/airflow/.local/lib/python3.8/site-packages/airflow/example_dags/example_xcomargs.py for tasks to queue
[2026-06-07T19:13:01.229+0000] {logging_mixin.py:154} INFO - [2026-06-07T19:13:01.228+0000] {dagbag.py:536} INFO - Filling up the DagBag from /home/airflow/.local/lib/python3.8/site-packages/airflow/example_dags/example_xcomargs.py
[2026-06-07T19:13:01.240+0000] {processor.py:839} INFO - DAG(s) dict_keys(['example_xcom_args_with_operators', 'example_xcom_args']) retrieved from /home/airflow/.local/lib/python3.8/site-packages/airflow/example_dags/example_xcomargs.py
[2026-06-07T19:13:01.273+0000] {logging_mixin.py:154} INFO - [2026-06-07T19:13:01.273+0000] {dag.py:2941} INFO - Sync 2 DAGs
[2026-06-07T19:13:01.308+0000] {logging_mixin.py:154} INFO - [2026-06-07T19:13:01.308+0000] {dag.py:3722} INFO - Setting next_dagrun for example_xcom_args to None, run_after=None
[2026-06-07T19:13:01.323+0000] {logging_mixin.py:154} INFO - [2026-06-07T19:13:01.322+0000] {dag.py:3722} INFO - Setting next_dagrun for example_xcom_args_with_operators to None, run_after=None
[2026-06-07T19:13:01.372+0000] {processor.py:179} INFO - Processing /home/airflow/.local/lib/python3.8/site-packages/airflow/example_dags/example_xcomargs.py took 0.151 seconds
[2026-06-07T19:13:32.332+0000] {processor.py:157} INFO - Started process (PID=502) to work on /home/airflow/.local/lib/python3.8/site-packages/airflow/example_dags/example_xcomargs.py
[2026-06-07T19:13:32.340+0000] {processor.py:829} INFO - Processing file /home/airflow/.local/lib/python3.8/site-packages/airflow/example_dags/example_xcomargs.py for tasks to queue
[2026-06-07T19:13:32.351+0000] {logging_mixin.py:154} INFO - [2026-06-07T19:13:32.350+0000] {dagbag.py:536} INFO - Filling up the DagBag from /home/airflow/.local/lib/python3.8/site-packages/airflow/example_dags/example_xcomargs.py
[2026-06-07T19:13:32.375+0000] {processor.py:839} INFO - DAG(s) dict_keys(['example_xcom_args', 'example_xcom_args_with_operators']) retrieved from /home/airflow/.local/lib/python3.8/site-packages/airflow/example_dags/example_xcomargs.py
[2026-06-07T19:13:32.443+0000] {logging_mixin.py:154} INFO - [2026-06-07T19:13:32.442+0000] {dag.py:2941} INFO - Sync 2 DAGs
[2026-06-07T19:13:32.480+0000] {logging_mixin.py:154} INFO - [2026-06-07T19:13:32.479+0000] {dag.py:3722} INFO - Setting next_dagrun for example_xcom_args to None, run_after=None
[2026-06-07T19:13:32.485+0000] {logging_mixin.py:154} INFO - [2026-06-07T19:13:32.485+0000] {dag.py:3722} INFO - Setting next_dagrun for example_xcom_args_with_operators to None, run_after=None
[2026-06-07T19:13:32.527+0000] {processor.py:179} INFO - Processing /home/airflow/.local/lib/python3.8/site-packages/airflow/example_dags/example_xcomargs.py took 0.221 seconds
[2026-06-07T19:14:03.142+0000] {processor.py:157} INFO - Started process (PID=551) to work on /home/airflow/.local/lib/python3.8/site-packages/airflow/example_dags/example_xcomargs.py
[2026-06-07T19:14:03.143+0000] {processor.py:829} INFO - Processing file /home/airflow/.local/lib/python3.8/site-packages/airflow/example_dags/example_xcomargs.py for tasks to queue
[2026-06-07T19:14:03.146+0000] {logging_mixin.py:154} INFO - [2026-06-07T19:14:03.146+0000] {dagbag.py:536} INFO - Filling up the DagBag from /home/airflow/.local/lib/python3.8/site-packages/airflow/example_dags/example_xcomargs.py
[2026-06-07T19:14:03.158+0000] {processor.py:839} INFO - DAG(s) dict_keys(['example_xcom_args_with_operators', 'example_xcom_args']) retrieved from /home/airflow/.local/lib/python3.8/site-packages/airflow/example_dags/example_xcomargs.py
[2026-06-07T19:14:03.197+0000] {logging_mixin.py:154} INFO - [2026-06-07T19:14:03.196+0000] {dag.py:2941} INFO - Sync 2 DAGs
[2026-06-07T19:14:03.218+0000] {logging_mixin.py:154} INFO - [2026-06-07T19:14:03.217+0000] {dag.py:3722} INFO - Setting next_dagrun for example_xcom_args to None, run_after=None
[2026-06-07T19:14:03.222+0000] {logging_mixin.py:154} INFO - [2026-06-07T19:14:03.222+0000] {dag.py:3722} INFO - Setting next_dagrun for example_xcom_args_with_operators to None, run_after=None
[2026-06-07T19:14:03.245+0000] {processor.py:179} INFO - Processing /home/airflow/.local/lib/python3.8/site-packages/airflow/example_dags/example_xcomargs.py took 0.108 seconds
[2026-06-07T19:14:33.368+0000] {processor.py:157} INFO - Started process (PID=598) to work on /home/airflow/.local/lib/python3.8/site-packages/airflow/example_dags/example_xcomargs.py
[2026-06-07T19:14:33.369+0000] {processor.py:829} INFO - Processing file /home/airflow/.local/lib/python3.8/site-packages/airflow/example_dags/example_xcomargs.py for tasks to queue
[2026-06-07T19:14:33.372+0000] {logging_mixin.py:154} INFO - [2026-06-07T19:14:33.371+0000] {dagbag.py:536} INFO - Filling up the DagBag from /home/airflow/.local/lib/python3.8/site-packages/airflow/example_dags/example_xcomargs.py
[2026-06-07T19:14:33.385+0000] {processor.py:839} INFO - DAG(s) dict_keys(['example_xcom_args_with_operators', 'example_xcom_args']) retrieved from /home/airflow/.local/lib/python3.8/site-packages/airflow/example_dags/example_xcomargs.py
[2026-06-07T19:14:33.413+0000] {logging_mixin.py:154} INFO - [2026-06-07T19:14:33.413+0000] {dag.py:2941} INFO - Sync 2 DAGs
[2026-06-07T19:14:33.427+0000] {logging_mixin.py:154} INFO - [2026-06-07T19:14:33.427+0000] {dag.py:3722} INFO - Setting next_dagrun for example_xcom_args to None, run_after=None
[2026-06-07T19:14:33.432+0000] {logging_mixin.py:154} INFO - [2026-06-07T19:14:33.432+0000] {dag.py:3722} INFO - Setting next_dagrun for example_xcom_args_with_operators to None, run_after=None
[2026-06-07T19:14:33.449+0000] {processor.py:179} INFO - Processing /home/airflow/.local/lib/python3.8/site-packages/airflow/example_dags/example_xcomargs.py took 0.085 seconds
[2026-06-07T19:15:03.956+0000] {processor.py:157} INFO - Started process (PID=648) to work on /home/airflow/.local/lib/python3.8/site-packages/airflow/example_dags/example_xcomargs.py
[2026-06-07T19:15:03.959+0000] {processor.py:829} INFO - Processing file /home/airflow/.local/lib/python3.8/site-packages/airflow/example_dags/example_xcomargs.py for tasks to queue
[2026-06-07T19:15:03.961+0000] {logging_mixin.py:154} INFO - [2026-06-07T19:15:03.961+0000] {dagbag.py:536} INFO - Filling up the DagBag from /home/airflow/.local/lib/python3.8/site-packages/airflow/example_dags/example_xcomargs.py
[2026-06-07T19:15:03.984+0000] {processor.py:839} INFO - DAG(s) dict_keys(['example_xcom_args_with_operators', 'example_xcom_args']) retrieved from /home/airflow/.local/lib/python3.8/site-packages/airflow/example_dags/example_xcomargs.py
[2026-06-07T19:15:04.020+0000] {logging_mixin.py:154} INFO - [2026-06-07T19:15:04.020+0000] {dag.py:2941} INFO - Sync 2 DAGs
[2026-06-07T19:15:04.048+0000] {logging_mixin.py:154} INFO - [2026-06-07T19:15:04.048+0000] {dag.py:3722} INFO - Setting next_dagrun for example_xcom_args to None, run_after=None
[2026-06-07T19:15:04.054+0000] {logging_mixin.py:154} INFO - [2026-06-07T19:15:04.053+0000] {dag.py:3722} INFO - Setting next_dagrun for example_xcom_args_with_operators to None, run_after=None
[2026-06-07T19:15:04.151+0000] {processor.py:179} INFO - Processing /home/airflow/.local/lib/python3.8/site-packages/airflow/example_dags/example_xcomargs.py took 0.204 seconds
[2026-06-07T19:17:47.133+0000] {processor.py:157} INFO - Started process (PID=61) to work on /home/airflow/.local/lib/python3.8/site-packages/airflow/example_dags/example_xcomargs.py
[2026-06-07T19:17:47.146+0000] {processor.py:829} INFO - Processing file /home/airflow/.local/lib/python3.8/site-packages/airflow/example_dags/example_xcomargs.py for tasks to queue
[2026-06-07T19:17:47.149+0000] {logging_mixin.py:154} INFO - [2026-06-07T19:17:47.148+0000] {dagbag.py:536} INFO - Filling up the DagBag from /home/airflow/.local/lib/python3.8/site-packages/airflow/example_dags/example_xcomargs.py
[2026-06-07T19:17:47.184+0000] {processor.py:839} INFO - DAG(s) dict_keys(['example_xcom_args', 'example_xcom_args_with_operators']) retrieved from /home/airflow/.local/lib/python3.8/site-packages/airflow/example_dags/example_xcomargs.py
[2026-06-07T19:17:47.422+0000] {logging_mixin.py:154} INFO - [2026-06-07T19:17:47.422+0000] {dag.py:2941} INFO - Sync 2 DAGs
[2026-06-07T19:17:47.480+0000] {logging_mixin.py:154} INFO - [2026-06-07T19:17:47.479+0000] {dag.py:3722} INFO - Setting next_dagrun for example_xcom_args to None, run_after=None
[2026-06-07T19:17:47.499+0000] {logging_mixin.py:154} INFO - [2026-06-07T19:17:47.498+0000] {dag.py:3722} INFO - Setting next_dagrun for example_xcom_args_with_operators to None, run_after=None
[2026-06-07T19:17:47.591+0000] {processor.py:179} INFO - Processing /home/airflow/.local/lib/python3.8/site-packages/airflow/example_dags/example_xcomargs.py took 0.479 seconds
[2026-06-07T19:18:18.409+0000] {processor.py:157} INFO - Started process (PID=110) to work on /home/airflow/.local/lib/python3.8/site-packages/airflow/example_dags/example_xcomargs.py
[2026-06-07T19:18:18.418+0000] {processor.py:829} INFO - Processing file /home/airflow/.local/lib/python3.8/site-packages/airflow/example_dags/example_xcomargs.py for tasks to queue
[2026-06-07T19:18:18.468+0000] {logging_mixin.py:154} INFO - [2026-06-07T19:18:18.467+0000] {dagbag.py:536} INFO - Filling up the DagBag from /home/airflow/.local/lib/python3.8/site-packages/airflow/example_dags/example_xcomargs.py
[2026-06-07T19:18:18.521+0000] {processor.py:839} INFO - DAG(s) dict_keys(['example_xcom_args', 'example_xcom_args_with_operators']) retrieved from /home/airflow/.local/lib/python3.8/site-packages/airflow/example_dags/example_xcomargs.py
[2026-06-07T19:18:18.654+0000] {logging_mixin.py:154} INFO - [2026-06-07T19:18:18.654+0000] {dag.py:2941} INFO - Sync 2 DAGs
[2026-06-07T19:18:18.779+0000] {logging_mixin.py:154} INFO - [2026-06-07T19:18:18.775+0000] {dag.py:3722} INFO - Setting next_dagrun for example_xcom_args to None, run_after=None
[2026-06-07T19:18:18.814+0000] {logging_mixin.py:154} INFO - [2026-06-07T19:18:18.814+0000] {dag.py:3722} INFO - Setting next_dagrun for example_xcom_args_with_operators to None, run_after=None
[2026-06-07T19:18:18.944+0000] {processor.py:179} INFO - Processing /home/airflow/.local/lib/python3.8/site-packages/airflow/example_dags/example_xcomargs.py took 0.544 seconds
[2026-06-07T19:18:49.508+0000] {processor.py:157} INFO - Started process (PID=159) to work on /home/airflow/.local/lib/python3.8/site-packages/airflow/example_dags/example_xcomargs.py
[2026-06-07T19:18:49.510+0000] {processor.py:829} INFO - Processing file /home/airflow/.local/lib/python3.8/site-packages/airflow/example_dags/example_xcomargs.py for tasks to queue
[2026-06-07T19:18:49.517+0000] {logging_mixin.py:154} INFO - [2026-06-07T19:18:49.517+0000] {dagbag.py:536} INFO - Filling up the DagBag from /home/airflow/.local/lib/python3.8/site-packages/airflow/example_dags/example_xcomargs.py
[2026-06-07T19:18:49.565+0000] {processor.py:839} INFO - DAG(s) dict_keys(['example_xcom_args_with_operators', 'example_xcom_args']) retrieved from /home/airflow/.local/lib/python3.8/site-packages/airflow/example_dags/example_xcomargs.py
[2026-06-07T19:18:49.640+0000] {logging_mixin.py:154} INFO - [2026-06-07T19:18:49.639+0000] {dag.py:2941} INFO - Sync 2 DAGs
[2026-06-07T19:18:49.668+0000] {logging_mixin.py:154} INFO - [2026-06-07T19:18:49.668+0000] {dag.py:3722} INFO - Setting next_dagrun for example_xcom_args to None, run_after=None
[2026-06-07T19:18:49.674+0000] {logging_mixin.py:154} INFO - [2026-06-07T19:18:49.674+0000] {dag.py:3722} INFO - Setting next_dagrun for example_xcom_args_with_operators to None, run_after=None
[2026-06-07T19:18:49.696+0000] {processor.py:179} INFO - Processing /home/airflow/.local/lib/python3.8/site-packages/airflow/example_dags/example_xcomargs.py took 0.204 seconds
[2026-06-07T19:19:20.215+0000] {processor.py:157} INFO - Started process (PID=208) to work on /home/airflow/.local/lib/python3.8/site-packages/airflow/example_dags/example_xcomargs.py
[2026-06-07T19:19:20.225+0000] {processor.py:829} INFO - Processing file /home/airflow/.local/lib/python3.8/site-packages/airflow/example_dags/example_xcomargs.py for tasks to queue
[2026-06-07T19:19:20.228+0000] {logging_mixin.py:154} INFO - [2026-06-07T19:19:20.228+0000] {dagbag.py:536} INFO - Filling up the DagBag from /home/airflow/.local/lib/python3.8/site-packages/airflow/example_dags/example_xcomargs.py
[2026-06-07T19:19:20.240+0000] {processor.py:839} INFO - DAG(s) dict_keys(['example_xcom_args', 'example_xcom_args_with_operators']) retrieved from /home/airflow/.local/lib/python3.8/site-packages/airflow/example_dags/example_xcomargs.py
[2026-06-07T19:19:20.275+0000] {logging_mixin.py:154} INFO - [2026-06-07T19:19:20.275+0000] {dag.py:2941} INFO - Sync 2 DAGs
[2026-06-07T19:19:20.294+0000] {logging_mixin.py:154} INFO - [2026-06-07T19:19:20.294+0000] {dag.py:3722} INFO - Setting next_dagrun for example_xcom_args to None, run_after=None
[2026-06-07T19:19:20.299+0000] {logging_mixin.py:154} INFO - [2026-06-07T19:19:20.299+0000] {dag.py:3722} INFO - Setting next_dagrun for example_xcom_args_with_operators to None, run_after=None
[2026-06-07T19:19:20.331+0000] {processor.py:179} INFO - Processing /home/airflow/.local/lib/python3.8/site-packages/airflow/example_dags/example_xcomargs.py took 0.120 seconds
[2026-06-07T19:19:50.679+0000] {processor.py:157} INFO - Started process (PID=257) to work on /home/airflow/.local/lib/python3.8/site-packages/airflow/example_dags/example_xcomargs.py
[2026-06-07T19:19:50.685+0000] {processor.py:829} INFO - Processing file /home/airflow/.local/lib/python3.8/site-packages/airflow/example_dags/example_xcomargs.py for tasks to queue
[2026-06-07T19:19:50.688+0000] {logging_mixin.py:154} INFO - [2026-06-07T19:19:50.688+0000] {dagbag.py:536} INFO - Filling up the DagBag from /home/airflow/.local/lib/python3.8/site-packages/airflow/example_dags/example_xcomargs.py
[2026-06-07T19:19:50.700+0000] {processor.py:839} INFO - DAG(s) dict_keys(['example_xcom_args_with_operators', 'example_xcom_args']) retrieved from /home/airflow/.local/lib/python3.8/site-packages/airflow/example_dags/example_xcomargs.py
[2026-06-07T19:19:50.770+0000] {logging_mixin.py:154} INFO - [2026-06-07T19:19:50.770+0000] {dag.py:2941} INFO - Sync 2 DAGs
[2026-06-07T19:19:50.870+0000] {logging_mixin.py:154} INFO - [2026-06-07T19:19:50.870+0000] {dag.py:3722} INFO - Setting next_dagrun for example_xcom_args to None, run_after=None
[2026-06-07T19:19:50.927+0000] {logging_mixin.py:154} INFO - [2026-06-07T19:19:50.927+0000] {dag.py:3722} INFO - Setting next_dagrun for example_xcom_args_with_operators to None, run_after=None
[2026-06-07T19:19:51.044+0000] {processor.py:179} INFO - Processing /home/airflow/.local/lib/python3.8/site-packages/airflow/example_dags/example_xcomargs.py took 0.370 seconds
[2026-06-07T19:20:21.352+0000] {processor.py:157} INFO - Started process (PID=306) to work on /home/airflow/.local/lib/python3.8/site-packages/airflow/example_dags/example_xcomargs.py
[2026-06-07T19:20:21.355+0000] {processor.py:829} INFO - Processing file /home/airflow/.local/lib/python3.8/site-packages/airflow/example_dags/example_xcomargs.py for tasks to queue
[2026-06-07T19:20:21.359+0000] {logging_mixin.py:154} INFO - [2026-06-07T19:20:21.358+0000] {dagbag.py:536} INFO - Filling up the DagBag from /home/airflow/.local/lib/python3.8/site-packages/airflow/example_dags/example_xcomargs.py
[2026-06-07T19:20:21.373+0000] {processor.py:839} INFO - DAG(s) dict_keys(['example_xcom_args_with_operators', 'example_xcom_args']) retrieved from /home/airflow/.local/lib/python3.8/site-packages/airflow/example_dags/example_xcomargs.py
[2026-06-07T19:20:21.412+0000] {logging_mixin.py:154} INFO - [2026-06-07T19:20:21.411+0000] {dag.py:2941} INFO - Sync 2 DAGs
[2026-06-07T19:20:21.433+0000] {logging_mixin.py:154} INFO - [2026-06-07T19:20:21.433+0000] {dag.py:3722} INFO - Setting next_dagrun for example_xcom_args to None, run_after=None
[2026-06-07T19:20:21.438+0000] {logging_mixin.py:154} INFO - [2026-06-07T19:20:21.438+0000] {dag.py:3722} INFO - Setting next_dagrun for example_xcom_args_with_operators to None, run_after=None
[2026-06-07T19:20:21.458+0000] {processor.py:179} INFO - Processing /home/airflow/.local/lib/python3.8/site-packages/airflow/example_dags/example_xcomargs.py took 0.113 seconds
[2026-06-07T19:20:52.024+0000] {processor.py:157} INFO - Started process (PID=355) to work on /home/airflow/.local/lib/python3.8/site-packages/airflow/example_dags/example_xcomargs.py
[2026-06-07T19:20:52.030+0000] {processor.py:829} INFO - Processing file /home/airflow/.local/lib/python3.8/site-packages/airflow/example_dags/example_xcomargs.py for tasks to queue
[2026-06-07T19:20:52.033+0000] {logging_mixin.py:154} INFO - [2026-06-07T19:20:52.032+0000] {dagbag.py:536} INFO - Filling up the DagBag from /home/airflow/.local/lib/python3.8/site-packages/airflow/example_dags/example_xcomargs.py
[2026-06-07T19:20:52.070+0000] {processor.py:839} INFO - DAG(s) dict_keys(['example_xcom_args', 'example_xcom_args_with_operators']) retrieved from /home/airflow/.local/lib/python3.8/site-packages/airflow/example_dags/example_xcomargs.py
[2026-06-07T19:20:52.144+0000] {logging_mixin.py:154} INFO - [2026-06-07T19:20:52.143+0000] {dag.py:2941} INFO - Sync 2 DAGs
[2026-06-07T19:20:52.177+0000] {logging_mixin.py:154} INFO - [2026-06-07T19:20:52.177+0000] {dag.py:3722} INFO - Setting next_dagrun for example_xcom_args to None, run_after=None
[2026-06-07T19:20:52.187+0000] {logging_mixin.py:154} INFO - [2026-06-07T19:20:52.186+0000] {dag.py:3722} INFO - Setting next_dagrun for example_xcom_args_with_operators to None, run_after=None
[2026-06-07T19:20:52.222+0000] {processor.py:179} INFO - Processing /home/airflow/.local/lib/python3.8/site-packages/airflow/example_dags/example_xcomargs.py took 0.213 seconds
[2026-06-07T19:21:23.663+0000] {processor.py:157} INFO - Started process (PID=404) to work on /home/airflow/.local/lib/python3.8/site-packages/airflow/example_dags/example_xcomargs.py
[2026-06-07T19:21:23.670+0000] {processor.py:829} INFO - Processing file /home/airflow/.local/lib/python3.8/site-packages/airflow/example_dags/example_xcomargs.py for tasks to queue
[2026-06-07T19:21:23.680+0000] {logging_mixin.py:154} INFO - [2026-06-07T19:21:23.679+0000] {dagbag.py:536} INFO - Filling up the DagBag from /home/airflow/.local/lib/python3.8/site-packages/airflow/example_dags/example_xcomargs.py
[2026-06-07T19:21:23.705+0000] {processor.py:839} INFO - DAG(s) dict_keys(['example_xcom_args', 'example_xcom_args_with_operators']) retrieved from /home/airflow/.local/lib/python3.8/site-packages/airflow/example_dags/example_xcomargs.py
[2026-06-07T19:21:23.805+0000] {logging_mixin.py:154} INFO - [2026-06-07T19:21:23.805+0000] {dag.py:2941} INFO - Sync 2 DAGs
[2026-06-07T19:21:23.851+0000] {logging_mixin.py:154} INFO - [2026-06-07T19:21:23.850+0000] {dag.py:3722} INFO - Setting next_dagrun for example_xcom_args to None, run_after=None
[2026-06-07T19:21:23.868+0000] {logging_mixin.py:154} INFO - [2026-06-07T19:21:23.868+0000] {dag.py:3722} INFO - Setting next_dagrun for example_xcom_args_with_operators to None, run_after=None
[2026-06-07T19:21:23.934+0000] {processor.py:179} INFO - Processing /home/airflow/.local/lib/python3.8/site-packages/airflow/example_dags/example_xcomargs.py took 0.287 seconds
[2026-06-07T19:21:54.046+0000] {processor.py:157} INFO - Started process (PID=453) to work on /home/airflow/.local/lib/python3.8/site-packages/airflow/example_dags/example_xcomargs.py
[2026-06-07T19:21:54.048+0000] {processor.py:829} INFO - Processing file /home/airflow/.local/lib/python3.8/site-packages/airflow/example_dags/example_xcomargs.py for tasks to queue
[2026-06-07T19:21:54.050+0000] {logging_mixin.py:154} INFO - [2026-06-07T19:21:54.050+0000] {dagbag.py:536} INFO - Filling up the DagBag from /home/airflow/.local/lib/python3.8/site-packages/airflow/example_dags/example_xcomargs.py
[2026-06-07T19:21:54.059+0000] {processor.py:839} INFO - DAG(s) dict_keys(['example_xcom_args', 'example_xcom_args_with_operators']) retrieved from /home/airflow/.local/lib/python3.8/site-packages/airflow/example_dags/example_xcomargs.py
[2026-06-07T19:21:54.084+0000] {logging_mixin.py:154} INFO - [2026-06-07T19:21:54.083+0000] {dag.py:2941} INFO - Sync 2 DAGs
[2026-06-07T19:21:54.098+0000] {logging_mixin.py:154} INFO - [2026-06-07T19:21:54.097+0000] {dag.py:3722} INFO - Setting next_dagrun for example_xcom_args to None, run_after=None
[2026-06-07T19:21:54.101+0000] {logging_mixin.py:154} INFO - [2026-06-07T19:21:54.101+0000] {dag.py:3722} INFO - Setting next_dagrun for example_xcom_args_with_operators to None, run_after=None
[2026-06-07T19:21:54.119+0000] {processor.py:179} INFO - Processing /home/airflow/.local/lib/python3.8/site-packages/airflow/example_dags/example_xcomargs.py took 0.078 seconds
[2026-06-07T19:22:24.661+0000] {processor.py:157} INFO - Started process (PID=502) to work on /home/airflow/.local/lib/python3.8/site-packages/airflow/example_dags/example_xcomargs.py
[2026-06-07T19:22:24.662+0000] {processor.py:829} INFO - Processing file /home/airflow/.local/lib/python3.8/site-packages/airflow/example_dags/example_xcomargs.py for tasks to queue
[2026-06-07T19:22:24.665+0000] {logging_mixin.py:154} INFO - [2026-06-07T19:22:24.665+0000] {dagbag.py:536} INFO - Filling up the DagBag from /home/airflow/.local/lib/python3.8/site-packages/airflow/example_dags/example_xcomargs.py
[2026-06-07T19:22:24.674+0000] {processor.py:839} INFO - DAG(s) dict_keys(['example_xcom_args_with_operators', 'example_xcom_args']) retrieved from /home/airflow/.local/lib/python3.8/site-packages/airflow/example_dags/example_xcomargs.py
[2026-06-07T19:22:24.699+0000] {logging_mixin.py:154} INFO - [2026-06-07T19:22:24.699+0000] {dag.py:2941} INFO - Sync 2 DAGs
[2026-06-07T19:22:24.713+0000] {logging_mixin.py:154} INFO - [2026-06-07T19:22:24.713+0000] {dag.py:3722} INFO - Setting next_dagrun for example_xcom_args to None, run_after=None
[2026-06-07T19:22:24.717+0000] {logging_mixin.py:154} INFO - [2026-06-07T19:22:24.717+0000] {dag.py:3722} INFO - Setting next_dagrun for example_xcom_args_with_operators to None, run_after=None
[2026-06-07T19:22:24.738+0000] {processor.py:179} INFO - Processing /home/airflow/.local/lib/python3.8/site-packages/airflow/example_dags/example_xcomargs.py took 0.082 seconds
[2026-06-07T19:22:55.303+0000] {processor.py:157} INFO - Started process (PID=551) to work on /home/airflow/.local/lib/python3.8/site-packages/airflow/example_dags/example_xcomargs.py
[2026-06-07T19:22:55.305+0000] {processor.py:829} INFO - Processing file /home/airflow/.local/lib/python3.8/site-packages/airflow/example_dags/example_xcomargs.py for tasks to queue
[2026-06-07T19:22:55.308+0000] {logging_mixin.py:154} INFO - [2026-06-07T19:22:55.307+0000] {dagbag.py:536} INFO - Filling up the DagBag from /home/airflow/.local/lib/python3.8/site-packages/airflow/example_dags/example_xcomargs.py
[2026-06-07T19:22:55.320+0000] {processor.py:839} INFO - DAG(s) dict_keys(['example_xcom_args_with_operators', 'example_xcom_args']) retrieved from /home/airflow/.local/lib/python3.8/site-packages/airflow/example_dags/example_xcomargs.py
[2026-06-07T19:22:55.354+0000] {logging_mixin.py:154} INFO - [2026-06-07T19:22:55.354+0000] {dag.py:2941} INFO - Sync 2 DAGs
[2026-06-07T19:22:55.373+0000] {logging_mixin.py:154} INFO - [2026-06-07T19:22:55.372+0000] {dag.py:3722} INFO - Setting next_dagrun for example_xcom_args to None, run_after=None
[2026-06-07T19:22:55.377+0000] {logging_mixin.py:154} INFO - [2026-06-07T19:22:55.377+0000] {dag.py:3722} INFO - Setting next_dagrun for example_xcom_args_with_operators to None, run_after=None
[2026-06-07T19:22:55.398+0000] {processor.py:179} INFO - Processing /home/airflow/.local/lib/python3.8/site-packages/airflow/example_dags/example_xcomargs.py took 0.099 seconds
[2026-06-07T19:23:26.063+0000] {processor.py:157} INFO - Started process (PID=600) to work on /home/airflow/.local/lib/python3.8/site-packages/airflow/example_dags/example_xcomargs.py
[2026-06-07T19:23:26.065+0000] {processor.py:829} INFO - Processing file /home/airflow/.local/lib/python3.8/site-packages/airflow/example_dags/example_xcomargs.py for tasks to queue
[2026-06-07T19:23:26.067+0000] {logging_mixin.py:154} INFO - [2026-06-07T19:23:26.067+0000] {dagbag.py:536} INFO - Filling up the DagBag from /home/airflow/.local/lib/python3.8/site-packages/airflow/example_dags/example_xcomargs.py
[2026-06-07T19:23:26.078+0000] {processor.py:839} INFO - DAG(s) dict_keys(['example_xcom_args_with_operators', 'example_xcom_args']) retrieved from /home/airflow/.local/lib/python3.8/site-packages/airflow/example_dags/example_xcomargs.py
[2026-06-07T19:23:26.104+0000] {logging_mixin.py:154} INFO - [2026-06-07T19:23:26.104+0000] {dag.py:2941} INFO - Sync 2 DAGs
[2026-06-07T19:23:26.118+0000] {logging_mixin.py:154} INFO - [2026-06-07T19:23:26.118+0000] {dag.py:3722} INFO - Setting next_dagrun for example_xcom_args to None, run_after=None
[2026-06-07T19:23:26.122+0000] {logging_mixin.py:154} INFO - [2026-06-07T19:23:26.121+0000] {dag.py:3722} INFO - Setting next_dagrun for example_xcom_args_with_operators to None, run_after=None
[2026-06-07T19:23:26.139+0000] {processor.py:179} INFO - Processing /home/airflow/.local/lib/python3.8/site-packages/airflow/example_dags/example_xcomargs.py took 0.080 seconds
[2026-06-07T19:23:56.735+0000] {processor.py:157} INFO - Started process (PID=649) to work on /home/airflow/.local/lib/python3.8/site-packages/airflow/example_dags/example_xcomargs.py
[2026-06-07T19:23:56.746+0000] {processor.py:829} INFO - Processing file /home/airflow/.local/lib/python3.8/site-packages/airflow/example_dags/example_xcomargs.py for tasks to queue
[2026-06-07T19:23:56.749+0000] {logging_mixin.py:154} INFO - [2026-06-07T19:23:56.749+0000] {dagbag.py:536} INFO - Filling up the DagBag from /home/airflow/.local/lib/python3.8/site-packages/airflow/example_dags/example_xcomargs.py
[2026-06-07T19:23:56.771+0000] {processor.py:839} INFO - DAG(s) dict_keys(['example_xcom_args_with_operators', 'example_xcom_args']) retrieved from /home/airflow/.local/lib/python3.8/site-packages/airflow/example_dags/example_xcomargs.py
[2026-06-07T19:23:56.818+0000] {logging_mixin.py:154} INFO - [2026-06-07T19:23:56.817+0000] {dag.py:2941} INFO - Sync 2 DAGs
[2026-06-07T19:23:56.837+0000] {logging_mixin.py:154} INFO - [2026-06-07T19:23:56.837+0000] {dag.py:3722} INFO - Setting next_dagrun for example_xcom_args to None, run_after=None
[2026-06-07T19:23:56.843+0000] {logging_mixin.py:154} INFO - [2026-06-07T19:23:56.842+0000] {dag.py:3722} INFO - Setting next_dagrun for example_xcom_args_with_operators to None, run_after=None
[2026-06-07T19:23:56.868+0000] {processor.py:179} INFO - Processing /home/airflow/.local/lib/python3.8/site-packages/airflow/example_dags/example_xcomargs.py took 0.148 seconds
[2026-06-07T19:24:29.383+0000] {processor.py:157} INFO - Started process (PID=698) to work on /home/airflow/.local/lib/python3.8/site-packages/airflow/example_dags/example_xcomargs.py
[2026-06-07T19:24:29.408+0000] {processor.py:829} INFO - Processing file /home/airflow/.local/lib/python3.8/site-packages/airflow/example_dags/example_xcomargs.py for tasks to queue
[2026-06-07T19:24:29.412+0000] {logging_mixin.py:154} INFO - [2026-06-07T19:24:29.411+0000] {dagbag.py:536} INFO - Filling up the DagBag from /home/airflow/.local/lib/python3.8/site-packages/airflow/example_dags/example_xcomargs.py
[2026-06-07T19:24:29.468+0000] {processor.py:839} INFO - DAG(s) dict_keys(['example_xcom_args_with_operators', 'example_xcom_args']) retrieved from /home/airflow/.local/lib/python3.8/site-packages/airflow/example_dags/example_xcomargs.py
[2026-06-07T19:24:29.547+0000] {logging_mixin.py:154} INFO - [2026-06-07T19:24:29.546+0000] {dag.py:2941} INFO - Sync 2 DAGs
[2026-06-07T19:24:29.580+0000] {logging_mixin.py:154} INFO - [2026-06-07T19:24:29.580+0000] {dag.py:3722} INFO - Setting next_dagrun for example_xcom_args to None, run_after=None
[2026-06-07T19:24:29.595+0000] {logging_mixin.py:154} INFO - [2026-06-07T19:24:29.595+0000] {dag.py:3722} INFO - Setting next_dagrun for example_xcom_args_with_operators to None, run_after=None
[2026-06-07T19:24:29.625+0000] {processor.py:179} INFO - Processing /home/airflow/.local/lib/python3.8/site-packages/airflow/example_dags/example_xcomargs.py took 0.260 seconds
[2026-06-07T19:24:59.944+0000] {processor.py:157} INFO - Started process (PID=745) to work on /home/airflow/.local/lib/python3.8/site-packages/airflow/example_dags/example_xcomargs.py
[2026-06-07T19:24:59.945+0000] {processor.py:829} INFO - Processing file /home/airflow/.local/lib/python3.8/site-packages/airflow/example_dags/example_xcomargs.py for tasks to queue
[2026-06-07T19:24:59.957+0000] {logging_mixin.py:154} INFO - [2026-06-07T19:24:59.956+0000] {dagbag.py:536} INFO - Filling up the DagBag from /home/airflow/.local/lib/python3.8/site-packages/airflow/example_dags/example_xcomargs.py
[2026-06-07T19:24:59.994+0000] {processor.py:839} INFO - DAG(s) dict_keys(['example_xcom_args_with_operators', 'example_xcom_args']) retrieved from /home/airflow/.local/lib/python3.8/site-packages/airflow/example_dags/example_xcomargs.py
[2026-06-07T19:25:00.114+0000] {logging_mixin.py:154} INFO - [2026-06-07T19:25:00.114+0000] {dag.py:2941} INFO - Sync 2 DAGs
[2026-06-07T19:25:00.187+0000] {logging_mixin.py:154} INFO - [2026-06-07T19:25:00.187+0000] {dag.py:3722} INFO - Setting next_dagrun for example_xcom_args to None, run_after=None
[2026-06-07T19:25:00.206+0000] {logging_mixin.py:154} INFO - [2026-06-07T19:25:00.206+0000] {dag.py:3722} INFO - Setting next_dagrun for example_xcom_args_with_operators to None, run_after=None
[2026-06-07T19:25:00.294+0000] {processor.py:179} INFO - Processing /home/airflow/.local/lib/python3.8/site-packages/airflow/example_dags/example_xcomargs.py took 0.369 seconds
[2026-06-07T19:25:30.412+0000] {processor.py:157} INFO - Started process (PID=794) to work on /home/airflow/.local/lib/python3.8/site-packages/airflow/example_dags/example_xcomargs.py
[2026-06-07T19:25:30.426+0000] {processor.py:829} INFO - Processing file /home/airflow/.local/lib/python3.8/site-packages/airflow/example_dags/example_xcomargs.py for tasks to queue
[2026-06-07T19:25:30.429+0000] {logging_mixin.py:154} INFO - [2026-06-07T19:25:30.429+0000] {dagbag.py:536} INFO - Filling up the DagBag from /home/airflow/.local/lib/python3.8/site-packages/airflow/example_dags/example_xcomargs.py
[2026-06-07T19:25:30.445+0000] {processor.py:839} INFO - DAG(s) dict_keys(['example_xcom_args_with_operators', 'example_xcom_args']) retrieved from /home/airflow/.local/lib/python3.8/site-packages/airflow/example_dags/example_xcomargs.py
[2026-06-07T19:25:30.551+0000] {logging_mixin.py:154} INFO - [2026-06-07T19:25:30.549+0000] {dag.py:2941} INFO - Sync 2 DAGs
[2026-06-07T19:25:30.594+0000] {logging_mixin.py:154} INFO - [2026-06-07T19:25:30.594+0000] {dag.py:3722} INFO - Setting next_dagrun for example_xcom_args to None, run_after=None
[2026-06-07T19:25:30.601+0000] {logging_mixin.py:154} INFO - [2026-06-07T19:25:30.600+0000] {dag.py:3722} INFO - Setting next_dagrun for example_xcom_args_with_operators to None, run_after=None
[2026-06-07T19:25:30.625+0000] {processor.py:179} INFO - Processing /home/airflow/.local/lib/python3.8/site-packages/airflow/example_dags/example_xcomargs.py took 0.222 seconds
[2026-06-07T19:26:01.101+0000] {processor.py:157} INFO - Started process (PID=843) to work on /home/airflow/.local/lib/python3.8/site-packages/airflow/example_dags/example_xcomargs.py
[2026-06-07T19:26:01.102+0000] {processor.py:829} INFO - Processing file /home/airflow/.local/lib/python3.8/site-packages/airflow/example_dags/example_xcomargs.py for tasks to queue
[2026-06-07T19:26:01.104+0000] {logging_mixin.py:154} INFO - [2026-06-07T19:26:01.104+0000] {dagbag.py:536} INFO - Filling up the DagBag from /home/airflow/.local/lib/python3.8/site-packages/airflow/example_dags/example_xcomargs.py
[2026-06-07T19:26:01.143+0000] {processor.py:839} INFO - DAG(s) dict_keys(['example_xcom_args_with_operators', 'example_xcom_args']) retrieved from /home/airflow/.local/lib/python3.8/site-packages/airflow/example_dags/example_xcomargs.py
[2026-06-07T19:26:01.216+0000] {logging_mixin.py:154} INFO - [2026-06-07T19:26:01.216+0000] {dag.py:2941} INFO - Sync 2 DAGs
[2026-06-07T19:26:01.237+0000] {logging_mixin.py:154} INFO - [2026-06-07T19:26:01.236+0000] {dag.py:3722} INFO - Setting next_dagrun for example_xcom_args to None, run_after=None
[2026-06-07T19:26:01.242+0000] {logging_mixin.py:154} INFO - [2026-06-07T19:26:01.242+0000] {dag.py:3722} INFO - Setting next_dagrun for example_xcom_args_with_operators to None, run_after=None
[2026-06-07T19:26:01.277+0000] {processor.py:179} INFO - Processing /home/airflow/.local/lib/python3.8/site-packages/airflow/example_dags/example_xcomargs.py took 0.183 seconds
[2026-06-07T19:26:32.049+0000] {processor.py:157} INFO - Started process (PID=892) to work on /home/airflow/.local/lib/python3.8/site-packages/airflow/example_dags/example_xcomargs.py
[2026-06-07T19:26:32.051+0000] {processor.py:829} INFO - Processing file /home/airflow/.local/lib/python3.8/site-packages/airflow/example_dags/example_xcomargs.py for tasks to queue
[2026-06-07T19:26:32.056+0000] {logging_mixin.py:154} INFO - [2026-06-07T19:26:32.055+0000] {dagbag.py:536} INFO - Filling up the DagBag from /home/airflow/.local/lib/python3.8/site-packages/airflow/example_dags/example_xcomargs.py
[2026-06-07T19:26:32.067+0000] {processor.py:839} INFO - DAG(s) dict_keys(['example_xcom_args_with_operators', 'example_xcom_args']) retrieved from /home/airflow/.local/lib/python3.8/site-packages/airflow/example_dags/example_xcomargs.py
[2026-06-07T19:26:32.102+0000] {logging_mixin.py:154} INFO - [2026-06-07T19:26:32.102+0000] {dag.py:2941} INFO - Sync 2 DAGs
[2026-06-07T19:26:32.121+0000] {logging_mixin.py:154} INFO - [2026-06-07T19:26:32.120+0000] {dag.py:3722} INFO - Setting next_dagrun for example_xcom_args to None, run_after=None
[2026-06-07T19:26:32.127+0000] {logging_mixin.py:154} INFO - [2026-06-07T19:26:32.127+0000] {dag.py:3722} INFO - Setting next_dagrun for example_xcom_args_with_operators to None, run_after=None
[2026-06-07T19:26:32.339+0000] {processor.py:179} INFO - Processing /home/airflow/.local/lib/python3.8/site-packages/airflow/example_dags/example_xcomargs.py took 0.296 seconds
[2026-06-07T19:27:02.397+0000] {processor.py:157} INFO - Started process (PID=941) to work on /home/airflow/.local/lib/python3.8/site-packages/airflow/example_dags/example_xcomargs.py
[2026-06-07T19:27:02.398+0000] {processor.py:829} INFO - Processing file /home/airflow/.local/lib/python3.8/site-packages/airflow/example_dags/example_xcomargs.py for tasks to queue
[2026-06-07T19:27:02.403+0000] {logging_mixin.py:154} INFO - [2026-06-07T19:27:02.403+0000] {dagbag.py:536} INFO - Filling up the DagBag from /home/airflow/.local/lib/python3.8/site-packages/airflow/example_dags/example_xcomargs.py
[2026-06-07T19:27:02.415+0000] {processor.py:839} INFO - DAG(s) dict_keys(['example_xcom_args_with_operators', 'example_xcom_args']) retrieved from /home/airflow/.local/lib/python3.8/site-packages/airflow/example_dags/example_xcomargs.py
[2026-06-07T19:27:02.450+0000] {logging_mixin.py:154} INFO - [2026-06-07T19:27:02.450+0000] {dag.py:2941} INFO - Sync 2 DAGs
[2026-06-07T19:27:02.473+0000] {logging_mixin.py:154} INFO - [2026-06-07T19:27:02.472+0000] {dag.py:3722} INFO - Setting next_dagrun for example_xcom_args to None, run_after=None
[2026-06-07T19:27:02.478+0000] {logging_mixin.py:154} INFO - [2026-06-07T19:27:02.478+0000] {dag.py:3722} INFO - Setting next_dagrun for example_xcom_args_with_operators to None, run_after=None
[2026-06-07T19:27:02.502+0000] {processor.py:179} INFO - Processing /home/airflow/.local/lib/python3.8/site-packages/airflow/example_dags/example_xcomargs.py took 0.110 seconds
[2026-06-07T19:27:32.720+0000] {processor.py:157} INFO - Started process (PID=990) to work on /home/airflow/.local/lib/python3.8/site-packages/airflow/example_dags/example_xcomargs.py
[2026-06-07T19:27:32.723+0000] {processor.py:829} INFO - Processing file /home/airflow/.local/lib/python3.8/site-packages/airflow/example_dags/example_xcomargs.py for tasks to queue
[2026-06-07T19:27:32.726+0000] {logging_mixin.py:154} INFO - [2026-06-07T19:27:32.726+0000] {dagbag.py:536} INFO - Filling up the DagBag from /home/airflow/.local/lib/python3.8/site-packages/airflow/example_dags/example_xcomargs.py
[2026-06-07T19:27:32.738+0000] {processor.py:839} INFO - DAG(s) dict_keys(['example_xcom_args_with_operators', 'example_xcom_args']) retrieved from /home/airflow/.local/lib/python3.8/site-packages/airflow/example_dags/example_xcomargs.py
[2026-06-07T19:27:32.773+0000] {logging_mixin.py:154} INFO - [2026-06-07T19:27:32.773+0000] {dag.py:2941} INFO - Sync 2 DAGs
[2026-06-07T19:27:32.793+0000] {logging_mixin.py:154} INFO - [2026-06-07T19:27:32.793+0000] {dag.py:3722} INFO - Setting next_dagrun for example_xcom_args to None, run_after=None
[2026-06-07T19:27:32.799+0000] {logging_mixin.py:154} INFO - [2026-06-07T19:27:32.799+0000] {dag.py:3722} INFO - Setting next_dagrun for example_xcom_args_with_operators to None, run_after=None
[2026-06-07T19:27:32.820+0000] {processor.py:179} INFO - Processing /home/airflow/.local/lib/python3.8/site-packages/airflow/example_dags/example_xcomargs.py took 0.105 seconds
[2026-06-07T19:28:06.490+0000] {processor.py:157} INFO - Started process (PID=1039) to work on /home/airflow/.local/lib/python3.8/site-packages/airflow/example_dags/example_xcomargs.py
[2026-06-07T19:28:06.499+0000] {processor.py:829} INFO - Processing file /home/airflow/.local/lib/python3.8/site-packages/airflow/example_dags/example_xcomargs.py for tasks to queue
[2026-06-07T19:28:06.524+0000] {logging_mixin.py:154} INFO - [2026-06-07T19:28:06.516+0000] {dagbag.py:536} INFO - Filling up the DagBag from /home/airflow/.local/lib/python3.8/site-packages/airflow/example_dags/example_xcomargs.py
[2026-06-07T19:28:06.662+0000] {processor.py:839} INFO - DAG(s) dict_keys(['example_xcom_args_with_operators', 'example_xcom_args']) retrieved from /home/airflow/.local/lib/python3.8/site-packages/airflow/example_dags/example_xcomargs.py
[2026-06-07T19:28:06.829+0000] {logging_mixin.py:154} INFO - [2026-06-07T19:28:06.828+0000] {dag.py:2941} INFO - Sync 2 DAGs
[2026-06-07T19:28:12.158+0000] {logging_mixin.py:154} INFO - [2026-06-07T19:28:12.158+0000] {process_utils.py:259} INFO - Waiting up to 5 seconds for processes to exit...
[2026-06-07T19:28:12.159+0000] {logging_mixin.py:154} WARNING - Exception ignored in: <function WeakKeyDictionary.__init__.<locals>.remove at 0x7f76ebbe9e50>
[2026-06-07T19:28:12.160+0000] {logging_mixin.py:154} WARNING - Traceback (most recent call last):
[2026-06-07T19:28:12.160+0000] {logging_mixin.py:154} WARNING -   File "/usr/local/lib/python3.8/weakref.py", line 345, in remove
[2026-06-07T19:28:12.160+0000] {logging_mixin.py:154} WARNING -     def remove(k, selfref=ref(self)):
[2026-06-07T19:28:12.164+0000] {logging_mixin.py:154} WARNING -   File "/home/airflow/.local/lib/python3.8/site-packages/airflow/dag_processing/manager.py", line 470, in _exit_gracefully
[2026-06-07T19:28:12.164+0000] {logging_mixin.py:154} WARNING -     self.log.debug("Current Stacktrace is: %s", "\n".join(map(str, inspect.stack())))
[2026-06-07T19:28:12.164+0000] {logging_mixin.py:154} WARNING -   File "/usr/local/lib/python3.8/inspect.py", line 1526, in stack
[2026-06-07T19:28:12.165+0000] {logging_mixin.py:154} WARNING -     return getouterframes(sys._getframe(1), context)
[2026-06-07T19:28:12.166+0000] {logging_mixin.py:154} WARNING -   File "/usr/local/lib/python3.8/inspect.py", line 1503, in getouterframes
[2026-06-07T19:28:12.166+0000] {logging_mixin.py:154} WARNING -     frameinfo = (frame,) + getframeinfo(frame, context)
[2026-06-07T19:28:12.167+0000] {logging_mixin.py:154} WARNING -   File "/usr/local/lib/python3.8/inspect.py", line 1477, in getframeinfo
[2026-06-07T19:28:12.168+0000] {logging_mixin.py:154} WARNING -     lines, lnum = findsource(frame)
[2026-06-07T19:28:12.168+0000] {logging_mixin.py:154} WARNING -   File "/usr/local/lib/python3.8/inspect.py", line 846, in findsource
[2026-06-07T19:28:12.169+0000] {logging_mixin.py:154} WARNING -     lnum = lnum - 1
[2026-06-07T19:28:12.169+0000] {logging_mixin.py:154} WARNING -   File "/home/airflow/.local/lib/python3.8/site-packages/airflow/dag_processing/manager.py", line 470, in _exit_gracefully
[2026-06-07T19:28:12.170+0000] {logging_mixin.py:154} WARNING -     self.log.debug("Current Stacktrace is: %s", "\n".join(map(str, inspect.stack())))
[2026-06-07T19:28:12.170+0000] {logging_mixin.py:154} WARNING -   File "/usr/local/lib/python3.8/inspect.py", line 1526, in stack
[2026-06-07T19:28:12.171+0000] {logging_mixin.py:154} WARNING -     return getouterframes(sys._getframe(1), context)
[2026-06-07T19:28:12.172+0000] {logging_mixin.py:154} WARNING -   File "/usr/local/lib/python3.8/inspect.py", line 1503, in getouterframes
[2026-06-07T19:28:12.172+0000] {logging_mixin.py:154} WARNING -     frameinfo = (frame,) + getframeinfo(frame, context)
[2026-06-07T19:28:12.173+0000] {logging_mixin.py:154} WARNING -   File "/usr/local/lib/python3.8/inspect.py", line 1477, in getframeinfo
[2026-06-07T19:28:12.173+0000] {logging_mixin.py:154} WARNING -     lines, lnum = findsource(frame)
[2026-06-07T19:28:12.174+0000] {logging_mixin.py:154} WARNING -   File "/usr/local/lib/python3.8/inspect.py", line 794, in findsource
[2026-06-07T19:28:12.174+0000] {logging_mixin.py:154} WARNING -     lines = linecache.getlines(file, module.__dict__)
[2026-06-07T19:28:12.175+0000] {logging_mixin.py:154} WARNING -   File "/usr/local/lib/python3.8/linecache.py", line 47, in getlines
[2026-06-07T19:28:12.175+0000] {logging_mixin.py:154} WARNING -     return updatecache(filename, module_globals)
[2026-06-07T19:28:12.175+0000] {logging_mixin.py:154} WARNING -   File "/usr/local/lib/python3.8/linecache.py", line 137, in updatecache
[2026-06-07T19:28:12.176+0000] {logging_mixin.py:154} WARNING -     lines = fp.readlines()
[2026-06-07T19:28:12.176+0000] {logging_mixin.py:154} WARNING -   File "/usr/local/lib/python3.8/codecs.py", line 319, in decode
[2026-06-07T19:28:12.176+0000] {logging_mixin.py:154} WARNING -     def decode(self, input, final=False):
[2026-06-07T19:28:12.176+0000] {logging_mixin.py:154} WARNING -   File "/home/airflow/.local/lib/python3.8/site-packages/airflow/dag_processing/manager.py", line 474, in _exit_gracefully
[2026-06-07T19:28:12.177+0000] {logging_mixin.py:154} WARNING -     sys.exit(os.EX_OK)
[2026-06-07T19:28:12.177+0000] {logging_mixin.py:154} WARNING - SystemExit: 0
[2026-06-07T19:28:12.188+0000] {logging_mixin.py:154} INFO - [2026-06-07T19:28:12.188+0000] {dag.py:3722} INFO - Setting next_dagrun for example_xcom_args to None, run_after=None
[2026-06-07T19:28:12.195+0000] {logging_mixin.py:154} INFO - [2026-06-07T19:28:12.195+0000] {dag.py:3722} INFO - Setting next_dagrun for example_xcom_args_with_operators to None, run_after=None
[2026-06-07T19:28:12.228+0000] {processor.py:179} INFO - Processing /home/airflow/.local/lib/python3.8/site-packages/airflow/example_dags/example_xcomargs.py took 5.763 seconds
[2026-06-07T19:31:06.357+0000] {processor.py:157} INFO - Started process (PID=61) to work on /home/airflow/.local/lib/python3.8/site-packages/airflow/example_dags/example_xcomargs.py
[2026-06-07T19:31:06.366+0000] {processor.py:829} INFO - Processing file /home/airflow/.local/lib/python3.8/site-packages/airflow/example_dags/example_xcomargs.py for tasks to queue
[2026-06-07T19:31:06.396+0000] {logging_mixin.py:154} INFO - [2026-06-07T19:31:06.395+0000] {dagbag.py:536} INFO - Filling up the DagBag from /home/airflow/.local/lib/python3.8/site-packages/airflow/example_dags/example_xcomargs.py
[2026-06-07T19:31:06.449+0000] {processor.py:839} INFO - DAG(s) dict_keys(['example_xcom_args_with_operators', 'example_xcom_args']) retrieved from /home/airflow/.local/lib/python3.8/site-packages/airflow/example_dags/example_xcomargs.py
[2026-06-07T19:31:06.806+0000] {logging_mixin.py:154} INFO - [2026-06-07T19:31:06.805+0000] {dag.py:2941} INFO - Sync 2 DAGs
[2026-06-07T19:31:06.960+0000] {logging_mixin.py:154} INFO - [2026-06-07T19:31:06.960+0000] {dag.py:3722} INFO - Setting next_dagrun for example_xcom_args to None, run_after=None
[2026-06-07T19:31:07.011+0000] {logging_mixin.py:154} INFO - [2026-06-07T19:31:07.011+0000] {dag.py:3722} INFO - Setting next_dagrun for example_xcom_args_with_operators to None, run_after=None
[2026-06-07T19:31:07.193+0000] {processor.py:179} INFO - Processing /home/airflow/.local/lib/python3.8/site-packages/airflow/example_dags/example_xcomargs.py took 0.876 seconds
[2026-06-07T19:31:37.332+0000] {processor.py:157} INFO - Started process (PID=110) to work on /home/airflow/.local/lib/python3.8/site-packages/airflow/example_dags/example_xcomargs.py
[2026-06-07T19:31:37.334+0000] {processor.py:829} INFO - Processing file /home/airflow/.local/lib/python3.8/site-packages/airflow/example_dags/example_xcomargs.py for tasks to queue
[2026-06-07T19:31:37.337+0000] {logging_mixin.py:154} INFO - [2026-06-07T19:31:37.337+0000] {dagbag.py:536} INFO - Filling up the DagBag from /home/airflow/.local/lib/python3.8/site-packages/airflow/example_dags/example_xcomargs.py
[2026-06-07T19:31:37.348+0000] {processor.py:839} INFO - DAG(s) dict_keys(['example_xcom_args_with_operators', 'example_xcom_args']) retrieved from /home/airflow/.local/lib/python3.8/site-packages/airflow/example_dags/example_xcomargs.py
[2026-06-07T19:31:37.384+0000] {logging_mixin.py:154} INFO - [2026-06-07T19:31:37.384+0000] {dag.py:2941} INFO - Sync 2 DAGs
[2026-06-07T19:31:37.405+0000] {logging_mixin.py:154} INFO - [2026-06-07T19:31:37.404+0000] {dag.py:3722} INFO - Setting next_dagrun for example_xcom_args to None, run_after=None
[2026-06-07T19:31:37.410+0000] {logging_mixin.py:154} INFO - [2026-06-07T19:31:37.410+0000] {dag.py:3722} INFO - Setting next_dagrun for example_xcom_args_with_operators to None, run_after=None
[2026-06-07T19:31:37.431+0000] {processor.py:179} INFO - Processing /home/airflow/.local/lib/python3.8/site-packages/airflow/example_dags/example_xcomargs.py took 0.104 seconds
[2026-06-07T19:32:07.652+0000] {processor.py:157} INFO - Started process (PID=159) to work on /home/airflow/.local/lib/python3.8/site-packages/airflow/example_dags/example_xcomargs.py
[2026-06-07T19:32:07.655+0000] {processor.py:829} INFO - Processing file /home/airflow/.local/lib/python3.8/site-packages/airflow/example_dags/example_xcomargs.py for tasks to queue
[2026-06-07T19:32:07.657+0000] {logging_mixin.py:154} INFO - [2026-06-07T19:32:07.657+0000] {dagbag.py:536} INFO - Filling up the DagBag from /home/airflow/.local/lib/python3.8/site-packages/airflow/example_dags/example_xcomargs.py
[2026-06-07T19:32:07.666+0000] {processor.py:839} INFO - DAG(s) dict_keys(['example_xcom_args', 'example_xcom_args_with_operators']) retrieved from /home/airflow/.local/lib/python3.8/site-packages/airflow/example_dags/example_xcomargs.py
[2026-06-07T19:32:07.692+0000] {logging_mixin.py:154} INFO - [2026-06-07T19:32:07.692+0000] {dag.py:2941} INFO - Sync 2 DAGs
[2026-06-07T19:32:07.706+0000] {logging_mixin.py:154} INFO - [2026-06-07T19:32:07.706+0000] {dag.py:3722} INFO - Setting next_dagrun for example_xcom_args to None, run_after=None
[2026-06-07T19:32:07.710+0000] {logging_mixin.py:154} INFO - [2026-06-07T19:32:07.710+0000] {dag.py:3722} INFO - Setting next_dagrun for example_xcom_args_with_operators to None, run_after=None
[2026-06-07T19:32:07.731+0000] {processor.py:179} INFO - Processing /home/airflow/.local/lib/python3.8/site-packages/airflow/example_dags/example_xcomargs.py took 0.084 seconds
[2026-06-07T19:32:38.362+0000] {processor.py:157} INFO - Started process (PID=208) to work on /home/airflow/.local/lib/python3.8/site-packages/airflow/example_dags/example_xcomargs.py
[2026-06-07T19:32:38.368+0000] {processor.py:829} INFO - Processing file /home/airflow/.local/lib/python3.8/site-packages/airflow/example_dags/example_xcomargs.py for tasks to queue
[2026-06-07T19:32:38.370+0000] {logging_mixin.py:154} INFO - [2026-06-07T19:32:38.370+0000] {dagbag.py:536} INFO - Filling up the DagBag from /home/airflow/.local/lib/python3.8/site-packages/airflow/example_dags/example_xcomargs.py
[2026-06-07T19:32:38.378+0000] {processor.py:839} INFO - DAG(s) dict_keys(['example_xcom_args', 'example_xcom_args_with_operators']) retrieved from /home/airflow/.local/lib/python3.8/site-packages/airflow/example_dags/example_xcomargs.py
[2026-06-07T19:32:38.403+0000] {logging_mixin.py:154} INFO - [2026-06-07T19:32:38.403+0000] {dag.py:2941} INFO - Sync 2 DAGs
[2026-06-07T19:32:38.416+0000] {logging_mixin.py:154} INFO - [2026-06-07T19:32:38.416+0000] {dag.py:3722} INFO - Setting next_dagrun for example_xcom_args to None, run_after=None
[2026-06-07T19:32:38.420+0000] {logging_mixin.py:154} INFO - [2026-06-07T19:32:38.420+0000] {dag.py:3722} INFO - Setting next_dagrun for example_xcom_args_with_operators to None, run_after=None
[2026-06-07T19:32:38.437+0000] {processor.py:179} INFO - Processing /home/airflow/.local/lib/python3.8/site-packages/airflow/example_dags/example_xcomargs.py took 0.079 seconds
[2026-06-07T19:33:09.284+0000] {processor.py:157} INFO - Started process (PID=257) to work on /home/airflow/.local/lib/python3.8/site-packages/airflow/example_dags/example_xcomargs.py
[2026-06-07T19:33:09.292+0000] {processor.py:829} INFO - Processing file /home/airflow/.local/lib/python3.8/site-packages/airflow/example_dags/example_xcomargs.py for tasks to queue
[2026-06-07T19:33:09.299+0000] {logging_mixin.py:154} INFO - [2026-06-07T19:33:09.299+0000] {dagbag.py:536} INFO - Filling up the DagBag from /home/airflow/.local/lib/python3.8/site-packages/airflow/example_dags/example_xcomargs.py
[2026-06-07T19:33:09.317+0000] {processor.py:839} INFO - DAG(s) dict_keys(['example_xcom_args_with_operators', 'example_xcom_args']) retrieved from /home/airflow/.local/lib/python3.8/site-packages/airflow/example_dags/example_xcomargs.py
[2026-06-07T19:33:09.365+0000] {logging_mixin.py:154} INFO - [2026-06-07T19:33:09.364+0000] {dag.py:2941} INFO - Sync 2 DAGs
[2026-06-07T19:33:09.392+0000] {logging_mixin.py:154} INFO - [2026-06-07T19:33:09.391+0000] {dag.py:3722} INFO - Setting next_dagrun for example_xcom_args to None, run_after=None
[2026-06-07T19:33:09.403+0000] {logging_mixin.py:154} INFO - [2026-06-07T19:33:09.403+0000] {dag.py:3722} INFO - Setting next_dagrun for example_xcom_args_with_operators to None, run_after=None
[2026-06-07T19:33:09.448+0000] {processor.py:179} INFO - Processing /home/airflow/.local/lib/python3.8/site-packages/airflow/example_dags/example_xcomargs.py took 0.191 seconds
[2026-06-07T19:33:44.408+0000] {processor.py:157} INFO - Started process (PID=306) to work on /home/airflow/.local/lib/python3.8/site-packages/airflow/example_dags/example_xcomargs.py
[2026-06-07T19:33:44.429+0000] {processor.py:829} INFO - Processing file /home/airflow/.local/lib/python3.8/site-packages/airflow/example_dags/example_xcomargs.py for tasks to queue
[2026-06-07T19:33:44.432+0000] {logging_mixin.py:154} INFO - [2026-06-07T19:33:44.432+0000] {dagbag.py:536} INFO - Filling up the DagBag from /home/airflow/.local/lib/python3.8/site-packages/airflow/example_dags/example_xcomargs.py
[2026-06-07T19:33:44.493+0000] {processor.py:839} INFO - DAG(s) dict_keys(['example_xcom_args_with_operators', 'example_xcom_args']) retrieved from /home/airflow/.local/lib/python3.8/site-packages/airflow/example_dags/example_xcomargs.py
[2026-06-07T19:33:44.619+0000] {logging_mixin.py:154} INFO - [2026-06-07T19:33:44.618+0000] {dag.py:2941} INFO - Sync 2 DAGs
[2026-06-07T19:33:44.671+0000] {logging_mixin.py:154} INFO - [2026-06-07T19:33:44.671+0000] {dag.py:3722} INFO - Setting next_dagrun for example_xcom_args to None, run_after=None
[2026-06-07T19:33:44.678+0000] {logging_mixin.py:154} INFO - [2026-06-07T19:33:44.678+0000] {dag.py:3722} INFO - Setting next_dagrun for example_xcom_args_with_operators to None, run_after=None
[2026-06-07T19:33:44.771+0000] {processor.py:179} INFO - Processing /home/airflow/.local/lib/python3.8/site-packages/airflow/example_dags/example_xcomargs.py took 0.383 seconds
[2026-06-07T19:34:15.431+0000] {processor.py:157} INFO - Started process (PID=355) to work on /home/airflow/.local/lib/python3.8/site-packages/airflow/example_dags/example_xcomargs.py
[2026-06-07T19:34:15.433+0000] {processor.py:829} INFO - Processing file /home/airflow/.local/lib/python3.8/site-packages/airflow/example_dags/example_xcomargs.py for tasks to queue
[2026-06-07T19:34:15.439+0000] {logging_mixin.py:154} INFO - [2026-06-07T19:34:15.438+0000] {dagbag.py:536} INFO - Filling up the DagBag from /home/airflow/.local/lib/python3.8/site-packages/airflow/example_dags/example_xcomargs.py
[2026-06-07T19:34:15.472+0000] {processor.py:839} INFO - DAG(s) dict_keys(['example_xcom_args_with_operators', 'example_xcom_args']) retrieved from /home/airflow/.local/lib/python3.8/site-packages/airflow/example_dags/example_xcomargs.py
[2026-06-07T19:34:15.562+0000] {logging_mixin.py:154} INFO - [2026-06-07T19:34:15.561+0000] {dag.py:2941} INFO - Sync 2 DAGs
[2026-06-07T19:34:15.615+0000] {logging_mixin.py:154} INFO - [2026-06-07T19:34:15.615+0000] {dag.py:3722} INFO - Setting next_dagrun for example_xcom_args to None, run_after=None
[2026-06-07T19:34:15.631+0000] {logging_mixin.py:154} INFO - [2026-06-07T19:34:15.631+0000] {dag.py:3722} INFO - Setting next_dagrun for example_xcom_args_with_operators to None, run_after=None
[2026-06-07T19:34:15.690+0000] {processor.py:179} INFO - Processing /home/airflow/.local/lib/python3.8/site-packages/airflow/example_dags/example_xcomargs.py took 0.269 seconds
[2026-06-07T19:34:46.973+0000] {processor.py:157} INFO - Started process (PID=404) to work on /home/airflow/.local/lib/python3.8/site-packages/airflow/example_dags/example_xcomargs.py
[2026-06-07T19:34:46.975+0000] {processor.py:829} INFO - Processing file /home/airflow/.local/lib/python3.8/site-packages/airflow/example_dags/example_xcomargs.py for tasks to queue
[2026-06-07T19:34:46.985+0000] {logging_mixin.py:154} INFO - [2026-06-07T19:34:46.985+0000] {dagbag.py:536} INFO - Filling up the DagBag from /home/airflow/.local/lib/python3.8/site-packages/airflow/example_dags/example_xcomargs.py
[2026-06-07T19:34:47.022+0000] {processor.py:839} INFO - DAG(s) dict_keys(['example_xcom_args_with_operators', 'example_xcom_args']) retrieved from /home/airflow/.local/lib/python3.8/site-packages/airflow/example_dags/example_xcomargs.py
[2026-06-07T19:34:47.177+0000] {logging_mixin.py:154} INFO - [2026-06-07T19:34:47.177+0000] {dag.py:2941} INFO - Sync 2 DAGs
[2026-06-07T19:34:47.217+0000] {logging_mixin.py:154} INFO - [2026-06-07T19:34:47.217+0000] {dag.py:3722} INFO - Setting next_dagrun for example_xcom_args to None, run_after=None
[2026-06-07T19:34:47.229+0000] {logging_mixin.py:154} INFO - [2026-06-07T19:34:47.229+0000] {dag.py:3722} INFO - Setting next_dagrun for example_xcom_args_with_operators to None, run_after=None
[2026-06-07T19:34:47.287+0000] {processor.py:179} INFO - Processing /home/airflow/.local/lib/python3.8/site-packages/airflow/example_dags/example_xcomargs.py took 0.329 seconds
[2026-06-07T19:35:17.848+0000] {processor.py:157} INFO - Started process (PID=452) to work on /home/airflow/.local/lib/python3.8/site-packages/airflow/example_dags/example_xcomargs.py
[2026-06-07T19:35:17.853+0000] {processor.py:829} INFO - Processing file /home/airflow/.local/lib/python3.8/site-packages/airflow/example_dags/example_xcomargs.py for tasks to queue
[2026-06-07T19:35:17.856+0000] {logging_mixin.py:154} INFO - [2026-06-07T19:35:17.856+0000] {dagbag.py:536} INFO - Filling up the DagBag from /home/airflow/.local/lib/python3.8/site-packages/airflow/example_dags/example_xcomargs.py
[2026-06-07T19:35:17.868+0000] {processor.py:839} INFO - DAG(s) dict_keys(['example_xcom_args_with_operators', 'example_xcom_args']) retrieved from /home/airflow/.local/lib/python3.8/site-packages/airflow/example_dags/example_xcomargs.py
[2026-06-07T19:35:17.896+0000] {logging_mixin.py:154} INFO - [2026-06-07T19:35:17.896+0000] {dag.py:2941} INFO - Sync 2 DAGs
[2026-06-07T19:35:17.912+0000] {logging_mixin.py:154} INFO - [2026-06-07T19:35:17.912+0000] {dag.py:3722} INFO - Setting next_dagrun for example_xcom_args to None, run_after=None
[2026-06-07T19:35:17.917+0000] {logging_mixin.py:154} INFO - [2026-06-07T19:35:17.916+0000] {dag.py:3722} INFO - Setting next_dagrun for example_xcom_args_with_operators to None, run_after=None
[2026-06-07T19:35:17.935+0000] {processor.py:179} INFO - Processing /home/airflow/.local/lib/python3.8/site-packages/airflow/example_dags/example_xcomargs.py took 0.091 seconds
[2026-06-07T19:35:48.113+0000] {processor.py:157} INFO - Started process (PID=500) to work on /home/airflow/.local/lib/python3.8/site-packages/airflow/example_dags/example_xcomargs.py
[2026-06-07T19:35:48.115+0000] {processor.py:829} INFO - Processing file /home/airflow/.local/lib/python3.8/site-packages/airflow/example_dags/example_xcomargs.py for tasks to queue
[2026-06-07T19:35:48.118+0000] {logging_mixin.py:154} INFO - [2026-06-07T19:35:48.118+0000] {dagbag.py:536} INFO - Filling up the DagBag from /home/airflow/.local/lib/python3.8/site-packages/airflow/example_dags/example_xcomargs.py
[2026-06-07T19:35:48.131+0000] {processor.py:839} INFO - DAG(s) dict_keys(['example_xcom_args_with_operators', 'example_xcom_args']) retrieved from /home/airflow/.local/lib/python3.8/site-packages/airflow/example_dags/example_xcomargs.py
[2026-06-07T19:35:48.165+0000] {logging_mixin.py:154} INFO - [2026-06-07T19:35:48.165+0000] {dag.py:2941} INFO - Sync 2 DAGs
[2026-06-07T19:35:48.186+0000] {logging_mixin.py:154} INFO - [2026-06-07T19:35:48.184+0000] {dag.py:3722} INFO - Setting next_dagrun for example_xcom_args to None, run_after=None
[2026-06-07T19:35:48.197+0000] {logging_mixin.py:154} INFO - [2026-06-07T19:35:48.196+0000] {dag.py:3722} INFO - Setting next_dagrun for example_xcom_args_with_operators to None, run_after=None
[2026-06-07T19:35:48.232+0000] {processor.py:179} INFO - Processing /home/airflow/.local/lib/python3.8/site-packages/airflow/example_dags/example_xcomargs.py took 0.124 seconds
[2026-06-07T19:36:18.952+0000] {processor.py:157} INFO - Started process (PID=549) to work on /home/airflow/.local/lib/python3.8/site-packages/airflow/example_dags/example_xcomargs.py
[2026-06-07T19:36:18.954+0000] {processor.py:829} INFO - Processing file /home/airflow/.local/lib/python3.8/site-packages/airflow/example_dags/example_xcomargs.py for tasks to queue
[2026-06-07T19:36:18.957+0000] {logging_mixin.py:154} INFO - [2026-06-07T19:36:18.957+0000] {dagbag.py:536} INFO - Filling up the DagBag from /home/airflow/.local/lib/python3.8/site-packages/airflow/example_dags/example_xcomargs.py
[2026-06-07T19:36:18.971+0000] {processor.py:839} INFO - DAG(s) dict_keys(['example_xcom_args_with_operators', 'example_xcom_args']) retrieved from /home/airflow/.local/lib/python3.8/site-packages/airflow/example_dags/example_xcomargs.py
[2026-06-07T19:36:19.029+0000] {logging_mixin.py:154} INFO - [2026-06-07T19:36:19.029+0000] {dag.py:2941} INFO - Sync 2 DAGs
[2026-06-07T19:36:19.050+0000] {logging_mixin.py:154} INFO - [2026-06-07T19:36:19.049+0000] {dag.py:3722} INFO - Setting next_dagrun for example_xcom_args to None, run_after=None
[2026-06-07T19:36:19.054+0000] {logging_mixin.py:154} INFO - [2026-06-07T19:36:19.054+0000] {dag.py:3722} INFO - Setting next_dagrun for example_xcom_args_with_operators to None, run_after=None
[2026-06-07T19:36:19.076+0000] {processor.py:179} INFO - Processing /home/airflow/.local/lib/python3.8/site-packages/airflow/example_dags/example_xcomargs.py took 0.129 seconds
[2026-06-07T19:36:49.648+0000] {processor.py:157} INFO - Started process (PID=598) to work on /home/airflow/.local/lib/python3.8/site-packages/airflow/example_dags/example_xcomargs.py
[2026-06-07T19:36:49.662+0000] {processor.py:829} INFO - Processing file /home/airflow/.local/lib/python3.8/site-packages/airflow/example_dags/example_xcomargs.py for tasks to queue
[2026-06-07T19:36:49.665+0000] {logging_mixin.py:154} INFO - [2026-06-07T19:36:49.665+0000] {dagbag.py:536} INFO - Filling up the DagBag from /home/airflow/.local/lib/python3.8/site-packages/airflow/example_dags/example_xcomargs.py
[2026-06-07T19:36:49.717+0000] {processor.py:839} INFO - DAG(s) dict_keys(['example_xcom_args', 'example_xcom_args_with_operators']) retrieved from /home/airflow/.local/lib/python3.8/site-packages/airflow/example_dags/example_xcomargs.py
[2026-06-07T19:36:49.824+0000] {logging_mixin.py:154} INFO - [2026-06-07T19:36:49.824+0000] {dag.py:2941} INFO - Sync 2 DAGs
[2026-06-07T19:36:49.873+0000] {logging_mixin.py:154} INFO - [2026-06-07T19:36:49.872+0000] {dag.py:3722} INFO - Setting next_dagrun for example_xcom_args to None, run_after=None
[2026-06-07T19:36:49.889+0000] {logging_mixin.py:154} INFO - [2026-06-07T19:36:49.889+0000] {dag.py:3722} INFO - Setting next_dagrun for example_xcom_args_with_operators to None, run_after=None
[2026-06-07T19:36:49.963+0000] {processor.py:179} INFO - Processing /home/airflow/.local/lib/python3.8/site-packages/airflow/example_dags/example_xcomargs.py took 0.336 seconds
