[2026-06-07T17:06:22.588+0000] {processor.py:157} INFO - Started process (PID=54) to work on /home/airflow/.local/lib/python3.8/site-packages/airflow/example_dags/example_task_group_decorator.py
[2026-06-07T17:06:22.590+0000] {processor.py:829} INFO - Processing file /home/airflow/.local/lib/python3.8/site-packages/airflow/example_dags/example_task_group_decorator.py for tasks to queue
[2026-06-07T17:06:22.603+0000] {logging_mixin.py:154} INFO - [2026-06-07T17:06:22.603+0000] {dagbag.py:536} INFO - Filling up the DagBag from /home/airflow/.local/lib/python3.8/site-packages/airflow/example_dags/example_task_group_decorator.py
[2026-06-07T17:06:22.817+0000] {processor.py:839} INFO - DAG(s) dict_keys(['example_task_group_decorator']) retrieved from /home/airflow/.local/lib/python3.8/site-packages/airflow/example_dags/example_task_group_decorator.py
[2026-06-07T17:06:23.045+0000] {logging_mixin.py:154} INFO - [2026-06-07T17:06:23.042+0000] {dag.py:2941} INFO - Sync 1 DAGs
[2026-06-07T17:06:23.282+0000] {logging_mixin.py:154} INFO - [2026-06-07T17:06:23.281+0000] {dag.py:3722} INFO - Setting next_dagrun for example_task_group_decorator to 2026-06-06T17:06:23.281570+00:00, run_after=2026-06-07T17:06:23.281570+00:00
[2026-06-07T17:06:23.464+0000] {processor.py:179} INFO - Processing /home/airflow/.local/lib/python3.8/site-packages/airflow/example_dags/example_task_group_decorator.py took 0.899 seconds
[2026-06-07T17:06:54.253+0000] {processor.py:157} INFO - Started process (PID=110) to work on /home/airflow/.local/lib/python3.8/site-packages/airflow/example_dags/example_task_group_decorator.py
[2026-06-07T17:06:54.257+0000] {processor.py:829} INFO - Processing file /home/airflow/.local/lib/python3.8/site-packages/airflow/example_dags/example_task_group_decorator.py for tasks to queue
[2026-06-07T17:06:54.263+0000] {logging_mixin.py:154} INFO - [2026-06-07T17:06:54.263+0000] {dagbag.py:536} INFO - Filling up the DagBag from /home/airflow/.local/lib/python3.8/site-packages/airflow/example_dags/example_task_group_decorator.py
[2026-06-07T17:06:54.325+0000] {processor.py:839} INFO - DAG(s) dict_keys(['example_task_group_decorator']) retrieved from /home/airflow/.local/lib/python3.8/site-packages/airflow/example_dags/example_task_group_decorator.py
[2026-06-07T17:06:54.418+0000] {logging_mixin.py:154} INFO - [2026-06-07T17:06:54.417+0000] {dag.py:2941} INFO - Sync 1 DAGs
[2026-06-07T17:06:54.457+0000] {logging_mixin.py:154} INFO - [2026-06-07T17:06:54.456+0000] {dag.py:3722} INFO - Setting next_dagrun for example_task_group_decorator to 2026-06-06T17:06:54.456030+00:00, run_after=2026-06-07T17:06:54.456030+00:00
[2026-06-07T17:06:54.505+0000] {processor.py:179} INFO - Processing /home/airflow/.local/lib/python3.8/site-packages/airflow/example_dags/example_task_group_decorator.py took 0.301 seconds
[2026-06-07T17:07:24.719+0000] {processor.py:157} INFO - Started process (PID=164) to work on /home/airflow/.local/lib/python3.8/site-packages/airflow/example_dags/example_task_group_decorator.py
[2026-06-07T17:07:24.750+0000] {processor.py:829} INFO - Processing file /home/airflow/.local/lib/python3.8/site-packages/airflow/example_dags/example_task_group_decorator.py for tasks to queue
[2026-06-07T17:07:24.754+0000] {logging_mixin.py:154} INFO - [2026-06-07T17:07:24.753+0000] {dagbag.py:536} INFO - Filling up the DagBag from /home/airflow/.local/lib/python3.8/site-packages/airflow/example_dags/example_task_group_decorator.py
[2026-06-07T17:07:24.842+0000] {processor.py:839} INFO - DAG(s) dict_keys(['example_task_group_decorator']) retrieved from /home/airflow/.local/lib/python3.8/site-packages/airflow/example_dags/example_task_group_decorator.py
[2026-06-07T17:07:24.916+0000] {logging_mixin.py:154} INFO - [2026-06-07T17:07:24.916+0000] {dag.py:2941} INFO - Sync 1 DAGs
[2026-06-07T17:07:24.968+0000] {logging_mixin.py:154} INFO - [2026-06-07T17:07:24.968+0000] {dag.py:3722} INFO - Setting next_dagrun for example_task_group_decorator to 2026-06-06T17:07:24.968170+00:00, run_after=2026-06-07T17:07:24.968170+00:00
[2026-06-07T17:07:25.015+0000] {processor.py:179} INFO - Processing /home/airflow/.local/lib/python3.8/site-packages/airflow/example_dags/example_task_group_decorator.py took 0.306 seconds
[2026-06-07T17:07:57.243+0000] {processor.py:157} INFO - Started process (PID=220) to work on /home/airflow/.local/lib/python3.8/site-packages/airflow/example_dags/example_task_group_decorator.py
[2026-06-07T17:07:57.271+0000] {processor.py:829} INFO - Processing file /home/airflow/.local/lib/python3.8/site-packages/airflow/example_dags/example_task_group_decorator.py for tasks to queue
[2026-06-07T17:07:57.280+0000] {logging_mixin.py:154} INFO - [2026-06-07T17:07:57.279+0000] {dagbag.py:536} INFO - Filling up the DagBag from /home/airflow/.local/lib/python3.8/site-packages/airflow/example_dags/example_task_group_decorator.py
[2026-06-07T17:07:57.520+0000] {processor.py:839} INFO - DAG(s) dict_keys(['example_task_group_decorator']) retrieved from /home/airflow/.local/lib/python3.8/site-packages/airflow/example_dags/example_task_group_decorator.py
[2026-06-07T17:07:57.818+0000] {logging_mixin.py:154} INFO - [2026-06-07T17:07:57.817+0000] {dag.py:2941} INFO - Sync 1 DAGs
[2026-06-07T17:07:58.024+0000] {logging_mixin.py:154} INFO - [2026-06-07T17:07:58.023+0000] {dag.py:3722} INFO - Setting next_dagrun for example_task_group_decorator to 2026-06-06T17:07:58.001196+00:00, run_after=2026-06-07T17:07:58.001196+00:00
[2026-06-07T17:07:58.161+0000] {processor.py:179} INFO - Processing /home/airflow/.local/lib/python3.8/site-packages/airflow/example_dags/example_task_group_decorator.py took 0.968 seconds
[2026-06-07T17:08:28.773+0000] {processor.py:157} INFO - Started process (PID=276) to work on /home/airflow/.local/lib/python3.8/site-packages/airflow/example_dags/example_task_group_decorator.py
[2026-06-07T17:08:28.783+0000] {processor.py:829} INFO - Processing file /home/airflow/.local/lib/python3.8/site-packages/airflow/example_dags/example_task_group_decorator.py for tasks to queue
[2026-06-07T17:08:28.790+0000] {logging_mixin.py:154} INFO - [2026-06-07T17:08:28.789+0000] {dagbag.py:536} INFO - Filling up the DagBag from /home/airflow/.local/lib/python3.8/site-packages/airflow/example_dags/example_task_group_decorator.py
[2026-06-07T17:08:28.836+0000] {processor.py:839} INFO - DAG(s) dict_keys(['example_task_group_decorator']) retrieved from /home/airflow/.local/lib/python3.8/site-packages/airflow/example_dags/example_task_group_decorator.py
[2026-06-07T17:08:28.923+0000] {logging_mixin.py:154} INFO - [2026-06-07T17:08:28.922+0000] {dag.py:2941} INFO - Sync 1 DAGs
[2026-06-07T17:08:28.970+0000] {logging_mixin.py:154} INFO - [2026-06-07T17:08:28.969+0000] {dag.py:3722} INFO - Setting next_dagrun for example_task_group_decorator to 2026-06-06T17:08:28.969548+00:00, run_after=2026-06-07T17:08:28.969548+00:00
[2026-06-07T17:08:29.036+0000] {processor.py:179} INFO - Processing /home/airflow/.local/lib/python3.8/site-packages/airflow/example_dags/example_task_group_decorator.py took 0.273 seconds
[2026-06-07T17:08:59.194+0000] {processor.py:157} INFO - Started process (PID=330) to work on /home/airflow/.local/lib/python3.8/site-packages/airflow/example_dags/example_task_group_decorator.py
[2026-06-07T17:08:59.195+0000] {processor.py:829} INFO - Processing file /home/airflow/.local/lib/python3.8/site-packages/airflow/example_dags/example_task_group_decorator.py for tasks to queue
[2026-06-07T17:08:59.199+0000] {logging_mixin.py:154} INFO - [2026-06-07T17:08:59.199+0000] {dagbag.py:536} INFO - Filling up the DagBag from /home/airflow/.local/lib/python3.8/site-packages/airflow/example_dags/example_task_group_decorator.py
[2026-06-07T17:08:59.224+0000] {processor.py:839} INFO - DAG(s) dict_keys(['example_task_group_decorator']) retrieved from /home/airflow/.local/lib/python3.8/site-packages/airflow/example_dags/example_task_group_decorator.py
[2026-06-07T17:08:59.274+0000] {logging_mixin.py:154} INFO - [2026-06-07T17:08:59.274+0000] {dag.py:2941} INFO - Sync 1 DAGs
[2026-06-07T17:08:59.310+0000] {logging_mixin.py:154} INFO - [2026-06-07T17:08:59.310+0000] {dag.py:3722} INFO - Setting next_dagrun for example_task_group_decorator to 2026-06-06T17:08:59.309868+00:00, run_after=2026-06-07T17:08:59.309868+00:00
[2026-06-07T17:08:59.335+0000] {processor.py:179} INFO - Processing /home/airflow/.local/lib/python3.8/site-packages/airflow/example_dags/example_task_group_decorator.py took 0.146 seconds
[2026-06-07T17:09:29.583+0000] {processor.py:157} INFO - Started process (PID=385) to work on /home/airflow/.local/lib/python3.8/site-packages/airflow/example_dags/example_task_group_decorator.py
[2026-06-07T17:09:29.585+0000] {processor.py:829} INFO - Processing file /home/airflow/.local/lib/python3.8/site-packages/airflow/example_dags/example_task_group_decorator.py for tasks to queue
[2026-06-07T17:09:29.588+0000] {logging_mixin.py:154} INFO - [2026-06-07T17:09:29.587+0000] {dagbag.py:536} INFO - Filling up the DagBag from /home/airflow/.local/lib/python3.8/site-packages/airflow/example_dags/example_task_group_decorator.py
[2026-06-07T17:09:29.604+0000] {processor.py:839} INFO - DAG(s) dict_keys(['example_task_group_decorator']) retrieved from /home/airflow/.local/lib/python3.8/site-packages/airflow/example_dags/example_task_group_decorator.py
[2026-06-07T17:09:29.633+0000] {logging_mixin.py:154} INFO - [2026-06-07T17:09:29.632+0000] {dag.py:2941} INFO - Sync 1 DAGs
[2026-06-07T17:09:29.659+0000] {logging_mixin.py:154} INFO - [2026-06-07T17:09:29.659+0000] {dag.py:3722} INFO - Setting next_dagrun for example_task_group_decorator to 2026-06-06T17:09:29.658986+00:00, run_after=2026-06-07T17:09:29.658986+00:00
[2026-06-07T17:09:29.685+0000] {processor.py:179} INFO - Processing /home/airflow/.local/lib/python3.8/site-packages/airflow/example_dags/example_task_group_decorator.py took 0.106 seconds
[2026-06-07T17:09:59.869+0000] {processor.py:157} INFO - Started process (PID=441) to work on /home/airflow/.local/lib/python3.8/site-packages/airflow/example_dags/example_task_group_decorator.py
[2026-06-07T17:09:59.870+0000] {processor.py:829} INFO - Processing file /home/airflow/.local/lib/python3.8/site-packages/airflow/example_dags/example_task_group_decorator.py for tasks to queue
[2026-06-07T17:09:59.874+0000] {logging_mixin.py:154} INFO - [2026-06-07T17:09:59.873+0000] {dagbag.py:536} INFO - Filling up the DagBag from /home/airflow/.local/lib/python3.8/site-packages/airflow/example_dags/example_task_group_decorator.py
[2026-06-07T17:09:59.894+0000] {processor.py:839} INFO - DAG(s) dict_keys(['example_task_group_decorator']) retrieved from /home/airflow/.local/lib/python3.8/site-packages/airflow/example_dags/example_task_group_decorator.py
[2026-06-07T17:09:59.923+0000] {logging_mixin.py:154} INFO - [2026-06-07T17:09:59.922+0000] {dag.py:2941} INFO - Sync 1 DAGs
[2026-06-07T17:09:59.946+0000] {logging_mixin.py:154} INFO - [2026-06-07T17:09:59.946+0000] {dag.py:3722} INFO - Setting next_dagrun for example_task_group_decorator to 2026-06-06T17:09:59.946256+00:00, run_after=2026-06-07T17:09:59.946256+00:00
[2026-06-07T17:09:59.974+0000] {processor.py:179} INFO - Processing /home/airflow/.local/lib/python3.8/site-packages/airflow/example_dags/example_task_group_decorator.py took 0.111 seconds
[2026-06-07T17:10:30.302+0000] {processor.py:157} INFO - Started process (PID=496) to work on /home/airflow/.local/lib/python3.8/site-packages/airflow/example_dags/example_task_group_decorator.py
[2026-06-07T17:10:30.303+0000] {processor.py:829} INFO - Processing file /home/airflow/.local/lib/python3.8/site-packages/airflow/example_dags/example_task_group_decorator.py for tasks to queue
[2026-06-07T17:10:30.307+0000] {logging_mixin.py:154} INFO - [2026-06-07T17:10:30.307+0000] {dagbag.py:536} INFO - Filling up the DagBag from /home/airflow/.local/lib/python3.8/site-packages/airflow/example_dags/example_task_group_decorator.py
[2026-06-07T17:10:30.323+0000] {processor.py:839} INFO - DAG(s) dict_keys(['example_task_group_decorator']) retrieved from /home/airflow/.local/lib/python3.8/site-packages/airflow/example_dags/example_task_group_decorator.py
[2026-06-07T17:10:30.354+0000] {logging_mixin.py:154} INFO - [2026-06-07T17:10:30.354+0000] {dag.py:2941} INFO - Sync 1 DAGs
[2026-06-07T17:10:30.380+0000] {logging_mixin.py:154} INFO - [2026-06-07T17:10:30.380+0000] {dag.py:3722} INFO - Setting next_dagrun for example_task_group_decorator to 2026-06-06T17:10:30.380290+00:00, run_after=2026-06-07T17:10:30.380290+00:00
[2026-06-07T17:10:30.401+0000] {processor.py:179} INFO - Processing /home/airflow/.local/lib/python3.8/site-packages/airflow/example_dags/example_task_group_decorator.py took 0.104 seconds
[2026-06-07T17:11:00.731+0000] {processor.py:157} INFO - Started process (PID=552) to work on /home/airflow/.local/lib/python3.8/site-packages/airflow/example_dags/example_task_group_decorator.py
[2026-06-07T17:11:00.733+0000] {processor.py:829} INFO - Processing file /home/airflow/.local/lib/python3.8/site-packages/airflow/example_dags/example_task_group_decorator.py for tasks to queue
[2026-06-07T17:11:00.749+0000] {logging_mixin.py:154} INFO - [2026-06-07T17:11:00.748+0000] {dagbag.py:536} INFO - Filling up the DagBag from /home/airflow/.local/lib/python3.8/site-packages/airflow/example_dags/example_task_group_decorator.py
[2026-06-07T17:11:00.773+0000] {processor.py:839} INFO - DAG(s) dict_keys(['example_task_group_decorator']) retrieved from /home/airflow/.local/lib/python3.8/site-packages/airflow/example_dags/example_task_group_decorator.py
[2026-06-07T17:11:00.813+0000] {logging_mixin.py:154} INFO - [2026-06-07T17:11:00.812+0000] {dag.py:2941} INFO - Sync 1 DAGs
[2026-06-07T17:11:00.847+0000] {logging_mixin.py:154} INFO - [2026-06-07T17:11:00.847+0000] {dag.py:3722} INFO - Setting next_dagrun for example_task_group_decorator to 2026-06-06T17:11:00.847039+00:00, run_after=2026-06-07T17:11:00.847039+00:00
[2026-06-07T17:11:00.874+0000] {processor.py:179} INFO - Processing /home/airflow/.local/lib/python3.8/site-packages/airflow/example_dags/example_task_group_decorator.py took 0.149 seconds
[2026-06-07T17:11:31.622+0000] {processor.py:157} INFO - Started process (PID=609) to work on /home/airflow/.local/lib/python3.8/site-packages/airflow/example_dags/example_task_group_decorator.py
[2026-06-07T17:11:31.625+0000] {processor.py:829} INFO - Processing file /home/airflow/.local/lib/python3.8/site-packages/airflow/example_dags/example_task_group_decorator.py for tasks to queue
[2026-06-07T17:11:31.627+0000] {logging_mixin.py:154} INFO - [2026-06-07T17:11:31.627+0000] {dagbag.py:536} INFO - Filling up the DagBag from /home/airflow/.local/lib/python3.8/site-packages/airflow/example_dags/example_task_group_decorator.py
[2026-06-07T17:11:31.643+0000] {processor.py:839} INFO - DAG(s) dict_keys(['example_task_group_decorator']) retrieved from /home/airflow/.local/lib/python3.8/site-packages/airflow/example_dags/example_task_group_decorator.py
[2026-06-07T17:11:31.671+0000] {logging_mixin.py:154} INFO - [2026-06-07T17:11:31.671+0000] {dag.py:2941} INFO - Sync 1 DAGs
[2026-06-07T17:11:31.695+0000] {logging_mixin.py:154} INFO - [2026-06-07T17:11:31.695+0000] {dag.py:3722} INFO - Setting next_dagrun for example_task_group_decorator to 2026-06-06T17:11:31.695184+00:00, run_after=2026-06-07T17:11:31.695184+00:00
[2026-06-07T17:11:31.715+0000] {processor.py:179} INFO - Processing /home/airflow/.local/lib/python3.8/site-packages/airflow/example_dags/example_task_group_decorator.py took 0.096 seconds
[2026-06-07T17:12:02.540+0000] {processor.py:157} INFO - Started process (PID=666) to work on /home/airflow/.local/lib/python3.8/site-packages/airflow/example_dags/example_task_group_decorator.py
[2026-06-07T17:12:02.541+0000] {processor.py:829} INFO - Processing file /home/airflow/.local/lib/python3.8/site-packages/airflow/example_dags/example_task_group_decorator.py for tasks to queue
[2026-06-07T17:12:02.549+0000] {logging_mixin.py:154} INFO - [2026-06-07T17:12:02.548+0000] {dagbag.py:536} INFO - Filling up the DagBag from /home/airflow/.local/lib/python3.8/site-packages/airflow/example_dags/example_task_group_decorator.py
[2026-06-07T17:12:02.637+0000] {processor.py:839} INFO - DAG(s) dict_keys(['example_task_group_decorator']) retrieved from /home/airflow/.local/lib/python3.8/site-packages/airflow/example_dags/example_task_group_decorator.py
[2026-06-07T17:12:02.698+0000] {logging_mixin.py:154} INFO - [2026-06-07T17:12:02.698+0000] {dag.py:2941} INFO - Sync 1 DAGs
[2026-06-07T17:12:02.767+0000] {logging_mixin.py:154} INFO - [2026-06-07T17:12:02.767+0000] {dag.py:3722} INFO - Setting next_dagrun for example_task_group_decorator to 2026-06-06T17:12:02.766648+00:00, run_after=2026-06-07T17:12:02.766648+00:00
[2026-06-07T17:12:02.809+0000] {processor.py:179} INFO - Processing /home/airflow/.local/lib/python3.8/site-packages/airflow/example_dags/example_task_group_decorator.py took 0.279 seconds
[2026-06-07T17:12:33.587+0000] {processor.py:157} INFO - Started process (PID=722) to work on /home/airflow/.local/lib/python3.8/site-packages/airflow/example_dags/example_task_group_decorator.py
[2026-06-07T17:12:33.593+0000] {processor.py:829} INFO - Processing file /home/airflow/.local/lib/python3.8/site-packages/airflow/example_dags/example_task_group_decorator.py for tasks to queue
[2026-06-07T17:12:33.596+0000] {logging_mixin.py:154} INFO - [2026-06-07T17:12:33.595+0000] {dagbag.py:536} INFO - Filling up the DagBag from /home/airflow/.local/lib/python3.8/site-packages/airflow/example_dags/example_task_group_decorator.py
[2026-06-07T17:12:33.641+0000] {processor.py:839} INFO - DAG(s) dict_keys(['example_task_group_decorator']) retrieved from /home/airflow/.local/lib/python3.8/site-packages/airflow/example_dags/example_task_group_decorator.py
[2026-06-07T17:12:33.686+0000] {logging_mixin.py:154} INFO - [2026-06-07T17:12:33.686+0000] {dag.py:2941} INFO - Sync 1 DAGs
[2026-06-07T17:12:33.726+0000] {logging_mixin.py:154} INFO - [2026-06-07T17:12:33.726+0000] {dag.py:3722} INFO - Setting next_dagrun for example_task_group_decorator to 2026-06-06T17:12:33.726099+00:00, run_after=2026-06-07T17:12:33.726099+00:00
[2026-06-07T17:12:33.757+0000] {processor.py:179} INFO - Processing /home/airflow/.local/lib/python3.8/site-packages/airflow/example_dags/example_task_group_decorator.py took 0.176 seconds
[2026-06-07T17:13:04.035+0000] {processor.py:157} INFO - Started process (PID=778) to work on /home/airflow/.local/lib/python3.8/site-packages/airflow/example_dags/example_task_group_decorator.py
[2026-06-07T17:13:04.037+0000] {processor.py:829} INFO - Processing file /home/airflow/.local/lib/python3.8/site-packages/airflow/example_dags/example_task_group_decorator.py for tasks to queue
[2026-06-07T17:13:04.040+0000] {logging_mixin.py:154} INFO - [2026-06-07T17:13:04.039+0000] {dagbag.py:536} INFO - Filling up the DagBag from /home/airflow/.local/lib/python3.8/site-packages/airflow/example_dags/example_task_group_decorator.py
[2026-06-07T17:13:04.099+0000] {processor.py:839} INFO - DAG(s) dict_keys(['example_task_group_decorator']) retrieved from /home/airflow/.local/lib/python3.8/site-packages/airflow/example_dags/example_task_group_decorator.py
[2026-06-07T17:13:04.148+0000] {logging_mixin.py:154} INFO - [2026-06-07T17:13:04.147+0000] {dag.py:2941} INFO - Sync 1 DAGs
[2026-06-07T17:13:04.230+0000] {logging_mixin.py:154} INFO - [2026-06-07T17:13:04.230+0000] {dag.py:3722} INFO - Setting next_dagrun for example_task_group_decorator to 2026-06-06T17:13:04.230056+00:00, run_after=2026-06-07T17:13:04.230056+00:00
[2026-06-07T17:13:04.283+0000] {processor.py:179} INFO - Processing /home/airflow/.local/lib/python3.8/site-packages/airflow/example_dags/example_task_group_decorator.py took 0.259 seconds
[2026-06-07T17:13:35.193+0000] {processor.py:157} INFO - Started process (PID=833) to work on /home/airflow/.local/lib/python3.8/site-packages/airflow/example_dags/example_task_group_decorator.py
[2026-06-07T17:13:35.195+0000] {processor.py:829} INFO - Processing file /home/airflow/.local/lib/python3.8/site-packages/airflow/example_dags/example_task_group_decorator.py for tasks to queue
[2026-06-07T17:13:35.199+0000] {logging_mixin.py:154} INFO - [2026-06-07T17:13:35.199+0000] {dagbag.py:536} INFO - Filling up the DagBag from /home/airflow/.local/lib/python3.8/site-packages/airflow/example_dags/example_task_group_decorator.py
[2026-06-07T17:13:35.226+0000] {processor.py:839} INFO - DAG(s) dict_keys(['example_task_group_decorator']) retrieved from /home/airflow/.local/lib/python3.8/site-packages/airflow/example_dags/example_task_group_decorator.py
[2026-06-07T17:13:35.265+0000] {logging_mixin.py:154} INFO - [2026-06-07T17:13:35.264+0000] {dag.py:2941} INFO - Sync 1 DAGs
[2026-06-07T17:13:35.301+0000] {logging_mixin.py:154} INFO - [2026-06-07T17:13:35.301+0000] {dag.py:3722} INFO - Setting next_dagrun for example_task_group_decorator to 2026-06-06T17:13:35.301260+00:00, run_after=2026-06-07T17:13:35.301260+00:00
[2026-06-07T17:13:35.327+0000] {processor.py:179} INFO - Processing /home/airflow/.local/lib/python3.8/site-packages/airflow/example_dags/example_task_group_decorator.py took 0.139 seconds
[2026-06-07T17:14:05.360+0000] {processor.py:157} INFO - Started process (PID=889) to work on /home/airflow/.local/lib/python3.8/site-packages/airflow/example_dags/example_task_group_decorator.py
[2026-06-07T17:14:05.362+0000] {processor.py:829} INFO - Processing file /home/airflow/.local/lib/python3.8/site-packages/airflow/example_dags/example_task_group_decorator.py for tasks to queue
[2026-06-07T17:14:05.365+0000] {logging_mixin.py:154} INFO - [2026-06-07T17:14:05.365+0000] {dagbag.py:536} INFO - Filling up the DagBag from /home/airflow/.local/lib/python3.8/site-packages/airflow/example_dags/example_task_group_decorator.py
[2026-06-07T17:14:05.388+0000] {processor.py:839} INFO - DAG(s) dict_keys(['example_task_group_decorator']) retrieved from /home/airflow/.local/lib/python3.8/site-packages/airflow/example_dags/example_task_group_decorator.py
[2026-06-07T17:14:05.428+0000] {logging_mixin.py:154} INFO - [2026-06-07T17:14:05.428+0000] {dag.py:2941} INFO - Sync 1 DAGs
[2026-06-07T17:14:05.462+0000] {logging_mixin.py:154} INFO - [2026-06-07T17:14:05.462+0000] {dag.py:3722} INFO - Setting next_dagrun for example_task_group_decorator to 2026-06-06T17:14:05.462009+00:00, run_after=2026-06-07T17:14:05.462009+00:00
[2026-06-07T17:14:05.487+0000] {processor.py:179} INFO - Processing /home/airflow/.local/lib/python3.8/site-packages/airflow/example_dags/example_task_group_decorator.py took 0.132 seconds
[2026-06-07T17:14:36.032+0000] {processor.py:157} INFO - Started process (PID=945) to work on /home/airflow/.local/lib/python3.8/site-packages/airflow/example_dags/example_task_group_decorator.py
[2026-06-07T17:14:36.033+0000] {processor.py:829} INFO - Processing file /home/airflow/.local/lib/python3.8/site-packages/airflow/example_dags/example_task_group_decorator.py for tasks to queue
[2026-06-07T17:14:36.037+0000] {logging_mixin.py:154} INFO - [2026-06-07T17:14:36.036+0000] {dagbag.py:536} INFO - Filling up the DagBag from /home/airflow/.local/lib/python3.8/site-packages/airflow/example_dags/example_task_group_decorator.py
[2026-06-07T17:14:36.060+0000] {processor.py:839} INFO - DAG(s) dict_keys(['example_task_group_decorator']) retrieved from /home/airflow/.local/lib/python3.8/site-packages/airflow/example_dags/example_task_group_decorator.py
[2026-06-07T17:14:36.100+0000] {logging_mixin.py:154} INFO - [2026-06-07T17:14:36.100+0000] {dag.py:2941} INFO - Sync 1 DAGs
[2026-06-07T17:14:36.137+0000] {logging_mixin.py:154} INFO - [2026-06-07T17:14:36.137+0000] {dag.py:3722} INFO - Setting next_dagrun for example_task_group_decorator to 2026-06-06T17:14:36.136842+00:00, run_after=2026-06-07T17:14:36.136842+00:00
[2026-06-07T17:14:36.162+0000] {processor.py:179} INFO - Processing /home/airflow/.local/lib/python3.8/site-packages/airflow/example_dags/example_task_group_decorator.py took 0.134 seconds
[2026-06-07T17:15:06.807+0000] {processor.py:157} INFO - Started process (PID=1001) to work on /home/airflow/.local/lib/python3.8/site-packages/airflow/example_dags/example_task_group_decorator.py
[2026-06-07T17:15:06.810+0000] {processor.py:829} INFO - Processing file /home/airflow/.local/lib/python3.8/site-packages/airflow/example_dags/example_task_group_decorator.py for tasks to queue
[2026-06-07T17:15:06.813+0000] {logging_mixin.py:154} INFO - [2026-06-07T17:15:06.813+0000] {dagbag.py:536} INFO - Filling up the DagBag from /home/airflow/.local/lib/python3.8/site-packages/airflow/example_dags/example_task_group_decorator.py
[2026-06-07T17:15:06.874+0000] {processor.py:839} INFO - DAG(s) dict_keys(['example_task_group_decorator']) retrieved from /home/airflow/.local/lib/python3.8/site-packages/airflow/example_dags/example_task_group_decorator.py
[2026-06-07T17:15:06.945+0000] {logging_mixin.py:154} INFO - [2026-06-07T17:15:06.945+0000] {dag.py:2941} INFO - Sync 1 DAGs
[2026-06-07T17:15:07.006+0000] {logging_mixin.py:154} INFO - [2026-06-07T17:15:07.005+0000] {dag.py:3722} INFO - Setting next_dagrun for example_task_group_decorator to 2026-06-06T17:15:07.005485+00:00, run_after=2026-06-07T17:15:07.005485+00:00
[2026-06-07T17:15:07.060+0000] {processor.py:179} INFO - Processing /home/airflow/.local/lib/python3.8/site-packages/airflow/example_dags/example_task_group_decorator.py took 0.267 seconds
[2026-06-07T17:15:37.205+0000] {processor.py:157} INFO - Started process (PID=1057) to work on /home/airflow/.local/lib/python3.8/site-packages/airflow/example_dags/example_task_group_decorator.py
[2026-06-07T17:15:37.206+0000] {processor.py:829} INFO - Processing file /home/airflow/.local/lib/python3.8/site-packages/airflow/example_dags/example_task_group_decorator.py for tasks to queue
[2026-06-07T17:15:37.215+0000] {logging_mixin.py:154} INFO - [2026-06-07T17:15:37.214+0000] {dagbag.py:536} INFO - Filling up the DagBag from /home/airflow/.local/lib/python3.8/site-packages/airflow/example_dags/example_task_group_decorator.py
[2026-06-07T17:15:37.288+0000] {processor.py:839} INFO - DAG(s) dict_keys(['example_task_group_decorator']) retrieved from /home/airflow/.local/lib/python3.8/site-packages/airflow/example_dags/example_task_group_decorator.py
[2026-06-07T17:15:37.420+0000] {logging_mixin.py:154} INFO - [2026-06-07T17:15:37.419+0000] {dag.py:2941} INFO - Sync 1 DAGs
[2026-06-07T17:15:37.558+0000] {logging_mixin.py:154} INFO - [2026-06-07T17:15:37.558+0000] {dag.py:3722} INFO - Setting next_dagrun for example_task_group_decorator to 2026-06-06T17:15:37.558077+00:00, run_after=2026-06-07T17:15:37.558077+00:00
[2026-06-07T17:15:37.687+0000] {processor.py:179} INFO - Processing /home/airflow/.local/lib/python3.8/site-packages/airflow/example_dags/example_task_group_decorator.py took 0.487 seconds
[2026-06-07T17:16:07.880+0000] {processor.py:157} INFO - Started process (PID=1113) to work on /home/airflow/.local/lib/python3.8/site-packages/airflow/example_dags/example_task_group_decorator.py
[2026-06-07T17:16:07.882+0000] {processor.py:829} INFO - Processing file /home/airflow/.local/lib/python3.8/site-packages/airflow/example_dags/example_task_group_decorator.py for tasks to queue
[2026-06-07T17:16:07.886+0000] {logging_mixin.py:154} INFO - [2026-06-07T17:16:07.886+0000] {dagbag.py:536} INFO - Filling up the DagBag from /home/airflow/.local/lib/python3.8/site-packages/airflow/example_dags/example_task_group_decorator.py
[2026-06-07T17:16:07.909+0000] {processor.py:839} INFO - DAG(s) dict_keys(['example_task_group_decorator']) retrieved from /home/airflow/.local/lib/python3.8/site-packages/airflow/example_dags/example_task_group_decorator.py
[2026-06-07T17:16:07.948+0000] {logging_mixin.py:154} INFO - [2026-06-07T17:16:07.948+0000] {dag.py:2941} INFO - Sync 1 DAGs
[2026-06-07T17:16:07.983+0000] {logging_mixin.py:154} INFO - [2026-06-07T17:16:07.983+0000] {dag.py:3722} INFO - Setting next_dagrun for example_task_group_decorator to 2026-06-06T17:16:07.983236+00:00, run_after=2026-06-07T17:16:07.983236+00:00
[2026-06-07T17:16:08.273+0000] {processor.py:179} INFO - Processing /home/airflow/.local/lib/python3.8/site-packages/airflow/example_dags/example_task_group_decorator.py took 0.398 seconds
[2026-06-07T17:16:38.398+0000] {processor.py:157} INFO - Started process (PID=1169) to work on /home/airflow/.local/lib/python3.8/site-packages/airflow/example_dags/example_task_group_decorator.py
[2026-06-07T17:16:38.400+0000] {processor.py:829} INFO - Processing file /home/airflow/.local/lib/python3.8/site-packages/airflow/example_dags/example_task_group_decorator.py for tasks to queue
[2026-06-07T17:16:38.410+0000] {logging_mixin.py:154} INFO - [2026-06-07T17:16:38.410+0000] {dagbag.py:536} INFO - Filling up the DagBag from /home/airflow/.local/lib/python3.8/site-packages/airflow/example_dags/example_task_group_decorator.py
[2026-06-07T17:16:38.469+0000] {processor.py:839} INFO - DAG(s) dict_keys(['example_task_group_decorator']) retrieved from /home/airflow/.local/lib/python3.8/site-packages/airflow/example_dags/example_task_group_decorator.py
[2026-06-07T17:16:38.516+0000] {logging_mixin.py:154} INFO - [2026-06-07T17:16:38.515+0000] {dag.py:2941} INFO - Sync 1 DAGs
[2026-06-07T17:16:38.549+0000] {logging_mixin.py:154} INFO - [2026-06-07T17:16:38.548+0000] {dag.py:3722} INFO - Setting next_dagrun for example_task_group_decorator to 2026-06-06T17:16:38.548550+00:00, run_after=2026-06-07T17:16:38.548550+00:00
[2026-06-07T17:16:38.804+0000] {processor.py:179} INFO - Processing /home/airflow/.local/lib/python3.8/site-packages/airflow/example_dags/example_task_group_decorator.py took 0.433 seconds
[2026-06-07T17:17:09.744+0000] {processor.py:157} INFO - Started process (PID=1225) to work on /home/airflow/.local/lib/python3.8/site-packages/airflow/example_dags/example_task_group_decorator.py
[2026-06-07T17:17:09.747+0000] {processor.py:829} INFO - Processing file /home/airflow/.local/lib/python3.8/site-packages/airflow/example_dags/example_task_group_decorator.py for tasks to queue
[2026-06-07T17:17:09.750+0000] {logging_mixin.py:154} INFO - [2026-06-07T17:17:09.750+0000] {dagbag.py:536} INFO - Filling up the DagBag from /home/airflow/.local/lib/python3.8/site-packages/airflow/example_dags/example_task_group_decorator.py
[2026-06-07T17:17:09.810+0000] {processor.py:839} INFO - DAG(s) dict_keys(['example_task_group_decorator']) retrieved from /home/airflow/.local/lib/python3.8/site-packages/airflow/example_dags/example_task_group_decorator.py
[2026-06-07T17:17:09.912+0000] {logging_mixin.py:154} INFO - [2026-06-07T17:17:09.912+0000] {dag.py:2941} INFO - Sync 1 DAGs
[2026-06-07T17:17:09.947+0000] {logging_mixin.py:154} INFO - [2026-06-07T17:17:09.946+0000] {dag.py:3722} INFO - Setting next_dagrun for example_task_group_decorator to 2026-06-06T17:17:09.946420+00:00, run_after=2026-06-07T17:17:09.946420+00:00
[2026-06-07T17:17:09.979+0000] {processor.py:179} INFO - Processing /home/airflow/.local/lib/python3.8/site-packages/airflow/example_dags/example_task_group_decorator.py took 0.246 seconds
[2026-06-07T17:17:40.376+0000] {processor.py:157} INFO - Started process (PID=1281) to work on /home/airflow/.local/lib/python3.8/site-packages/airflow/example_dags/example_task_group_decorator.py
[2026-06-07T17:17:40.414+0000] {processor.py:829} INFO - Processing file /home/airflow/.local/lib/python3.8/site-packages/airflow/example_dags/example_task_group_decorator.py for tasks to queue
[2026-06-07T17:17:40.418+0000] {logging_mixin.py:154} INFO - [2026-06-07T17:17:40.417+0000] {dagbag.py:536} INFO - Filling up the DagBag from /home/airflow/.local/lib/python3.8/site-packages/airflow/example_dags/example_task_group_decorator.py
[2026-06-07T17:17:40.539+0000] {processor.py:839} INFO - DAG(s) dict_keys(['example_task_group_decorator']) retrieved from /home/airflow/.local/lib/python3.8/site-packages/airflow/example_dags/example_task_group_decorator.py
[2026-06-07T17:17:40.641+0000] {logging_mixin.py:154} INFO - [2026-06-07T17:17:40.641+0000] {dag.py:2941} INFO - Sync 1 DAGs
[2026-06-07T17:17:40.775+0000] {logging_mixin.py:154} INFO - [2026-06-07T17:17:40.775+0000] {dag.py:3722} INFO - Setting next_dagrun for example_task_group_decorator to 2026-06-06T17:17:40.774754+00:00, run_after=2026-06-07T17:17:40.774754+00:00
[2026-06-07T17:17:40.853+0000] {processor.py:179} INFO - Processing /home/airflow/.local/lib/python3.8/site-packages/airflow/example_dags/example_task_group_decorator.py took 0.482 seconds
[2026-06-07T17:18:11.152+0000] {processor.py:157} INFO - Started process (PID=1337) to work on /home/airflow/.local/lib/python3.8/site-packages/airflow/example_dags/example_task_group_decorator.py
[2026-06-07T17:18:11.159+0000] {processor.py:829} INFO - Processing file /home/airflow/.local/lib/python3.8/site-packages/airflow/example_dags/example_task_group_decorator.py for tasks to queue
[2026-06-07T17:18:11.164+0000] {logging_mixin.py:154} INFO - [2026-06-07T17:18:11.163+0000] {dagbag.py:536} INFO - Filling up the DagBag from /home/airflow/.local/lib/python3.8/site-packages/airflow/example_dags/example_task_group_decorator.py
[2026-06-07T17:18:11.187+0000] {processor.py:839} INFO - DAG(s) dict_keys(['example_task_group_decorator']) retrieved from /home/airflow/.local/lib/python3.8/site-packages/airflow/example_dags/example_task_group_decorator.py
[2026-06-07T17:18:11.227+0000] {logging_mixin.py:154} INFO - [2026-06-07T17:18:11.227+0000] {dag.py:2941} INFO - Sync 1 DAGs
[2026-06-07T17:18:11.469+0000] {logging_mixin.py:154} INFO - [2026-06-07T17:18:11.468+0000] {dag.py:3722} INFO - Setting next_dagrun for example_task_group_decorator to 2026-06-06T17:18:11.468316+00:00, run_after=2026-06-07T17:18:11.468316+00:00
[2026-06-07T17:18:11.518+0000] {processor.py:179} INFO - Processing /home/airflow/.local/lib/python3.8/site-packages/airflow/example_dags/example_task_group_decorator.py took 0.371 seconds
[2026-06-07T17:18:42.058+0000] {processor.py:157} INFO - Started process (PID=1400) to work on /home/airflow/.local/lib/python3.8/site-packages/airflow/example_dags/example_task_group_decorator.py
[2026-06-07T17:18:42.059+0000] {processor.py:829} INFO - Processing file /home/airflow/.local/lib/python3.8/site-packages/airflow/example_dags/example_task_group_decorator.py for tasks to queue
[2026-06-07T17:18:42.076+0000] {logging_mixin.py:154} INFO - [2026-06-07T17:18:42.069+0000] {dagbag.py:536} INFO - Filling up the DagBag from /home/airflow/.local/lib/python3.8/site-packages/airflow/example_dags/example_task_group_decorator.py
[2026-06-07T17:18:42.163+0000] {processor.py:839} INFO - DAG(s) dict_keys(['example_task_group_decorator']) retrieved from /home/airflow/.local/lib/python3.8/site-packages/airflow/example_dags/example_task_group_decorator.py
[2026-06-07T17:18:42.349+0000] {logging_mixin.py:154} INFO - [2026-06-07T17:18:42.348+0000] {dag.py:2941} INFO - Sync 1 DAGs
[2026-06-07T17:18:42.475+0000] {logging_mixin.py:154} INFO - [2026-06-07T17:18:42.475+0000] {dag.py:3722} INFO - Setting next_dagrun for example_task_group_decorator to 2026-06-06T17:18:42.475036+00:00, run_after=2026-06-07T17:18:42.475036+00:00
[2026-06-07T17:18:43.087+0000] {processor.py:179} INFO - Processing /home/airflow/.local/lib/python3.8/site-packages/airflow/example_dags/example_task_group_decorator.py took 1.034 seconds
[2026-06-07T17:19:13.516+0000] {processor.py:157} INFO - Started process (PID=1456) to work on /home/airflow/.local/lib/python3.8/site-packages/airflow/example_dags/example_task_group_decorator.py
[2026-06-07T17:19:13.521+0000] {processor.py:829} INFO - Processing file /home/airflow/.local/lib/python3.8/site-packages/airflow/example_dags/example_task_group_decorator.py for tasks to queue
[2026-06-07T17:19:13.524+0000] {logging_mixin.py:154} INFO - [2026-06-07T17:19:13.524+0000] {dagbag.py:536} INFO - Filling up the DagBag from /home/airflow/.local/lib/python3.8/site-packages/airflow/example_dags/example_task_group_decorator.py
[2026-06-07T17:19:13.571+0000] {processor.py:839} INFO - DAG(s) dict_keys(['example_task_group_decorator']) retrieved from /home/airflow/.local/lib/python3.8/site-packages/airflow/example_dags/example_task_group_decorator.py
[2026-06-07T17:19:13.627+0000] {logging_mixin.py:154} INFO - [2026-06-07T17:19:13.627+0000] {dag.py:2941} INFO - Sync 1 DAGs
[2026-06-07T17:19:13.659+0000] {logging_mixin.py:154} INFO - [2026-06-07T17:19:13.659+0000] {dag.py:3722} INFO - Setting next_dagrun for example_task_group_decorator to 2026-06-06T17:19:13.658785+00:00, run_after=2026-06-07T17:19:13.658785+00:00
[2026-06-07T17:19:13.684+0000] {processor.py:179} INFO - Processing /home/airflow/.local/lib/python3.8/site-packages/airflow/example_dags/example_task_group_decorator.py took 0.176 seconds
[2026-06-07T17:19:44.047+0000] {processor.py:157} INFO - Started process (PID=1512) to work on /home/airflow/.local/lib/python3.8/site-packages/airflow/example_dags/example_task_group_decorator.py
[2026-06-07T17:19:44.057+0000] {processor.py:829} INFO - Processing file /home/airflow/.local/lib/python3.8/site-packages/airflow/example_dags/example_task_group_decorator.py for tasks to queue
[2026-06-07T17:19:44.060+0000] {logging_mixin.py:154} INFO - [2026-06-07T17:19:44.059+0000] {dagbag.py:536} INFO - Filling up the DagBag from /home/airflow/.local/lib/python3.8/site-packages/airflow/example_dags/example_task_group_decorator.py
[2026-06-07T17:19:44.134+0000] {processor.py:839} INFO - DAG(s) dict_keys(['example_task_group_decorator']) retrieved from /home/airflow/.local/lib/python3.8/site-packages/airflow/example_dags/example_task_group_decorator.py
[2026-06-07T17:19:44.254+0000] {logging_mixin.py:154} INFO - [2026-06-07T17:19:44.254+0000] {dag.py:2941} INFO - Sync 1 DAGs
[2026-06-07T17:19:44.674+0000] {logging_mixin.py:154} INFO - [2026-06-07T17:19:44.673+0000] {dag.py:3722} INFO - Setting next_dagrun for example_task_group_decorator to 2026-06-06T17:19:44.673666+00:00, run_after=2026-06-07T17:19:44.673666+00:00
[2026-06-07T17:19:44.732+0000] {processor.py:179} INFO - Processing /home/airflow/.local/lib/python3.8/site-packages/airflow/example_dags/example_task_group_decorator.py took 0.690 seconds
[2026-06-07T17:20:15.232+0000] {processor.py:157} INFO - Started process (PID=1568) to work on /home/airflow/.local/lib/python3.8/site-packages/airflow/example_dags/example_task_group_decorator.py
[2026-06-07T17:20:15.233+0000] {processor.py:829} INFO - Processing file /home/airflow/.local/lib/python3.8/site-packages/airflow/example_dags/example_task_group_decorator.py for tasks to queue
[2026-06-07T17:20:15.236+0000] {logging_mixin.py:154} INFO - [2026-06-07T17:20:15.236+0000] {dagbag.py:536} INFO - Filling up the DagBag from /home/airflow/.local/lib/python3.8/site-packages/airflow/example_dags/example_task_group_decorator.py
[2026-06-07T17:20:15.262+0000] {processor.py:839} INFO - DAG(s) dict_keys(['example_task_group_decorator']) retrieved from /home/airflow/.local/lib/python3.8/site-packages/airflow/example_dags/example_task_group_decorator.py
[2026-06-07T17:20:15.301+0000] {logging_mixin.py:154} INFO - [2026-06-07T17:20:15.301+0000] {dag.py:2941} INFO - Sync 1 DAGs
[2026-06-07T17:20:15.333+0000] {logging_mixin.py:154} INFO - [2026-06-07T17:20:15.333+0000] {dag.py:3722} INFO - Setting next_dagrun for example_task_group_decorator to 2026-06-06T17:20:15.332890+00:00, run_after=2026-06-07T17:20:15.332890+00:00
[2026-06-07T17:20:15.572+0000] {processor.py:179} INFO - Processing /home/airflow/.local/lib/python3.8/site-packages/airflow/example_dags/example_task_group_decorator.py took 0.345 seconds
[2026-06-07T17:20:46.117+0000] {processor.py:157} INFO - Started process (PID=1624) to work on /home/airflow/.local/lib/python3.8/site-packages/airflow/example_dags/example_task_group_decorator.py
[2026-06-07T17:20:46.118+0000] {processor.py:829} INFO - Processing file /home/airflow/.local/lib/python3.8/site-packages/airflow/example_dags/example_task_group_decorator.py for tasks to queue
[2026-06-07T17:20:46.122+0000] {logging_mixin.py:154} INFO - [2026-06-07T17:20:46.121+0000] {dagbag.py:536} INFO - Filling up the DagBag from /home/airflow/.local/lib/python3.8/site-packages/airflow/example_dags/example_task_group_decorator.py
[2026-06-07T17:20:46.146+0000] {processor.py:839} INFO - DAG(s) dict_keys(['example_task_group_decorator']) retrieved from /home/airflow/.local/lib/python3.8/site-packages/airflow/example_dags/example_task_group_decorator.py
[2026-06-07T17:20:46.186+0000] {logging_mixin.py:154} INFO - [2026-06-07T17:20:46.186+0000] {dag.py:2941} INFO - Sync 1 DAGs
[2026-06-07T17:20:46.218+0000] {logging_mixin.py:154} INFO - [2026-06-07T17:20:46.218+0000] {dag.py:3722} INFO - Setting next_dagrun for example_task_group_decorator to 2026-06-06T17:20:46.218206+00:00, run_after=2026-06-07T17:20:46.218206+00:00
[2026-06-07T17:20:46.243+0000] {processor.py:179} INFO - Processing /home/airflow/.local/lib/python3.8/site-packages/airflow/example_dags/example_task_group_decorator.py took 0.131 seconds
[2026-06-07T17:26:33.865+0000] {processor.py:157} INFO - Started process (PID=54) to work on /home/airflow/.local/lib/python3.8/site-packages/airflow/example_dags/example_task_group_decorator.py
[2026-06-07T17:26:33.875+0000] {processor.py:829} INFO - Processing file /home/airflow/.local/lib/python3.8/site-packages/airflow/example_dags/example_task_group_decorator.py for tasks to queue
[2026-06-07T17:26:33.913+0000] {logging_mixin.py:154} INFO - [2026-06-07T17:26:33.913+0000] {dagbag.py:536} INFO - Filling up the DagBag from /home/airflow/.local/lib/python3.8/site-packages/airflow/example_dags/example_task_group_decorator.py
[2026-06-07T17:26:34.105+0000] {processor.py:839} INFO - DAG(s) dict_keys(['example_task_group_decorator']) retrieved from /home/airflow/.local/lib/python3.8/site-packages/airflow/example_dags/example_task_group_decorator.py
[2026-06-07T17:26:34.413+0000] {logging_mixin.py:154} INFO - [2026-06-07T17:26:34.412+0000] {dag.py:2941} INFO - Sync 1 DAGs
[2026-06-07T17:26:34.635+0000] {logging_mixin.py:154} INFO - [2026-06-07T17:26:34.635+0000] {dag.py:3722} INFO - Setting next_dagrun for example_task_group_decorator to 2026-06-06T17:26:34.634807+00:00, run_after=2026-06-07T17:26:34.634807+00:00
[2026-06-07T17:26:34.773+0000] {processor.py:179} INFO - Processing /home/airflow/.local/lib/python3.8/site-packages/airflow/example_dags/example_task_group_decorator.py took 0.938 seconds
[2026-06-07T17:27:05.526+0000] {processor.py:157} INFO - Started process (PID=108) to work on /home/airflow/.local/lib/python3.8/site-packages/airflow/example_dags/example_task_group_decorator.py
[2026-06-07T17:27:05.554+0000] {processor.py:829} INFO - Processing file /home/airflow/.local/lib/python3.8/site-packages/airflow/example_dags/example_task_group_decorator.py for tasks to queue
[2026-06-07T17:27:05.566+0000] {logging_mixin.py:154} INFO - [2026-06-07T17:27:05.560+0000] {dagbag.py:536} INFO - Filling up the DagBag from /home/airflow/.local/lib/python3.8/site-packages/airflow/example_dags/example_task_group_decorator.py
[2026-06-07T17:27:05.662+0000] {processor.py:839} INFO - DAG(s) dict_keys(['example_task_group_decorator']) retrieved from /home/airflow/.local/lib/python3.8/site-packages/airflow/example_dags/example_task_group_decorator.py
[2026-06-07T17:27:05.802+0000] {logging_mixin.py:154} INFO - [2026-06-07T17:27:05.802+0000] {dag.py:2941} INFO - Sync 1 DAGs
[2026-06-07T17:27:05.942+0000] {logging_mixin.py:154} INFO - [2026-06-07T17:27:05.941+0000] {dag.py:3722} INFO - Setting next_dagrun for example_task_group_decorator to 2026-06-06T17:27:05.939165+00:00, run_after=2026-06-07T17:27:05.939165+00:00
[2026-06-07T17:27:06.048+0000] {processor.py:179} INFO - Processing /home/airflow/.local/lib/python3.8/site-packages/airflow/example_dags/example_task_group_decorator.py took 0.542 seconds
[2026-06-07T17:27:36.878+0000] {processor.py:157} INFO - Started process (PID=164) to work on /home/airflow/.local/lib/python3.8/site-packages/airflow/example_dags/example_task_group_decorator.py
[2026-06-07T17:27:36.909+0000] {processor.py:829} INFO - Processing file /home/airflow/.local/lib/python3.8/site-packages/airflow/example_dags/example_task_group_decorator.py for tasks to queue
[2026-06-07T17:27:36.934+0000] {logging_mixin.py:154} INFO - [2026-06-07T17:27:36.929+0000] {dagbag.py:536} INFO - Filling up the DagBag from /home/airflow/.local/lib/python3.8/site-packages/airflow/example_dags/example_task_group_decorator.py
[2026-06-07T17:27:37.113+0000] {processor.py:839} INFO - DAG(s) dict_keys(['example_task_group_decorator']) retrieved from /home/airflow/.local/lib/python3.8/site-packages/airflow/example_dags/example_task_group_decorator.py
[2026-06-07T17:27:37.194+0000] {logging_mixin.py:154} INFO - [2026-06-07T17:27:37.194+0000] {dag.py:2941} INFO - Sync 1 DAGs
[2026-06-07T17:27:37.284+0000] {logging_mixin.py:154} INFO - [2026-06-07T17:27:37.284+0000] {dag.py:3722} INFO - Setting next_dagrun for example_task_group_decorator to 2026-06-06T17:27:37.283914+00:00, run_after=2026-06-07T17:27:37.283914+00:00
[2026-06-07T17:27:37.363+0000] {processor.py:179} INFO - Processing /home/airflow/.local/lib/python3.8/site-packages/airflow/example_dags/example_task_group_decorator.py took 0.510 seconds
[2026-06-07T17:39:19.329+0000] {processor.py:157} INFO - Started process (PID=230) to work on /home/airflow/.local/lib/python3.8/site-packages/airflow/example_dags/example_task_group_decorator.py
[2026-06-07T17:39:19.340+0000] {processor.py:829} INFO - Processing file /home/airflow/.local/lib/python3.8/site-packages/airflow/example_dags/example_task_group_decorator.py for tasks to queue
[2026-06-07T17:39:19.345+0000] {logging_mixin.py:154} INFO - [2026-06-07T17:39:19.341+0000] {dagbag.py:536} INFO - Filling up the DagBag from /home/airflow/.local/lib/python3.8/site-packages/airflow/example_dags/example_task_group_decorator.py
[2026-06-07T17:39:19.585+0000] {processor.py:839} INFO - DAG(s) dict_keys(['example_task_group_decorator']) retrieved from /home/airflow/.local/lib/python3.8/site-packages/airflow/example_dags/example_task_group_decorator.py
[2026-06-07T17:39:19.874+0000] {logging_mixin.py:154} INFO - [2026-06-07T17:39:19.869+0000] {dag.py:2941} INFO - Sync 1 DAGs
[2026-06-07T17:39:20.137+0000] {logging_mixin.py:154} INFO - [2026-06-07T17:39:20.137+0000] {dag.py:3722} INFO - Setting next_dagrun for example_task_group_decorator to 2026-06-06T17:39:20.121546+00:00, run_after=2026-06-07T17:39:20.121546+00:00
[2026-06-07T17:39:20.414+0000] {processor.py:179} INFO - Processing /home/airflow/.local/lib/python3.8/site-packages/airflow/example_dags/example_task_group_decorator.py took 1.139 seconds
[2026-06-07T17:39:50.914+0000] {processor.py:157} INFO - Started process (PID=286) to work on /home/airflow/.local/lib/python3.8/site-packages/airflow/example_dags/example_task_group_decorator.py
[2026-06-07T17:39:50.917+0000] {processor.py:829} INFO - Processing file /home/airflow/.local/lib/python3.8/site-packages/airflow/example_dags/example_task_group_decorator.py for tasks to queue
[2026-06-07T17:39:50.918+0000] {logging_mixin.py:154} INFO - [2026-06-07T17:39:50.918+0000] {dagbag.py:536} INFO - Filling up the DagBag from /home/airflow/.local/lib/python3.8/site-packages/airflow/example_dags/example_task_group_decorator.py
[2026-06-07T17:39:51.161+0000] {processor.py:839} INFO - DAG(s) dict_keys(['example_task_group_decorator']) retrieved from /home/airflow/.local/lib/python3.8/site-packages/airflow/example_dags/example_task_group_decorator.py
[2026-06-07T17:39:51.353+0000] {logging_mixin.py:154} INFO - [2026-06-07T17:39:51.353+0000] {dag.py:2941} INFO - Sync 1 DAGs
[2026-06-07T17:39:51.586+0000] {logging_mixin.py:154} INFO - [2026-06-07T17:39:51.585+0000] {dag.py:3722} INFO - Setting next_dagrun for example_task_group_decorator to 2026-06-06T17:39:51.585568+00:00, run_after=2026-06-07T17:39:51.585568+00:00
[2026-06-07T17:39:51.755+0000] {processor.py:179} INFO - Processing /home/airflow/.local/lib/python3.8/site-packages/airflow/example_dags/example_task_group_decorator.py took 0.866 seconds
[2026-06-07T17:40:22.219+0000] {processor.py:157} INFO - Started process (PID=339) to work on /home/airflow/.local/lib/python3.8/site-packages/airflow/example_dags/example_task_group_decorator.py
[2026-06-07T17:40:22.224+0000] {processor.py:829} INFO - Processing file /home/airflow/.local/lib/python3.8/site-packages/airflow/example_dags/example_task_group_decorator.py for tasks to queue
[2026-06-07T17:40:22.225+0000] {logging_mixin.py:154} INFO - [2026-06-07T17:40:22.225+0000] {dagbag.py:536} INFO - Filling up the DagBag from /home/airflow/.local/lib/python3.8/site-packages/airflow/example_dags/example_task_group_decorator.py
[2026-06-07T17:40:22.248+0000] {processor.py:839} INFO - DAG(s) dict_keys(['example_task_group_decorator']) retrieved from /home/airflow/.local/lib/python3.8/site-packages/airflow/example_dags/example_task_group_decorator.py
[2026-06-07T17:40:22.275+0000] {logging_mixin.py:154} INFO - [2026-06-07T17:40:22.275+0000] {dag.py:2941} INFO - Sync 1 DAGs
[2026-06-07T17:40:22.302+0000] {logging_mixin.py:154} INFO - [2026-06-07T17:40:22.302+0000] {dag.py:3722} INFO - Setting next_dagrun for example_task_group_decorator to 2026-06-06T17:40:22.302094+00:00, run_after=2026-06-07T17:40:22.302094+00:00
[2026-06-07T17:40:22.323+0000] {processor.py:179} INFO - Processing /home/airflow/.local/lib/python3.8/site-packages/airflow/example_dags/example_task_group_decorator.py took 0.109 seconds
[2026-06-07T17:40:52.417+0000] {processor.py:157} INFO - Started process (PID=394) to work on /home/airflow/.local/lib/python3.8/site-packages/airflow/example_dags/example_task_group_decorator.py
[2026-06-07T17:40:52.419+0000] {processor.py:829} INFO - Processing file /home/airflow/.local/lib/python3.8/site-packages/airflow/example_dags/example_task_group_decorator.py for tasks to queue
[2026-06-07T17:40:52.421+0000] {logging_mixin.py:154} INFO - [2026-06-07T17:40:52.420+0000] {dagbag.py:536} INFO - Filling up the DagBag from /home/airflow/.local/lib/python3.8/site-packages/airflow/example_dags/example_task_group_decorator.py
[2026-06-07T17:40:52.447+0000] {processor.py:839} INFO - DAG(s) dict_keys(['example_task_group_decorator']) retrieved from /home/airflow/.local/lib/python3.8/site-packages/airflow/example_dags/example_task_group_decorator.py
[2026-06-07T17:40:52.486+0000] {logging_mixin.py:154} INFO - [2026-06-07T17:40:52.486+0000] {dag.py:2941} INFO - Sync 1 DAGs
[2026-06-07T17:40:52.523+0000] {logging_mixin.py:154} INFO - [2026-06-07T17:40:52.522+0000] {dag.py:3722} INFO - Setting next_dagrun for example_task_group_decorator to 2026-06-06T17:40:52.522333+00:00, run_after=2026-06-07T17:40:52.522333+00:00
[2026-06-07T17:40:52.548+0000] {processor.py:179} INFO - Processing /home/airflow/.local/lib/python3.8/site-packages/airflow/example_dags/example_task_group_decorator.py took 0.136 seconds
[2026-06-07T17:41:23.287+0000] {processor.py:157} INFO - Started process (PID=450) to work on /home/airflow/.local/lib/python3.8/site-packages/airflow/example_dags/example_task_group_decorator.py
[2026-06-07T17:41:23.290+0000] {processor.py:829} INFO - Processing file /home/airflow/.local/lib/python3.8/site-packages/airflow/example_dags/example_task_group_decorator.py for tasks to queue
[2026-06-07T17:41:23.291+0000] {logging_mixin.py:154} INFO - [2026-06-07T17:41:23.291+0000] {dagbag.py:536} INFO - Filling up the DagBag from /home/airflow/.local/lib/python3.8/site-packages/airflow/example_dags/example_task_group_decorator.py
[2026-06-07T17:41:23.327+0000] {processor.py:839} INFO - DAG(s) dict_keys(['example_task_group_decorator']) retrieved from /home/airflow/.local/lib/python3.8/site-packages/airflow/example_dags/example_task_group_decorator.py
[2026-06-07T17:41:23.365+0000] {logging_mixin.py:154} INFO - [2026-06-07T17:41:23.365+0000] {dag.py:2941} INFO - Sync 1 DAGs
[2026-06-07T17:41:23.401+0000] {logging_mixin.py:154} INFO - [2026-06-07T17:41:23.401+0000] {dag.py:3722} INFO - Setting next_dagrun for example_task_group_decorator to 2026-06-06T17:41:23.400734+00:00, run_after=2026-06-07T17:41:23.400734+00:00
[2026-06-07T17:41:23.424+0000] {processor.py:179} INFO - Processing /home/airflow/.local/lib/python3.8/site-packages/airflow/example_dags/example_task_group_decorator.py took 0.143 seconds
[2026-06-07T17:41:53.591+0000] {processor.py:157} INFO - Started process (PID=506) to work on /home/airflow/.local/lib/python3.8/site-packages/airflow/example_dags/example_task_group_decorator.py
[2026-06-07T17:41:53.595+0000] {processor.py:829} INFO - Processing file /home/airflow/.local/lib/python3.8/site-packages/airflow/example_dags/example_task_group_decorator.py for tasks to queue
[2026-06-07T17:41:53.601+0000] {logging_mixin.py:154} INFO - [2026-06-07T17:41:53.601+0000] {dagbag.py:536} INFO - Filling up the DagBag from /home/airflow/.local/lib/python3.8/site-packages/airflow/example_dags/example_task_group_decorator.py
[2026-06-07T17:41:53.701+0000] {processor.py:839} INFO - DAG(s) dict_keys(['example_task_group_decorator']) retrieved from /home/airflow/.local/lib/python3.8/site-packages/airflow/example_dags/example_task_group_decorator.py
[2026-06-07T17:41:53.816+0000] {logging_mixin.py:154} INFO - [2026-06-07T17:41:53.814+0000] {dag.py:2941} INFO - Sync 1 DAGs
[2026-06-07T17:41:53.949+0000] {logging_mixin.py:154} INFO - [2026-06-07T17:41:53.949+0000] {dag.py:3722} INFO - Setting next_dagrun for example_task_group_decorator to 2026-06-06T17:41:53.943527+00:00, run_after=2026-06-07T17:41:53.943527+00:00
[2026-06-07T17:41:54.054+0000] {processor.py:179} INFO - Processing /home/airflow/.local/lib/python3.8/site-packages/airflow/example_dags/example_task_group_decorator.py took 0.471 seconds
[2026-06-07T17:42:24.396+0000] {processor.py:157} INFO - Started process (PID=562) to work on /home/airflow/.local/lib/python3.8/site-packages/airflow/example_dags/example_task_group_decorator.py
[2026-06-07T17:42:24.398+0000] {processor.py:829} INFO - Processing file /home/airflow/.local/lib/python3.8/site-packages/airflow/example_dags/example_task_group_decorator.py for tasks to queue
[2026-06-07T17:42:24.399+0000] {logging_mixin.py:154} INFO - [2026-06-07T17:42:24.398+0000] {dagbag.py:536} INFO - Filling up the DagBag from /home/airflow/.local/lib/python3.8/site-packages/airflow/example_dags/example_task_group_decorator.py
[2026-06-07T17:42:24.426+0000] {processor.py:839} INFO - DAG(s) dict_keys(['example_task_group_decorator']) retrieved from /home/airflow/.local/lib/python3.8/site-packages/airflow/example_dags/example_task_group_decorator.py
[2026-06-07T17:42:24.471+0000] {logging_mixin.py:154} INFO - [2026-06-07T17:42:24.471+0000] {dag.py:2941} INFO - Sync 1 DAGs
[2026-06-07T17:42:24.507+0000] {logging_mixin.py:154} INFO - [2026-06-07T17:42:24.507+0000] {dag.py:3722} INFO - Setting next_dagrun for example_task_group_decorator to 2026-06-06T17:42:24.507027+00:00, run_after=2026-06-07T17:42:24.507027+00:00
[2026-06-07T17:42:24.532+0000] {processor.py:179} INFO - Processing /home/airflow/.local/lib/python3.8/site-packages/airflow/example_dags/example_task_group_decorator.py took 0.139 seconds
[2026-06-07T17:42:55.075+0000] {processor.py:157} INFO - Started process (PID=618) to work on /home/airflow/.local/lib/python3.8/site-packages/airflow/example_dags/example_task_group_decorator.py
[2026-06-07T17:42:55.077+0000] {processor.py:829} INFO - Processing file /home/airflow/.local/lib/python3.8/site-packages/airflow/example_dags/example_task_group_decorator.py for tasks to queue
[2026-06-07T17:42:55.078+0000] {logging_mixin.py:154} INFO - [2026-06-07T17:42:55.078+0000] {dagbag.py:536} INFO - Filling up the DagBag from /home/airflow/.local/lib/python3.8/site-packages/airflow/example_dags/example_task_group_decorator.py
[2026-06-07T17:42:55.096+0000] {processor.py:839} INFO - DAG(s) dict_keys(['example_task_group_decorator']) retrieved from /home/airflow/.local/lib/python3.8/site-packages/airflow/example_dags/example_task_group_decorator.py
[2026-06-07T17:42:55.122+0000] {logging_mixin.py:154} INFO - [2026-06-07T17:42:55.122+0000] {dag.py:2941} INFO - Sync 1 DAGs
[2026-06-07T17:42:55.146+0000] {logging_mixin.py:154} INFO - [2026-06-07T17:42:55.146+0000] {dag.py:3722} INFO - Setting next_dagrun for example_task_group_decorator to 2026-06-06T17:42:55.145948+00:00, run_after=2026-06-07T17:42:55.145948+00:00
[2026-06-07T17:42:55.174+0000] {processor.py:179} INFO - Processing /home/airflow/.local/lib/python3.8/site-packages/airflow/example_dags/example_task_group_decorator.py took 0.102 seconds
[2026-06-07T17:43:25.329+0000] {processor.py:157} INFO - Started process (PID=673) to work on /home/airflow/.local/lib/python3.8/site-packages/airflow/example_dags/example_task_group_decorator.py
[2026-06-07T17:43:25.332+0000] {processor.py:829} INFO - Processing file /home/airflow/.local/lib/python3.8/site-packages/airflow/example_dags/example_task_group_decorator.py for tasks to queue
[2026-06-07T17:43:25.333+0000] {logging_mixin.py:154} INFO - [2026-06-07T17:43:25.333+0000] {dagbag.py:536} INFO - Filling up the DagBag from /home/airflow/.local/lib/python3.8/site-packages/airflow/example_dags/example_task_group_decorator.py
[2026-06-07T17:43:25.359+0000] {processor.py:839} INFO - DAG(s) dict_keys(['example_task_group_decorator']) retrieved from /home/airflow/.local/lib/python3.8/site-packages/airflow/example_dags/example_task_group_decorator.py
[2026-06-07T17:43:25.396+0000] {logging_mixin.py:154} INFO - [2026-06-07T17:43:25.396+0000] {dag.py:2941} INFO - Sync 1 DAGs
[2026-06-07T17:43:25.423+0000] {logging_mixin.py:154} INFO - [2026-06-07T17:43:25.423+0000] {dag.py:3722} INFO - Setting next_dagrun for example_task_group_decorator to 2026-06-06T17:43:25.423208+00:00, run_after=2026-06-07T17:43:25.423208+00:00
[2026-06-07T17:43:25.443+0000] {processor.py:179} INFO - Processing /home/airflow/.local/lib/python3.8/site-packages/airflow/example_dags/example_task_group_decorator.py took 0.119 seconds
[2026-06-07T17:43:58.327+0000] {processor.py:157} INFO - Started process (PID=729) to work on /home/airflow/.local/lib/python3.8/site-packages/airflow/example_dags/example_task_group_decorator.py
[2026-06-07T17:43:58.337+0000] {processor.py:829} INFO - Processing file /home/airflow/.local/lib/python3.8/site-packages/airflow/example_dags/example_task_group_decorator.py for tasks to queue
[2026-06-07T17:43:58.342+0000] {logging_mixin.py:154} INFO - [2026-06-07T17:43:58.340+0000] {dagbag.py:536} INFO - Filling up the DagBag from /home/airflow/.local/lib/python3.8/site-packages/airflow/example_dags/example_task_group_decorator.py
[2026-06-07T17:43:58.438+0000] {processor.py:839} INFO - DAG(s) dict_keys(['example_task_group_decorator']) retrieved from /home/airflow/.local/lib/python3.8/site-packages/airflow/example_dags/example_task_group_decorator.py
[2026-06-07T17:43:58.561+0000] {logging_mixin.py:154} INFO - [2026-06-07T17:43:58.560+0000] {dag.py:2941} INFO - Sync 1 DAGs
[2026-06-07T17:43:58.753+0000] {logging_mixin.py:154} INFO - [2026-06-07T17:43:58.739+0000] {dag.py:3722} INFO - Setting next_dagrun for example_task_group_decorator to 2026-06-06T17:43:58.738998+00:00, run_after=2026-06-07T17:43:58.738998+00:00
[2026-06-07T17:43:58.887+0000] {processor.py:179} INFO - Processing /home/airflow/.local/lib/python3.8/site-packages/airflow/example_dags/example_task_group_decorator.py took 0.565 seconds
[2026-06-07T17:44:29.447+0000] {processor.py:157} INFO - Started process (PID=785) to work on /home/airflow/.local/lib/python3.8/site-packages/airflow/example_dags/example_task_group_decorator.py
[2026-06-07T17:44:29.449+0000] {processor.py:829} INFO - Processing file /home/airflow/.local/lib/python3.8/site-packages/airflow/example_dags/example_task_group_decorator.py for tasks to queue
[2026-06-07T17:44:29.450+0000] {logging_mixin.py:154} INFO - [2026-06-07T17:44:29.450+0000] {dagbag.py:536} INFO - Filling up the DagBag from /home/airflow/.local/lib/python3.8/site-packages/airflow/example_dags/example_task_group_decorator.py
[2026-06-07T17:44:29.476+0000] {processor.py:839} INFO - DAG(s) dict_keys(['example_task_group_decorator']) retrieved from /home/airflow/.local/lib/python3.8/site-packages/airflow/example_dags/example_task_group_decorator.py
[2026-06-07T17:44:29.553+0000] {logging_mixin.py:154} INFO - [2026-06-07T17:44:29.553+0000] {dag.py:2941} INFO - Sync 1 DAGs
[2026-06-07T17:44:29.617+0000] {logging_mixin.py:154} INFO - [2026-06-07T17:44:29.617+0000] {dag.py:3722} INFO - Setting next_dagrun for example_task_group_decorator to 2026-06-06T17:44:29.617079+00:00, run_after=2026-06-07T17:44:29.617079+00:00
[2026-06-07T17:44:29.658+0000] {processor.py:179} INFO - Processing /home/airflow/.local/lib/python3.8/site-packages/airflow/example_dags/example_task_group_decorator.py took 0.215 seconds
[2026-06-07T17:44:59.944+0000] {processor.py:157} INFO - Started process (PID=839) to work on /home/airflow/.local/lib/python3.8/site-packages/airflow/example_dags/example_task_group_decorator.py
[2026-06-07T17:44:59.946+0000] {processor.py:829} INFO - Processing file /home/airflow/.local/lib/python3.8/site-packages/airflow/example_dags/example_task_group_decorator.py for tasks to queue
[2026-06-07T17:44:59.947+0000] {logging_mixin.py:154} INFO - [2026-06-07T17:44:59.946+0000] {dagbag.py:536} INFO - Filling up the DagBag from /home/airflow/.local/lib/python3.8/site-packages/airflow/example_dags/example_task_group_decorator.py
[2026-06-07T17:44:59.964+0000] {processor.py:839} INFO - DAG(s) dict_keys(['example_task_group_decorator']) retrieved from /home/airflow/.local/lib/python3.8/site-packages/airflow/example_dags/example_task_group_decorator.py
[2026-06-07T17:44:59.992+0000] {logging_mixin.py:154} INFO - [2026-06-07T17:44:59.991+0000] {dag.py:2941} INFO - Sync 1 DAGs
[2026-06-07T17:45:00.017+0000] {logging_mixin.py:154} INFO - [2026-06-07T17:45:00.017+0000] {dag.py:3722} INFO - Setting next_dagrun for example_task_group_decorator to 2026-06-06T17:45:00.017107+00:00, run_after=2026-06-07T17:45:00.017107+00:00
[2026-06-07T17:45:00.075+0000] {processor.py:179} INFO - Processing /home/airflow/.local/lib/python3.8/site-packages/airflow/example_dags/example_task_group_decorator.py took 0.135 seconds
[2026-06-07T17:45:30.143+0000] {processor.py:157} INFO - Started process (PID=894) to work on /home/airflow/.local/lib/python3.8/site-packages/airflow/example_dags/example_task_group_decorator.py
[2026-06-07T17:45:30.150+0000] {processor.py:829} INFO - Processing file /home/airflow/.local/lib/python3.8/site-packages/airflow/example_dags/example_task_group_decorator.py for tasks to queue
[2026-06-07T17:45:30.150+0000] {logging_mixin.py:154} INFO - [2026-06-07T17:45:30.150+0000] {dagbag.py:536} INFO - Filling up the DagBag from /home/airflow/.local/lib/python3.8/site-packages/airflow/example_dags/example_task_group_decorator.py
[2026-06-07T17:45:30.169+0000] {processor.py:839} INFO - DAG(s) dict_keys(['example_task_group_decorator']) retrieved from /home/airflow/.local/lib/python3.8/site-packages/airflow/example_dags/example_task_group_decorator.py
[2026-06-07T17:45:30.197+0000] {logging_mixin.py:154} INFO - [2026-06-07T17:45:30.197+0000] {dag.py:2941} INFO - Sync 1 DAGs
[2026-06-07T17:45:30.224+0000] {logging_mixin.py:154} INFO - [2026-06-07T17:45:30.224+0000] {dag.py:3722} INFO - Setting next_dagrun for example_task_group_decorator to 2026-06-06T17:45:30.223887+00:00, run_after=2026-06-07T17:45:30.223887+00:00
[2026-06-07T17:45:30.275+0000] {processor.py:179} INFO - Processing /home/airflow/.local/lib/python3.8/site-packages/airflow/example_dags/example_task_group_decorator.py took 0.136 seconds
[2026-06-07T17:46:00.489+0000] {processor.py:157} INFO - Started process (PID=949) to work on /home/airflow/.local/lib/python3.8/site-packages/airflow/example_dags/example_task_group_decorator.py
[2026-06-07T17:46:00.496+0000] {processor.py:829} INFO - Processing file /home/airflow/.local/lib/python3.8/site-packages/airflow/example_dags/example_task_group_decorator.py for tasks to queue
[2026-06-07T17:46:00.497+0000] {logging_mixin.py:154} INFO - [2026-06-07T17:46:00.497+0000] {dagbag.py:536} INFO - Filling up the DagBag from /home/airflow/.local/lib/python3.8/site-packages/airflow/example_dags/example_task_group_decorator.py
[2026-06-07T17:46:00.558+0000] {processor.py:839} INFO - DAG(s) dict_keys(['example_task_group_decorator']) retrieved from /home/airflow/.local/lib/python3.8/site-packages/airflow/example_dags/example_task_group_decorator.py
[2026-06-07T17:46:00.629+0000] {logging_mixin.py:154} INFO - [2026-06-07T17:46:00.629+0000] {dag.py:2941} INFO - Sync 1 DAGs
[2026-06-07T17:46:00.683+0000] {logging_mixin.py:154} INFO - [2026-06-07T17:46:00.683+0000] {dag.py:3722} INFO - Setting next_dagrun for example_task_group_decorator to 2026-06-06T17:46:00.682806+00:00, run_after=2026-06-07T17:46:00.682806+00:00
[2026-06-07T17:46:00.734+0000] {processor.py:179} INFO - Processing /home/airflow/.local/lib/python3.8/site-packages/airflow/example_dags/example_task_group_decorator.py took 0.250 seconds
[2026-06-07T17:46:30.885+0000] {processor.py:157} INFO - Started process (PID=1004) to work on /home/airflow/.local/lib/python3.8/site-packages/airflow/example_dags/example_task_group_decorator.py
[2026-06-07T17:46:30.886+0000] {processor.py:829} INFO - Processing file /home/airflow/.local/lib/python3.8/site-packages/airflow/example_dags/example_task_group_decorator.py for tasks to queue
[2026-06-07T17:46:30.888+0000] {logging_mixin.py:154} INFO - [2026-06-07T17:46:30.887+0000] {dagbag.py:536} INFO - Filling up the DagBag from /home/airflow/.local/lib/python3.8/site-packages/airflow/example_dags/example_task_group_decorator.py
[2026-06-07T17:46:30.949+0000] {processor.py:839} INFO - DAG(s) dict_keys(['example_task_group_decorator']) retrieved from /home/airflow/.local/lib/python3.8/site-packages/airflow/example_dags/example_task_group_decorator.py
[2026-06-07T17:46:31.017+0000] {logging_mixin.py:154} INFO - [2026-06-07T17:46:31.017+0000] {dag.py:2941} INFO - Sync 1 DAGs
[2026-06-07T17:46:31.558+0000] {logging_mixin.py:154} INFO - [2026-06-07T17:46:31.557+0000] {dag.py:3722} INFO - Setting next_dagrun for example_task_group_decorator to 2026-06-06T17:46:31.557461+00:00, run_after=2026-06-07T17:46:31.557461+00:00
[2026-06-07T17:46:31.616+0000] {processor.py:179} INFO - Processing /home/airflow/.local/lib/python3.8/site-packages/airflow/example_dags/example_task_group_decorator.py took 0.743 seconds
[2026-06-07T17:47:02.402+0000] {processor.py:157} INFO - Started process (PID=1060) to work on /home/airflow/.local/lib/python3.8/site-packages/airflow/example_dags/example_task_group_decorator.py
[2026-06-07T17:47:02.405+0000] {processor.py:829} INFO - Processing file /home/airflow/.local/lib/python3.8/site-packages/airflow/example_dags/example_task_group_decorator.py for tasks to queue
[2026-06-07T17:47:02.406+0000] {logging_mixin.py:154} INFO - [2026-06-07T17:47:02.405+0000] {dagbag.py:536} INFO - Filling up the DagBag from /home/airflow/.local/lib/python3.8/site-packages/airflow/example_dags/example_task_group_decorator.py
[2026-06-07T17:47:02.424+0000] {processor.py:839} INFO - DAG(s) dict_keys(['example_task_group_decorator']) retrieved from /home/airflow/.local/lib/python3.8/site-packages/airflow/example_dags/example_task_group_decorator.py
[2026-06-07T17:47:02.456+0000] {logging_mixin.py:154} INFO - [2026-06-07T17:47:02.456+0000] {dag.py:2941} INFO - Sync 1 DAGs
[2026-06-07T17:47:02.488+0000] {logging_mixin.py:154} INFO - [2026-06-07T17:47:02.488+0000] {dag.py:3722} INFO - Setting next_dagrun for example_task_group_decorator to 2026-06-06T17:47:02.487821+00:00, run_after=2026-06-07T17:47:02.487821+00:00
[2026-06-07T17:47:02.512+0000] {processor.py:179} INFO - Processing /home/airflow/.local/lib/python3.8/site-packages/airflow/example_dags/example_task_group_decorator.py took 0.114 seconds
[2026-06-07T17:47:32.805+0000] {processor.py:157} INFO - Started process (PID=1115) to work on /home/airflow/.local/lib/python3.8/site-packages/airflow/example_dags/example_task_group_decorator.py
[2026-06-07T17:47:32.809+0000] {processor.py:829} INFO - Processing file /home/airflow/.local/lib/python3.8/site-packages/airflow/example_dags/example_task_group_decorator.py for tasks to queue
[2026-06-07T17:47:32.810+0000] {logging_mixin.py:154} INFO - [2026-06-07T17:47:32.810+0000] {dagbag.py:536} INFO - Filling up the DagBag from /home/airflow/.local/lib/python3.8/site-packages/airflow/example_dags/example_task_group_decorator.py
[2026-06-07T17:47:32.829+0000] {processor.py:839} INFO - DAG(s) dict_keys(['example_task_group_decorator']) retrieved from /home/airflow/.local/lib/python3.8/site-packages/airflow/example_dags/example_task_group_decorator.py
[2026-06-07T17:47:32.857+0000] {logging_mixin.py:154} INFO - [2026-06-07T17:47:32.857+0000] {dag.py:2941} INFO - Sync 1 DAGs
[2026-06-07T17:47:32.881+0000] {logging_mixin.py:154} INFO - [2026-06-07T17:47:32.881+0000] {dag.py:3722} INFO - Setting next_dagrun for example_task_group_decorator to 2026-06-06T17:47:32.881440+00:00, run_after=2026-06-07T17:47:32.881440+00:00
[2026-06-07T17:47:32.918+0000] {processor.py:179} INFO - Processing /home/airflow/.local/lib/python3.8/site-packages/airflow/example_dags/example_task_group_decorator.py took 0.117 seconds
[2026-06-07T17:48:08.378+0000] {processor.py:157} INFO - Started process (PID=1170) to work on /home/airflow/.local/lib/python3.8/site-packages/airflow/example_dags/example_task_group_decorator.py
[2026-06-07T17:48:08.381+0000] {processor.py:829} INFO - Processing file /home/airflow/.local/lib/python3.8/site-packages/airflow/example_dags/example_task_group_decorator.py for tasks to queue
[2026-06-07T17:48:08.382+0000] {logging_mixin.py:154} INFO - [2026-06-07T17:48:08.382+0000] {dagbag.py:536} INFO - Filling up the DagBag from /home/airflow/.local/lib/python3.8/site-packages/airflow/example_dags/example_task_group_decorator.py
[2026-06-07T17:48:08.407+0000] {processor.py:839} INFO - DAG(s) dict_keys(['example_task_group_decorator']) retrieved from /home/airflow/.local/lib/python3.8/site-packages/airflow/example_dags/example_task_group_decorator.py
[2026-06-07T17:48:08.440+0000] {logging_mixin.py:154} INFO - [2026-06-07T17:48:08.439+0000] {dag.py:2941} INFO - Sync 1 DAGs
[2026-06-07T17:48:08.468+0000] {logging_mixin.py:154} INFO - [2026-06-07T17:48:08.468+0000] {dag.py:3722} INFO - Setting next_dagrun for example_task_group_decorator to 2026-06-06T17:48:08.468165+00:00, run_after=2026-06-07T17:48:08.468165+00:00
[2026-06-07T17:48:08.492+0000] {processor.py:179} INFO - Processing /home/airflow/.local/lib/python3.8/site-packages/airflow/example_dags/example_task_group_decorator.py took 0.119 seconds
[2026-06-07T17:51:14.742+0000] {processor.py:157} INFO - Started process (PID=1243) to work on /home/airflow/.local/lib/python3.8/site-packages/airflow/example_dags/example_task_group_decorator.py
[2026-06-07T17:51:14.767+0000] {processor.py:829} INFO - Processing file /home/airflow/.local/lib/python3.8/site-packages/airflow/example_dags/example_task_group_decorator.py for tasks to queue
[2026-06-07T17:51:14.768+0000] {logging_mixin.py:154} INFO - [2026-06-07T17:51:14.768+0000] {dagbag.py:536} INFO - Filling up the DagBag from /home/airflow/.local/lib/python3.8/site-packages/airflow/example_dags/example_task_group_decorator.py
[2026-06-07T17:51:14.899+0000] {processor.py:839} INFO - DAG(s) dict_keys(['example_task_group_decorator']) retrieved from /home/airflow/.local/lib/python3.8/site-packages/airflow/example_dags/example_task_group_decorator.py
[2026-06-07T17:51:15.068+0000] {logging_mixin.py:154} INFO - [2026-06-07T17:51:15.068+0000] {dag.py:2941} INFO - Sync 1 DAGs
[2026-06-07T17:51:16.395+0000] {logging_mixin.py:154} INFO - [2026-06-07T17:51:16.394+0000] {dag.py:3722} INFO - Setting next_dagrun for example_task_group_decorator to 2026-06-06T17:51:16.394410+00:00, run_after=2026-06-07T17:51:16.394410+00:00
[2026-06-07T17:51:16.613+0000] {processor.py:179} INFO - Processing /home/airflow/.local/lib/python3.8/site-packages/airflow/example_dags/example_task_group_decorator.py took 1.887 seconds
[2026-06-07T17:51:47.460+0000] {processor.py:157} INFO - Started process (PID=1299) to work on /home/airflow/.local/lib/python3.8/site-packages/airflow/example_dags/example_task_group_decorator.py
[2026-06-07T17:51:47.461+0000] {processor.py:829} INFO - Processing file /home/airflow/.local/lib/python3.8/site-packages/airflow/example_dags/example_task_group_decorator.py for tasks to queue
[2026-06-07T17:51:47.462+0000] {logging_mixin.py:154} INFO - [2026-06-07T17:51:47.462+0000] {dagbag.py:536} INFO - Filling up the DagBag from /home/airflow/.local/lib/python3.8/site-packages/airflow/example_dags/example_task_group_decorator.py
[2026-06-07T17:51:47.489+0000] {processor.py:839} INFO - DAG(s) dict_keys(['example_task_group_decorator']) retrieved from /home/airflow/.local/lib/python3.8/site-packages/airflow/example_dags/example_task_group_decorator.py
[2026-06-07T17:51:47.598+0000] {logging_mixin.py:154} INFO - [2026-06-07T17:51:47.597+0000] {dag.py:2941} INFO - Sync 1 DAGs
[2026-06-07T17:51:48.156+0000] {logging_mixin.py:154} INFO - [2026-06-07T17:51:48.156+0000] {dag.py:3722} INFO - Setting next_dagrun for example_task_group_decorator to 2026-06-06T17:51:48.156072+00:00, run_after=2026-06-07T17:51:48.156072+00:00
[2026-06-07T17:51:48.211+0000] {processor.py:179} INFO - Processing /home/airflow/.local/lib/python3.8/site-packages/airflow/example_dags/example_task_group_decorator.py took 0.756 seconds
[2026-06-07T17:52:18.279+0000] {processor.py:157} INFO - Started process (PID=1355) to work on /home/airflow/.local/lib/python3.8/site-packages/airflow/example_dags/example_task_group_decorator.py
[2026-06-07T17:52:18.281+0000] {processor.py:829} INFO - Processing file /home/airflow/.local/lib/python3.8/site-packages/airflow/example_dags/example_task_group_decorator.py for tasks to queue
[2026-06-07T17:52:18.282+0000] {logging_mixin.py:154} INFO - [2026-06-07T17:52:18.282+0000] {dagbag.py:536} INFO - Filling up the DagBag from /home/airflow/.local/lib/python3.8/site-packages/airflow/example_dags/example_task_group_decorator.py
[2026-06-07T17:52:18.299+0000] {processor.py:839} INFO - DAG(s) dict_keys(['example_task_group_decorator']) retrieved from /home/airflow/.local/lib/python3.8/site-packages/airflow/example_dags/example_task_group_decorator.py
[2026-06-07T17:52:18.328+0000] {logging_mixin.py:154} INFO - [2026-06-07T17:52:18.328+0000] {dag.py:2941} INFO - Sync 1 DAGs
[2026-06-07T17:52:18.353+0000] {logging_mixin.py:154} INFO - [2026-06-07T17:52:18.352+0000] {dag.py:3722} INFO - Setting next_dagrun for example_task_group_decorator to 2026-06-06T17:52:18.352571+00:00, run_after=2026-06-07T17:52:18.352571+00:00
[2026-06-07T17:52:18.531+0000] {processor.py:179} INFO - Processing /home/airflow/.local/lib/python3.8/site-packages/airflow/example_dags/example_task_group_decorator.py took 0.256 seconds
[2026-06-07T17:52:48.591+0000] {processor.py:157} INFO - Started process (PID=1411) to work on /home/airflow/.local/lib/python3.8/site-packages/airflow/example_dags/example_task_group_decorator.py
[2026-06-07T17:52:48.592+0000] {processor.py:829} INFO - Processing file /home/airflow/.local/lib/python3.8/site-packages/airflow/example_dags/example_task_group_decorator.py for tasks to queue
[2026-06-07T17:52:48.593+0000] {logging_mixin.py:154} INFO - [2026-06-07T17:52:48.593+0000] {dagbag.py:536} INFO - Filling up the DagBag from /home/airflow/.local/lib/python3.8/site-packages/airflow/example_dags/example_task_group_decorator.py
[2026-06-07T17:52:48.614+0000] {processor.py:839} INFO - DAG(s) dict_keys(['example_task_group_decorator']) retrieved from /home/airflow/.local/lib/python3.8/site-packages/airflow/example_dags/example_task_group_decorator.py
[2026-06-07T17:52:48.647+0000] {logging_mixin.py:154} INFO - [2026-06-07T17:52:48.647+0000] {dag.py:2941} INFO - Sync 1 DAGs
[2026-06-07T17:52:48.676+0000] {logging_mixin.py:154} INFO - [2026-06-07T17:52:48.676+0000] {dag.py:3722} INFO - Setting next_dagrun for example_task_group_decorator to 2026-06-06T17:52:48.675794+00:00, run_after=2026-06-07T17:52:48.675794+00:00
[2026-06-07T17:52:48.711+0000] {processor.py:179} INFO - Processing /home/airflow/.local/lib/python3.8/site-packages/airflow/example_dags/example_task_group_decorator.py took 0.123 seconds
[2026-06-07T17:53:19.479+0000] {processor.py:157} INFO - Started process (PID=1467) to work on /home/airflow/.local/lib/python3.8/site-packages/airflow/example_dags/example_task_group_decorator.py
[2026-06-07T17:53:19.481+0000] {processor.py:829} INFO - Processing file /home/airflow/.local/lib/python3.8/site-packages/airflow/example_dags/example_task_group_decorator.py for tasks to queue
[2026-06-07T17:53:19.482+0000] {logging_mixin.py:154} INFO - [2026-06-07T17:53:19.482+0000] {dagbag.py:536} INFO - Filling up the DagBag from /home/airflow/.local/lib/python3.8/site-packages/airflow/example_dags/example_task_group_decorator.py
[2026-06-07T17:53:19.507+0000] {processor.py:839} INFO - DAG(s) dict_keys(['example_task_group_decorator']) retrieved from /home/airflow/.local/lib/python3.8/site-packages/airflow/example_dags/example_task_group_decorator.py
[2026-06-07T17:53:19.533+0000] {logging_mixin.py:154} INFO - [2026-06-07T17:53:19.533+0000] {dag.py:2941} INFO - Sync 1 DAGs
[2026-06-07T17:53:19.557+0000] {logging_mixin.py:154} INFO - [2026-06-07T17:53:19.557+0000] {dag.py:3722} INFO - Setting next_dagrun for example_task_group_decorator to 2026-06-06T17:53:19.557359+00:00, run_after=2026-06-07T17:53:19.557359+00:00
[2026-06-07T17:53:19.576+0000] {processor.py:179} INFO - Processing /home/airflow/.local/lib/python3.8/site-packages/airflow/example_dags/example_task_group_decorator.py took 0.107 seconds
[2026-06-07T17:53:50.412+0000] {processor.py:157} INFO - Started process (PID=1523) to work on /home/airflow/.local/lib/python3.8/site-packages/airflow/example_dags/example_task_group_decorator.py
[2026-06-07T17:53:50.428+0000] {processor.py:829} INFO - Processing file /home/airflow/.local/lib/python3.8/site-packages/airflow/example_dags/example_task_group_decorator.py for tasks to queue
[2026-06-07T17:53:50.429+0000] {logging_mixin.py:154} INFO - [2026-06-07T17:53:50.429+0000] {dagbag.py:536} INFO - Filling up the DagBag from /home/airflow/.local/lib/python3.8/site-packages/airflow/example_dags/example_task_group_decorator.py
[2026-06-07T17:53:50.502+0000] {processor.py:839} INFO - DAG(s) dict_keys(['example_task_group_decorator']) retrieved from /home/airflow/.local/lib/python3.8/site-packages/airflow/example_dags/example_task_group_decorator.py
[2026-06-07T17:53:50.574+0000] {logging_mixin.py:154} INFO - [2026-06-07T17:53:50.573+0000] {dag.py:2941} INFO - Sync 1 DAGs
[2026-06-07T17:53:50.641+0000] {logging_mixin.py:154} INFO - [2026-06-07T17:53:50.641+0000] {dag.py:3722} INFO - Setting next_dagrun for example_task_group_decorator to 2026-06-06T17:53:50.641269+00:00, run_after=2026-06-07T17:53:50.641269+00:00
[2026-06-07T17:53:50.688+0000] {processor.py:179} INFO - Processing /home/airflow/.local/lib/python3.8/site-packages/airflow/example_dags/example_task_group_decorator.py took 0.280 seconds
[2026-06-07T17:54:21.071+0000] {processor.py:157} INFO - Started process (PID=1579) to work on /home/airflow/.local/lib/python3.8/site-packages/airflow/example_dags/example_task_group_decorator.py
[2026-06-07T17:54:21.076+0000] {processor.py:829} INFO - Processing file /home/airflow/.local/lib/python3.8/site-packages/airflow/example_dags/example_task_group_decorator.py for tasks to queue
[2026-06-07T17:54:21.090+0000] {logging_mixin.py:154} INFO - [2026-06-07T17:54:21.090+0000] {dagbag.py:536} INFO - Filling up the DagBag from /home/airflow/.local/lib/python3.8/site-packages/airflow/example_dags/example_task_group_decorator.py
[2026-06-07T17:54:21.233+0000] {processor.py:839} INFO - DAG(s) dict_keys(['example_task_group_decorator']) retrieved from /home/airflow/.local/lib/python3.8/site-packages/airflow/example_dags/example_task_group_decorator.py
[2026-06-07T17:54:21.409+0000] {logging_mixin.py:154} INFO - [2026-06-07T17:54:21.408+0000] {dag.py:2941} INFO - Sync 1 DAGs
[2026-06-07T17:54:21.578+0000] {logging_mixin.py:154} INFO - [2026-06-07T17:54:21.577+0000] {dag.py:3722} INFO - Setting next_dagrun for example_task_group_decorator to 2026-06-06T17:54:21.577610+00:00, run_after=2026-06-07T17:54:21.577610+00:00
[2026-06-07T17:54:21.694+0000] {processor.py:179} INFO - Processing /home/airflow/.local/lib/python3.8/site-packages/airflow/example_dags/example_task_group_decorator.py took 0.651 seconds
[2026-06-07T17:54:52.042+0000] {processor.py:157} INFO - Started process (PID=1635) to work on /home/airflow/.local/lib/python3.8/site-packages/airflow/example_dags/example_task_group_decorator.py
[2026-06-07T17:54:52.057+0000] {processor.py:829} INFO - Processing file /home/airflow/.local/lib/python3.8/site-packages/airflow/example_dags/example_task_group_decorator.py for tasks to queue
[2026-06-07T17:54:52.058+0000] {logging_mixin.py:154} INFO - [2026-06-07T17:54:52.058+0000] {dagbag.py:536} INFO - Filling up the DagBag from /home/airflow/.local/lib/python3.8/site-packages/airflow/example_dags/example_task_group_decorator.py
[2026-06-07T17:54:52.099+0000] {processor.py:839} INFO - DAG(s) dict_keys(['example_task_group_decorator']) retrieved from /home/airflow/.local/lib/python3.8/site-packages/airflow/example_dags/example_task_group_decorator.py
[2026-06-07T17:54:52.193+0000] {logging_mixin.py:154} INFO - [2026-06-07T17:54:52.193+0000] {dag.py:2941} INFO - Sync 1 DAGs
[2026-06-07T17:54:52.279+0000] {logging_mixin.py:154} INFO - [2026-06-07T17:54:52.279+0000] {dag.py:3722} INFO - Setting next_dagrun for example_task_group_decorator to 2026-06-06T17:54:52.279264+00:00, run_after=2026-06-07T17:54:52.279264+00:00
[2026-06-07T17:54:52.323+0000] {processor.py:179} INFO - Processing /home/airflow/.local/lib/python3.8/site-packages/airflow/example_dags/example_task_group_decorator.py took 0.286 seconds
[2026-06-07T17:55:22.768+0000] {processor.py:157} INFO - Started process (PID=1691) to work on /home/airflow/.local/lib/python3.8/site-packages/airflow/example_dags/example_task_group_decorator.py
[2026-06-07T17:55:22.795+0000] {processor.py:829} INFO - Processing file /home/airflow/.local/lib/python3.8/site-packages/airflow/example_dags/example_task_group_decorator.py for tasks to queue
[2026-06-07T17:55:22.796+0000] {logging_mixin.py:154} INFO - [2026-06-07T17:55:22.796+0000] {dagbag.py:536} INFO - Filling up the DagBag from /home/airflow/.local/lib/python3.8/site-packages/airflow/example_dags/example_task_group_decorator.py
[2026-06-07T17:55:22.874+0000] {processor.py:839} INFO - DAG(s) dict_keys(['example_task_group_decorator']) retrieved from /home/airflow/.local/lib/python3.8/site-packages/airflow/example_dags/example_task_group_decorator.py
[2026-06-07T17:55:22.950+0000] {logging_mixin.py:154} INFO - [2026-06-07T17:55:22.949+0000] {dag.py:2941} INFO - Sync 1 DAGs
[2026-06-07T17:55:22.992+0000] {logging_mixin.py:154} INFO - [2026-06-07T17:55:22.992+0000] {dag.py:3722} INFO - Setting next_dagrun for example_task_group_decorator to 2026-06-06T17:55:22.991894+00:00, run_after=2026-06-07T17:55:22.991894+00:00
[2026-06-07T17:55:23.034+0000] {processor.py:179} INFO - Processing /home/airflow/.local/lib/python3.8/site-packages/airflow/example_dags/example_task_group_decorator.py took 0.273 seconds
[2026-06-07T17:55:53.166+0000] {processor.py:157} INFO - Started process (PID=1746) to work on /home/airflow/.local/lib/python3.8/site-packages/airflow/example_dags/example_task_group_decorator.py
[2026-06-07T17:55:53.167+0000] {processor.py:829} INFO - Processing file /home/airflow/.local/lib/python3.8/site-packages/airflow/example_dags/example_task_group_decorator.py for tasks to queue
[2026-06-07T17:55:53.168+0000] {logging_mixin.py:154} INFO - [2026-06-07T17:55:53.167+0000] {dagbag.py:536} INFO - Filling up the DagBag from /home/airflow/.local/lib/python3.8/site-packages/airflow/example_dags/example_task_group_decorator.py
[2026-06-07T17:55:53.186+0000] {processor.py:839} INFO - DAG(s) dict_keys(['example_task_group_decorator']) retrieved from /home/airflow/.local/lib/python3.8/site-packages/airflow/example_dags/example_task_group_decorator.py
[2026-06-07T17:55:53.214+0000] {logging_mixin.py:154} INFO - [2026-06-07T17:55:53.213+0000] {dag.py:2941} INFO - Sync 1 DAGs
[2026-06-07T17:55:53.237+0000] {logging_mixin.py:154} INFO - [2026-06-07T17:55:53.237+0000] {dag.py:3722} INFO - Setting next_dagrun for example_task_group_decorator to 2026-06-06T17:55:53.237467+00:00, run_after=2026-06-07T17:55:53.237467+00:00
[2026-06-07T17:55:53.258+0000] {processor.py:179} INFO - Processing /home/airflow/.local/lib/python3.8/site-packages/airflow/example_dags/example_task_group_decorator.py took 0.095 seconds
[2026-06-07T17:56:23.653+0000] {processor.py:157} INFO - Started process (PID=1802) to work on /home/airflow/.local/lib/python3.8/site-packages/airflow/example_dags/example_task_group_decorator.py
[2026-06-07T17:56:23.661+0000] {processor.py:829} INFO - Processing file /home/airflow/.local/lib/python3.8/site-packages/airflow/example_dags/example_task_group_decorator.py for tasks to queue
[2026-06-07T17:56:23.662+0000] {logging_mixin.py:154} INFO - [2026-06-07T17:56:23.661+0000] {dagbag.py:536} INFO - Filling up the DagBag from /home/airflow/.local/lib/python3.8/site-packages/airflow/example_dags/example_task_group_decorator.py
[2026-06-07T17:56:23.709+0000] {processor.py:839} INFO - DAG(s) dict_keys(['example_task_group_decorator']) retrieved from /home/airflow/.local/lib/python3.8/site-packages/airflow/example_dags/example_task_group_decorator.py
[2026-06-07T17:56:23.794+0000] {logging_mixin.py:154} INFO - [2026-06-07T17:56:23.793+0000] {dag.py:2941} INFO - Sync 1 DAGs
[2026-06-07T17:56:23.866+0000] {logging_mixin.py:154} INFO - [2026-06-07T17:56:23.865+0000] {dag.py:3722} INFO - Setting next_dagrun for example_task_group_decorator to 2026-06-06T17:56:23.865435+00:00, run_after=2026-06-07T17:56:23.865435+00:00
[2026-06-07T17:56:23.922+0000] {processor.py:179} INFO - Processing /home/airflow/.local/lib/python3.8/site-packages/airflow/example_dags/example_task_group_decorator.py took 0.275 seconds
[2026-06-07T17:56:54.074+0000] {processor.py:157} INFO - Started process (PID=1857) to work on /home/airflow/.local/lib/python3.8/site-packages/airflow/example_dags/example_task_group_decorator.py
[2026-06-07T17:56:54.075+0000] {processor.py:829} INFO - Processing file /home/airflow/.local/lib/python3.8/site-packages/airflow/example_dags/example_task_group_decorator.py for tasks to queue
[2026-06-07T17:56:54.076+0000] {logging_mixin.py:154} INFO - [2026-06-07T17:56:54.076+0000] {dagbag.py:536} INFO - Filling up the DagBag from /home/airflow/.local/lib/python3.8/site-packages/airflow/example_dags/example_task_group_decorator.py
[2026-06-07T17:56:54.094+0000] {processor.py:839} INFO - DAG(s) dict_keys(['example_task_group_decorator']) retrieved from /home/airflow/.local/lib/python3.8/site-packages/airflow/example_dags/example_task_group_decorator.py
[2026-06-07T17:56:54.121+0000] {logging_mixin.py:154} INFO - [2026-06-07T17:56:54.121+0000] {dag.py:2941} INFO - Sync 1 DAGs
[2026-06-07T17:56:54.152+0000] {logging_mixin.py:154} INFO - [2026-06-07T17:56:54.152+0000] {dag.py:3722} INFO - Setting next_dagrun for example_task_group_decorator to 2026-06-06T17:56:54.151995+00:00, run_after=2026-06-07T17:56:54.151995+00:00
[2026-06-07T17:56:54.188+0000] {processor.py:179} INFO - Processing /home/airflow/.local/lib/python3.8/site-packages/airflow/example_dags/example_task_group_decorator.py took 0.118 seconds
[2026-06-07T17:57:24.770+0000] {processor.py:157} INFO - Started process (PID=1914) to work on /home/airflow/.local/lib/python3.8/site-packages/airflow/example_dags/example_task_group_decorator.py
[2026-06-07T17:57:24.771+0000] {processor.py:829} INFO - Processing file /home/airflow/.local/lib/python3.8/site-packages/airflow/example_dags/example_task_group_decorator.py for tasks to queue
[2026-06-07T17:57:24.789+0000] {logging_mixin.py:154} INFO - [2026-06-07T17:57:24.772+0000] {dagbag.py:536} INFO - Filling up the DagBag from /home/airflow/.local/lib/python3.8/site-packages/airflow/example_dags/example_task_group_decorator.py
[2026-06-07T17:57:24.980+0000] {processor.py:839} INFO - DAG(s) dict_keys(['example_task_group_decorator']) retrieved from /home/airflow/.local/lib/python3.8/site-packages/airflow/example_dags/example_task_group_decorator.py
[2026-06-07T17:57:25.089+0000] {logging_mixin.py:154} INFO - [2026-06-07T17:57:25.089+0000] {dag.py:2941} INFO - Sync 1 DAGs
[2026-06-07T17:57:25.198+0000] {logging_mixin.py:154} INFO - [2026-06-07T17:57:25.197+0000] {dag.py:3722} INFO - Setting next_dagrun for example_task_group_decorator to 2026-06-06T17:57:25.197524+00:00, run_after=2026-06-07T17:57:25.197524+00:00
[2026-06-07T17:57:25.279+0000] {processor.py:179} INFO - Processing /home/airflow/.local/lib/python3.8/site-packages/airflow/example_dags/example_task_group_decorator.py took 0.516 seconds
[2026-06-07T17:57:55.884+0000] {processor.py:157} INFO - Started process (PID=1970) to work on /home/airflow/.local/lib/python3.8/site-packages/airflow/example_dags/example_task_group_decorator.py
[2026-06-07T17:57:55.886+0000] {processor.py:829} INFO - Processing file /home/airflow/.local/lib/python3.8/site-packages/airflow/example_dags/example_task_group_decorator.py for tasks to queue
[2026-06-07T17:57:55.887+0000] {logging_mixin.py:154} INFO - [2026-06-07T17:57:55.887+0000] {dagbag.py:536} INFO - Filling up the DagBag from /home/airflow/.local/lib/python3.8/site-packages/airflow/example_dags/example_task_group_decorator.py
[2026-06-07T17:57:55.913+0000] {processor.py:839} INFO - DAG(s) dict_keys(['example_task_group_decorator']) retrieved from /home/airflow/.local/lib/python3.8/site-packages/airflow/example_dags/example_task_group_decorator.py
[2026-06-07T17:57:55.952+0000] {logging_mixin.py:154} INFO - [2026-06-07T17:57:55.952+0000] {dag.py:2941} INFO - Sync 1 DAGs
[2026-06-07T17:57:55.987+0000] {logging_mixin.py:154} INFO - [2026-06-07T17:57:55.987+0000] {dag.py:3722} INFO - Setting next_dagrun for example_task_group_decorator to 2026-06-06T17:57:55.987309+00:00, run_after=2026-06-07T17:57:55.987309+00:00
[2026-06-07T17:57:56.012+0000] {processor.py:179} INFO - Processing /home/airflow/.local/lib/python3.8/site-packages/airflow/example_dags/example_task_group_decorator.py took 0.132 seconds
[2026-06-07T17:58:26.171+0000] {processor.py:157} INFO - Started process (PID=2024) to work on /home/airflow/.local/lib/python3.8/site-packages/airflow/example_dags/example_task_group_decorator.py
[2026-06-07T17:58:26.172+0000] {processor.py:829} INFO - Processing file /home/airflow/.local/lib/python3.8/site-packages/airflow/example_dags/example_task_group_decorator.py for tasks to queue
[2026-06-07T17:58:26.173+0000] {logging_mixin.py:154} INFO - [2026-06-07T17:58:26.172+0000] {dagbag.py:536} INFO - Filling up the DagBag from /home/airflow/.local/lib/python3.8/site-packages/airflow/example_dags/example_task_group_decorator.py
[2026-06-07T17:58:26.190+0000] {processor.py:839} INFO - DAG(s) dict_keys(['example_task_group_decorator']) retrieved from /home/airflow/.local/lib/python3.8/site-packages/airflow/example_dags/example_task_group_decorator.py
[2026-06-07T17:58:26.218+0000] {logging_mixin.py:154} INFO - [2026-06-07T17:58:26.218+0000] {dag.py:2941} INFO - Sync 1 DAGs
[2026-06-07T17:58:26.241+0000] {logging_mixin.py:154} INFO - [2026-06-07T17:58:26.241+0000] {dag.py:3722} INFO - Setting next_dagrun for example_task_group_decorator to 2026-06-06T17:58:26.241315+00:00, run_after=2026-06-07T17:58:26.241315+00:00
[2026-06-07T17:58:26.261+0000] {processor.py:179} INFO - Processing /home/airflow/.local/lib/python3.8/site-packages/airflow/example_dags/example_task_group_decorator.py took 0.094 seconds
[2026-06-07T17:58:56.330+0000] {processor.py:157} INFO - Started process (PID=2080) to work on /home/airflow/.local/lib/python3.8/site-packages/airflow/example_dags/example_task_group_decorator.py
[2026-06-07T17:58:56.333+0000] {processor.py:829} INFO - Processing file /home/airflow/.local/lib/python3.8/site-packages/airflow/example_dags/example_task_group_decorator.py for tasks to queue
[2026-06-07T17:58:56.334+0000] {logging_mixin.py:154} INFO - [2026-06-07T17:58:56.333+0000] {dagbag.py:536} INFO - Filling up the DagBag from /home/airflow/.local/lib/python3.8/site-packages/airflow/example_dags/example_task_group_decorator.py
[2026-06-07T17:58:56.359+0000] {processor.py:839} INFO - DAG(s) dict_keys(['example_task_group_decorator']) retrieved from /home/airflow/.local/lib/python3.8/site-packages/airflow/example_dags/example_task_group_decorator.py
[2026-06-07T17:58:56.398+0000] {logging_mixin.py:154} INFO - [2026-06-07T17:58:56.398+0000] {dag.py:2941} INFO - Sync 1 DAGs
[2026-06-07T17:58:56.431+0000] {logging_mixin.py:154} INFO - [2026-06-07T17:58:56.431+0000] {dag.py:3722} INFO - Setting next_dagrun for example_task_group_decorator to 2026-06-06T17:58:56.430904+00:00, run_after=2026-06-07T17:58:56.430904+00:00
[2026-06-07T17:58:56.459+0000] {processor.py:179} INFO - Processing /home/airflow/.local/lib/python3.8/site-packages/airflow/example_dags/example_task_group_decorator.py took 0.133 seconds
[2026-06-07T17:59:26.577+0000] {processor.py:157} INFO - Started process (PID=2133) to work on /home/airflow/.local/lib/python3.8/site-packages/airflow/example_dags/example_task_group_decorator.py
[2026-06-07T17:59:26.578+0000] {processor.py:829} INFO - Processing file /home/airflow/.local/lib/python3.8/site-packages/airflow/example_dags/example_task_group_decorator.py for tasks to queue
[2026-06-07T17:59:26.579+0000] {logging_mixin.py:154} INFO - [2026-06-07T17:59:26.579+0000] {dagbag.py:536} INFO - Filling up the DagBag from /home/airflow/.local/lib/python3.8/site-packages/airflow/example_dags/example_task_group_decorator.py
[2026-06-07T17:59:26.625+0000] {processor.py:839} INFO - DAG(s) dict_keys(['example_task_group_decorator']) retrieved from /home/airflow/.local/lib/python3.8/site-packages/airflow/example_dags/example_task_group_decorator.py
[2026-06-07T17:59:26.684+0000] {logging_mixin.py:154} INFO - [2026-06-07T17:59:26.683+0000] {dag.py:2941} INFO - Sync 1 DAGs
[2026-06-07T17:59:26.744+0000] {logging_mixin.py:154} INFO - [2026-06-07T17:59:26.744+0000] {dag.py:3722} INFO - Setting next_dagrun for example_task_group_decorator to 2026-06-06T17:59:26.743803+00:00, run_after=2026-06-07T17:59:26.743803+00:00
[2026-06-07T17:59:26.785+0000] {processor.py:179} INFO - Processing /home/airflow/.local/lib/python3.8/site-packages/airflow/example_dags/example_task_group_decorator.py took 0.222 seconds
[2026-06-07T17:59:57.256+0000] {processor.py:157} INFO - Started process (PID=2189) to work on /home/airflow/.local/lib/python3.8/site-packages/airflow/example_dags/example_task_group_decorator.py
[2026-06-07T17:59:57.266+0000] {processor.py:829} INFO - Processing file /home/airflow/.local/lib/python3.8/site-packages/airflow/example_dags/example_task_group_decorator.py for tasks to queue
[2026-06-07T17:59:57.267+0000] {logging_mixin.py:154} INFO - [2026-06-07T17:59:57.267+0000] {dagbag.py:536} INFO - Filling up the DagBag from /home/airflow/.local/lib/python3.8/site-packages/airflow/example_dags/example_task_group_decorator.py
[2026-06-07T17:59:57.326+0000] {processor.py:839} INFO - DAG(s) dict_keys(['example_task_group_decorator']) retrieved from /home/airflow/.local/lib/python3.8/site-packages/airflow/example_dags/example_task_group_decorator.py
[2026-06-07T17:59:57.383+0000] {logging_mixin.py:154} INFO - [2026-06-07T17:59:57.383+0000] {dag.py:2941} INFO - Sync 1 DAGs
[2026-06-07T17:59:57.446+0000] {logging_mixin.py:154} INFO - [2026-06-07T17:59:57.445+0000] {dag.py:3722} INFO - Setting next_dagrun for example_task_group_decorator to 2026-06-06T17:59:57.445466+00:00, run_after=2026-06-07T17:59:57.445466+00:00
[2026-06-07T17:59:57.510+0000] {processor.py:179} INFO - Processing /home/airflow/.local/lib/python3.8/site-packages/airflow/example_dags/example_task_group_decorator.py took 0.259 seconds
[2026-06-07T18:00:28.502+0000] {processor.py:157} INFO - Started process (PID=2245) to work on /home/airflow/.local/lib/python3.8/site-packages/airflow/example_dags/example_task_group_decorator.py
[2026-06-07T18:00:28.503+0000] {processor.py:829} INFO - Processing file /home/airflow/.local/lib/python3.8/site-packages/airflow/example_dags/example_task_group_decorator.py for tasks to queue
[2026-06-07T18:00:28.504+0000] {logging_mixin.py:154} INFO - [2026-06-07T18:00:28.504+0000] {dagbag.py:536} INFO - Filling up the DagBag from /home/airflow/.local/lib/python3.8/site-packages/airflow/example_dags/example_task_group_decorator.py
[2026-06-07T18:00:28.522+0000] {processor.py:839} INFO - DAG(s) dict_keys(['example_task_group_decorator']) retrieved from /home/airflow/.local/lib/python3.8/site-packages/airflow/example_dags/example_task_group_decorator.py
[2026-06-07T18:00:28.548+0000] {logging_mixin.py:154} INFO - [2026-06-07T18:00:28.548+0000] {dag.py:2941} INFO - Sync 1 DAGs
[2026-06-07T18:00:28.573+0000] {logging_mixin.py:154} INFO - [2026-06-07T18:00:28.573+0000] {dag.py:3722} INFO - Setting next_dagrun for example_task_group_decorator to 2026-06-06T18:00:28.573086+00:00, run_after=2026-06-07T18:00:28.573086+00:00
[2026-06-07T18:00:28.593+0000] {processor.py:179} INFO - Processing /home/airflow/.local/lib/python3.8/site-packages/airflow/example_dags/example_task_group_decorator.py took 0.095 seconds
[2026-06-07T18:00:59.365+0000] {processor.py:157} INFO - Started process (PID=2300) to work on /home/airflow/.local/lib/python3.8/site-packages/airflow/example_dags/example_task_group_decorator.py
[2026-06-07T18:00:59.369+0000] {processor.py:829} INFO - Processing file /home/airflow/.local/lib/python3.8/site-packages/airflow/example_dags/example_task_group_decorator.py for tasks to queue
[2026-06-07T18:00:59.369+0000] {logging_mixin.py:154} INFO - [2026-06-07T18:00:59.369+0000] {dagbag.py:536} INFO - Filling up the DagBag from /home/airflow/.local/lib/python3.8/site-packages/airflow/example_dags/example_task_group_decorator.py
[2026-06-07T18:00:59.389+0000] {processor.py:839} INFO - DAG(s) dict_keys(['example_task_group_decorator']) retrieved from /home/airflow/.local/lib/python3.8/site-packages/airflow/example_dags/example_task_group_decorator.py
[2026-06-07T18:00:59.416+0000] {logging_mixin.py:154} INFO - [2026-06-07T18:00:59.416+0000] {dag.py:2941} INFO - Sync 1 DAGs
[2026-06-07T18:00:59.441+0000] {logging_mixin.py:154} INFO - [2026-06-07T18:00:59.440+0000] {dag.py:3722} INFO - Setting next_dagrun for example_task_group_decorator to 2026-06-06T18:00:59.440618+00:00, run_after=2026-06-07T18:00:59.440618+00:00
[2026-06-07T18:00:59.476+0000] {processor.py:179} INFO - Processing /home/airflow/.local/lib/python3.8/site-packages/airflow/example_dags/example_task_group_decorator.py took 0.114 seconds
[2026-06-07T18:01:29.898+0000] {processor.py:157} INFO - Started process (PID=2356) to work on /home/airflow/.local/lib/python3.8/site-packages/airflow/example_dags/example_task_group_decorator.py
[2026-06-07T18:01:29.899+0000] {processor.py:829} INFO - Processing file /home/airflow/.local/lib/python3.8/site-packages/airflow/example_dags/example_task_group_decorator.py for tasks to queue
[2026-06-07T18:01:29.899+0000] {logging_mixin.py:154} INFO - [2026-06-07T18:01:29.899+0000] {dagbag.py:536} INFO - Filling up the DagBag from /home/airflow/.local/lib/python3.8/site-packages/airflow/example_dags/example_task_group_decorator.py
[2026-06-07T18:01:29.917+0000] {processor.py:839} INFO - DAG(s) dict_keys(['example_task_group_decorator']) retrieved from /home/airflow/.local/lib/python3.8/site-packages/airflow/example_dags/example_task_group_decorator.py
[2026-06-07T18:01:29.947+0000] {logging_mixin.py:154} INFO - [2026-06-07T18:01:29.947+0000] {dag.py:2941} INFO - Sync 1 DAGs
[2026-06-07T18:01:29.971+0000] {logging_mixin.py:154} INFO - [2026-06-07T18:01:29.970+0000] {dag.py:3722} INFO - Setting next_dagrun for example_task_group_decorator to 2026-06-06T18:01:29.970704+00:00, run_after=2026-06-07T18:01:29.970704+00:00
[2026-06-07T18:01:29.993+0000] {processor.py:179} INFO - Processing /home/airflow/.local/lib/python3.8/site-packages/airflow/example_dags/example_task_group_decorator.py took 0.099 seconds
[2026-06-07T18:02:00.368+0000] {processor.py:157} INFO - Started process (PID=2411) to work on /home/airflow/.local/lib/python3.8/site-packages/airflow/example_dags/example_task_group_decorator.py
[2026-06-07T18:02:00.381+0000] {processor.py:829} INFO - Processing file /home/airflow/.local/lib/python3.8/site-packages/airflow/example_dags/example_task_group_decorator.py for tasks to queue
[2026-06-07T18:02:00.382+0000] {logging_mixin.py:154} INFO - [2026-06-07T18:02:00.381+0000] {dagbag.py:536} INFO - Filling up the DagBag from /home/airflow/.local/lib/python3.8/site-packages/airflow/example_dags/example_task_group_decorator.py
[2026-06-07T18:02:00.431+0000] {processor.py:839} INFO - DAG(s) dict_keys(['example_task_group_decorator']) retrieved from /home/airflow/.local/lib/python3.8/site-packages/airflow/example_dags/example_task_group_decorator.py
[2026-06-07T18:02:00.509+0000] {logging_mixin.py:154} INFO - [2026-06-07T18:02:00.508+0000] {dag.py:2941} INFO - Sync 1 DAGs
[2026-06-07T18:02:00.586+0000] {logging_mixin.py:154} INFO - [2026-06-07T18:02:00.585+0000] {dag.py:3722} INFO - Setting next_dagrun for example_task_group_decorator to 2026-06-06T18:02:00.585535+00:00, run_after=2026-06-07T18:02:00.585535+00:00
[2026-06-07T18:02:00.635+0000] {processor.py:179} INFO - Processing /home/airflow/.local/lib/python3.8/site-packages/airflow/example_dags/example_task_group_decorator.py took 0.272 seconds
[2026-06-07T18:02:31.297+0000] {processor.py:157} INFO - Started process (PID=2467) to work on /home/airflow/.local/lib/python3.8/site-packages/airflow/example_dags/example_task_group_decorator.py
[2026-06-07T18:02:31.298+0000] {processor.py:829} INFO - Processing file /home/airflow/.local/lib/python3.8/site-packages/airflow/example_dags/example_task_group_decorator.py for tasks to queue
[2026-06-07T18:02:31.299+0000] {logging_mixin.py:154} INFO - [2026-06-07T18:02:31.299+0000] {dagbag.py:536} INFO - Filling up the DagBag from /home/airflow/.local/lib/python3.8/site-packages/airflow/example_dags/example_task_group_decorator.py
[2026-06-07T18:02:31.355+0000] {processor.py:839} INFO - DAG(s) dict_keys(['example_task_group_decorator']) retrieved from /home/airflow/.local/lib/python3.8/site-packages/airflow/example_dags/example_task_group_decorator.py
[2026-06-07T18:02:31.462+0000] {logging_mixin.py:154} INFO - [2026-06-07T18:02:31.462+0000] {dag.py:2941} INFO - Sync 1 DAGs
[2026-06-07T18:02:31.531+0000] {logging_mixin.py:154} INFO - [2026-06-07T18:02:31.531+0000] {dag.py:3722} INFO - Setting next_dagrun for example_task_group_decorator to 2026-06-06T18:02:31.530963+00:00, run_after=2026-06-07T18:02:31.530963+00:00
[2026-06-07T18:02:31.583+0000] {processor.py:179} INFO - Processing /home/airflow/.local/lib/python3.8/site-packages/airflow/example_dags/example_task_group_decorator.py took 0.299 seconds
[2026-06-07T18:03:01.666+0000] {processor.py:157} INFO - Started process (PID=2523) to work on /home/airflow/.local/lib/python3.8/site-packages/airflow/example_dags/example_task_group_decorator.py
[2026-06-07T18:03:01.669+0000] {processor.py:829} INFO - Processing file /home/airflow/.local/lib/python3.8/site-packages/airflow/example_dags/example_task_group_decorator.py for tasks to queue
[2026-06-07T18:03:01.670+0000] {logging_mixin.py:154} INFO - [2026-06-07T18:03:01.670+0000] {dagbag.py:536} INFO - Filling up the DagBag from /home/airflow/.local/lib/python3.8/site-packages/airflow/example_dags/example_task_group_decorator.py
[2026-06-07T18:03:01.704+0000] {processor.py:839} INFO - DAG(s) dict_keys(['example_task_group_decorator']) retrieved from /home/airflow/.local/lib/python3.8/site-packages/airflow/example_dags/example_task_group_decorator.py
[2026-06-07T18:03:01.758+0000] {logging_mixin.py:154} INFO - [2026-06-07T18:03:01.758+0000] {dag.py:2941} INFO - Sync 1 DAGs
[2026-06-07T18:03:01.792+0000] {logging_mixin.py:154} INFO - [2026-06-07T18:03:01.792+0000] {dag.py:3722} INFO - Setting next_dagrun for example_task_group_decorator to 2026-06-06T18:03:01.791939+00:00, run_after=2026-06-07T18:03:01.791939+00:00
[2026-06-07T18:03:01.829+0000] {processor.py:179} INFO - Processing /home/airflow/.local/lib/python3.8/site-packages/airflow/example_dags/example_task_group_decorator.py took 0.172 seconds
[2026-06-07T18:03:32.001+0000] {processor.py:157} INFO - Started process (PID=2578) to work on /home/airflow/.local/lib/python3.8/site-packages/airflow/example_dags/example_task_group_decorator.py
[2026-06-07T18:03:32.010+0000] {processor.py:829} INFO - Processing file /home/airflow/.local/lib/python3.8/site-packages/airflow/example_dags/example_task_group_decorator.py for tasks to queue
[2026-06-07T18:03:32.011+0000] {logging_mixin.py:154} INFO - [2026-06-07T18:03:32.011+0000] {dagbag.py:536} INFO - Filling up the DagBag from /home/airflow/.local/lib/python3.8/site-packages/airflow/example_dags/example_task_group_decorator.py
[2026-06-07T18:03:32.303+0000] {processor.py:839} INFO - DAG(s) dict_keys(['example_task_group_decorator']) retrieved from /home/airflow/.local/lib/python3.8/site-packages/airflow/example_dags/example_task_group_decorator.py
[2026-06-07T18:03:32.436+0000] {logging_mixin.py:154} INFO - [2026-06-07T18:03:32.435+0000] {dag.py:2941} INFO - Sync 1 DAGs
[2026-06-07T18:03:32.539+0000] {logging_mixin.py:154} INFO - [2026-06-07T18:03:32.539+0000] {dag.py:3722} INFO - Setting next_dagrun for example_task_group_decorator to 2026-06-06T18:03:32.538907+00:00, run_after=2026-06-07T18:03:32.538907+00:00
[2026-06-07T18:03:32.602+0000] {processor.py:179} INFO - Processing /home/airflow/.local/lib/python3.8/site-packages/airflow/example_dags/example_task_group_decorator.py took 0.643 seconds
[2026-06-07T18:11:06.976+0000] {processor.py:157} INFO - Started process (PID=60) to work on /home/airflow/.local/lib/python3.8/site-packages/airflow/example_dags/example_task_group_decorator.py
[2026-06-07T18:11:06.993+0000] {processor.py:829} INFO - Processing file /home/airflow/.local/lib/python3.8/site-packages/airflow/example_dags/example_task_group_decorator.py for tasks to queue
[2026-06-07T18:11:07.011+0000] {logging_mixin.py:154} INFO - [2026-06-07T18:11:07.011+0000] {dagbag.py:536} INFO - Filling up the DagBag from /home/airflow/.local/lib/python3.8/site-packages/airflow/example_dags/example_task_group_decorator.py
[2026-06-07T18:11:07.262+0000] {processor.py:839} INFO - DAG(s) dict_keys(['example_task_group_decorator']) retrieved from /home/airflow/.local/lib/python3.8/site-packages/airflow/example_dags/example_task_group_decorator.py
[2026-06-07T18:11:07.569+0000] {logging_mixin.py:154} INFO - [2026-06-07T18:11:07.568+0000] {dag.py:2941} INFO - Sync 1 DAGs
[2026-06-07T18:11:07.808+0000] {logging_mixin.py:154} INFO - [2026-06-07T18:11:07.808+0000] {dag.py:3722} INFO - Setting next_dagrun for example_task_group_decorator to 2026-06-06T18:11:07.807942+00:00, run_after=2026-06-07T18:11:07.807942+00:00
[2026-06-07T18:11:08.055+0000] {processor.py:179} INFO - Processing /home/airflow/.local/lib/python3.8/site-packages/airflow/example_dags/example_task_group_decorator.py took 1.132 seconds
[2026-06-07T18:11:48.635+0000] {processor.py:157} INFO - Started process (PID=115) to work on /home/airflow/.local/lib/python3.8/site-packages/airflow/example_dags/example_task_group_decorator.py
[2026-06-07T18:11:48.667+0000] {processor.py:829} INFO - Processing file /home/airflow/.local/lib/python3.8/site-packages/airflow/example_dags/example_task_group_decorator.py for tasks to queue
[2026-06-07T18:11:48.670+0000] {logging_mixin.py:154} INFO - [2026-06-07T18:11:48.669+0000] {dagbag.py:536} INFO - Filling up the DagBag from /home/airflow/.local/lib/python3.8/site-packages/airflow/example_dags/example_task_group_decorator.py
[2026-06-07T18:11:48.914+0000] {processor.py:839} INFO - DAG(s) dict_keys(['example_task_group_decorator']) retrieved from /home/airflow/.local/lib/python3.8/site-packages/airflow/example_dags/example_task_group_decorator.py
[2026-06-07T18:11:49.245+0000] {logging_mixin.py:154} INFO - [2026-06-07T18:11:49.244+0000] {dag.py:2941} INFO - Sync 1 DAGs
[2026-06-07T18:11:49.500+0000] {logging_mixin.py:154} INFO - [2026-06-07T18:11:49.500+0000] {dag.py:3722} INFO - Setting next_dagrun for example_task_group_decorator to 2026-06-06T18:11:49.499933+00:00, run_after=2026-06-07T18:11:49.499933+00:00
[2026-06-07T18:11:49.711+0000] {processor.py:179} INFO - Processing /home/airflow/.local/lib/python3.8/site-packages/airflow/example_dags/example_task_group_decorator.py took 1.157 seconds
[2026-06-07T18:15:18.062+0000] {processor.py:157} INFO - Started process (PID=177) to work on /home/airflow/.local/lib/python3.8/site-packages/airflow/example_dags/example_task_group_decorator.py
[2026-06-07T18:15:18.109+0000] {processor.py:829} INFO - Processing file /home/airflow/.local/lib/python3.8/site-packages/airflow/example_dags/example_task_group_decorator.py for tasks to queue
[2026-06-07T18:15:18.147+0000] {logging_mixin.py:154} INFO - [2026-06-07T18:15:18.110+0000] {dagbag.py:536} INFO - Filling up the DagBag from /home/airflow/.local/lib/python3.8/site-packages/airflow/example_dags/example_task_group_decorator.py
[2026-06-07T18:15:18.383+0000] {processor.py:839} INFO - DAG(s) dict_keys(['example_task_group_decorator']) retrieved from /home/airflow/.local/lib/python3.8/site-packages/airflow/example_dags/example_task_group_decorator.py
[2026-06-07T18:15:19.864+0000] {logging_mixin.py:154} INFO - [2026-06-07T18:15:19.863+0000] {dag.py:2941} INFO - Sync 1 DAGs
[2026-06-07T18:15:20.005+0000] {logging_mixin.py:154} INFO - [2026-06-07T18:15:20.005+0000] {dag.py:3722} INFO - Setting next_dagrun for example_task_group_decorator to 2026-06-06T18:15:19.966472+00:00, run_after=2026-06-07T18:15:19.966472+00:00
[2026-06-07T18:15:20.107+0000] {processor.py:179} INFO - Processing /home/airflow/.local/lib/python3.8/site-packages/airflow/example_dags/example_task_group_decorator.py took 2.122 seconds
[2026-06-07T18:23:14.902+0000] {processor.py:157} INFO - Started process (PID=66) to work on /home/airflow/.local/lib/python3.8/site-packages/airflow/example_dags/example_task_group_decorator.py
[2026-06-07T18:23:14.912+0000] {processor.py:829} INFO - Processing file /home/airflow/.local/lib/python3.8/site-packages/airflow/example_dags/example_task_group_decorator.py for tasks to queue
[2026-06-07T18:23:14.917+0000] {logging_mixin.py:154} INFO - [2026-06-07T18:23:14.917+0000] {dagbag.py:536} INFO - Filling up the DagBag from /home/airflow/.local/lib/python3.8/site-packages/airflow/example_dags/example_task_group_decorator.py
[2026-06-07T18:23:15.205+0000] {processor.py:839} INFO - DAG(s) dict_keys(['example_task_group_decorator']) retrieved from /home/airflow/.local/lib/python3.8/site-packages/airflow/example_dags/example_task_group_decorator.py
[2026-06-07T18:23:15.934+0000] {logging_mixin.py:154} INFO - [2026-06-07T18:23:15.909+0000] {dag.py:2941} INFO - Sync 1 DAGs
[2026-06-07T18:23:16.249+0000] {logging_mixin.py:154} INFO - [2026-06-07T18:23:16.249+0000] {dag.py:3722} INFO - Setting next_dagrun for example_task_group_decorator to 2026-06-06T18:23:16.248715+00:00, run_after=2026-06-07T18:23:16.248715+00:00
[2026-06-07T18:23:16.562+0000] {processor.py:179} INFO - Processing /home/airflow/.local/lib/python3.8/site-packages/airflow/example_dags/example_task_group_decorator.py took 1.677 seconds
[2026-06-07T18:24:00.532+0000] {processor.py:157} INFO - Started process (PID=122) to work on /home/airflow/.local/lib/python3.8/site-packages/airflow/example_dags/example_task_group_decorator.py
[2026-06-07T18:24:00.553+0000] {processor.py:829} INFO - Processing file /home/airflow/.local/lib/python3.8/site-packages/airflow/example_dags/example_task_group_decorator.py for tasks to queue
[2026-06-07T18:24:00.579+0000] {logging_mixin.py:154} INFO - [2026-06-07T18:24:00.578+0000] {dagbag.py:536} INFO - Filling up the DagBag from /home/airflow/.local/lib/python3.8/site-packages/airflow/example_dags/example_task_group_decorator.py
[2026-06-07T18:24:00.792+0000] {processor.py:839} INFO - DAG(s) dict_keys(['example_task_group_decorator']) retrieved from /home/airflow/.local/lib/python3.8/site-packages/airflow/example_dags/example_task_group_decorator.py
[2026-06-07T18:24:00.965+0000] {logging_mixin.py:154} INFO - [2026-06-07T18:24:00.964+0000] {dag.py:2941} INFO - Sync 1 DAGs
[2026-06-07T18:24:01.107+0000] {logging_mixin.py:154} INFO - [2026-06-07T18:24:01.107+0000] {dag.py:3722} INFO - Setting next_dagrun for example_task_group_decorator to 2026-06-06T18:24:01.107028+00:00, run_after=2026-06-07T18:24:01.107028+00:00
[2026-06-07T18:24:01.255+0000] {processor.py:179} INFO - Processing /home/airflow/.local/lib/python3.8/site-packages/airflow/example_dags/example_task_group_decorator.py took 0.762 seconds
[2026-06-07T18:24:38.229+0000] {processor.py:157} INFO - Started process (PID=177) to work on /home/airflow/.local/lib/python3.8/site-packages/airflow/example_dags/example_task_group_decorator.py
[2026-06-07T18:24:38.258+0000] {processor.py:829} INFO - Processing file /home/airflow/.local/lib/python3.8/site-packages/airflow/example_dags/example_task_group_decorator.py for tasks to queue
[2026-06-07T18:24:38.318+0000] {logging_mixin.py:154} INFO - [2026-06-07T18:24:38.284+0000] {dagbag.py:536} INFO - Filling up the DagBag from /home/airflow/.local/lib/python3.8/site-packages/airflow/example_dags/example_task_group_decorator.py
[2026-06-07T18:24:38.476+0000] {processor.py:839} INFO - DAG(s) dict_keys(['example_task_group_decorator']) retrieved from /home/airflow/.local/lib/python3.8/site-packages/airflow/example_dags/example_task_group_decorator.py
[2026-06-07T18:24:38.847+0000] {logging_mixin.py:154} INFO - [2026-06-07T18:24:38.847+0000] {dag.py:2941} INFO - Sync 1 DAGs
[2026-06-07T18:24:39.118+0000] {logging_mixin.py:154} INFO - [2026-06-07T18:24:39.117+0000] {dag.py:3722} INFO - Setting next_dagrun for example_task_group_decorator to 2026-06-06T18:24:39.117511+00:00, run_after=2026-06-07T18:24:39.117511+00:00
[2026-06-07T18:24:39.329+0000] {processor.py:179} INFO - Processing /home/airflow/.local/lib/python3.8/site-packages/airflow/example_dags/example_task_group_decorator.py took 1.133 seconds
[2026-06-07T18:40:51.940+0000] {processor.py:157} INFO - Started process (PID=54) to work on /home/airflow/.local/lib/python3.8/site-packages/airflow/example_dags/example_task_group_decorator.py
[2026-06-07T18:40:51.977+0000] {processor.py:829} INFO - Processing file /home/airflow/.local/lib/python3.8/site-packages/airflow/example_dags/example_task_group_decorator.py for tasks to queue
[2026-06-07T18:40:51.982+0000] {logging_mixin.py:154} INFO - [2026-06-07T18:40:51.982+0000] {dagbag.py:536} INFO - Filling up the DagBag from /home/airflow/.local/lib/python3.8/site-packages/airflow/example_dags/example_task_group_decorator.py
[2026-06-07T18:40:52.132+0000] {processor.py:839} INFO - DAG(s) dict_keys(['example_task_group_decorator']) retrieved from /home/airflow/.local/lib/python3.8/site-packages/airflow/example_dags/example_task_group_decorator.py
[2026-06-07T18:40:53.489+0000] {logging_mixin.py:154} INFO - [2026-06-07T18:40:53.488+0000] {manager.py:499} INFO - Created Permission View: %s
[2026-06-07T18:40:53.567+0000] {logging_mixin.py:154} INFO - [2026-06-07T18:40:53.567+0000] {manager.py:499} INFO - Created Permission View: %s
[2026-06-07T18:40:53.597+0000] {logging_mixin.py:154} INFO - [2026-06-07T18:40:53.596+0000] {manager.py:499} INFO - Created Permission View: %s
[2026-06-07T18:40:53.602+0000] {logging_mixin.py:154} INFO - [2026-06-07T18:40:53.602+0000] {dag.py:2941} INFO - Sync 1 DAGs
[2026-06-07T18:40:53.683+0000] {logging_mixin.py:154} INFO - [2026-06-07T18:40:53.682+0000] {dag.py:2963} INFO - Creating ORM DAG for example_task_group_decorator
[2026-06-07T18:40:53.755+0000] {logging_mixin.py:154} INFO - [2026-06-07T18:40:53.755+0000] {dag.py:3722} INFO - Setting next_dagrun for example_task_group_decorator to 2026-06-06T18:40:53.754732+00:00, run_after=2026-06-07T18:40:53.754732+00:00
[2026-06-07T18:40:53.878+0000] {processor.py:179} INFO - Processing /home/airflow/.local/lib/python3.8/site-packages/airflow/example_dags/example_task_group_decorator.py took 1.942 seconds
[2026-06-07T18:41:23.987+0000] {processor.py:157} INFO - Started process (PID=110) to work on /home/airflow/.local/lib/python3.8/site-packages/airflow/example_dags/example_task_group_decorator.py
[2026-06-07T18:41:23.994+0000] {processor.py:829} INFO - Processing file /home/airflow/.local/lib/python3.8/site-packages/airflow/example_dags/example_task_group_decorator.py for tasks to queue
[2026-06-07T18:41:23.997+0000] {logging_mixin.py:154} INFO - [2026-06-07T18:41:23.997+0000] {dagbag.py:536} INFO - Filling up the DagBag from /home/airflow/.local/lib/python3.8/site-packages/airflow/example_dags/example_task_group_decorator.py
[2026-06-07T18:41:24.043+0000] {processor.py:839} INFO - DAG(s) dict_keys(['example_task_group_decorator']) retrieved from /home/airflow/.local/lib/python3.8/site-packages/airflow/example_dags/example_task_group_decorator.py
[2026-06-07T18:41:24.087+0000] {logging_mixin.py:154} INFO - [2026-06-07T18:41:24.086+0000] {dag.py:2941} INFO - Sync 1 DAGs
[2026-06-07T18:41:24.115+0000] {logging_mixin.py:154} INFO - [2026-06-07T18:41:24.114+0000] {dag.py:3722} INFO - Setting next_dagrun for example_task_group_decorator to 2026-06-06T18:41:24.114567+00:00, run_after=2026-06-07T18:41:24.114567+00:00
[2026-06-07T18:41:24.137+0000] {processor.py:179} INFO - Processing /home/airflow/.local/lib/python3.8/site-packages/airflow/example_dags/example_task_group_decorator.py took 0.155 seconds
[2026-06-07T18:41:54.225+0000] {processor.py:157} INFO - Started process (PID=166) to work on /home/airflow/.local/lib/python3.8/site-packages/airflow/example_dags/example_task_group_decorator.py
[2026-06-07T18:41:54.226+0000] {processor.py:829} INFO - Processing file /home/airflow/.local/lib/python3.8/site-packages/airflow/example_dags/example_task_group_decorator.py for tasks to queue
[2026-06-07T18:41:54.229+0000] {logging_mixin.py:154} INFO - [2026-06-07T18:41:54.228+0000] {dagbag.py:536} INFO - Filling up the DagBag from /home/airflow/.local/lib/python3.8/site-packages/airflow/example_dags/example_task_group_decorator.py
[2026-06-07T18:41:54.245+0000] {processor.py:839} INFO - DAG(s) dict_keys(['example_task_group_decorator']) retrieved from /home/airflow/.local/lib/python3.8/site-packages/airflow/example_dags/example_task_group_decorator.py
[2026-06-07T18:41:54.272+0000] {logging_mixin.py:154} INFO - [2026-06-07T18:41:54.272+0000] {dag.py:2941} INFO - Sync 1 DAGs
[2026-06-07T18:41:54.295+0000] {logging_mixin.py:154} INFO - [2026-06-07T18:41:54.294+0000] {dag.py:3722} INFO - Setting next_dagrun for example_task_group_decorator to 2026-06-06T18:41:54.294518+00:00, run_after=2026-06-07T18:41:54.294518+00:00
[2026-06-07T18:41:54.313+0000] {processor.py:179} INFO - Processing /home/airflow/.local/lib/python3.8/site-packages/airflow/example_dags/example_task_group_decorator.py took 0.092 seconds
[2026-06-07T18:42:24.771+0000] {processor.py:157} INFO - Started process (PID=222) to work on /home/airflow/.local/lib/python3.8/site-packages/airflow/example_dags/example_task_group_decorator.py
[2026-06-07T18:42:24.772+0000] {processor.py:829} INFO - Processing file /home/airflow/.local/lib/python3.8/site-packages/airflow/example_dags/example_task_group_decorator.py for tasks to queue
[2026-06-07T18:42:24.787+0000] {logging_mixin.py:154} INFO - [2026-06-07T18:42:24.786+0000] {dagbag.py:536} INFO - Filling up the DagBag from /home/airflow/.local/lib/python3.8/site-packages/airflow/example_dags/example_task_group_decorator.py
[2026-06-07T18:42:24.898+0000] {processor.py:839} INFO - DAG(s) dict_keys(['example_task_group_decorator']) retrieved from /home/airflow/.local/lib/python3.8/site-packages/airflow/example_dags/example_task_group_decorator.py
[2026-06-07T18:42:25.073+0000] {logging_mixin.py:154} INFO - [2026-06-07T18:42:25.073+0000] {dag.py:2941} INFO - Sync 1 DAGs
[2026-06-07T18:42:25.152+0000] {logging_mixin.py:154} INFO - [2026-06-07T18:42:25.152+0000] {dag.py:3722} INFO - Setting next_dagrun for example_task_group_decorator to 2026-06-06T18:42:25.152288+00:00, run_after=2026-06-07T18:42:25.152288+00:00
[2026-06-07T18:42:25.209+0000] {processor.py:179} INFO - Processing /home/airflow/.local/lib/python3.8/site-packages/airflow/example_dags/example_task_group_decorator.py took 0.443 seconds
[2026-06-07T18:42:56.197+0000] {processor.py:157} INFO - Started process (PID=278) to work on /home/airflow/.local/lib/python3.8/site-packages/airflow/example_dags/example_task_group_decorator.py
[2026-06-07T18:42:56.199+0000] {processor.py:829} INFO - Processing file /home/airflow/.local/lib/python3.8/site-packages/airflow/example_dags/example_task_group_decorator.py for tasks to queue
[2026-06-07T18:42:56.202+0000] {logging_mixin.py:154} INFO - [2026-06-07T18:42:56.202+0000] {dagbag.py:536} INFO - Filling up the DagBag from /home/airflow/.local/lib/python3.8/site-packages/airflow/example_dags/example_task_group_decorator.py
[2026-06-07T18:42:56.239+0000] {processor.py:839} INFO - DAG(s) dict_keys(['example_task_group_decorator']) retrieved from /home/airflow/.local/lib/python3.8/site-packages/airflow/example_dags/example_task_group_decorator.py
[2026-06-07T18:42:56.280+0000] {logging_mixin.py:154} INFO - [2026-06-07T18:42:56.280+0000] {dag.py:2941} INFO - Sync 1 DAGs
[2026-06-07T18:42:56.314+0000] {logging_mixin.py:154} INFO - [2026-06-07T18:42:56.314+0000] {dag.py:3722} INFO - Setting next_dagrun for example_task_group_decorator to 2026-06-06T18:42:56.313755+00:00, run_after=2026-06-07T18:42:56.313755+00:00
[2026-06-07T18:42:56.343+0000] {processor.py:179} INFO - Processing /home/airflow/.local/lib/python3.8/site-packages/airflow/example_dags/example_task_group_decorator.py took 0.151 seconds
[2026-06-07T18:43:29.098+0000] {processor.py:157} INFO - Started process (PID=334) to work on /home/airflow/.local/lib/python3.8/site-packages/airflow/example_dags/example_task_group_decorator.py
[2026-06-07T18:43:29.102+0000] {processor.py:829} INFO - Processing file /home/airflow/.local/lib/python3.8/site-packages/airflow/example_dags/example_task_group_decorator.py for tasks to queue
[2026-06-07T18:43:29.114+0000] {logging_mixin.py:154} INFO - [2026-06-07T18:43:29.114+0000] {dagbag.py:536} INFO - Filling up the DagBag from /home/airflow/.local/lib/python3.8/site-packages/airflow/example_dags/example_task_group_decorator.py
[2026-06-07T18:43:29.216+0000] {processor.py:839} INFO - DAG(s) dict_keys(['example_task_group_decorator']) retrieved from /home/airflow/.local/lib/python3.8/site-packages/airflow/example_dags/example_task_group_decorator.py
[2026-06-07T18:43:29.406+0000] {logging_mixin.py:154} INFO - [2026-06-07T18:43:29.405+0000] {dag.py:2941} INFO - Sync 1 DAGs
[2026-06-07T18:43:29.571+0000] {logging_mixin.py:154} INFO - [2026-06-07T18:43:29.571+0000] {dag.py:3722} INFO - Setting next_dagrun for example_task_group_decorator to 2026-06-06T18:43:29.570762+00:00, run_after=2026-06-07T18:43:29.570762+00:00
[2026-06-07T18:43:29.727+0000] {processor.py:179} INFO - Processing /home/airflow/.local/lib/python3.8/site-packages/airflow/example_dags/example_task_group_decorator.py took 0.656 seconds
[2026-06-07T18:44:00.492+0000] {processor.py:157} INFO - Started process (PID=387) to work on /home/airflow/.local/lib/python3.8/site-packages/airflow/example_dags/example_task_group_decorator.py
[2026-06-07T18:44:00.497+0000] {processor.py:829} INFO - Processing file /home/airflow/.local/lib/python3.8/site-packages/airflow/example_dags/example_task_group_decorator.py for tasks to queue
[2026-06-07T18:44:00.500+0000] {logging_mixin.py:154} INFO - [2026-06-07T18:44:00.500+0000] {dagbag.py:536} INFO - Filling up the DagBag from /home/airflow/.local/lib/python3.8/site-packages/airflow/example_dags/example_task_group_decorator.py
[2026-06-07T18:44:00.524+0000] {processor.py:839} INFO - DAG(s) dict_keys(['example_task_group_decorator']) retrieved from /home/airflow/.local/lib/python3.8/site-packages/airflow/example_dags/example_task_group_decorator.py
[2026-06-07T18:44:00.563+0000] {logging_mixin.py:154} INFO - [2026-06-07T18:44:00.563+0000] {dag.py:2941} INFO - Sync 1 DAGs
[2026-06-07T18:44:00.594+0000] {logging_mixin.py:154} INFO - [2026-06-07T18:44:00.594+0000] {dag.py:3722} INFO - Setting next_dagrun for example_task_group_decorator to 2026-06-06T18:44:00.593957+00:00, run_after=2026-06-07T18:44:00.593957+00:00
[2026-06-07T18:44:00.614+0000] {processor.py:179} INFO - Processing /home/airflow/.local/lib/python3.8/site-packages/airflow/example_dags/example_task_group_decorator.py took 0.128 seconds
[2026-06-07T18:44:31.012+0000] {processor.py:157} INFO - Started process (PID=443) to work on /home/airflow/.local/lib/python3.8/site-packages/airflow/example_dags/example_task_group_decorator.py
[2026-06-07T18:44:31.013+0000] {processor.py:829} INFO - Processing file /home/airflow/.local/lib/python3.8/site-packages/airflow/example_dags/example_task_group_decorator.py for tasks to queue
[2026-06-07T18:44:31.015+0000] {logging_mixin.py:154} INFO - [2026-06-07T18:44:31.015+0000] {dagbag.py:536} INFO - Filling up the DagBag from /home/airflow/.local/lib/python3.8/site-packages/airflow/example_dags/example_task_group_decorator.py
[2026-06-07T18:44:31.032+0000] {processor.py:839} INFO - DAG(s) dict_keys(['example_task_group_decorator']) retrieved from /home/airflow/.local/lib/python3.8/site-packages/airflow/example_dags/example_task_group_decorator.py
[2026-06-07T18:44:31.061+0000] {logging_mixin.py:154} INFO - [2026-06-07T18:44:31.061+0000] {dag.py:2941} INFO - Sync 1 DAGs
[2026-06-07T18:44:31.086+0000] {logging_mixin.py:154} INFO - [2026-06-07T18:44:31.085+0000] {dag.py:3722} INFO - Setting next_dagrun for example_task_group_decorator to 2026-06-06T18:44:31.085622+00:00, run_after=2026-06-07T18:44:31.085622+00:00
[2026-06-07T18:44:31.106+0000] {processor.py:179} INFO - Processing /home/airflow/.local/lib/python3.8/site-packages/airflow/example_dags/example_task_group_decorator.py took 0.098 seconds
[2026-06-07T18:45:01.263+0000] {processor.py:157} INFO - Started process (PID=497) to work on /home/airflow/.local/lib/python3.8/site-packages/airflow/example_dags/example_task_group_decorator.py
[2026-06-07T18:45:01.269+0000] {processor.py:829} INFO - Processing file /home/airflow/.local/lib/python3.8/site-packages/airflow/example_dags/example_task_group_decorator.py for tasks to queue
[2026-06-07T18:45:01.272+0000] {logging_mixin.py:154} INFO - [2026-06-07T18:45:01.271+0000] {dagbag.py:536} INFO - Filling up the DagBag from /home/airflow/.local/lib/python3.8/site-packages/airflow/example_dags/example_task_group_decorator.py
[2026-06-07T18:45:01.339+0000] {processor.py:839} INFO - DAG(s) dict_keys(['example_task_group_decorator']) retrieved from /home/airflow/.local/lib/python3.8/site-packages/airflow/example_dags/example_task_group_decorator.py
[2026-06-07T18:45:01.423+0000] {logging_mixin.py:154} INFO - [2026-06-07T18:45:01.423+0000] {dag.py:2941} INFO - Sync 1 DAGs
[2026-06-07T18:45:01.457+0000] {logging_mixin.py:154} INFO - [2026-06-07T18:45:01.457+0000] {dag.py:3722} INFO - Setting next_dagrun for example_task_group_decorator to 2026-06-06T18:45:01.456765+00:00, run_after=2026-06-07T18:45:01.456765+00:00
[2026-06-07T18:45:01.503+0000] {processor.py:179} INFO - Processing /home/airflow/.local/lib/python3.8/site-packages/airflow/example_dags/example_task_group_decorator.py took 0.249 seconds
[2026-06-07T18:45:31.553+0000] {processor.py:157} INFO - Started process (PID=553) to work on /home/airflow/.local/lib/python3.8/site-packages/airflow/example_dags/example_task_group_decorator.py
[2026-06-07T18:45:31.554+0000] {processor.py:829} INFO - Processing file /home/airflow/.local/lib/python3.8/site-packages/airflow/example_dags/example_task_group_decorator.py for tasks to queue
[2026-06-07T18:45:31.556+0000] {logging_mixin.py:154} INFO - [2026-06-07T18:45:31.556+0000] {dagbag.py:536} INFO - Filling up the DagBag from /home/airflow/.local/lib/python3.8/site-packages/airflow/example_dags/example_task_group_decorator.py
[2026-06-07T18:45:31.572+0000] {processor.py:839} INFO - DAG(s) dict_keys(['example_task_group_decorator']) retrieved from /home/airflow/.local/lib/python3.8/site-packages/airflow/example_dags/example_task_group_decorator.py
[2026-06-07T18:45:31.601+0000] {logging_mixin.py:154} INFO - [2026-06-07T18:45:31.600+0000] {dag.py:2941} INFO - Sync 1 DAGs
[2026-06-07T18:45:31.648+0000] {logging_mixin.py:154} INFO - [2026-06-07T18:45:31.647+0000] {dag.py:3722} INFO - Setting next_dagrun for example_task_group_decorator to 2026-06-06T18:45:31.647122+00:00, run_after=2026-06-07T18:45:31.647122+00:00
[2026-06-07T18:45:31.682+0000] {processor.py:179} INFO - Processing /home/airflow/.local/lib/python3.8/site-packages/airflow/example_dags/example_task_group_decorator.py took 0.133 seconds
[2026-06-07T18:46:01.961+0000] {processor.py:157} INFO - Started process (PID=609) to work on /home/airflow/.local/lib/python3.8/site-packages/airflow/example_dags/example_task_group_decorator.py
[2026-06-07T18:46:01.970+0000] {processor.py:829} INFO - Processing file /home/airflow/.local/lib/python3.8/site-packages/airflow/example_dags/example_task_group_decorator.py for tasks to queue
[2026-06-07T18:46:01.981+0000] {logging_mixin.py:154} INFO - [2026-06-07T18:46:01.981+0000] {dagbag.py:536} INFO - Filling up the DagBag from /home/airflow/.local/lib/python3.8/site-packages/airflow/example_dags/example_task_group_decorator.py
[2026-06-07T18:46:02.044+0000] {processor.py:839} INFO - DAG(s) dict_keys(['example_task_group_decorator']) retrieved from /home/airflow/.local/lib/python3.8/site-packages/airflow/example_dags/example_task_group_decorator.py
[2026-06-07T18:46:02.135+0000] {logging_mixin.py:154} INFO - [2026-06-07T18:46:02.134+0000] {dag.py:2941} INFO - Sync 1 DAGs
[2026-06-07T18:46:02.199+0000] {logging_mixin.py:154} INFO - [2026-06-07T18:46:02.199+0000] {dag.py:3722} INFO - Setting next_dagrun for example_task_group_decorator to 2026-06-06T18:46:02.198770+00:00, run_after=2026-06-07T18:46:02.198770+00:00
[2026-06-07T18:46:02.273+0000] {processor.py:179} INFO - Processing /home/airflow/.local/lib/python3.8/site-packages/airflow/example_dags/example_task_group_decorator.py took 0.317 seconds
[2026-06-07T18:46:32.906+0000] {processor.py:157} INFO - Started process (PID=665) to work on /home/airflow/.local/lib/python3.8/site-packages/airflow/example_dags/example_task_group_decorator.py
[2026-06-07T18:46:32.908+0000] {processor.py:829} INFO - Processing file /home/airflow/.local/lib/python3.8/site-packages/airflow/example_dags/example_task_group_decorator.py for tasks to queue
[2026-06-07T18:46:32.912+0000] {logging_mixin.py:154} INFO - [2026-06-07T18:46:32.911+0000] {dagbag.py:536} INFO - Filling up the DagBag from /home/airflow/.local/lib/python3.8/site-packages/airflow/example_dags/example_task_group_decorator.py
[2026-06-07T18:46:32.936+0000] {processor.py:839} INFO - DAG(s) dict_keys(['example_task_group_decorator']) retrieved from /home/airflow/.local/lib/python3.8/site-packages/airflow/example_dags/example_task_group_decorator.py
[2026-06-07T18:46:32.973+0000] {logging_mixin.py:154} INFO - [2026-06-07T18:46:32.972+0000] {dag.py:2941} INFO - Sync 1 DAGs
[2026-06-07T18:46:33.007+0000] {logging_mixin.py:154} INFO - [2026-06-07T18:46:33.006+0000] {dag.py:3722} INFO - Setting next_dagrun for example_task_group_decorator to 2026-06-06T18:46:33.006451+00:00, run_after=2026-06-07T18:46:33.006451+00:00
[2026-06-07T18:46:33.033+0000] {processor.py:179} INFO - Processing /home/airflow/.local/lib/python3.8/site-packages/airflow/example_dags/example_task_group_decorator.py took 0.134 seconds
[2026-06-07T18:47:03.277+0000] {processor.py:157} INFO - Started process (PID=721) to work on /home/airflow/.local/lib/python3.8/site-packages/airflow/example_dags/example_task_group_decorator.py
[2026-06-07T18:47:03.278+0000] {processor.py:829} INFO - Processing file /home/airflow/.local/lib/python3.8/site-packages/airflow/example_dags/example_task_group_decorator.py for tasks to queue
[2026-06-07T18:47:03.281+0000] {logging_mixin.py:154} INFO - [2026-06-07T18:47:03.281+0000] {dagbag.py:536} INFO - Filling up the DagBag from /home/airflow/.local/lib/python3.8/site-packages/airflow/example_dags/example_task_group_decorator.py
[2026-06-07T18:47:03.326+0000] {processor.py:839} INFO - DAG(s) dict_keys(['example_task_group_decorator']) retrieved from /home/airflow/.local/lib/python3.8/site-packages/airflow/example_dags/example_task_group_decorator.py
[2026-06-07T18:47:03.394+0000] {logging_mixin.py:154} INFO - [2026-06-07T18:47:03.393+0000] {dag.py:2941} INFO - Sync 1 DAGs
[2026-06-07T18:47:03.441+0000] {logging_mixin.py:154} INFO - [2026-06-07T18:47:03.441+0000] {dag.py:3722} INFO - Setting next_dagrun for example_task_group_decorator to 2026-06-06T18:47:03.440689+00:00, run_after=2026-06-07T18:47:03.440689+00:00
[2026-06-07T18:47:03.476+0000] {processor.py:179} INFO - Processing /home/airflow/.local/lib/python3.8/site-packages/airflow/example_dags/example_task_group_decorator.py took 0.209 seconds
[2026-06-07T18:47:33.677+0000] {processor.py:157} INFO - Started process (PID=777) to work on /home/airflow/.local/lib/python3.8/site-packages/airflow/example_dags/example_task_group_decorator.py
[2026-06-07T18:47:33.678+0000] {processor.py:829} INFO - Processing file /home/airflow/.local/lib/python3.8/site-packages/airflow/example_dags/example_task_group_decorator.py for tasks to queue
[2026-06-07T18:47:33.681+0000] {logging_mixin.py:154} INFO - [2026-06-07T18:47:33.681+0000] {dagbag.py:536} INFO - Filling up the DagBag from /home/airflow/.local/lib/python3.8/site-packages/airflow/example_dags/example_task_group_decorator.py
[2026-06-07T18:47:33.704+0000] {processor.py:839} INFO - DAG(s) dict_keys(['example_task_group_decorator']) retrieved from /home/airflow/.local/lib/python3.8/site-packages/airflow/example_dags/example_task_group_decorator.py
[2026-06-07T18:47:33.743+0000] {logging_mixin.py:154} INFO - [2026-06-07T18:47:33.742+0000] {dag.py:2941} INFO - Sync 1 DAGs
[2026-06-07T18:47:33.777+0000] {logging_mixin.py:154} INFO - [2026-06-07T18:47:33.777+0000] {dag.py:3722} INFO - Setting next_dagrun for example_task_group_decorator to 2026-06-06T18:47:33.776613+00:00, run_after=2026-06-07T18:47:33.776613+00:00
[2026-06-07T18:47:33.803+0000] {processor.py:179} INFO - Processing /home/airflow/.local/lib/python3.8/site-packages/airflow/example_dags/example_task_group_decorator.py took 0.131 seconds
[2026-06-07T18:48:04.252+0000] {processor.py:157} INFO - Started process (PID=832) to work on /home/airflow/.local/lib/python3.8/site-packages/airflow/example_dags/example_task_group_decorator.py
[2026-06-07T18:48:04.253+0000] {processor.py:829} INFO - Processing file /home/airflow/.local/lib/python3.8/site-packages/airflow/example_dags/example_task_group_decorator.py for tasks to queue
[2026-06-07T18:48:04.257+0000] {logging_mixin.py:154} INFO - [2026-06-07T18:48:04.257+0000] {dagbag.py:536} INFO - Filling up the DagBag from /home/airflow/.local/lib/python3.8/site-packages/airflow/example_dags/example_task_group_decorator.py
[2026-06-07T18:48:04.287+0000] {processor.py:839} INFO - DAG(s) dict_keys(['example_task_group_decorator']) retrieved from /home/airflow/.local/lib/python3.8/site-packages/airflow/example_dags/example_task_group_decorator.py
[2026-06-07T18:48:04.325+0000] {logging_mixin.py:154} INFO - [2026-06-07T18:48:04.324+0000] {dag.py:2941} INFO - Sync 1 DAGs
[2026-06-07T18:48:04.358+0000] {logging_mixin.py:154} INFO - [2026-06-07T18:48:04.358+0000] {dag.py:3722} INFO - Setting next_dagrun for example_task_group_decorator to 2026-06-06T18:48:04.357796+00:00, run_after=2026-06-07T18:48:04.357796+00:00
[2026-06-07T18:48:04.383+0000] {processor.py:179} INFO - Processing /home/airflow/.local/lib/python3.8/site-packages/airflow/example_dags/example_task_group_decorator.py took 0.137 seconds
[2026-06-07T18:48:34.786+0000] {processor.py:157} INFO - Started process (PID=888) to work on /home/airflow/.local/lib/python3.8/site-packages/airflow/example_dags/example_task_group_decorator.py
[2026-06-07T18:48:34.788+0000] {processor.py:829} INFO - Processing file /home/airflow/.local/lib/python3.8/site-packages/airflow/example_dags/example_task_group_decorator.py for tasks to queue
[2026-06-07T18:48:34.798+0000] {logging_mixin.py:154} INFO - [2026-06-07T18:48:34.798+0000] {dagbag.py:536} INFO - Filling up the DagBag from /home/airflow/.local/lib/python3.8/site-packages/airflow/example_dags/example_task_group_decorator.py
[2026-06-07T18:48:34.821+0000] {processor.py:839} INFO - DAG(s) dict_keys(['example_task_group_decorator']) retrieved from /home/airflow/.local/lib/python3.8/site-packages/airflow/example_dags/example_task_group_decorator.py
[2026-06-07T18:48:34.859+0000] {logging_mixin.py:154} INFO - [2026-06-07T18:48:34.858+0000] {dag.py:2941} INFO - Sync 1 DAGs
[2026-06-07T18:48:34.894+0000] {logging_mixin.py:154} INFO - [2026-06-07T18:48:34.893+0000] {dag.py:3722} INFO - Setting next_dagrun for example_task_group_decorator to 2026-06-06T18:48:34.893567+00:00, run_after=2026-06-07T18:48:34.893567+00:00
[2026-06-07T18:48:34.920+0000] {processor.py:179} INFO - Processing /home/airflow/.local/lib/python3.8/site-packages/airflow/example_dags/example_task_group_decorator.py took 0.138 seconds
[2026-06-07T18:49:04.983+0000] {processor.py:157} INFO - Started process (PID=942) to work on /home/airflow/.local/lib/python3.8/site-packages/airflow/example_dags/example_task_group_decorator.py
[2026-06-07T18:49:04.985+0000] {processor.py:829} INFO - Processing file /home/airflow/.local/lib/python3.8/site-packages/airflow/example_dags/example_task_group_decorator.py for tasks to queue
[2026-06-07T18:49:04.988+0000] {logging_mixin.py:154} INFO - [2026-06-07T18:49:04.987+0000] {dagbag.py:536} INFO - Filling up the DagBag from /home/airflow/.local/lib/python3.8/site-packages/airflow/example_dags/example_task_group_decorator.py
[2026-06-07T18:49:05.005+0000] {processor.py:839} INFO - DAG(s) dict_keys(['example_task_group_decorator']) retrieved from /home/airflow/.local/lib/python3.8/site-packages/airflow/example_dags/example_task_group_decorator.py
[2026-06-07T18:49:05.034+0000] {logging_mixin.py:154} INFO - [2026-06-07T18:49:05.034+0000] {dag.py:2941} INFO - Sync 1 DAGs
[2026-06-07T18:49:05.059+0000] {logging_mixin.py:154} INFO - [2026-06-07T18:49:05.059+0000] {dag.py:3722} INFO - Setting next_dagrun for example_task_group_decorator to 2026-06-06T18:49:05.058869+00:00, run_after=2026-06-07T18:49:05.058869+00:00
[2026-06-07T18:49:05.081+0000] {processor.py:179} INFO - Processing /home/airflow/.local/lib/python3.8/site-packages/airflow/example_dags/example_task_group_decorator.py took 0.103 seconds
[2026-06-07T18:49:35.747+0000] {processor.py:157} INFO - Started process (PID=998) to work on /home/airflow/.local/lib/python3.8/site-packages/airflow/example_dags/example_task_group_decorator.py
[2026-06-07T18:49:35.748+0000] {processor.py:829} INFO - Processing file /home/airflow/.local/lib/python3.8/site-packages/airflow/example_dags/example_task_group_decorator.py for tasks to queue
[2026-06-07T18:49:35.751+0000] {logging_mixin.py:154} INFO - [2026-06-07T18:49:35.750+0000] {dagbag.py:536} INFO - Filling up the DagBag from /home/airflow/.local/lib/python3.8/site-packages/airflow/example_dags/example_task_group_decorator.py
[2026-06-07T18:49:35.815+0000] {processor.py:839} INFO - DAG(s) dict_keys(['example_task_group_decorator']) retrieved from /home/airflow/.local/lib/python3.8/site-packages/airflow/example_dags/example_task_group_decorator.py
[2026-06-07T18:49:35.903+0000] {logging_mixin.py:154} INFO - [2026-06-07T18:49:35.902+0000] {dag.py:2941} INFO - Sync 1 DAGs
[2026-06-07T18:49:36.386+0000] {logging_mixin.py:154} INFO - [2026-06-07T18:49:36.386+0000] {dag.py:3722} INFO - Setting next_dagrun for example_task_group_decorator to 2026-06-06T18:49:36.385968+00:00, run_after=2026-06-07T18:49:36.385968+00:00
[2026-06-07T18:49:36.433+0000] {processor.py:179} INFO - Processing /home/airflow/.local/lib/python3.8/site-packages/airflow/example_dags/example_task_group_decorator.py took 0.705 seconds
[2026-06-07T18:50:06.892+0000] {processor.py:157} INFO - Started process (PID=1054) to work on /home/airflow/.local/lib/python3.8/site-packages/airflow/example_dags/example_task_group_decorator.py
[2026-06-07T18:50:06.895+0000] {processor.py:829} INFO - Processing file /home/airflow/.local/lib/python3.8/site-packages/airflow/example_dags/example_task_group_decorator.py for tasks to queue
[2026-06-07T18:50:06.898+0000] {logging_mixin.py:154} INFO - [2026-06-07T18:50:06.897+0000] {dagbag.py:536} INFO - Filling up the DagBag from /home/airflow/.local/lib/python3.8/site-packages/airflow/example_dags/example_task_group_decorator.py
[2026-06-07T18:50:06.920+0000] {processor.py:839} INFO - DAG(s) dict_keys(['example_task_group_decorator']) retrieved from /home/airflow/.local/lib/python3.8/site-packages/airflow/example_dags/example_task_group_decorator.py
[2026-06-07T18:50:06.960+0000] {logging_mixin.py:154} INFO - [2026-06-07T18:50:06.960+0000] {dag.py:2941} INFO - Sync 1 DAGs
[2026-06-07T18:50:07.000+0000] {logging_mixin.py:154} INFO - [2026-06-07T18:50:07.000+0000] {dag.py:3722} INFO - Setting next_dagrun for example_task_group_decorator to 2026-06-06T18:50:06.999792+00:00, run_after=2026-06-07T18:50:06.999792+00:00
[2026-06-07T18:50:07.041+0000] {processor.py:179} INFO - Processing /home/airflow/.local/lib/python3.8/site-packages/airflow/example_dags/example_task_group_decorator.py took 0.154 seconds
[2026-06-07T18:50:37.846+0000] {processor.py:157} INFO - Started process (PID=1109) to work on /home/airflow/.local/lib/python3.8/site-packages/airflow/example_dags/example_task_group_decorator.py
[2026-06-07T18:50:37.847+0000] {processor.py:829} INFO - Processing file /home/airflow/.local/lib/python3.8/site-packages/airflow/example_dags/example_task_group_decorator.py for tasks to queue
[2026-06-07T18:50:37.850+0000] {logging_mixin.py:154} INFO - [2026-06-07T18:50:37.850+0000] {dagbag.py:536} INFO - Filling up the DagBag from /home/airflow/.local/lib/python3.8/site-packages/airflow/example_dags/example_task_group_decorator.py
[2026-06-07T18:50:37.876+0000] {processor.py:839} INFO - DAG(s) dict_keys(['example_task_group_decorator']) retrieved from /home/airflow/.local/lib/python3.8/site-packages/airflow/example_dags/example_task_group_decorator.py
[2026-06-07T18:50:37.914+0000] {logging_mixin.py:154} INFO - [2026-06-07T18:50:37.914+0000] {dag.py:2941} INFO - Sync 1 DAGs
[2026-06-07T18:50:37.948+0000] {logging_mixin.py:154} INFO - [2026-06-07T18:50:37.948+0000] {dag.py:3722} INFO - Setting next_dagrun for example_task_group_decorator to 2026-06-06T18:50:37.947762+00:00, run_after=2026-06-07T18:50:37.947762+00:00
[2026-06-07T18:50:37.974+0000] {processor.py:179} INFO - Processing /home/airflow/.local/lib/python3.8/site-packages/airflow/example_dags/example_task_group_decorator.py took 0.133 seconds
[2026-06-07T18:51:08.382+0000] {processor.py:157} INFO - Started process (PID=1165) to work on /home/airflow/.local/lib/python3.8/site-packages/airflow/example_dags/example_task_group_decorator.py
[2026-06-07T18:51:08.385+0000] {processor.py:829} INFO - Processing file /home/airflow/.local/lib/python3.8/site-packages/airflow/example_dags/example_task_group_decorator.py for tasks to queue
[2026-06-07T18:51:08.388+0000] {logging_mixin.py:154} INFO - [2026-06-07T18:51:08.387+0000] {dagbag.py:536} INFO - Filling up the DagBag from /home/airflow/.local/lib/python3.8/site-packages/airflow/example_dags/example_task_group_decorator.py
[2026-06-07T18:51:08.411+0000] {processor.py:839} INFO - DAG(s) dict_keys(['example_task_group_decorator']) retrieved from /home/airflow/.local/lib/python3.8/site-packages/airflow/example_dags/example_task_group_decorator.py
[2026-06-07T18:51:08.451+0000] {logging_mixin.py:154} INFO - [2026-06-07T18:51:08.450+0000] {dag.py:2941} INFO - Sync 1 DAGs
[2026-06-07T18:51:08.485+0000] {logging_mixin.py:154} INFO - [2026-06-07T18:51:08.485+0000] {dag.py:3722} INFO - Setting next_dagrun for example_task_group_decorator to 2026-06-06T18:51:08.485272+00:00, run_after=2026-06-07T18:51:08.485272+00:00
[2026-06-07T18:51:08.511+0000] {processor.py:179} INFO - Processing /home/airflow/.local/lib/python3.8/site-packages/airflow/example_dags/example_task_group_decorator.py took 0.134 seconds
[2026-06-07T18:51:39.189+0000] {processor.py:157} INFO - Started process (PID=1221) to work on /home/airflow/.local/lib/python3.8/site-packages/airflow/example_dags/example_task_group_decorator.py
[2026-06-07T18:51:39.190+0000] {processor.py:829} INFO - Processing file /home/airflow/.local/lib/python3.8/site-packages/airflow/example_dags/example_task_group_decorator.py for tasks to queue
[2026-06-07T18:51:39.192+0000] {logging_mixin.py:154} INFO - [2026-06-07T18:51:39.192+0000] {dagbag.py:536} INFO - Filling up the DagBag from /home/airflow/.local/lib/python3.8/site-packages/airflow/example_dags/example_task_group_decorator.py
[2026-06-07T18:51:39.210+0000] {processor.py:839} INFO - DAG(s) dict_keys(['example_task_group_decorator']) retrieved from /home/airflow/.local/lib/python3.8/site-packages/airflow/example_dags/example_task_group_decorator.py
[2026-06-07T18:51:39.236+0000] {logging_mixin.py:154} INFO - [2026-06-07T18:51:39.236+0000] {dag.py:2941} INFO - Sync 1 DAGs
[2026-06-07T18:51:39.260+0000] {logging_mixin.py:154} INFO - [2026-06-07T18:51:39.260+0000] {dag.py:3722} INFO - Setting next_dagrun for example_task_group_decorator to 2026-06-06T18:51:39.259864+00:00, run_after=2026-06-07T18:51:39.259864+00:00
[2026-06-07T18:51:39.475+0000] {processor.py:179} INFO - Processing /home/airflow/.local/lib/python3.8/site-packages/airflow/example_dags/example_task_group_decorator.py took 0.289 seconds
[2026-06-07T18:52:09.846+0000] {processor.py:157} INFO - Started process (PID=1281) to work on /home/airflow/.local/lib/python3.8/site-packages/airflow/example_dags/example_task_group_decorator.py
[2026-06-07T18:52:09.848+0000] {processor.py:829} INFO - Processing file /home/airflow/.local/lib/python3.8/site-packages/airflow/example_dags/example_task_group_decorator.py for tasks to queue
[2026-06-07T18:52:09.850+0000] {logging_mixin.py:154} INFO - [2026-06-07T18:52:09.850+0000] {dagbag.py:536} INFO - Filling up the DagBag from /home/airflow/.local/lib/python3.8/site-packages/airflow/example_dags/example_task_group_decorator.py
[2026-06-07T18:52:09.865+0000] {processor.py:839} INFO - DAG(s) dict_keys(['example_task_group_decorator']) retrieved from /home/airflow/.local/lib/python3.8/site-packages/airflow/example_dags/example_task_group_decorator.py
[2026-06-07T18:52:09.899+0000] {logging_mixin.py:154} INFO - [2026-06-07T18:52:09.899+0000] {dag.py:2941} INFO - Sync 1 DAGs
[2026-06-07T18:52:09.944+0000] {logging_mixin.py:154} INFO - [2026-06-07T18:52:09.944+0000] {dag.py:3722} INFO - Setting next_dagrun for example_task_group_decorator to 2026-06-06T18:52:09.943858+00:00, run_after=2026-06-07T18:52:09.943858+00:00
[2026-06-07T18:52:09.980+0000] {processor.py:179} INFO - Processing /home/airflow/.local/lib/python3.8/site-packages/airflow/example_dags/example_task_group_decorator.py took 0.137 seconds
[2026-06-07T18:52:40.049+0000] {processor.py:157} INFO - Started process (PID=1337) to work on /home/airflow/.local/lib/python3.8/site-packages/airflow/example_dags/example_task_group_decorator.py
[2026-06-07T18:52:40.051+0000] {processor.py:829} INFO - Processing file /home/airflow/.local/lib/python3.8/site-packages/airflow/example_dags/example_task_group_decorator.py for tasks to queue
[2026-06-07T18:52:40.054+0000] {logging_mixin.py:154} INFO - [2026-06-07T18:52:40.053+0000] {dagbag.py:536} INFO - Filling up the DagBag from /home/airflow/.local/lib/python3.8/site-packages/airflow/example_dags/example_task_group_decorator.py
[2026-06-07T18:52:40.092+0000] {processor.py:839} INFO - DAG(s) dict_keys(['example_task_group_decorator']) retrieved from /home/airflow/.local/lib/python3.8/site-packages/airflow/example_dags/example_task_group_decorator.py
[2026-06-07T18:52:40.136+0000] {logging_mixin.py:154} INFO - [2026-06-07T18:52:40.135+0000] {dag.py:2941} INFO - Sync 1 DAGs
[2026-06-07T18:52:40.176+0000] {logging_mixin.py:154} INFO - [2026-06-07T18:52:40.176+0000] {dag.py:3722} INFO - Setting next_dagrun for example_task_group_decorator to 2026-06-06T18:52:40.175790+00:00, run_after=2026-06-07T18:52:40.175790+00:00
[2026-06-07T18:52:40.205+0000] {processor.py:179} INFO - Processing /home/airflow/.local/lib/python3.8/site-packages/airflow/example_dags/example_task_group_decorator.py took 0.161 seconds
[2026-06-07T18:55:21.385+0000] {processor.py:157} INFO - Started process (PID=54) to work on /home/airflow/.local/lib/python3.8/site-packages/airflow/example_dags/example_task_group_decorator.py
[2026-06-07T18:55:21.399+0000] {processor.py:829} INFO - Processing file /home/airflow/.local/lib/python3.8/site-packages/airflow/example_dags/example_task_group_decorator.py for tasks to queue
[2026-06-07T18:55:21.406+0000] {logging_mixin.py:154} INFO - [2026-06-07T18:55:21.401+0000] {dagbag.py:536} INFO - Filling up the DagBag from /home/airflow/.local/lib/python3.8/site-packages/airflow/example_dags/example_task_group_decorator.py
[2026-06-07T18:55:21.454+0000] {processor.py:839} INFO - DAG(s) dict_keys(['example_task_group_decorator']) retrieved from /home/airflow/.local/lib/python3.8/site-packages/airflow/example_dags/example_task_group_decorator.py
[2026-06-07T18:55:21.548+0000] {logging_mixin.py:154} INFO - [2026-06-07T18:55:21.548+0000] {dag.py:2941} INFO - Sync 1 DAGs
[2026-06-07T18:55:21.615+0000] {logging_mixin.py:154} INFO - [2026-06-07T18:55:21.615+0000] {dag.py:3722} INFO - Setting next_dagrun for example_task_group_decorator to 2026-06-06T18:55:21.615299+00:00, run_after=2026-06-07T18:55:21.615299+00:00
[2026-06-07T18:55:21.666+0000] {processor.py:179} INFO - Processing /home/airflow/.local/lib/python3.8/site-packages/airflow/example_dags/example_task_group_decorator.py took 0.286 seconds
[2026-06-07T18:55:52.689+0000] {processor.py:157} INFO - Started process (PID=109) to work on /home/airflow/.local/lib/python3.8/site-packages/airflow/example_dags/example_task_group_decorator.py
[2026-06-07T18:55:52.690+0000] {processor.py:829} INFO - Processing file /home/airflow/.local/lib/python3.8/site-packages/airflow/example_dags/example_task_group_decorator.py for tasks to queue
[2026-06-07T18:55:52.692+0000] {logging_mixin.py:154} INFO - [2026-06-07T18:55:52.692+0000] {dagbag.py:536} INFO - Filling up the DagBag from /home/airflow/.local/lib/python3.8/site-packages/airflow/example_dags/example_task_group_decorator.py
[2026-06-07T18:55:52.715+0000] {processor.py:839} INFO - DAG(s) dict_keys(['example_task_group_decorator']) retrieved from /home/airflow/.local/lib/python3.8/site-packages/airflow/example_dags/example_task_group_decorator.py
[2026-06-07T18:55:52.750+0000] {logging_mixin.py:154} INFO - [2026-06-07T18:55:52.750+0000] {dag.py:2941} INFO - Sync 1 DAGs
[2026-06-07T18:55:52.782+0000] {logging_mixin.py:154} INFO - [2026-06-07T18:55:52.782+0000] {dag.py:3722} INFO - Setting next_dagrun for example_task_group_decorator to 2026-06-06T18:55:52.782247+00:00, run_after=2026-06-07T18:55:52.782247+00:00
[2026-06-07T18:55:52.815+0000] {processor.py:179} INFO - Processing /home/airflow/.local/lib/python3.8/site-packages/airflow/example_dags/example_task_group_decorator.py took 0.132 seconds
[2026-06-07T18:56:23.408+0000] {processor.py:157} INFO - Started process (PID=164) to work on /home/airflow/.local/lib/python3.8/site-packages/airflow/example_dags/example_task_group_decorator.py
[2026-06-07T18:56:23.413+0000] {processor.py:829} INFO - Processing file /home/airflow/.local/lib/python3.8/site-packages/airflow/example_dags/example_task_group_decorator.py for tasks to queue
[2026-06-07T18:56:23.416+0000] {logging_mixin.py:154} INFO - [2026-06-07T18:56:23.415+0000] {dagbag.py:536} INFO - Filling up the DagBag from /home/airflow/.local/lib/python3.8/site-packages/airflow/example_dags/example_task_group_decorator.py
[2026-06-07T18:56:23.440+0000] {processor.py:839} INFO - DAG(s) dict_keys(['example_task_group_decorator']) retrieved from /home/airflow/.local/lib/python3.8/site-packages/airflow/example_dags/example_task_group_decorator.py
[2026-06-07T18:56:23.505+0000] {logging_mixin.py:154} INFO - [2026-06-07T18:56:23.505+0000] {dag.py:2941} INFO - Sync 1 DAGs
[2026-06-07T18:56:23.568+0000] {logging_mixin.py:154} INFO - [2026-06-07T18:56:23.567+0000] {dag.py:3722} INFO - Setting next_dagrun for example_task_group_decorator to 2026-06-06T18:56:23.567523+00:00, run_after=2026-06-07T18:56:23.567523+00:00
[2026-06-07T18:56:23.649+0000] {processor.py:179} INFO - Processing /home/airflow/.local/lib/python3.8/site-packages/airflow/example_dags/example_task_group_decorator.py took 0.244 seconds
[2026-06-07T18:56:54.067+0000] {processor.py:157} INFO - Started process (PID=220) to work on /home/airflow/.local/lib/python3.8/site-packages/airflow/example_dags/example_task_group_decorator.py
[2026-06-07T18:56:54.073+0000] {processor.py:829} INFO - Processing file /home/airflow/.local/lib/python3.8/site-packages/airflow/example_dags/example_task_group_decorator.py for tasks to queue
[2026-06-07T18:56:54.076+0000] {logging_mixin.py:154} INFO - [2026-06-07T18:56:54.076+0000] {dagbag.py:536} INFO - Filling up the DagBag from /home/airflow/.local/lib/python3.8/site-packages/airflow/example_dags/example_task_group_decorator.py
[2026-06-07T18:56:54.125+0000] {processor.py:839} INFO - DAG(s) dict_keys(['example_task_group_decorator']) retrieved from /home/airflow/.local/lib/python3.8/site-packages/airflow/example_dags/example_task_group_decorator.py
[2026-06-07T18:56:54.201+0000] {logging_mixin.py:154} INFO - [2026-06-07T18:56:54.201+0000] {dag.py:2941} INFO - Sync 1 DAGs
[2026-06-07T18:56:54.283+0000] {logging_mixin.py:154} INFO - [2026-06-07T18:56:54.282+0000] {dag.py:3722} INFO - Setting next_dagrun for example_task_group_decorator to 2026-06-06T18:56:54.282537+00:00, run_after=2026-06-07T18:56:54.282537+00:00
[2026-06-07T18:56:54.332+0000] {processor.py:179} INFO - Processing /home/airflow/.local/lib/python3.8/site-packages/airflow/example_dags/example_task_group_decorator.py took 0.273 seconds
[2026-06-07T18:57:25.365+0000] {processor.py:157} INFO - Started process (PID=276) to work on /home/airflow/.local/lib/python3.8/site-packages/airflow/example_dags/example_task_group_decorator.py
[2026-06-07T18:57:25.375+0000] {processor.py:829} INFO - Processing file /home/airflow/.local/lib/python3.8/site-packages/airflow/example_dags/example_task_group_decorator.py for tasks to queue
[2026-06-07T18:57:25.383+0000] {logging_mixin.py:154} INFO - [2026-06-07T18:57:25.381+0000] {dagbag.py:536} INFO - Filling up the DagBag from /home/airflow/.local/lib/python3.8/site-packages/airflow/example_dags/example_task_group_decorator.py
[2026-06-07T18:57:25.542+0000] {processor.py:839} INFO - DAG(s) dict_keys(['example_task_group_decorator']) retrieved from /home/airflow/.local/lib/python3.8/site-packages/airflow/example_dags/example_task_group_decorator.py
[2026-06-07T18:57:25.688+0000] {logging_mixin.py:154} INFO - [2026-06-07T18:57:25.688+0000] {dag.py:2941} INFO - Sync 1 DAGs
[2026-06-07T18:57:25.823+0000] {logging_mixin.py:154} INFO - [2026-06-07T18:57:25.823+0000] {dag.py:3722} INFO - Setting next_dagrun for example_task_group_decorator to 2026-06-06T18:57:25.822814+00:00, run_after=2026-06-07T18:57:25.822814+00:00
[2026-06-07T18:57:25.924+0000] {processor.py:179} INFO - Processing /home/airflow/.local/lib/python3.8/site-packages/airflow/example_dags/example_task_group_decorator.py took 0.579 seconds
[2026-06-07T18:57:56.170+0000] {processor.py:157} INFO - Started process (PID=333) to work on /home/airflow/.local/lib/python3.8/site-packages/airflow/example_dags/example_task_group_decorator.py
[2026-06-07T18:57:56.172+0000] {processor.py:829} INFO - Processing file /home/airflow/.local/lib/python3.8/site-packages/airflow/example_dags/example_task_group_decorator.py for tasks to queue
[2026-06-07T18:57:56.175+0000] {logging_mixin.py:154} INFO - [2026-06-07T18:57:56.175+0000] {dagbag.py:536} INFO - Filling up the DagBag from /home/airflow/.local/lib/python3.8/site-packages/airflow/example_dags/example_task_group_decorator.py
[2026-06-07T18:57:56.199+0000] {processor.py:839} INFO - DAG(s) dict_keys(['example_task_group_decorator']) retrieved from /home/airflow/.local/lib/python3.8/site-packages/airflow/example_dags/example_task_group_decorator.py
[2026-06-07T18:57:56.236+0000] {logging_mixin.py:154} INFO - [2026-06-07T18:57:56.235+0000] {dag.py:2941} INFO - Sync 1 DAGs
[2026-06-07T18:57:56.269+0000] {logging_mixin.py:154} INFO - [2026-06-07T18:57:56.269+0000] {dag.py:3722} INFO - Setting next_dagrun for example_task_group_decorator to 2026-06-06T18:57:56.269037+00:00, run_after=2026-06-07T18:57:56.269037+00:00
[2026-06-07T18:57:56.296+0000] {processor.py:179} INFO - Processing /home/airflow/.local/lib/python3.8/site-packages/airflow/example_dags/example_task_group_decorator.py took 0.131 seconds
[2026-06-07T18:58:26.684+0000] {processor.py:157} INFO - Started process (PID=389) to work on /home/airflow/.local/lib/python3.8/site-packages/airflow/example_dags/example_task_group_decorator.py
[2026-06-07T18:58:26.686+0000] {processor.py:829} INFO - Processing file /home/airflow/.local/lib/python3.8/site-packages/airflow/example_dags/example_task_group_decorator.py for tasks to queue
[2026-06-07T18:58:26.688+0000] {logging_mixin.py:154} INFO - [2026-06-07T18:58:26.688+0000] {dagbag.py:536} INFO - Filling up the DagBag from /home/airflow/.local/lib/python3.8/site-packages/airflow/example_dags/example_task_group_decorator.py
[2026-06-07T18:58:26.716+0000] {processor.py:839} INFO - DAG(s) dict_keys(['example_task_group_decorator']) retrieved from /home/airflow/.local/lib/python3.8/site-packages/airflow/example_dags/example_task_group_decorator.py
[2026-06-07T18:58:26.775+0000] {logging_mixin.py:154} INFO - [2026-06-07T18:58:26.774+0000] {dag.py:2941} INFO - Sync 1 DAGs
[2026-06-07T18:58:26.810+0000] {logging_mixin.py:154} INFO - [2026-06-07T18:58:26.810+0000] {dag.py:3722} INFO - Setting next_dagrun for example_task_group_decorator to 2026-06-06T18:58:26.809915+00:00, run_after=2026-06-07T18:58:26.809915+00:00
[2026-06-07T18:58:26.837+0000] {processor.py:179} INFO - Processing /home/airflow/.local/lib/python3.8/site-packages/airflow/example_dags/example_task_group_decorator.py took 0.157 seconds
[2026-06-07T18:58:57.266+0000] {processor.py:157} INFO - Started process (PID=444) to work on /home/airflow/.local/lib/python3.8/site-packages/airflow/example_dags/example_task_group_decorator.py
[2026-06-07T18:58:57.267+0000] {processor.py:829} INFO - Processing file /home/airflow/.local/lib/python3.8/site-packages/airflow/example_dags/example_task_group_decorator.py for tasks to queue
[2026-06-07T18:58:57.270+0000] {logging_mixin.py:154} INFO - [2026-06-07T18:58:57.270+0000] {dagbag.py:536} INFO - Filling up the DagBag from /home/airflow/.local/lib/python3.8/site-packages/airflow/example_dags/example_task_group_decorator.py
[2026-06-07T18:58:57.293+0000] {processor.py:839} INFO - DAG(s) dict_keys(['example_task_group_decorator']) retrieved from /home/airflow/.local/lib/python3.8/site-packages/airflow/example_dags/example_task_group_decorator.py
[2026-06-07T18:58:57.328+0000] {logging_mixin.py:154} INFO - [2026-06-07T18:58:57.327+0000] {dag.py:2941} INFO - Sync 1 DAGs
[2026-06-07T18:58:57.359+0000] {logging_mixin.py:154} INFO - [2026-06-07T18:58:57.359+0000] {dag.py:3722} INFO - Setting next_dagrun for example_task_group_decorator to 2026-06-06T18:58:57.358996+00:00, run_after=2026-06-07T18:58:57.358996+00:00
[2026-06-07T18:58:57.384+0000] {processor.py:179} INFO - Processing /home/airflow/.local/lib/python3.8/site-packages/airflow/example_dags/example_task_group_decorator.py took 0.123 seconds
[2026-06-07T18:59:28.106+0000] {processor.py:157} INFO - Started process (PID=500) to work on /home/airflow/.local/lib/python3.8/site-packages/airflow/example_dags/example_task_group_decorator.py
[2026-06-07T18:59:28.109+0000] {processor.py:829} INFO - Processing file /home/airflow/.local/lib/python3.8/site-packages/airflow/example_dags/example_task_group_decorator.py for tasks to queue
[2026-06-07T18:59:28.111+0000] {logging_mixin.py:154} INFO - [2026-06-07T18:59:28.111+0000] {dagbag.py:536} INFO - Filling up the DagBag from /home/airflow/.local/lib/python3.8/site-packages/airflow/example_dags/example_task_group_decorator.py
[2026-06-07T18:59:28.134+0000] {processor.py:839} INFO - DAG(s) dict_keys(['example_task_group_decorator']) retrieved from /home/airflow/.local/lib/python3.8/site-packages/airflow/example_dags/example_task_group_decorator.py
[2026-06-07T18:59:28.173+0000] {logging_mixin.py:154} INFO - [2026-06-07T18:59:28.173+0000] {dag.py:2941} INFO - Sync 1 DAGs
[2026-06-07T18:59:28.206+0000] {logging_mixin.py:154} INFO - [2026-06-07T18:59:28.206+0000] {dag.py:3722} INFO - Setting next_dagrun for example_task_group_decorator to 2026-06-06T18:59:28.206133+00:00, run_after=2026-06-07T18:59:28.206133+00:00
[2026-06-07T18:59:28.230+0000] {processor.py:179} INFO - Processing /home/airflow/.local/lib/python3.8/site-packages/airflow/example_dags/example_task_group_decorator.py took 0.129 seconds
[2026-06-07T18:59:58.982+0000] {processor.py:157} INFO - Started process (PID=556) to work on /home/airflow/.local/lib/python3.8/site-packages/airflow/example_dags/example_task_group_decorator.py
[2026-06-07T18:59:58.983+0000] {processor.py:829} INFO - Processing file /home/airflow/.local/lib/python3.8/site-packages/airflow/example_dags/example_task_group_decorator.py for tasks to queue
[2026-06-07T18:59:58.998+0000] {logging_mixin.py:154} INFO - [2026-06-07T18:59:58.998+0000] {dagbag.py:536} INFO - Filling up the DagBag from /home/airflow/.local/lib/python3.8/site-packages/airflow/example_dags/example_task_group_decorator.py
[2026-06-07T18:59:59.064+0000] {processor.py:839} INFO - DAG(s) dict_keys(['example_task_group_decorator']) retrieved from /home/airflow/.local/lib/python3.8/site-packages/airflow/example_dags/example_task_group_decorator.py
[2026-06-07T18:59:59.139+0000] {logging_mixin.py:154} INFO - [2026-06-07T18:59:59.138+0000] {dag.py:2941} INFO - Sync 1 DAGs
[2026-06-07T18:59:59.202+0000] {logging_mixin.py:154} INFO - [2026-06-07T18:59:59.201+0000] {dag.py:3722} INFO - Setting next_dagrun for example_task_group_decorator to 2026-06-06T18:59:59.201416+00:00, run_after=2026-06-07T18:59:59.201416+00:00
[2026-06-07T18:59:59.258+0000] {processor.py:179} INFO - Processing /home/airflow/.local/lib/python3.8/site-packages/airflow/example_dags/example_task_group_decorator.py took 0.292 seconds
[2026-06-07T19:00:29.348+0000] {processor.py:157} INFO - Started process (PID=612) to work on /home/airflow/.local/lib/python3.8/site-packages/airflow/example_dags/example_task_group_decorator.py
[2026-06-07T19:00:29.365+0000] {processor.py:829} INFO - Processing file /home/airflow/.local/lib/python3.8/site-packages/airflow/example_dags/example_task_group_decorator.py for tasks to queue
[2026-06-07T19:00:29.369+0000] {logging_mixin.py:154} INFO - [2026-06-07T19:00:29.368+0000] {dagbag.py:536} INFO - Filling up the DagBag from /home/airflow/.local/lib/python3.8/site-packages/airflow/example_dags/example_task_group_decorator.py
[2026-06-07T19:00:29.409+0000] {processor.py:839} INFO - DAG(s) dict_keys(['example_task_group_decorator']) retrieved from /home/airflow/.local/lib/python3.8/site-packages/airflow/example_dags/example_task_group_decorator.py
[2026-06-07T19:00:29.475+0000] {logging_mixin.py:154} INFO - [2026-06-07T19:00:29.474+0000] {dag.py:2941} INFO - Sync 1 DAGs
[2026-06-07T19:00:29.537+0000] {logging_mixin.py:154} INFO - [2026-06-07T19:00:29.537+0000] {dag.py:3722} INFO - Setting next_dagrun for example_task_group_decorator to 2026-06-06T19:00:29.536859+00:00, run_after=2026-06-07T19:00:29.536859+00:00
[2026-06-07T19:00:29.583+0000] {processor.py:179} INFO - Processing /home/airflow/.local/lib/python3.8/site-packages/airflow/example_dags/example_task_group_decorator.py took 0.241 seconds
[2026-06-07T19:01:00.398+0000] {processor.py:157} INFO - Started process (PID=669) to work on /home/airflow/.local/lib/python3.8/site-packages/airflow/example_dags/example_task_group_decorator.py
[2026-06-07T19:01:00.406+0000] {processor.py:829} INFO - Processing file /home/airflow/.local/lib/python3.8/site-packages/airflow/example_dags/example_task_group_decorator.py for tasks to queue
[2026-06-07T19:01:00.410+0000] {logging_mixin.py:154} INFO - [2026-06-07T19:01:00.409+0000] {dagbag.py:536} INFO - Filling up the DagBag from /home/airflow/.local/lib/python3.8/site-packages/airflow/example_dags/example_task_group_decorator.py
[2026-06-07T19:01:00.459+0000] {processor.py:839} INFO - DAG(s) dict_keys(['example_task_group_decorator']) retrieved from /home/airflow/.local/lib/python3.8/site-packages/airflow/example_dags/example_task_group_decorator.py
[2026-06-07T19:01:00.497+0000] {logging_mixin.py:154} INFO - [2026-06-07T19:01:00.497+0000] {dag.py:2941} INFO - Sync 1 DAGs
[2026-06-07T19:01:00.530+0000] {logging_mixin.py:154} INFO - [2026-06-07T19:01:00.530+0000] {dag.py:3722} INFO - Setting next_dagrun for example_task_group_decorator to 2026-06-06T19:01:00.529870+00:00, run_after=2026-06-07T19:01:00.529870+00:00
[2026-06-07T19:01:00.556+0000] {processor.py:179} INFO - Processing /home/airflow/.local/lib/python3.8/site-packages/airflow/example_dags/example_task_group_decorator.py took 0.170 seconds
[2026-06-07T19:01:30.809+0000] {processor.py:157} INFO - Started process (PID=725) to work on /home/airflow/.local/lib/python3.8/site-packages/airflow/example_dags/example_task_group_decorator.py
[2026-06-07T19:01:30.811+0000] {processor.py:829} INFO - Processing file /home/airflow/.local/lib/python3.8/site-packages/airflow/example_dags/example_task_group_decorator.py for tasks to queue
[2026-06-07T19:01:30.814+0000] {logging_mixin.py:154} INFO - [2026-06-07T19:01:30.814+0000] {dagbag.py:536} INFO - Filling up the DagBag from /home/airflow/.local/lib/python3.8/site-packages/airflow/example_dags/example_task_group_decorator.py
[2026-06-07T19:01:30.847+0000] {processor.py:839} INFO - DAG(s) dict_keys(['example_task_group_decorator']) retrieved from /home/airflow/.local/lib/python3.8/site-packages/airflow/example_dags/example_task_group_decorator.py
[2026-06-07T19:01:30.902+0000] {logging_mixin.py:154} INFO - [2026-06-07T19:01:30.902+0000] {dag.py:2941} INFO - Sync 1 DAGs
[2026-06-07T19:01:30.950+0000] {logging_mixin.py:154} INFO - [2026-06-07T19:01:30.950+0000] {dag.py:3722} INFO - Setting next_dagrun for example_task_group_decorator to 2026-06-06T19:01:30.949619+00:00, run_after=2026-06-07T19:01:30.949619+00:00
[2026-06-07T19:01:30.977+0000] {processor.py:179} INFO - Processing /home/airflow/.local/lib/python3.8/site-packages/airflow/example_dags/example_task_group_decorator.py took 0.171 seconds
[2026-06-07T19:02:01.371+0000] {processor.py:157} INFO - Started process (PID=780) to work on /home/airflow/.local/lib/python3.8/site-packages/airflow/example_dags/example_task_group_decorator.py
[2026-06-07T19:02:01.374+0000] {processor.py:829} INFO - Processing file /home/airflow/.local/lib/python3.8/site-packages/airflow/example_dags/example_task_group_decorator.py for tasks to queue
[2026-06-07T19:02:01.377+0000] {logging_mixin.py:154} INFO - [2026-06-07T19:02:01.376+0000] {dagbag.py:536} INFO - Filling up the DagBag from /home/airflow/.local/lib/python3.8/site-packages/airflow/example_dags/example_task_group_decorator.py
[2026-06-07T19:02:01.444+0000] {processor.py:839} INFO - DAG(s) dict_keys(['example_task_group_decorator']) retrieved from /home/airflow/.local/lib/python3.8/site-packages/airflow/example_dags/example_task_group_decorator.py
[2026-06-07T19:02:01.518+0000] {logging_mixin.py:154} INFO - [2026-06-07T19:02:01.517+0000] {dag.py:2941} INFO - Sync 1 DAGs
[2026-06-07T19:02:01.567+0000] {logging_mixin.py:154} INFO - [2026-06-07T19:02:01.567+0000] {dag.py:3722} INFO - Setting next_dagrun for example_task_group_decorator to 2026-06-06T19:02:01.566741+00:00, run_after=2026-06-07T19:02:01.566741+00:00
[2026-06-07T19:02:01.619+0000] {processor.py:179} INFO - Processing /home/airflow/.local/lib/python3.8/site-packages/airflow/example_dags/example_task_group_decorator.py took 0.262 seconds
[2026-06-07T19:02:31.778+0000] {processor.py:157} INFO - Started process (PID=836) to work on /home/airflow/.local/lib/python3.8/site-packages/airflow/example_dags/example_task_group_decorator.py
[2026-06-07T19:02:31.779+0000] {processor.py:829} INFO - Processing file /home/airflow/.local/lib/python3.8/site-packages/airflow/example_dags/example_task_group_decorator.py for tasks to queue
[2026-06-07T19:02:31.786+0000] {logging_mixin.py:154} INFO - [2026-06-07T19:02:31.786+0000] {dagbag.py:536} INFO - Filling up the DagBag from /home/airflow/.local/lib/python3.8/site-packages/airflow/example_dags/example_task_group_decorator.py
[2026-06-07T19:02:31.835+0000] {processor.py:839} INFO - DAG(s) dict_keys(['example_task_group_decorator']) retrieved from /home/airflow/.local/lib/python3.8/site-packages/airflow/example_dags/example_task_group_decorator.py
[2026-06-07T19:02:31.909+0000] {logging_mixin.py:154} INFO - [2026-06-07T19:02:31.908+0000] {dag.py:2941} INFO - Sync 1 DAGs
[2026-06-07T19:02:31.958+0000] {logging_mixin.py:154} INFO - [2026-06-07T19:02:31.958+0000] {dag.py:3722} INFO - Setting next_dagrun for example_task_group_decorator to 2026-06-06T19:02:31.957715+00:00, run_after=2026-06-07T19:02:31.957715+00:00
[2026-06-07T19:02:31.991+0000] {processor.py:179} INFO - Processing /home/airflow/.local/lib/python3.8/site-packages/airflow/example_dags/example_task_group_decorator.py took 0.221 seconds
[2026-06-07T19:03:02.143+0000] {processor.py:157} INFO - Started process (PID=890) to work on /home/airflow/.local/lib/python3.8/site-packages/airflow/example_dags/example_task_group_decorator.py
[2026-06-07T19:03:02.145+0000] {processor.py:829} INFO - Processing file /home/airflow/.local/lib/python3.8/site-packages/airflow/example_dags/example_task_group_decorator.py for tasks to queue
[2026-06-07T19:03:02.148+0000] {logging_mixin.py:154} INFO - [2026-06-07T19:03:02.148+0000] {dagbag.py:536} INFO - Filling up the DagBag from /home/airflow/.local/lib/python3.8/site-packages/airflow/example_dags/example_task_group_decorator.py
[2026-06-07T19:03:02.171+0000] {processor.py:839} INFO - DAG(s) dict_keys(['example_task_group_decorator']) retrieved from /home/airflow/.local/lib/python3.8/site-packages/airflow/example_dags/example_task_group_decorator.py
[2026-06-07T19:03:02.212+0000] {logging_mixin.py:154} INFO - [2026-06-07T19:03:02.212+0000] {dag.py:2941} INFO - Sync 1 DAGs
[2026-06-07T19:03:02.244+0000] {logging_mixin.py:154} INFO - [2026-06-07T19:03:02.243+0000] {dag.py:3722} INFO - Setting next_dagrun for example_task_group_decorator to 2026-06-06T19:03:02.243351+00:00, run_after=2026-06-07T19:03:02.243351+00:00
[2026-06-07T19:03:02.270+0000] {processor.py:179} INFO - Processing /home/airflow/.local/lib/python3.8/site-packages/airflow/example_dags/example_task_group_decorator.py took 0.136 seconds
[2026-06-07T19:03:32.461+0000] {processor.py:157} INFO - Started process (PID=946) to work on /home/airflow/.local/lib/python3.8/site-packages/airflow/example_dags/example_task_group_decorator.py
[2026-06-07T19:03:32.462+0000] {processor.py:829} INFO - Processing file /home/airflow/.local/lib/python3.8/site-packages/airflow/example_dags/example_task_group_decorator.py for tasks to queue
[2026-06-07T19:03:32.478+0000] {logging_mixin.py:154} INFO - [2026-06-07T19:03:32.478+0000] {dagbag.py:536} INFO - Filling up the DagBag from /home/airflow/.local/lib/python3.8/site-packages/airflow/example_dags/example_task_group_decorator.py
[2026-06-07T19:03:32.555+0000] {processor.py:839} INFO - DAG(s) dict_keys(['example_task_group_decorator']) retrieved from /home/airflow/.local/lib/python3.8/site-packages/airflow/example_dags/example_task_group_decorator.py
[2026-06-07T19:03:32.704+0000] {logging_mixin.py:154} INFO - [2026-06-07T19:03:32.704+0000] {dag.py:2941} INFO - Sync 1 DAGs
[2026-06-07T19:03:32.807+0000] {logging_mixin.py:154} INFO - [2026-06-07T19:03:32.807+0000] {dag.py:3722} INFO - Setting next_dagrun for example_task_group_decorator to 2026-06-06T19:03:32.806752+00:00, run_after=2026-06-07T19:03:32.806752+00:00
[2026-06-07T19:03:32.874+0000] {processor.py:179} INFO - Processing /home/airflow/.local/lib/python3.8/site-packages/airflow/example_dags/example_task_group_decorator.py took 0.431 seconds
[2026-06-07T19:04:03.099+0000] {processor.py:157} INFO - Started process (PID=1001) to work on /home/airflow/.local/lib/python3.8/site-packages/airflow/example_dags/example_task_group_decorator.py
[2026-06-07T19:04:03.110+0000] {processor.py:829} INFO - Processing file /home/airflow/.local/lib/python3.8/site-packages/airflow/example_dags/example_task_group_decorator.py for tasks to queue
[2026-06-07T19:04:03.114+0000] {logging_mixin.py:154} INFO - [2026-06-07T19:04:03.114+0000] {dagbag.py:536} INFO - Filling up the DagBag from /home/airflow/.local/lib/python3.8/site-packages/airflow/example_dags/example_task_group_decorator.py
[2026-06-07T19:04:03.163+0000] {processor.py:839} INFO - DAG(s) dict_keys(['example_task_group_decorator']) retrieved from /home/airflow/.local/lib/python3.8/site-packages/airflow/example_dags/example_task_group_decorator.py
[2026-06-07T19:04:03.261+0000] {logging_mixin.py:154} INFO - [2026-06-07T19:04:03.261+0000] {dag.py:2941} INFO - Sync 1 DAGs
[2026-06-07T19:04:03.333+0000] {logging_mixin.py:154} INFO - [2026-06-07T19:04:03.333+0000] {dag.py:3722} INFO - Setting next_dagrun for example_task_group_decorator to 2026-06-06T19:04:03.333310+00:00, run_after=2026-06-07T19:04:03.333310+00:00
[2026-06-07T19:04:03.409+0000] {processor.py:179} INFO - Processing /home/airflow/.local/lib/python3.8/site-packages/airflow/example_dags/example_task_group_decorator.py took 0.319 seconds
[2026-06-07T19:04:33.550+0000] {processor.py:157} INFO - Started process (PID=1057) to work on /home/airflow/.local/lib/python3.8/site-packages/airflow/example_dags/example_task_group_decorator.py
[2026-06-07T19:04:33.551+0000] {processor.py:829} INFO - Processing file /home/airflow/.local/lib/python3.8/site-packages/airflow/example_dags/example_task_group_decorator.py for tasks to queue
[2026-06-07T19:04:33.555+0000] {logging_mixin.py:154} INFO - [2026-06-07T19:04:33.555+0000] {dagbag.py:536} INFO - Filling up the DagBag from /home/airflow/.local/lib/python3.8/site-packages/airflow/example_dags/example_task_group_decorator.py
[2026-06-07T19:04:33.592+0000] {processor.py:839} INFO - DAG(s) dict_keys(['example_task_group_decorator']) retrieved from /home/airflow/.local/lib/python3.8/site-packages/airflow/example_dags/example_task_group_decorator.py
[2026-06-07T19:04:33.699+0000] {logging_mixin.py:154} INFO - [2026-06-07T19:04:33.698+0000] {dag.py:2941} INFO - Sync 1 DAGs
[2026-06-07T19:04:34.030+0000] {logging_mixin.py:154} INFO - [2026-06-07T19:04:34.029+0000] {dag.py:3722} INFO - Setting next_dagrun for example_task_group_decorator to 2026-06-06T19:04:34.029543+00:00, run_after=2026-06-07T19:04:34.029543+00:00
[2026-06-07T19:04:34.052+0000] {processor.py:179} INFO - Processing /home/airflow/.local/lib/python3.8/site-packages/airflow/example_dags/example_task_group_decorator.py took 0.526 seconds
[2026-06-07T19:05:04.659+0000] {processor.py:157} INFO - Started process (PID=1114) to work on /home/airflow/.local/lib/python3.8/site-packages/airflow/example_dags/example_task_group_decorator.py
[2026-06-07T19:05:04.660+0000] {processor.py:829} INFO - Processing file /home/airflow/.local/lib/python3.8/site-packages/airflow/example_dags/example_task_group_decorator.py for tasks to queue
[2026-06-07T19:05:04.664+0000] {logging_mixin.py:154} INFO - [2026-06-07T19:05:04.663+0000] {dagbag.py:536} INFO - Filling up the DagBag from /home/airflow/.local/lib/python3.8/site-packages/airflow/example_dags/example_task_group_decorator.py
[2026-06-07T19:05:04.686+0000] {processor.py:839} INFO - DAG(s) dict_keys(['example_task_group_decorator']) retrieved from /home/airflow/.local/lib/python3.8/site-packages/airflow/example_dags/example_task_group_decorator.py
[2026-06-07T19:05:04.745+0000] {logging_mixin.py:154} INFO - [2026-06-07T19:05:04.745+0000] {dag.py:2941} INFO - Sync 1 DAGs
[2026-06-07T19:05:04.780+0000] {logging_mixin.py:154} INFO - [2026-06-07T19:05:04.779+0000] {dag.py:3722} INFO - Setting next_dagrun for example_task_group_decorator to 2026-06-06T19:05:04.779397+00:00, run_after=2026-06-07T19:05:04.779397+00:00
[2026-06-07T19:05:05.007+0000] {processor.py:179} INFO - Processing /home/airflow/.local/lib/python3.8/site-packages/airflow/example_dags/example_task_group_decorator.py took 0.353 seconds
[2026-06-07T19:05:35.270+0000] {processor.py:157} INFO - Started process (PID=1170) to work on /home/airflow/.local/lib/python3.8/site-packages/airflow/example_dags/example_task_group_decorator.py
[2026-06-07T19:05:35.271+0000] {processor.py:829} INFO - Processing file /home/airflow/.local/lib/python3.8/site-packages/airflow/example_dags/example_task_group_decorator.py for tasks to queue
[2026-06-07T19:05:35.275+0000] {logging_mixin.py:154} INFO - [2026-06-07T19:05:35.274+0000] {dagbag.py:536} INFO - Filling up the DagBag from /home/airflow/.local/lib/python3.8/site-packages/airflow/example_dags/example_task_group_decorator.py
[2026-06-07T19:05:35.298+0000] {processor.py:839} INFO - DAG(s) dict_keys(['example_task_group_decorator']) retrieved from /home/airflow/.local/lib/python3.8/site-packages/airflow/example_dags/example_task_group_decorator.py
[2026-06-07T19:05:35.337+0000] {logging_mixin.py:154} INFO - [2026-06-07T19:05:35.337+0000] {dag.py:2941} INFO - Sync 1 DAGs
[2026-06-07T19:05:35.369+0000] {logging_mixin.py:154} INFO - [2026-06-07T19:05:35.369+0000] {dag.py:3722} INFO - Setting next_dagrun for example_task_group_decorator to 2026-06-06T19:05:35.368711+00:00, run_after=2026-06-07T19:05:35.368711+00:00
[2026-06-07T19:05:35.608+0000] {processor.py:179} INFO - Processing /home/airflow/.local/lib/python3.8/site-packages/airflow/example_dags/example_task_group_decorator.py took 0.343 seconds
[2026-06-07T19:06:05.840+0000] {processor.py:157} INFO - Started process (PID=1225) to work on /home/airflow/.local/lib/python3.8/site-packages/airflow/example_dags/example_task_group_decorator.py
[2026-06-07T19:06:05.842+0000] {processor.py:829} INFO - Processing file /home/airflow/.local/lib/python3.8/site-packages/airflow/example_dags/example_task_group_decorator.py for tasks to queue
[2026-06-07T19:06:05.870+0000] {logging_mixin.py:154} INFO - [2026-06-07T19:06:05.861+0000] {dagbag.py:536} INFO - Filling up the DagBag from /home/airflow/.local/lib/python3.8/site-packages/airflow/example_dags/example_task_group_decorator.py
[2026-06-07T19:06:06.063+0000] {processor.py:839} INFO - DAG(s) dict_keys(['example_task_group_decorator']) retrieved from /home/airflow/.local/lib/python3.8/site-packages/airflow/example_dags/example_task_group_decorator.py
[2026-06-07T19:06:06.481+0000] {logging_mixin.py:154} INFO - [2026-06-07T19:06:06.473+0000] {dag.py:2941} INFO - Sync 1 DAGs
[2026-06-07T19:06:06.675+0000] {logging_mixin.py:154} INFO - [2026-06-07T19:06:06.675+0000] {dag.py:3722} INFO - Setting next_dagrun for example_task_group_decorator to 2026-06-06T19:06:06.675139+00:00, run_after=2026-06-07T19:06:06.675139+00:00
[2026-06-07T19:06:06.822+0000] {processor.py:179} INFO - Processing /home/airflow/.local/lib/python3.8/site-packages/airflow/example_dags/example_task_group_decorator.py took 1.006 seconds
[2026-06-07T19:08:45.596+0000] {processor.py:157} INFO - Started process (PID=40) to work on /home/airflow/.local/lib/python3.8/site-packages/airflow/example_dags/example_task_group_decorator.py
[2026-06-07T19:08:45.614+0000] {processor.py:829} INFO - Processing file /home/airflow/.local/lib/python3.8/site-packages/airflow/example_dags/example_task_group_decorator.py for tasks to queue
[2026-06-07T19:08:45.624+0000] {logging_mixin.py:154} INFO - [2026-06-07T19:08:45.623+0000] {dagbag.py:536} INFO - Filling up the DagBag from /home/airflow/.local/lib/python3.8/site-packages/airflow/example_dags/example_task_group_decorator.py
[2026-06-07T19:08:45.765+0000] {processor.py:839} INFO - DAG(s) dict_keys(['example_task_group_decorator']) retrieved from /home/airflow/.local/lib/python3.8/site-packages/airflow/example_dags/example_task_group_decorator.py
[2026-06-07T19:08:46.023+0000] {logging_mixin.py:154} INFO - [2026-06-07T19:08:46.022+0000] {dag.py:2941} INFO - Sync 1 DAGs
[2026-06-07T19:08:46.214+0000] {logging_mixin.py:154} INFO - [2026-06-07T19:08:46.214+0000] {dag.py:3722} INFO - Setting next_dagrun for example_task_group_decorator to 2026-06-06T19:08:46.210787+00:00, run_after=2026-06-07T19:08:46.210787+00:00
[2026-06-07T19:08:46.314+0000] {processor.py:179} INFO - Processing /home/airflow/.local/lib/python3.8/site-packages/airflow/example_dags/example_task_group_decorator.py took 0.733 seconds
[2026-06-07T19:09:16.697+0000] {processor.py:157} INFO - Started process (PID=87) to work on /home/airflow/.local/lib/python3.8/site-packages/airflow/example_dags/example_task_group_decorator.py
[2026-06-07T19:09:16.711+0000] {processor.py:829} INFO - Processing file /home/airflow/.local/lib/python3.8/site-packages/airflow/example_dags/example_task_group_decorator.py for tasks to queue
[2026-06-07T19:09:16.714+0000] {logging_mixin.py:154} INFO - [2026-06-07T19:09:16.714+0000] {dagbag.py:536} INFO - Filling up the DagBag from /home/airflow/.local/lib/python3.8/site-packages/airflow/example_dags/example_task_group_decorator.py
[2026-06-07T19:09:16.748+0000] {processor.py:839} INFO - DAG(s) dict_keys(['example_task_group_decorator']) retrieved from /home/airflow/.local/lib/python3.8/site-packages/airflow/example_dags/example_task_group_decorator.py
[2026-06-07T19:09:16.794+0000] {logging_mixin.py:154} INFO - [2026-06-07T19:09:16.794+0000] {dag.py:2941} INFO - Sync 1 DAGs
[2026-06-07T19:09:16.830+0000] {logging_mixin.py:154} INFO - [2026-06-07T19:09:16.830+0000] {dag.py:3722} INFO - Setting next_dagrun for example_task_group_decorator to 2026-06-06T19:09:16.829664+00:00, run_after=2026-06-07T19:09:16.829664+00:00
[2026-06-07T19:09:16.874+0000] {processor.py:179} INFO - Processing /home/airflow/.local/lib/python3.8/site-packages/airflow/example_dags/example_task_group_decorator.py took 0.182 seconds
[2026-06-07T19:09:47.588+0000] {processor.py:157} INFO - Started process (PID=136) to work on /home/airflow/.local/lib/python3.8/site-packages/airflow/example_dags/example_task_group_decorator.py
[2026-06-07T19:09:47.591+0000] {processor.py:829} INFO - Processing file /home/airflow/.local/lib/python3.8/site-packages/airflow/example_dags/example_task_group_decorator.py for tasks to queue
[2026-06-07T19:09:47.603+0000] {logging_mixin.py:154} INFO - [2026-06-07T19:09:47.603+0000] {dagbag.py:536} INFO - Filling up the DagBag from /home/airflow/.local/lib/python3.8/site-packages/airflow/example_dags/example_task_group_decorator.py
[2026-06-07T19:09:47.749+0000] {processor.py:839} INFO - DAG(s) dict_keys(['example_task_group_decorator']) retrieved from /home/airflow/.local/lib/python3.8/site-packages/airflow/example_dags/example_task_group_decorator.py
[2026-06-07T19:09:48.003+0000] {logging_mixin.py:154} INFO - [2026-06-07T19:09:48.003+0000] {dag.py:2941} INFO - Sync 1 DAGs
[2026-06-07T19:09:48.072+0000] {logging_mixin.py:154} INFO - [2026-06-07T19:09:48.072+0000] {dag.py:3722} INFO - Setting next_dagrun for example_task_group_decorator to 2026-06-06T19:09:48.071916+00:00, run_after=2026-06-07T19:09:48.071916+00:00
[2026-06-07T19:09:48.259+0000] {processor.py:179} INFO - Processing /home/airflow/.local/lib/python3.8/site-packages/airflow/example_dags/example_task_group_decorator.py took 0.700 seconds
[2026-06-07T19:10:18.697+0000] {processor.py:157} INFO - Started process (PID=185) to work on /home/airflow/.local/lib/python3.8/site-packages/airflow/example_dags/example_task_group_decorator.py
[2026-06-07T19:10:18.756+0000] {processor.py:829} INFO - Processing file /home/airflow/.local/lib/python3.8/site-packages/airflow/example_dags/example_task_group_decorator.py for tasks to queue
[2026-06-07T19:10:18.770+0000] {logging_mixin.py:154} INFO - [2026-06-07T19:10:18.765+0000] {dagbag.py:536} INFO - Filling up the DagBag from /home/airflow/.local/lib/python3.8/site-packages/airflow/example_dags/example_task_group_decorator.py
[2026-06-07T19:10:18.812+0000] {processor.py:839} INFO - DAG(s) dict_keys(['example_task_group_decorator']) retrieved from /home/airflow/.local/lib/python3.8/site-packages/airflow/example_dags/example_task_group_decorator.py
[2026-06-07T19:10:18.903+0000] {logging_mixin.py:154} INFO - [2026-06-07T19:10:18.897+0000] {dag.py:2941} INFO - Sync 1 DAGs
[2026-06-07T19:10:19.015+0000] {logging_mixin.py:154} INFO - [2026-06-07T19:10:19.015+0000] {dag.py:3722} INFO - Setting next_dagrun for example_task_group_decorator to 2026-06-06T19:10:19.014554+00:00, run_after=2026-06-07T19:10:19.014554+00:00
[2026-06-07T19:10:19.120+0000] {processor.py:179} INFO - Processing /home/airflow/.local/lib/python3.8/site-packages/airflow/example_dags/example_task_group_decorator.py took 0.435 seconds
[2026-06-07T19:10:49.961+0000] {processor.py:157} INFO - Started process (PID=234) to work on /home/airflow/.local/lib/python3.8/site-packages/airflow/example_dags/example_task_group_decorator.py
[2026-06-07T19:10:49.965+0000] {processor.py:829} INFO - Processing file /home/airflow/.local/lib/python3.8/site-packages/airflow/example_dags/example_task_group_decorator.py for tasks to queue
[2026-06-07T19:10:49.974+0000] {logging_mixin.py:154} INFO - [2026-06-07T19:10:49.973+0000] {dagbag.py:536} INFO - Filling up the DagBag from /home/airflow/.local/lib/python3.8/site-packages/airflow/example_dags/example_task_group_decorator.py
[2026-06-07T19:10:50.097+0000] {processor.py:839} INFO - DAG(s) dict_keys(['example_task_group_decorator']) retrieved from /home/airflow/.local/lib/python3.8/site-packages/airflow/example_dags/example_task_group_decorator.py
[2026-06-07T19:10:50.194+0000] {logging_mixin.py:154} INFO - [2026-06-07T19:10:50.194+0000] {dag.py:2941} INFO - Sync 1 DAGs
[2026-06-07T19:10:50.381+0000] {logging_mixin.py:154} INFO - [2026-06-07T19:10:50.381+0000] {dag.py:3722} INFO - Setting next_dagrun for example_task_group_decorator to 2026-06-06T19:10:50.380911+00:00, run_after=2026-06-07T19:10:50.380911+00:00
[2026-06-07T19:10:50.514+0000] {processor.py:179} INFO - Processing /home/airflow/.local/lib/python3.8/site-packages/airflow/example_dags/example_task_group_decorator.py took 0.574 seconds
[2026-06-07T19:11:20.671+0000] {processor.py:157} INFO - Started process (PID=283) to work on /home/airflow/.local/lib/python3.8/site-packages/airflow/example_dags/example_task_group_decorator.py
[2026-06-07T19:11:20.676+0000] {processor.py:829} INFO - Processing file /home/airflow/.local/lib/python3.8/site-packages/airflow/example_dags/example_task_group_decorator.py for tasks to queue
[2026-06-07T19:11:20.687+0000] {logging_mixin.py:154} INFO - [2026-06-07T19:11:20.687+0000] {dagbag.py:536} INFO - Filling up the DagBag from /home/airflow/.local/lib/python3.8/site-packages/airflow/example_dags/example_task_group_decorator.py
[2026-06-07T19:11:20.799+0000] {processor.py:839} INFO - DAG(s) dict_keys(['example_task_group_decorator']) retrieved from /home/airflow/.local/lib/python3.8/site-packages/airflow/example_dags/example_task_group_decorator.py
[2026-06-07T19:11:20.968+0000] {logging_mixin.py:154} INFO - [2026-06-07T19:11:20.968+0000] {dag.py:2941} INFO - Sync 1 DAGs
[2026-06-07T19:11:21.080+0000] {logging_mixin.py:154} INFO - [2026-06-07T19:11:21.079+0000] {dag.py:3722} INFO - Setting next_dagrun for example_task_group_decorator to 2026-06-06T19:11:21.079499+00:00, run_after=2026-06-07T19:11:21.079499+00:00
[2026-06-07T19:11:21.190+0000] {processor.py:179} INFO - Processing /home/airflow/.local/lib/python3.8/site-packages/airflow/example_dags/example_task_group_decorator.py took 0.551 seconds
[2026-06-07T19:11:51.458+0000] {processor.py:157} INFO - Started process (PID=332) to work on /home/airflow/.local/lib/python3.8/site-packages/airflow/example_dags/example_task_group_decorator.py
[2026-06-07T19:11:51.467+0000] {processor.py:829} INFO - Processing file /home/airflow/.local/lib/python3.8/site-packages/airflow/example_dags/example_task_group_decorator.py for tasks to queue
[2026-06-07T19:11:51.487+0000] {logging_mixin.py:154} INFO - [2026-06-07T19:11:51.486+0000] {dagbag.py:536} INFO - Filling up the DagBag from /home/airflow/.local/lib/python3.8/site-packages/airflow/example_dags/example_task_group_decorator.py
[2026-06-07T19:11:51.599+0000] {processor.py:839} INFO - DAG(s) dict_keys(['example_task_group_decorator']) retrieved from /home/airflow/.local/lib/python3.8/site-packages/airflow/example_dags/example_task_group_decorator.py
[2026-06-07T19:11:51.775+0000] {logging_mixin.py:154} INFO - [2026-06-07T19:11:51.774+0000] {dag.py:2941} INFO - Sync 1 DAGs
[2026-06-07T19:11:51.884+0000] {logging_mixin.py:154} INFO - [2026-06-07T19:11:51.884+0000] {dag.py:3722} INFO - Setting next_dagrun for example_task_group_decorator to 2026-06-06T19:11:51.883688+00:00, run_after=2026-06-07T19:11:51.883688+00:00
[2026-06-07T19:11:51.994+0000] {processor.py:179} INFO - Processing /home/airflow/.local/lib/python3.8/site-packages/airflow/example_dags/example_task_group_decorator.py took 0.557 seconds
[2026-06-07T19:12:22.682+0000] {processor.py:157} INFO - Started process (PID=381) to work on /home/airflow/.local/lib/python3.8/site-packages/airflow/example_dags/example_task_group_decorator.py
[2026-06-07T19:12:22.694+0000] {processor.py:829} INFO - Processing file /home/airflow/.local/lib/python3.8/site-packages/airflow/example_dags/example_task_group_decorator.py for tasks to queue
[2026-06-07T19:12:22.697+0000] {logging_mixin.py:154} INFO - [2026-06-07T19:12:22.697+0000] {dagbag.py:536} INFO - Filling up the DagBag from /home/airflow/.local/lib/python3.8/site-packages/airflow/example_dags/example_task_group_decorator.py
[2026-06-07T19:12:22.741+0000] {processor.py:839} INFO - DAG(s) dict_keys(['example_task_group_decorator']) retrieved from /home/airflow/.local/lib/python3.8/site-packages/airflow/example_dags/example_task_group_decorator.py
[2026-06-07T19:12:22.838+0000] {logging_mixin.py:154} INFO - [2026-06-07T19:12:22.838+0000] {dag.py:2941} INFO - Sync 1 DAGs
[2026-06-07T19:12:22.964+0000] {logging_mixin.py:154} INFO - [2026-06-07T19:12:22.963+0000] {dag.py:3722} INFO - Setting next_dagrun for example_task_group_decorator to 2026-06-06T19:12:22.963644+00:00, run_after=2026-06-07T19:12:22.963644+00:00
[2026-06-07T19:12:23.072+0000] {processor.py:179} INFO - Processing /home/airflow/.local/lib/python3.8/site-packages/airflow/example_dags/example_task_group_decorator.py took 0.401 seconds
[2026-06-07T19:12:53.161+0000] {processor.py:157} INFO - Started process (PID=430) to work on /home/airflow/.local/lib/python3.8/site-packages/airflow/example_dags/example_task_group_decorator.py
[2026-06-07T19:12:53.161+0000] {processor.py:829} INFO - Processing file /home/airflow/.local/lib/python3.8/site-packages/airflow/example_dags/example_task_group_decorator.py for tasks to queue
[2026-06-07T19:12:53.163+0000] {logging_mixin.py:154} INFO - [2026-06-07T19:12:53.163+0000] {dagbag.py:536} INFO - Filling up the DagBag from /home/airflow/.local/lib/python3.8/site-packages/airflow/example_dags/example_task_group_decorator.py
[2026-06-07T19:12:53.179+0000] {processor.py:839} INFO - DAG(s) dict_keys(['example_task_group_decorator']) retrieved from /home/airflow/.local/lib/python3.8/site-packages/airflow/example_dags/example_task_group_decorator.py
[2026-06-07T19:12:53.206+0000] {logging_mixin.py:154} INFO - [2026-06-07T19:12:53.206+0000] {dag.py:2941} INFO - Sync 1 DAGs
[2026-06-07T19:12:53.229+0000] {logging_mixin.py:154} INFO - [2026-06-07T19:12:53.229+0000] {dag.py:3722} INFO - Setting next_dagrun for example_task_group_decorator to 2026-06-06T19:12:53.229333+00:00, run_after=2026-06-07T19:12:53.229333+00:00
[2026-06-07T19:12:53.249+0000] {processor.py:179} INFO - Processing /home/airflow/.local/lib/python3.8/site-packages/airflow/example_dags/example_task_group_decorator.py took 0.092 seconds
[2026-06-07T19:13:23.423+0000] {processor.py:157} INFO - Started process (PID=479) to work on /home/airflow/.local/lib/python3.8/site-packages/airflow/example_dags/example_task_group_decorator.py
[2026-06-07T19:13:23.430+0000] {processor.py:829} INFO - Processing file /home/airflow/.local/lib/python3.8/site-packages/airflow/example_dags/example_task_group_decorator.py for tasks to queue
[2026-06-07T19:13:23.432+0000] {logging_mixin.py:154} INFO - [2026-06-07T19:13:23.432+0000] {dagbag.py:536} INFO - Filling up the DagBag from /home/airflow/.local/lib/python3.8/site-packages/airflow/example_dags/example_task_group_decorator.py
[2026-06-07T19:13:23.455+0000] {processor.py:839} INFO - DAG(s) dict_keys(['example_task_group_decorator']) retrieved from /home/airflow/.local/lib/python3.8/site-packages/airflow/example_dags/example_task_group_decorator.py
[2026-06-07T19:13:23.492+0000] {logging_mixin.py:154} INFO - [2026-06-07T19:13:23.492+0000] {dag.py:2941} INFO - Sync 1 DAGs
[2026-06-07T19:13:23.524+0000] {logging_mixin.py:154} INFO - [2026-06-07T19:13:23.524+0000] {dag.py:3722} INFO - Setting next_dagrun for example_task_group_decorator to 2026-06-06T19:13:23.523856+00:00, run_after=2026-06-07T19:13:23.523856+00:00
[2026-06-07T19:13:23.546+0000] {processor.py:179} INFO - Processing /home/airflow/.local/lib/python3.8/site-packages/airflow/example_dags/example_task_group_decorator.py took 0.138 seconds
[2026-06-07T19:13:54.303+0000] {processor.py:157} INFO - Started process (PID=528) to work on /home/airflow/.local/lib/python3.8/site-packages/airflow/example_dags/example_task_group_decorator.py
[2026-06-07T19:13:54.304+0000] {processor.py:829} INFO - Processing file /home/airflow/.local/lib/python3.8/site-packages/airflow/example_dags/example_task_group_decorator.py for tasks to queue
[2026-06-07T19:13:54.307+0000] {logging_mixin.py:154} INFO - [2026-06-07T19:13:54.307+0000] {dagbag.py:536} INFO - Filling up the DagBag from /home/airflow/.local/lib/python3.8/site-packages/airflow/example_dags/example_task_group_decorator.py
[2026-06-07T19:13:54.330+0000] {processor.py:839} INFO - DAG(s) dict_keys(['example_task_group_decorator']) retrieved from /home/airflow/.local/lib/python3.8/site-packages/airflow/example_dags/example_task_group_decorator.py
[2026-06-07T19:13:54.368+0000] {logging_mixin.py:154} INFO - [2026-06-07T19:13:54.367+0000] {dag.py:2941} INFO - Sync 1 DAGs
[2026-06-07T19:13:54.401+0000] {logging_mixin.py:154} INFO - [2026-06-07T19:13:54.401+0000] {dag.py:3722} INFO - Setting next_dagrun for example_task_group_decorator to 2026-06-06T19:13:54.401099+00:00, run_after=2026-06-07T19:13:54.401099+00:00
[2026-06-07T19:13:54.425+0000] {processor.py:179} INFO - Processing /home/airflow/.local/lib/python3.8/site-packages/airflow/example_dags/example_task_group_decorator.py took 0.126 seconds
[2026-06-07T19:14:24.758+0000] {processor.py:157} INFO - Started process (PID=577) to work on /home/airflow/.local/lib/python3.8/site-packages/airflow/example_dags/example_task_group_decorator.py
[2026-06-07T19:14:24.760+0000] {processor.py:829} INFO - Processing file /home/airflow/.local/lib/python3.8/site-packages/airflow/example_dags/example_task_group_decorator.py for tasks to queue
[2026-06-07T19:14:24.763+0000] {logging_mixin.py:154} INFO - [2026-06-07T19:14:24.763+0000] {dagbag.py:536} INFO - Filling up the DagBag from /home/airflow/.local/lib/python3.8/site-packages/airflow/example_dags/example_task_group_decorator.py
[2026-06-07T19:14:24.786+0000] {processor.py:839} INFO - DAG(s) dict_keys(['example_task_group_decorator']) retrieved from /home/airflow/.local/lib/python3.8/site-packages/airflow/example_dags/example_task_group_decorator.py
[2026-06-07T19:14:24.823+0000] {logging_mixin.py:154} INFO - [2026-06-07T19:14:24.823+0000] {dag.py:2941} INFO - Sync 1 DAGs
[2026-06-07T19:14:24.858+0000] {logging_mixin.py:154} INFO - [2026-06-07T19:14:24.858+0000] {dag.py:3722} INFO - Setting next_dagrun for example_task_group_decorator to 2026-06-06T19:14:24.858123+00:00, run_after=2026-06-07T19:14:24.858123+00:00
[2026-06-07T19:14:24.910+0000] {processor.py:179} INFO - Processing /home/airflow/.local/lib/python3.8/site-packages/airflow/example_dags/example_task_group_decorator.py took 0.159 seconds
[2026-06-07T19:14:55.482+0000] {processor.py:157} INFO - Started process (PID=627) to work on /home/airflow/.local/lib/python3.8/site-packages/airflow/example_dags/example_task_group_decorator.py
[2026-06-07T19:14:55.486+0000] {processor.py:829} INFO - Processing file /home/airflow/.local/lib/python3.8/site-packages/airflow/example_dags/example_task_group_decorator.py for tasks to queue
[2026-06-07T19:14:55.489+0000] {logging_mixin.py:154} INFO - [2026-06-07T19:14:55.489+0000] {dagbag.py:536} INFO - Filling up the DagBag from /home/airflow/.local/lib/python3.8/site-packages/airflow/example_dags/example_task_group_decorator.py
[2026-06-07T19:14:55.562+0000] {processor.py:839} INFO - DAG(s) dict_keys(['example_task_group_decorator']) retrieved from /home/airflow/.local/lib/python3.8/site-packages/airflow/example_dags/example_task_group_decorator.py
[2026-06-07T19:14:55.667+0000] {logging_mixin.py:154} INFO - [2026-06-07T19:14:55.666+0000] {dag.py:2941} INFO - Sync 1 DAGs
[2026-06-07T19:14:55.729+0000] {logging_mixin.py:154} INFO - [2026-06-07T19:14:55.729+0000] {dag.py:3722} INFO - Setting next_dagrun for example_task_group_decorator to 2026-06-06T19:14:55.728815+00:00, run_after=2026-06-07T19:14:55.728815+00:00
[2026-06-07T19:14:55.779+0000] {processor.py:179} INFO - Processing /home/airflow/.local/lib/python3.8/site-packages/airflow/example_dags/example_task_group_decorator.py took 0.309 seconds
[2026-06-07T19:17:38.330+0000] {processor.py:157} INFO - Started process (PID=40) to work on /home/airflow/.local/lib/python3.8/site-packages/airflow/example_dags/example_task_group_decorator.py
[2026-06-07T19:17:38.343+0000] {processor.py:829} INFO - Processing file /home/airflow/.local/lib/python3.8/site-packages/airflow/example_dags/example_task_group_decorator.py for tasks to queue
[2026-06-07T19:17:38.348+0000] {logging_mixin.py:154} INFO - [2026-06-07T19:17:38.348+0000] {dagbag.py:536} INFO - Filling up the DagBag from /home/airflow/.local/lib/python3.8/site-packages/airflow/example_dags/example_task_group_decorator.py
[2026-06-07T19:17:38.449+0000] {processor.py:839} INFO - DAG(s) dict_keys(['example_task_group_decorator']) retrieved from /home/airflow/.local/lib/python3.8/site-packages/airflow/example_dags/example_task_group_decorator.py
[2026-06-07T19:17:38.708+0000] {logging_mixin.py:154} INFO - [2026-06-07T19:17:38.708+0000] {dag.py:2941} INFO - Sync 1 DAGs
[2026-06-07T19:17:38.815+0000] {logging_mixin.py:154} INFO - [2026-06-07T19:17:38.815+0000] {dag.py:3722} INFO - Setting next_dagrun for example_task_group_decorator to 2026-06-06T19:17:38.814716+00:00, run_after=2026-06-07T19:17:38.814716+00:00
[2026-06-07T19:17:38.898+0000] {processor.py:179} INFO - Processing /home/airflow/.local/lib/python3.8/site-packages/airflow/example_dags/example_task_group_decorator.py took 0.607 seconds
[2026-06-07T19:18:09.158+0000] {processor.py:157} INFO - Started process (PID=89) to work on /home/airflow/.local/lib/python3.8/site-packages/airflow/example_dags/example_task_group_decorator.py
[2026-06-07T19:18:09.159+0000] {processor.py:829} INFO - Processing file /home/airflow/.local/lib/python3.8/site-packages/airflow/example_dags/example_task_group_decorator.py for tasks to queue
[2026-06-07T19:18:09.162+0000] {logging_mixin.py:154} INFO - [2026-06-07T19:18:09.162+0000] {dagbag.py:536} INFO - Filling up the DagBag from /home/airflow/.local/lib/python3.8/site-packages/airflow/example_dags/example_task_group_decorator.py
[2026-06-07T19:18:09.185+0000] {processor.py:839} INFO - DAG(s) dict_keys(['example_task_group_decorator']) retrieved from /home/airflow/.local/lib/python3.8/site-packages/airflow/example_dags/example_task_group_decorator.py
[2026-06-07T19:18:09.223+0000] {logging_mixin.py:154} INFO - [2026-06-07T19:18:09.223+0000] {dag.py:2941} INFO - Sync 1 DAGs
[2026-06-07T19:18:09.257+0000] {logging_mixin.py:154} INFO - [2026-06-07T19:18:09.256+0000] {dag.py:3722} INFO - Setting next_dagrun for example_task_group_decorator to 2026-06-06T19:18:09.256500+00:00, run_after=2026-06-07T19:18:09.256500+00:00
[2026-06-07T19:18:09.281+0000] {processor.py:179} INFO - Processing /home/airflow/.local/lib/python3.8/site-packages/airflow/example_dags/example_task_group_decorator.py took 0.127 seconds
[2026-06-07T19:18:39.474+0000] {processor.py:157} INFO - Started process (PID=136) to work on /home/airflow/.local/lib/python3.8/site-packages/airflow/example_dags/example_task_group_decorator.py
[2026-06-07T19:18:39.476+0000] {processor.py:829} INFO - Processing file /home/airflow/.local/lib/python3.8/site-packages/airflow/example_dags/example_task_group_decorator.py for tasks to queue
[2026-06-07T19:18:39.479+0000] {logging_mixin.py:154} INFO - [2026-06-07T19:18:39.479+0000] {dagbag.py:536} INFO - Filling up the DagBag from /home/airflow/.local/lib/python3.8/site-packages/airflow/example_dags/example_task_group_decorator.py
[2026-06-07T19:18:39.503+0000] {processor.py:839} INFO - DAG(s) dict_keys(['example_task_group_decorator']) retrieved from /home/airflow/.local/lib/python3.8/site-packages/airflow/example_dags/example_task_group_decorator.py
[2026-06-07T19:18:39.555+0000] {logging_mixin.py:154} INFO - [2026-06-07T19:18:39.555+0000] {dag.py:2941} INFO - Sync 1 DAGs
[2026-06-07T19:18:39.604+0000] {logging_mixin.py:154} INFO - [2026-06-07T19:18:39.604+0000] {dag.py:3722} INFO - Setting next_dagrun for example_task_group_decorator to 2026-06-06T19:18:39.603706+00:00, run_after=2026-06-07T19:18:39.603706+00:00
[2026-06-07T19:18:39.629+0000] {processor.py:179} INFO - Processing /home/airflow/.local/lib/python3.8/site-packages/airflow/example_dags/example_task_group_decorator.py took 0.159 seconds
[2026-06-07T19:19:09.822+0000] {processor.py:157} INFO - Started process (PID=185) to work on /home/airflow/.local/lib/python3.8/site-packages/airflow/example_dags/example_task_group_decorator.py
[2026-06-07T19:19:09.826+0000] {processor.py:829} INFO - Processing file /home/airflow/.local/lib/python3.8/site-packages/airflow/example_dags/example_task_group_decorator.py for tasks to queue
[2026-06-07T19:19:09.829+0000] {logging_mixin.py:154} INFO - [2026-06-07T19:19:09.829+0000] {dagbag.py:536} INFO - Filling up the DagBag from /home/airflow/.local/lib/python3.8/site-packages/airflow/example_dags/example_task_group_decorator.py
[2026-06-07T19:19:09.894+0000] {processor.py:839} INFO - DAG(s) dict_keys(['example_task_group_decorator']) retrieved from /home/airflow/.local/lib/python3.8/site-packages/airflow/example_dags/example_task_group_decorator.py
[2026-06-07T19:19:09.967+0000] {logging_mixin.py:154} INFO - [2026-06-07T19:19:09.966+0000] {dag.py:2941} INFO - Sync 1 DAGs
[2026-06-07T19:19:10.079+0000] {logging_mixin.py:154} INFO - [2026-06-07T19:19:10.079+0000] {dag.py:3722} INFO - Setting next_dagrun for example_task_group_decorator to 2026-06-06T19:19:10.075005+00:00, run_after=2026-06-07T19:19:10.075005+00:00
[2026-06-07T19:19:10.156+0000] {processor.py:179} INFO - Processing /home/airflow/.local/lib/python3.8/site-packages/airflow/example_dags/example_task_group_decorator.py took 0.349 seconds
[2026-06-07T19:19:40.854+0000] {processor.py:157} INFO - Started process (PID=234) to work on /home/airflow/.local/lib/python3.8/site-packages/airflow/example_dags/example_task_group_decorator.py
[2026-06-07T19:19:40.855+0000] {processor.py:829} INFO - Processing file /home/airflow/.local/lib/python3.8/site-packages/airflow/example_dags/example_task_group_decorator.py for tasks to queue
[2026-06-07T19:19:40.859+0000] {logging_mixin.py:154} INFO - [2026-06-07T19:19:40.859+0000] {dagbag.py:536} INFO - Filling up the DagBag from /home/airflow/.local/lib/python3.8/site-packages/airflow/example_dags/example_task_group_decorator.py
[2026-06-07T19:19:40.884+0000] {processor.py:839} INFO - DAG(s) dict_keys(['example_task_group_decorator']) retrieved from /home/airflow/.local/lib/python3.8/site-packages/airflow/example_dags/example_task_group_decorator.py
[2026-06-07T19:19:40.923+0000] {logging_mixin.py:154} INFO - [2026-06-07T19:19:40.923+0000] {dag.py:2941} INFO - Sync 1 DAGs
[2026-06-07T19:19:40.956+0000] {logging_mixin.py:154} INFO - [2026-06-07T19:19:40.956+0000] {dag.py:3722} INFO - Setting next_dagrun for example_task_group_decorator to 2026-06-06T19:19:40.955921+00:00, run_after=2026-06-07T19:19:40.955921+00:00
[2026-06-07T19:19:40.982+0000] {processor.py:179} INFO - Processing /home/airflow/.local/lib/python3.8/site-packages/airflow/example_dags/example_task_group_decorator.py took 0.133 seconds
[2026-06-07T19:20:11.896+0000] {processor.py:157} INFO - Started process (PID=283) to work on /home/airflow/.local/lib/python3.8/site-packages/airflow/example_dags/example_task_group_decorator.py
[2026-06-07T19:20:11.920+0000] {processor.py:829} INFO - Processing file /home/airflow/.local/lib/python3.8/site-packages/airflow/example_dags/example_task_group_decorator.py for tasks to queue
[2026-06-07T19:20:11.931+0000] {logging_mixin.py:154} INFO - [2026-06-07T19:20:11.930+0000] {dagbag.py:536} INFO - Filling up the DagBag from /home/airflow/.local/lib/python3.8/site-packages/airflow/example_dags/example_task_group_decorator.py
[2026-06-07T19:20:12.006+0000] {processor.py:839} INFO - DAG(s) dict_keys(['example_task_group_decorator']) retrieved from /home/airflow/.local/lib/python3.8/site-packages/airflow/example_dags/example_task_group_decorator.py
[2026-06-07T19:20:12.124+0000] {logging_mixin.py:154} INFO - [2026-06-07T19:20:12.124+0000] {dag.py:2941} INFO - Sync 1 DAGs
[2026-06-07T19:20:12.238+0000] {logging_mixin.py:154} INFO - [2026-06-07T19:20:12.238+0000] {dag.py:3722} INFO - Setting next_dagrun for example_task_group_decorator to 2026-06-06T19:20:12.237824+00:00, run_after=2026-06-07T19:20:12.237824+00:00
[2026-06-07T19:20:12.341+0000] {processor.py:179} INFO - Processing /home/airflow/.local/lib/python3.8/site-packages/airflow/example_dags/example_task_group_decorator.py took 0.469 seconds
[2026-06-07T19:20:42.485+0000] {processor.py:157} INFO - Started process (PID=332) to work on /home/airflow/.local/lib/python3.8/site-packages/airflow/example_dags/example_task_group_decorator.py
[2026-06-07T19:20:42.486+0000] {processor.py:829} INFO - Processing file /home/airflow/.local/lib/python3.8/site-packages/airflow/example_dags/example_task_group_decorator.py for tasks to queue
[2026-06-07T19:20:42.490+0000] {logging_mixin.py:154} INFO - [2026-06-07T19:20:42.489+0000] {dagbag.py:536} INFO - Filling up the DagBag from /home/airflow/.local/lib/python3.8/site-packages/airflow/example_dags/example_task_group_decorator.py
[2026-06-07T19:20:42.511+0000] {processor.py:839} INFO - DAG(s) dict_keys(['example_task_group_decorator']) retrieved from /home/airflow/.local/lib/python3.8/site-packages/airflow/example_dags/example_task_group_decorator.py
[2026-06-07T19:20:42.560+0000] {logging_mixin.py:154} INFO - [2026-06-07T19:20:42.559+0000] {dag.py:2941} INFO - Sync 1 DAGs
[2026-06-07T19:20:42.600+0000] {logging_mixin.py:154} INFO - [2026-06-07T19:20:42.599+0000] {dag.py:3722} INFO - Setting next_dagrun for example_task_group_decorator to 2026-06-06T19:20:42.599269+00:00, run_after=2026-06-07T19:20:42.599269+00:00
[2026-06-07T19:20:42.637+0000] {processor.py:179} INFO - Processing /home/airflow/.local/lib/python3.8/site-packages/airflow/example_dags/example_task_group_decorator.py took 0.157 seconds
[2026-06-07T19:21:12.780+0000] {processor.py:157} INFO - Started process (PID=380) to work on /home/airflow/.local/lib/python3.8/site-packages/airflow/example_dags/example_task_group_decorator.py
[2026-06-07T19:21:12.781+0000] {processor.py:829} INFO - Processing file /home/airflow/.local/lib/python3.8/site-packages/airflow/example_dags/example_task_group_decorator.py for tasks to queue
[2026-06-07T19:21:12.785+0000] {logging_mixin.py:154} INFO - [2026-06-07T19:21:12.784+0000] {dagbag.py:536} INFO - Filling up the DagBag from /home/airflow/.local/lib/python3.8/site-packages/airflow/example_dags/example_task_group_decorator.py
[2026-06-07T19:21:12.819+0000] {processor.py:839} INFO - DAG(s) dict_keys(['example_task_group_decorator']) retrieved from /home/airflow/.local/lib/python3.8/site-packages/airflow/example_dags/example_task_group_decorator.py
[2026-06-07T19:21:12.891+0000] {logging_mixin.py:154} INFO - [2026-06-07T19:21:12.891+0000] {dag.py:2941} INFO - Sync 1 DAGs
[2026-06-07T19:21:12.928+0000] {logging_mixin.py:154} INFO - [2026-06-07T19:21:12.928+0000] {dag.py:3722} INFO - Setting next_dagrun for example_task_group_decorator to 2026-06-06T19:21:12.928252+00:00, run_after=2026-06-07T19:21:12.928252+00:00
[2026-06-07T19:21:12.954+0000] {processor.py:179} INFO - Processing /home/airflow/.local/lib/python3.8/site-packages/airflow/example_dags/example_task_group_decorator.py took 0.192 seconds
[2026-06-07T19:21:43.060+0000] {processor.py:157} INFO - Started process (PID=429) to work on /home/airflow/.local/lib/python3.8/site-packages/airflow/example_dags/example_task_group_decorator.py
[2026-06-07T19:21:43.063+0000] {processor.py:829} INFO - Processing file /home/airflow/.local/lib/python3.8/site-packages/airflow/example_dags/example_task_group_decorator.py for tasks to queue
[2026-06-07T19:21:43.066+0000] {logging_mixin.py:154} INFO - [2026-06-07T19:21:43.065+0000] {dagbag.py:536} INFO - Filling up the DagBag from /home/airflow/.local/lib/python3.8/site-packages/airflow/example_dags/example_task_group_decorator.py
[2026-06-07T19:21:43.088+0000] {processor.py:839} INFO - DAG(s) dict_keys(['example_task_group_decorator']) retrieved from /home/airflow/.local/lib/python3.8/site-packages/airflow/example_dags/example_task_group_decorator.py
[2026-06-07T19:21:43.119+0000] {logging_mixin.py:154} INFO - [2026-06-07T19:21:43.118+0000] {dag.py:2941} INFO - Sync 1 DAGs
[2026-06-07T19:21:43.143+0000] {logging_mixin.py:154} INFO - [2026-06-07T19:21:43.143+0000] {dag.py:3722} INFO - Setting next_dagrun for example_task_group_decorator to 2026-06-06T19:21:43.142965+00:00, run_after=2026-06-07T19:21:43.142965+00:00
[2026-06-07T19:21:43.163+0000] {processor.py:179} INFO - Processing /home/airflow/.local/lib/python3.8/site-packages/airflow/example_dags/example_task_group_decorator.py took 0.108 seconds
[2026-06-07T19:22:13.896+0000] {processor.py:157} INFO - Started process (PID=478) to work on /home/airflow/.local/lib/python3.8/site-packages/airflow/example_dags/example_task_group_decorator.py
[2026-06-07T19:22:13.906+0000] {processor.py:829} INFO - Processing file /home/airflow/.local/lib/python3.8/site-packages/airflow/example_dags/example_task_group_decorator.py for tasks to queue
[2026-06-07T19:22:13.909+0000] {logging_mixin.py:154} INFO - [2026-06-07T19:22:13.908+0000] {dagbag.py:536} INFO - Filling up the DagBag from /home/airflow/.local/lib/python3.8/site-packages/airflow/example_dags/example_task_group_decorator.py
[2026-06-07T19:22:13.985+0000] {processor.py:839} INFO - DAG(s) dict_keys(['example_task_group_decorator']) retrieved from /home/airflow/.local/lib/python3.8/site-packages/airflow/example_dags/example_task_group_decorator.py
[2026-06-07T19:22:14.027+0000] {logging_mixin.py:154} INFO - [2026-06-07T19:22:14.027+0000] {dag.py:2941} INFO - Sync 1 DAGs
[2026-06-07T19:22:14.061+0000] {logging_mixin.py:154} INFO - [2026-06-07T19:22:14.061+0000] {dag.py:3722} INFO - Setting next_dagrun for example_task_group_decorator to 2026-06-06T19:22:14.060841+00:00, run_after=2026-06-07T19:22:14.060841+00:00
[2026-06-07T19:22:14.085+0000] {processor.py:179} INFO - Processing /home/airflow/.local/lib/python3.8/site-packages/airflow/example_dags/example_task_group_decorator.py took 0.193 seconds
[2026-06-07T19:22:44.142+0000] {processor.py:157} INFO - Started process (PID=527) to work on /home/airflow/.local/lib/python3.8/site-packages/airflow/example_dags/example_task_group_decorator.py
[2026-06-07T19:22:44.144+0000] {processor.py:829} INFO - Processing file /home/airflow/.local/lib/python3.8/site-packages/airflow/example_dags/example_task_group_decorator.py for tasks to queue
[2026-06-07T19:22:44.147+0000] {logging_mixin.py:154} INFO - [2026-06-07T19:22:44.146+0000] {dagbag.py:536} INFO - Filling up the DagBag from /home/airflow/.local/lib/python3.8/site-packages/airflow/example_dags/example_task_group_decorator.py
[2026-06-07T19:22:44.169+0000] {processor.py:839} INFO - DAG(s) dict_keys(['example_task_group_decorator']) retrieved from /home/airflow/.local/lib/python3.8/site-packages/airflow/example_dags/example_task_group_decorator.py
[2026-06-07T19:22:44.205+0000] {logging_mixin.py:154} INFO - [2026-06-07T19:22:44.205+0000] {dag.py:2941} INFO - Sync 1 DAGs
[2026-06-07T19:22:44.238+0000] {logging_mixin.py:154} INFO - [2026-06-07T19:22:44.238+0000] {dag.py:3722} INFO - Setting next_dagrun for example_task_group_decorator to 2026-06-06T19:22:44.237915+00:00, run_after=2026-06-07T19:22:44.237915+00:00
[2026-06-07T19:22:44.265+0000] {processor.py:179} INFO - Processing /home/airflow/.local/lib/python3.8/site-packages/airflow/example_dags/example_task_group_decorator.py took 0.128 seconds
[2026-06-07T19:23:14.973+0000] {processor.py:157} INFO - Started process (PID=576) to work on /home/airflow/.local/lib/python3.8/site-packages/airflow/example_dags/example_task_group_decorator.py
[2026-06-07T19:23:14.976+0000] {processor.py:829} INFO - Processing file /home/airflow/.local/lib/python3.8/site-packages/airflow/example_dags/example_task_group_decorator.py for tasks to queue
[2026-06-07T19:23:14.982+0000] {logging_mixin.py:154} INFO - [2026-06-07T19:23:14.981+0000] {dagbag.py:536} INFO - Filling up the DagBag from /home/airflow/.local/lib/python3.8/site-packages/airflow/example_dags/example_task_group_decorator.py
[2026-06-07T19:23:15.015+0000] {processor.py:839} INFO - DAG(s) dict_keys(['example_task_group_decorator']) retrieved from /home/airflow/.local/lib/python3.8/site-packages/airflow/example_dags/example_task_group_decorator.py
[2026-06-07T19:23:15.055+0000] {logging_mixin.py:154} INFO - [2026-06-07T19:23:15.054+0000] {dag.py:2941} INFO - Sync 1 DAGs
[2026-06-07T19:23:15.093+0000] {logging_mixin.py:154} INFO - [2026-06-07T19:23:15.093+0000] {dag.py:3722} INFO - Setting next_dagrun for example_task_group_decorator to 2026-06-06T19:23:15.092797+00:00, run_after=2026-06-07T19:23:15.092797+00:00
[2026-06-07T19:23:15.159+0000] {processor.py:179} INFO - Processing /home/airflow/.local/lib/python3.8/site-packages/airflow/example_dags/example_task_group_decorator.py took 0.194 seconds
[2026-06-07T19:23:46.106+0000] {processor.py:157} INFO - Started process (PID=625) to work on /home/airflow/.local/lib/python3.8/site-packages/airflow/example_dags/example_task_group_decorator.py
[2026-06-07T19:23:46.119+0000] {processor.py:829} INFO - Processing file /home/airflow/.local/lib/python3.8/site-packages/airflow/example_dags/example_task_group_decorator.py for tasks to queue
[2026-06-07T19:23:46.136+0000] {logging_mixin.py:154} INFO - [2026-06-07T19:23:46.134+0000] {dagbag.py:536} INFO - Filling up the DagBag from /home/airflow/.local/lib/python3.8/site-packages/airflow/example_dags/example_task_group_decorator.py
[2026-06-07T19:23:46.270+0000] {processor.py:839} INFO - DAG(s) dict_keys(['example_task_group_decorator']) retrieved from /home/airflow/.local/lib/python3.8/site-packages/airflow/example_dags/example_task_group_decorator.py
[2026-06-07T19:23:46.411+0000] {logging_mixin.py:154} INFO - [2026-06-07T19:23:46.410+0000] {dag.py:2941} INFO - Sync 1 DAGs
[2026-06-07T19:23:46.584+0000] {logging_mixin.py:154} INFO - [2026-06-07T19:23:46.584+0000] {dag.py:3722} INFO - Setting next_dagrun for example_task_group_decorator to 2026-06-06T19:23:46.583722+00:00, run_after=2026-06-07T19:23:46.583722+00:00
[2026-06-07T19:23:46.735+0000] {processor.py:179} INFO - Processing /home/airflow/.local/lib/python3.8/site-packages/airflow/example_dags/example_task_group_decorator.py took 0.711 seconds
[2026-06-07T19:24:17.634+0000] {processor.py:157} INFO - Started process (PID=674) to work on /home/airflow/.local/lib/python3.8/site-packages/airflow/example_dags/example_task_group_decorator.py
[2026-06-07T19:24:17.639+0000] {processor.py:829} INFO - Processing file /home/airflow/.local/lib/python3.8/site-packages/airflow/example_dags/example_task_group_decorator.py for tasks to queue
[2026-06-07T19:24:17.644+0000] {logging_mixin.py:154} INFO - [2026-06-07T19:24:17.644+0000] {dagbag.py:536} INFO - Filling up the DagBag from /home/airflow/.local/lib/python3.8/site-packages/airflow/example_dags/example_task_group_decorator.py
[2026-06-07T19:24:17.671+0000] {processor.py:839} INFO - DAG(s) dict_keys(['example_task_group_decorator']) retrieved from /home/airflow/.local/lib/python3.8/site-packages/airflow/example_dags/example_task_group_decorator.py
[2026-06-07T19:24:17.712+0000] {logging_mixin.py:154} INFO - [2026-06-07T19:24:17.712+0000] {dag.py:2941} INFO - Sync 1 DAGs
[2026-06-07T19:24:17.755+0000] {logging_mixin.py:154} INFO - [2026-06-07T19:24:17.755+0000] {dag.py:3722} INFO - Setting next_dagrun for example_task_group_decorator to 2026-06-06T19:24:17.754800+00:00, run_after=2026-06-07T19:24:17.754800+00:00
[2026-06-07T19:24:17.798+0000] {processor.py:179} INFO - Processing /home/airflow/.local/lib/python3.8/site-packages/airflow/example_dags/example_task_group_decorator.py took 0.171 seconds
[2026-06-07T19:24:47.995+0000] {processor.py:157} INFO - Started process (PID=723) to work on /home/airflow/.local/lib/python3.8/site-packages/airflow/example_dags/example_task_group_decorator.py
[2026-06-07T19:24:47.997+0000] {processor.py:829} INFO - Processing file /home/airflow/.local/lib/python3.8/site-packages/airflow/example_dags/example_task_group_decorator.py for tasks to queue
[2026-06-07T19:24:48.001+0000] {logging_mixin.py:154} INFO - [2026-06-07T19:24:48.000+0000] {dagbag.py:536} INFO - Filling up the DagBag from /home/airflow/.local/lib/python3.8/site-packages/airflow/example_dags/example_task_group_decorator.py
[2026-06-07T19:24:48.018+0000] {processor.py:839} INFO - DAG(s) dict_keys(['example_task_group_decorator']) retrieved from /home/airflow/.local/lib/python3.8/site-packages/airflow/example_dags/example_task_group_decorator.py
[2026-06-07T19:24:48.045+0000] {logging_mixin.py:154} INFO - [2026-06-07T19:24:48.045+0000] {dag.py:2941} INFO - Sync 1 DAGs
[2026-06-07T19:24:48.069+0000] {logging_mixin.py:154} INFO - [2026-06-07T19:24:48.069+0000] {dag.py:3722} INFO - Setting next_dagrun for example_task_group_decorator to 2026-06-06T19:24:48.068816+00:00, run_after=2026-06-07T19:24:48.068816+00:00
[2026-06-07T19:24:48.089+0000] {processor.py:179} INFO - Processing /home/airflow/.local/lib/python3.8/site-packages/airflow/example_dags/example_task_group_decorator.py took 0.097 seconds
[2026-06-07T19:25:18.272+0000] {processor.py:157} INFO - Started process (PID=772) to work on /home/airflow/.local/lib/python3.8/site-packages/airflow/example_dags/example_task_group_decorator.py
[2026-06-07T19:25:18.274+0000] {processor.py:829} INFO - Processing file /home/airflow/.local/lib/python3.8/site-packages/airflow/example_dags/example_task_group_decorator.py for tasks to queue
[2026-06-07T19:25:18.277+0000] {logging_mixin.py:154} INFO - [2026-06-07T19:25:18.276+0000] {dagbag.py:536} INFO - Filling up the DagBag from /home/airflow/.local/lib/python3.8/site-packages/airflow/example_dags/example_task_group_decorator.py
[2026-06-07T19:25:18.296+0000] {processor.py:839} INFO - DAG(s) dict_keys(['example_task_group_decorator']) retrieved from /home/airflow/.local/lib/python3.8/site-packages/airflow/example_dags/example_task_group_decorator.py
[2026-06-07T19:25:18.323+0000] {logging_mixin.py:154} INFO - [2026-06-07T19:25:18.323+0000] {dag.py:2941} INFO - Sync 1 DAGs
[2026-06-07T19:25:18.349+0000] {logging_mixin.py:154} INFO - [2026-06-07T19:25:18.349+0000] {dag.py:3722} INFO - Setting next_dagrun for example_task_group_decorator to 2026-06-06T19:25:18.349338+00:00, run_after=2026-06-07T19:25:18.349338+00:00
[2026-06-07T19:25:18.368+0000] {processor.py:179} INFO - Processing /home/airflow/.local/lib/python3.8/site-packages/airflow/example_dags/example_task_group_decorator.py took 0.100 seconds
[2026-06-07T19:25:48.639+0000] {processor.py:157} INFO - Started process (PID=821) to work on /home/airflow/.local/lib/python3.8/site-packages/airflow/example_dags/example_task_group_decorator.py
[2026-06-07T19:25:48.642+0000] {processor.py:829} INFO - Processing file /home/airflow/.local/lib/python3.8/site-packages/airflow/example_dags/example_task_group_decorator.py for tasks to queue
[2026-06-07T19:25:48.644+0000] {logging_mixin.py:154} INFO - [2026-06-07T19:25:48.644+0000] {dagbag.py:536} INFO - Filling up the DagBag from /home/airflow/.local/lib/python3.8/site-packages/airflow/example_dags/example_task_group_decorator.py
[2026-06-07T19:25:48.662+0000] {processor.py:839} INFO - DAG(s) dict_keys(['example_task_group_decorator']) retrieved from /home/airflow/.local/lib/python3.8/site-packages/airflow/example_dags/example_task_group_decorator.py
[2026-06-07T19:25:48.691+0000] {logging_mixin.py:154} INFO - [2026-06-07T19:25:48.690+0000] {dag.py:2941} INFO - Sync 1 DAGs
[2026-06-07T19:25:48.717+0000] {logging_mixin.py:154} INFO - [2026-06-07T19:25:48.716+0000] {dag.py:3722} INFO - Setting next_dagrun for example_task_group_decorator to 2026-06-06T19:25:48.716607+00:00, run_after=2026-06-07T19:25:48.716607+00:00
[2026-06-07T19:25:48.749+0000] {processor.py:179} INFO - Processing /home/airflow/.local/lib/python3.8/site-packages/airflow/example_dags/example_task_group_decorator.py took 0.114 seconds
[2026-06-07T19:26:18.835+0000] {processor.py:157} INFO - Started process (PID=870) to work on /home/airflow/.local/lib/python3.8/site-packages/airflow/example_dags/example_task_group_decorator.py
[2026-06-07T19:26:18.838+0000] {processor.py:829} INFO - Processing file /home/airflow/.local/lib/python3.8/site-packages/airflow/example_dags/example_task_group_decorator.py for tasks to queue
[2026-06-07T19:26:18.843+0000] {logging_mixin.py:154} INFO - [2026-06-07T19:26:18.842+0000] {dagbag.py:536} INFO - Filling up the DagBag from /home/airflow/.local/lib/python3.8/site-packages/airflow/example_dags/example_task_group_decorator.py
[2026-06-07T19:26:18.920+0000] {processor.py:839} INFO - DAG(s) dict_keys(['example_task_group_decorator']) retrieved from /home/airflow/.local/lib/python3.8/site-packages/airflow/example_dags/example_task_group_decorator.py
[2026-06-07T19:26:19.003+0000] {logging_mixin.py:154} INFO - [2026-06-07T19:26:19.002+0000] {dag.py:2941} INFO - Sync 1 DAGs
[2026-06-07T19:26:19.052+0000] {logging_mixin.py:154} INFO - [2026-06-07T19:26:19.051+0000] {dag.py:3722} INFO - Setting next_dagrun for example_task_group_decorator to 2026-06-06T19:26:19.051590+00:00, run_after=2026-06-07T19:26:19.051590+00:00
[2026-06-07T19:26:19.078+0000] {processor.py:179} INFO - Processing /home/airflow/.local/lib/python3.8/site-packages/airflow/example_dags/example_task_group_decorator.py took 0.265 seconds
[2026-06-07T19:26:49.248+0000] {processor.py:157} INFO - Started process (PID=919) to work on /home/airflow/.local/lib/python3.8/site-packages/airflow/example_dags/example_task_group_decorator.py
[2026-06-07T19:26:49.251+0000] {processor.py:829} INFO - Processing file /home/airflow/.local/lib/python3.8/site-packages/airflow/example_dags/example_task_group_decorator.py for tasks to queue
[2026-06-07T19:26:49.256+0000] {logging_mixin.py:154} INFO - [2026-06-07T19:26:49.255+0000] {dagbag.py:536} INFO - Filling up the DagBag from /home/airflow/.local/lib/python3.8/site-packages/airflow/example_dags/example_task_group_decorator.py
[2026-06-07T19:26:49.303+0000] {processor.py:839} INFO - DAG(s) dict_keys(['example_task_group_decorator']) retrieved from /home/airflow/.local/lib/python3.8/site-packages/airflow/example_dags/example_task_group_decorator.py
[2026-06-07T19:26:49.341+0000] {logging_mixin.py:154} INFO - [2026-06-07T19:26:49.341+0000] {dag.py:2941} INFO - Sync 1 DAGs
[2026-06-07T19:26:49.376+0000] {logging_mixin.py:154} INFO - [2026-06-07T19:26:49.375+0000] {dag.py:3722} INFO - Setting next_dagrun for example_task_group_decorator to 2026-06-06T19:26:49.375353+00:00, run_after=2026-06-07T19:26:49.375353+00:00
[2026-06-07T19:26:49.401+0000] {processor.py:179} INFO - Processing /home/airflow/.local/lib/python3.8/site-packages/airflow/example_dags/example_task_group_decorator.py took 0.158 seconds
[2026-06-07T19:27:21.145+0000] {processor.py:157} INFO - Started process (PID=968) to work on /home/airflow/.local/lib/python3.8/site-packages/airflow/example_dags/example_task_group_decorator.py
[2026-06-07T19:27:21.158+0000] {processor.py:829} INFO - Processing file /home/airflow/.local/lib/python3.8/site-packages/airflow/example_dags/example_task_group_decorator.py for tasks to queue
[2026-06-07T19:27:21.161+0000] {logging_mixin.py:154} INFO - [2026-06-07T19:27:21.160+0000] {dagbag.py:536} INFO - Filling up the DagBag from /home/airflow/.local/lib/python3.8/site-packages/airflow/example_dags/example_task_group_decorator.py
[2026-06-07T19:27:21.200+0000] {processor.py:839} INFO - DAG(s) dict_keys(['example_task_group_decorator']) retrieved from /home/airflow/.local/lib/python3.8/site-packages/airflow/example_dags/example_task_group_decorator.py
[2026-06-07T19:27:21.252+0000] {logging_mixin.py:154} INFO - [2026-06-07T19:27:21.252+0000] {dag.py:2941} INFO - Sync 1 DAGs
[2026-06-07T19:27:21.715+0000] {logging_mixin.py:154} INFO - [2026-06-07T19:27:21.714+0000] {dag.py:3722} INFO - Setting next_dagrun for example_task_group_decorator to 2026-06-06T19:27:21.714620+00:00, run_after=2026-06-07T19:27:21.714620+00:00
[2026-06-07T19:27:21.770+0000] {processor.py:179} INFO - Processing /home/airflow/.local/lib/python3.8/site-packages/airflow/example_dags/example_task_group_decorator.py took 0.642 seconds
[2026-06-07T19:27:52.080+0000] {processor.py:157} INFO - Started process (PID=1017) to work on /home/airflow/.local/lib/python3.8/site-packages/airflow/example_dags/example_task_group_decorator.py
[2026-06-07T19:27:52.088+0000] {processor.py:829} INFO - Processing file /home/airflow/.local/lib/python3.8/site-packages/airflow/example_dags/example_task_group_decorator.py for tasks to queue
[2026-06-07T19:27:52.091+0000] {logging_mixin.py:154} INFO - [2026-06-07T19:27:52.091+0000] {dagbag.py:536} INFO - Filling up the DagBag from /home/airflow/.local/lib/python3.8/site-packages/airflow/example_dags/example_task_group_decorator.py
[2026-06-07T19:27:52.137+0000] {processor.py:839} INFO - DAG(s) dict_keys(['example_task_group_decorator']) retrieved from /home/airflow/.local/lib/python3.8/site-packages/airflow/example_dags/example_task_group_decorator.py
[2026-06-07T19:27:52.207+0000] {logging_mixin.py:154} INFO - [2026-06-07T19:27:52.207+0000] {dag.py:2941} INFO - Sync 1 DAGs
[2026-06-07T19:27:52.242+0000] {logging_mixin.py:154} INFO - [2026-06-07T19:27:52.242+0000] {dag.py:3722} INFO - Setting next_dagrun for example_task_group_decorator to 2026-06-06T19:27:52.242190+00:00, run_after=2026-06-07T19:27:52.242190+00:00
[2026-06-07T19:27:52.671+0000] {processor.py:179} INFO - Processing /home/airflow/.local/lib/python3.8/site-packages/airflow/example_dags/example_task_group_decorator.py took 0.601 seconds
[2026-06-07T19:30:56.370+0000] {processor.py:157} INFO - Started process (PID=40) to work on /home/airflow/.local/lib/python3.8/site-packages/airflow/example_dags/example_task_group_decorator.py
[2026-06-07T19:30:56.372+0000] {processor.py:829} INFO - Processing file /home/airflow/.local/lib/python3.8/site-packages/airflow/example_dags/example_task_group_decorator.py for tasks to queue
[2026-06-07T19:30:56.375+0000] {logging_mixin.py:154} INFO - [2026-06-07T19:30:56.375+0000] {dagbag.py:536} INFO - Filling up the DagBag from /home/airflow/.local/lib/python3.8/site-packages/airflow/example_dags/example_task_group_decorator.py
[2026-06-07T19:30:56.486+0000] {processor.py:839} INFO - DAG(s) dict_keys(['example_task_group_decorator']) retrieved from /home/airflow/.local/lib/python3.8/site-packages/airflow/example_dags/example_task_group_decorator.py
[2026-06-07T19:30:56.655+0000] {logging_mixin.py:154} INFO - [2026-06-07T19:30:56.654+0000] {dag.py:2941} INFO - Sync 1 DAGs
[2026-06-07T19:30:56.755+0000] {logging_mixin.py:154} INFO - [2026-06-07T19:30:56.755+0000] {dag.py:3722} INFO - Setting next_dagrun for example_task_group_decorator to 2026-06-06T19:30:56.754792+00:00, run_after=2026-06-07T19:30:56.754792+00:00
[2026-06-07T19:30:56.826+0000] {processor.py:179} INFO - Processing /home/airflow/.local/lib/python3.8/site-packages/airflow/example_dags/example_task_group_decorator.py took 0.474 seconds
[2026-06-07T19:31:27.187+0000] {processor.py:157} INFO - Started process (PID=89) to work on /home/airflow/.local/lib/python3.8/site-packages/airflow/example_dags/example_task_group_decorator.py
[2026-06-07T19:31:27.189+0000] {processor.py:829} INFO - Processing file /home/airflow/.local/lib/python3.8/site-packages/airflow/example_dags/example_task_group_decorator.py for tasks to queue
[2026-06-07T19:31:27.192+0000] {logging_mixin.py:154} INFO - [2026-06-07T19:31:27.192+0000] {dagbag.py:536} INFO - Filling up the DagBag from /home/airflow/.local/lib/python3.8/site-packages/airflow/example_dags/example_task_group_decorator.py
[2026-06-07T19:31:27.216+0000] {processor.py:839} INFO - DAG(s) dict_keys(['example_task_group_decorator']) retrieved from /home/airflow/.local/lib/python3.8/site-packages/airflow/example_dags/example_task_group_decorator.py
[2026-06-07T19:31:27.253+0000] {logging_mixin.py:154} INFO - [2026-06-07T19:31:27.252+0000] {dag.py:2941} INFO - Sync 1 DAGs
[2026-06-07T19:31:27.285+0000] {logging_mixin.py:154} INFO - [2026-06-07T19:31:27.285+0000] {dag.py:3722} INFO - Setting next_dagrun for example_task_group_decorator to 2026-06-06T19:31:27.284860+00:00, run_after=2026-06-07T19:31:27.284860+00:00
[2026-06-07T19:31:27.310+0000] {processor.py:179} INFO - Processing /home/airflow/.local/lib/python3.8/site-packages/airflow/example_dags/example_task_group_decorator.py took 0.127 seconds
[2026-06-07T19:31:57.390+0000] {processor.py:157} INFO - Started process (PID=136) to work on /home/airflow/.local/lib/python3.8/site-packages/airflow/example_dags/example_task_group_decorator.py
[2026-06-07T19:31:57.392+0000] {processor.py:829} INFO - Processing file /home/airflow/.local/lib/python3.8/site-packages/airflow/example_dags/example_task_group_decorator.py for tasks to queue
[2026-06-07T19:31:57.395+0000] {logging_mixin.py:154} INFO - [2026-06-07T19:31:57.394+0000] {dagbag.py:536} INFO - Filling up the DagBag from /home/airflow/.local/lib/python3.8/site-packages/airflow/example_dags/example_task_group_decorator.py
[2026-06-07T19:31:57.415+0000] {processor.py:839} INFO - DAG(s) dict_keys(['example_task_group_decorator']) retrieved from /home/airflow/.local/lib/python3.8/site-packages/airflow/example_dags/example_task_group_decorator.py
[2026-06-07T19:31:57.443+0000] {logging_mixin.py:154} INFO - [2026-06-07T19:31:57.443+0000] {dag.py:2941} INFO - Sync 1 DAGs
[2026-06-07T19:31:57.467+0000] {logging_mixin.py:154} INFO - [2026-06-07T19:31:57.467+0000] {dag.py:3722} INFO - Setting next_dagrun for example_task_group_decorator to 2026-06-06T19:31:57.466949+00:00, run_after=2026-06-07T19:31:57.466949+00:00
[2026-06-07T19:31:57.487+0000] {processor.py:179} INFO - Processing /home/airflow/.local/lib/python3.8/site-packages/airflow/example_dags/example_task_group_decorator.py took 0.101 seconds
[2026-06-07T19:32:28.166+0000] {processor.py:157} INFO - Started process (PID=185) to work on /home/airflow/.local/lib/python3.8/site-packages/airflow/example_dags/example_task_group_decorator.py
[2026-06-07T19:32:28.171+0000] {processor.py:829} INFO - Processing file /home/airflow/.local/lib/python3.8/site-packages/airflow/example_dags/example_task_group_decorator.py for tasks to queue
[2026-06-07T19:32:28.178+0000] {logging_mixin.py:154} INFO - [2026-06-07T19:32:28.178+0000] {dagbag.py:536} INFO - Filling up the DagBag from /home/airflow/.local/lib/python3.8/site-packages/airflow/example_dags/example_task_group_decorator.py
[2026-06-07T19:32:28.213+0000] {processor.py:839} INFO - DAG(s) dict_keys(['example_task_group_decorator']) retrieved from /home/airflow/.local/lib/python3.8/site-packages/airflow/example_dags/example_task_group_decorator.py
[2026-06-07T19:32:28.249+0000] {logging_mixin.py:154} INFO - [2026-06-07T19:32:28.249+0000] {dag.py:2941} INFO - Sync 1 DAGs
[2026-06-07T19:32:28.282+0000] {logging_mixin.py:154} INFO - [2026-06-07T19:32:28.282+0000] {dag.py:3722} INFO - Setting next_dagrun for example_task_group_decorator to 2026-06-06T19:32:28.281732+00:00, run_after=2026-06-07T19:32:28.281732+00:00
[2026-06-07T19:32:28.322+0000] {processor.py:179} INFO - Processing /home/airflow/.local/lib/python3.8/site-packages/airflow/example_dags/example_task_group_decorator.py took 0.171 seconds
[2026-06-07T19:32:58.538+0000] {processor.py:157} INFO - Started process (PID=234) to work on /home/airflow/.local/lib/python3.8/site-packages/airflow/example_dags/example_task_group_decorator.py
[2026-06-07T19:32:58.540+0000] {processor.py:829} INFO - Processing file /home/airflow/.local/lib/python3.8/site-packages/airflow/example_dags/example_task_group_decorator.py for tasks to queue
[2026-06-07T19:32:58.580+0000] {logging_mixin.py:154} INFO - [2026-06-07T19:32:58.579+0000] {dagbag.py:536} INFO - Filling up the DagBag from /home/airflow/.local/lib/python3.8/site-packages/airflow/example_dags/example_task_group_decorator.py
[2026-06-07T19:32:58.837+0000] {processor.py:839} INFO - DAG(s) dict_keys(['example_task_group_decorator']) retrieved from /home/airflow/.local/lib/python3.8/site-packages/airflow/example_dags/example_task_group_decorator.py
[2026-06-07T19:32:59.133+0000] {logging_mixin.py:154} INFO - [2026-06-07T19:32:59.132+0000] {dag.py:2941} INFO - Sync 1 DAGs
[2026-06-07T19:32:59.672+0000] {logging_mixin.py:154} INFO - [2026-06-07T19:32:59.672+0000] {dag.py:3722} INFO - Setting next_dagrun for example_task_group_decorator to 2026-06-06T19:32:59.671908+00:00, run_after=2026-06-07T19:32:59.671908+00:00
[2026-06-07T19:32:59.952+0000] {processor.py:179} INFO - Processing /home/airflow/.local/lib/python3.8/site-packages/airflow/example_dags/example_task_group_decorator.py took 1.434 seconds
[2026-06-07T19:33:30.437+0000] {processor.py:157} INFO - Started process (PID=283) to work on /home/airflow/.local/lib/python3.8/site-packages/airflow/example_dags/example_task_group_decorator.py
[2026-06-07T19:33:30.443+0000] {processor.py:829} INFO - Processing file /home/airflow/.local/lib/python3.8/site-packages/airflow/example_dags/example_task_group_decorator.py for tasks to queue
[2026-06-07T19:33:30.459+0000] {logging_mixin.py:154} INFO - [2026-06-07T19:33:30.455+0000] {dagbag.py:536} INFO - Filling up the DagBag from /home/airflow/.local/lib/python3.8/site-packages/airflow/example_dags/example_task_group_decorator.py
[2026-06-07T19:33:30.612+0000] {processor.py:839} INFO - DAG(s) dict_keys(['example_task_group_decorator']) retrieved from /home/airflow/.local/lib/python3.8/site-packages/airflow/example_dags/example_task_group_decorator.py
[2026-06-07T19:33:30.721+0000] {logging_mixin.py:154} INFO - [2026-06-07T19:33:30.721+0000] {dag.py:2941} INFO - Sync 1 DAGs
[2026-06-07T19:33:30.839+0000] {logging_mixin.py:154} INFO - [2026-06-07T19:33:30.838+0000] {dag.py:3722} INFO - Setting next_dagrun for example_task_group_decorator to 2026-06-06T19:33:30.837606+00:00, run_after=2026-06-07T19:33:30.837606+00:00
[2026-06-07T19:33:30.864+0000] {processor.py:179} INFO - Processing /home/airflow/.local/lib/python3.8/site-packages/airflow/example_dags/example_task_group_decorator.py took 0.455 seconds
[2026-06-07T19:34:01.010+0000] {processor.py:157} INFO - Started process (PID=332) to work on /home/airflow/.local/lib/python3.8/site-packages/airflow/example_dags/example_task_group_decorator.py
[2026-06-07T19:34:01.013+0000] {processor.py:829} INFO - Processing file /home/airflow/.local/lib/python3.8/site-packages/airflow/example_dags/example_task_group_decorator.py for tasks to queue
[2026-06-07T19:34:01.016+0000] {logging_mixin.py:154} INFO - [2026-06-07T19:34:01.015+0000] {dagbag.py:536} INFO - Filling up the DagBag from /home/airflow/.local/lib/python3.8/site-packages/airflow/example_dags/example_task_group_decorator.py
[2026-06-07T19:34:01.071+0000] {processor.py:839} INFO - DAG(s) dict_keys(['example_task_group_decorator']) retrieved from /home/airflow/.local/lib/python3.8/site-packages/airflow/example_dags/example_task_group_decorator.py
[2026-06-07T19:34:01.178+0000] {logging_mixin.py:154} INFO - [2026-06-07T19:34:01.177+0000] {dag.py:2941} INFO - Sync 1 DAGs
[2026-06-07T19:34:01.261+0000] {logging_mixin.py:154} INFO - [2026-06-07T19:34:01.260+0000] {dag.py:3722} INFO - Setting next_dagrun for example_task_group_decorator to 2026-06-06T19:34:01.260416+00:00, run_after=2026-06-07T19:34:01.260416+00:00
[2026-06-07T19:34:01.386+0000] {processor.py:179} INFO - Processing /home/airflow/.local/lib/python3.8/site-packages/airflow/example_dags/example_task_group_decorator.py took 0.385 seconds
[2026-06-07T19:34:32.388+0000] {processor.py:157} INFO - Started process (PID=381) to work on /home/airflow/.local/lib/python3.8/site-packages/airflow/example_dags/example_task_group_decorator.py
[2026-06-07T19:34:32.389+0000] {processor.py:829} INFO - Processing file /home/airflow/.local/lib/python3.8/site-packages/airflow/example_dags/example_task_group_decorator.py for tasks to queue
[2026-06-07T19:34:32.392+0000] {logging_mixin.py:154} INFO - [2026-06-07T19:34:32.392+0000] {dagbag.py:536} INFO - Filling up the DagBag from /home/airflow/.local/lib/python3.8/site-packages/airflow/example_dags/example_task_group_decorator.py
[2026-06-07T19:34:32.448+0000] {processor.py:839} INFO - DAG(s) dict_keys(['example_task_group_decorator']) retrieved from /home/airflow/.local/lib/python3.8/site-packages/airflow/example_dags/example_task_group_decorator.py
[2026-06-07T19:34:32.499+0000] {logging_mixin.py:154} INFO - [2026-06-07T19:34:32.498+0000] {dag.py:2941} INFO - Sync 1 DAGs
[2026-06-07T19:34:32.533+0000] {logging_mixin.py:154} INFO - [2026-06-07T19:34:32.533+0000] {dag.py:3722} INFO - Setting next_dagrun for example_task_group_decorator to 2026-06-06T19:34:32.533114+00:00, run_after=2026-06-07T19:34:32.533114+00:00
[2026-06-07T19:34:32.555+0000] {processor.py:179} INFO - Processing /home/airflow/.local/lib/python3.8/site-packages/airflow/example_dags/example_task_group_decorator.py took 0.172 seconds
[2026-06-07T19:35:04.121+0000] {processor.py:157} INFO - Started process (PID=430) to work on /home/airflow/.local/lib/python3.8/site-packages/airflow/example_dags/example_task_group_decorator.py
[2026-06-07T19:35:04.132+0000] {processor.py:829} INFO - Processing file /home/airflow/.local/lib/python3.8/site-packages/airflow/example_dags/example_task_group_decorator.py for tasks to queue
[2026-06-07T19:35:04.168+0000] {logging_mixin.py:154} INFO - [2026-06-07T19:35:04.160+0000] {dagbag.py:536} INFO - Filling up the DagBag from /home/airflow/.local/lib/python3.8/site-packages/airflow/example_dags/example_task_group_decorator.py
[2026-06-07T19:35:04.513+0000] {processor.py:839} INFO - DAG(s) dict_keys(['example_task_group_decorator']) retrieved from /home/airflow/.local/lib/python3.8/site-packages/airflow/example_dags/example_task_group_decorator.py
[2026-06-07T19:35:04.817+0000] {logging_mixin.py:154} INFO - [2026-06-07T19:35:04.815+0000] {dag.py:2941} INFO - Sync 1 DAGs
[2026-06-07T19:35:05.017+0000] {logging_mixin.py:154} INFO - [2026-06-07T19:35:05.016+0000] {dag.py:3722} INFO - Setting next_dagrun for example_task_group_decorator to 2026-06-06T19:35:05.014846+00:00, run_after=2026-06-07T19:35:05.014846+00:00
[2026-06-07T19:35:05.203+0000] {processor.py:179} INFO - Processing /home/airflow/.local/lib/python3.8/site-packages/airflow/example_dags/example_task_group_decorator.py took 1.148 seconds
[2026-06-07T19:35:35.782+0000] {processor.py:157} INFO - Started process (PID=478) to work on /home/airflow/.local/lib/python3.8/site-packages/airflow/example_dags/example_task_group_decorator.py
[2026-06-07T19:35:35.784+0000] {processor.py:829} INFO - Processing file /home/airflow/.local/lib/python3.8/site-packages/airflow/example_dags/example_task_group_decorator.py for tasks to queue
[2026-06-07T19:35:35.787+0000] {logging_mixin.py:154} INFO - [2026-06-07T19:35:35.786+0000] {dagbag.py:536} INFO - Filling up the DagBag from /home/airflow/.local/lib/python3.8/site-packages/airflow/example_dags/example_task_group_decorator.py
[2026-06-07T19:35:35.810+0000] {processor.py:839} INFO - DAG(s) dict_keys(['example_task_group_decorator']) retrieved from /home/airflow/.local/lib/python3.8/site-packages/airflow/example_dags/example_task_group_decorator.py
[2026-06-07T19:35:35.855+0000] {logging_mixin.py:154} INFO - [2026-06-07T19:35:35.854+0000] {dag.py:2941} INFO - Sync 1 DAGs
[2026-06-07T19:35:35.889+0000] {logging_mixin.py:154} INFO - [2026-06-07T19:35:35.889+0000] {dag.py:3722} INFO - Setting next_dagrun for example_task_group_decorator to 2026-06-06T19:35:35.888742+00:00, run_after=2026-06-07T19:35:35.888742+00:00
[2026-06-07T19:35:35.914+0000] {processor.py:179} INFO - Processing /home/airflow/.local/lib/python3.8/site-packages/airflow/example_dags/example_task_group_decorator.py took 0.137 seconds
[2026-06-07T19:36:06.813+0000] {processor.py:157} INFO - Started process (PID=527) to work on /home/airflow/.local/lib/python3.8/site-packages/airflow/example_dags/example_task_group_decorator.py
[2026-06-07T19:36:06.814+0000] {processor.py:829} INFO - Processing file /home/airflow/.local/lib/python3.8/site-packages/airflow/example_dags/example_task_group_decorator.py for tasks to queue
[2026-06-07T19:36:06.817+0000] {logging_mixin.py:154} INFO - [2026-06-07T19:36:06.817+0000] {dagbag.py:536} INFO - Filling up the DagBag from /home/airflow/.local/lib/python3.8/site-packages/airflow/example_dags/example_task_group_decorator.py
[2026-06-07T19:36:06.840+0000] {processor.py:839} INFO - DAG(s) dict_keys(['example_task_group_decorator']) retrieved from /home/airflow/.local/lib/python3.8/site-packages/airflow/example_dags/example_task_group_decorator.py
[2026-06-07T19:36:06.881+0000] {logging_mixin.py:154} INFO - [2026-06-07T19:36:06.881+0000] {dag.py:2941} INFO - Sync 1 DAGs
[2026-06-07T19:36:06.918+0000] {logging_mixin.py:154} INFO - [2026-06-07T19:36:06.918+0000] {dag.py:3722} INFO - Setting next_dagrun for example_task_group_decorator to 2026-06-06T19:36:06.918144+00:00, run_after=2026-06-07T19:36:06.918144+00:00
[2026-06-07T19:36:06.944+0000] {processor.py:179} INFO - Processing /home/airflow/.local/lib/python3.8/site-packages/airflow/example_dags/example_task_group_decorator.py took 0.135 seconds
[2026-06-07T19:36:37.362+0000] {processor.py:157} INFO - Started process (PID=576) to work on /home/airflow/.local/lib/python3.8/site-packages/airflow/example_dags/example_task_group_decorator.py
[2026-06-07T19:36:37.366+0000] {processor.py:829} INFO - Processing file /home/airflow/.local/lib/python3.8/site-packages/airflow/example_dags/example_task_group_decorator.py for tasks to queue
[2026-06-07T19:36:37.376+0000] {logging_mixin.py:154} INFO - [2026-06-07T19:36:37.373+0000] {dagbag.py:536} INFO - Filling up the DagBag from /home/airflow/.local/lib/python3.8/site-packages/airflow/example_dags/example_task_group_decorator.py
[2026-06-07T19:36:37.416+0000] {processor.py:839} INFO - DAG(s) dict_keys(['example_task_group_decorator']) retrieved from /home/airflow/.local/lib/python3.8/site-packages/airflow/example_dags/example_task_group_decorator.py
[2026-06-07T19:36:37.503+0000] {logging_mixin.py:154} INFO - [2026-06-07T19:36:37.502+0000] {dag.py:2941} INFO - Sync 1 DAGs
[2026-06-07T19:36:37.562+0000] {logging_mixin.py:154} INFO - [2026-06-07T19:36:37.562+0000] {dag.py:3722} INFO - Setting next_dagrun for example_task_group_decorator to 2026-06-06T19:36:37.562301+00:00, run_after=2026-06-07T19:36:37.562301+00:00
[2026-06-07T19:36:37.611+0000] {processor.py:179} INFO - Processing /home/airflow/.local/lib/python3.8/site-packages/airflow/example_dags/example_task_group_decorator.py took 0.255 seconds
