[2026-06-09T09:21:55.813+0000] {processor.py:157} INFO - Started process (PID=30) to work on /home/airflow/.local/lib/python3.10/site-packages/airflow/example_dags/example_branch_labels.py
[2026-06-09T09:21:55.832+0000] {processor.py:829} INFO - Processing file /home/airflow/.local/lib/python3.10/site-packages/airflow/example_dags/example_branch_labels.py for tasks to queue
[2026-06-09T09:21:55.846+0000] {logging_mixin.py:154} INFO - [2026-06-09T09:21:55.834+0000] {dagbag.py:536} INFO - Filling up the DagBag from /home/airflow/.local/lib/python3.10/site-packages/airflow/example_dags/example_branch_labels.py
[2026-06-09T09:21:55.937+0000] {processor.py:839} INFO - DAG(s) dict_keys(['example_branch_labels']) retrieved from /home/airflow/.local/lib/python3.10/site-packages/airflow/example_dags/example_branch_labels.py
[2026-06-09T09:21:56.140+0000] {logging_mixin.py:154} INFO - [2026-06-09T09:21:56.140+0000] {dag.py:2941} INFO - Sync 1 DAGs
[2026-06-09T09:21:56.329+0000] {logging_mixin.py:154} INFO - [2026-06-09T09:21:56.329+0000] {dag.py:3722} INFO - Setting next_dagrun for example_branch_labels to 2026-06-08T00:00:00+00:00, run_after=2026-06-09T00:00:00+00:00
[2026-06-09T09:21:56.451+0000] {processor.py:179} INFO - Processing /home/airflow/.local/lib/python3.10/site-packages/airflow/example_dags/example_branch_labels.py took 0.691 seconds
[2026-06-09T09:24:06.902+0000] {processor.py:157} INFO - Started process (PID=81) to work on /home/airflow/.local/lib/python3.10/site-packages/airflow/example_dags/example_branch_labels.py
[2026-06-09T09:24:06.934+0000] {processor.py:829} INFO - Processing file /home/airflow/.local/lib/python3.10/site-packages/airflow/example_dags/example_branch_labels.py for tasks to queue
[2026-06-09T09:24:06.937+0000] {logging_mixin.py:154} INFO - [2026-06-09T09:24:06.936+0000] {dagbag.py:536} INFO - Filling up the DagBag from /home/airflow/.local/lib/python3.10/site-packages/airflow/example_dags/example_branch_labels.py
[2026-06-09T09:24:07.311+0000] {processor.py:839} INFO - DAG(s) dict_keys(['example_branch_labels']) retrieved from /home/airflow/.local/lib/python3.10/site-packages/airflow/example_dags/example_branch_labels.py
[2026-06-09T09:24:09.840+0000] {logging_mixin.py:154} INFO - [2026-06-09T09:24:09.840+0000] {dag.py:2941} INFO - Sync 1 DAGs
[2026-06-09T09:24:09.908+0000] {logging_mixin.py:154} INFO - [2026-06-09T09:24:09.907+0000] {dag.py:3722} INFO - Setting next_dagrun for example_branch_labels to 2026-06-08T00:00:00+00:00, run_after=2026-06-09T00:00:00+00:00
[2026-06-09T09:24:10.008+0000] {processor.py:179} INFO - Processing /home/airflow/.local/lib/python3.10/site-packages/airflow/example_dags/example_branch_labels.py took 3.174 seconds
[2026-06-09T09:24:40.740+0000] {processor.py:157} INFO - Started process (PID=132) to work on /home/airflow/.local/lib/python3.10/site-packages/airflow/example_dags/example_branch_labels.py
[2026-06-09T09:24:40.759+0000] {processor.py:829} INFO - Processing file /home/airflow/.local/lib/python3.10/site-packages/airflow/example_dags/example_branch_labels.py for tasks to queue
[2026-06-09T09:24:40.762+0000] {logging_mixin.py:154} INFO - [2026-06-09T09:24:40.762+0000] {dagbag.py:536} INFO - Filling up the DagBag from /home/airflow/.local/lib/python3.10/site-packages/airflow/example_dags/example_branch_labels.py
[2026-06-09T09:24:40.818+0000] {processor.py:839} INFO - DAG(s) dict_keys(['example_branch_labels']) retrieved from /home/airflow/.local/lib/python3.10/site-packages/airflow/example_dags/example_branch_labels.py
[2026-06-09T09:24:40.967+0000] {logging_mixin.py:154} INFO - [2026-06-09T09:24:40.967+0000] {dag.py:2941} INFO - Sync 1 DAGs
[2026-06-09T09:24:41.179+0000] {logging_mixin.py:154} INFO - [2026-06-09T09:24:41.174+0000] {dag.py:3722} INFO - Setting next_dagrun for example_branch_labels to 2026-06-08T00:00:00+00:00, run_after=2026-06-09T00:00:00+00:00
[2026-06-09T09:24:41.325+0000] {processor.py:179} INFO - Processing /home/airflow/.local/lib/python3.10/site-packages/airflow/example_dags/example_branch_labels.py took 0.622 seconds
[2026-06-09T09:27:05.496+0000] {processor.py:157} INFO - Started process (PID=183) to work on /home/airflow/.local/lib/python3.10/site-packages/airflow/example_dags/example_branch_labels.py
[2026-06-09T09:27:05.526+0000] {processor.py:829} INFO - Processing file /home/airflow/.local/lib/python3.10/site-packages/airflow/example_dags/example_branch_labels.py for tasks to queue
[2026-06-09T09:27:05.528+0000] {logging_mixin.py:154} INFO - [2026-06-09T09:27:05.527+0000] {dagbag.py:536} INFO - Filling up the DagBag from /home/airflow/.local/lib/python3.10/site-packages/airflow/example_dags/example_branch_labels.py
[2026-06-09T09:27:06.033+0000] {processor.py:839} INFO - DAG(s) dict_keys(['example_branch_labels']) retrieved from /home/airflow/.local/lib/python3.10/site-packages/airflow/example_dags/example_branch_labels.py
[2026-06-09T09:27:08.081+0000] {logging_mixin.py:154} INFO - [2026-06-09T09:27:08.081+0000] {dag.py:2941} INFO - Sync 1 DAGs
[2026-06-09T09:27:08.186+0000] {logging_mixin.py:154} INFO - [2026-06-09T09:27:08.185+0000] {dag.py:3722} INFO - Setting next_dagrun for example_branch_labels to 2026-06-08T00:00:00+00:00, run_after=2026-06-09T00:00:00+00:00
[2026-06-09T09:27:08.218+0000] {processor.py:179} INFO - Processing /home/airflow/.local/lib/python3.10/site-packages/airflow/example_dags/example_branch_labels.py took 2.784 seconds
[2026-06-09T09:29:34.550+0000] {processor.py:157} INFO - Started process (PID=28) to work on /home/airflow/.local/lib/python3.10/site-packages/airflow/example_dags/example_branch_labels.py
[2026-06-09T09:29:34.563+0000] {processor.py:829} INFO - Processing file /home/airflow/.local/lib/python3.10/site-packages/airflow/example_dags/example_branch_labels.py for tasks to queue
[2026-06-09T09:29:34.573+0000] {logging_mixin.py:154} INFO - [2026-06-09T09:29:34.569+0000] {dagbag.py:536} INFO - Filling up the DagBag from /home/airflow/.local/lib/python3.10/site-packages/airflow/example_dags/example_branch_labels.py
[2026-06-09T09:29:34.606+0000] {processor.py:839} INFO - DAG(s) dict_keys(['example_branch_labels']) retrieved from /home/airflow/.local/lib/python3.10/site-packages/airflow/example_dags/example_branch_labels.py
[2026-06-09T09:29:34.681+0000] {logging_mixin.py:154} INFO - [2026-06-09T09:29:34.680+0000] {dag.py:2941} INFO - Sync 1 DAGs
[2026-06-09T09:29:34.822+0000] {logging_mixin.py:154} INFO - [2026-06-09T09:29:34.821+0000] {dag.py:3722} INFO - Setting next_dagrun for example_branch_labels to 2026-06-08T00:00:00+00:00, run_after=2026-06-09T00:00:00+00:00
[2026-06-09T09:29:34.958+0000] {processor.py:179} INFO - Processing /home/airflow/.local/lib/python3.10/site-packages/airflow/example_dags/example_branch_labels.py took 0.416 seconds
[2026-06-09T09:30:05.561+0000] {processor.py:157} INFO - Started process (PID=79) to work on /home/airflow/.local/lib/python3.10/site-packages/airflow/example_dags/example_branch_labels.py
[2026-06-09T09:30:05.564+0000] {processor.py:829} INFO - Processing file /home/airflow/.local/lib/python3.10/site-packages/airflow/example_dags/example_branch_labels.py for tasks to queue
[2026-06-09T09:30:05.566+0000] {logging_mixin.py:154} INFO - [2026-06-09T09:30:05.566+0000] {dagbag.py:536} INFO - Filling up the DagBag from /home/airflow/.local/lib/python3.10/site-packages/airflow/example_dags/example_branch_labels.py
[2026-06-09T09:30:05.577+0000] {processor.py:839} INFO - DAG(s) dict_keys(['example_branch_labels']) retrieved from /home/airflow/.local/lib/python3.10/site-packages/airflow/example_dags/example_branch_labels.py
[2026-06-09T09:30:05.608+0000] {logging_mixin.py:154} INFO - [2026-06-09T09:30:05.608+0000] {dag.py:2941} INFO - Sync 1 DAGs
[2026-06-09T09:30:05.642+0000] {logging_mixin.py:154} INFO - [2026-06-09T09:30:05.641+0000] {dag.py:3722} INFO - Setting next_dagrun for example_branch_labels to 2026-06-08T00:00:00+00:00, run_after=2026-06-09T00:00:00+00:00
[2026-06-09T09:30:05.664+0000] {processor.py:179} INFO - Processing /home/airflow/.local/lib/python3.10/site-packages/airflow/example_dags/example_branch_labels.py took 0.112 seconds
[2026-06-09T09:30:37.020+0000] {processor.py:157} INFO - Started process (PID=130) to work on /home/airflow/.local/lib/python3.10/site-packages/airflow/example_dags/example_branch_labels.py
[2026-06-09T09:30:37.023+0000] {processor.py:829} INFO - Processing file /home/airflow/.local/lib/python3.10/site-packages/airflow/example_dags/example_branch_labels.py for tasks to queue
[2026-06-09T09:30:37.029+0000] {logging_mixin.py:154} INFO - [2026-06-09T09:30:37.028+0000] {dagbag.py:536} INFO - Filling up the DagBag from /home/airflow/.local/lib/python3.10/site-packages/airflow/example_dags/example_branch_labels.py
[2026-06-09T09:30:37.063+0000] {processor.py:839} INFO - DAG(s) dict_keys(['example_branch_labels']) retrieved from /home/airflow/.local/lib/python3.10/site-packages/airflow/example_dags/example_branch_labels.py
[2026-06-09T09:30:37.106+0000] {logging_mixin.py:154} INFO - [2026-06-09T09:30:37.105+0000] {dag.py:2941} INFO - Sync 1 DAGs
[2026-06-09T09:30:37.142+0000] {logging_mixin.py:154} INFO - [2026-06-09T09:30:37.142+0000] {dag.py:3722} INFO - Setting next_dagrun for example_branch_labels to 2026-06-08T00:00:00+00:00, run_after=2026-06-09T00:00:00+00:00
[2026-06-09T09:30:37.166+0000] {processor.py:179} INFO - Processing /home/airflow/.local/lib/python3.10/site-packages/airflow/example_dags/example_branch_labels.py took 0.151 seconds
[2026-06-09T09:31:12.517+0000] {processor.py:157} INFO - Started process (PID=181) to work on /home/airflow/.local/lib/python3.10/site-packages/airflow/example_dags/example_branch_labels.py
[2026-06-09T09:31:12.522+0000] {processor.py:829} INFO - Processing file /home/airflow/.local/lib/python3.10/site-packages/airflow/example_dags/example_branch_labels.py for tasks to queue
[2026-06-09T09:31:12.525+0000] {logging_mixin.py:154} INFO - [2026-06-09T09:31:12.524+0000] {dagbag.py:536} INFO - Filling up the DagBag from /home/airflow/.local/lib/python3.10/site-packages/airflow/example_dags/example_branch_labels.py
[2026-06-09T09:31:12.550+0000] {processor.py:839} INFO - DAG(s) dict_keys(['example_branch_labels']) retrieved from /home/airflow/.local/lib/python3.10/site-packages/airflow/example_dags/example_branch_labels.py
[2026-06-09T09:31:12.623+0000] {logging_mixin.py:154} INFO - [2026-06-09T09:31:12.622+0000] {dag.py:2941} INFO - Sync 1 DAGs
[2026-06-09T09:31:12.710+0000] {logging_mixin.py:154} INFO - [2026-06-09T09:31:12.710+0000] {dag.py:3722} INFO - Setting next_dagrun for example_branch_labels to 2026-06-08T00:00:00+00:00, run_after=2026-06-09T00:00:00+00:00
[2026-06-09T09:31:12.786+0000] {processor.py:179} INFO - Processing /home/airflow/.local/lib/python3.10/site-packages/airflow/example_dags/example_branch_labels.py took 0.280 seconds
[2026-06-09T09:31:48.877+0000] {processor.py:157} INFO - Started process (PID=232) to work on /home/airflow/.local/lib/python3.10/site-packages/airflow/example_dags/example_branch_labels.py
[2026-06-09T09:31:48.955+0000] {processor.py:829} INFO - Processing file /home/airflow/.local/lib/python3.10/site-packages/airflow/example_dags/example_branch_labels.py for tasks to queue
[2026-06-09T09:31:48.973+0000] {logging_mixin.py:154} INFO - [2026-06-09T09:31:48.969+0000] {dagbag.py:536} INFO - Filling up the DagBag from /home/airflow/.local/lib/python3.10/site-packages/airflow/example_dags/example_branch_labels.py
[2026-06-09T09:31:49.057+0000] {processor.py:839} INFO - DAG(s) dict_keys(['example_branch_labels']) retrieved from /home/airflow/.local/lib/python3.10/site-packages/airflow/example_dags/example_branch_labels.py
[2026-06-09T09:31:49.204+0000] {logging_mixin.py:154} INFO - [2026-06-09T09:31:49.203+0000] {dag.py:2941} INFO - Sync 1 DAGs
[2026-06-09T09:31:49.486+0000] {logging_mixin.py:154} INFO - [2026-06-09T09:31:49.486+0000] {dag.py:3722} INFO - Setting next_dagrun for example_branch_labels to 2026-06-08T00:00:00+00:00, run_after=2026-06-09T00:00:00+00:00
[2026-06-09T09:31:49.633+0000] {processor.py:179} INFO - Processing /home/airflow/.local/lib/python3.10/site-packages/airflow/example_dags/example_branch_labels.py took 0.783 seconds
[2026-06-09T09:32:24.512+0000] {processor.py:157} INFO - Started process (PID=283) to work on /home/airflow/.local/lib/python3.10/site-packages/airflow/example_dags/example_branch_labels.py
[2026-06-09T09:32:24.526+0000] {processor.py:829} INFO - Processing file /home/airflow/.local/lib/python3.10/site-packages/airflow/example_dags/example_branch_labels.py for tasks to queue
[2026-06-09T09:32:24.538+0000] {logging_mixin.py:154} INFO - [2026-06-09T09:32:24.538+0000] {dagbag.py:536} INFO - Filling up the DagBag from /home/airflow/.local/lib/python3.10/site-packages/airflow/example_dags/example_branch_labels.py
[2026-06-09T09:32:24.602+0000] {processor.py:839} INFO - DAG(s) dict_keys(['example_branch_labels']) retrieved from /home/airflow/.local/lib/python3.10/site-packages/airflow/example_dags/example_branch_labels.py
[2026-06-09T09:32:24.787+0000] {logging_mixin.py:154} INFO - [2026-06-09T09:32:24.787+0000] {dag.py:2941} INFO - Sync 1 DAGs
[2026-06-09T09:32:24.977+0000] {logging_mixin.py:154} INFO - [2026-06-09T09:32:24.976+0000] {dag.py:3722} INFO - Setting next_dagrun for example_branch_labels to 2026-06-08T00:00:00+00:00, run_after=2026-06-09T00:00:00+00:00
[2026-06-09T09:32:25.289+0000] {processor.py:179} INFO - Processing /home/airflow/.local/lib/python3.10/site-packages/airflow/example_dags/example_branch_labels.py took 0.813 seconds
[2026-06-09T09:32:55.744+0000] {processor.py:157} INFO - Started process (PID=334) to work on /home/airflow/.local/lib/python3.10/site-packages/airflow/example_dags/example_branch_labels.py
[2026-06-09T09:32:55.745+0000] {processor.py:829} INFO - Processing file /home/airflow/.local/lib/python3.10/site-packages/airflow/example_dags/example_branch_labels.py for tasks to queue
[2026-06-09T09:32:55.747+0000] {logging_mixin.py:154} INFO - [2026-06-09T09:32:55.747+0000] {dagbag.py:536} INFO - Filling up the DagBag from /home/airflow/.local/lib/python3.10/site-packages/airflow/example_dags/example_branch_labels.py
[2026-06-09T09:32:55.759+0000] {processor.py:839} INFO - DAG(s) dict_keys(['example_branch_labels']) retrieved from /home/airflow/.local/lib/python3.10/site-packages/airflow/example_dags/example_branch_labels.py
[2026-06-09T09:32:55.785+0000] {logging_mixin.py:154} INFO - [2026-06-09T09:32:55.785+0000] {dag.py:2941} INFO - Sync 1 DAGs
[2026-06-09T09:32:55.810+0000] {logging_mixin.py:154} INFO - [2026-06-09T09:32:55.810+0000] {dag.py:3722} INFO - Setting next_dagrun for example_branch_labels to 2026-06-08T00:00:00+00:00, run_after=2026-06-09T00:00:00+00:00
[2026-06-09T09:32:55.829+0000] {processor.py:179} INFO - Processing /home/airflow/.local/lib/python3.10/site-packages/airflow/example_dags/example_branch_labels.py took 0.092 seconds
[2026-06-09T09:33:26.539+0000] {processor.py:157} INFO - Started process (PID=385) to work on /home/airflow/.local/lib/python3.10/site-packages/airflow/example_dags/example_branch_labels.py
[2026-06-09T09:33:26.547+0000] {processor.py:829} INFO - Processing file /home/airflow/.local/lib/python3.10/site-packages/airflow/example_dags/example_branch_labels.py for tasks to queue
[2026-06-09T09:33:26.550+0000] {logging_mixin.py:154} INFO - [2026-06-09T09:33:26.549+0000] {dagbag.py:536} INFO - Filling up the DagBag from /home/airflow/.local/lib/python3.10/site-packages/airflow/example_dags/example_branch_labels.py
[2026-06-09T09:33:26.583+0000] {processor.py:839} INFO - DAG(s) dict_keys(['example_branch_labels']) retrieved from /home/airflow/.local/lib/python3.10/site-packages/airflow/example_dags/example_branch_labels.py
[2026-06-09T09:33:26.641+0000] {logging_mixin.py:154} INFO - [2026-06-09T09:33:26.641+0000] {dag.py:2941} INFO - Sync 1 DAGs
[2026-06-09T09:33:26.713+0000] {logging_mixin.py:154} INFO - [2026-06-09T09:33:26.712+0000] {dag.py:3722} INFO - Setting next_dagrun for example_branch_labels to 2026-06-08T00:00:00+00:00, run_after=2026-06-09T00:00:00+00:00
[2026-06-09T09:33:26.744+0000] {processor.py:179} INFO - Processing /home/airflow/.local/lib/python3.10/site-packages/airflow/example_dags/example_branch_labels.py took 0.212 seconds
[2026-06-09T09:41:18.467+0000] {processor.py:157} INFO - Started process (PID=30) to work on /home/airflow/.local/lib/python3.10/site-packages/airflow/example_dags/example_branch_labels.py
[2026-06-09T09:41:18.470+0000] {processor.py:829} INFO - Processing file /home/airflow/.local/lib/python3.10/site-packages/airflow/example_dags/example_branch_labels.py for tasks to queue
[2026-06-09T09:41:18.473+0000] {logging_mixin.py:154} INFO - [2026-06-09T09:41:18.473+0000] {dagbag.py:536} INFO - Filling up the DagBag from /home/airflow/.local/lib/python3.10/site-packages/airflow/example_dags/example_branch_labels.py
[2026-06-09T09:41:18.504+0000] {processor.py:839} INFO - DAG(s) dict_keys(['example_branch_labels']) retrieved from /home/airflow/.local/lib/python3.10/site-packages/airflow/example_dags/example_branch_labels.py
[2026-06-09T09:41:18.622+0000] {logging_mixin.py:154} INFO - [2026-06-09T09:41:18.622+0000] {dag.py:2941} INFO - Sync 1 DAGs
[2026-06-09T09:41:18.703+0000] {logging_mixin.py:154} INFO - [2026-06-09T09:41:18.703+0000] {dag.py:3722} INFO - Setting next_dagrun for example_branch_labels to 2026-06-08T00:00:00+00:00, run_after=2026-06-09T00:00:00+00:00
[2026-06-09T09:41:18.851+0000] {processor.py:179} INFO - Processing /home/airflow/.local/lib/python3.10/site-packages/airflow/example_dags/example_branch_labels.py took 0.393 seconds
[2026-06-09T09:41:50.106+0000] {processor.py:157} INFO - Started process (PID=82) to work on /home/airflow/.local/lib/python3.10/site-packages/airflow/example_dags/example_branch_labels.py
[2026-06-09T09:41:50.115+0000] {processor.py:829} INFO - Processing file /home/airflow/.local/lib/python3.10/site-packages/airflow/example_dags/example_branch_labels.py for tasks to queue
[2026-06-09T09:41:50.120+0000] {logging_mixin.py:154} INFO - [2026-06-09T09:41:50.119+0000] {dagbag.py:536} INFO - Filling up the DagBag from /home/airflow/.local/lib/python3.10/site-packages/airflow/example_dags/example_branch_labels.py
[2026-06-09T09:41:50.140+0000] {processor.py:839} INFO - DAG(s) dict_keys(['example_branch_labels']) retrieved from /home/airflow/.local/lib/python3.10/site-packages/airflow/example_dags/example_branch_labels.py
[2026-06-09T09:41:50.237+0000] {logging_mixin.py:154} INFO - [2026-06-09T09:41:50.237+0000] {dag.py:2941} INFO - Sync 1 DAGs
[2026-06-09T09:41:50.343+0000] {logging_mixin.py:154} INFO - [2026-06-09T09:41:50.343+0000] {dag.py:3722} INFO - Setting next_dagrun for example_branch_labels to 2026-06-08T00:00:00+00:00, run_after=2026-06-09T00:00:00+00:00
[2026-06-09T09:41:50.389+0000] {processor.py:179} INFO - Processing /home/airflow/.local/lib/python3.10/site-packages/airflow/example_dags/example_branch_labels.py took 0.297 seconds
[2026-06-09T09:42:20.870+0000] {processor.py:157} INFO - Started process (PID=132) to work on /home/airflow/.local/lib/python3.10/site-packages/airflow/example_dags/example_branch_labels.py
[2026-06-09T09:42:20.874+0000] {processor.py:829} INFO - Processing file /home/airflow/.local/lib/python3.10/site-packages/airflow/example_dags/example_branch_labels.py for tasks to queue
[2026-06-09T09:42:20.877+0000] {logging_mixin.py:154} INFO - [2026-06-09T09:42:20.876+0000] {dagbag.py:536} INFO - Filling up the DagBag from /home/airflow/.local/lib/python3.10/site-packages/airflow/example_dags/example_branch_labels.py
[2026-06-09T09:42:20.890+0000] {processor.py:839} INFO - DAG(s) dict_keys(['example_branch_labels']) retrieved from /home/airflow/.local/lib/python3.10/site-packages/airflow/example_dags/example_branch_labels.py
[2026-06-09T09:42:20.920+0000] {logging_mixin.py:154} INFO - [2026-06-09T09:42:20.919+0000] {dag.py:2941} INFO - Sync 1 DAGs
[2026-06-09T09:42:20.955+0000] {logging_mixin.py:154} INFO - [2026-06-09T09:42:20.955+0000] {dag.py:3722} INFO - Setting next_dagrun for example_branch_labels to 2026-06-08T00:00:00+00:00, run_after=2026-06-09T00:00:00+00:00
[2026-06-09T09:42:21.019+0000] {processor.py:179} INFO - Processing /home/airflow/.local/lib/python3.10/site-packages/airflow/example_dags/example_branch_labels.py took 0.154 seconds
[2026-06-09T09:42:52.143+0000] {processor.py:157} INFO - Started process (PID=183) to work on /home/airflow/.local/lib/python3.10/site-packages/airflow/example_dags/example_branch_labels.py
[2026-06-09T09:42:52.144+0000] {processor.py:829} INFO - Processing file /home/airflow/.local/lib/python3.10/site-packages/airflow/example_dags/example_branch_labels.py for tasks to queue
[2026-06-09T09:42:52.154+0000] {logging_mixin.py:154} INFO - [2026-06-09T09:42:52.154+0000] {dagbag.py:536} INFO - Filling up the DagBag from /home/airflow/.local/lib/python3.10/site-packages/airflow/example_dags/example_branch_labels.py
[2026-06-09T09:42:52.167+0000] {processor.py:839} INFO - DAG(s) dict_keys(['example_branch_labels']) retrieved from /home/airflow/.local/lib/python3.10/site-packages/airflow/example_dags/example_branch_labels.py
[2026-06-09T09:42:52.257+0000] {logging_mixin.py:154} INFO - [2026-06-09T09:42:52.256+0000] {dag.py:2941} INFO - Sync 1 DAGs
[2026-06-09T09:42:52.322+0000] {logging_mixin.py:154} INFO - [2026-06-09T09:42:52.321+0000] {dag.py:3722} INFO - Setting next_dagrun for example_branch_labels to 2026-06-08T00:00:00+00:00, run_after=2026-06-09T00:00:00+00:00
[2026-06-09T09:42:52.383+0000] {processor.py:179} INFO - Processing /home/airflow/.local/lib/python3.10/site-packages/airflow/example_dags/example_branch_labels.py took 0.256 seconds
[2026-06-09T09:43:26.818+0000] {processor.py:157} INFO - Started process (PID=234) to work on /home/airflow/.local/lib/python3.10/site-packages/airflow/example_dags/example_branch_labels.py
[2026-06-09T09:43:26.831+0000] {processor.py:829} INFO - Processing file /home/airflow/.local/lib/python3.10/site-packages/airflow/example_dags/example_branch_labels.py for tasks to queue
[2026-06-09T09:43:26.851+0000] {logging_mixin.py:154} INFO - [2026-06-09T09:43:26.850+0000] {dagbag.py:536} INFO - Filling up the DagBag from /home/airflow/.local/lib/python3.10/site-packages/airflow/example_dags/example_branch_labels.py
[2026-06-09T09:43:26.949+0000] {processor.py:839} INFO - DAG(s) dict_keys(['example_branch_labels']) retrieved from /home/airflow/.local/lib/python3.10/site-packages/airflow/example_dags/example_branch_labels.py
[2026-06-09T09:43:27.138+0000] {logging_mixin.py:154} INFO - [2026-06-09T09:43:27.138+0000] {dag.py:2941} INFO - Sync 1 DAGs
[2026-06-09T09:43:27.229+0000] {logging_mixin.py:154} INFO - [2026-06-09T09:43:27.229+0000] {dag.py:3722} INFO - Setting next_dagrun for example_branch_labels to 2026-06-08T00:00:00+00:00, run_after=2026-06-09T00:00:00+00:00
[2026-06-09T09:43:27.305+0000] {processor.py:179} INFO - Processing /home/airflow/.local/lib/python3.10/site-packages/airflow/example_dags/example_branch_labels.py took 0.530 seconds
[2026-06-09T09:43:57.604+0000] {processor.py:157} INFO - Started process (PID=285) to work on /home/airflow/.local/lib/python3.10/site-packages/airflow/example_dags/example_branch_labels.py
[2026-06-09T09:43:57.605+0000] {processor.py:829} INFO - Processing file /home/airflow/.local/lib/python3.10/site-packages/airflow/example_dags/example_branch_labels.py for tasks to queue
[2026-06-09T09:43:57.608+0000] {logging_mixin.py:154} INFO - [2026-06-09T09:43:57.607+0000] {dagbag.py:536} INFO - Filling up the DagBag from /home/airflow/.local/lib/python3.10/site-packages/airflow/example_dags/example_branch_labels.py
[2026-06-09T09:43:57.621+0000] {processor.py:839} INFO - DAG(s) dict_keys(['example_branch_labels']) retrieved from /home/airflow/.local/lib/python3.10/site-packages/airflow/example_dags/example_branch_labels.py
[2026-06-09T09:43:57.652+0000] {logging_mixin.py:154} INFO - [2026-06-09T09:43:57.652+0000] {dag.py:2941} INFO - Sync 1 DAGs
[2026-06-09T09:43:57.687+0000] {logging_mixin.py:154} INFO - [2026-06-09T09:43:57.687+0000] {dag.py:3722} INFO - Setting next_dagrun for example_branch_labels to 2026-06-08T00:00:00+00:00, run_after=2026-06-09T00:00:00+00:00
[2026-06-09T09:43:57.710+0000] {processor.py:179} INFO - Processing /home/airflow/.local/lib/python3.10/site-packages/airflow/example_dags/example_branch_labels.py took 0.111 seconds
[2026-06-09T09:44:28.537+0000] {processor.py:157} INFO - Started process (PID=336) to work on /home/airflow/.local/lib/python3.10/site-packages/airflow/example_dags/example_branch_labels.py
[2026-06-09T09:44:28.538+0000] {processor.py:829} INFO - Processing file /home/airflow/.local/lib/python3.10/site-packages/airflow/example_dags/example_branch_labels.py for tasks to queue
[2026-06-09T09:44:28.541+0000] {logging_mixin.py:154} INFO - [2026-06-09T09:44:28.540+0000] {dagbag.py:536} INFO - Filling up the DagBag from /home/airflow/.local/lib/python3.10/site-packages/airflow/example_dags/example_branch_labels.py
[2026-06-09T09:44:28.553+0000] {processor.py:839} INFO - DAG(s) dict_keys(['example_branch_labels']) retrieved from /home/airflow/.local/lib/python3.10/site-packages/airflow/example_dags/example_branch_labels.py
[2026-06-09T09:44:28.584+0000] {logging_mixin.py:154} INFO - [2026-06-09T09:44:28.583+0000] {dag.py:2941} INFO - Sync 1 DAGs
[2026-06-09T09:44:28.619+0000] {logging_mixin.py:154} INFO - [2026-06-09T09:44:28.619+0000] {dag.py:3722} INFO - Setting next_dagrun for example_branch_labels to 2026-06-08T00:00:00+00:00, run_after=2026-06-09T00:00:00+00:00
[2026-06-09T09:44:28.645+0000] {processor.py:179} INFO - Processing /home/airflow/.local/lib/python3.10/site-packages/airflow/example_dags/example_branch_labels.py took 0.114 seconds
[2026-06-09T09:44:58.896+0000] {processor.py:157} INFO - Started process (PID=385) to work on /home/airflow/.local/lib/python3.10/site-packages/airflow/example_dags/example_branch_labels.py
[2026-06-09T09:44:58.909+0000] {processor.py:829} INFO - Processing file /home/airflow/.local/lib/python3.10/site-packages/airflow/example_dags/example_branch_labels.py for tasks to queue
[2026-06-09T09:44:58.914+0000] {logging_mixin.py:154} INFO - [2026-06-09T09:44:58.914+0000] {dagbag.py:536} INFO - Filling up the DagBag from /home/airflow/.local/lib/python3.10/site-packages/airflow/example_dags/example_branch_labels.py
[2026-06-09T09:44:58.955+0000] {processor.py:839} INFO - DAG(s) dict_keys(['example_branch_labels']) retrieved from /home/airflow/.local/lib/python3.10/site-packages/airflow/example_dags/example_branch_labels.py
[2026-06-09T09:44:59.026+0000] {logging_mixin.py:154} INFO - [2026-06-09T09:44:59.025+0000] {dag.py:2941} INFO - Sync 1 DAGs
[2026-06-09T09:44:59.088+0000] {logging_mixin.py:154} INFO - [2026-06-09T09:44:59.087+0000] {dag.py:3722} INFO - Setting next_dagrun for example_branch_labels to 2026-06-08T00:00:00+00:00, run_after=2026-06-09T00:00:00+00:00
[2026-06-09T09:44:59.161+0000] {processor.py:179} INFO - Processing /home/airflow/.local/lib/python3.10/site-packages/airflow/example_dags/example_branch_labels.py took 0.270 seconds
[2026-06-09T09:45:29.467+0000] {processor.py:157} INFO - Started process (PID=434) to work on /home/airflow/.local/lib/python3.10/site-packages/airflow/example_dags/example_branch_labels.py
[2026-06-09T09:45:29.479+0000] {processor.py:829} INFO - Processing file /home/airflow/.local/lib/python3.10/site-packages/airflow/example_dags/example_branch_labels.py for tasks to queue
[2026-06-09T09:45:29.482+0000] {logging_mixin.py:154} INFO - [2026-06-09T09:45:29.482+0000] {dagbag.py:536} INFO - Filling up the DagBag from /home/airflow/.local/lib/python3.10/site-packages/airflow/example_dags/example_branch_labels.py
[2026-06-09T09:45:29.494+0000] {processor.py:839} INFO - DAG(s) dict_keys(['example_branch_labels']) retrieved from /home/airflow/.local/lib/python3.10/site-packages/airflow/example_dags/example_branch_labels.py
[2026-06-09T09:45:29.523+0000] {logging_mixin.py:154} INFO - [2026-06-09T09:45:29.523+0000] {dag.py:2941} INFO - Sync 1 DAGs
[2026-06-09T09:45:29.559+0000] {logging_mixin.py:154} INFO - [2026-06-09T09:45:29.559+0000] {dag.py:3722} INFO - Setting next_dagrun for example_branch_labels to 2026-06-08T00:00:00+00:00, run_after=2026-06-09T00:00:00+00:00
[2026-06-09T09:45:29.580+0000] {processor.py:179} INFO - Processing /home/airflow/.local/lib/python3.10/site-packages/airflow/example_dags/example_branch_labels.py took 0.118 seconds
[2026-06-09T09:46:00.205+0000] {processor.py:157} INFO - Started process (PID=485) to work on /home/airflow/.local/lib/python3.10/site-packages/airflow/example_dags/example_branch_labels.py
[2026-06-09T09:46:00.208+0000] {processor.py:829} INFO - Processing file /home/airflow/.local/lib/python3.10/site-packages/airflow/example_dags/example_branch_labels.py for tasks to queue
[2026-06-09T09:46:00.210+0000] {logging_mixin.py:154} INFO - [2026-06-09T09:46:00.210+0000] {dagbag.py:536} INFO - Filling up the DagBag from /home/airflow/.local/lib/python3.10/site-packages/airflow/example_dags/example_branch_labels.py
[2026-06-09T09:46:00.308+0000] {processor.py:839} INFO - DAG(s) dict_keys(['example_branch_labels']) retrieved from /home/airflow/.local/lib/python3.10/site-packages/airflow/example_dags/example_branch_labels.py
[2026-06-09T09:46:00.510+0000] {logging_mixin.py:154} INFO - [2026-06-09T09:46:00.510+0000] {dag.py:2941} INFO - Sync 1 DAGs
[2026-06-09T09:46:00.744+0000] {logging_mixin.py:154} INFO - [2026-06-09T09:46:00.744+0000] {dag.py:3722} INFO - Setting next_dagrun for example_branch_labels to 2026-06-08T00:00:00+00:00, run_after=2026-06-09T00:00:00+00:00
[2026-06-09T09:46:00.858+0000] {processor.py:179} INFO - Processing /home/airflow/.local/lib/python3.10/site-packages/airflow/example_dags/example_branch_labels.py took 0.678 seconds
[2026-06-09T09:46:31.234+0000] {processor.py:157} INFO - Started process (PID=536) to work on /home/airflow/.local/lib/python3.10/site-packages/airflow/example_dags/example_branch_labels.py
[2026-06-09T09:46:31.236+0000] {processor.py:829} INFO - Processing file /home/airflow/.local/lib/python3.10/site-packages/airflow/example_dags/example_branch_labels.py for tasks to queue
[2026-06-09T09:46:31.239+0000] {logging_mixin.py:154} INFO - [2026-06-09T09:46:31.238+0000] {dagbag.py:536} INFO - Filling up the DagBag from /home/airflow/.local/lib/python3.10/site-packages/airflow/example_dags/example_branch_labels.py
[2026-06-09T09:46:31.251+0000] {processor.py:839} INFO - DAG(s) dict_keys(['example_branch_labels']) retrieved from /home/airflow/.local/lib/python3.10/site-packages/airflow/example_dags/example_branch_labels.py
[2026-06-09T09:46:31.294+0000] {logging_mixin.py:154} INFO - [2026-06-09T09:46:31.294+0000] {dag.py:2941} INFO - Sync 1 DAGs
[2026-06-09T09:46:31.348+0000] {logging_mixin.py:154} INFO - [2026-06-09T09:46:31.348+0000] {dag.py:3722} INFO - Setting next_dagrun for example_branch_labels to 2026-06-08T00:00:00+00:00, run_after=2026-06-09T00:00:00+00:00
[2026-06-09T09:46:31.383+0000] {processor.py:179} INFO - Processing /home/airflow/.local/lib/python3.10/site-packages/airflow/example_dags/example_branch_labels.py took 0.159 seconds
[2026-06-09T09:47:02.281+0000] {processor.py:157} INFO - Started process (PID=587) to work on /home/airflow/.local/lib/python3.10/site-packages/airflow/example_dags/example_branch_labels.py
[2026-06-09T09:47:02.283+0000] {processor.py:829} INFO - Processing file /home/airflow/.local/lib/python3.10/site-packages/airflow/example_dags/example_branch_labels.py for tasks to queue
[2026-06-09T09:47:02.285+0000] {logging_mixin.py:154} INFO - [2026-06-09T09:47:02.284+0000] {dagbag.py:536} INFO - Filling up the DagBag from /home/airflow/.local/lib/python3.10/site-packages/airflow/example_dags/example_branch_labels.py
[2026-06-09T09:47:02.294+0000] {processor.py:839} INFO - DAG(s) dict_keys(['example_branch_labels']) retrieved from /home/airflow/.local/lib/python3.10/site-packages/airflow/example_dags/example_branch_labels.py
[2026-06-09T09:47:02.317+0000] {logging_mixin.py:154} INFO - [2026-06-09T09:47:02.317+0000] {dag.py:2941} INFO - Sync 1 DAGs
[2026-06-09T09:47:02.342+0000] {logging_mixin.py:154} INFO - [2026-06-09T09:47:02.342+0000] {dag.py:3722} INFO - Setting next_dagrun for example_branch_labels to 2026-06-08T00:00:00+00:00, run_after=2026-06-09T00:00:00+00:00
[2026-06-09T09:47:02.364+0000] {processor.py:179} INFO - Processing /home/airflow/.local/lib/python3.10/site-packages/airflow/example_dags/example_branch_labels.py took 0.087 seconds
[2026-06-09T09:47:32.726+0000] {processor.py:157} INFO - Started process (PID=638) to work on /home/airflow/.local/lib/python3.10/site-packages/airflow/example_dags/example_branch_labels.py
[2026-06-09T09:47:32.728+0000] {processor.py:829} INFO - Processing file /home/airflow/.local/lib/python3.10/site-packages/airflow/example_dags/example_branch_labels.py for tasks to queue
[2026-06-09T09:47:32.731+0000] {logging_mixin.py:154} INFO - [2026-06-09T09:47:32.730+0000] {dagbag.py:536} INFO - Filling up the DagBag from /home/airflow/.local/lib/python3.10/site-packages/airflow/example_dags/example_branch_labels.py
[2026-06-09T09:47:32.741+0000] {processor.py:839} INFO - DAG(s) dict_keys(['example_branch_labels']) retrieved from /home/airflow/.local/lib/python3.10/site-packages/airflow/example_dags/example_branch_labels.py
[2026-06-09T09:47:32.765+0000] {logging_mixin.py:154} INFO - [2026-06-09T09:47:32.765+0000] {dag.py:2941} INFO - Sync 1 DAGs
[2026-06-09T09:47:32.791+0000] {logging_mixin.py:154} INFO - [2026-06-09T09:47:32.790+0000] {dag.py:3722} INFO - Setting next_dagrun for example_branch_labels to 2026-06-08T00:00:00+00:00, run_after=2026-06-09T00:00:00+00:00
[2026-06-09T09:47:32.810+0000] {processor.py:179} INFO - Processing /home/airflow/.local/lib/python3.10/site-packages/airflow/example_dags/example_branch_labels.py took 0.089 seconds
[2026-06-09T09:48:04.761+0000] {processor.py:157} INFO - Started process (PID=687) to work on /home/airflow/.local/lib/python3.10/site-packages/airflow/example_dags/example_branch_labels.py
[2026-06-09T09:48:04.764+0000] {processor.py:829} INFO - Processing file /home/airflow/.local/lib/python3.10/site-packages/airflow/example_dags/example_branch_labels.py for tasks to queue
[2026-06-09T09:48:04.766+0000] {logging_mixin.py:154} INFO - [2026-06-09T09:48:04.766+0000] {dagbag.py:536} INFO - Filling up the DagBag from /home/airflow/.local/lib/python3.10/site-packages/airflow/example_dags/example_branch_labels.py
[2026-06-09T09:48:04.778+0000] {processor.py:839} INFO - DAG(s) dict_keys(['example_branch_labels']) retrieved from /home/airflow/.local/lib/python3.10/site-packages/airflow/example_dags/example_branch_labels.py
[2026-06-09T09:48:04.811+0000] {logging_mixin.py:154} INFO - [2026-06-09T09:48:04.810+0000] {dag.py:2941} INFO - Sync 1 DAGs
[2026-06-09T09:48:04.859+0000] {logging_mixin.py:154} INFO - [2026-06-09T09:48:04.859+0000] {dag.py:3722} INFO - Setting next_dagrun for example_branch_labels to 2026-06-08T00:00:00+00:00, run_after=2026-06-09T00:00:00+00:00
[2026-06-09T09:48:04.897+0000] {processor.py:179} INFO - Processing /home/airflow/.local/lib/python3.10/site-packages/airflow/example_dags/example_branch_labels.py took 0.141 seconds
[2026-06-09T09:48:37.025+0000] {processor.py:157} INFO - Started process (PID=734) to work on /home/airflow/.local/lib/python3.10/site-packages/airflow/example_dags/example_branch_labels.py
[2026-06-09T09:48:37.034+0000] {processor.py:829} INFO - Processing file /home/airflow/.local/lib/python3.10/site-packages/airflow/example_dags/example_branch_labels.py for tasks to queue
[2026-06-09T09:48:37.036+0000] {logging_mixin.py:154} INFO - [2026-06-09T09:48:37.036+0000] {dagbag.py:536} INFO - Filling up the DagBag from /home/airflow/.local/lib/python3.10/site-packages/airflow/example_dags/example_branch_labels.py
[2026-06-09T09:48:37.062+0000] {processor.py:839} INFO - DAG(s) dict_keys(['example_branch_labels']) retrieved from /home/airflow/.local/lib/python3.10/site-packages/airflow/example_dags/example_branch_labels.py
[2026-06-09T09:48:37.118+0000] {logging_mixin.py:154} INFO - [2026-06-09T09:48:37.118+0000] {dag.py:2941} INFO - Sync 1 DAGs
[2026-06-09T09:48:37.186+0000] {logging_mixin.py:154} INFO - [2026-06-09T09:48:37.186+0000] {dag.py:3722} INFO - Setting next_dagrun for example_branch_labels to 2026-06-08T00:00:00+00:00, run_after=2026-06-09T00:00:00+00:00
[2026-06-09T09:48:37.254+0000] {processor.py:179} INFO - Processing /home/airflow/.local/lib/python3.10/site-packages/airflow/example_dags/example_branch_labels.py took 0.250 seconds
[2026-06-09T09:49:07.349+0000] {processor.py:157} INFO - Started process (PID=784) to work on /home/airflow/.local/lib/python3.10/site-packages/airflow/example_dags/example_branch_labels.py
[2026-06-09T09:49:07.351+0000] {processor.py:829} INFO - Processing file /home/airflow/.local/lib/python3.10/site-packages/airflow/example_dags/example_branch_labels.py for tasks to queue
[2026-06-09T09:49:07.354+0000] {logging_mixin.py:154} INFO - [2026-06-09T09:49:07.353+0000] {dagbag.py:536} INFO - Filling up the DagBag from /home/airflow/.local/lib/python3.10/site-packages/airflow/example_dags/example_branch_labels.py
[2026-06-09T09:49:07.366+0000] {processor.py:839} INFO - DAG(s) dict_keys(['example_branch_labels']) retrieved from /home/airflow/.local/lib/python3.10/site-packages/airflow/example_dags/example_branch_labels.py
[2026-06-09T09:49:07.397+0000] {logging_mixin.py:154} INFO - [2026-06-09T09:49:07.397+0000] {dag.py:2941} INFO - Sync 1 DAGs
[2026-06-09T09:49:07.431+0000] {logging_mixin.py:154} INFO - [2026-06-09T09:49:07.431+0000] {dag.py:3722} INFO - Setting next_dagrun for example_branch_labels to 2026-06-08T00:00:00+00:00, run_after=2026-06-09T00:00:00+00:00
[2026-06-09T09:49:07.459+0000] {processor.py:179} INFO - Processing /home/airflow/.local/lib/python3.10/site-packages/airflow/example_dags/example_branch_labels.py took 0.116 seconds
[2026-06-09T09:49:37.625+0000] {processor.py:157} INFO - Started process (PID=835) to work on /home/airflow/.local/lib/python3.10/site-packages/airflow/example_dags/example_branch_labels.py
[2026-06-09T09:49:37.634+0000] {processor.py:829} INFO - Processing file /home/airflow/.local/lib/python3.10/site-packages/airflow/example_dags/example_branch_labels.py for tasks to queue
[2026-06-09T09:49:37.637+0000] {logging_mixin.py:154} INFO - [2026-06-09T09:49:37.636+0000] {dagbag.py:536} INFO - Filling up the DagBag from /home/airflow/.local/lib/python3.10/site-packages/airflow/example_dags/example_branch_labels.py
[2026-06-09T09:49:37.677+0000] {processor.py:839} INFO - DAG(s) dict_keys(['example_branch_labels']) retrieved from /home/airflow/.local/lib/python3.10/site-packages/airflow/example_dags/example_branch_labels.py
[2026-06-09T09:49:37.741+0000] {logging_mixin.py:154} INFO - [2026-06-09T09:49:37.740+0000] {dag.py:2941} INFO - Sync 1 DAGs
[2026-06-09T09:49:37.797+0000] {logging_mixin.py:154} INFO - [2026-06-09T09:49:37.796+0000] {dag.py:3722} INFO - Setting next_dagrun for example_branch_labels to 2026-06-08T00:00:00+00:00, run_after=2026-06-09T00:00:00+00:00
[2026-06-09T09:49:37.894+0000] {processor.py:179} INFO - Processing /home/airflow/.local/lib/python3.10/site-packages/airflow/example_dags/example_branch_labels.py took 0.283 seconds
[2026-06-09T09:50:09.168+0000] {processor.py:157} INFO - Started process (PID=884) to work on /home/airflow/.local/lib/python3.10/site-packages/airflow/example_dags/example_branch_labels.py
[2026-06-09T09:50:09.170+0000] {processor.py:829} INFO - Processing file /home/airflow/.local/lib/python3.10/site-packages/airflow/example_dags/example_branch_labels.py for tasks to queue
[2026-06-09T09:50:09.173+0000] {logging_mixin.py:154} INFO - [2026-06-09T09:50:09.172+0000] {dagbag.py:536} INFO - Filling up the DagBag from /home/airflow/.local/lib/python3.10/site-packages/airflow/example_dags/example_branch_labels.py
[2026-06-09T09:50:09.187+0000] {processor.py:839} INFO - DAG(s) dict_keys(['example_branch_labels']) retrieved from /home/airflow/.local/lib/python3.10/site-packages/airflow/example_dags/example_branch_labels.py
[2026-06-09T09:50:09.231+0000] {logging_mixin.py:154} INFO - [2026-06-09T09:50:09.231+0000] {dag.py:2941} INFO - Sync 1 DAGs
[2026-06-09T09:50:09.470+0000] {logging_mixin.py:154} INFO - [2026-06-09T09:50:09.470+0000] {dag.py:3722} INFO - Setting next_dagrun for example_branch_labels to 2026-06-08T00:00:00+00:00, run_after=2026-06-09T00:00:00+00:00
[2026-06-09T09:50:09.493+0000] {processor.py:179} INFO - Processing /home/airflow/.local/lib/python3.10/site-packages/airflow/example_dags/example_branch_labels.py took 0.330 seconds
[2026-06-09T09:50:40.805+0000] {processor.py:157} INFO - Started process (PID=935) to work on /home/airflow/.local/lib/python3.10/site-packages/airflow/example_dags/example_branch_labels.py
[2026-06-09T09:50:40.806+0000] {processor.py:829} INFO - Processing file /home/airflow/.local/lib/python3.10/site-packages/airflow/example_dags/example_branch_labels.py for tasks to queue
[2026-06-09T09:50:40.809+0000] {logging_mixin.py:154} INFO - [2026-06-09T09:50:40.809+0000] {dagbag.py:536} INFO - Filling up the DagBag from /home/airflow/.local/lib/python3.10/site-packages/airflow/example_dags/example_branch_labels.py
[2026-06-09T09:50:40.822+0000] {processor.py:839} INFO - DAG(s) dict_keys(['example_branch_labels']) retrieved from /home/airflow/.local/lib/python3.10/site-packages/airflow/example_dags/example_branch_labels.py
[2026-06-09T09:50:40.860+0000] {logging_mixin.py:154} INFO - [2026-06-09T09:50:40.859+0000] {dag.py:2941} INFO - Sync 1 DAGs
[2026-06-09T09:50:41.186+0000] {logging_mixin.py:154} INFO - [2026-06-09T09:50:41.186+0000] {dag.py:3722} INFO - Setting next_dagrun for example_branch_labels to 2026-06-08T00:00:00+00:00, run_after=2026-06-09T00:00:00+00:00
[2026-06-09T09:50:41.210+0000] {processor.py:179} INFO - Processing /home/airflow/.local/lib/python3.10/site-packages/airflow/example_dags/example_branch_labels.py took 0.411 seconds
[2026-06-09T09:53:57.239+0000] {processor.py:157} INFO - Started process (PID=29) to work on /home/airflow/.local/lib/python3.10/site-packages/airflow/example_dags/example_branch_labels.py
[2026-06-09T09:53:57.248+0000] {processor.py:829} INFO - Processing file /home/airflow/.local/lib/python3.10/site-packages/airflow/example_dags/example_branch_labels.py for tasks to queue
[2026-06-09T09:53:57.261+0000] {logging_mixin.py:154} INFO - [2026-06-09T09:53:57.249+0000] {dagbag.py:536} INFO - Filling up the DagBag from /home/airflow/.local/lib/python3.10/site-packages/airflow/example_dags/example_branch_labels.py
[2026-06-09T09:53:57.359+0000] {processor.py:839} INFO - DAG(s) dict_keys(['example_branch_labels']) retrieved from /home/airflow/.local/lib/python3.10/site-packages/airflow/example_dags/example_branch_labels.py
[2026-06-09T09:53:57.518+0000] {logging_mixin.py:154} INFO - [2026-06-09T09:53:57.518+0000] {dag.py:2941} INFO - Sync 1 DAGs
[2026-06-09T09:53:57.633+0000] {logging_mixin.py:154} INFO - [2026-06-09T09:53:57.633+0000] {dag.py:3722} INFO - Setting next_dagrun for example_branch_labels to 2026-06-08T00:00:00+00:00, run_after=2026-06-09T00:00:00+00:00
[2026-06-09T09:53:57.731+0000] {processor.py:179} INFO - Processing /home/airflow/.local/lib/python3.10/site-packages/airflow/example_dags/example_branch_labels.py took 0.515 seconds
[2026-06-09T09:54:27.919+0000] {processor.py:157} INFO - Started process (PID=77) to work on /home/airflow/.local/lib/python3.10/site-packages/airflow/example_dags/example_branch_labels.py
[2026-06-09T09:54:27.926+0000] {processor.py:829} INFO - Processing file /home/airflow/.local/lib/python3.10/site-packages/airflow/example_dags/example_branch_labels.py for tasks to queue
[2026-06-09T09:54:27.927+0000] {logging_mixin.py:154} INFO - [2026-06-09T09:54:27.927+0000] {dagbag.py:536} INFO - Filling up the DagBag from /home/airflow/.local/lib/python3.10/site-packages/airflow/example_dags/example_branch_labels.py
[2026-06-09T09:54:27.954+0000] {processor.py:839} INFO - DAG(s) dict_keys(['example_branch_labels']) retrieved from /home/airflow/.local/lib/python3.10/site-packages/airflow/example_dags/example_branch_labels.py
[2026-06-09T09:54:28.086+0000] {logging_mixin.py:154} INFO - [2026-06-09T09:54:28.086+0000] {dag.py:2941} INFO - Sync 1 DAGs
[2026-06-09T09:54:28.175+0000] {logging_mixin.py:154} INFO - [2026-06-09T09:54:28.175+0000] {dag.py:3722} INFO - Setting next_dagrun for example_branch_labels to 2026-06-08T00:00:00+00:00, run_after=2026-06-09T00:00:00+00:00
[2026-06-09T09:54:28.254+0000] {processor.py:179} INFO - Processing /home/airflow/.local/lib/python3.10/site-packages/airflow/example_dags/example_branch_labels.py took 0.347 seconds
[2026-06-09T09:54:58.393+0000] {processor.py:157} INFO - Started process (PID=127) to work on /home/airflow/.local/lib/python3.10/site-packages/airflow/example_dags/example_branch_labels.py
[2026-06-09T09:54:58.396+0000] {processor.py:829} INFO - Processing file /home/airflow/.local/lib/python3.10/site-packages/airflow/example_dags/example_branch_labels.py for tasks to queue
[2026-06-09T09:54:58.397+0000] {logging_mixin.py:154} INFO - [2026-06-09T09:54:58.396+0000] {dagbag.py:536} INFO - Filling up the DagBag from /home/airflow/.local/lib/python3.10/site-packages/airflow/example_dags/example_branch_labels.py
[2026-06-09T09:54:58.409+0000] {processor.py:839} INFO - DAG(s) dict_keys(['example_branch_labels']) retrieved from /home/airflow/.local/lib/python3.10/site-packages/airflow/example_dags/example_branch_labels.py
[2026-06-09T09:54:58.446+0000] {logging_mixin.py:154} INFO - [2026-06-09T09:54:58.446+0000] {dag.py:2941} INFO - Sync 1 DAGs
[2026-06-09T09:54:58.480+0000] {logging_mixin.py:154} INFO - [2026-06-09T09:54:58.479+0000] {dag.py:3722} INFO - Setting next_dagrun for example_branch_labels to 2026-06-08T00:00:00+00:00, run_after=2026-06-09T00:00:00+00:00
[2026-06-09T09:54:58.501+0000] {processor.py:179} INFO - Processing /home/airflow/.local/lib/python3.10/site-packages/airflow/example_dags/example_branch_labels.py took 0.114 seconds
[2026-06-09T09:55:28.614+0000] {processor.py:157} INFO - Started process (PID=177) to work on /home/airflow/.local/lib/python3.10/site-packages/airflow/example_dags/example_branch_labels.py
[2026-06-09T09:55:28.642+0000] {processor.py:829} INFO - Processing file /home/airflow/.local/lib/python3.10/site-packages/airflow/example_dags/example_branch_labels.py for tasks to queue
[2026-06-09T09:55:28.643+0000] {logging_mixin.py:154} INFO - [2026-06-09T09:55:28.643+0000] {dagbag.py:536} INFO - Filling up the DagBag from /home/airflow/.local/lib/python3.10/site-packages/airflow/example_dags/example_branch_labels.py
[2026-06-09T09:55:28.666+0000] {processor.py:839} INFO - DAG(s) dict_keys(['example_branch_labels']) retrieved from /home/airflow/.local/lib/python3.10/site-packages/airflow/example_dags/example_branch_labels.py
[2026-06-09T09:55:28.725+0000] {logging_mixin.py:154} INFO - [2026-06-09T09:55:28.725+0000] {dag.py:2941} INFO - Sync 1 DAGs
[2026-06-09T09:55:28.799+0000] {logging_mixin.py:154} INFO - [2026-06-09T09:55:28.798+0000] {dag.py:3722} INFO - Setting next_dagrun for example_branch_labels to 2026-06-08T00:00:00+00:00, run_after=2026-06-09T00:00:00+00:00
[2026-06-09T09:55:28.845+0000] {processor.py:179} INFO - Processing /home/airflow/.local/lib/python3.10/site-packages/airflow/example_dags/example_branch_labels.py took 0.255 seconds
[2026-06-09T09:55:58.922+0000] {processor.py:157} INFO - Started process (PID=227) to work on /home/airflow/.local/lib/python3.10/site-packages/airflow/example_dags/example_branch_labels.py
[2026-06-09T09:55:58.923+0000] {processor.py:829} INFO - Processing file /home/airflow/.local/lib/python3.10/site-packages/airflow/example_dags/example_branch_labels.py for tasks to queue
[2026-06-09T09:55:58.927+0000] {logging_mixin.py:154} INFO - [2026-06-09T09:55:58.927+0000] {dagbag.py:536} INFO - Filling up the DagBag from /home/airflow/.local/lib/python3.10/site-packages/airflow/example_dags/example_branch_labels.py
[2026-06-09T09:55:58.940+0000] {processor.py:839} INFO - DAG(s) dict_keys(['example_branch_labels']) retrieved from /home/airflow/.local/lib/python3.10/site-packages/airflow/example_dags/example_branch_labels.py
[2026-06-09T09:55:58.971+0000] {logging_mixin.py:154} INFO - [2026-06-09T09:55:58.971+0000] {dag.py:2941} INFO - Sync 1 DAGs
[2026-06-09T09:55:59.006+0000] {logging_mixin.py:154} INFO - [2026-06-09T09:55:59.006+0000] {dag.py:3722} INFO - Setting next_dagrun for example_branch_labels to 2026-06-08T00:00:00+00:00, run_after=2026-06-09T00:00:00+00:00
[2026-06-09T09:55:59.041+0000] {processor.py:179} INFO - Processing /home/airflow/.local/lib/python3.10/site-packages/airflow/example_dags/example_branch_labels.py took 0.128 seconds
[2026-06-09T09:56:29.646+0000] {processor.py:157} INFO - Started process (PID=277) to work on /home/airflow/.local/lib/python3.10/site-packages/airflow/example_dags/example_branch_labels.py
[2026-06-09T09:56:29.653+0000] {processor.py:829} INFO - Processing file /home/airflow/.local/lib/python3.10/site-packages/airflow/example_dags/example_branch_labels.py for tasks to queue
[2026-06-09T09:56:29.655+0000] {logging_mixin.py:154} INFO - [2026-06-09T09:56:29.654+0000] {dagbag.py:536} INFO - Filling up the DagBag from /home/airflow/.local/lib/python3.10/site-packages/airflow/example_dags/example_branch_labels.py
[2026-06-09T09:56:29.686+0000] {processor.py:839} INFO - DAG(s) dict_keys(['example_branch_labels']) retrieved from /home/airflow/.local/lib/python3.10/site-packages/airflow/example_dags/example_branch_labels.py
[2026-06-09T09:56:29.743+0000] {logging_mixin.py:154} INFO - [2026-06-09T09:56:29.743+0000] {dag.py:2941} INFO - Sync 1 DAGs
[2026-06-09T09:56:29.844+0000] {logging_mixin.py:154} INFO - [2026-06-09T09:56:29.844+0000] {dag.py:3722} INFO - Setting next_dagrun for example_branch_labels to 2026-06-08T00:00:00+00:00, run_after=2026-06-09T00:00:00+00:00
[2026-06-09T09:56:29.934+0000] {processor.py:179} INFO - Processing /home/airflow/.local/lib/python3.10/site-packages/airflow/example_dags/example_branch_labels.py took 0.295 seconds
[2026-06-09T09:57:00.856+0000] {processor.py:157} INFO - Started process (PID=327) to work on /home/airflow/.local/lib/python3.10/site-packages/airflow/example_dags/example_branch_labels.py
[2026-06-09T09:57:00.866+0000] {processor.py:829} INFO - Processing file /home/airflow/.local/lib/python3.10/site-packages/airflow/example_dags/example_branch_labels.py for tasks to queue
[2026-06-09T09:57:00.867+0000] {logging_mixin.py:154} INFO - [2026-06-09T09:57:00.867+0000] {dagbag.py:536} INFO - Filling up the DagBag from /home/airflow/.local/lib/python3.10/site-packages/airflow/example_dags/example_branch_labels.py
[2026-06-09T09:57:00.911+0000] {processor.py:839} INFO - DAG(s) dict_keys(['example_branch_labels']) retrieved from /home/airflow/.local/lib/python3.10/site-packages/airflow/example_dags/example_branch_labels.py
[2026-06-09T09:57:00.973+0000] {logging_mixin.py:154} INFO - [2026-06-09T09:57:00.972+0000] {dag.py:2941} INFO - Sync 1 DAGs
[2026-06-09T09:57:01.007+0000] {logging_mixin.py:154} INFO - [2026-06-09T09:57:01.007+0000] {dag.py:3722} INFO - Setting next_dagrun for example_branch_labels to 2026-06-08T00:00:00+00:00, run_after=2026-06-09T00:00:00+00:00
[2026-06-09T09:57:01.074+0000] {processor.py:179} INFO - Processing /home/airflow/.local/lib/python3.10/site-packages/airflow/example_dags/example_branch_labels.py took 0.239 seconds
[2026-06-09T09:57:31.440+0000] {processor.py:157} INFO - Started process (PID=377) to work on /home/airflow/.local/lib/python3.10/site-packages/airflow/example_dags/example_branch_labels.py
[2026-06-09T09:57:31.441+0000] {processor.py:829} INFO - Processing file /home/airflow/.local/lib/python3.10/site-packages/airflow/example_dags/example_branch_labels.py for tasks to queue
[2026-06-09T09:57:31.442+0000] {logging_mixin.py:154} INFO - [2026-06-09T09:57:31.442+0000] {dagbag.py:536} INFO - Filling up the DagBag from /home/airflow/.local/lib/python3.10/site-packages/airflow/example_dags/example_branch_labels.py
[2026-06-09T09:57:31.456+0000] {processor.py:839} INFO - DAG(s) dict_keys(['example_branch_labels']) retrieved from /home/airflow/.local/lib/python3.10/site-packages/airflow/example_dags/example_branch_labels.py
[2026-06-09T09:57:31.492+0000] {logging_mixin.py:154} INFO - [2026-06-09T09:57:31.491+0000] {dag.py:2941} INFO - Sync 1 DAGs
[2026-06-09T09:57:31.528+0000] {logging_mixin.py:154} INFO - [2026-06-09T09:57:31.527+0000] {dag.py:3722} INFO - Setting next_dagrun for example_branch_labels to 2026-06-08T00:00:00+00:00, run_after=2026-06-09T00:00:00+00:00
[2026-06-09T09:57:31.551+0000] {processor.py:179} INFO - Processing /home/airflow/.local/lib/python3.10/site-packages/airflow/example_dags/example_branch_labels.py took 0.116 seconds
[2026-06-09T09:58:01.595+0000] {processor.py:157} INFO - Started process (PID=427) to work on /home/airflow/.local/lib/python3.10/site-packages/airflow/example_dags/example_branch_labels.py
[2026-06-09T09:58:01.597+0000] {processor.py:829} INFO - Processing file /home/airflow/.local/lib/python3.10/site-packages/airflow/example_dags/example_branch_labels.py for tasks to queue
[2026-06-09T09:58:01.598+0000] {logging_mixin.py:154} INFO - [2026-06-09T09:58:01.597+0000] {dagbag.py:536} INFO - Filling up the DagBag from /home/airflow/.local/lib/python3.10/site-packages/airflow/example_dags/example_branch_labels.py
[2026-06-09T09:58:01.612+0000] {processor.py:839} INFO - DAG(s) dict_keys(['example_branch_labels']) retrieved from /home/airflow/.local/lib/python3.10/site-packages/airflow/example_dags/example_branch_labels.py
[2026-06-09T09:58:01.643+0000] {logging_mixin.py:154} INFO - [2026-06-09T09:58:01.643+0000] {dag.py:2941} INFO - Sync 1 DAGs
[2026-06-09T09:58:01.679+0000] {logging_mixin.py:154} INFO - [2026-06-09T09:58:01.679+0000] {dag.py:3722} INFO - Setting next_dagrun for example_branch_labels to 2026-06-08T00:00:00+00:00, run_after=2026-06-09T00:00:00+00:00
[2026-06-09T09:58:01.700+0000] {processor.py:179} INFO - Processing /home/airflow/.local/lib/python3.10/site-packages/airflow/example_dags/example_branch_labels.py took 0.110 seconds
[2026-06-09T09:58:31.960+0000] {processor.py:157} INFO - Started process (PID=477) to work on /home/airflow/.local/lib/python3.10/site-packages/airflow/example_dags/example_branch_labels.py
[2026-06-09T09:58:31.962+0000] {processor.py:829} INFO - Processing file /home/airflow/.local/lib/python3.10/site-packages/airflow/example_dags/example_branch_labels.py for tasks to queue
[2026-06-09T09:58:31.963+0000] {logging_mixin.py:154} INFO - [2026-06-09T09:58:31.962+0000] {dagbag.py:536} INFO - Filling up the DagBag from /home/airflow/.local/lib/python3.10/site-packages/airflow/example_dags/example_branch_labels.py
[2026-06-09T09:58:31.985+0000] {processor.py:839} INFO - DAG(s) dict_keys(['example_branch_labels']) retrieved from /home/airflow/.local/lib/python3.10/site-packages/airflow/example_dags/example_branch_labels.py
[2026-06-09T09:58:32.016+0000] {logging_mixin.py:154} INFO - [2026-06-09T09:58:32.016+0000] {dag.py:2941} INFO - Sync 1 DAGs
[2026-06-09T09:58:32.054+0000] {logging_mixin.py:154} INFO - [2026-06-09T09:58:32.054+0000] {dag.py:3722} INFO - Setting next_dagrun for example_branch_labels to 2026-06-08T00:00:00+00:00, run_after=2026-06-09T00:00:00+00:00
[2026-06-09T09:58:32.076+0000] {processor.py:179} INFO - Processing /home/airflow/.local/lib/python3.10/site-packages/airflow/example_dags/example_branch_labels.py took 0.122 seconds
[2026-06-09T09:59:02.273+0000] {processor.py:157} INFO - Started process (PID=527) to work on /home/airflow/.local/lib/python3.10/site-packages/airflow/example_dags/example_branch_labels.py
[2026-06-09T09:59:02.276+0000] {processor.py:829} INFO - Processing file /home/airflow/.local/lib/python3.10/site-packages/airflow/example_dags/example_branch_labels.py for tasks to queue
[2026-06-09T09:59:02.278+0000] {logging_mixin.py:154} INFO - [2026-06-09T09:59:02.277+0000] {dagbag.py:536} INFO - Filling up the DagBag from /home/airflow/.local/lib/python3.10/site-packages/airflow/example_dags/example_branch_labels.py
[2026-06-09T09:59:02.305+0000] {processor.py:839} INFO - DAG(s) dict_keys(['example_branch_labels']) retrieved from /home/airflow/.local/lib/python3.10/site-packages/airflow/example_dags/example_branch_labels.py
[2026-06-09T09:59:02.395+0000] {logging_mixin.py:154} INFO - [2026-06-09T09:59:02.395+0000] {dag.py:2941} INFO - Sync 1 DAGs
[2026-06-09T09:59:02.429+0000] {logging_mixin.py:154} INFO - [2026-06-09T09:59:02.429+0000] {dag.py:3722} INFO - Setting next_dagrun for example_branch_labels to 2026-06-08T00:00:00+00:00, run_after=2026-06-09T00:00:00+00:00
[2026-06-09T09:59:02.452+0000] {processor.py:179} INFO - Processing /home/airflow/.local/lib/python3.10/site-packages/airflow/example_dags/example_branch_labels.py took 0.205 seconds
[2026-06-09T09:59:32.865+0000] {processor.py:157} INFO - Started process (PID=577) to work on /home/airflow/.local/lib/python3.10/site-packages/airflow/example_dags/example_branch_labels.py
[2026-06-09T09:59:32.866+0000] {processor.py:829} INFO - Processing file /home/airflow/.local/lib/python3.10/site-packages/airflow/example_dags/example_branch_labels.py for tasks to queue
[2026-06-09T09:59:32.867+0000] {logging_mixin.py:154} INFO - [2026-06-09T09:59:32.867+0000] {dagbag.py:536} INFO - Filling up the DagBag from /home/airflow/.local/lib/python3.10/site-packages/airflow/example_dags/example_branch_labels.py
[2026-06-09T09:59:32.880+0000] {processor.py:839} INFO - DAG(s) dict_keys(['example_branch_labels']) retrieved from /home/airflow/.local/lib/python3.10/site-packages/airflow/example_dags/example_branch_labels.py
[2026-06-09T09:59:32.926+0000] {logging_mixin.py:154} INFO - [2026-06-09T09:59:32.926+0000] {dag.py:2941} INFO - Sync 1 DAGs
[2026-06-09T09:59:32.960+0000] {logging_mixin.py:154} INFO - [2026-06-09T09:59:32.959+0000] {dag.py:3722} INFO - Setting next_dagrun for example_branch_labels to 2026-06-08T00:00:00+00:00, run_after=2026-06-09T00:00:00+00:00
[2026-06-09T09:59:32.982+0000] {processor.py:179} INFO - Processing /home/airflow/.local/lib/python3.10/site-packages/airflow/example_dags/example_branch_labels.py took 0.123 seconds
[2026-06-09T10:00:03.316+0000] {processor.py:157} INFO - Started process (PID=627) to work on /home/airflow/.local/lib/python3.10/site-packages/airflow/example_dags/example_branch_labels.py
[2026-06-09T10:00:03.322+0000] {processor.py:829} INFO - Processing file /home/airflow/.local/lib/python3.10/site-packages/airflow/example_dags/example_branch_labels.py for tasks to queue
[2026-06-09T10:00:03.323+0000] {logging_mixin.py:154} INFO - [2026-06-09T10:00:03.323+0000] {dagbag.py:536} INFO - Filling up the DagBag from /home/airflow/.local/lib/python3.10/site-packages/airflow/example_dags/example_branch_labels.py
[2026-06-09T10:00:03.346+0000] {processor.py:839} INFO - DAG(s) dict_keys(['example_branch_labels']) retrieved from /home/airflow/.local/lib/python3.10/site-packages/airflow/example_dags/example_branch_labels.py
[2026-06-09T10:00:03.414+0000] {logging_mixin.py:154} INFO - [2026-06-09T10:00:03.414+0000] {dag.py:2941} INFO - Sync 1 DAGs
[2026-06-09T10:00:03.470+0000] {logging_mixin.py:154} INFO - [2026-06-09T10:00:03.470+0000] {dag.py:3722} INFO - Setting next_dagrun for example_branch_labels to 2026-06-08T00:00:00+00:00, run_after=2026-06-09T00:00:00+00:00
[2026-06-09T10:00:03.522+0000] {processor.py:179} INFO - Processing /home/airflow/.local/lib/python3.10/site-packages/airflow/example_dags/example_branch_labels.py took 0.226 seconds
[2026-06-09T10:00:33.741+0000] {processor.py:157} INFO - Started process (PID=677) to work on /home/airflow/.local/lib/python3.10/site-packages/airflow/example_dags/example_branch_labels.py
[2026-06-09T10:00:33.746+0000] {processor.py:829} INFO - Processing file /home/airflow/.local/lib/python3.10/site-packages/airflow/example_dags/example_branch_labels.py for tasks to queue
[2026-06-09T10:00:33.747+0000] {logging_mixin.py:154} INFO - [2026-06-09T10:00:33.746+0000] {dagbag.py:536} INFO - Filling up the DagBag from /home/airflow/.local/lib/python3.10/site-packages/airflow/example_dags/example_branch_labels.py
[2026-06-09T10:00:33.777+0000] {processor.py:839} INFO - DAG(s) dict_keys(['example_branch_labels']) retrieved from /home/airflow/.local/lib/python3.10/site-packages/airflow/example_dags/example_branch_labels.py
[2026-06-09T10:00:33.815+0000] {logging_mixin.py:154} INFO - [2026-06-09T10:00:33.814+0000] {dag.py:2941} INFO - Sync 1 DAGs
[2026-06-09T10:00:33.849+0000] {logging_mixin.py:154} INFO - [2026-06-09T10:00:33.849+0000] {dag.py:3722} INFO - Setting next_dagrun for example_branch_labels to 2026-06-08T00:00:00+00:00, run_after=2026-06-09T00:00:00+00:00
[2026-06-09T10:00:34.223+0000] {processor.py:179} INFO - Processing /home/airflow/.local/lib/python3.10/site-packages/airflow/example_dags/example_branch_labels.py took 0.495 seconds
[2026-06-09T10:01:04.882+0000] {processor.py:157} INFO - Started process (PID=727) to work on /home/airflow/.local/lib/python3.10/site-packages/airflow/example_dags/example_branch_labels.py
[2026-06-09T10:01:04.889+0000] {processor.py:829} INFO - Processing file /home/airflow/.local/lib/python3.10/site-packages/airflow/example_dags/example_branch_labels.py for tasks to queue
[2026-06-09T10:01:04.890+0000] {logging_mixin.py:154} INFO - [2026-06-09T10:01:04.890+0000] {dagbag.py:536} INFO - Filling up the DagBag from /home/airflow/.local/lib/python3.10/site-packages/airflow/example_dags/example_branch_labels.py
[2026-06-09T10:01:04.924+0000] {processor.py:839} INFO - DAG(s) dict_keys(['example_branch_labels']) retrieved from /home/airflow/.local/lib/python3.10/site-packages/airflow/example_dags/example_branch_labels.py
[2026-06-09T10:01:05.038+0000] {logging_mixin.py:154} INFO - [2026-06-09T10:01:05.038+0000] {dag.py:2941} INFO - Sync 1 DAGs
[2026-06-09T10:01:05.152+0000] {logging_mixin.py:154} INFO - [2026-06-09T10:01:05.152+0000] {dag.py:3722} INFO - Setting next_dagrun for example_branch_labels to 2026-06-08T00:00:00+00:00, run_after=2026-06-09T00:00:00+00:00
[2026-06-09T10:01:05.225+0000] {processor.py:179} INFO - Processing /home/airflow/.local/lib/python3.10/site-packages/airflow/example_dags/example_branch_labels.py took 0.373 seconds
[2026-06-09T10:01:35.367+0000] {processor.py:157} INFO - Started process (PID=777) to work on /home/airflow/.local/lib/python3.10/site-packages/airflow/example_dags/example_branch_labels.py
[2026-06-09T10:01:35.368+0000] {processor.py:829} INFO - Processing file /home/airflow/.local/lib/python3.10/site-packages/airflow/example_dags/example_branch_labels.py for tasks to queue
[2026-06-09T10:01:35.369+0000] {logging_mixin.py:154} INFO - [2026-06-09T10:01:35.369+0000] {dagbag.py:536} INFO - Filling up the DagBag from /home/airflow/.local/lib/python3.10/site-packages/airflow/example_dags/example_branch_labels.py
[2026-06-09T10:01:35.383+0000] {processor.py:839} INFO - DAG(s) dict_keys(['example_branch_labels']) retrieved from /home/airflow/.local/lib/python3.10/site-packages/airflow/example_dags/example_branch_labels.py
[2026-06-09T10:01:35.415+0000] {logging_mixin.py:154} INFO - [2026-06-09T10:01:35.415+0000] {dag.py:2941} INFO - Sync 1 DAGs
[2026-06-09T10:01:35.455+0000] {logging_mixin.py:154} INFO - [2026-06-09T10:01:35.454+0000] {dag.py:3722} INFO - Setting next_dagrun for example_branch_labels to 2026-06-08T00:00:00+00:00, run_after=2026-06-09T00:00:00+00:00
[2026-06-09T10:01:35.503+0000] {processor.py:179} INFO - Processing /home/airflow/.local/lib/python3.10/site-packages/airflow/example_dags/example_branch_labels.py took 0.142 seconds
[2026-06-09T10:02:05.689+0000] {processor.py:157} INFO - Started process (PID=827) to work on /home/airflow/.local/lib/python3.10/site-packages/airflow/example_dags/example_branch_labels.py
[2026-06-09T10:02:05.690+0000] {processor.py:829} INFO - Processing file /home/airflow/.local/lib/python3.10/site-packages/airflow/example_dags/example_branch_labels.py for tasks to queue
[2026-06-09T10:02:05.691+0000] {logging_mixin.py:154} INFO - [2026-06-09T10:02:05.691+0000] {dagbag.py:536} INFO - Filling up the DagBag from /home/airflow/.local/lib/python3.10/site-packages/airflow/example_dags/example_branch_labels.py
[2026-06-09T10:02:05.703+0000] {processor.py:839} INFO - DAG(s) dict_keys(['example_branch_labels']) retrieved from /home/airflow/.local/lib/python3.10/site-packages/airflow/example_dags/example_branch_labels.py
[2026-06-09T10:02:05.735+0000] {logging_mixin.py:154} INFO - [2026-06-09T10:02:05.734+0000] {dag.py:2941} INFO - Sync 1 DAGs
[2026-06-09T10:02:05.777+0000] {logging_mixin.py:154} INFO - [2026-06-09T10:02:05.776+0000] {dag.py:3722} INFO - Setting next_dagrun for example_branch_labels to 2026-06-08T00:00:00+00:00, run_after=2026-06-09T00:00:00+00:00
[2026-06-09T10:02:06.048+0000] {processor.py:179} INFO - Processing /home/airflow/.local/lib/python3.10/site-packages/airflow/example_dags/example_branch_labels.py took 0.365 seconds
[2026-06-09T10:02:36.435+0000] {processor.py:157} INFO - Started process (PID=875) to work on /home/airflow/.local/lib/python3.10/site-packages/airflow/example_dags/example_branch_labels.py
[2026-06-09T10:02:36.446+0000] {processor.py:829} INFO - Processing file /home/airflow/.local/lib/python3.10/site-packages/airflow/example_dags/example_branch_labels.py for tasks to queue
[2026-06-09T10:02:36.447+0000] {logging_mixin.py:154} INFO - [2026-06-09T10:02:36.447+0000] {dagbag.py:536} INFO - Filling up the DagBag from /home/airflow/.local/lib/python3.10/site-packages/airflow/example_dags/example_branch_labels.py
[2026-06-09T10:02:36.481+0000] {processor.py:839} INFO - DAG(s) dict_keys(['example_branch_labels']) retrieved from /home/airflow/.local/lib/python3.10/site-packages/airflow/example_dags/example_branch_labels.py
[2026-06-09T10:02:36.547+0000] {logging_mixin.py:154} INFO - [2026-06-09T10:02:36.546+0000] {dag.py:2941} INFO - Sync 1 DAGs
[2026-06-09T10:02:36.601+0000] {logging_mixin.py:154} INFO - [2026-06-09T10:02:36.601+0000] {dag.py:3722} INFO - Setting next_dagrun for example_branch_labels to 2026-06-08T00:00:00+00:00, run_after=2026-06-09T00:00:00+00:00
[2026-06-09T10:02:36.640+0000] {processor.py:179} INFO - Processing /home/airflow/.local/lib/python3.10/site-packages/airflow/example_dags/example_branch_labels.py took 0.210 seconds
[2026-06-09T10:03:07.134+0000] {processor.py:157} INFO - Started process (PID=925) to work on /home/airflow/.local/lib/python3.10/site-packages/airflow/example_dags/example_branch_labels.py
[2026-06-09T10:03:07.135+0000] {processor.py:829} INFO - Processing file /home/airflow/.local/lib/python3.10/site-packages/airflow/example_dags/example_branch_labels.py for tasks to queue
[2026-06-09T10:03:07.136+0000] {logging_mixin.py:154} INFO - [2026-06-09T10:03:07.136+0000] {dagbag.py:536} INFO - Filling up the DagBag from /home/airflow/.local/lib/python3.10/site-packages/airflow/example_dags/example_branch_labels.py
[2026-06-09T10:03:07.152+0000] {processor.py:839} INFO - DAG(s) dict_keys(['example_branch_labels']) retrieved from /home/airflow/.local/lib/python3.10/site-packages/airflow/example_dags/example_branch_labels.py
[2026-06-09T10:03:07.187+0000] {logging_mixin.py:154} INFO - [2026-06-09T10:03:07.186+0000] {dag.py:2941} INFO - Sync 1 DAGs
[2026-06-09T10:03:07.428+0000] {logging_mixin.py:154} INFO - [2026-06-09T10:03:07.428+0000] {dag.py:3722} INFO - Setting next_dagrun for example_branch_labels to 2026-06-08T00:00:00+00:00, run_after=2026-06-09T00:00:00+00:00
[2026-06-09T10:03:07.454+0000] {processor.py:179} INFO - Processing /home/airflow/.local/lib/python3.10/site-packages/airflow/example_dags/example_branch_labels.py took 0.330 seconds
[2026-06-09T10:03:37.810+0000] {processor.py:157} INFO - Started process (PID=975) to work on /home/airflow/.local/lib/python3.10/site-packages/airflow/example_dags/example_branch_labels.py
[2026-06-09T10:03:37.811+0000] {processor.py:829} INFO - Processing file /home/airflow/.local/lib/python3.10/site-packages/airflow/example_dags/example_branch_labels.py for tasks to queue
[2026-06-09T10:03:37.812+0000] {logging_mixin.py:154} INFO - [2026-06-09T10:03:37.811+0000] {dagbag.py:536} INFO - Filling up the DagBag from /home/airflow/.local/lib/python3.10/site-packages/airflow/example_dags/example_branch_labels.py
[2026-06-09T10:03:37.826+0000] {processor.py:839} INFO - DAG(s) dict_keys(['example_branch_labels']) retrieved from /home/airflow/.local/lib/python3.10/site-packages/airflow/example_dags/example_branch_labels.py
[2026-06-09T10:03:37.857+0000] {logging_mixin.py:154} INFO - [2026-06-09T10:03:37.857+0000] {dag.py:2941} INFO - Sync 1 DAGs
[2026-06-09T10:03:37.892+0000] {logging_mixin.py:154} INFO - [2026-06-09T10:03:37.892+0000] {dag.py:3722} INFO - Setting next_dagrun for example_branch_labels to 2026-06-08T00:00:00+00:00, run_after=2026-06-09T00:00:00+00:00
[2026-06-09T10:03:37.938+0000] {processor.py:179} INFO - Processing /home/airflow/.local/lib/python3.10/site-packages/airflow/example_dags/example_branch_labels.py took 0.134 seconds
[2026-06-09T10:04:08.010+0000] {processor.py:157} INFO - Started process (PID=1025) to work on /home/airflow/.local/lib/python3.10/site-packages/airflow/example_dags/example_branch_labels.py
[2026-06-09T10:04:08.011+0000] {processor.py:829} INFO - Processing file /home/airflow/.local/lib/python3.10/site-packages/airflow/example_dags/example_branch_labels.py for tasks to queue
[2026-06-09T10:04:08.012+0000] {logging_mixin.py:154} INFO - [2026-06-09T10:04:08.012+0000] {dagbag.py:536} INFO - Filling up the DagBag from /home/airflow/.local/lib/python3.10/site-packages/airflow/example_dags/example_branch_labels.py
[2026-06-09T10:04:08.032+0000] {processor.py:839} INFO - DAG(s) dict_keys(['example_branch_labels']) retrieved from /home/airflow/.local/lib/python3.10/site-packages/airflow/example_dags/example_branch_labels.py
[2026-06-09T10:04:08.098+0000] {logging_mixin.py:154} INFO - [2026-06-09T10:04:08.098+0000] {dag.py:2941} INFO - Sync 1 DAGs
[2026-06-09T10:04:08.170+0000] {logging_mixin.py:154} INFO - [2026-06-09T10:04:08.170+0000] {dag.py:3722} INFO - Setting next_dagrun for example_branch_labels to 2026-06-08T00:00:00+00:00, run_after=2026-06-09T00:00:00+00:00
[2026-06-09T10:04:08.218+0000] {processor.py:179} INFO - Processing /home/airflow/.local/lib/python3.10/site-packages/airflow/example_dags/example_branch_labels.py took 0.229 seconds
[2026-06-09T10:04:38.718+0000] {processor.py:157} INFO - Started process (PID=1075) to work on /home/airflow/.local/lib/python3.10/site-packages/airflow/example_dags/example_branch_labels.py
[2026-06-09T10:04:38.722+0000] {processor.py:829} INFO - Processing file /home/airflow/.local/lib/python3.10/site-packages/airflow/example_dags/example_branch_labels.py for tasks to queue
[2026-06-09T10:04:38.723+0000] {logging_mixin.py:154} INFO - [2026-06-09T10:04:38.723+0000] {dagbag.py:536} INFO - Filling up the DagBag from /home/airflow/.local/lib/python3.10/site-packages/airflow/example_dags/example_branch_labels.py
[2026-06-09T10:04:38.759+0000] {processor.py:839} INFO - DAG(s) dict_keys(['example_branch_labels']) retrieved from /home/airflow/.local/lib/python3.10/site-packages/airflow/example_dags/example_branch_labels.py
[2026-06-09T10:04:38.857+0000] {logging_mixin.py:154} INFO - [2026-06-09T10:04:38.857+0000] {dag.py:2941} INFO - Sync 1 DAGs
[2026-06-09T10:04:38.925+0000] {logging_mixin.py:154} INFO - [2026-06-09T10:04:38.924+0000] {dag.py:3722} INFO - Setting next_dagrun for example_branch_labels to 2026-06-08T00:00:00+00:00, run_after=2026-06-09T00:00:00+00:00
[2026-06-09T10:04:39.016+0000] {processor.py:179} INFO - Processing /home/airflow/.local/lib/python3.10/site-packages/airflow/example_dags/example_branch_labels.py took 0.316 seconds
[2026-06-09T10:05:09.592+0000] {processor.py:157} INFO - Started process (PID=1125) to work on /home/airflow/.local/lib/python3.10/site-packages/airflow/example_dags/example_branch_labels.py
[2026-06-09T10:05:09.594+0000] {processor.py:829} INFO - Processing file /home/airflow/.local/lib/python3.10/site-packages/airflow/example_dags/example_branch_labels.py for tasks to queue
[2026-06-09T10:05:09.595+0000] {logging_mixin.py:154} INFO - [2026-06-09T10:05:09.595+0000] {dagbag.py:536} INFO - Filling up the DagBag from /home/airflow/.local/lib/python3.10/site-packages/airflow/example_dags/example_branch_labels.py
[2026-06-09T10:05:09.612+0000] {processor.py:839} INFO - DAG(s) dict_keys(['example_branch_labels']) retrieved from /home/airflow/.local/lib/python3.10/site-packages/airflow/example_dags/example_branch_labels.py
[2026-06-09T10:05:09.643+0000] {logging_mixin.py:154} INFO - [2026-06-09T10:05:09.642+0000] {dag.py:2941} INFO - Sync 1 DAGs
[2026-06-09T10:05:09.679+0000] {logging_mixin.py:154} INFO - [2026-06-09T10:05:09.678+0000] {dag.py:3722} INFO - Setting next_dagrun for example_branch_labels to 2026-06-08T00:00:00+00:00, run_after=2026-06-09T00:00:00+00:00
[2026-06-09T10:05:09.708+0000] {processor.py:179} INFO - Processing /home/airflow/.local/lib/python3.10/site-packages/airflow/example_dags/example_branch_labels.py took 0.121 seconds
[2026-06-09T10:05:40.571+0000] {processor.py:157} INFO - Started process (PID=1175) to work on /home/airflow/.local/lib/python3.10/site-packages/airflow/example_dags/example_branch_labels.py
[2026-06-09T10:05:40.573+0000] {processor.py:829} INFO - Processing file /home/airflow/.local/lib/python3.10/site-packages/airflow/example_dags/example_branch_labels.py for tasks to queue
[2026-06-09T10:05:40.575+0000] {logging_mixin.py:154} INFO - [2026-06-09T10:05:40.574+0000] {dagbag.py:536} INFO - Filling up the DagBag from /home/airflow/.local/lib/python3.10/site-packages/airflow/example_dags/example_branch_labels.py
[2026-06-09T10:05:40.621+0000] {processor.py:839} INFO - DAG(s) dict_keys(['example_branch_labels']) retrieved from /home/airflow/.local/lib/python3.10/site-packages/airflow/example_dags/example_branch_labels.py
[2026-06-09T10:05:40.655+0000] {logging_mixin.py:154} INFO - [2026-06-09T10:05:40.655+0000] {dag.py:2941} INFO - Sync 1 DAGs
[2026-06-09T10:05:40.686+0000] {logging_mixin.py:154} INFO - [2026-06-09T10:05:40.686+0000] {dag.py:3722} INFO - Setting next_dagrun for example_branch_labels to 2026-06-08T00:00:00+00:00, run_after=2026-06-09T00:00:00+00:00
[2026-06-09T10:05:40.705+0000] {processor.py:179} INFO - Processing /home/airflow/.local/lib/python3.10/site-packages/airflow/example_dags/example_branch_labels.py took 0.140 seconds
[2026-06-09T10:06:10.969+0000] {processor.py:157} INFO - Started process (PID=1225) to work on /home/airflow/.local/lib/python3.10/site-packages/airflow/example_dags/example_branch_labels.py
[2026-06-09T10:06:10.970+0000] {processor.py:829} INFO - Processing file /home/airflow/.local/lib/python3.10/site-packages/airflow/example_dags/example_branch_labels.py for tasks to queue
[2026-06-09T10:06:10.971+0000] {logging_mixin.py:154} INFO - [2026-06-09T10:06:10.971+0000] {dagbag.py:536} INFO - Filling up the DagBag from /home/airflow/.local/lib/python3.10/site-packages/airflow/example_dags/example_branch_labels.py
[2026-06-09T10:06:10.999+0000] {processor.py:839} INFO - DAG(s) dict_keys(['example_branch_labels']) retrieved from /home/airflow/.local/lib/python3.10/site-packages/airflow/example_dags/example_branch_labels.py
[2026-06-09T10:06:11.055+0000] {logging_mixin.py:154} INFO - [2026-06-09T10:06:11.054+0000] {dag.py:2941} INFO - Sync 1 DAGs
[2026-06-09T10:06:11.086+0000] {logging_mixin.py:154} INFO - [2026-06-09T10:06:11.086+0000] {dag.py:3722} INFO - Setting next_dagrun for example_branch_labels to 2026-06-08T00:00:00+00:00, run_after=2026-06-09T00:00:00+00:00
[2026-06-09T10:06:11.108+0000] {processor.py:179} INFO - Processing /home/airflow/.local/lib/python3.10/site-packages/airflow/example_dags/example_branch_labels.py took 0.160 seconds
[2026-06-09T10:06:41.514+0000] {processor.py:157} INFO - Started process (PID=1275) to work on /home/airflow/.local/lib/python3.10/site-packages/airflow/example_dags/example_branch_labels.py
[2026-06-09T10:06:41.522+0000] {processor.py:829} INFO - Processing file /home/airflow/.local/lib/python3.10/site-packages/airflow/example_dags/example_branch_labels.py for tasks to queue
[2026-06-09T10:06:41.523+0000] {logging_mixin.py:154} INFO - [2026-06-09T10:06:41.522+0000] {dagbag.py:536} INFO - Filling up the DagBag from /home/airflow/.local/lib/python3.10/site-packages/airflow/example_dags/example_branch_labels.py
[2026-06-09T10:06:41.549+0000] {processor.py:839} INFO - DAG(s) dict_keys(['example_branch_labels']) retrieved from /home/airflow/.local/lib/python3.10/site-packages/airflow/example_dags/example_branch_labels.py
[2026-06-09T10:06:41.609+0000] {logging_mixin.py:154} INFO - [2026-06-09T10:06:41.609+0000] {dag.py:2941} INFO - Sync 1 DAGs
[2026-06-09T10:06:41.677+0000] {logging_mixin.py:154} INFO - [2026-06-09T10:06:41.677+0000] {dag.py:3722} INFO - Setting next_dagrun for example_branch_labels to 2026-06-08T00:00:00+00:00, run_after=2026-06-09T00:00:00+00:00
[2026-06-09T10:06:41.728+0000] {processor.py:179} INFO - Processing /home/airflow/.local/lib/python3.10/site-packages/airflow/example_dags/example_branch_labels.py took 0.225 seconds
[2026-06-09T10:07:11.964+0000] {processor.py:157} INFO - Started process (PID=1325) to work on /home/airflow/.local/lib/python3.10/site-packages/airflow/example_dags/example_branch_labels.py
[2026-06-09T10:07:11.965+0000] {processor.py:829} INFO - Processing file /home/airflow/.local/lib/python3.10/site-packages/airflow/example_dags/example_branch_labels.py for tasks to queue
[2026-06-09T10:07:11.966+0000] {logging_mixin.py:154} INFO - [2026-06-09T10:07:11.966+0000] {dagbag.py:536} INFO - Filling up the DagBag from /home/airflow/.local/lib/python3.10/site-packages/airflow/example_dags/example_branch_labels.py
[2026-06-09T10:07:11.980+0000] {processor.py:839} INFO - DAG(s) dict_keys(['example_branch_labels']) retrieved from /home/airflow/.local/lib/python3.10/site-packages/airflow/example_dags/example_branch_labels.py
[2026-06-09T10:07:12.013+0000] {logging_mixin.py:154} INFO - [2026-06-09T10:07:12.012+0000] {dag.py:2941} INFO - Sync 1 DAGs
[2026-06-09T10:07:12.047+0000] {logging_mixin.py:154} INFO - [2026-06-09T10:07:12.047+0000] {dag.py:3722} INFO - Setting next_dagrun for example_branch_labels to 2026-06-08T00:00:00+00:00, run_after=2026-06-09T00:00:00+00:00
[2026-06-09T10:07:12.069+0000] {processor.py:179} INFO - Processing /home/airflow/.local/lib/python3.10/site-packages/airflow/example_dags/example_branch_labels.py took 0.111 seconds
[2026-06-09T10:07:42.874+0000] {processor.py:157} INFO - Started process (PID=1375) to work on /home/airflow/.local/lib/python3.10/site-packages/airflow/example_dags/example_branch_labels.py
[2026-06-09T10:07:42.885+0000] {processor.py:829} INFO - Processing file /home/airflow/.local/lib/python3.10/site-packages/airflow/example_dags/example_branch_labels.py for tasks to queue
[2026-06-09T10:07:42.887+0000] {logging_mixin.py:154} INFO - [2026-06-09T10:07:42.887+0000] {dagbag.py:536} INFO - Filling up the DagBag from /home/airflow/.local/lib/python3.10/site-packages/airflow/example_dags/example_branch_labels.py
[2026-06-09T10:07:42.915+0000] {processor.py:839} INFO - DAG(s) dict_keys(['example_branch_labels']) retrieved from /home/airflow/.local/lib/python3.10/site-packages/airflow/example_dags/example_branch_labels.py
[2026-06-09T10:07:43.018+0000] {logging_mixin.py:154} INFO - [2026-06-09T10:07:43.018+0000] {dag.py:2941} INFO - Sync 1 DAGs
[2026-06-09T10:07:43.143+0000] {logging_mixin.py:154} INFO - [2026-06-09T10:07:43.142+0000] {dag.py:3722} INFO - Setting next_dagrun for example_branch_labels to 2026-06-08T00:00:00+00:00, run_after=2026-06-09T00:00:00+00:00
[2026-06-09T10:07:43.262+0000] {processor.py:179} INFO - Processing /home/airflow/.local/lib/python3.10/site-packages/airflow/example_dags/example_branch_labels.py took 0.393 seconds
[2026-06-09T10:08:14.060+0000] {processor.py:157} INFO - Started process (PID=1424) to work on /home/airflow/.local/lib/python3.10/site-packages/airflow/example_dags/example_branch_labels.py
[2026-06-09T10:08:14.062+0000] {processor.py:829} INFO - Processing file /home/airflow/.local/lib/python3.10/site-packages/airflow/example_dags/example_branch_labels.py for tasks to queue
[2026-06-09T10:08:14.063+0000] {logging_mixin.py:154} INFO - [2026-06-09T10:08:14.063+0000] {dagbag.py:536} INFO - Filling up the DagBag from /home/airflow/.local/lib/python3.10/site-packages/airflow/example_dags/example_branch_labels.py
[2026-06-09T10:08:14.075+0000] {processor.py:839} INFO - DAG(s) dict_keys(['example_branch_labels']) retrieved from /home/airflow/.local/lib/python3.10/site-packages/airflow/example_dags/example_branch_labels.py
[2026-06-09T10:08:14.108+0000] {logging_mixin.py:154} INFO - [2026-06-09T10:08:14.107+0000] {dag.py:2941} INFO - Sync 1 DAGs
[2026-06-09T10:08:14.143+0000] {logging_mixin.py:154} INFO - [2026-06-09T10:08:14.143+0000] {dag.py:3722} INFO - Setting next_dagrun for example_branch_labels to 2026-06-08T00:00:00+00:00, run_after=2026-06-09T00:00:00+00:00
[2026-06-09T10:08:14.167+0000] {processor.py:179} INFO - Processing /home/airflow/.local/lib/python3.10/site-packages/airflow/example_dags/example_branch_labels.py took 0.112 seconds
[2026-06-09T10:08:44.259+0000] {processor.py:157} INFO - Started process (PID=1473) to work on /home/airflow/.local/lib/python3.10/site-packages/airflow/example_dags/example_branch_labels.py
[2026-06-09T10:08:44.260+0000] {processor.py:829} INFO - Processing file /home/airflow/.local/lib/python3.10/site-packages/airflow/example_dags/example_branch_labels.py for tasks to queue
[2026-06-09T10:08:44.261+0000] {logging_mixin.py:154} INFO - [2026-06-09T10:08:44.261+0000] {dagbag.py:536} INFO - Filling up the DagBag from /home/airflow/.local/lib/python3.10/site-packages/airflow/example_dags/example_branch_labels.py
[2026-06-09T10:08:44.274+0000] {processor.py:839} INFO - DAG(s) dict_keys(['example_branch_labels']) retrieved from /home/airflow/.local/lib/python3.10/site-packages/airflow/example_dags/example_branch_labels.py
[2026-06-09T10:08:44.306+0000] {logging_mixin.py:154} INFO - [2026-06-09T10:08:44.305+0000] {dag.py:2941} INFO - Sync 1 DAGs
[2026-06-09T10:08:44.344+0000] {logging_mixin.py:154} INFO - [2026-06-09T10:08:44.341+0000] {dag.py:3722} INFO - Setting next_dagrun for example_branch_labels to 2026-06-08T00:00:00+00:00, run_after=2026-06-09T00:00:00+00:00
[2026-06-09T10:08:44.374+0000] {processor.py:179} INFO - Processing /home/airflow/.local/lib/python3.10/site-packages/airflow/example_dags/example_branch_labels.py took 0.120 seconds
[2026-06-09T10:09:14.506+0000] {processor.py:157} INFO - Started process (PID=1523) to work on /home/airflow/.local/lib/python3.10/site-packages/airflow/example_dags/example_branch_labels.py
[2026-06-09T10:09:14.509+0000] {processor.py:829} INFO - Processing file /home/airflow/.local/lib/python3.10/site-packages/airflow/example_dags/example_branch_labels.py for tasks to queue
[2026-06-09T10:09:14.510+0000] {logging_mixin.py:154} INFO - [2026-06-09T10:09:14.509+0000] {dagbag.py:536} INFO - Filling up the DagBag from /home/airflow/.local/lib/python3.10/site-packages/airflow/example_dags/example_branch_labels.py
[2026-06-09T10:09:14.523+0000] {processor.py:839} INFO - DAG(s) dict_keys(['example_branch_labels']) retrieved from /home/airflow/.local/lib/python3.10/site-packages/airflow/example_dags/example_branch_labels.py
[2026-06-09T10:09:14.546+0000] {logging_mixin.py:154} INFO - [2026-06-09T10:09:14.546+0000] {dag.py:2941} INFO - Sync 1 DAGs
[2026-06-09T10:09:14.571+0000] {logging_mixin.py:154} INFO - [2026-06-09T10:09:14.571+0000] {dag.py:3722} INFO - Setting next_dagrun for example_branch_labels to 2026-06-08T00:00:00+00:00, run_after=2026-06-09T00:00:00+00:00
[2026-06-09T10:09:14.595+0000] {processor.py:179} INFO - Processing /home/airflow/.local/lib/python3.10/site-packages/airflow/example_dags/example_branch_labels.py took 0.098 seconds
[2026-06-09T10:09:44.766+0000] {processor.py:157} INFO - Started process (PID=1571) to work on /home/airflow/.local/lib/python3.10/site-packages/airflow/example_dags/example_branch_labels.py
[2026-06-09T10:09:44.767+0000] {processor.py:829} INFO - Processing file /home/airflow/.local/lib/python3.10/site-packages/airflow/example_dags/example_branch_labels.py for tasks to queue
[2026-06-09T10:09:44.769+0000] {logging_mixin.py:154} INFO - [2026-06-09T10:09:44.768+0000] {dagbag.py:536} INFO - Filling up the DagBag from /home/airflow/.local/lib/python3.10/site-packages/airflow/example_dags/example_branch_labels.py
[2026-06-09T10:09:44.781+0000] {processor.py:839} INFO - DAG(s) dict_keys(['example_branch_labels']) retrieved from /home/airflow/.local/lib/python3.10/site-packages/airflow/example_dags/example_branch_labels.py
[2026-06-09T10:09:44.814+0000] {logging_mixin.py:154} INFO - [2026-06-09T10:09:44.813+0000] {dag.py:2941} INFO - Sync 1 DAGs
[2026-06-09T10:09:44.852+0000] {logging_mixin.py:154} INFO - [2026-06-09T10:09:44.851+0000] {dag.py:3722} INFO - Setting next_dagrun for example_branch_labels to 2026-06-08T00:00:00+00:00, run_after=2026-06-09T00:00:00+00:00
[2026-06-09T10:09:44.877+0000] {processor.py:179} INFO - Processing /home/airflow/.local/lib/python3.10/site-packages/airflow/example_dags/example_branch_labels.py took 0.115 seconds
[2026-06-09T10:10:15.648+0000] {processor.py:157} INFO - Started process (PID=1621) to work on /home/airflow/.local/lib/python3.10/site-packages/airflow/example_dags/example_branch_labels.py
[2026-06-09T10:10:15.650+0000] {processor.py:829} INFO - Processing file /home/airflow/.local/lib/python3.10/site-packages/airflow/example_dags/example_branch_labels.py for tasks to queue
[2026-06-09T10:10:15.651+0000] {logging_mixin.py:154} INFO - [2026-06-09T10:10:15.651+0000] {dagbag.py:536} INFO - Filling up the DagBag from /home/airflow/.local/lib/python3.10/site-packages/airflow/example_dags/example_branch_labels.py
[2026-06-09T10:10:15.663+0000] {processor.py:839} INFO - DAG(s) dict_keys(['example_branch_labels']) retrieved from /home/airflow/.local/lib/python3.10/site-packages/airflow/example_dags/example_branch_labels.py
[2026-06-09T10:10:15.694+0000] {logging_mixin.py:154} INFO - [2026-06-09T10:10:15.693+0000] {dag.py:2941} INFO - Sync 1 DAGs
[2026-06-09T10:10:15.726+0000] {logging_mixin.py:154} INFO - [2026-06-09T10:10:15.726+0000] {dag.py:3722} INFO - Setting next_dagrun for example_branch_labels to 2026-06-08T00:00:00+00:00, run_after=2026-06-09T00:00:00+00:00
[2026-06-09T10:10:15.752+0000] {processor.py:179} INFO - Processing /home/airflow/.local/lib/python3.10/site-packages/airflow/example_dags/example_branch_labels.py took 0.116 seconds
[2026-06-09T10:10:45.863+0000] {processor.py:157} INFO - Started process (PID=1671) to work on /home/airflow/.local/lib/python3.10/site-packages/airflow/example_dags/example_branch_labels.py
[2026-06-09T10:10:45.865+0000] {processor.py:829} INFO - Processing file /home/airflow/.local/lib/python3.10/site-packages/airflow/example_dags/example_branch_labels.py for tasks to queue
[2026-06-09T10:10:45.866+0000] {logging_mixin.py:154} INFO - [2026-06-09T10:10:45.866+0000] {dagbag.py:536} INFO - Filling up the DagBag from /home/airflow/.local/lib/python3.10/site-packages/airflow/example_dags/example_branch_labels.py
[2026-06-09T10:10:45.878+0000] {processor.py:839} INFO - DAG(s) dict_keys(['example_branch_labels']) retrieved from /home/airflow/.local/lib/python3.10/site-packages/airflow/example_dags/example_branch_labels.py
[2026-06-09T10:10:45.912+0000] {logging_mixin.py:154} INFO - [2026-06-09T10:10:45.912+0000] {dag.py:2941} INFO - Sync 1 DAGs
[2026-06-09T10:10:45.945+0000] {logging_mixin.py:154} INFO - [2026-06-09T10:10:45.945+0000] {dag.py:3722} INFO - Setting next_dagrun for example_branch_labels to 2026-06-08T00:00:00+00:00, run_after=2026-06-09T00:00:00+00:00
[2026-06-09T10:10:45.967+0000] {processor.py:179} INFO - Processing /home/airflow/.local/lib/python3.10/site-packages/airflow/example_dags/example_branch_labels.py took 0.109 seconds
[2026-06-09T10:11:16.504+0000] {processor.py:157} INFO - Started process (PID=1721) to work on /home/airflow/.local/lib/python3.10/site-packages/airflow/example_dags/example_branch_labels.py
[2026-06-09T10:11:16.530+0000] {processor.py:829} INFO - Processing file /home/airflow/.local/lib/python3.10/site-packages/airflow/example_dags/example_branch_labels.py for tasks to queue
[2026-06-09T10:11:16.531+0000] {logging_mixin.py:154} INFO - [2026-06-09T10:11:16.530+0000] {dagbag.py:536} INFO - Filling up the DagBag from /home/airflow/.local/lib/python3.10/site-packages/airflow/example_dags/example_branch_labels.py
[2026-06-09T10:11:16.591+0000] {processor.py:839} INFO - DAG(s) dict_keys(['example_branch_labels']) retrieved from /home/airflow/.local/lib/python3.10/site-packages/airflow/example_dags/example_branch_labels.py
[2026-06-09T10:11:16.738+0000] {logging_mixin.py:154} INFO - [2026-06-09T10:11:16.738+0000] {dag.py:2941} INFO - Sync 1 DAGs
[2026-06-09T10:11:16.903+0000] {logging_mixin.py:154} INFO - [2026-06-09T10:11:16.903+0000] {dag.py:3722} INFO - Setting next_dagrun for example_branch_labels to 2026-06-08T00:00:00+00:00, run_after=2026-06-09T00:00:00+00:00
[2026-06-09T10:11:17.010+0000] {processor.py:179} INFO - Processing /home/airflow/.local/lib/python3.10/site-packages/airflow/example_dags/example_branch_labels.py took 0.539 seconds
[2026-06-09T10:11:47.431+0000] {processor.py:157} INFO - Started process (PID=1771) to work on /home/airflow/.local/lib/python3.10/site-packages/airflow/example_dags/example_branch_labels.py
[2026-06-09T10:11:47.432+0000] {processor.py:829} INFO - Processing file /home/airflow/.local/lib/python3.10/site-packages/airflow/example_dags/example_branch_labels.py for tasks to queue
[2026-06-09T10:11:47.433+0000] {logging_mixin.py:154} INFO - [2026-06-09T10:11:47.433+0000] {dagbag.py:536} INFO - Filling up the DagBag from /home/airflow/.local/lib/python3.10/site-packages/airflow/example_dags/example_branch_labels.py
[2026-06-09T10:11:47.446+0000] {processor.py:839} INFO - DAG(s) dict_keys(['example_branch_labels']) retrieved from /home/airflow/.local/lib/python3.10/site-packages/airflow/example_dags/example_branch_labels.py
[2026-06-09T10:11:47.484+0000] {logging_mixin.py:154} INFO - [2026-06-09T10:11:47.483+0000] {dag.py:2941} INFO - Sync 1 DAGs
[2026-06-09T10:11:47.515+0000] {logging_mixin.py:154} INFO - [2026-06-09T10:11:47.515+0000] {dag.py:3722} INFO - Setting next_dagrun for example_branch_labels to 2026-06-08T00:00:00+00:00, run_after=2026-06-09T00:00:00+00:00
[2026-06-09T10:11:47.542+0000] {processor.py:179} INFO - Processing /home/airflow/.local/lib/python3.10/site-packages/airflow/example_dags/example_branch_labels.py took 0.117 seconds
[2026-06-09T10:12:18.122+0000] {processor.py:157} INFO - Started process (PID=1821) to work on /home/airflow/.local/lib/python3.10/site-packages/airflow/example_dags/example_branch_labels.py
[2026-06-09T10:12:18.125+0000] {processor.py:829} INFO - Processing file /home/airflow/.local/lib/python3.10/site-packages/airflow/example_dags/example_branch_labels.py for tasks to queue
[2026-06-09T10:12:18.126+0000] {logging_mixin.py:154} INFO - [2026-06-09T10:12:18.125+0000] {dagbag.py:536} INFO - Filling up the DagBag from /home/airflow/.local/lib/python3.10/site-packages/airflow/example_dags/example_branch_labels.py
[2026-06-09T10:12:18.138+0000] {processor.py:839} INFO - DAG(s) dict_keys(['example_branch_labels']) retrieved from /home/airflow/.local/lib/python3.10/site-packages/airflow/example_dags/example_branch_labels.py
[2026-06-09T10:12:18.169+0000] {logging_mixin.py:154} INFO - [2026-06-09T10:12:18.169+0000] {dag.py:2941} INFO - Sync 1 DAGs
[2026-06-09T10:12:18.204+0000] {logging_mixin.py:154} INFO - [2026-06-09T10:12:18.204+0000] {dag.py:3722} INFO - Setting next_dagrun for example_branch_labels to 2026-06-08T00:00:00+00:00, run_after=2026-06-09T00:00:00+00:00
[2026-06-09T10:12:18.226+0000] {processor.py:179} INFO - Processing /home/airflow/.local/lib/python3.10/site-packages/airflow/example_dags/example_branch_labels.py took 0.109 seconds
[2026-06-09T10:12:48.540+0000] {processor.py:157} INFO - Started process (PID=1871) to work on /home/airflow/.local/lib/python3.10/site-packages/airflow/example_dags/example_branch_labels.py
[2026-06-09T10:12:48.542+0000] {processor.py:829} INFO - Processing file /home/airflow/.local/lib/python3.10/site-packages/airflow/example_dags/example_branch_labels.py for tasks to queue
[2026-06-09T10:12:48.543+0000] {logging_mixin.py:154} INFO - [2026-06-09T10:12:48.542+0000] {dagbag.py:536} INFO - Filling up the DagBag from /home/airflow/.local/lib/python3.10/site-packages/airflow/example_dags/example_branch_labels.py
[2026-06-09T10:12:48.557+0000] {processor.py:839} INFO - DAG(s) dict_keys(['example_branch_labels']) retrieved from /home/airflow/.local/lib/python3.10/site-packages/airflow/example_dags/example_branch_labels.py
[2026-06-09T10:12:48.588+0000] {logging_mixin.py:154} INFO - [2026-06-09T10:12:48.588+0000] {dag.py:2941} INFO - Sync 1 DAGs
[2026-06-09T10:12:48.623+0000] {logging_mixin.py:154} INFO - [2026-06-09T10:12:48.623+0000] {dag.py:3722} INFO - Setting next_dagrun for example_branch_labels to 2026-06-08T00:00:00+00:00, run_after=2026-06-09T00:00:00+00:00
[2026-06-09T10:12:48.649+0000] {processor.py:179} INFO - Processing /home/airflow/.local/lib/python3.10/site-packages/airflow/example_dags/example_branch_labels.py took 0.115 seconds
[2026-06-09T10:13:18.894+0000] {processor.py:157} INFO - Started process (PID=1921) to work on /home/airflow/.local/lib/python3.10/site-packages/airflow/example_dags/example_branch_labels.py
[2026-06-09T10:13:18.895+0000] {processor.py:829} INFO - Processing file /home/airflow/.local/lib/python3.10/site-packages/airflow/example_dags/example_branch_labels.py for tasks to queue
[2026-06-09T10:13:18.897+0000] {logging_mixin.py:154} INFO - [2026-06-09T10:13:18.896+0000] {dagbag.py:536} INFO - Filling up the DagBag from /home/airflow/.local/lib/python3.10/site-packages/airflow/example_dags/example_branch_labels.py
[2026-06-09T10:13:18.910+0000] {processor.py:839} INFO - DAG(s) dict_keys(['example_branch_labels']) retrieved from /home/airflow/.local/lib/python3.10/site-packages/airflow/example_dags/example_branch_labels.py
[2026-06-09T10:13:18.943+0000] {logging_mixin.py:154} INFO - [2026-06-09T10:13:18.943+0000] {dag.py:2941} INFO - Sync 1 DAGs
[2026-06-09T10:13:18.978+0000] {logging_mixin.py:154} INFO - [2026-06-09T10:13:18.978+0000] {dag.py:3722} INFO - Setting next_dagrun for example_branch_labels to 2026-06-08T00:00:00+00:00, run_after=2026-06-09T00:00:00+00:00
[2026-06-09T10:13:19.001+0000] {processor.py:179} INFO - Processing /home/airflow/.local/lib/python3.10/site-packages/airflow/example_dags/example_branch_labels.py took 0.112 seconds
[2026-06-09T10:13:49.219+0000] {processor.py:157} INFO - Started process (PID=1971) to work on /home/airflow/.local/lib/python3.10/site-packages/airflow/example_dags/example_branch_labels.py
[2026-06-09T10:13:49.230+0000] {processor.py:829} INFO - Processing file /home/airflow/.local/lib/python3.10/site-packages/airflow/example_dags/example_branch_labels.py for tasks to queue
[2026-06-09T10:13:49.231+0000] {logging_mixin.py:154} INFO - [2026-06-09T10:13:49.230+0000] {dagbag.py:536} INFO - Filling up the DagBag from /home/airflow/.local/lib/python3.10/site-packages/airflow/example_dags/example_branch_labels.py
[2026-06-09T10:13:49.285+0000] {processor.py:839} INFO - DAG(s) dict_keys(['example_branch_labels']) retrieved from /home/airflow/.local/lib/python3.10/site-packages/airflow/example_dags/example_branch_labels.py
[2026-06-09T10:13:49.432+0000] {logging_mixin.py:154} INFO - [2026-06-09T10:13:49.431+0000] {dag.py:2941} INFO - Sync 1 DAGs
[2026-06-09T10:13:49.529+0000] {logging_mixin.py:154} INFO - [2026-06-09T10:13:49.529+0000] {dag.py:3722} INFO - Setting next_dagrun for example_branch_labels to 2026-06-08T00:00:00+00:00, run_after=2026-06-09T00:00:00+00:00
[2026-06-09T10:13:49.582+0000] {processor.py:179} INFO - Processing /home/airflow/.local/lib/python3.10/site-packages/airflow/example_dags/example_branch_labels.py took 0.393 seconds
[2026-06-09T10:14:19.856+0000] {processor.py:157} INFO - Started process (PID=2017) to work on /home/airflow/.local/lib/python3.10/site-packages/airflow/example_dags/example_branch_labels.py
[2026-06-09T10:14:19.893+0000] {processor.py:829} INFO - Processing file /home/airflow/.local/lib/python3.10/site-packages/airflow/example_dags/example_branch_labels.py for tasks to queue
[2026-06-09T10:14:19.895+0000] {logging_mixin.py:154} INFO - [2026-06-09T10:14:19.894+0000] {dagbag.py:536} INFO - Filling up the DagBag from /home/airflow/.local/lib/python3.10/site-packages/airflow/example_dags/example_branch_labels.py
[2026-06-09T10:14:19.907+0000] {processor.py:839} INFO - DAG(s) dict_keys(['example_branch_labels']) retrieved from /home/airflow/.local/lib/python3.10/site-packages/airflow/example_dags/example_branch_labels.py
[2026-06-09T10:14:19.940+0000] {logging_mixin.py:154} INFO - [2026-06-09T10:14:19.939+0000] {dag.py:2941} INFO - Sync 1 DAGs
[2026-06-09T10:14:20.036+0000] {logging_mixin.py:154} INFO - [2026-06-09T10:14:20.036+0000] {dag.py:3722} INFO - Setting next_dagrun for example_branch_labels to 2026-06-08T00:00:00+00:00, run_after=2026-06-09T00:00:00+00:00
[2026-06-09T10:14:20.094+0000] {processor.py:179} INFO - Processing /home/airflow/.local/lib/python3.10/site-packages/airflow/example_dags/example_branch_labels.py took 0.245 seconds
[2026-06-09T10:14:50.341+0000] {processor.py:157} INFO - Started process (PID=2067) to work on /home/airflow/.local/lib/python3.10/site-packages/airflow/example_dags/example_branch_labels.py
[2026-06-09T10:14:50.361+0000] {processor.py:829} INFO - Processing file /home/airflow/.local/lib/python3.10/site-packages/airflow/example_dags/example_branch_labels.py for tasks to queue
[2026-06-09T10:14:50.370+0000] {logging_mixin.py:154} INFO - [2026-06-09T10:14:50.370+0000] {dagbag.py:536} INFO - Filling up the DagBag from /home/airflow/.local/lib/python3.10/site-packages/airflow/example_dags/example_branch_labels.py
[2026-06-09T10:14:50.432+0000] {processor.py:839} INFO - DAG(s) dict_keys(['example_branch_labels']) retrieved from /home/airflow/.local/lib/python3.10/site-packages/airflow/example_dags/example_branch_labels.py
[2026-06-09T10:14:50.522+0000] {logging_mixin.py:154} INFO - [2026-06-09T10:14:50.522+0000] {dag.py:2941} INFO - Sync 1 DAGs
[2026-06-09T10:14:50.649+0000] {logging_mixin.py:154} INFO - [2026-06-09T10:14:50.649+0000] {dag.py:3722} INFO - Setting next_dagrun for example_branch_labels to 2026-06-08T00:00:00+00:00, run_after=2026-06-09T00:00:00+00:00
[2026-06-09T10:14:50.728+0000] {processor.py:179} INFO - Processing /home/airflow/.local/lib/python3.10/site-packages/airflow/example_dags/example_branch_labels.py took 0.416 seconds
[2026-06-09T10:15:21.549+0000] {processor.py:157} INFO - Started process (PID=2117) to work on /home/airflow/.local/lib/python3.10/site-packages/airflow/example_dags/example_branch_labels.py
[2026-06-09T10:15:21.551+0000] {processor.py:829} INFO - Processing file /home/airflow/.local/lib/python3.10/site-packages/airflow/example_dags/example_branch_labels.py for tasks to queue
[2026-06-09T10:15:21.552+0000] {logging_mixin.py:154} INFO - [2026-06-09T10:15:21.551+0000] {dagbag.py:536} INFO - Filling up the DagBag from /home/airflow/.local/lib/python3.10/site-packages/airflow/example_dags/example_branch_labels.py
[2026-06-09T10:15:21.595+0000] {processor.py:839} INFO - DAG(s) dict_keys(['example_branch_labels']) retrieved from /home/airflow/.local/lib/python3.10/site-packages/airflow/example_dags/example_branch_labels.py
[2026-06-09T10:15:21.658+0000] {logging_mixin.py:154} INFO - [2026-06-09T10:15:21.657+0000] {dag.py:2941} INFO - Sync 1 DAGs
[2026-06-09T10:15:21.745+0000] {logging_mixin.py:154} INFO - [2026-06-09T10:15:21.745+0000] {dag.py:3722} INFO - Setting next_dagrun for example_branch_labels to 2026-06-08T00:00:00+00:00, run_after=2026-06-09T00:00:00+00:00
[2026-06-09T10:15:21.853+0000] {processor.py:179} INFO - Processing /home/airflow/.local/lib/python3.10/site-packages/airflow/example_dags/example_branch_labels.py took 0.310 seconds
[2026-06-09T10:15:52.622+0000] {processor.py:157} INFO - Started process (PID=2167) to work on /home/airflow/.local/lib/python3.10/site-packages/airflow/example_dags/example_branch_labels.py
[2026-06-09T10:15:52.624+0000] {processor.py:829} INFO - Processing file /home/airflow/.local/lib/python3.10/site-packages/airflow/example_dags/example_branch_labels.py for tasks to queue
[2026-06-09T10:15:52.627+0000] {logging_mixin.py:154} INFO - [2026-06-09T10:15:52.625+0000] {dagbag.py:536} INFO - Filling up the DagBag from /home/airflow/.local/lib/python3.10/site-packages/airflow/example_dags/example_branch_labels.py
[2026-06-09T10:15:52.680+0000] {processor.py:839} INFO - DAG(s) dict_keys(['example_branch_labels']) retrieved from /home/airflow/.local/lib/python3.10/site-packages/airflow/example_dags/example_branch_labels.py
[2026-06-09T10:15:52.742+0000] {logging_mixin.py:154} INFO - [2026-06-09T10:15:52.741+0000] {dag.py:2941} INFO - Sync 1 DAGs
[2026-06-09T10:15:52.807+0000] {logging_mixin.py:154} INFO - [2026-06-09T10:15:52.806+0000] {dag.py:3722} INFO - Setting next_dagrun for example_branch_labels to 2026-06-08T00:00:00+00:00, run_after=2026-06-09T00:00:00+00:00
[2026-06-09T10:15:52.866+0000] {processor.py:179} INFO - Processing /home/airflow/.local/lib/python3.10/site-packages/airflow/example_dags/example_branch_labels.py took 0.249 seconds
[2026-06-09T10:16:23.720+0000] {processor.py:157} INFO - Started process (PID=2217) to work on /home/airflow/.local/lib/python3.10/site-packages/airflow/example_dags/example_branch_labels.py
[2026-06-09T10:16:23.721+0000] {processor.py:829} INFO - Processing file /home/airflow/.local/lib/python3.10/site-packages/airflow/example_dags/example_branch_labels.py for tasks to queue
[2026-06-09T10:16:23.725+0000] {logging_mixin.py:154} INFO - [2026-06-09T10:16:23.724+0000] {dagbag.py:536} INFO - Filling up the DagBag from /home/airflow/.local/lib/python3.10/site-packages/airflow/example_dags/example_branch_labels.py
[2026-06-09T10:16:23.737+0000] {processor.py:839} INFO - DAG(s) dict_keys(['example_branch_labels']) retrieved from /home/airflow/.local/lib/python3.10/site-packages/airflow/example_dags/example_branch_labels.py
[2026-06-09T10:16:23.767+0000] {logging_mixin.py:154} INFO - [2026-06-09T10:16:23.766+0000] {dag.py:2941} INFO - Sync 1 DAGs
[2026-06-09T10:16:23.800+0000] {logging_mixin.py:154} INFO - [2026-06-09T10:16:23.800+0000] {dag.py:3722} INFO - Setting next_dagrun for example_branch_labels to 2026-06-08T00:00:00+00:00, run_after=2026-06-09T00:00:00+00:00
[2026-06-09T10:16:23.823+0000] {processor.py:179} INFO - Processing /home/airflow/.local/lib/python3.10/site-packages/airflow/example_dags/example_branch_labels.py took 0.107 seconds
[2026-06-09T10:16:54.278+0000] {processor.py:157} INFO - Started process (PID=2267) to work on /home/airflow/.local/lib/python3.10/site-packages/airflow/example_dags/example_branch_labels.py
[2026-06-09T10:16:54.279+0000] {processor.py:829} INFO - Processing file /home/airflow/.local/lib/python3.10/site-packages/airflow/example_dags/example_branch_labels.py for tasks to queue
[2026-06-09T10:16:54.281+0000] {logging_mixin.py:154} INFO - [2026-06-09T10:16:54.280+0000] {dagbag.py:536} INFO - Filling up the DagBag from /home/airflow/.local/lib/python3.10/site-packages/airflow/example_dags/example_branch_labels.py
[2026-06-09T10:16:54.294+0000] {processor.py:839} INFO - DAG(s) dict_keys(['example_branch_labels']) retrieved from /home/airflow/.local/lib/python3.10/site-packages/airflow/example_dags/example_branch_labels.py
[2026-06-09T10:16:54.326+0000] {logging_mixin.py:154} INFO - [2026-06-09T10:16:54.325+0000] {dag.py:2941} INFO - Sync 1 DAGs
[2026-06-09T10:16:54.359+0000] {logging_mixin.py:154} INFO - [2026-06-09T10:16:54.359+0000] {dag.py:3722} INFO - Setting next_dagrun for example_branch_labels to 2026-06-08T00:00:00+00:00, run_after=2026-06-09T00:00:00+00:00
[2026-06-09T10:16:54.381+0000] {processor.py:179} INFO - Processing /home/airflow/.local/lib/python3.10/site-packages/airflow/example_dags/example_branch_labels.py took 0.108 seconds
[2026-06-09T10:17:24.695+0000] {processor.py:157} INFO - Started process (PID=2317) to work on /home/airflow/.local/lib/python3.10/site-packages/airflow/example_dags/example_branch_labels.py
[2026-06-09T10:17:24.696+0000] {processor.py:829} INFO - Processing file /home/airflow/.local/lib/python3.10/site-packages/airflow/example_dags/example_branch_labels.py for tasks to queue
[2026-06-09T10:17:24.698+0000] {logging_mixin.py:154} INFO - [2026-06-09T10:17:24.697+0000] {dagbag.py:536} INFO - Filling up the DagBag from /home/airflow/.local/lib/python3.10/site-packages/airflow/example_dags/example_branch_labels.py
[2026-06-09T10:17:24.710+0000] {processor.py:839} INFO - DAG(s) dict_keys(['example_branch_labels']) retrieved from /home/airflow/.local/lib/python3.10/site-packages/airflow/example_dags/example_branch_labels.py
[2026-06-09T10:17:24.740+0000] {logging_mixin.py:154} INFO - [2026-06-09T10:17:24.740+0000] {dag.py:2941} INFO - Sync 1 DAGs
[2026-06-09T10:17:24.774+0000] {logging_mixin.py:154} INFO - [2026-06-09T10:17:24.774+0000] {dag.py:3722} INFO - Setting next_dagrun for example_branch_labels to 2026-06-08T00:00:00+00:00, run_after=2026-06-09T00:00:00+00:00
[2026-06-09T10:17:24.797+0000] {processor.py:179} INFO - Processing /home/airflow/.local/lib/python3.10/site-packages/airflow/example_dags/example_branch_labels.py took 0.108 seconds
[2026-06-09T10:17:55.283+0000] {processor.py:157} INFO - Started process (PID=2367) to work on /home/airflow/.local/lib/python3.10/site-packages/airflow/example_dags/example_branch_labels.py
[2026-06-09T10:17:55.289+0000] {processor.py:829} INFO - Processing file /home/airflow/.local/lib/python3.10/site-packages/airflow/example_dags/example_branch_labels.py for tasks to queue
[2026-06-09T10:17:55.291+0000] {logging_mixin.py:154} INFO - [2026-06-09T10:17:55.290+0000] {dagbag.py:536} INFO - Filling up the DagBag from /home/airflow/.local/lib/python3.10/site-packages/airflow/example_dags/example_branch_labels.py
[2026-06-09T10:17:55.332+0000] {processor.py:839} INFO - DAG(s) dict_keys(['example_branch_labels']) retrieved from /home/airflow/.local/lib/python3.10/site-packages/airflow/example_dags/example_branch_labels.py
[2026-06-09T10:17:55.400+0000] {logging_mixin.py:154} INFO - [2026-06-09T10:17:55.400+0000] {dag.py:2941} INFO - Sync 1 DAGs
[2026-06-09T10:17:55.456+0000] {logging_mixin.py:154} INFO - [2026-06-09T10:17:55.456+0000] {dag.py:3722} INFO - Setting next_dagrun for example_branch_labels to 2026-06-08T00:00:00+00:00, run_after=2026-06-09T00:00:00+00:00
[2026-06-09T10:17:55.507+0000] {processor.py:179} INFO - Processing /home/airflow/.local/lib/python3.10/site-packages/airflow/example_dags/example_branch_labels.py took 0.242 seconds
[2026-06-09T10:18:25.970+0000] {processor.py:157} INFO - Started process (PID=2417) to work on /home/airflow/.local/lib/python3.10/site-packages/airflow/example_dags/example_branch_labels.py
[2026-06-09T10:18:25.973+0000] {processor.py:829} INFO - Processing file /home/airflow/.local/lib/python3.10/site-packages/airflow/example_dags/example_branch_labels.py for tasks to queue
[2026-06-09T10:18:25.975+0000] {logging_mixin.py:154} INFO - [2026-06-09T10:18:25.974+0000] {dagbag.py:536} INFO - Filling up the DagBag from /home/airflow/.local/lib/python3.10/site-packages/airflow/example_dags/example_branch_labels.py
[2026-06-09T10:18:25.989+0000] {processor.py:839} INFO - DAG(s) dict_keys(['example_branch_labels']) retrieved from /home/airflow/.local/lib/python3.10/site-packages/airflow/example_dags/example_branch_labels.py
[2026-06-09T10:18:26.022+0000] {logging_mixin.py:154} INFO - [2026-06-09T10:18:26.022+0000] {dag.py:2941} INFO - Sync 1 DAGs
[2026-06-09T10:18:26.057+0000] {logging_mixin.py:154} INFO - [2026-06-09T10:18:26.057+0000] {dag.py:3722} INFO - Setting next_dagrun for example_branch_labels to 2026-06-08T00:00:00+00:00, run_after=2026-06-09T00:00:00+00:00
[2026-06-09T10:18:26.081+0000] {processor.py:179} INFO - Processing /home/airflow/.local/lib/python3.10/site-packages/airflow/example_dags/example_branch_labels.py took 0.116 seconds
[2026-06-09T10:18:57.248+0000] {processor.py:157} INFO - Started process (PID=2470) to work on /home/airflow/.local/lib/python3.10/site-packages/airflow/example_dags/example_branch_labels.py
[2026-06-09T10:18:57.258+0000] {processor.py:829} INFO - Processing file /home/airflow/.local/lib/python3.10/site-packages/airflow/example_dags/example_branch_labels.py for tasks to queue
[2026-06-09T10:18:57.259+0000] {logging_mixin.py:154} INFO - [2026-06-09T10:18:57.258+0000] {dagbag.py:536} INFO - Filling up the DagBag from /home/airflow/.local/lib/python3.10/site-packages/airflow/example_dags/example_branch_labels.py
[2026-06-09T10:18:57.291+0000] {processor.py:839} INFO - DAG(s) dict_keys(['example_branch_labels']) retrieved from /home/airflow/.local/lib/python3.10/site-packages/airflow/example_dags/example_branch_labels.py
[2026-06-09T10:18:57.386+0000] {logging_mixin.py:154} INFO - [2026-06-09T10:18:57.386+0000] {dag.py:2941} INFO - Sync 1 DAGs
[2026-06-09T10:18:57.448+0000] {logging_mixin.py:154} INFO - [2026-06-09T10:18:57.448+0000] {dag.py:3722} INFO - Setting next_dagrun for example_branch_labels to 2026-06-08T00:00:00+00:00, run_after=2026-06-09T00:00:00+00:00
[2026-06-09T10:18:57.491+0000] {processor.py:179} INFO - Processing /home/airflow/.local/lib/python3.10/site-packages/airflow/example_dags/example_branch_labels.py took 0.249 seconds
[2026-06-09T10:19:27.693+0000] {processor.py:157} INFO - Started process (PID=2520) to work on /home/airflow/.local/lib/python3.10/site-packages/airflow/example_dags/example_branch_labels.py
[2026-06-09T10:19:27.694+0000] {processor.py:829} INFO - Processing file /home/airflow/.local/lib/python3.10/site-packages/airflow/example_dags/example_branch_labels.py for tasks to queue
[2026-06-09T10:19:27.696+0000] {logging_mixin.py:154} INFO - [2026-06-09T10:19:27.695+0000] {dagbag.py:536} INFO - Filling up the DagBag from /home/airflow/.local/lib/python3.10/site-packages/airflow/example_dags/example_branch_labels.py
[2026-06-09T10:19:27.708+0000] {processor.py:839} INFO - DAG(s) dict_keys(['example_branch_labels']) retrieved from /home/airflow/.local/lib/python3.10/site-packages/airflow/example_dags/example_branch_labels.py
[2026-06-09T10:19:27.741+0000] {logging_mixin.py:154} INFO - [2026-06-09T10:19:27.740+0000] {dag.py:2941} INFO - Sync 1 DAGs
[2026-06-09T10:19:27.774+0000] {logging_mixin.py:154} INFO - [2026-06-09T10:19:27.774+0000] {dag.py:3722} INFO - Setting next_dagrun for example_branch_labels to 2026-06-08T00:00:00+00:00, run_after=2026-06-09T00:00:00+00:00
[2026-06-09T10:19:27.796+0000] {processor.py:179} INFO - Processing /home/airflow/.local/lib/python3.10/site-packages/airflow/example_dags/example_branch_labels.py took 0.108 seconds
[2026-06-09T10:19:58.292+0000] {processor.py:157} INFO - Started process (PID=2568) to work on /home/airflow/.local/lib/python3.10/site-packages/airflow/example_dags/example_branch_labels.py
[2026-06-09T10:19:58.300+0000] {processor.py:829} INFO - Processing file /home/airflow/.local/lib/python3.10/site-packages/airflow/example_dags/example_branch_labels.py for tasks to queue
[2026-06-09T10:19:58.302+0000] {logging_mixin.py:154} INFO - [2026-06-09T10:19:58.301+0000] {dagbag.py:536} INFO - Filling up the DagBag from /home/airflow/.local/lib/python3.10/site-packages/airflow/example_dags/example_branch_labels.py
[2026-06-09T10:19:58.336+0000] {processor.py:839} INFO - DAG(s) dict_keys(['example_branch_labels']) retrieved from /home/airflow/.local/lib/python3.10/site-packages/airflow/example_dags/example_branch_labels.py
[2026-06-09T10:19:58.422+0000] {logging_mixin.py:154} INFO - [2026-06-09T10:19:58.422+0000] {dag.py:2941} INFO - Sync 1 DAGs
[2026-06-09T10:19:58.497+0000] {logging_mixin.py:154} INFO - [2026-06-09T10:19:58.496+0000] {dag.py:3722} INFO - Setting next_dagrun for example_branch_labels to 2026-06-08T00:00:00+00:00, run_after=2026-06-09T00:00:00+00:00
[2026-06-09T10:19:58.576+0000] {processor.py:179} INFO - Processing /home/airflow/.local/lib/python3.10/site-packages/airflow/example_dags/example_branch_labels.py took 0.305 seconds
[2026-06-09T10:20:28.670+0000] {processor.py:157} INFO - Started process (PID=2621) to work on /home/airflow/.local/lib/python3.10/site-packages/airflow/example_dags/example_branch_labels.py
[2026-06-09T10:20:28.673+0000] {processor.py:829} INFO - Processing file /home/airflow/.local/lib/python3.10/site-packages/airflow/example_dags/example_branch_labels.py for tasks to queue
[2026-06-09T10:20:28.674+0000] {logging_mixin.py:154} INFO - [2026-06-09T10:20:28.674+0000] {dagbag.py:536} INFO - Filling up the DagBag from /home/airflow/.local/lib/python3.10/site-packages/airflow/example_dags/example_branch_labels.py
[2026-06-09T10:20:28.712+0000] {processor.py:839} INFO - DAG(s) dict_keys(['example_branch_labels']) retrieved from /home/airflow/.local/lib/python3.10/site-packages/airflow/example_dags/example_branch_labels.py
[2026-06-09T10:20:28.790+0000] {logging_mixin.py:154} INFO - [2026-06-09T10:20:28.789+0000] {dag.py:2941} INFO - Sync 1 DAGs
[2026-06-09T10:20:28.843+0000] {logging_mixin.py:154} INFO - [2026-06-09T10:20:28.843+0000] {dag.py:3722} INFO - Setting next_dagrun for example_branch_labels to 2026-06-08T00:00:00+00:00, run_after=2026-06-09T00:00:00+00:00
[2026-06-09T10:20:28.876+0000] {processor.py:179} INFO - Processing /home/airflow/.local/lib/python3.10/site-packages/airflow/example_dags/example_branch_labels.py took 0.213 seconds
[2026-06-09T10:20:59.011+0000] {processor.py:157} INFO - Started process (PID=2672) to work on /home/airflow/.local/lib/python3.10/site-packages/airflow/example_dags/example_branch_labels.py
[2026-06-09T10:20:59.013+0000] {processor.py:829} INFO - Processing file /home/airflow/.local/lib/python3.10/site-packages/airflow/example_dags/example_branch_labels.py for tasks to queue
[2026-06-09T10:20:59.014+0000] {logging_mixin.py:154} INFO - [2026-06-09T10:20:59.014+0000] {dagbag.py:536} INFO - Filling up the DagBag from /home/airflow/.local/lib/python3.10/site-packages/airflow/example_dags/example_branch_labels.py
[2026-06-09T10:20:59.024+0000] {processor.py:839} INFO - DAG(s) dict_keys(['example_branch_labels']) retrieved from /home/airflow/.local/lib/python3.10/site-packages/airflow/example_dags/example_branch_labels.py
[2026-06-09T10:20:59.049+0000] {logging_mixin.py:154} INFO - [2026-06-09T10:20:59.049+0000] {dag.py:2941} INFO - Sync 1 DAGs
[2026-06-09T10:20:59.075+0000] {logging_mixin.py:154} INFO - [2026-06-09T10:20:59.075+0000] {dag.py:3722} INFO - Setting next_dagrun for example_branch_labels to 2026-06-08T00:00:00+00:00, run_after=2026-06-09T00:00:00+00:00
[2026-06-09T10:20:59.096+0000] {processor.py:179} INFO - Processing /home/airflow/.local/lib/python3.10/site-packages/airflow/example_dags/example_branch_labels.py took 0.089 seconds
[2026-06-09T10:23:21.795+0000] {processor.py:157} INFO - Started process (PID=31) to work on /home/airflow/.local/lib/python3.10/site-packages/airflow/example_dags/example_branch_labels.py
[2026-06-09T10:23:21.818+0000] {processor.py:829} INFO - Processing file /home/airflow/.local/lib/python3.10/site-packages/airflow/example_dags/example_branch_labels.py for tasks to queue
[2026-06-09T10:23:21.833+0000] {logging_mixin.py:154} INFO - [2026-06-09T10:23:21.833+0000] {dagbag.py:536} INFO - Filling up the DagBag from /home/airflow/.local/lib/python3.10/site-packages/airflow/example_dags/example_branch_labels.py
[2026-06-09T10:23:21.919+0000] {processor.py:839} INFO - DAG(s) dict_keys(['example_branch_labels']) retrieved from /home/airflow/.local/lib/python3.10/site-packages/airflow/example_dags/example_branch_labels.py
[2026-06-09T10:23:22.070+0000] {logging_mixin.py:154} INFO - [2026-06-09T10:23:22.070+0000] {dag.py:2941} INFO - Sync 1 DAGs
[2026-06-09T10:23:22.297+0000] {logging_mixin.py:154} INFO - [2026-06-09T10:23:22.289+0000] {dag.py:3722} INFO - Setting next_dagrun for example_branch_labels to 2026-06-08T00:00:00+00:00, run_after=2026-06-09T00:00:00+00:00
[2026-06-09T10:23:22.430+0000] {processor.py:179} INFO - Processing /home/airflow/.local/lib/python3.10/site-packages/airflow/example_dags/example_branch_labels.py took 0.661 seconds
[2026-06-09T10:23:54.530+0000] {processor.py:157} INFO - Started process (PID=82) to work on /home/airflow/.local/lib/python3.10/site-packages/airflow/example_dags/example_branch_labels.py
[2026-06-09T10:23:54.533+0000] {processor.py:829} INFO - Processing file /home/airflow/.local/lib/python3.10/site-packages/airflow/example_dags/example_branch_labels.py for tasks to queue
[2026-06-09T10:23:54.536+0000] {logging_mixin.py:154} INFO - [2026-06-09T10:23:54.536+0000] {dagbag.py:536} INFO - Filling up the DagBag from /home/airflow/.local/lib/python3.10/site-packages/airflow/example_dags/example_branch_labels.py
[2026-06-09T10:23:54.549+0000] {processor.py:839} INFO - DAG(s) dict_keys(['example_branch_labels']) retrieved from /home/airflow/.local/lib/python3.10/site-packages/airflow/example_dags/example_branch_labels.py
[2026-06-09T10:23:54.580+0000] {logging_mixin.py:154} INFO - [2026-06-09T10:23:54.580+0000] {dag.py:2941} INFO - Sync 1 DAGs
[2026-06-09T10:23:54.615+0000] {logging_mixin.py:154} INFO - [2026-06-09T10:23:54.615+0000] {dag.py:3722} INFO - Setting next_dagrun for example_branch_labels to 2026-06-08T00:00:00+00:00, run_after=2026-06-09T00:00:00+00:00
[2026-06-09T10:23:54.640+0000] {processor.py:179} INFO - Processing /home/airflow/.local/lib/python3.10/site-packages/airflow/example_dags/example_branch_labels.py took 0.115 seconds
[2026-06-09T10:24:27.679+0000] {processor.py:157} INFO - Started process (PID=133) to work on /home/airflow/.local/lib/python3.10/site-packages/airflow/example_dags/example_branch_labels.py
[2026-06-09T10:24:27.680+0000] {processor.py:829} INFO - Processing file /home/airflow/.local/lib/python3.10/site-packages/airflow/example_dags/example_branch_labels.py for tasks to queue
[2026-06-09T10:24:27.683+0000] {logging_mixin.py:154} INFO - [2026-06-09T10:24:27.683+0000] {dagbag.py:536} INFO - Filling up the DagBag from /home/airflow/.local/lib/python3.10/site-packages/airflow/example_dags/example_branch_labels.py
[2026-06-09T10:24:27.704+0000] {processor.py:839} INFO - DAG(s) dict_keys(['example_branch_labels']) retrieved from /home/airflow/.local/lib/python3.10/site-packages/airflow/example_dags/example_branch_labels.py
[2026-06-09T10:24:27.757+0000] {logging_mixin.py:154} INFO - [2026-06-09T10:24:27.757+0000] {dag.py:2941} INFO - Sync 1 DAGs
[2026-06-09T10:24:27.795+0000] {logging_mixin.py:154} INFO - [2026-06-09T10:24:27.795+0000] {dag.py:3722} INFO - Setting next_dagrun for example_branch_labels to 2026-06-08T00:00:00+00:00, run_after=2026-06-09T00:00:00+00:00
[2026-06-09T10:24:27.827+0000] {processor.py:179} INFO - Processing /home/airflow/.local/lib/python3.10/site-packages/airflow/example_dags/example_branch_labels.py took 0.153 seconds
[2026-06-09T10:24:59.162+0000] {processor.py:157} INFO - Started process (PID=184) to work on /home/airflow/.local/lib/python3.10/site-packages/airflow/example_dags/example_branch_labels.py
[2026-06-09T10:24:59.174+0000] {processor.py:829} INFO - Processing file /home/airflow/.local/lib/python3.10/site-packages/airflow/example_dags/example_branch_labels.py for tasks to queue
[2026-06-09T10:24:59.176+0000] {logging_mixin.py:154} INFO - [2026-06-09T10:24:59.176+0000] {dagbag.py:536} INFO - Filling up the DagBag from /home/airflow/.local/lib/python3.10/site-packages/airflow/example_dags/example_branch_labels.py
[2026-06-09T10:24:59.202+0000] {processor.py:839} INFO - DAG(s) dict_keys(['example_branch_labels']) retrieved from /home/airflow/.local/lib/python3.10/site-packages/airflow/example_dags/example_branch_labels.py
[2026-06-09T10:24:59.265+0000] {logging_mixin.py:154} INFO - [2026-06-09T10:24:59.264+0000] {dag.py:2941} INFO - Sync 1 DAGs
[2026-06-09T10:24:59.398+0000] {logging_mixin.py:154} INFO - [2026-06-09T10:24:59.398+0000] {dag.py:3722} INFO - Setting next_dagrun for example_branch_labels to 2026-06-08T00:00:00+00:00, run_after=2026-06-09T00:00:00+00:00
[2026-06-09T10:24:59.474+0000] {processor.py:179} INFO - Processing /home/airflow/.local/lib/python3.10/site-packages/airflow/example_dags/example_branch_labels.py took 0.325 seconds
[2026-06-09T10:25:29.900+0000] {processor.py:157} INFO - Started process (PID=235) to work on /home/airflow/.local/lib/python3.10/site-packages/airflow/example_dags/example_branch_labels.py
[2026-06-09T10:25:29.904+0000] {processor.py:829} INFO - Processing file /home/airflow/.local/lib/python3.10/site-packages/airflow/example_dags/example_branch_labels.py for tasks to queue
[2026-06-09T10:25:29.907+0000] {logging_mixin.py:154} INFO - [2026-06-09T10:25:29.907+0000] {dagbag.py:536} INFO - Filling up the DagBag from /home/airflow/.local/lib/python3.10/site-packages/airflow/example_dags/example_branch_labels.py
[2026-06-09T10:25:29.959+0000] {processor.py:839} INFO - DAG(s) dict_keys(['example_branch_labels']) retrieved from /home/airflow/.local/lib/python3.10/site-packages/airflow/example_dags/example_branch_labels.py
[2026-06-09T10:25:30.132+0000] {logging_mixin.py:154} INFO - [2026-06-09T10:25:30.132+0000] {dag.py:2941} INFO - Sync 1 DAGs
[2026-06-09T10:25:30.325+0000] {logging_mixin.py:154} INFO - [2026-06-09T10:25:30.324+0000] {dag.py:3722} INFO - Setting next_dagrun for example_branch_labels to 2026-06-08T00:00:00+00:00, run_after=2026-06-09T00:00:00+00:00
[2026-06-09T10:25:30.486+0000] {processor.py:179} INFO - Processing /home/airflow/.local/lib/python3.10/site-packages/airflow/example_dags/example_branch_labels.py took 0.599 seconds
[2026-06-09T10:26:00.964+0000] {processor.py:157} INFO - Started process (PID=284) to work on /home/airflow/.local/lib/python3.10/site-packages/airflow/example_dags/example_branch_labels.py
[2026-06-09T10:26:00.965+0000] {processor.py:829} INFO - Processing file /home/airflow/.local/lib/python3.10/site-packages/airflow/example_dags/example_branch_labels.py for tasks to queue
[2026-06-09T10:26:00.968+0000] {logging_mixin.py:154} INFO - [2026-06-09T10:26:00.968+0000] {dagbag.py:536} INFO - Filling up the DagBag from /home/airflow/.local/lib/python3.10/site-packages/airflow/example_dags/example_branch_labels.py
[2026-06-09T10:26:00.981+0000] {processor.py:839} INFO - DAG(s) dict_keys(['example_branch_labels']) retrieved from /home/airflow/.local/lib/python3.10/site-packages/airflow/example_dags/example_branch_labels.py
[2026-06-09T10:26:01.014+0000] {logging_mixin.py:154} INFO - [2026-06-09T10:26:01.014+0000] {dag.py:2941} INFO - Sync 1 DAGs
[2026-06-09T10:26:01.050+0000] {logging_mixin.py:154} INFO - [2026-06-09T10:26:01.049+0000] {dag.py:3722} INFO - Setting next_dagrun for example_branch_labels to 2026-06-08T00:00:00+00:00, run_after=2026-06-09T00:00:00+00:00
[2026-06-09T10:26:01.075+0000] {processor.py:179} INFO - Processing /home/airflow/.local/lib/python3.10/site-packages/airflow/example_dags/example_branch_labels.py took 0.116 seconds
[2026-06-09T10:26:31.632+0000] {processor.py:157} INFO - Started process (PID=335) to work on /home/airflow/.local/lib/python3.10/site-packages/airflow/example_dags/example_branch_labels.py
[2026-06-09T10:26:31.642+0000] {processor.py:829} INFO - Processing file /home/airflow/.local/lib/python3.10/site-packages/airflow/example_dags/example_branch_labels.py for tasks to queue
[2026-06-09T10:26:31.646+0000] {logging_mixin.py:154} INFO - [2026-06-09T10:26:31.646+0000] {dagbag.py:536} INFO - Filling up the DagBag from /home/airflow/.local/lib/python3.10/site-packages/airflow/example_dags/example_branch_labels.py
[2026-06-09T10:26:31.687+0000] {processor.py:839} INFO - DAG(s) dict_keys(['example_branch_labels']) retrieved from /home/airflow/.local/lib/python3.10/site-packages/airflow/example_dags/example_branch_labels.py
[2026-06-09T10:26:31.786+0000] {logging_mixin.py:154} INFO - [2026-06-09T10:26:31.786+0000] {dag.py:2941} INFO - Sync 1 DAGs
[2026-06-09T10:26:31.857+0000] {logging_mixin.py:154} INFO - [2026-06-09T10:26:31.857+0000] {dag.py:3722} INFO - Setting next_dagrun for example_branch_labels to 2026-06-08T00:00:00+00:00, run_after=2026-06-09T00:00:00+00:00
[2026-06-09T10:26:31.909+0000] {processor.py:179} INFO - Processing /home/airflow/.local/lib/python3.10/site-packages/airflow/example_dags/example_branch_labels.py took 0.295 seconds
[2026-06-09T10:27:02.065+0000] {processor.py:157} INFO - Started process (PID=384) to work on /home/airflow/.local/lib/python3.10/site-packages/airflow/example_dags/example_branch_labels.py
[2026-06-09T10:27:02.073+0000] {processor.py:829} INFO - Processing file /home/airflow/.local/lib/python3.10/site-packages/airflow/example_dags/example_branch_labels.py for tasks to queue
[2026-06-09T10:27:02.076+0000] {logging_mixin.py:154} INFO - [2026-06-09T10:27:02.075+0000] {dagbag.py:536} INFO - Filling up the DagBag from /home/airflow/.local/lib/python3.10/site-packages/airflow/example_dags/example_branch_labels.py
[2026-06-09T10:27:02.106+0000] {processor.py:839} INFO - DAG(s) dict_keys(['example_branch_labels']) retrieved from /home/airflow/.local/lib/python3.10/site-packages/airflow/example_dags/example_branch_labels.py
[2026-06-09T10:27:02.200+0000] {logging_mixin.py:154} INFO - [2026-06-09T10:27:02.199+0000] {dag.py:2941} INFO - Sync 1 DAGs
[2026-06-09T10:27:02.305+0000] {logging_mixin.py:154} INFO - [2026-06-09T10:27:02.305+0000] {dag.py:3722} INFO - Setting next_dagrun for example_branch_labels to 2026-06-08T00:00:00+00:00, run_after=2026-06-09T00:00:00+00:00
[2026-06-09T10:27:02.419+0000] {processor.py:179} INFO - Processing /home/airflow/.local/lib/python3.10/site-packages/airflow/example_dags/example_branch_labels.py took 0.371 seconds
[2026-06-09T10:27:32.685+0000] {processor.py:157} INFO - Started process (PID=435) to work on /home/airflow/.local/lib/python3.10/site-packages/airflow/example_dags/example_branch_labels.py
[2026-06-09T10:27:32.687+0000] {processor.py:829} INFO - Processing file /home/airflow/.local/lib/python3.10/site-packages/airflow/example_dags/example_branch_labels.py for tasks to queue
[2026-06-09T10:27:32.690+0000] {logging_mixin.py:154} INFO - [2026-06-09T10:27:32.689+0000] {dagbag.py:536} INFO - Filling up the DagBag from /home/airflow/.local/lib/python3.10/site-packages/airflow/example_dags/example_branch_labels.py
[2026-06-09T10:27:32.702+0000] {processor.py:839} INFO - DAG(s) dict_keys(['example_branch_labels']) retrieved from /home/airflow/.local/lib/python3.10/site-packages/airflow/example_dags/example_branch_labels.py
[2026-06-09T10:27:32.733+0000] {logging_mixin.py:154} INFO - [2026-06-09T10:27:32.733+0000] {dag.py:2941} INFO - Sync 1 DAGs
[2026-06-09T10:27:32.778+0000] {logging_mixin.py:154} INFO - [2026-06-09T10:27:32.778+0000] {dag.py:3722} INFO - Setting next_dagrun for example_branch_labels to 2026-06-08T00:00:00+00:00, run_after=2026-06-09T00:00:00+00:00
[2026-06-09T10:27:32.807+0000] {processor.py:179} INFO - Processing /home/airflow/.local/lib/python3.10/site-packages/airflow/example_dags/example_branch_labels.py took 0.127 seconds
[2026-06-09T10:28:02.967+0000] {processor.py:157} INFO - Started process (PID=486) to work on /home/airflow/.local/lib/python3.10/site-packages/airflow/example_dags/example_branch_labels.py
[2026-06-09T10:28:02.968+0000] {processor.py:829} INFO - Processing file /home/airflow/.local/lib/python3.10/site-packages/airflow/example_dags/example_branch_labels.py for tasks to queue
[2026-06-09T10:28:02.971+0000] {logging_mixin.py:154} INFO - [2026-06-09T10:28:02.971+0000] {dagbag.py:536} INFO - Filling up the DagBag from /home/airflow/.local/lib/python3.10/site-packages/airflow/example_dags/example_branch_labels.py
[2026-06-09T10:28:02.983+0000] {processor.py:839} INFO - DAG(s) dict_keys(['example_branch_labels']) retrieved from /home/airflow/.local/lib/python3.10/site-packages/airflow/example_dags/example_branch_labels.py
[2026-06-09T10:28:03.014+0000] {logging_mixin.py:154} INFO - [2026-06-09T10:28:03.014+0000] {dag.py:2941} INFO - Sync 1 DAGs
[2026-06-09T10:28:03.047+0000] {logging_mixin.py:154} INFO - [2026-06-09T10:28:03.046+0000] {dag.py:3722} INFO - Setting next_dagrun for example_branch_labels to 2026-06-08T00:00:00+00:00, run_after=2026-06-09T00:00:00+00:00
[2026-06-09T10:28:03.070+0000] {processor.py:179} INFO - Processing /home/airflow/.local/lib/python3.10/site-packages/airflow/example_dags/example_branch_labels.py took 0.108 seconds
[2026-06-09T10:28:33.334+0000] {processor.py:157} INFO - Started process (PID=537) to work on /home/airflow/.local/lib/python3.10/site-packages/airflow/example_dags/example_branch_labels.py
[2026-06-09T10:28:33.343+0000] {processor.py:829} INFO - Processing file /home/airflow/.local/lib/python3.10/site-packages/airflow/example_dags/example_branch_labels.py for tasks to queue
[2026-06-09T10:28:33.349+0000] {logging_mixin.py:154} INFO - [2026-06-09T10:28:33.349+0000] {dagbag.py:536} INFO - Filling up the DagBag from /home/airflow/.local/lib/python3.10/site-packages/airflow/example_dags/example_branch_labels.py
[2026-06-09T10:28:33.395+0000] {processor.py:839} INFO - DAG(s) dict_keys(['example_branch_labels']) retrieved from /home/airflow/.local/lib/python3.10/site-packages/airflow/example_dags/example_branch_labels.py
[2026-06-09T10:28:33.492+0000] {logging_mixin.py:154} INFO - [2026-06-09T10:28:33.492+0000] {dag.py:2941} INFO - Sync 1 DAGs
[2026-06-09T10:28:33.594+0000] {logging_mixin.py:154} INFO - [2026-06-09T10:28:33.594+0000] {dag.py:3722} INFO - Setting next_dagrun for example_branch_labels to 2026-06-08T00:00:00+00:00, run_after=2026-06-09T00:00:00+00:00
[2026-06-09T10:28:33.674+0000] {processor.py:179} INFO - Processing /home/airflow/.local/lib/python3.10/site-packages/airflow/example_dags/example_branch_labels.py took 0.374 seconds
[2026-06-09T10:29:04.005+0000] {processor.py:157} INFO - Started process (PID=594) to work on /home/airflow/.local/lib/python3.10/site-packages/airflow/example_dags/example_branch_labels.py
[2026-06-09T10:29:04.013+0000] {processor.py:829} INFO - Processing file /home/airflow/.local/lib/python3.10/site-packages/airflow/example_dags/example_branch_labels.py for tasks to queue
[2026-06-09T10:29:04.016+0000] {logging_mixin.py:154} INFO - [2026-06-09T10:29:04.016+0000] {dagbag.py:536} INFO - Filling up the DagBag from /home/airflow/.local/lib/python3.10/site-packages/airflow/example_dags/example_branch_labels.py
[2026-06-09T10:29:04.037+0000] {processor.py:839} INFO - DAG(s) dict_keys(['example_branch_labels']) retrieved from /home/airflow/.local/lib/python3.10/site-packages/airflow/example_dags/example_branch_labels.py
[2026-06-09T10:29:04.111+0000] {logging_mixin.py:154} INFO - [2026-06-09T10:29:04.111+0000] {dag.py:2941} INFO - Sync 1 DAGs
[2026-06-09T10:29:04.223+0000] {logging_mixin.py:154} INFO - [2026-06-09T10:29:04.223+0000] {dag.py:3722} INFO - Setting next_dagrun for example_branch_labels to 2026-06-08T00:00:00+00:00, run_after=2026-06-09T00:00:00+00:00
[2026-06-09T10:29:04.864+0000] {processor.py:179} INFO - Processing /home/airflow/.local/lib/python3.10/site-packages/airflow/example_dags/example_branch_labels.py took 0.864 seconds
[2026-06-09T10:29:35.606+0000] {processor.py:157} INFO - Started process (PID=649) to work on /home/airflow/.local/lib/python3.10/site-packages/airflow/example_dags/example_branch_labels.py
[2026-06-09T10:29:35.626+0000] {processor.py:829} INFO - Processing file /home/airflow/.local/lib/python3.10/site-packages/airflow/example_dags/example_branch_labels.py for tasks to queue
[2026-06-09T10:29:35.638+0000] {logging_mixin.py:154} INFO - [2026-06-09T10:29:35.638+0000] {dagbag.py:536} INFO - Filling up the DagBag from /home/airflow/.local/lib/python3.10/site-packages/airflow/example_dags/example_branch_labels.py
[2026-06-09T10:29:35.659+0000] {processor.py:839} INFO - DAG(s) dict_keys(['example_branch_labels']) retrieved from /home/airflow/.local/lib/python3.10/site-packages/airflow/example_dags/example_branch_labels.py
[2026-06-09T10:29:35.706+0000] {logging_mixin.py:154} INFO - [2026-06-09T10:29:35.706+0000] {dag.py:2941} INFO - Sync 1 DAGs
[2026-06-09T10:29:35.772+0000] {logging_mixin.py:154} INFO - [2026-06-09T10:29:35.772+0000] {dag.py:3722} INFO - Setting next_dagrun for example_branch_labels to 2026-06-08T00:00:00+00:00, run_after=2026-06-09T00:00:00+00:00
[2026-06-09T10:29:35.822+0000] {processor.py:179} INFO - Processing /home/airflow/.local/lib/python3.10/site-packages/airflow/example_dags/example_branch_labels.py took 0.223 seconds
[2026-06-09T10:30:06.096+0000] {processor.py:157} INFO - Started process (PID=706) to work on /home/airflow/.local/lib/python3.10/site-packages/airflow/example_dags/example_branch_labels.py
[2026-06-09T10:30:06.098+0000] {processor.py:829} INFO - Processing file /home/airflow/.local/lib/python3.10/site-packages/airflow/example_dags/example_branch_labels.py for tasks to queue
[2026-06-09T10:30:06.107+0000] {logging_mixin.py:154} INFO - [2026-06-09T10:30:06.106+0000] {dagbag.py:536} INFO - Filling up the DagBag from /home/airflow/.local/lib/python3.10/site-packages/airflow/example_dags/example_branch_labels.py
[2026-06-09T10:30:06.153+0000] {processor.py:839} INFO - DAG(s) dict_keys(['example_branch_labels']) retrieved from /home/airflow/.local/lib/python3.10/site-packages/airflow/example_dags/example_branch_labels.py
[2026-06-09T10:30:06.183+0000] {logging_mixin.py:154} INFO - [2026-06-09T10:30:06.183+0000] {dag.py:2941} INFO - Sync 1 DAGs
[2026-06-09T10:30:06.219+0000] {logging_mixin.py:154} INFO - [2026-06-09T10:30:06.219+0000] {dag.py:3722} INFO - Setting next_dagrun for example_branch_labels to 2026-06-08T00:00:00+00:00, run_after=2026-06-09T00:00:00+00:00
[2026-06-09T10:30:06.245+0000] {processor.py:179} INFO - Processing /home/airflow/.local/lib/python3.10/site-packages/airflow/example_dags/example_branch_labels.py took 0.154 seconds
[2026-06-09T10:30:36.463+0000] {processor.py:157} INFO - Started process (PID=757) to work on /home/airflow/.local/lib/python3.10/site-packages/airflow/example_dags/example_branch_labels.py
[2026-06-09T10:30:36.465+0000] {processor.py:829} INFO - Processing file /home/airflow/.local/lib/python3.10/site-packages/airflow/example_dags/example_branch_labels.py for tasks to queue
[2026-06-09T10:30:36.468+0000] {logging_mixin.py:154} INFO - [2026-06-09T10:30:36.468+0000] {dagbag.py:536} INFO - Filling up the DagBag from /home/airflow/.local/lib/python3.10/site-packages/airflow/example_dags/example_branch_labels.py
[2026-06-09T10:30:36.503+0000] {processor.py:839} INFO - DAG(s) dict_keys(['example_branch_labels']) retrieved from /home/airflow/.local/lib/python3.10/site-packages/airflow/example_dags/example_branch_labels.py
[2026-06-09T10:30:36.601+0000] {logging_mixin.py:154} INFO - [2026-06-09T10:30:36.601+0000] {dag.py:2941} INFO - Sync 1 DAGs
[2026-06-09T10:30:36.763+0000] {logging_mixin.py:154} INFO - [2026-06-09T10:30:36.762+0000] {dag.py:3722} INFO - Setting next_dagrun for example_branch_labels to 2026-06-08T00:00:00+00:00, run_after=2026-06-09T00:00:00+00:00
[2026-06-09T10:30:36.872+0000] {processor.py:179} INFO - Processing /home/airflow/.local/lib/python3.10/site-packages/airflow/example_dags/example_branch_labels.py took 0.422 seconds
[2026-06-09T10:31:07.197+0000] {processor.py:157} INFO - Started process (PID=808) to work on /home/airflow/.local/lib/python3.10/site-packages/airflow/example_dags/example_branch_labels.py
[2026-06-09T10:31:07.207+0000] {processor.py:829} INFO - Processing file /home/airflow/.local/lib/python3.10/site-packages/airflow/example_dags/example_branch_labels.py for tasks to queue
[2026-06-09T10:31:07.211+0000] {logging_mixin.py:154} INFO - [2026-06-09T10:31:07.210+0000] {dagbag.py:536} INFO - Filling up the DagBag from /home/airflow/.local/lib/python3.10/site-packages/airflow/example_dags/example_branch_labels.py
[2026-06-09T10:31:07.237+0000] {processor.py:839} INFO - DAG(s) dict_keys(['example_branch_labels']) retrieved from /home/airflow/.local/lib/python3.10/site-packages/airflow/example_dags/example_branch_labels.py
[2026-06-09T10:31:07.299+0000] {logging_mixin.py:154} INFO - [2026-06-09T10:31:07.299+0000] {dag.py:2941} INFO - Sync 1 DAGs
[2026-06-09T10:31:07.349+0000] {logging_mixin.py:154} INFO - [2026-06-09T10:31:07.349+0000] {dag.py:3722} INFO - Setting next_dagrun for example_branch_labels to 2026-06-08T00:00:00+00:00, run_after=2026-06-09T00:00:00+00:00
[2026-06-09T10:31:07.397+0000] {processor.py:179} INFO - Processing /home/airflow/.local/lib/python3.10/site-packages/airflow/example_dags/example_branch_labels.py took 0.214 seconds
[2026-06-09T10:31:38.461+0000] {processor.py:157} INFO - Started process (PID=860) to work on /home/airflow/.local/lib/python3.10/site-packages/airflow/example_dags/example_branch_labels.py
[2026-06-09T10:31:38.469+0000] {processor.py:829} INFO - Processing file /home/airflow/.local/lib/python3.10/site-packages/airflow/example_dags/example_branch_labels.py for tasks to queue
[2026-06-09T10:31:38.472+0000] {logging_mixin.py:154} INFO - [2026-06-09T10:31:38.472+0000] {dagbag.py:536} INFO - Filling up the DagBag from /home/airflow/.local/lib/python3.10/site-packages/airflow/example_dags/example_branch_labels.py
[2026-06-09T10:31:38.516+0000] {processor.py:839} INFO - DAG(s) dict_keys(['example_branch_labels']) retrieved from /home/airflow/.local/lib/python3.10/site-packages/airflow/example_dags/example_branch_labels.py
[2026-06-09T10:31:38.594+0000] {logging_mixin.py:154} INFO - [2026-06-09T10:31:38.594+0000] {dag.py:2941} INFO - Sync 1 DAGs
[2026-06-09T10:31:38.899+0000] {logging_mixin.py:154} INFO - [2026-06-09T10:31:38.899+0000] {dag.py:3722} INFO - Setting next_dagrun for example_branch_labels to 2026-06-08T00:00:00+00:00, run_after=2026-06-09T00:00:00+00:00
[2026-06-09T10:31:38.920+0000] {processor.py:179} INFO - Processing /home/airflow/.local/lib/python3.10/site-packages/airflow/example_dags/example_branch_labels.py took 0.475 seconds
[2026-06-09T10:32:09.302+0000] {processor.py:157} INFO - Started process (PID=913) to work on /home/airflow/.local/lib/python3.10/site-packages/airflow/example_dags/example_branch_labels.py
[2026-06-09T10:32:09.310+0000] {processor.py:829} INFO - Processing file /home/airflow/.local/lib/python3.10/site-packages/airflow/example_dags/example_branch_labels.py for tasks to queue
[2026-06-09T10:32:09.313+0000] {logging_mixin.py:154} INFO - [2026-06-09T10:32:09.312+0000] {dagbag.py:536} INFO - Filling up the DagBag from /home/airflow/.local/lib/python3.10/site-packages/airflow/example_dags/example_branch_labels.py
[2026-06-09T10:32:09.349+0000] {processor.py:839} INFO - DAG(s) dict_keys(['example_branch_labels']) retrieved from /home/airflow/.local/lib/python3.10/site-packages/airflow/example_dags/example_branch_labels.py
[2026-06-09T10:32:09.450+0000] {logging_mixin.py:154} INFO - [2026-06-09T10:32:09.450+0000] {dag.py:2941} INFO - Sync 1 DAGs
[2026-06-09T10:32:09.545+0000] {logging_mixin.py:154} INFO - [2026-06-09T10:32:09.545+0000] {dag.py:3722} INFO - Setting next_dagrun for example_branch_labels to 2026-06-08T00:00:00+00:00, run_after=2026-06-09T00:00:00+00:00
[2026-06-09T10:32:10.225+0000] {processor.py:179} INFO - Processing /home/airflow/.local/lib/python3.10/site-packages/airflow/example_dags/example_branch_labels.py took 0.948 seconds
[2026-06-09T10:34:43.738+0000] {processor.py:157} INFO - Started process (PID=29) to work on /home/airflow/.local/lib/python3.10/site-packages/airflow/example_dags/example_branch_labels.py
[2026-06-09T10:34:43.741+0000] {processor.py:829} INFO - Processing file /home/airflow/.local/lib/python3.10/site-packages/airflow/example_dags/example_branch_labels.py for tasks to queue
[2026-06-09T10:34:43.746+0000] {logging_mixin.py:154} INFO - [2026-06-09T10:34:43.746+0000] {dagbag.py:536} INFO - Filling up the DagBag from /home/airflow/.local/lib/python3.10/site-packages/airflow/example_dags/example_branch_labels.py
[2026-06-09T10:34:43.821+0000] {processor.py:839} INFO - DAG(s) dict_keys(['example_branch_labels']) retrieved from /home/airflow/.local/lib/python3.10/site-packages/airflow/example_dags/example_branch_labels.py
[2026-06-09T10:34:43.868+0000] {logging_mixin.py:154} INFO - [2026-06-09T10:34:43.868+0000] {dag.py:2941} INFO - Sync 1 DAGs
[2026-06-09T10:34:43.967+0000] {logging_mixin.py:154} INFO - [2026-06-09T10:34:43.967+0000] {dag.py:3722} INFO - Setting next_dagrun for example_branch_labels to 2026-06-08T00:00:00+00:00, run_after=2026-06-09T00:00:00+00:00
[2026-06-09T10:34:44.070+0000] {processor.py:179} INFO - Processing /home/airflow/.local/lib/python3.10/site-packages/airflow/example_dags/example_branch_labels.py took 0.337 seconds
[2026-06-09T10:35:15.056+0000] {processor.py:157} INFO - Started process (PID=80) to work on /home/airflow/.local/lib/python3.10/site-packages/airflow/example_dags/example_branch_labels.py
[2026-06-09T10:35:15.061+0000] {processor.py:829} INFO - Processing file /home/airflow/.local/lib/python3.10/site-packages/airflow/example_dags/example_branch_labels.py for tasks to queue
[2026-06-09T10:35:15.064+0000] {logging_mixin.py:154} INFO - [2026-06-09T10:35:15.064+0000] {dagbag.py:536} INFO - Filling up the DagBag from /home/airflow/.local/lib/python3.10/site-packages/airflow/example_dags/example_branch_labels.py
[2026-06-09T10:35:15.090+0000] {processor.py:839} INFO - DAG(s) dict_keys(['example_branch_labels']) retrieved from /home/airflow/.local/lib/python3.10/site-packages/airflow/example_dags/example_branch_labels.py
[2026-06-09T10:35:15.127+0000] {logging_mixin.py:154} INFO - [2026-06-09T10:35:15.127+0000] {dag.py:2941} INFO - Sync 1 DAGs
[2026-06-09T10:35:15.161+0000] {logging_mixin.py:154} INFO - [2026-06-09T10:35:15.161+0000] {dag.py:3722} INFO - Setting next_dagrun for example_branch_labels to 2026-06-08T00:00:00+00:00, run_after=2026-06-09T00:00:00+00:00
[2026-06-09T10:35:15.182+0000] {processor.py:179} INFO - Processing /home/airflow/.local/lib/python3.10/site-packages/airflow/example_dags/example_branch_labels.py took 0.131 seconds
[2026-06-09T10:35:46.631+0000] {processor.py:157} INFO - Started process (PID=131) to work on /home/airflow/.local/lib/python3.10/site-packages/airflow/example_dags/example_branch_labels.py
[2026-06-09T10:35:46.641+0000] {processor.py:829} INFO - Processing file /home/airflow/.local/lib/python3.10/site-packages/airflow/example_dags/example_branch_labels.py for tasks to queue
[2026-06-09T10:35:46.644+0000] {logging_mixin.py:154} INFO - [2026-06-09T10:35:46.643+0000] {dagbag.py:536} INFO - Filling up the DagBag from /home/airflow/.local/lib/python3.10/site-packages/airflow/example_dags/example_branch_labels.py
[2026-06-09T10:35:46.672+0000] {processor.py:839} INFO - DAG(s) dict_keys(['example_branch_labels']) retrieved from /home/airflow/.local/lib/python3.10/site-packages/airflow/example_dags/example_branch_labels.py
[2026-06-09T10:35:46.712+0000] {logging_mixin.py:154} INFO - [2026-06-09T10:35:46.712+0000] {dag.py:2941} INFO - Sync 1 DAGs
[2026-06-09T10:35:46.747+0000] {logging_mixin.py:154} INFO - [2026-06-09T10:35:46.747+0000] {dag.py:3722} INFO - Setting next_dagrun for example_branch_labels to 2026-06-08T00:00:00+00:00, run_after=2026-06-09T00:00:00+00:00
[2026-06-09T10:35:46.774+0000] {processor.py:179} INFO - Processing /home/airflow/.local/lib/python3.10/site-packages/airflow/example_dags/example_branch_labels.py took 0.148 seconds
[2026-06-09T10:36:17.845+0000] {processor.py:157} INFO - Started process (PID=182) to work on /home/airflow/.local/lib/python3.10/site-packages/airflow/example_dags/example_branch_labels.py
[2026-06-09T10:36:17.849+0000] {processor.py:829} INFO - Processing file /home/airflow/.local/lib/python3.10/site-packages/airflow/example_dags/example_branch_labels.py for tasks to queue
[2026-06-09T10:36:17.858+0000] {logging_mixin.py:154} INFO - [2026-06-09T10:36:17.858+0000] {dagbag.py:536} INFO - Filling up the DagBag from /home/airflow/.local/lib/python3.10/site-packages/airflow/example_dags/example_branch_labels.py
[2026-06-09T10:36:17.883+0000] {processor.py:839} INFO - DAG(s) dict_keys(['example_branch_labels']) retrieved from /home/airflow/.local/lib/python3.10/site-packages/airflow/example_dags/example_branch_labels.py
[2026-06-09T10:36:17.964+0000] {logging_mixin.py:154} INFO - [2026-06-09T10:36:17.964+0000] {dag.py:2941} INFO - Sync 1 DAGs
[2026-06-09T10:36:18.061+0000] {logging_mixin.py:154} INFO - [2026-06-09T10:36:18.061+0000] {dag.py:3722} INFO - Setting next_dagrun for example_branch_labels to 2026-06-08T00:00:00+00:00, run_after=2026-06-09T00:00:00+00:00
[2026-06-09T10:36:18.140+0000] {processor.py:179} INFO - Processing /home/airflow/.local/lib/python3.10/site-packages/airflow/example_dags/example_branch_labels.py took 0.312 seconds
[2026-06-09T10:36:48.578+0000] {processor.py:157} INFO - Started process (PID=231) to work on /home/airflow/.local/lib/python3.10/site-packages/airflow/example_dags/example_branch_labels.py
[2026-06-09T10:36:48.588+0000] {processor.py:829} INFO - Processing file /home/airflow/.local/lib/python3.10/site-packages/airflow/example_dags/example_branch_labels.py for tasks to queue
[2026-06-09T10:36:48.593+0000] {logging_mixin.py:154} INFO - [2026-06-09T10:36:48.593+0000] {dagbag.py:536} INFO - Filling up the DagBag from /home/airflow/.local/lib/python3.10/site-packages/airflow/example_dags/example_branch_labels.py
[2026-06-09T10:36:48.636+0000] {processor.py:839} INFO - DAG(s) dict_keys(['example_branch_labels']) retrieved from /home/airflow/.local/lib/python3.10/site-packages/airflow/example_dags/example_branch_labels.py
[2026-06-09T10:36:48.763+0000] {logging_mixin.py:154} INFO - [2026-06-09T10:36:48.763+0000] {dag.py:2941} INFO - Sync 1 DAGs
[2026-06-09T10:36:48.881+0000] {logging_mixin.py:154} INFO - [2026-06-09T10:36:48.881+0000] {dag.py:3722} INFO - Setting next_dagrun for example_branch_labels to 2026-06-08T00:00:00+00:00, run_after=2026-06-09T00:00:00+00:00
[2026-06-09T10:36:49.022+0000] {processor.py:179} INFO - Processing /home/airflow/.local/lib/python3.10/site-packages/airflow/example_dags/example_branch_labels.py took 0.459 seconds
[2026-06-09T10:37:19.310+0000] {processor.py:157} INFO - Started process (PID=280) to work on /home/airflow/.local/lib/python3.10/site-packages/airflow/example_dags/example_branch_labels.py
[2026-06-09T10:37:19.320+0000] {processor.py:829} INFO - Processing file /home/airflow/.local/lib/python3.10/site-packages/airflow/example_dags/example_branch_labels.py for tasks to queue
[2026-06-09T10:37:19.324+0000] {logging_mixin.py:154} INFO - [2026-06-09T10:37:19.323+0000] {dagbag.py:536} INFO - Filling up the DagBag from /home/airflow/.local/lib/python3.10/site-packages/airflow/example_dags/example_branch_labels.py
[2026-06-09T10:37:19.340+0000] {processor.py:839} INFO - DAG(s) dict_keys(['example_branch_labels']) retrieved from /home/airflow/.local/lib/python3.10/site-packages/airflow/example_dags/example_branch_labels.py
[2026-06-09T10:37:19.365+0000] {logging_mixin.py:154} INFO - [2026-06-09T10:37:19.365+0000] {dag.py:2941} INFO - Sync 1 DAGs
[2026-06-09T10:37:19.390+0000] {logging_mixin.py:154} INFO - [2026-06-09T10:37:19.390+0000] {dag.py:3722} INFO - Setting next_dagrun for example_branch_labels to 2026-06-08T00:00:00+00:00, run_after=2026-06-09T00:00:00+00:00
[2026-06-09T10:37:19.410+0000] {processor.py:179} INFO - Processing /home/airflow/.local/lib/python3.10/site-packages/airflow/example_dags/example_branch_labels.py took 0.115 seconds
[2026-06-09T10:37:49.650+0000] {processor.py:157} INFO - Started process (PID=331) to work on /home/airflow/.local/lib/python3.10/site-packages/airflow/example_dags/example_branch_labels.py
[2026-06-09T10:37:49.651+0000] {processor.py:829} INFO - Processing file /home/airflow/.local/lib/python3.10/site-packages/airflow/example_dags/example_branch_labels.py for tasks to queue
[2026-06-09T10:37:49.659+0000] {logging_mixin.py:154} INFO - [2026-06-09T10:37:49.659+0000] {dagbag.py:536} INFO - Filling up the DagBag from /home/airflow/.local/lib/python3.10/site-packages/airflow/example_dags/example_branch_labels.py
[2026-06-09T10:37:49.681+0000] {processor.py:839} INFO - DAG(s) dict_keys(['example_branch_labels']) retrieved from /home/airflow/.local/lib/python3.10/site-packages/airflow/example_dags/example_branch_labels.py
[2026-06-09T10:37:49.713+0000] {logging_mixin.py:154} INFO - [2026-06-09T10:37:49.713+0000] {dag.py:2941} INFO - Sync 1 DAGs
[2026-06-09T10:37:49.748+0000] {logging_mixin.py:154} INFO - [2026-06-09T10:37:49.748+0000] {dag.py:3722} INFO - Setting next_dagrun for example_branch_labels to 2026-06-08T00:00:00+00:00, run_after=2026-06-09T00:00:00+00:00
[2026-06-09T10:37:49.773+0000] {processor.py:179} INFO - Processing /home/airflow/.local/lib/python3.10/site-packages/airflow/example_dags/example_branch_labels.py took 0.128 seconds
[2026-06-09T10:38:20.030+0000] {processor.py:157} INFO - Started process (PID=382) to work on /home/airflow/.local/lib/python3.10/site-packages/airflow/example_dags/example_branch_labels.py
[2026-06-09T10:38:20.036+0000] {processor.py:829} INFO - Processing file /home/airflow/.local/lib/python3.10/site-packages/airflow/example_dags/example_branch_labels.py for tasks to queue
[2026-06-09T10:38:20.044+0000] {logging_mixin.py:154} INFO - [2026-06-09T10:38:20.043+0000] {dagbag.py:536} INFO - Filling up the DagBag from /home/airflow/.local/lib/python3.10/site-packages/airflow/example_dags/example_branch_labels.py
[2026-06-09T10:38:20.080+0000] {processor.py:839} INFO - DAG(s) dict_keys(['example_branch_labels']) retrieved from /home/airflow/.local/lib/python3.10/site-packages/airflow/example_dags/example_branch_labels.py
[2026-06-09T10:38:20.150+0000] {logging_mixin.py:154} INFO - [2026-06-09T10:38:20.150+0000] {dag.py:2941} INFO - Sync 1 DAGs
[2026-06-09T10:38:20.204+0000] {logging_mixin.py:154} INFO - [2026-06-09T10:38:20.203+0000] {dag.py:3722} INFO - Setting next_dagrun for example_branch_labels to 2026-06-08T00:00:00+00:00, run_after=2026-06-09T00:00:00+00:00
[2026-06-09T10:38:20.236+0000] {processor.py:179} INFO - Processing /home/airflow/.local/lib/python3.10/site-packages/airflow/example_dags/example_branch_labels.py took 0.223 seconds
[2026-06-09T10:38:50.493+0000] {processor.py:157} INFO - Started process (PID=433) to work on /home/airflow/.local/lib/python3.10/site-packages/airflow/example_dags/example_branch_labels.py
[2026-06-09T10:38:50.495+0000] {processor.py:829} INFO - Processing file /home/airflow/.local/lib/python3.10/site-packages/airflow/example_dags/example_branch_labels.py for tasks to queue
[2026-06-09T10:38:50.498+0000] {logging_mixin.py:154} INFO - [2026-06-09T10:38:50.497+0000] {dagbag.py:536} INFO - Filling up the DagBag from /home/airflow/.local/lib/python3.10/site-packages/airflow/example_dags/example_branch_labels.py
[2026-06-09T10:38:50.511+0000] {processor.py:839} INFO - DAG(s) dict_keys(['example_branch_labels']) retrieved from /home/airflow/.local/lib/python3.10/site-packages/airflow/example_dags/example_branch_labels.py
[2026-06-09T10:38:50.543+0000] {logging_mixin.py:154} INFO - [2026-06-09T10:38:50.543+0000] {dag.py:2941} INFO - Sync 1 DAGs
[2026-06-09T10:38:50.587+0000] {logging_mixin.py:154} INFO - [2026-06-09T10:38:50.587+0000] {dag.py:3722} INFO - Setting next_dagrun for example_branch_labels to 2026-06-08T00:00:00+00:00, run_after=2026-06-09T00:00:00+00:00
[2026-06-09T10:38:50.612+0000] {processor.py:179} INFO - Processing /home/airflow/.local/lib/python3.10/site-packages/airflow/example_dags/example_branch_labels.py took 0.124 seconds
[2026-06-09T10:39:20.888+0000] {processor.py:157} INFO - Started process (PID=484) to work on /home/airflow/.local/lib/python3.10/site-packages/airflow/example_dags/example_branch_labels.py
[2026-06-09T10:39:20.900+0000] {processor.py:829} INFO - Processing file /home/airflow/.local/lib/python3.10/site-packages/airflow/example_dags/example_branch_labels.py for tasks to queue
[2026-06-09T10:39:20.903+0000] {logging_mixin.py:154} INFO - [2026-06-09T10:39:20.902+0000] {dagbag.py:536} INFO - Filling up the DagBag from /home/airflow/.local/lib/python3.10/site-packages/airflow/example_dags/example_branch_labels.py
[2026-06-09T10:39:20.930+0000] {processor.py:839} INFO - DAG(s) dict_keys(['example_branch_labels']) retrieved from /home/airflow/.local/lib/python3.10/site-packages/airflow/example_dags/example_branch_labels.py
[2026-06-09T10:39:21.022+0000] {logging_mixin.py:154} INFO - [2026-06-09T10:39:21.022+0000] {dag.py:2941} INFO - Sync 1 DAGs
[2026-06-09T10:39:21.134+0000] {logging_mixin.py:154} INFO - [2026-06-09T10:39:21.133+0000] {dag.py:3722} INFO - Setting next_dagrun for example_branch_labels to 2026-06-08T00:00:00+00:00, run_after=2026-06-09T00:00:00+00:00
[2026-06-09T10:39:21.230+0000] {processor.py:179} INFO - Processing /home/airflow/.local/lib/python3.10/site-packages/airflow/example_dags/example_branch_labels.py took 0.351 seconds
[2026-06-09T10:39:51.595+0000] {processor.py:157} INFO - Started process (PID=535) to work on /home/airflow/.local/lib/python3.10/site-packages/airflow/example_dags/example_branch_labels.py
[2026-06-09T10:39:51.603+0000] {processor.py:829} INFO - Processing file /home/airflow/.local/lib/python3.10/site-packages/airflow/example_dags/example_branch_labels.py for tasks to queue
[2026-06-09T10:39:51.606+0000] {logging_mixin.py:154} INFO - [2026-06-09T10:39:51.605+0000] {dagbag.py:536} INFO - Filling up the DagBag from /home/airflow/.local/lib/python3.10/site-packages/airflow/example_dags/example_branch_labels.py
[2026-06-09T10:39:51.634+0000] {processor.py:839} INFO - DAG(s) dict_keys(['example_branch_labels']) retrieved from /home/airflow/.local/lib/python3.10/site-packages/airflow/example_dags/example_branch_labels.py
[2026-06-09T10:39:51.721+0000] {logging_mixin.py:154} INFO - [2026-06-09T10:39:51.721+0000] {dag.py:2941} INFO - Sync 1 DAGs
[2026-06-09T10:39:51.853+0000] {logging_mixin.py:154} INFO - [2026-06-09T10:39:51.853+0000] {dag.py:3722} INFO - Setting next_dagrun for example_branch_labels to 2026-06-08T00:00:00+00:00, run_after=2026-06-09T00:00:00+00:00
[2026-06-09T10:39:51.903+0000] {processor.py:179} INFO - Processing /home/airflow/.local/lib/python3.10/site-packages/airflow/example_dags/example_branch_labels.py took 0.321 seconds
[2026-06-09T10:40:22.060+0000] {processor.py:157} INFO - Started process (PID=586) to work on /home/airflow/.local/lib/python3.10/site-packages/airflow/example_dags/example_branch_labels.py
[2026-06-09T10:40:22.061+0000] {processor.py:829} INFO - Processing file /home/airflow/.local/lib/python3.10/site-packages/airflow/example_dags/example_branch_labels.py for tasks to queue
[2026-06-09T10:40:22.065+0000] {logging_mixin.py:154} INFO - [2026-06-09T10:40:22.064+0000] {dagbag.py:536} INFO - Filling up the DagBag from /home/airflow/.local/lib/python3.10/site-packages/airflow/example_dags/example_branch_labels.py
[2026-06-09T10:40:22.079+0000] {processor.py:839} INFO - DAG(s) dict_keys(['example_branch_labels']) retrieved from /home/airflow/.local/lib/python3.10/site-packages/airflow/example_dags/example_branch_labels.py
[2026-06-09T10:40:22.109+0000] {logging_mixin.py:154} INFO - [2026-06-09T10:40:22.109+0000] {dag.py:2941} INFO - Sync 1 DAGs
[2026-06-09T10:40:22.144+0000] {logging_mixin.py:154} INFO - [2026-06-09T10:40:22.144+0000] {dag.py:3722} INFO - Setting next_dagrun for example_branch_labels to 2026-06-08T00:00:00+00:00, run_after=2026-06-09T00:00:00+00:00
[2026-06-09T10:40:22.192+0000] {processor.py:179} INFO - Processing /home/airflow/.local/lib/python3.10/site-packages/airflow/example_dags/example_branch_labels.py took 0.138 seconds
[2026-06-09T10:40:52.408+0000] {processor.py:157} INFO - Started process (PID=637) to work on /home/airflow/.local/lib/python3.10/site-packages/airflow/example_dags/example_branch_labels.py
[2026-06-09T10:40:52.413+0000] {processor.py:829} INFO - Processing file /home/airflow/.local/lib/python3.10/site-packages/airflow/example_dags/example_branch_labels.py for tasks to queue
[2026-06-09T10:40:52.419+0000] {logging_mixin.py:154} INFO - [2026-06-09T10:40:52.419+0000] {dagbag.py:536} INFO - Filling up the DagBag from /home/airflow/.local/lib/python3.10/site-packages/airflow/example_dags/example_branch_labels.py
[2026-06-09T10:40:52.454+0000] {processor.py:839} INFO - DAG(s) dict_keys(['example_branch_labels']) retrieved from /home/airflow/.local/lib/python3.10/site-packages/airflow/example_dags/example_branch_labels.py
[2026-06-09T10:40:52.546+0000] {logging_mixin.py:154} INFO - [2026-06-09T10:40:52.546+0000] {dag.py:2941} INFO - Sync 1 DAGs
[2026-06-09T10:40:52.714+0000] {logging_mixin.py:154} INFO - [2026-06-09T10:40:52.714+0000] {dag.py:3722} INFO - Setting next_dagrun for example_branch_labels to 2026-06-08T00:00:00+00:00, run_after=2026-06-09T00:00:00+00:00
[2026-06-09T10:40:53.154+0000] {processor.py:179} INFO - Processing /home/airflow/.local/lib/python3.10/site-packages/airflow/example_dags/example_branch_labels.py took 0.759 seconds
[2026-06-09T10:41:23.600+0000] {processor.py:157} INFO - Started process (PID=688) to work on /home/airflow/.local/lib/python3.10/site-packages/airflow/example_dags/example_branch_labels.py
[2026-06-09T10:41:23.605+0000] {processor.py:829} INFO - Processing file /home/airflow/.local/lib/python3.10/site-packages/airflow/example_dags/example_branch_labels.py for tasks to queue
[2026-06-09T10:41:23.621+0000] {logging_mixin.py:154} INFO - [2026-06-09T10:41:23.609+0000] {dagbag.py:536} INFO - Filling up the DagBag from /home/airflow/.local/lib/python3.10/site-packages/airflow/example_dags/example_branch_labels.py
[2026-06-09T10:41:23.667+0000] {processor.py:839} INFO - DAG(s) dict_keys(['example_branch_labels']) retrieved from /home/airflow/.local/lib/python3.10/site-packages/airflow/example_dags/example_branch_labels.py
[2026-06-09T10:41:23.850+0000] {logging_mixin.py:154} INFO - [2026-06-09T10:41:23.850+0000] {dag.py:2941} INFO - Sync 1 DAGs
[2026-06-09T10:41:23.960+0000] {logging_mixin.py:154} INFO - [2026-06-09T10:41:23.960+0000] {dag.py:3722} INFO - Setting next_dagrun for example_branch_labels to 2026-06-08T00:00:00+00:00, run_after=2026-06-09T00:00:00+00:00
[2026-06-09T10:41:24.055+0000] {processor.py:179} INFO - Processing /home/airflow/.local/lib/python3.10/site-packages/airflow/example_dags/example_branch_labels.py took 0.480 seconds
[2026-06-09T10:41:54.476+0000] {processor.py:157} INFO - Started process (PID=739) to work on /home/airflow/.local/lib/python3.10/site-packages/airflow/example_dags/example_branch_labels.py
[2026-06-09T10:41:54.485+0000] {processor.py:829} INFO - Processing file /home/airflow/.local/lib/python3.10/site-packages/airflow/example_dags/example_branch_labels.py for tasks to queue
[2026-06-09T10:41:54.488+0000] {logging_mixin.py:154} INFO - [2026-06-09T10:41:54.488+0000] {dagbag.py:536} INFO - Filling up the DagBag from /home/airflow/.local/lib/python3.10/site-packages/airflow/example_dags/example_branch_labels.py
[2026-06-09T10:41:54.508+0000] {processor.py:839} INFO - DAG(s) dict_keys(['example_branch_labels']) retrieved from /home/airflow/.local/lib/python3.10/site-packages/airflow/example_dags/example_branch_labels.py
[2026-06-09T10:41:54.583+0000] {logging_mixin.py:154} INFO - [2026-06-09T10:41:54.583+0000] {dag.py:2941} INFO - Sync 1 DAGs
[2026-06-09T10:41:54.661+0000] {logging_mixin.py:154} INFO - [2026-06-09T10:41:54.661+0000] {dag.py:3722} INFO - Setting next_dagrun for example_branch_labels to 2026-06-08T00:00:00+00:00, run_after=2026-06-09T00:00:00+00:00
[2026-06-09T10:41:54.723+0000] {processor.py:179} INFO - Processing /home/airflow/.local/lib/python3.10/site-packages/airflow/example_dags/example_branch_labels.py took 0.251 seconds
[2026-06-09T10:42:27.719+0000] {processor.py:157} INFO - Started process (PID=790) to work on /home/airflow/.local/lib/python3.10/site-packages/airflow/example_dags/example_branch_labels.py
[2026-06-09T10:42:27.721+0000] {processor.py:829} INFO - Processing file /home/airflow/.local/lib/python3.10/site-packages/airflow/example_dags/example_branch_labels.py for tasks to queue
[2026-06-09T10:42:27.723+0000] {logging_mixin.py:154} INFO - [2026-06-09T10:42:27.723+0000] {dagbag.py:536} INFO - Filling up the DagBag from /home/airflow/.local/lib/python3.10/site-packages/airflow/example_dags/example_branch_labels.py
[2026-06-09T10:42:27.735+0000] {processor.py:839} INFO - DAG(s) dict_keys(['example_branch_labels']) retrieved from /home/airflow/.local/lib/python3.10/site-packages/airflow/example_dags/example_branch_labels.py
[2026-06-09T10:42:27.765+0000] {logging_mixin.py:154} INFO - [2026-06-09T10:42:27.765+0000] {dag.py:2941} INFO - Sync 1 DAGs
[2026-06-09T10:42:28.033+0000] {logging_mixin.py:154} INFO - [2026-06-09T10:42:28.032+0000] {dag.py:3722} INFO - Setting next_dagrun for example_branch_labels to 2026-06-08T00:00:00+00:00, run_after=2026-06-09T00:00:00+00:00
[2026-06-09T10:42:28.057+0000] {processor.py:179} INFO - Processing /home/airflow/.local/lib/python3.10/site-packages/airflow/example_dags/example_branch_labels.py took 0.343 seconds
[2026-06-09T10:42:58.818+0000] {processor.py:157} INFO - Started process (PID=839) to work on /home/airflow/.local/lib/python3.10/site-packages/airflow/example_dags/example_branch_labels.py
[2026-06-09T10:42:58.825+0000] {processor.py:829} INFO - Processing file /home/airflow/.local/lib/python3.10/site-packages/airflow/example_dags/example_branch_labels.py for tasks to queue
[2026-06-09T10:42:58.828+0000] {logging_mixin.py:154} INFO - [2026-06-09T10:42:58.828+0000] {dagbag.py:536} INFO - Filling up the DagBag from /home/airflow/.local/lib/python3.10/site-packages/airflow/example_dags/example_branch_labels.py
[2026-06-09T10:42:58.873+0000] {processor.py:839} INFO - DAG(s) dict_keys(['example_branch_labels']) retrieved from /home/airflow/.local/lib/python3.10/site-packages/airflow/example_dags/example_branch_labels.py
[2026-06-09T10:42:58.956+0000] {logging_mixin.py:154} INFO - [2026-06-09T10:42:58.955+0000] {dag.py:2941} INFO - Sync 1 DAGs
[2026-06-09T10:42:59.061+0000] {logging_mixin.py:154} INFO - [2026-06-09T10:42:59.061+0000] {dag.py:3722} INFO - Setting next_dagrun for example_branch_labels to 2026-06-08T00:00:00+00:00, run_after=2026-06-09T00:00:00+00:00
[2026-06-09T10:42:59.150+0000] {processor.py:179} INFO - Processing /home/airflow/.local/lib/python3.10/site-packages/airflow/example_dags/example_branch_labels.py took 0.354 seconds
[2026-06-09T10:43:29.706+0000] {processor.py:157} INFO - Started process (PID=889) to work on /home/airflow/.local/lib/python3.10/site-packages/airflow/example_dags/example_branch_labels.py
[2026-06-09T10:43:29.708+0000] {processor.py:829} INFO - Processing file /home/airflow/.local/lib/python3.10/site-packages/airflow/example_dags/example_branch_labels.py for tasks to queue
[2026-06-09T10:43:29.711+0000] {logging_mixin.py:154} INFO - [2026-06-09T10:43:29.710+0000] {dagbag.py:536} INFO - Filling up the DagBag from /home/airflow/.local/lib/python3.10/site-packages/airflow/example_dags/example_branch_labels.py
[2026-06-09T10:43:29.732+0000] {processor.py:839} INFO - DAG(s) dict_keys(['example_branch_labels']) retrieved from /home/airflow/.local/lib/python3.10/site-packages/airflow/example_dags/example_branch_labels.py
[2026-06-09T10:43:29.758+0000] {logging_mixin.py:154} INFO - [2026-06-09T10:43:29.758+0000] {dag.py:2941} INFO - Sync 1 DAGs
[2026-06-09T10:43:29.796+0000] {logging_mixin.py:154} INFO - [2026-06-09T10:43:29.796+0000] {dag.py:3722} INFO - Setting next_dagrun for example_branch_labels to 2026-06-08T00:00:00+00:00, run_after=2026-06-09T00:00:00+00:00
[2026-06-09T10:43:29.821+0000] {processor.py:179} INFO - Processing /home/airflow/.local/lib/python3.10/site-packages/airflow/example_dags/example_branch_labels.py took 0.120 seconds
[2026-06-09T10:44:00.364+0000] {processor.py:157} INFO - Started process (PID=936) to work on /home/airflow/.local/lib/python3.10/site-packages/airflow/example_dags/example_branch_labels.py
[2026-06-09T10:44:00.373+0000] {processor.py:829} INFO - Processing file /home/airflow/.local/lib/python3.10/site-packages/airflow/example_dags/example_branch_labels.py for tasks to queue
[2026-06-09T10:44:00.377+0000] {logging_mixin.py:154} INFO - [2026-06-09T10:44:00.376+0000] {dagbag.py:536} INFO - Filling up the DagBag from /home/airflow/.local/lib/python3.10/site-packages/airflow/example_dags/example_branch_labels.py
[2026-06-09T10:44:00.388+0000] {processor.py:839} INFO - DAG(s) dict_keys(['example_branch_labels']) retrieved from /home/airflow/.local/lib/python3.10/site-packages/airflow/example_dags/example_branch_labels.py
[2026-06-09T10:44:00.420+0000] {logging_mixin.py:154} INFO - [2026-06-09T10:44:00.420+0000] {dag.py:2941} INFO - Sync 1 DAGs
[2026-06-09T10:44:00.468+0000] {logging_mixin.py:154} INFO - [2026-06-09T10:44:00.468+0000] {dag.py:3722} INFO - Setting next_dagrun for example_branch_labels to 2026-06-08T00:00:00+00:00, run_after=2026-06-09T00:00:00+00:00
[2026-06-09T10:44:00.528+0000] {processor.py:179} INFO - Processing /home/airflow/.local/lib/python3.10/site-packages/airflow/example_dags/example_branch_labels.py took 0.168 seconds
[2026-06-09T10:44:31.250+0000] {processor.py:157} INFO - Started process (PID=987) to work on /home/airflow/.local/lib/python3.10/site-packages/airflow/example_dags/example_branch_labels.py
[2026-06-09T10:44:31.254+0000] {processor.py:829} INFO - Processing file /home/airflow/.local/lib/python3.10/site-packages/airflow/example_dags/example_branch_labels.py for tasks to queue
[2026-06-09T10:44:31.274+0000] {logging_mixin.py:154} INFO - [2026-06-09T10:44:31.274+0000] {dagbag.py:536} INFO - Filling up the DagBag from /home/airflow/.local/lib/python3.10/site-packages/airflow/example_dags/example_branch_labels.py
[2026-06-09T10:44:31.306+0000] {processor.py:839} INFO - DAG(s) dict_keys(['example_branch_labels']) retrieved from /home/airflow/.local/lib/python3.10/site-packages/airflow/example_dags/example_branch_labels.py
[2026-06-09T10:44:31.403+0000] {logging_mixin.py:154} INFO - [2026-06-09T10:44:31.403+0000] {dag.py:2941} INFO - Sync 1 DAGs
[2026-06-09T10:44:31.535+0000] {logging_mixin.py:154} INFO - [2026-06-09T10:44:31.534+0000] {dag.py:3722} INFO - Setting next_dagrun for example_branch_labels to 2026-06-08T00:00:00+00:00, run_after=2026-06-09T00:00:00+00:00
[2026-06-09T10:44:31.640+0000] {processor.py:179} INFO - Processing /home/airflow/.local/lib/python3.10/site-packages/airflow/example_dags/example_branch_labels.py took 0.409 seconds
[2026-06-09T10:45:02.014+0000] {processor.py:157} INFO - Started process (PID=1038) to work on /home/airflow/.local/lib/python3.10/site-packages/airflow/example_dags/example_branch_labels.py
[2026-06-09T10:45:02.019+0000] {processor.py:829} INFO - Processing file /home/airflow/.local/lib/python3.10/site-packages/airflow/example_dags/example_branch_labels.py for tasks to queue
[2026-06-09T10:45:02.026+0000] {logging_mixin.py:154} INFO - [2026-06-09T10:45:02.026+0000] {dagbag.py:536} INFO - Filling up the DagBag from /home/airflow/.local/lib/python3.10/site-packages/airflow/example_dags/example_branch_labels.py
[2026-06-09T10:45:02.053+0000] {processor.py:839} INFO - DAG(s) dict_keys(['example_branch_labels']) retrieved from /home/airflow/.local/lib/python3.10/site-packages/airflow/example_dags/example_branch_labels.py
[2026-06-09T10:45:02.099+0000] {logging_mixin.py:154} INFO - [2026-06-09T10:45:02.098+0000] {dag.py:2941} INFO - Sync 1 DAGs
[2026-06-09T10:45:02.135+0000] {logging_mixin.py:154} INFO - [2026-06-09T10:45:02.135+0000] {dag.py:3722} INFO - Setting next_dagrun for example_branch_labels to 2026-06-08T00:00:00+00:00, run_after=2026-06-09T00:00:00+00:00
[2026-06-09T10:45:02.180+0000] {processor.py:179} INFO - Processing /home/airflow/.local/lib/python3.10/site-packages/airflow/example_dags/example_branch_labels.py took 0.177 seconds
[2026-06-09T10:45:32.280+0000] {processor.py:157} INFO - Started process (PID=1089) to work on /home/airflow/.local/lib/python3.10/site-packages/airflow/example_dags/example_branch_labels.py
[2026-06-09T10:45:32.282+0000] {processor.py:829} INFO - Processing file /home/airflow/.local/lib/python3.10/site-packages/airflow/example_dags/example_branch_labels.py for tasks to queue
[2026-06-09T10:45:32.286+0000] {logging_mixin.py:154} INFO - [2026-06-09T10:45:32.285+0000] {dagbag.py:536} INFO - Filling up the DagBag from /home/airflow/.local/lib/python3.10/site-packages/airflow/example_dags/example_branch_labels.py
[2026-06-09T10:45:32.298+0000] {processor.py:839} INFO - DAG(s) dict_keys(['example_branch_labels']) retrieved from /home/airflow/.local/lib/python3.10/site-packages/airflow/example_dags/example_branch_labels.py
[2026-06-09T10:45:32.331+0000] {logging_mixin.py:154} INFO - [2026-06-09T10:45:32.331+0000] {dag.py:2941} INFO - Sync 1 DAGs
[2026-06-09T10:45:32.366+0000] {logging_mixin.py:154} INFO - [2026-06-09T10:45:32.366+0000] {dag.py:3722} INFO - Setting next_dagrun for example_branch_labels to 2026-06-08T00:00:00+00:00, run_after=2026-06-09T00:00:00+00:00
[2026-06-09T10:45:32.389+0000] {processor.py:179} INFO - Processing /home/airflow/.local/lib/python3.10/site-packages/airflow/example_dags/example_branch_labels.py took 0.115 seconds
[2026-06-09T10:46:02.830+0000] {processor.py:157} INFO - Started process (PID=1140) to work on /home/airflow/.local/lib/python3.10/site-packages/airflow/example_dags/example_branch_labels.py
[2026-06-09T10:46:02.831+0000] {processor.py:829} INFO - Processing file /home/airflow/.local/lib/python3.10/site-packages/airflow/example_dags/example_branch_labels.py for tasks to queue
[2026-06-09T10:46:02.834+0000] {logging_mixin.py:154} INFO - [2026-06-09T10:46:02.834+0000] {dagbag.py:536} INFO - Filling up the DagBag from /home/airflow/.local/lib/python3.10/site-packages/airflow/example_dags/example_branch_labels.py
[2026-06-09T10:46:02.847+0000] {processor.py:839} INFO - DAG(s) dict_keys(['example_branch_labels']) retrieved from /home/airflow/.local/lib/python3.10/site-packages/airflow/example_dags/example_branch_labels.py
[2026-06-09T10:46:02.880+0000] {logging_mixin.py:154} INFO - [2026-06-09T10:46:02.880+0000] {dag.py:2941} INFO - Sync 1 DAGs
[2026-06-09T10:46:02.914+0000] {logging_mixin.py:154} INFO - [2026-06-09T10:46:02.913+0000] {dag.py:3722} INFO - Setting next_dagrun for example_branch_labels to 2026-06-08T00:00:00+00:00, run_after=2026-06-09T00:00:00+00:00
[2026-06-09T10:46:02.937+0000] {processor.py:179} INFO - Processing /home/airflow/.local/lib/python3.10/site-packages/airflow/example_dags/example_branch_labels.py took 0.114 seconds
[2026-06-09T10:46:33.166+0000] {processor.py:157} INFO - Started process (PID=1191) to work on /home/airflow/.local/lib/python3.10/site-packages/airflow/example_dags/example_branch_labels.py
[2026-06-09T10:46:33.203+0000] {processor.py:829} INFO - Processing file /home/airflow/.local/lib/python3.10/site-packages/airflow/example_dags/example_branch_labels.py for tasks to queue
[2026-06-09T10:46:33.207+0000] {logging_mixin.py:154} INFO - [2026-06-09T10:46:33.206+0000] {dagbag.py:536} INFO - Filling up the DagBag from /home/airflow/.local/lib/python3.10/site-packages/airflow/example_dags/example_branch_labels.py
[2026-06-09T10:46:33.312+0000] {processor.py:839} INFO - DAG(s) dict_keys(['example_branch_labels']) retrieved from /home/airflow/.local/lib/python3.10/site-packages/airflow/example_dags/example_branch_labels.py
[2026-06-09T10:46:33.462+0000] {logging_mixin.py:154} INFO - [2026-06-09T10:46:33.462+0000] {dag.py:2941} INFO - Sync 1 DAGs
[2026-06-09T10:46:33.627+0000] {logging_mixin.py:154} INFO - [2026-06-09T10:46:33.627+0000] {dag.py:3722} INFO - Setting next_dagrun for example_branch_labels to 2026-06-08T00:00:00+00:00, run_after=2026-06-09T00:00:00+00:00
[2026-06-09T10:46:33.754+0000] {processor.py:179} INFO - Processing /home/airflow/.local/lib/python3.10/site-packages/airflow/example_dags/example_branch_labels.py took 0.608 seconds
[2026-06-09T10:47:04.129+0000] {processor.py:157} INFO - Started process (PID=1242) to work on /home/airflow/.local/lib/python3.10/site-packages/airflow/example_dags/example_branch_labels.py
[2026-06-09T10:47:04.133+0000] {processor.py:829} INFO - Processing file /home/airflow/.local/lib/python3.10/site-packages/airflow/example_dags/example_branch_labels.py for tasks to queue
[2026-06-09T10:47:04.136+0000] {logging_mixin.py:154} INFO - [2026-06-09T10:47:04.136+0000] {dagbag.py:536} INFO - Filling up the DagBag from /home/airflow/.local/lib/python3.10/site-packages/airflow/example_dags/example_branch_labels.py
[2026-06-09T10:47:04.151+0000] {processor.py:839} INFO - DAG(s) dict_keys(['example_branch_labels']) retrieved from /home/airflow/.local/lib/python3.10/site-packages/airflow/example_dags/example_branch_labels.py
[2026-06-09T10:47:04.182+0000] {logging_mixin.py:154} INFO - [2026-06-09T10:47:04.181+0000] {dag.py:2941} INFO - Sync 1 DAGs
[2026-06-09T10:47:04.218+0000] {logging_mixin.py:154} INFO - [2026-06-09T10:47:04.217+0000] {dag.py:3722} INFO - Setting next_dagrun for example_branch_labels to 2026-06-08T00:00:00+00:00, run_after=2026-06-09T00:00:00+00:00
[2026-06-09T10:47:04.246+0000] {processor.py:179} INFO - Processing /home/airflow/.local/lib/python3.10/site-packages/airflow/example_dags/example_branch_labels.py took 0.121 seconds
[2026-06-09T10:47:34.319+0000] {processor.py:157} INFO - Started process (PID=1293) to work on /home/airflow/.local/lib/python3.10/site-packages/airflow/example_dags/example_branch_labels.py
[2026-06-09T10:47:34.320+0000] {processor.py:829} INFO - Processing file /home/airflow/.local/lib/python3.10/site-packages/airflow/example_dags/example_branch_labels.py for tasks to queue
[2026-06-09T10:47:34.323+0000] {logging_mixin.py:154} INFO - [2026-06-09T10:47:34.323+0000] {dagbag.py:536} INFO - Filling up the DagBag from /home/airflow/.local/lib/python3.10/site-packages/airflow/example_dags/example_branch_labels.py
[2026-06-09T10:47:34.337+0000] {processor.py:839} INFO - DAG(s) dict_keys(['example_branch_labels']) retrieved from /home/airflow/.local/lib/python3.10/site-packages/airflow/example_dags/example_branch_labels.py
[2026-06-09T10:47:34.368+0000] {logging_mixin.py:154} INFO - [2026-06-09T10:47:34.368+0000] {dag.py:2941} INFO - Sync 1 DAGs
[2026-06-09T10:47:34.403+0000] {logging_mixin.py:154} INFO - [2026-06-09T10:47:34.403+0000] {dag.py:3722} INFO - Setting next_dagrun for example_branch_labels to 2026-06-08T00:00:00+00:00, run_after=2026-06-09T00:00:00+00:00
[2026-06-09T10:47:34.440+0000] {processor.py:179} INFO - Processing /home/airflow/.local/lib/python3.10/site-packages/airflow/example_dags/example_branch_labels.py took 0.126 seconds
[2026-06-09T10:48:04.569+0000] {processor.py:157} INFO - Started process (PID=1344) to work on /home/airflow/.local/lib/python3.10/site-packages/airflow/example_dags/example_branch_labels.py
[2026-06-09T10:48:04.572+0000] {processor.py:829} INFO - Processing file /home/airflow/.local/lib/python3.10/site-packages/airflow/example_dags/example_branch_labels.py for tasks to queue
[2026-06-09T10:48:04.574+0000] {logging_mixin.py:154} INFO - [2026-06-09T10:48:04.574+0000] {dagbag.py:536} INFO - Filling up the DagBag from /home/airflow/.local/lib/python3.10/site-packages/airflow/example_dags/example_branch_labels.py
[2026-06-09T10:48:04.586+0000] {processor.py:839} INFO - DAG(s) dict_keys(['example_branch_labels']) retrieved from /home/airflow/.local/lib/python3.10/site-packages/airflow/example_dags/example_branch_labels.py
[2026-06-09T10:48:04.618+0000] {logging_mixin.py:154} INFO - [2026-06-09T10:48:04.618+0000] {dag.py:2941} INFO - Sync 1 DAGs
[2026-06-09T10:48:04.653+0000] {logging_mixin.py:154} INFO - [2026-06-09T10:48:04.653+0000] {dag.py:3722} INFO - Setting next_dagrun for example_branch_labels to 2026-06-08T00:00:00+00:00, run_after=2026-06-09T00:00:00+00:00
[2026-06-09T10:48:04.678+0000] {processor.py:179} INFO - Processing /home/airflow/.local/lib/python3.10/site-packages/airflow/example_dags/example_branch_labels.py took 0.114 seconds
[2026-06-09T10:48:36.498+0000] {processor.py:157} INFO - Started process (PID=1395) to work on /home/airflow/.local/lib/python3.10/site-packages/airflow/example_dags/example_branch_labels.py
[2026-06-09T10:48:36.509+0000] {processor.py:829} INFO - Processing file /home/airflow/.local/lib/python3.10/site-packages/airflow/example_dags/example_branch_labels.py for tasks to queue
[2026-06-09T10:48:36.531+0000] {logging_mixin.py:154} INFO - [2026-06-09T10:48:36.528+0000] {dagbag.py:536} INFO - Filling up the DagBag from /home/airflow/.local/lib/python3.10/site-packages/airflow/example_dags/example_branch_labels.py
[2026-06-09T10:48:36.616+0000] {processor.py:839} INFO - DAG(s) dict_keys(['example_branch_labels']) retrieved from /home/airflow/.local/lib/python3.10/site-packages/airflow/example_dags/example_branch_labels.py
[2026-06-09T10:48:36.744+0000] {logging_mixin.py:154} INFO - [2026-06-09T10:48:36.744+0000] {dag.py:2941} INFO - Sync 1 DAGs
[2026-06-09T10:48:36.923+0000] {logging_mixin.py:154} INFO - [2026-06-09T10:48:36.922+0000] {dag.py:3722} INFO - Setting next_dagrun for example_branch_labels to 2026-06-08T00:00:00+00:00, run_after=2026-06-09T00:00:00+00:00
[2026-06-09T10:48:37.062+0000] {processor.py:179} INFO - Processing /home/airflow/.local/lib/python3.10/site-packages/airflow/example_dags/example_branch_labels.py took 0.614 seconds
[2026-06-09T10:49:07.521+0000] {processor.py:157} INFO - Started process (PID=1446) to work on /home/airflow/.local/lib/python3.10/site-packages/airflow/example_dags/example_branch_labels.py
[2026-06-09T10:49:07.522+0000] {processor.py:829} INFO - Processing file /home/airflow/.local/lib/python3.10/site-packages/airflow/example_dags/example_branch_labels.py for tasks to queue
[2026-06-09T10:49:07.525+0000] {logging_mixin.py:154} INFO - [2026-06-09T10:49:07.525+0000] {dagbag.py:536} INFO - Filling up the DagBag from /home/airflow/.local/lib/python3.10/site-packages/airflow/example_dags/example_branch_labels.py
[2026-06-09T10:49:07.538+0000] {processor.py:839} INFO - DAG(s) dict_keys(['example_branch_labels']) retrieved from /home/airflow/.local/lib/python3.10/site-packages/airflow/example_dags/example_branch_labels.py
[2026-06-09T10:49:07.571+0000] {logging_mixin.py:154} INFO - [2026-06-09T10:49:07.571+0000] {dag.py:2941} INFO - Sync 1 DAGs
[2026-06-09T10:49:07.608+0000] {logging_mixin.py:154} INFO - [2026-06-09T10:49:07.608+0000] {dag.py:3722} INFO - Setting next_dagrun for example_branch_labels to 2026-06-08T00:00:00+00:00, run_after=2026-06-09T00:00:00+00:00
[2026-06-09T10:49:07.638+0000] {processor.py:179} INFO - Processing /home/airflow/.local/lib/python3.10/site-packages/airflow/example_dags/example_branch_labels.py took 0.122 seconds
[2026-06-09T10:49:38.008+0000] {processor.py:157} INFO - Started process (PID=1497) to work on /home/airflow/.local/lib/python3.10/site-packages/airflow/example_dags/example_branch_labels.py
[2026-06-09T10:49:38.009+0000] {processor.py:829} INFO - Processing file /home/airflow/.local/lib/python3.10/site-packages/airflow/example_dags/example_branch_labels.py for tasks to queue
[2026-06-09T10:49:38.012+0000] {logging_mixin.py:154} INFO - [2026-06-09T10:49:38.012+0000] {dagbag.py:536} INFO - Filling up the DagBag from /home/airflow/.local/lib/python3.10/site-packages/airflow/example_dags/example_branch_labels.py
[2026-06-09T10:49:38.028+0000] {processor.py:839} INFO - DAG(s) dict_keys(['example_branch_labels']) retrieved from /home/airflow/.local/lib/python3.10/site-packages/airflow/example_dags/example_branch_labels.py
[2026-06-09T10:49:38.064+0000] {logging_mixin.py:154} INFO - [2026-06-09T10:49:38.063+0000] {dag.py:2941} INFO - Sync 1 DAGs
[2026-06-09T10:49:38.109+0000] {logging_mixin.py:154} INFO - [2026-06-09T10:49:38.101+0000] {dag.py:3722} INFO - Setting next_dagrun for example_branch_labels to 2026-06-08T00:00:00+00:00, run_after=2026-06-09T00:00:00+00:00
[2026-06-09T10:49:38.157+0000] {processor.py:179} INFO - Processing /home/airflow/.local/lib/python3.10/site-packages/airflow/example_dags/example_branch_labels.py took 0.155 seconds
[2026-06-09T10:50:08.239+0000] {processor.py:157} INFO - Started process (PID=1548) to work on /home/airflow/.local/lib/python3.10/site-packages/airflow/example_dags/example_branch_labels.py
[2026-06-09T10:50:08.241+0000] {processor.py:829} INFO - Processing file /home/airflow/.local/lib/python3.10/site-packages/airflow/example_dags/example_branch_labels.py for tasks to queue
[2026-06-09T10:50:08.244+0000] {logging_mixin.py:154} INFO - [2026-06-09T10:50:08.243+0000] {dagbag.py:536} INFO - Filling up the DagBag from /home/airflow/.local/lib/python3.10/site-packages/airflow/example_dags/example_branch_labels.py
[2026-06-09T10:50:08.274+0000] {processor.py:839} INFO - DAG(s) dict_keys(['example_branch_labels']) retrieved from /home/airflow/.local/lib/python3.10/site-packages/airflow/example_dags/example_branch_labels.py
[2026-06-09T10:50:08.351+0000] {logging_mixin.py:154} INFO - [2026-06-09T10:50:08.351+0000] {dag.py:2941} INFO - Sync 1 DAGs
[2026-06-09T10:50:08.465+0000] {logging_mixin.py:154} INFO - [2026-06-09T10:50:08.465+0000] {dag.py:3722} INFO - Setting next_dagrun for example_branch_labels to 2026-06-08T00:00:00+00:00, run_after=2026-06-09T00:00:00+00:00
[2026-06-09T10:50:08.511+0000] {processor.py:179} INFO - Processing /home/airflow/.local/lib/python3.10/site-packages/airflow/example_dags/example_branch_labels.py took 0.285 seconds
[2026-06-09T10:50:39.333+0000] {processor.py:157} INFO - Started process (PID=1599) to work on /home/airflow/.local/lib/python3.10/site-packages/airflow/example_dags/example_branch_labels.py
[2026-06-09T10:50:39.342+0000] {processor.py:829} INFO - Processing file /home/airflow/.local/lib/python3.10/site-packages/airflow/example_dags/example_branch_labels.py for tasks to queue
[2026-06-09T10:50:39.351+0000] {logging_mixin.py:154} INFO - [2026-06-09T10:50:39.350+0000] {dagbag.py:536} INFO - Filling up the DagBag from /home/airflow/.local/lib/python3.10/site-packages/airflow/example_dags/example_branch_labels.py
[2026-06-09T10:50:39.396+0000] {processor.py:839} INFO - DAG(s) dict_keys(['example_branch_labels']) retrieved from /home/airflow/.local/lib/python3.10/site-packages/airflow/example_dags/example_branch_labels.py
[2026-06-09T10:50:39.474+0000] {logging_mixin.py:154} INFO - [2026-06-09T10:50:39.473+0000] {dag.py:2941} INFO - Sync 1 DAGs
[2026-06-09T10:50:39.556+0000] {logging_mixin.py:154} INFO - [2026-06-09T10:50:39.555+0000] {dag.py:3722} INFO - Setting next_dagrun for example_branch_labels to 2026-06-08T00:00:00+00:00, run_after=2026-06-09T00:00:00+00:00
[2026-06-09T10:50:39.608+0000] {processor.py:179} INFO - Processing /home/airflow/.local/lib/python3.10/site-packages/airflow/example_dags/example_branch_labels.py took 0.280 seconds
[2026-06-09T10:51:09.921+0000] {processor.py:157} INFO - Started process (PID=1650) to work on /home/airflow/.local/lib/python3.10/site-packages/airflow/example_dags/example_branch_labels.py
[2026-06-09T10:51:09.923+0000] {processor.py:829} INFO - Processing file /home/airflow/.local/lib/python3.10/site-packages/airflow/example_dags/example_branch_labels.py for tasks to queue
[2026-06-09T10:51:09.925+0000] {logging_mixin.py:154} INFO - [2026-06-09T10:51:09.925+0000] {dagbag.py:536} INFO - Filling up the DagBag from /home/airflow/.local/lib/python3.10/site-packages/airflow/example_dags/example_branch_labels.py
[2026-06-09T10:51:09.938+0000] {processor.py:839} INFO - DAG(s) dict_keys(['example_branch_labels']) retrieved from /home/airflow/.local/lib/python3.10/site-packages/airflow/example_dags/example_branch_labels.py
[2026-06-09T10:51:09.972+0000] {logging_mixin.py:154} INFO - [2026-06-09T10:51:09.972+0000] {dag.py:2941} INFO - Sync 1 DAGs
[2026-06-09T10:51:10.008+0000] {logging_mixin.py:154} INFO - [2026-06-09T10:51:10.008+0000] {dag.py:3722} INFO - Setting next_dagrun for example_branch_labels to 2026-06-08T00:00:00+00:00, run_after=2026-06-09T00:00:00+00:00
[2026-06-09T10:51:10.031+0000] {processor.py:179} INFO - Processing /home/airflow/.local/lib/python3.10/site-packages/airflow/example_dags/example_branch_labels.py took 0.115 seconds
[2026-06-09T10:51:40.664+0000] {processor.py:157} INFO - Started process (PID=1701) to work on /home/airflow/.local/lib/python3.10/site-packages/airflow/example_dags/example_branch_labels.py
[2026-06-09T10:51:40.673+0000] {processor.py:829} INFO - Processing file /home/airflow/.local/lib/python3.10/site-packages/airflow/example_dags/example_branch_labels.py for tasks to queue
[2026-06-09T10:51:40.676+0000] {logging_mixin.py:154} INFO - [2026-06-09T10:51:40.676+0000] {dagbag.py:536} INFO - Filling up the DagBag from /home/airflow/.local/lib/python3.10/site-packages/airflow/example_dags/example_branch_labels.py
[2026-06-09T10:51:40.738+0000] {processor.py:839} INFO - DAG(s) dict_keys(['example_branch_labels']) retrieved from /home/airflow/.local/lib/python3.10/site-packages/airflow/example_dags/example_branch_labels.py
[2026-06-09T10:51:40.846+0000] {logging_mixin.py:154} INFO - [2026-06-09T10:51:40.846+0000] {dag.py:2941} INFO - Sync 1 DAGs
[2026-06-09T10:51:41.091+0000] {logging_mixin.py:154} INFO - [2026-06-09T10:51:41.091+0000] {dag.py:3722} INFO - Setting next_dagrun for example_branch_labels to 2026-06-08T00:00:00+00:00, run_after=2026-06-09T00:00:00+00:00
[2026-06-09T10:51:41.166+0000] {processor.py:179} INFO - Processing /home/airflow/.local/lib/python3.10/site-packages/airflow/example_dags/example_branch_labels.py took 0.528 seconds
[2026-06-09T10:52:11.280+0000] {processor.py:157} INFO - Started process (PID=1750) to work on /home/airflow/.local/lib/python3.10/site-packages/airflow/example_dags/example_branch_labels.py
[2026-06-09T10:52:11.282+0000] {processor.py:829} INFO - Processing file /home/airflow/.local/lib/python3.10/site-packages/airflow/example_dags/example_branch_labels.py for tasks to queue
[2026-06-09T10:52:11.284+0000] {logging_mixin.py:154} INFO - [2026-06-09T10:52:11.283+0000] {dagbag.py:536} INFO - Filling up the DagBag from /home/airflow/.local/lib/python3.10/site-packages/airflow/example_dags/example_branch_labels.py
[2026-06-09T10:52:11.294+0000] {processor.py:839} INFO - DAG(s) dict_keys(['example_branch_labels']) retrieved from /home/airflow/.local/lib/python3.10/site-packages/airflow/example_dags/example_branch_labels.py
[2026-06-09T10:52:11.317+0000] {logging_mixin.py:154} INFO - [2026-06-09T10:52:11.317+0000] {dag.py:2941} INFO - Sync 1 DAGs
[2026-06-09T10:52:11.342+0000] {logging_mixin.py:154} INFO - [2026-06-09T10:52:11.342+0000] {dag.py:3722} INFO - Setting next_dagrun for example_branch_labels to 2026-06-08T00:00:00+00:00, run_after=2026-06-09T00:00:00+00:00
[2026-06-09T10:52:11.361+0000] {processor.py:179} INFO - Processing /home/airflow/.local/lib/python3.10/site-packages/airflow/example_dags/example_branch_labels.py took 0.085 seconds
[2026-06-09T10:52:41.922+0000] {processor.py:157} INFO - Started process (PID=1801) to work on /home/airflow/.local/lib/python3.10/site-packages/airflow/example_dags/example_branch_labels.py
[2026-06-09T10:52:41.923+0000] {processor.py:829} INFO - Processing file /home/airflow/.local/lib/python3.10/site-packages/airflow/example_dags/example_branch_labels.py for tasks to queue
[2026-06-09T10:52:41.925+0000] {logging_mixin.py:154} INFO - [2026-06-09T10:52:41.925+0000] {dagbag.py:536} INFO - Filling up the DagBag from /home/airflow/.local/lib/python3.10/site-packages/airflow/example_dags/example_branch_labels.py
[2026-06-09T10:52:41.936+0000] {processor.py:839} INFO - DAG(s) dict_keys(['example_branch_labels']) retrieved from /home/airflow/.local/lib/python3.10/site-packages/airflow/example_dags/example_branch_labels.py
[2026-06-09T10:52:41.965+0000] {logging_mixin.py:154} INFO - [2026-06-09T10:52:41.964+0000] {dag.py:2941} INFO - Sync 1 DAGs
[2026-06-09T10:52:41.990+0000] {logging_mixin.py:154} INFO - [2026-06-09T10:52:41.990+0000] {dag.py:3722} INFO - Setting next_dagrun for example_branch_labels to 2026-06-08T00:00:00+00:00, run_after=2026-06-09T00:00:00+00:00
[2026-06-09T10:52:42.015+0000] {processor.py:179} INFO - Processing /home/airflow/.local/lib/python3.10/site-packages/airflow/example_dags/example_branch_labels.py took 0.097 seconds
[2026-06-09T10:53:12.407+0000] {processor.py:157} INFO - Started process (PID=1852) to work on /home/airflow/.local/lib/python3.10/site-packages/airflow/example_dags/example_branch_labels.py
[2026-06-09T10:53:12.421+0000] {processor.py:829} INFO - Processing file /home/airflow/.local/lib/python3.10/site-packages/airflow/example_dags/example_branch_labels.py for tasks to queue
[2026-06-09T10:53:12.424+0000] {logging_mixin.py:154} INFO - [2026-06-09T10:53:12.423+0000] {dagbag.py:536} INFO - Filling up the DagBag from /home/airflow/.local/lib/python3.10/site-packages/airflow/example_dags/example_branch_labels.py
[2026-06-09T10:53:12.438+0000] {processor.py:839} INFO - DAG(s) dict_keys(['example_branch_labels']) retrieved from /home/airflow/.local/lib/python3.10/site-packages/airflow/example_dags/example_branch_labels.py
[2026-06-09T10:53:12.470+0000] {logging_mixin.py:154} INFO - [2026-06-09T10:53:12.470+0000] {dag.py:2941} INFO - Sync 1 DAGs
[2026-06-09T10:53:12.512+0000] {logging_mixin.py:154} INFO - [2026-06-09T10:53:12.512+0000] {dag.py:3722} INFO - Setting next_dagrun for example_branch_labels to 2026-06-08T00:00:00+00:00, run_after=2026-06-09T00:00:00+00:00
[2026-06-09T10:53:12.536+0000] {processor.py:179} INFO - Processing /home/airflow/.local/lib/python3.10/site-packages/airflow/example_dags/example_branch_labels.py took 0.135 seconds
[2026-06-09T10:53:42.612+0000] {processor.py:157} INFO - Started process (PID=1903) to work on /home/airflow/.local/lib/python3.10/site-packages/airflow/example_dags/example_branch_labels.py
[2026-06-09T10:53:42.613+0000] {processor.py:829} INFO - Processing file /home/airflow/.local/lib/python3.10/site-packages/airflow/example_dags/example_branch_labels.py for tasks to queue
[2026-06-09T10:53:42.615+0000] {logging_mixin.py:154} INFO - [2026-06-09T10:53:42.614+0000] {dagbag.py:536} INFO - Filling up the DagBag from /home/airflow/.local/lib/python3.10/site-packages/airflow/example_dags/example_branch_labels.py
[2026-06-09T10:53:42.624+0000] {processor.py:839} INFO - DAG(s) dict_keys(['example_branch_labels']) retrieved from /home/airflow/.local/lib/python3.10/site-packages/airflow/example_dags/example_branch_labels.py
[2026-06-09T10:53:42.648+0000] {logging_mixin.py:154} INFO - [2026-06-09T10:53:42.648+0000] {dag.py:2941} INFO - Sync 1 DAGs
[2026-06-09T10:53:42.675+0000] {logging_mixin.py:154} INFO - [2026-06-09T10:53:42.675+0000] {dag.py:3722} INFO - Setting next_dagrun for example_branch_labels to 2026-06-08T00:00:00+00:00, run_after=2026-06-09T00:00:00+00:00
[2026-06-09T10:53:42.701+0000] {processor.py:179} INFO - Processing /home/airflow/.local/lib/python3.10/site-packages/airflow/example_dags/example_branch_labels.py took 0.093 seconds
[2026-06-09T10:54:13.359+0000] {processor.py:157} INFO - Started process (PID=1954) to work on /home/airflow/.local/lib/python3.10/site-packages/airflow/example_dags/example_branch_labels.py
[2026-06-09T10:54:13.361+0000] {processor.py:829} INFO - Processing file /home/airflow/.local/lib/python3.10/site-packages/airflow/example_dags/example_branch_labels.py for tasks to queue
[2026-06-09T10:54:13.363+0000] {logging_mixin.py:154} INFO - [2026-06-09T10:54:13.363+0000] {dagbag.py:536} INFO - Filling up the DagBag from /home/airflow/.local/lib/python3.10/site-packages/airflow/example_dags/example_branch_labels.py
[2026-06-09T10:54:13.373+0000] {processor.py:839} INFO - DAG(s) dict_keys(['example_branch_labels']) retrieved from /home/airflow/.local/lib/python3.10/site-packages/airflow/example_dags/example_branch_labels.py
[2026-06-09T10:54:13.406+0000] {logging_mixin.py:154} INFO - [2026-06-09T10:54:13.406+0000] {dag.py:2941} INFO - Sync 1 DAGs
[2026-06-09T10:54:13.439+0000] {logging_mixin.py:154} INFO - [2026-06-09T10:54:13.439+0000] {dag.py:3722} INFO - Setting next_dagrun for example_branch_labels to 2026-06-08T00:00:00+00:00, run_after=2026-06-09T00:00:00+00:00
[2026-06-09T10:54:13.462+0000] {processor.py:179} INFO - Processing /home/airflow/.local/lib/python3.10/site-packages/airflow/example_dags/example_branch_labels.py took 0.109 seconds
[2026-06-09T10:54:43.596+0000] {processor.py:157} INFO - Started process (PID=2005) to work on /home/airflow/.local/lib/python3.10/site-packages/airflow/example_dags/example_branch_labels.py
[2026-06-09T10:54:43.609+0000] {processor.py:829} INFO - Processing file /home/airflow/.local/lib/python3.10/site-packages/airflow/example_dags/example_branch_labels.py for tasks to queue
[2026-06-09T10:54:43.612+0000] {logging_mixin.py:154} INFO - [2026-06-09T10:54:43.612+0000] {dagbag.py:536} INFO - Filling up the DagBag from /home/airflow/.local/lib/python3.10/site-packages/airflow/example_dags/example_branch_labels.py
[2026-06-09T10:54:43.657+0000] {processor.py:839} INFO - DAG(s) dict_keys(['example_branch_labels']) retrieved from /home/airflow/.local/lib/python3.10/site-packages/airflow/example_dags/example_branch_labels.py
[2026-06-09T10:54:43.775+0000] {logging_mixin.py:154} INFO - [2026-06-09T10:54:43.775+0000] {dag.py:2941} INFO - Sync 1 DAGs
[2026-06-09T10:54:43.873+0000] {logging_mixin.py:154} INFO - [2026-06-09T10:54:43.873+0000] {dag.py:3722} INFO - Setting next_dagrun for example_branch_labels to 2026-06-08T00:00:00+00:00, run_after=2026-06-09T00:00:00+00:00
[2026-06-09T10:54:43.918+0000] {processor.py:179} INFO - Processing /home/airflow/.local/lib/python3.10/site-packages/airflow/example_dags/example_branch_labels.py took 0.344 seconds
[2026-06-09T10:55:13.967+0000] {processor.py:157} INFO - Started process (PID=2056) to work on /home/airflow/.local/lib/python3.10/site-packages/airflow/example_dags/example_branch_labels.py
[2026-06-09T10:55:13.969+0000] {processor.py:829} INFO - Processing file /home/airflow/.local/lib/python3.10/site-packages/airflow/example_dags/example_branch_labels.py for tasks to queue
[2026-06-09T10:55:13.971+0000] {logging_mixin.py:154} INFO - [2026-06-09T10:55:13.971+0000] {dagbag.py:536} INFO - Filling up the DagBag from /home/airflow/.local/lib/python3.10/site-packages/airflow/example_dags/example_branch_labels.py
[2026-06-09T10:55:13.981+0000] {processor.py:839} INFO - DAG(s) dict_keys(['example_branch_labels']) retrieved from /home/airflow/.local/lib/python3.10/site-packages/airflow/example_dags/example_branch_labels.py
[2026-06-09T10:55:14.005+0000] {logging_mixin.py:154} INFO - [2026-06-09T10:55:14.004+0000] {dag.py:2941} INFO - Sync 1 DAGs
[2026-06-09T10:55:14.031+0000] {logging_mixin.py:154} INFO - [2026-06-09T10:55:14.030+0000] {dag.py:3722} INFO - Setting next_dagrun for example_branch_labels to 2026-06-08T00:00:00+00:00, run_after=2026-06-09T00:00:00+00:00
[2026-06-09T10:55:14.050+0000] {processor.py:179} INFO - Processing /home/airflow/.local/lib/python3.10/site-packages/airflow/example_dags/example_branch_labels.py took 0.087 seconds
[2026-06-09T10:55:44.139+0000] {processor.py:157} INFO - Started process (PID=2102) to work on /home/airflow/.local/lib/python3.10/site-packages/airflow/example_dags/example_branch_labels.py
[2026-06-09T10:55:44.140+0000] {processor.py:829} INFO - Processing file /home/airflow/.local/lib/python3.10/site-packages/airflow/example_dags/example_branch_labels.py for tasks to queue
[2026-06-09T10:55:44.150+0000] {logging_mixin.py:154} INFO - [2026-06-09T10:55:44.150+0000] {dagbag.py:536} INFO - Filling up the DagBag from /home/airflow/.local/lib/python3.10/site-packages/airflow/example_dags/example_branch_labels.py
[2026-06-09T10:55:44.196+0000] {processor.py:839} INFO - DAG(s) dict_keys(['example_branch_labels']) retrieved from /home/airflow/.local/lib/python3.10/site-packages/airflow/example_dags/example_branch_labels.py
[2026-06-09T10:55:44.233+0000] {logging_mixin.py:154} INFO - [2026-06-09T10:55:44.232+0000] {dag.py:2941} INFO - Sync 1 DAGs
[2026-06-09T10:55:44.270+0000] {logging_mixin.py:154} INFO - [2026-06-09T10:55:44.269+0000] {dag.py:3722} INFO - Setting next_dagrun for example_branch_labels to 2026-06-08T00:00:00+00:00, run_after=2026-06-09T00:00:00+00:00
[2026-06-09T10:55:44.321+0000] {processor.py:179} INFO - Processing /home/airflow/.local/lib/python3.10/site-packages/airflow/example_dags/example_branch_labels.py took 0.207 seconds
[2026-06-09T10:56:14.412+0000] {processor.py:157} INFO - Started process (PID=2153) to work on /home/airflow/.local/lib/python3.10/site-packages/airflow/example_dags/example_branch_labels.py
[2026-06-09T10:56:14.414+0000] {processor.py:829} INFO - Processing file /home/airflow/.local/lib/python3.10/site-packages/airflow/example_dags/example_branch_labels.py for tasks to queue
[2026-06-09T10:56:14.420+0000] {logging_mixin.py:154} INFO - [2026-06-09T10:56:14.419+0000] {dagbag.py:536} INFO - Filling up the DagBag from /home/airflow/.local/lib/python3.10/site-packages/airflow/example_dags/example_branch_labels.py
[2026-06-09T10:56:14.432+0000] {processor.py:839} INFO - DAG(s) dict_keys(['example_branch_labels']) retrieved from /home/airflow/.local/lib/python3.10/site-packages/airflow/example_dags/example_branch_labels.py
[2026-06-09T10:56:14.462+0000] {logging_mixin.py:154} INFO - [2026-06-09T10:56:14.461+0000] {dag.py:2941} INFO - Sync 1 DAGs
[2026-06-09T10:56:14.496+0000] {logging_mixin.py:154} INFO - [2026-06-09T10:56:14.496+0000] {dag.py:3722} INFO - Setting next_dagrun for example_branch_labels to 2026-06-08T00:00:00+00:00, run_after=2026-06-09T00:00:00+00:00
[2026-06-09T10:56:14.519+0000] {processor.py:179} INFO - Processing /home/airflow/.local/lib/python3.10/site-packages/airflow/example_dags/example_branch_labels.py took 0.112 seconds
[2026-06-09T10:56:44.854+0000] {processor.py:157} INFO - Started process (PID=2204) to work on /home/airflow/.local/lib/python3.10/site-packages/airflow/example_dags/example_branch_labels.py
[2026-06-09T10:56:44.855+0000] {processor.py:829} INFO - Processing file /home/airflow/.local/lib/python3.10/site-packages/airflow/example_dags/example_branch_labels.py for tasks to queue
[2026-06-09T10:56:44.858+0000] {logging_mixin.py:154} INFO - [2026-06-09T10:56:44.857+0000] {dagbag.py:536} INFO - Filling up the DagBag from /home/airflow/.local/lib/python3.10/site-packages/airflow/example_dags/example_branch_labels.py
[2026-06-09T10:56:44.871+0000] {processor.py:839} INFO - DAG(s) dict_keys(['example_branch_labels']) retrieved from /home/airflow/.local/lib/python3.10/site-packages/airflow/example_dags/example_branch_labels.py
[2026-06-09T10:56:44.902+0000] {logging_mixin.py:154} INFO - [2026-06-09T10:56:44.901+0000] {dag.py:2941} INFO - Sync 1 DAGs
[2026-06-09T10:56:44.936+0000] {logging_mixin.py:154} INFO - [2026-06-09T10:56:44.936+0000] {dag.py:3722} INFO - Setting next_dagrun for example_branch_labels to 2026-06-08T00:00:00+00:00, run_after=2026-06-09T00:00:00+00:00
[2026-06-09T10:56:44.958+0000] {processor.py:179} INFO - Processing /home/airflow/.local/lib/python3.10/site-packages/airflow/example_dags/example_branch_labels.py took 0.112 seconds
[2026-06-09T10:57:15.567+0000] {processor.py:157} INFO - Started process (PID=2255) to work on /home/airflow/.local/lib/python3.10/site-packages/airflow/example_dags/example_branch_labels.py
[2026-06-09T10:57:15.569+0000] {processor.py:829} INFO - Processing file /home/airflow/.local/lib/python3.10/site-packages/airflow/example_dags/example_branch_labels.py for tasks to queue
[2026-06-09T10:57:15.572+0000] {logging_mixin.py:154} INFO - [2026-06-09T10:57:15.572+0000] {dagbag.py:536} INFO - Filling up the DagBag from /home/airflow/.local/lib/python3.10/site-packages/airflow/example_dags/example_branch_labels.py
[2026-06-09T10:57:15.585+0000] {processor.py:839} INFO - DAG(s) dict_keys(['example_branch_labels']) retrieved from /home/airflow/.local/lib/python3.10/site-packages/airflow/example_dags/example_branch_labels.py
[2026-06-09T10:57:15.616+0000] {logging_mixin.py:154} INFO - [2026-06-09T10:57:15.615+0000] {dag.py:2941} INFO - Sync 1 DAGs
[2026-06-09T10:57:15.651+0000] {logging_mixin.py:154} INFO - [2026-06-09T10:57:15.651+0000] {dag.py:3722} INFO - Setting next_dagrun for example_branch_labels to 2026-06-08T00:00:00+00:00, run_after=2026-06-09T00:00:00+00:00
[2026-06-09T10:57:15.675+0000] {processor.py:179} INFO - Processing /home/airflow/.local/lib/python3.10/site-packages/airflow/example_dags/example_branch_labels.py took 0.112 seconds
[2026-06-09T10:57:45.887+0000] {processor.py:157} INFO - Started process (PID=2307) to work on /home/airflow/.local/lib/python3.10/site-packages/airflow/example_dags/example_branch_labels.py
[2026-06-09T10:57:45.892+0000] {processor.py:829} INFO - Processing file /home/airflow/.local/lib/python3.10/site-packages/airflow/example_dags/example_branch_labels.py for tasks to queue
[2026-06-09T10:57:45.895+0000] {logging_mixin.py:154} INFO - [2026-06-09T10:57:45.895+0000] {dagbag.py:536} INFO - Filling up the DagBag from /home/airflow/.local/lib/python3.10/site-packages/airflow/example_dags/example_branch_labels.py
[2026-06-09T10:57:45.940+0000] {processor.py:839} INFO - DAG(s) dict_keys(['example_branch_labels']) retrieved from /home/airflow/.local/lib/python3.10/site-packages/airflow/example_dags/example_branch_labels.py
[2026-06-09T10:57:46.070+0000] {logging_mixin.py:154} INFO - [2026-06-09T10:57:46.070+0000] {dag.py:2941} INFO - Sync 1 DAGs
[2026-06-09T10:57:46.151+0000] {logging_mixin.py:154} INFO - [2026-06-09T10:57:46.151+0000] {dag.py:3722} INFO - Setting next_dagrun for example_branch_labels to 2026-06-08T00:00:00+00:00, run_after=2026-06-09T00:00:00+00:00
[2026-06-09T10:57:46.221+0000] {processor.py:179} INFO - Processing /home/airflow/.local/lib/python3.10/site-packages/airflow/example_dags/example_branch_labels.py took 0.339 seconds
[2026-06-09T11:00:45.152+0000] {processor.py:157} INFO - Started process (PID=30) to work on /home/airflow/.local/lib/python3.10/site-packages/airflow/example_dags/example_branch_labels.py
[2026-06-09T11:00:45.176+0000] {processor.py:829} INFO - Processing file /home/airflow/.local/lib/python3.10/site-packages/airflow/example_dags/example_branch_labels.py for tasks to queue
[2026-06-09T11:00:45.179+0000] {logging_mixin.py:154} INFO - [2026-06-09T11:00:45.178+0000] {dagbag.py:536} INFO - Filling up the DagBag from /home/airflow/.local/lib/python3.10/site-packages/airflow/example_dags/example_branch_labels.py
[2026-06-09T11:00:45.318+0000] {processor.py:839} INFO - DAG(s) dict_keys(['example_branch_labels']) retrieved from /home/airflow/.local/lib/python3.10/site-packages/airflow/example_dags/example_branch_labels.py
[2026-06-09T11:00:46.209+0000] {logging_mixin.py:154} INFO - [2026-06-09T11:00:46.208+0000] {manager.py:499} INFO - Created Permission View: %s
[2026-06-09T11:00:46.279+0000] {logging_mixin.py:154} INFO - [2026-06-09T11:00:46.279+0000] {manager.py:499} INFO - Created Permission View: %s
[2026-06-09T11:00:46.344+0000] {logging_mixin.py:154} INFO - [2026-06-09T11:00:46.343+0000] {manager.py:499} INFO - Created Permission View: %s
[2026-06-09T11:00:46.363+0000] {logging_mixin.py:154} INFO - [2026-06-09T11:00:46.362+0000] {dag.py:2941} INFO - Sync 1 DAGs
[2026-06-09T11:00:46.548+0000] {logging_mixin.py:154} INFO - [2026-06-09T11:00:46.548+0000] {dag.py:2963} INFO - Creating ORM DAG for example_branch_labels
[2026-06-09T11:00:46.715+0000] {logging_mixin.py:154} INFO - [2026-06-09T11:00:46.715+0000] {dag.py:3722} INFO - Setting next_dagrun for example_branch_labels to 2026-06-08T00:00:00+00:00, run_after=2026-06-09T00:00:00+00:00
[2026-06-09T11:00:46.858+0000] {processor.py:179} INFO - Processing /home/airflow/.local/lib/python3.10/site-packages/airflow/example_dags/example_branch_labels.py took 1.747 seconds
[2026-06-09T11:01:20.997+0000] {processor.py:157} INFO - Started process (PID=81) to work on /home/airflow/.local/lib/python3.10/site-packages/airflow/example_dags/example_branch_labels.py
[2026-06-09T11:01:20.999+0000] {processor.py:829} INFO - Processing file /home/airflow/.local/lib/python3.10/site-packages/airflow/example_dags/example_branch_labels.py for tasks to queue
[2026-06-09T11:01:21.002+0000] {logging_mixin.py:154} INFO - [2026-06-09T11:01:21.001+0000] {dagbag.py:536} INFO - Filling up the DagBag from /home/airflow/.local/lib/python3.10/site-packages/airflow/example_dags/example_branch_labels.py
[2026-06-09T11:01:21.015+0000] {processor.py:839} INFO - DAG(s) dict_keys(['example_branch_labels']) retrieved from /home/airflow/.local/lib/python3.10/site-packages/airflow/example_dags/example_branch_labels.py
[2026-06-09T11:01:21.080+0000] {logging_mixin.py:154} INFO - [2026-06-09T11:01:21.079+0000] {dag.py:2941} INFO - Sync 1 DAGs
[2026-06-09T11:01:21.167+0000] {logging_mixin.py:154} INFO - [2026-06-09T11:01:21.162+0000] {dag.py:3722} INFO - Setting next_dagrun for example_branch_labels to 2026-06-08T00:00:00+00:00, run_after=2026-06-09T00:00:00+00:00
[2026-06-09T11:01:21.257+0000] {processor.py:179} INFO - Processing /home/airflow/.local/lib/python3.10/site-packages/airflow/example_dags/example_branch_labels.py took 0.266 seconds
[2026-06-09T11:01:52.824+0000] {processor.py:157} INFO - Started process (PID=132) to work on /home/airflow/.local/lib/python3.10/site-packages/airflow/example_dags/example_branch_labels.py
[2026-06-09T11:01:52.834+0000] {processor.py:829} INFO - Processing file /home/airflow/.local/lib/python3.10/site-packages/airflow/example_dags/example_branch_labels.py for tasks to queue
[2026-06-09T11:01:52.836+0000] {logging_mixin.py:154} INFO - [2026-06-09T11:01:52.836+0000] {dagbag.py:536} INFO - Filling up the DagBag from /home/airflow/.local/lib/python3.10/site-packages/airflow/example_dags/example_branch_labels.py
[2026-06-09T11:01:52.878+0000] {processor.py:839} INFO - DAG(s) dict_keys(['example_branch_labels']) retrieved from /home/airflow/.local/lib/python3.10/site-packages/airflow/example_dags/example_branch_labels.py
[2026-06-09T11:01:52.960+0000] {logging_mixin.py:154} INFO - [2026-06-09T11:01:52.957+0000] {dag.py:2941} INFO - Sync 1 DAGs
[2026-06-09T11:01:53.021+0000] {logging_mixin.py:154} INFO - [2026-06-09T11:01:53.020+0000] {dag.py:3722} INFO - Setting next_dagrun for example_branch_labels to 2026-06-08T00:00:00+00:00, run_after=2026-06-09T00:00:00+00:00
[2026-06-09T11:01:53.045+0000] {processor.py:179} INFO - Processing /home/airflow/.local/lib/python3.10/site-packages/airflow/example_dags/example_branch_labels.py took 0.226 seconds
[2026-06-09T11:02:25.945+0000] {processor.py:157} INFO - Started process (PID=183) to work on /home/airflow/.local/lib/python3.10/site-packages/airflow/example_dags/example_branch_labels.py
[2026-06-09T11:02:25.960+0000] {processor.py:829} INFO - Processing file /home/airflow/.local/lib/python3.10/site-packages/airflow/example_dags/example_branch_labels.py for tasks to queue
[2026-06-09T11:02:25.967+0000] {logging_mixin.py:154} INFO - [2026-06-09T11:02:25.966+0000] {dagbag.py:536} INFO - Filling up the DagBag from /home/airflow/.local/lib/python3.10/site-packages/airflow/example_dags/example_branch_labels.py
[2026-06-09T11:02:26.004+0000] {processor.py:839} INFO - DAG(s) dict_keys(['example_branch_labels']) retrieved from /home/airflow/.local/lib/python3.10/site-packages/airflow/example_dags/example_branch_labels.py
[2026-06-09T11:02:26.120+0000] {logging_mixin.py:154} INFO - [2026-06-09T11:02:26.119+0000] {dag.py:2941} INFO - Sync 1 DAGs
[2026-06-09T11:02:26.207+0000] {logging_mixin.py:154} INFO - [2026-06-09T11:02:26.202+0000] {dag.py:3722} INFO - Setting next_dagrun for example_branch_labels to 2026-06-08T00:00:00+00:00, run_after=2026-06-09T00:00:00+00:00
[2026-06-09T11:02:26.327+0000] {processor.py:179} INFO - Processing /home/airflow/.local/lib/python3.10/site-packages/airflow/example_dags/example_branch_labels.py took 0.408 seconds
[2026-06-09T11:02:57.122+0000] {processor.py:157} INFO - Started process (PID=234) to work on /home/airflow/.local/lib/python3.10/site-packages/airflow/example_dags/example_branch_labels.py
[2026-06-09T11:02:57.128+0000] {processor.py:829} INFO - Processing file /home/airflow/.local/lib/python3.10/site-packages/airflow/example_dags/example_branch_labels.py for tasks to queue
[2026-06-09T11:02:57.132+0000] {logging_mixin.py:154} INFO - [2026-06-09T11:02:57.132+0000] {dagbag.py:536} INFO - Filling up the DagBag from /home/airflow/.local/lib/python3.10/site-packages/airflow/example_dags/example_branch_labels.py
[2026-06-09T11:02:57.169+0000] {processor.py:839} INFO - DAG(s) dict_keys(['example_branch_labels']) retrieved from /home/airflow/.local/lib/python3.10/site-packages/airflow/example_dags/example_branch_labels.py
[2026-06-09T11:02:57.201+0000] {logging_mixin.py:154} INFO - [2026-06-09T11:02:57.200+0000] {dag.py:2941} INFO - Sync 1 DAGs
[2026-06-09T11:02:57.238+0000] {logging_mixin.py:154} INFO - [2026-06-09T11:02:57.237+0000] {dag.py:3722} INFO - Setting next_dagrun for example_branch_labels to 2026-06-08T00:00:00+00:00, run_after=2026-06-09T00:00:00+00:00
[2026-06-09T11:02:57.263+0000] {processor.py:179} INFO - Processing /home/airflow/.local/lib/python3.10/site-packages/airflow/example_dags/example_branch_labels.py took 0.153 seconds
[2026-06-09T11:03:27.781+0000] {processor.py:157} INFO - Started process (PID=281) to work on /home/airflow/.local/lib/python3.10/site-packages/airflow/example_dags/example_branch_labels.py
[2026-06-09T11:03:27.789+0000] {processor.py:829} INFO - Processing file /home/airflow/.local/lib/python3.10/site-packages/airflow/example_dags/example_branch_labels.py for tasks to queue
[2026-06-09T11:03:27.792+0000] {logging_mixin.py:154} INFO - [2026-06-09T11:03:27.791+0000] {dagbag.py:536} INFO - Filling up the DagBag from /home/airflow/.local/lib/python3.10/site-packages/airflow/example_dags/example_branch_labels.py
[2026-06-09T11:03:27.815+0000] {processor.py:839} INFO - DAG(s) dict_keys(['example_branch_labels']) retrieved from /home/airflow/.local/lib/python3.10/site-packages/airflow/example_dags/example_branch_labels.py
[2026-06-09T11:03:27.894+0000] {logging_mixin.py:154} INFO - [2026-06-09T11:03:27.894+0000] {dag.py:2941} INFO - Sync 1 DAGs
[2026-06-09T11:03:27.977+0000] {logging_mixin.py:154} INFO - [2026-06-09T11:03:27.976+0000] {dag.py:3722} INFO - Setting next_dagrun for example_branch_labels to 2026-06-08T00:00:00+00:00, run_after=2026-06-09T00:00:00+00:00
[2026-06-09T11:03:28.021+0000] {processor.py:179} INFO - Processing /home/airflow/.local/lib/python3.10/site-packages/airflow/example_dags/example_branch_labels.py took 0.253 seconds
[2026-06-09T11:03:58.604+0000] {processor.py:157} INFO - Started process (PID=330) to work on /home/airflow/.local/lib/python3.10/site-packages/airflow/example_dags/example_branch_labels.py
[2026-06-09T11:03:58.618+0000] {processor.py:829} INFO - Processing file /home/airflow/.local/lib/python3.10/site-packages/airflow/example_dags/example_branch_labels.py for tasks to queue
[2026-06-09T11:03:58.621+0000] {logging_mixin.py:154} INFO - [2026-06-09T11:03:58.620+0000] {dagbag.py:536} INFO - Filling up the DagBag from /home/airflow/.local/lib/python3.10/site-packages/airflow/example_dags/example_branch_labels.py
[2026-06-09T11:03:58.737+0000] {processor.py:839} INFO - DAG(s) dict_keys(['example_branch_labels']) retrieved from /home/airflow/.local/lib/python3.10/site-packages/airflow/example_dags/example_branch_labels.py
[2026-06-09T11:03:58.858+0000] {logging_mixin.py:154} INFO - [2026-06-09T11:03:58.858+0000] {dag.py:2941} INFO - Sync 1 DAGs
[2026-06-09T11:03:58.962+0000] {logging_mixin.py:154} INFO - [2026-06-09T11:03:58.961+0000] {dag.py:3722} INFO - Setting next_dagrun for example_branch_labels to 2026-06-08T00:00:00+00:00, run_after=2026-06-09T00:00:00+00:00
[2026-06-09T11:03:59.057+0000] {processor.py:179} INFO - Processing /home/airflow/.local/lib/python3.10/site-packages/airflow/example_dags/example_branch_labels.py took 0.497 seconds
[2026-06-09T11:04:29.139+0000] {processor.py:157} INFO - Started process (PID=381) to work on /home/airflow/.local/lib/python3.10/site-packages/airflow/example_dags/example_branch_labels.py
[2026-06-09T11:04:29.140+0000] {processor.py:829} INFO - Processing file /home/airflow/.local/lib/python3.10/site-packages/airflow/example_dags/example_branch_labels.py for tasks to queue
[2026-06-09T11:04:29.144+0000] {logging_mixin.py:154} INFO - [2026-06-09T11:04:29.144+0000] {dagbag.py:536} INFO - Filling up the DagBag from /home/airflow/.local/lib/python3.10/site-packages/airflow/example_dags/example_branch_labels.py
[2026-06-09T11:04:29.162+0000] {processor.py:839} INFO - DAG(s) dict_keys(['example_branch_labels']) retrieved from /home/airflow/.local/lib/python3.10/site-packages/airflow/example_dags/example_branch_labels.py
[2026-06-09T11:04:29.206+0000] {logging_mixin.py:154} INFO - [2026-06-09T11:04:29.206+0000] {dag.py:2941} INFO - Sync 1 DAGs
[2026-06-09T11:04:29.257+0000] {logging_mixin.py:154} INFO - [2026-06-09T11:04:29.257+0000] {dag.py:3722} INFO - Setting next_dagrun for example_branch_labels to 2026-06-08T00:00:00+00:00, run_after=2026-06-09T00:00:00+00:00
[2026-06-09T11:04:29.290+0000] {processor.py:179} INFO - Processing /home/airflow/.local/lib/python3.10/site-packages/airflow/example_dags/example_branch_labels.py took 0.156 seconds
[2026-06-09T11:04:59.691+0000] {processor.py:157} INFO - Started process (PID=432) to work on /home/airflow/.local/lib/python3.10/site-packages/airflow/example_dags/example_branch_labels.py
[2026-06-09T11:04:59.696+0000] {processor.py:829} INFO - Processing file /home/airflow/.local/lib/python3.10/site-packages/airflow/example_dags/example_branch_labels.py for tasks to queue
[2026-06-09T11:04:59.700+0000] {logging_mixin.py:154} INFO - [2026-06-09T11:04:59.699+0000] {dagbag.py:536} INFO - Filling up the DagBag from /home/airflow/.local/lib/python3.10/site-packages/airflow/example_dags/example_branch_labels.py
[2026-06-09T11:04:59.712+0000] {processor.py:839} INFO - DAG(s) dict_keys(['example_branch_labels']) retrieved from /home/airflow/.local/lib/python3.10/site-packages/airflow/example_dags/example_branch_labels.py
[2026-06-09T11:04:59.742+0000] {logging_mixin.py:154} INFO - [2026-06-09T11:04:59.742+0000] {dag.py:2941} INFO - Sync 1 DAGs
[2026-06-09T11:04:59.775+0000] {logging_mixin.py:154} INFO - [2026-06-09T11:04:59.775+0000] {dag.py:3722} INFO - Setting next_dagrun for example_branch_labels to 2026-06-08T00:00:00+00:00, run_after=2026-06-09T00:00:00+00:00
[2026-06-09T11:04:59.795+0000] {processor.py:179} INFO - Processing /home/airflow/.local/lib/python3.10/site-packages/airflow/example_dags/example_branch_labels.py took 0.112 seconds
[2026-06-09T11:05:29.989+0000] {processor.py:157} INFO - Started process (PID=483) to work on /home/airflow/.local/lib/python3.10/site-packages/airflow/example_dags/example_branch_labels.py
[2026-06-09T11:05:29.997+0000] {processor.py:829} INFO - Processing file /home/airflow/.local/lib/python3.10/site-packages/airflow/example_dags/example_branch_labels.py for tasks to queue
[2026-06-09T11:05:30.001+0000] {logging_mixin.py:154} INFO - [2026-06-09T11:05:30.001+0000] {dagbag.py:536} INFO - Filling up the DagBag from /home/airflow/.local/lib/python3.10/site-packages/airflow/example_dags/example_branch_labels.py
[2026-06-09T11:05:30.015+0000] {processor.py:839} INFO - DAG(s) dict_keys(['example_branch_labels']) retrieved from /home/airflow/.local/lib/python3.10/site-packages/airflow/example_dags/example_branch_labels.py
[2026-06-09T11:05:30.062+0000] {logging_mixin.py:154} INFO - [2026-06-09T11:05:30.062+0000] {dag.py:2941} INFO - Sync 1 DAGs
[2026-06-09T11:05:30.105+0000] {logging_mixin.py:154} INFO - [2026-06-09T11:05:30.105+0000] {dag.py:3722} INFO - Setting next_dagrun for example_branch_labels to 2026-06-08T00:00:00+00:00, run_after=2026-06-09T00:00:00+00:00
[2026-06-09T11:05:30.183+0000] {processor.py:179} INFO - Processing /home/airflow/.local/lib/python3.10/site-packages/airflow/example_dags/example_branch_labels.py took 0.200 seconds
[2026-06-09T11:06:00.907+0000] {processor.py:157} INFO - Started process (PID=534) to work on /home/airflow/.local/lib/python3.10/site-packages/airflow/example_dags/example_branch_labels.py
[2026-06-09T11:06:00.909+0000] {processor.py:829} INFO - Processing file /home/airflow/.local/lib/python3.10/site-packages/airflow/example_dags/example_branch_labels.py for tasks to queue
[2026-06-09T11:06:00.912+0000] {logging_mixin.py:154} INFO - [2026-06-09T11:06:00.911+0000] {dagbag.py:536} INFO - Filling up the DagBag from /home/airflow/.local/lib/python3.10/site-packages/airflow/example_dags/example_branch_labels.py
[2026-06-09T11:06:00.936+0000] {processor.py:839} INFO - DAG(s) dict_keys(['example_branch_labels']) retrieved from /home/airflow/.local/lib/python3.10/site-packages/airflow/example_dags/example_branch_labels.py
[2026-06-09T11:06:01.013+0000] {logging_mixin.py:154} INFO - [2026-06-09T11:06:01.009+0000] {dag.py:2941} INFO - Sync 1 DAGs
[2026-06-09T11:06:01.166+0000] {logging_mixin.py:154} INFO - [2026-06-09T11:06:01.165+0000] {dag.py:3722} INFO - Setting next_dagrun for example_branch_labels to 2026-06-08T00:00:00+00:00, run_after=2026-06-09T00:00:00+00:00
[2026-06-09T11:06:01.439+0000] {processor.py:179} INFO - Processing /home/airflow/.local/lib/python3.10/site-packages/airflow/example_dags/example_branch_labels.py took 0.545 seconds
[2026-06-09T11:06:31.580+0000] {processor.py:157} INFO - Started process (PID=585) to work on /home/airflow/.local/lib/python3.10/site-packages/airflow/example_dags/example_branch_labels.py
[2026-06-09T11:06:31.582+0000] {processor.py:829} INFO - Processing file /home/airflow/.local/lib/python3.10/site-packages/airflow/example_dags/example_branch_labels.py for tasks to queue
[2026-06-09T11:06:31.588+0000] {logging_mixin.py:154} INFO - [2026-06-09T11:06:31.587+0000] {dagbag.py:536} INFO - Filling up the DagBag from /home/airflow/.local/lib/python3.10/site-packages/airflow/example_dags/example_branch_labels.py
[2026-06-09T11:06:31.610+0000] {processor.py:839} INFO - DAG(s) dict_keys(['example_branch_labels']) retrieved from /home/airflow/.local/lib/python3.10/site-packages/airflow/example_dags/example_branch_labels.py
[2026-06-09T11:06:31.642+0000] {logging_mixin.py:154} INFO - [2026-06-09T11:06:31.641+0000] {dag.py:2941} INFO - Sync 1 DAGs
[2026-06-09T11:06:31.673+0000] {logging_mixin.py:154} INFO - [2026-06-09T11:06:31.673+0000] {dag.py:3722} INFO - Setting next_dagrun for example_branch_labels to 2026-06-08T00:00:00+00:00, run_after=2026-06-09T00:00:00+00:00
[2026-06-09T11:06:31.693+0000] {processor.py:179} INFO - Processing /home/airflow/.local/lib/python3.10/site-packages/airflow/example_dags/example_branch_labels.py took 0.149 seconds
[2026-06-09T11:07:02.229+0000] {processor.py:157} INFO - Started process (PID=636) to work on /home/airflow/.local/lib/python3.10/site-packages/airflow/example_dags/example_branch_labels.py
[2026-06-09T11:07:02.252+0000] {processor.py:829} INFO - Processing file /home/airflow/.local/lib/python3.10/site-packages/airflow/example_dags/example_branch_labels.py for tasks to queue
[2026-06-09T11:07:02.254+0000] {logging_mixin.py:154} INFO - [2026-06-09T11:07:02.254+0000] {dagbag.py:536} INFO - Filling up the DagBag from /home/airflow/.local/lib/python3.10/site-packages/airflow/example_dags/example_branch_labels.py
[2026-06-09T11:07:02.272+0000] {processor.py:839} INFO - DAG(s) dict_keys(['example_branch_labels']) retrieved from /home/airflow/.local/lib/python3.10/site-packages/airflow/example_dags/example_branch_labels.py
[2026-06-09T11:07:02.302+0000] {logging_mixin.py:154} INFO - [2026-06-09T11:07:02.302+0000] {dag.py:2941} INFO - Sync 1 DAGs
[2026-06-09T11:07:02.338+0000] {logging_mixin.py:154} INFO - [2026-06-09T11:07:02.338+0000] {dag.py:3722} INFO - Setting next_dagrun for example_branch_labels to 2026-06-08T00:00:00+00:00, run_after=2026-06-09T00:00:00+00:00
[2026-06-09T11:07:02.394+0000] {processor.py:179} INFO - Processing /home/airflow/.local/lib/python3.10/site-packages/airflow/example_dags/example_branch_labels.py took 0.181 seconds
[2026-06-09T11:07:32.525+0000] {processor.py:157} INFO - Started process (PID=687) to work on /home/airflow/.local/lib/python3.10/site-packages/airflow/example_dags/example_branch_labels.py
[2026-06-09T11:07:32.526+0000] {processor.py:829} INFO - Processing file /home/airflow/.local/lib/python3.10/site-packages/airflow/example_dags/example_branch_labels.py for tasks to queue
[2026-06-09T11:07:32.529+0000] {logging_mixin.py:154} INFO - [2026-06-09T11:07:32.529+0000] {dagbag.py:536} INFO - Filling up the DagBag from /home/airflow/.local/lib/python3.10/site-packages/airflow/example_dags/example_branch_labels.py
[2026-06-09T11:07:32.545+0000] {processor.py:839} INFO - DAG(s) dict_keys(['example_branch_labels']) retrieved from /home/airflow/.local/lib/python3.10/site-packages/airflow/example_dags/example_branch_labels.py
[2026-06-09T11:07:32.634+0000] {logging_mixin.py:154} INFO - [2026-06-09T11:07:32.634+0000] {dag.py:2941} INFO - Sync 1 DAGs
[2026-06-09T11:07:33.375+0000] {logging_mixin.py:154} INFO - [2026-06-09T11:07:33.375+0000] {dag.py:3722} INFO - Setting next_dagrun for example_branch_labels to 2026-06-08T00:00:00+00:00, run_after=2026-06-09T00:00:00+00:00
[2026-06-09T11:07:33.428+0000] {processor.py:179} INFO - Processing /home/airflow/.local/lib/python3.10/site-packages/airflow/example_dags/example_branch_labels.py took 0.933 seconds
[2026-06-09T11:08:04.214+0000] {processor.py:157} INFO - Started process (PID=738) to work on /home/airflow/.local/lib/python3.10/site-packages/airflow/example_dags/example_branch_labels.py
[2026-06-09T11:08:04.224+0000] {processor.py:829} INFO - Processing file /home/airflow/.local/lib/python3.10/site-packages/airflow/example_dags/example_branch_labels.py for tasks to queue
[2026-06-09T11:08:04.227+0000] {logging_mixin.py:154} INFO - [2026-06-09T11:08:04.226+0000] {dagbag.py:536} INFO - Filling up the DagBag from /home/airflow/.local/lib/python3.10/site-packages/airflow/example_dags/example_branch_labels.py
[2026-06-09T11:08:04.270+0000] {processor.py:839} INFO - DAG(s) dict_keys(['example_branch_labels']) retrieved from /home/airflow/.local/lib/python3.10/site-packages/airflow/example_dags/example_branch_labels.py
[2026-06-09T11:08:04.386+0000] {logging_mixin.py:154} INFO - [2026-06-09T11:08:04.386+0000] {dag.py:2941} INFO - Sync 1 DAGs
[2026-06-09T11:08:04.493+0000] {logging_mixin.py:154} INFO - [2026-06-09T11:08:04.493+0000] {dag.py:3722} INFO - Setting next_dagrun for example_branch_labels to 2026-06-08T00:00:00+00:00, run_after=2026-06-09T00:00:00+00:00
[2026-06-09T11:08:04.546+0000] {processor.py:179} INFO - Processing /home/airflow/.local/lib/python3.10/site-packages/airflow/example_dags/example_branch_labels.py took 0.354 seconds
[2026-06-09T11:08:35.460+0000] {processor.py:157} INFO - Started process (PID=789) to work on /home/airflow/.local/lib/python3.10/site-packages/airflow/example_dags/example_branch_labels.py
[2026-06-09T11:08:35.461+0000] {processor.py:829} INFO - Processing file /home/airflow/.local/lib/python3.10/site-packages/airflow/example_dags/example_branch_labels.py for tasks to queue
[2026-06-09T11:08:35.465+0000] {logging_mixin.py:154} INFO - [2026-06-09T11:08:35.464+0000] {dagbag.py:536} INFO - Filling up the DagBag from /home/airflow/.local/lib/python3.10/site-packages/airflow/example_dags/example_branch_labels.py
[2026-06-09T11:08:35.494+0000] {processor.py:839} INFO - DAG(s) dict_keys(['example_branch_labels']) retrieved from /home/airflow/.local/lib/python3.10/site-packages/airflow/example_dags/example_branch_labels.py
[2026-06-09T11:08:35.564+0000] {logging_mixin.py:154} INFO - [2026-06-09T11:08:35.563+0000] {dag.py:2941} INFO - Sync 1 DAGs
[2026-06-09T11:08:35.631+0000] {logging_mixin.py:154} INFO - [2026-06-09T11:08:35.631+0000] {dag.py:3722} INFO - Setting next_dagrun for example_branch_labels to 2026-06-08T00:00:00+00:00, run_after=2026-06-09T00:00:00+00:00
[2026-06-09T11:08:35.704+0000] {processor.py:179} INFO - Processing /home/airflow/.local/lib/python3.10/site-packages/airflow/example_dags/example_branch_labels.py took 0.273 seconds
[2026-06-09T11:09:06.212+0000] {processor.py:157} INFO - Started process (PID=840) to work on /home/airflow/.local/lib/python3.10/site-packages/airflow/example_dags/example_branch_labels.py
[2026-06-09T11:09:06.218+0000] {processor.py:829} INFO - Processing file /home/airflow/.local/lib/python3.10/site-packages/airflow/example_dags/example_branch_labels.py for tasks to queue
[2026-06-09T11:09:06.221+0000] {logging_mixin.py:154} INFO - [2026-06-09T11:09:06.221+0000] {dagbag.py:536} INFO - Filling up the DagBag from /home/airflow/.local/lib/python3.10/site-packages/airflow/example_dags/example_branch_labels.py
[2026-06-09T11:09:06.252+0000] {processor.py:839} INFO - DAG(s) dict_keys(['example_branch_labels']) retrieved from /home/airflow/.local/lib/python3.10/site-packages/airflow/example_dags/example_branch_labels.py
[2026-06-09T11:09:06.343+0000] {logging_mixin.py:154} INFO - [2026-06-09T11:09:06.343+0000] {dag.py:2941} INFO - Sync 1 DAGs
[2026-06-09T11:09:06.718+0000] {logging_mixin.py:154} INFO - [2026-06-09T11:09:06.717+0000] {dag.py:3722} INFO - Setting next_dagrun for example_branch_labels to 2026-06-08T00:00:00+00:00, run_after=2026-06-09T00:00:00+00:00
[2026-06-09T11:09:06.750+0000] {processor.py:179} INFO - Processing /home/airflow/.local/lib/python3.10/site-packages/airflow/example_dags/example_branch_labels.py took 0.555 seconds
[2026-06-09T11:09:37.213+0000] {processor.py:157} INFO - Started process (PID=891) to work on /home/airflow/.local/lib/python3.10/site-packages/airflow/example_dags/example_branch_labels.py
[2026-06-09T11:09:37.221+0000] {processor.py:829} INFO - Processing file /home/airflow/.local/lib/python3.10/site-packages/airflow/example_dags/example_branch_labels.py for tasks to queue
[2026-06-09T11:09:37.224+0000] {logging_mixin.py:154} INFO - [2026-06-09T11:09:37.224+0000] {dagbag.py:536} INFO - Filling up the DagBag from /home/airflow/.local/lib/python3.10/site-packages/airflow/example_dags/example_branch_labels.py
[2026-06-09T11:09:37.236+0000] {processor.py:839} INFO - DAG(s) dict_keys(['example_branch_labels']) retrieved from /home/airflow/.local/lib/python3.10/site-packages/airflow/example_dags/example_branch_labels.py
[2026-06-09T11:09:37.265+0000] {logging_mixin.py:154} INFO - [2026-06-09T11:09:37.265+0000] {dag.py:2941} INFO - Sync 1 DAGs
[2026-06-09T11:09:37.534+0000] {logging_mixin.py:154} INFO - [2026-06-09T11:09:37.533+0000] {dag.py:3722} INFO - Setting next_dagrun for example_branch_labels to 2026-06-08T00:00:00+00:00, run_after=2026-06-09T00:00:00+00:00
[2026-06-09T11:09:37.583+0000] {processor.py:179} INFO - Processing /home/airflow/.local/lib/python3.10/site-packages/airflow/example_dags/example_branch_labels.py took 0.373 seconds
[2026-06-09T11:10:07.683+0000] {processor.py:157} INFO - Started process (PID=942) to work on /home/airflow/.local/lib/python3.10/site-packages/airflow/example_dags/example_branch_labels.py
[2026-06-09T11:10:07.685+0000] {processor.py:829} INFO - Processing file /home/airflow/.local/lib/python3.10/site-packages/airflow/example_dags/example_branch_labels.py for tasks to queue
[2026-06-09T11:10:07.688+0000] {logging_mixin.py:154} INFO - [2026-06-09T11:10:07.687+0000] {dagbag.py:536} INFO - Filling up the DagBag from /home/airflow/.local/lib/python3.10/site-packages/airflow/example_dags/example_branch_labels.py
[2026-06-09T11:10:07.712+0000] {processor.py:839} INFO - DAG(s) dict_keys(['example_branch_labels']) retrieved from /home/airflow/.local/lib/python3.10/site-packages/airflow/example_dags/example_branch_labels.py
[2026-06-09T11:10:07.838+0000] {logging_mixin.py:154} INFO - [2026-06-09T11:10:07.838+0000] {dag.py:2941} INFO - Sync 1 DAGs
[2026-06-09T11:10:07.922+0000] {logging_mixin.py:154} INFO - [2026-06-09T11:10:07.922+0000] {dag.py:3722} INFO - Setting next_dagrun for example_branch_labels to 2026-06-08T00:00:00+00:00, run_after=2026-06-09T00:00:00+00:00
[2026-06-09T11:10:07.996+0000] {processor.py:179} INFO - Processing /home/airflow/.local/lib/python3.10/site-packages/airflow/example_dags/example_branch_labels.py took 0.317 seconds
[2026-06-09T11:10:38.770+0000] {processor.py:157} INFO - Started process (PID=993) to work on /home/airflow/.local/lib/python3.10/site-packages/airflow/example_dags/example_branch_labels.py
[2026-06-09T11:10:38.772+0000] {processor.py:829} INFO - Processing file /home/airflow/.local/lib/python3.10/site-packages/airflow/example_dags/example_branch_labels.py for tasks to queue
[2026-06-09T11:10:38.775+0000] {logging_mixin.py:154} INFO - [2026-06-09T11:10:38.774+0000] {dagbag.py:536} INFO - Filling up the DagBag from /home/airflow/.local/lib/python3.10/site-packages/airflow/example_dags/example_branch_labels.py
[2026-06-09T11:10:38.788+0000] {processor.py:839} INFO - DAG(s) dict_keys(['example_branch_labels']) retrieved from /home/airflow/.local/lib/python3.10/site-packages/airflow/example_dags/example_branch_labels.py
[2026-06-09T11:10:38.821+0000] {logging_mixin.py:154} INFO - [2026-06-09T11:10:38.821+0000] {dag.py:2941} INFO - Sync 1 DAGs
[2026-06-09T11:10:38.862+0000] {logging_mixin.py:154} INFO - [2026-06-09T11:10:38.861+0000] {dag.py:3722} INFO - Setting next_dagrun for example_branch_labels to 2026-06-08T00:00:00+00:00, run_after=2026-06-09T00:00:00+00:00
[2026-06-09T11:10:38.884+0000] {processor.py:179} INFO - Processing /home/airflow/.local/lib/python3.10/site-packages/airflow/example_dags/example_branch_labels.py took 0.125 seconds
[2026-06-09T11:11:09.227+0000] {processor.py:157} INFO - Started process (PID=1044) to work on /home/airflow/.local/lib/python3.10/site-packages/airflow/example_dags/example_branch_labels.py
[2026-06-09T11:11:09.229+0000] {processor.py:829} INFO - Processing file /home/airflow/.local/lib/python3.10/site-packages/airflow/example_dags/example_branch_labels.py for tasks to queue
[2026-06-09T11:11:09.232+0000] {logging_mixin.py:154} INFO - [2026-06-09T11:11:09.231+0000] {dagbag.py:536} INFO - Filling up the DagBag from /home/airflow/.local/lib/python3.10/site-packages/airflow/example_dags/example_branch_labels.py
[2026-06-09T11:11:09.245+0000] {processor.py:839} INFO - DAG(s) dict_keys(['example_branch_labels']) retrieved from /home/airflow/.local/lib/python3.10/site-packages/airflow/example_dags/example_branch_labels.py
[2026-06-09T11:11:09.277+0000] {logging_mixin.py:154} INFO - [2026-06-09T11:11:09.277+0000] {dag.py:2941} INFO - Sync 1 DAGs
[2026-06-09T11:11:09.312+0000] {logging_mixin.py:154} INFO - [2026-06-09T11:11:09.311+0000] {dag.py:3722} INFO - Setting next_dagrun for example_branch_labels to 2026-06-08T00:00:00+00:00, run_after=2026-06-09T00:00:00+00:00
[2026-06-09T11:11:09.334+0000] {processor.py:179} INFO - Processing /home/airflow/.local/lib/python3.10/site-packages/airflow/example_dags/example_branch_labels.py took 0.112 seconds
[2026-06-09T11:11:40.233+0000] {processor.py:157} INFO - Started process (PID=1095) to work on /home/airflow/.local/lib/python3.10/site-packages/airflow/example_dags/example_branch_labels.py
[2026-06-09T11:11:40.247+0000] {processor.py:829} INFO - Processing file /home/airflow/.local/lib/python3.10/site-packages/airflow/example_dags/example_branch_labels.py for tasks to queue
[2026-06-09T11:11:40.250+0000] {logging_mixin.py:154} INFO - [2026-06-09T11:11:40.249+0000] {dagbag.py:536} INFO - Filling up the DagBag from /home/airflow/.local/lib/python3.10/site-packages/airflow/example_dags/example_branch_labels.py
[2026-06-09T11:11:40.282+0000] {processor.py:839} INFO - DAG(s) dict_keys(['example_branch_labels']) retrieved from /home/airflow/.local/lib/python3.10/site-packages/airflow/example_dags/example_branch_labels.py
[2026-06-09T11:11:40.364+0000] {logging_mixin.py:154} INFO - [2026-06-09T11:11:40.364+0000] {dag.py:2941} INFO - Sync 1 DAGs
[2026-06-09T11:11:40.473+0000] {logging_mixin.py:154} INFO - [2026-06-09T11:11:40.473+0000] {dag.py:3722} INFO - Setting next_dagrun for example_branch_labels to 2026-06-08T00:00:00+00:00, run_after=2026-06-09T00:00:00+00:00
[2026-06-09T11:11:40.594+0000] {processor.py:179} INFO - Processing /home/airflow/.local/lib/python3.10/site-packages/airflow/example_dags/example_branch_labels.py took 0.407 seconds
[2026-06-09T11:12:11.635+0000] {processor.py:157} INFO - Started process (PID=1146) to work on /home/airflow/.local/lib/python3.10/site-packages/airflow/example_dags/example_branch_labels.py
[2026-06-09T11:12:11.646+0000] {processor.py:829} INFO - Processing file /home/airflow/.local/lib/python3.10/site-packages/airflow/example_dags/example_branch_labels.py for tasks to queue
[2026-06-09T11:12:11.648+0000] {logging_mixin.py:154} INFO - [2026-06-09T11:12:11.648+0000] {dagbag.py:536} INFO - Filling up the DagBag from /home/airflow/.local/lib/python3.10/site-packages/airflow/example_dags/example_branch_labels.py
[2026-06-09T11:12:11.692+0000] {processor.py:839} INFO - DAG(s) dict_keys(['example_branch_labels']) retrieved from /home/airflow/.local/lib/python3.10/site-packages/airflow/example_dags/example_branch_labels.py
[2026-06-09T11:12:11.762+0000] {logging_mixin.py:154} INFO - [2026-06-09T11:12:11.762+0000] {dag.py:2941} INFO - Sync 1 DAGs
[2026-06-09T11:12:11.818+0000] {logging_mixin.py:154} INFO - [2026-06-09T11:12:11.818+0000] {dag.py:3722} INFO - Setting next_dagrun for example_branch_labels to 2026-06-08T00:00:00+00:00, run_after=2026-06-09T00:00:00+00:00
[2026-06-09T11:12:11.916+0000] {processor.py:179} INFO - Processing /home/airflow/.local/lib/python3.10/site-packages/airflow/example_dags/example_branch_labels.py took 0.298 seconds
[2026-06-09T11:12:42.080+0000] {processor.py:157} INFO - Started process (PID=1197) to work on /home/airflow/.local/lib/python3.10/site-packages/airflow/example_dags/example_branch_labels.py
[2026-06-09T11:12:42.083+0000] {processor.py:829} INFO - Processing file /home/airflow/.local/lib/python3.10/site-packages/airflow/example_dags/example_branch_labels.py for tasks to queue
[2026-06-09T11:12:42.086+0000] {logging_mixin.py:154} INFO - [2026-06-09T11:12:42.085+0000] {dagbag.py:536} INFO - Filling up the DagBag from /home/airflow/.local/lib/python3.10/site-packages/airflow/example_dags/example_branch_labels.py
[2026-06-09T11:12:42.109+0000] {processor.py:839} INFO - DAG(s) dict_keys(['example_branch_labels']) retrieved from /home/airflow/.local/lib/python3.10/site-packages/airflow/example_dags/example_branch_labels.py
[2026-06-09T11:12:42.139+0000] {logging_mixin.py:154} INFO - [2026-06-09T11:12:42.139+0000] {dag.py:2941} INFO - Sync 1 DAGs
[2026-06-09T11:12:42.175+0000] {logging_mixin.py:154} INFO - [2026-06-09T11:12:42.174+0000] {dag.py:3722} INFO - Setting next_dagrun for example_branch_labels to 2026-06-08T00:00:00+00:00, run_after=2026-06-09T00:00:00+00:00
[2026-06-09T11:12:42.197+0000] {processor.py:179} INFO - Processing /home/airflow/.local/lib/python3.10/site-packages/airflow/example_dags/example_branch_labels.py took 0.122 seconds
[2026-06-09T11:13:12.449+0000] {processor.py:157} INFO - Started process (PID=1248) to work on /home/airflow/.local/lib/python3.10/site-packages/airflow/example_dags/example_branch_labels.py
[2026-06-09T11:13:12.456+0000] {processor.py:829} INFO - Processing file /home/airflow/.local/lib/python3.10/site-packages/airflow/example_dags/example_branch_labels.py for tasks to queue
[2026-06-09T11:13:12.459+0000] {logging_mixin.py:154} INFO - [2026-06-09T11:13:12.458+0000] {dagbag.py:536} INFO - Filling up the DagBag from /home/airflow/.local/lib/python3.10/site-packages/airflow/example_dags/example_branch_labels.py
[2026-06-09T11:13:12.479+0000] {processor.py:839} INFO - DAG(s) dict_keys(['example_branch_labels']) retrieved from /home/airflow/.local/lib/python3.10/site-packages/airflow/example_dags/example_branch_labels.py
[2026-06-09T11:13:12.542+0000] {logging_mixin.py:154} INFO - [2026-06-09T11:13:12.542+0000] {dag.py:2941} INFO - Sync 1 DAGs
[2026-06-09T11:13:12.601+0000] {logging_mixin.py:154} INFO - [2026-06-09T11:13:12.601+0000] {dag.py:3722} INFO - Setting next_dagrun for example_branch_labels to 2026-06-08T00:00:00+00:00, run_after=2026-06-09T00:00:00+00:00
[2026-06-09T11:13:12.680+0000] {processor.py:179} INFO - Processing /home/airflow/.local/lib/python3.10/site-packages/airflow/example_dags/example_branch_labels.py took 0.251 seconds
[2026-06-09T11:13:43.087+0000] {processor.py:157} INFO - Started process (PID=1299) to work on /home/airflow/.local/lib/python3.10/site-packages/airflow/example_dags/example_branch_labels.py
[2026-06-09T11:13:43.089+0000] {processor.py:829} INFO - Processing file /home/airflow/.local/lib/python3.10/site-packages/airflow/example_dags/example_branch_labels.py for tasks to queue
[2026-06-09T11:13:43.095+0000] {logging_mixin.py:154} INFO - [2026-06-09T11:13:43.095+0000] {dagbag.py:536} INFO - Filling up the DagBag from /home/airflow/.local/lib/python3.10/site-packages/airflow/example_dags/example_branch_labels.py
[2026-06-09T11:13:43.119+0000] {processor.py:839} INFO - DAG(s) dict_keys(['example_branch_labels']) retrieved from /home/airflow/.local/lib/python3.10/site-packages/airflow/example_dags/example_branch_labels.py
[2026-06-09T11:13:43.150+0000] {logging_mixin.py:154} INFO - [2026-06-09T11:13:43.149+0000] {dag.py:2941} INFO - Sync 1 DAGs
[2026-06-09T11:13:43.186+0000] {logging_mixin.py:154} INFO - [2026-06-09T11:13:43.185+0000] {dag.py:3722} INFO - Setting next_dagrun for example_branch_labels to 2026-06-08T00:00:00+00:00, run_after=2026-06-09T00:00:00+00:00
[2026-06-09T11:13:43.229+0000] {processor.py:179} INFO - Processing /home/airflow/.local/lib/python3.10/site-packages/airflow/example_dags/example_branch_labels.py took 0.148 seconds
[2026-06-09T11:14:13.675+0000] {processor.py:157} INFO - Started process (PID=1350) to work on /home/airflow/.local/lib/python3.10/site-packages/airflow/example_dags/example_branch_labels.py
[2026-06-09T11:14:13.681+0000] {processor.py:829} INFO - Processing file /home/airflow/.local/lib/python3.10/site-packages/airflow/example_dags/example_branch_labels.py for tasks to queue
[2026-06-09T11:14:13.694+0000] {logging_mixin.py:154} INFO - [2026-06-09T11:14:13.694+0000] {dagbag.py:536} INFO - Filling up the DagBag from /home/airflow/.local/lib/python3.10/site-packages/airflow/example_dags/example_branch_labels.py
[2026-06-09T11:14:13.742+0000] {processor.py:839} INFO - DAG(s) dict_keys(['example_branch_labels']) retrieved from /home/airflow/.local/lib/python3.10/site-packages/airflow/example_dags/example_branch_labels.py
[2026-06-09T11:14:13.834+0000] {logging_mixin.py:154} INFO - [2026-06-09T11:14:13.834+0000] {dag.py:2941} INFO - Sync 1 DAGs
[2026-06-09T11:14:13.957+0000] {logging_mixin.py:154} INFO - [2026-06-09T11:14:13.956+0000] {dag.py:3722} INFO - Setting next_dagrun for example_branch_labels to 2026-06-08T00:00:00+00:00, run_after=2026-06-09T00:00:00+00:00
[2026-06-09T11:14:14.061+0000] {processor.py:179} INFO - Processing /home/airflow/.local/lib/python3.10/site-packages/airflow/example_dags/example_branch_labels.py took 0.408 seconds
[2026-06-09T11:14:44.813+0000] {processor.py:157} INFO - Started process (PID=1401) to work on /home/airflow/.local/lib/python3.10/site-packages/airflow/example_dags/example_branch_labels.py
[2026-06-09T11:14:44.824+0000] {processor.py:829} INFO - Processing file /home/airflow/.local/lib/python3.10/site-packages/airflow/example_dags/example_branch_labels.py for tasks to queue
[2026-06-09T11:14:44.831+0000] {logging_mixin.py:154} INFO - [2026-06-09T11:14:44.831+0000] {dagbag.py:536} INFO - Filling up the DagBag from /home/airflow/.local/lib/python3.10/site-packages/airflow/example_dags/example_branch_labels.py
[2026-06-09T11:14:44.877+0000] {processor.py:839} INFO - DAG(s) dict_keys(['example_branch_labels']) retrieved from /home/airflow/.local/lib/python3.10/site-packages/airflow/example_dags/example_branch_labels.py
[2026-06-09T11:14:44.938+0000] {logging_mixin.py:154} INFO - [2026-06-09T11:14:44.934+0000] {dag.py:2941} INFO - Sync 1 DAGs
[2026-06-09T11:14:45.026+0000] {logging_mixin.py:154} INFO - [2026-06-09T11:14:45.020+0000] {dag.py:3722} INFO - Setting next_dagrun for example_branch_labels to 2026-06-08T00:00:00+00:00, run_after=2026-06-09T00:00:00+00:00
[2026-06-09T11:14:45.084+0000] {processor.py:179} INFO - Processing /home/airflow/.local/lib/python3.10/site-packages/airflow/example_dags/example_branch_labels.py took 0.293 seconds
[2026-06-09T11:15:15.477+0000] {processor.py:157} INFO - Started process (PID=1447) to work on /home/airflow/.local/lib/python3.10/site-packages/airflow/example_dags/example_branch_labels.py
[2026-06-09T11:15:15.490+0000] {processor.py:829} INFO - Processing file /home/airflow/.local/lib/python3.10/site-packages/airflow/example_dags/example_branch_labels.py for tasks to queue
[2026-06-09T11:15:15.494+0000] {logging_mixin.py:154} INFO - [2026-06-09T11:15:15.493+0000] {dagbag.py:536} INFO - Filling up the DagBag from /home/airflow/.local/lib/python3.10/site-packages/airflow/example_dags/example_branch_labels.py
[2026-06-09T11:15:15.510+0000] {processor.py:839} INFO - DAG(s) dict_keys(['example_branch_labels']) retrieved from /home/airflow/.local/lib/python3.10/site-packages/airflow/example_dags/example_branch_labels.py
[2026-06-09T11:15:15.553+0000] {logging_mixin.py:154} INFO - [2026-06-09T11:15:15.553+0000] {dag.py:2941} INFO - Sync 1 DAGs
[2026-06-09T11:15:15.597+0000] {logging_mixin.py:154} INFO - [2026-06-09T11:15:15.596+0000] {dag.py:3722} INFO - Setting next_dagrun for example_branch_labels to 2026-06-08T00:00:00+00:00, run_after=2026-06-09T00:00:00+00:00
[2026-06-09T11:15:15.649+0000] {processor.py:179} INFO - Processing /home/airflow/.local/lib/python3.10/site-packages/airflow/example_dags/example_branch_labels.py took 0.185 seconds
[2026-06-09T11:15:46.095+0000] {processor.py:157} INFO - Started process (PID=1498) to work on /home/airflow/.local/lib/python3.10/site-packages/airflow/example_dags/example_branch_labels.py
[2026-06-09T11:15:46.096+0000] {processor.py:829} INFO - Processing file /home/airflow/.local/lib/python3.10/site-packages/airflow/example_dags/example_branch_labels.py for tasks to queue
[2026-06-09T11:15:46.098+0000] {logging_mixin.py:154} INFO - [2026-06-09T11:15:46.098+0000] {dagbag.py:536} INFO - Filling up the DagBag from /home/airflow/.local/lib/python3.10/site-packages/airflow/example_dags/example_branch_labels.py
[2026-06-09T11:15:46.108+0000] {processor.py:839} INFO - DAG(s) dict_keys(['example_branch_labels']) retrieved from /home/airflow/.local/lib/python3.10/site-packages/airflow/example_dags/example_branch_labels.py
[2026-06-09T11:15:46.136+0000] {logging_mixin.py:154} INFO - [2026-06-09T11:15:46.136+0000] {dag.py:2941} INFO - Sync 1 DAGs
[2026-06-09T11:15:46.162+0000] {logging_mixin.py:154} INFO - [2026-06-09T11:15:46.161+0000] {dag.py:3722} INFO - Setting next_dagrun for example_branch_labels to 2026-06-08T00:00:00+00:00, run_after=2026-06-09T00:00:00+00:00
[2026-06-09T11:15:46.180+0000] {processor.py:179} INFO - Processing /home/airflow/.local/lib/python3.10/site-packages/airflow/example_dags/example_branch_labels.py took 0.089 seconds
[2026-06-09T11:16:16.965+0000] {processor.py:157} INFO - Started process (PID=1548) to work on /home/airflow/.local/lib/python3.10/site-packages/airflow/example_dags/example_branch_labels.py
[2026-06-09T11:16:16.968+0000] {processor.py:829} INFO - Processing file /home/airflow/.local/lib/python3.10/site-packages/airflow/example_dags/example_branch_labels.py for tasks to queue
[2026-06-09T11:16:16.971+0000] {logging_mixin.py:154} INFO - [2026-06-09T11:16:16.970+0000] {dagbag.py:536} INFO - Filling up the DagBag from /home/airflow/.local/lib/python3.10/site-packages/airflow/example_dags/example_branch_labels.py
[2026-06-09T11:16:16.984+0000] {processor.py:839} INFO - DAG(s) dict_keys(['example_branch_labels']) retrieved from /home/airflow/.local/lib/python3.10/site-packages/airflow/example_dags/example_branch_labels.py
[2026-06-09T11:16:17.016+0000] {logging_mixin.py:154} INFO - [2026-06-09T11:16:17.016+0000] {dag.py:2941} INFO - Sync 1 DAGs
[2026-06-09T11:16:17.070+0000] {logging_mixin.py:154} INFO - [2026-06-09T11:16:17.070+0000] {dag.py:3722} INFO - Setting next_dagrun for example_branch_labels to 2026-06-08T00:00:00+00:00, run_after=2026-06-09T00:00:00+00:00
[2026-06-09T11:16:17.096+0000] {processor.py:179} INFO - Processing /home/airflow/.local/lib/python3.10/site-packages/airflow/example_dags/example_branch_labels.py took 0.137 seconds
[2026-06-09T11:16:47.289+0000] {processor.py:157} INFO - Started process (PID=1597) to work on /home/airflow/.local/lib/python3.10/site-packages/airflow/example_dags/example_branch_labels.py
[2026-06-09T11:16:47.295+0000] {processor.py:829} INFO - Processing file /home/airflow/.local/lib/python3.10/site-packages/airflow/example_dags/example_branch_labels.py for tasks to queue
[2026-06-09T11:16:47.298+0000] {logging_mixin.py:154} INFO - [2026-06-09T11:16:47.297+0000] {dagbag.py:536} INFO - Filling up the DagBag from /home/airflow/.local/lib/python3.10/site-packages/airflow/example_dags/example_branch_labels.py
[2026-06-09T11:16:47.310+0000] {processor.py:839} INFO - DAG(s) dict_keys(['example_branch_labels']) retrieved from /home/airflow/.local/lib/python3.10/site-packages/airflow/example_dags/example_branch_labels.py
[2026-06-09T11:16:47.341+0000] {logging_mixin.py:154} INFO - [2026-06-09T11:16:47.341+0000] {dag.py:2941} INFO - Sync 1 DAGs
[2026-06-09T11:16:47.376+0000] {logging_mixin.py:154} INFO - [2026-06-09T11:16:47.375+0000] {dag.py:3722} INFO - Setting next_dagrun for example_branch_labels to 2026-06-08T00:00:00+00:00, run_after=2026-06-09T00:00:00+00:00
[2026-06-09T11:16:47.414+0000] {processor.py:179} INFO - Processing /home/airflow/.local/lib/python3.10/site-packages/airflow/example_dags/example_branch_labels.py took 0.130 seconds
[2026-06-09T11:17:17.579+0000] {processor.py:157} INFO - Started process (PID=1648) to work on /home/airflow/.local/lib/python3.10/site-packages/airflow/example_dags/example_branch_labels.py
[2026-06-09T11:17:17.581+0000] {processor.py:829} INFO - Processing file /home/airflow/.local/lib/python3.10/site-packages/airflow/example_dags/example_branch_labels.py for tasks to queue
[2026-06-09T11:17:17.586+0000] {logging_mixin.py:154} INFO - [2026-06-09T11:17:17.585+0000] {dagbag.py:536} INFO - Filling up the DagBag from /home/airflow/.local/lib/python3.10/site-packages/airflow/example_dags/example_branch_labels.py
[2026-06-09T11:17:17.598+0000] {processor.py:839} INFO - DAG(s) dict_keys(['example_branch_labels']) retrieved from /home/airflow/.local/lib/python3.10/site-packages/airflow/example_dags/example_branch_labels.py
[2026-06-09T11:17:17.628+0000] {logging_mixin.py:154} INFO - [2026-06-09T11:17:17.628+0000] {dag.py:2941} INFO - Sync 1 DAGs
[2026-06-09T11:17:17.664+0000] {logging_mixin.py:154} INFO - [2026-06-09T11:17:17.664+0000] {dag.py:3722} INFO - Setting next_dagrun for example_branch_labels to 2026-06-08T00:00:00+00:00, run_after=2026-06-09T00:00:00+00:00
[2026-06-09T11:17:17.687+0000] {processor.py:179} INFO - Processing /home/airflow/.local/lib/python3.10/site-packages/airflow/example_dags/example_branch_labels.py took 0.116 seconds
[2026-06-09T11:17:48.067+0000] {processor.py:157} INFO - Started process (PID=1699) to work on /home/airflow/.local/lib/python3.10/site-packages/airflow/example_dags/example_branch_labels.py
[2026-06-09T11:17:48.068+0000] {processor.py:829} INFO - Processing file /home/airflow/.local/lib/python3.10/site-packages/airflow/example_dags/example_branch_labels.py for tasks to queue
[2026-06-09T11:17:48.071+0000] {logging_mixin.py:154} INFO - [2026-06-09T11:17:48.070+0000] {dagbag.py:536} INFO - Filling up the DagBag from /home/airflow/.local/lib/python3.10/site-packages/airflow/example_dags/example_branch_labels.py
[2026-06-09T11:17:48.083+0000] {processor.py:839} INFO - DAG(s) dict_keys(['example_branch_labels']) retrieved from /home/airflow/.local/lib/python3.10/site-packages/airflow/example_dags/example_branch_labels.py
[2026-06-09T11:17:48.114+0000] {logging_mixin.py:154} INFO - [2026-06-09T11:17:48.114+0000] {dag.py:2941} INFO - Sync 1 DAGs
[2026-06-09T11:17:48.148+0000] {logging_mixin.py:154} INFO - [2026-06-09T11:17:48.148+0000] {dag.py:3722} INFO - Setting next_dagrun for example_branch_labels to 2026-06-08T00:00:00+00:00, run_after=2026-06-09T00:00:00+00:00
[2026-06-09T11:17:48.173+0000] {processor.py:179} INFO - Processing /home/airflow/.local/lib/python3.10/site-packages/airflow/example_dags/example_branch_labels.py took 0.115 seconds
[2026-06-09T11:18:18.667+0000] {processor.py:157} INFO - Started process (PID=1750) to work on /home/airflow/.local/lib/python3.10/site-packages/airflow/example_dags/example_branch_labels.py
[2026-06-09T11:18:18.669+0000] {processor.py:829} INFO - Processing file /home/airflow/.local/lib/python3.10/site-packages/airflow/example_dags/example_branch_labels.py for tasks to queue
[2026-06-09T11:18:18.672+0000] {logging_mixin.py:154} INFO - [2026-06-09T11:18:18.672+0000] {dagbag.py:536} INFO - Filling up the DagBag from /home/airflow/.local/lib/python3.10/site-packages/airflow/example_dags/example_branch_labels.py
[2026-06-09T11:18:18.686+0000] {processor.py:839} INFO - DAG(s) dict_keys(['example_branch_labels']) retrieved from /home/airflow/.local/lib/python3.10/site-packages/airflow/example_dags/example_branch_labels.py
[2026-06-09T11:18:18.718+0000] {logging_mixin.py:154} INFO - [2026-06-09T11:18:18.718+0000] {dag.py:2941} INFO - Sync 1 DAGs
[2026-06-09T11:18:18.778+0000] {logging_mixin.py:154} INFO - [2026-06-09T11:18:18.777+0000] {dag.py:3722} INFO - Setting next_dagrun for example_branch_labels to 2026-06-08T00:00:00+00:00, run_after=2026-06-09T00:00:00+00:00
[2026-06-09T11:18:18.810+0000] {processor.py:179} INFO - Processing /home/airflow/.local/lib/python3.10/site-packages/airflow/example_dags/example_branch_labels.py took 0.149 seconds
[2026-06-09T11:18:49.563+0000] {processor.py:157} INFO - Started process (PID=1801) to work on /home/airflow/.local/lib/python3.10/site-packages/airflow/example_dags/example_branch_labels.py
[2026-06-09T11:18:49.564+0000] {processor.py:829} INFO - Processing file /home/airflow/.local/lib/python3.10/site-packages/airflow/example_dags/example_branch_labels.py for tasks to queue
[2026-06-09T11:18:49.578+0000] {logging_mixin.py:154} INFO - [2026-06-09T11:18:49.578+0000] {dagbag.py:536} INFO - Filling up the DagBag from /home/airflow/.local/lib/python3.10/site-packages/airflow/example_dags/example_branch_labels.py
[2026-06-09T11:18:49.619+0000] {processor.py:839} INFO - DAG(s) dict_keys(['example_branch_labels']) retrieved from /home/airflow/.local/lib/python3.10/site-packages/airflow/example_dags/example_branch_labels.py
[2026-06-09T11:18:49.679+0000] {logging_mixin.py:154} INFO - [2026-06-09T11:18:49.678+0000] {dag.py:2941} INFO - Sync 1 DAGs
[2026-06-09T11:18:49.713+0000] {logging_mixin.py:154} INFO - [2026-06-09T11:18:49.713+0000] {dag.py:3722} INFO - Setting next_dagrun for example_branch_labels to 2026-06-08T00:00:00+00:00, run_after=2026-06-09T00:00:00+00:00
[2026-06-09T11:18:49.746+0000] {processor.py:179} INFO - Processing /home/airflow/.local/lib/python3.10/site-packages/airflow/example_dags/example_branch_labels.py took 0.210 seconds
[2026-06-09T11:19:20.383+0000] {processor.py:157} INFO - Started process (PID=1852) to work on /home/airflow/.local/lib/python3.10/site-packages/airflow/example_dags/example_branch_labels.py
[2026-06-09T11:19:20.390+0000] {processor.py:829} INFO - Processing file /home/airflow/.local/lib/python3.10/site-packages/airflow/example_dags/example_branch_labels.py for tasks to queue
[2026-06-09T11:19:20.397+0000] {logging_mixin.py:154} INFO - [2026-06-09T11:19:20.396+0000] {dagbag.py:536} INFO - Filling up the DagBag from /home/airflow/.local/lib/python3.10/site-packages/airflow/example_dags/example_branch_labels.py
[2026-06-09T11:19:20.420+0000] {processor.py:839} INFO - DAG(s) dict_keys(['example_branch_labels']) retrieved from /home/airflow/.local/lib/python3.10/site-packages/airflow/example_dags/example_branch_labels.py
[2026-06-09T11:19:20.493+0000] {logging_mixin.py:154} INFO - [2026-06-09T11:19:20.486+0000] {dag.py:2941} INFO - Sync 1 DAGs
[2026-06-09T11:19:20.592+0000] {logging_mixin.py:154} INFO - [2026-06-09T11:19:20.591+0000] {dag.py:3722} INFO - Setting next_dagrun for example_branch_labels to 2026-06-08T00:00:00+00:00, run_after=2026-06-09T00:00:00+00:00
[2026-06-09T11:19:20.658+0000] {processor.py:179} INFO - Processing /home/airflow/.local/lib/python3.10/site-packages/airflow/example_dags/example_branch_labels.py took 0.280 seconds
[2026-06-09T11:19:51.352+0000] {processor.py:157} INFO - Started process (PID=1903) to work on /home/airflow/.local/lib/python3.10/site-packages/airflow/example_dags/example_branch_labels.py
[2026-06-09T11:19:51.355+0000] {processor.py:829} INFO - Processing file /home/airflow/.local/lib/python3.10/site-packages/airflow/example_dags/example_branch_labels.py for tasks to queue
[2026-06-09T11:19:51.358+0000] {logging_mixin.py:154} INFO - [2026-06-09T11:19:51.358+0000] {dagbag.py:536} INFO - Filling up the DagBag from /home/airflow/.local/lib/python3.10/site-packages/airflow/example_dags/example_branch_labels.py
[2026-06-09T11:19:51.381+0000] {processor.py:839} INFO - DAG(s) dict_keys(['example_branch_labels']) retrieved from /home/airflow/.local/lib/python3.10/site-packages/airflow/example_dags/example_branch_labels.py
[2026-06-09T11:19:51.444+0000] {logging_mixin.py:154} INFO - [2026-06-09T11:19:51.444+0000] {dag.py:2941} INFO - Sync 1 DAGs
[2026-06-09T11:19:51.531+0000] {logging_mixin.py:154} INFO - [2026-06-09T11:19:51.531+0000] {dag.py:3722} INFO - Setting next_dagrun for example_branch_labels to 2026-06-08T00:00:00+00:00, run_after=2026-06-09T00:00:00+00:00
[2026-06-09T11:19:51.600+0000] {processor.py:179} INFO - Processing /home/airflow/.local/lib/python3.10/site-packages/airflow/example_dags/example_branch_labels.py took 0.260 seconds
[2026-06-09T11:20:22.550+0000] {processor.py:157} INFO - Started process (PID=1954) to work on /home/airflow/.local/lib/python3.10/site-packages/airflow/example_dags/example_branch_labels.py
[2026-06-09T11:20:22.558+0000] {processor.py:829} INFO - Processing file /home/airflow/.local/lib/python3.10/site-packages/airflow/example_dags/example_branch_labels.py for tasks to queue
[2026-06-09T11:20:22.566+0000] {logging_mixin.py:154} INFO - [2026-06-09T11:20:22.566+0000] {dagbag.py:536} INFO - Filling up the DagBag from /home/airflow/.local/lib/python3.10/site-packages/airflow/example_dags/example_branch_labels.py
[2026-06-09T11:20:22.617+0000] {processor.py:839} INFO - DAG(s) dict_keys(['example_branch_labels']) retrieved from /home/airflow/.local/lib/python3.10/site-packages/airflow/example_dags/example_branch_labels.py
[2026-06-09T11:20:22.651+0000] {logging_mixin.py:154} INFO - [2026-06-09T11:20:22.650+0000] {dag.py:2941} INFO - Sync 1 DAGs
[2026-06-09T11:20:22.693+0000] {logging_mixin.py:154} INFO - [2026-06-09T11:20:22.692+0000] {dag.py:3722} INFO - Setting next_dagrun for example_branch_labels to 2026-06-08T00:00:00+00:00, run_after=2026-06-09T00:00:00+00:00
[2026-06-09T11:20:22.751+0000] {processor.py:179} INFO - Processing /home/airflow/.local/lib/python3.10/site-packages/airflow/example_dags/example_branch_labels.py took 0.217 seconds
[2026-06-09T11:20:53.461+0000] {processor.py:157} INFO - Started process (PID=2005) to work on /home/airflow/.local/lib/python3.10/site-packages/airflow/example_dags/example_branch_labels.py
[2026-06-09T11:20:53.463+0000] {processor.py:829} INFO - Processing file /home/airflow/.local/lib/python3.10/site-packages/airflow/example_dags/example_branch_labels.py for tasks to queue
[2026-06-09T11:20:53.466+0000] {logging_mixin.py:154} INFO - [2026-06-09T11:20:53.466+0000] {dagbag.py:536} INFO - Filling up the DagBag from /home/airflow/.local/lib/python3.10/site-packages/airflow/example_dags/example_branch_labels.py
[2026-06-09T11:20:53.478+0000] {processor.py:839} INFO - DAG(s) dict_keys(['example_branch_labels']) retrieved from /home/airflow/.local/lib/python3.10/site-packages/airflow/example_dags/example_branch_labels.py
[2026-06-09T11:20:53.509+0000] {logging_mixin.py:154} INFO - [2026-06-09T11:20:53.509+0000] {dag.py:2941} INFO - Sync 1 DAGs
[2026-06-09T11:20:53.544+0000] {logging_mixin.py:154} INFO - [2026-06-09T11:20:53.544+0000] {dag.py:3722} INFO - Setting next_dagrun for example_branch_labels to 2026-06-08T00:00:00+00:00, run_after=2026-06-09T00:00:00+00:00
[2026-06-09T11:20:53.567+0000] {processor.py:179} INFO - Processing /home/airflow/.local/lib/python3.10/site-packages/airflow/example_dags/example_branch_labels.py took 0.111 seconds
[2026-06-09T11:21:23.676+0000] {processor.py:157} INFO - Started process (PID=2056) to work on /home/airflow/.local/lib/python3.10/site-packages/airflow/example_dags/example_branch_labels.py
[2026-06-09T11:21:23.679+0000] {processor.py:829} INFO - Processing file /home/airflow/.local/lib/python3.10/site-packages/airflow/example_dags/example_branch_labels.py for tasks to queue
[2026-06-09T11:21:23.683+0000] {logging_mixin.py:154} INFO - [2026-06-09T11:21:23.682+0000] {dagbag.py:536} INFO - Filling up the DagBag from /home/airflow/.local/lib/python3.10/site-packages/airflow/example_dags/example_branch_labels.py
[2026-06-09T11:21:23.711+0000] {processor.py:839} INFO - DAG(s) dict_keys(['example_branch_labels']) retrieved from /home/airflow/.local/lib/python3.10/site-packages/airflow/example_dags/example_branch_labels.py
[2026-06-09T11:21:23.778+0000] {logging_mixin.py:154} INFO - [2026-06-09T11:21:23.778+0000] {dag.py:2941} INFO - Sync 1 DAGs
[2026-06-09T11:21:23.874+0000] {logging_mixin.py:154} INFO - [2026-06-09T11:21:23.873+0000] {dag.py:3722} INFO - Setting next_dagrun for example_branch_labels to 2026-06-08T00:00:00+00:00, run_after=2026-06-09T00:00:00+00:00
[2026-06-09T11:21:23.941+0000] {processor.py:179} INFO - Processing /home/airflow/.local/lib/python3.10/site-packages/airflow/example_dags/example_branch_labels.py took 0.275 seconds
[2026-06-09T11:21:54.546+0000] {processor.py:157} INFO - Started process (PID=2107) to work on /home/airflow/.local/lib/python3.10/site-packages/airflow/example_dags/example_branch_labels.py
[2026-06-09T11:21:54.556+0000] {processor.py:829} INFO - Processing file /home/airflow/.local/lib/python3.10/site-packages/airflow/example_dags/example_branch_labels.py for tasks to queue
[2026-06-09T11:21:54.558+0000] {logging_mixin.py:154} INFO - [2026-06-09T11:21:54.558+0000] {dagbag.py:536} INFO - Filling up the DagBag from /home/airflow/.local/lib/python3.10/site-packages/airflow/example_dags/example_branch_labels.py
[2026-06-09T11:21:54.571+0000] {processor.py:839} INFO - DAG(s) dict_keys(['example_branch_labels']) retrieved from /home/airflow/.local/lib/python3.10/site-packages/airflow/example_dags/example_branch_labels.py
[2026-06-09T11:21:54.602+0000] {logging_mixin.py:154} INFO - [2026-06-09T11:21:54.602+0000] {dag.py:2941} INFO - Sync 1 DAGs
[2026-06-09T11:21:54.636+0000] {logging_mixin.py:154} INFO - [2026-06-09T11:21:54.636+0000] {dag.py:3722} INFO - Setting next_dagrun for example_branch_labels to 2026-06-08T00:00:00+00:00, run_after=2026-06-09T00:00:00+00:00
[2026-06-09T11:21:54.658+0000] {processor.py:179} INFO - Processing /home/airflow/.local/lib/python3.10/site-packages/airflow/example_dags/example_branch_labels.py took 0.117 seconds
[2026-06-09T11:22:24.900+0000] {processor.py:157} INFO - Started process (PID=2158) to work on /home/airflow/.local/lib/python3.10/site-packages/airflow/example_dags/example_branch_labels.py
[2026-06-09T11:22:24.901+0000] {processor.py:829} INFO - Processing file /home/airflow/.local/lib/python3.10/site-packages/airflow/example_dags/example_branch_labels.py for tasks to queue
[2026-06-09T11:22:24.905+0000] {logging_mixin.py:154} INFO - [2026-06-09T11:22:24.905+0000] {dagbag.py:536} INFO - Filling up the DagBag from /home/airflow/.local/lib/python3.10/site-packages/airflow/example_dags/example_branch_labels.py
[2026-06-09T11:22:24.919+0000] {processor.py:839} INFO - DAG(s) dict_keys(['example_branch_labels']) retrieved from /home/airflow/.local/lib/python3.10/site-packages/airflow/example_dags/example_branch_labels.py
[2026-06-09T11:22:24.950+0000] {logging_mixin.py:154} INFO - [2026-06-09T11:22:24.950+0000] {dag.py:2941} INFO - Sync 1 DAGs
[2026-06-09T11:22:24.984+0000] {logging_mixin.py:154} INFO - [2026-06-09T11:22:24.984+0000] {dag.py:3722} INFO - Setting next_dagrun for example_branch_labels to 2026-06-08T00:00:00+00:00, run_after=2026-06-09T00:00:00+00:00
[2026-06-09T11:22:25.007+0000] {processor.py:179} INFO - Processing /home/airflow/.local/lib/python3.10/site-packages/airflow/example_dags/example_branch_labels.py took 0.113 seconds
[2026-06-09T11:22:55.116+0000] {processor.py:157} INFO - Started process (PID=2209) to work on /home/airflow/.local/lib/python3.10/site-packages/airflow/example_dags/example_branch_labels.py
[2026-06-09T11:22:55.117+0000] {processor.py:829} INFO - Processing file /home/airflow/.local/lib/python3.10/site-packages/airflow/example_dags/example_branch_labels.py for tasks to queue
[2026-06-09T11:22:55.120+0000] {logging_mixin.py:154} INFO - [2026-06-09T11:22:55.119+0000] {dagbag.py:536} INFO - Filling up the DagBag from /home/airflow/.local/lib/python3.10/site-packages/airflow/example_dags/example_branch_labels.py
[2026-06-09T11:22:55.133+0000] {processor.py:839} INFO - DAG(s) dict_keys(['example_branch_labels']) retrieved from /home/airflow/.local/lib/python3.10/site-packages/airflow/example_dags/example_branch_labels.py
[2026-06-09T11:22:55.178+0000] {logging_mixin.py:154} INFO - [2026-06-09T11:22:55.178+0000] {dag.py:2941} INFO - Sync 1 DAGs
[2026-06-09T11:22:55.217+0000] {logging_mixin.py:154} INFO - [2026-06-09T11:22:55.217+0000] {dag.py:3722} INFO - Setting next_dagrun for example_branch_labels to 2026-06-08T00:00:00+00:00, run_after=2026-06-09T00:00:00+00:00
[2026-06-09T11:22:55.241+0000] {processor.py:179} INFO - Processing /home/airflow/.local/lib/python3.10/site-packages/airflow/example_dags/example_branch_labels.py took 0.131 seconds
[2026-06-09T11:23:25.330+0000] {processor.py:157} INFO - Started process (PID=2260) to work on /home/airflow/.local/lib/python3.10/site-packages/airflow/example_dags/example_branch_labels.py
[2026-06-09T11:23:25.332+0000] {processor.py:829} INFO - Processing file /home/airflow/.local/lib/python3.10/site-packages/airflow/example_dags/example_branch_labels.py for tasks to queue
[2026-06-09T11:23:25.335+0000] {logging_mixin.py:154} INFO - [2026-06-09T11:23:25.334+0000] {dagbag.py:536} INFO - Filling up the DagBag from /home/airflow/.local/lib/python3.10/site-packages/airflow/example_dags/example_branch_labels.py
[2026-06-09T11:23:25.347+0000] {processor.py:839} INFO - DAG(s) dict_keys(['example_branch_labels']) retrieved from /home/airflow/.local/lib/python3.10/site-packages/airflow/example_dags/example_branch_labels.py
[2026-06-09T11:23:25.391+0000] {logging_mixin.py:154} INFO - [2026-06-09T11:23:25.391+0000] {dag.py:2941} INFO - Sync 1 DAGs
[2026-06-09T11:23:25.427+0000] {logging_mixin.py:154} INFO - [2026-06-09T11:23:25.426+0000] {dag.py:3722} INFO - Setting next_dagrun for example_branch_labels to 2026-06-08T00:00:00+00:00, run_after=2026-06-09T00:00:00+00:00
[2026-06-09T11:23:25.450+0000] {processor.py:179} INFO - Processing /home/airflow/.local/lib/python3.10/site-packages/airflow/example_dags/example_branch_labels.py took 0.125 seconds
[2026-06-09T11:23:55.772+0000] {processor.py:157} INFO - Started process (PID=2311) to work on /home/airflow/.local/lib/python3.10/site-packages/airflow/example_dags/example_branch_labels.py
[2026-06-09T11:23:55.774+0000] {processor.py:829} INFO - Processing file /home/airflow/.local/lib/python3.10/site-packages/airflow/example_dags/example_branch_labels.py for tasks to queue
[2026-06-09T11:23:55.777+0000] {logging_mixin.py:154} INFO - [2026-06-09T11:23:55.776+0000] {dagbag.py:536} INFO - Filling up the DagBag from /home/airflow/.local/lib/python3.10/site-packages/airflow/example_dags/example_branch_labels.py
[2026-06-09T11:23:55.789+0000] {processor.py:839} INFO - DAG(s) dict_keys(['example_branch_labels']) retrieved from /home/airflow/.local/lib/python3.10/site-packages/airflow/example_dags/example_branch_labels.py
[2026-06-09T11:23:55.820+0000] {logging_mixin.py:154} INFO - [2026-06-09T11:23:55.820+0000] {dag.py:2941} INFO - Sync 1 DAGs
[2026-06-09T11:23:55.862+0000] {logging_mixin.py:154} INFO - [2026-06-09T11:23:55.862+0000] {dag.py:3722} INFO - Setting next_dagrun for example_branch_labels to 2026-06-08T00:00:00+00:00, run_after=2026-06-09T00:00:00+00:00
[2026-06-09T11:23:55.888+0000] {processor.py:179} INFO - Processing /home/airflow/.local/lib/python3.10/site-packages/airflow/example_dags/example_branch_labels.py took 0.128 seconds
[2026-06-09T11:24:26.372+0000] {processor.py:157} INFO - Started process (PID=2362) to work on /home/airflow/.local/lib/python3.10/site-packages/airflow/example_dags/example_branch_labels.py
[2026-06-09T11:24:26.373+0000] {processor.py:829} INFO - Processing file /home/airflow/.local/lib/python3.10/site-packages/airflow/example_dags/example_branch_labels.py for tasks to queue
[2026-06-09T11:24:26.376+0000] {logging_mixin.py:154} INFO - [2026-06-09T11:24:26.376+0000] {dagbag.py:536} INFO - Filling up the DagBag from /home/airflow/.local/lib/python3.10/site-packages/airflow/example_dags/example_branch_labels.py
[2026-06-09T11:24:26.390+0000] {processor.py:839} INFO - DAG(s) dict_keys(['example_branch_labels']) retrieved from /home/airflow/.local/lib/python3.10/site-packages/airflow/example_dags/example_branch_labels.py
[2026-06-09T11:24:26.422+0000] {logging_mixin.py:154} INFO - [2026-06-09T11:24:26.422+0000] {dag.py:2941} INFO - Sync 1 DAGs
[2026-06-09T11:24:26.458+0000] {logging_mixin.py:154} INFO - [2026-06-09T11:24:26.458+0000] {dag.py:3722} INFO - Setting next_dagrun for example_branch_labels to 2026-06-08T00:00:00+00:00, run_after=2026-06-09T00:00:00+00:00
[2026-06-09T11:24:26.482+0000] {processor.py:179} INFO - Processing /home/airflow/.local/lib/python3.10/site-packages/airflow/example_dags/example_branch_labels.py took 0.116 seconds
[2026-06-09T11:24:57.212+0000] {processor.py:157} INFO - Started process (PID=2413) to work on /home/airflow/.local/lib/python3.10/site-packages/airflow/example_dags/example_branch_labels.py
[2026-06-09T11:24:57.213+0000] {processor.py:829} INFO - Processing file /home/airflow/.local/lib/python3.10/site-packages/airflow/example_dags/example_branch_labels.py for tasks to queue
[2026-06-09T11:24:57.216+0000] {logging_mixin.py:154} INFO - [2026-06-09T11:24:57.216+0000] {dagbag.py:536} INFO - Filling up the DagBag from /home/airflow/.local/lib/python3.10/site-packages/airflow/example_dags/example_branch_labels.py
[2026-06-09T11:24:57.249+0000] {processor.py:839} INFO - DAG(s) dict_keys(['example_branch_labels']) retrieved from /home/airflow/.local/lib/python3.10/site-packages/airflow/example_dags/example_branch_labels.py
[2026-06-09T11:24:57.289+0000] {logging_mixin.py:154} INFO - [2026-06-09T11:24:57.288+0000] {dag.py:2941} INFO - Sync 1 DAGs
[2026-06-09T11:24:57.329+0000] {logging_mixin.py:154} INFO - [2026-06-09T11:24:57.329+0000] {dag.py:3722} INFO - Setting next_dagrun for example_branch_labels to 2026-06-08T00:00:00+00:00, run_after=2026-06-09T00:00:00+00:00
[2026-06-09T11:24:57.370+0000] {processor.py:179} INFO - Processing /home/airflow/.local/lib/python3.10/site-packages/airflow/example_dags/example_branch_labels.py took 0.169 seconds
[2026-06-09T11:25:27.931+0000] {processor.py:157} INFO - Started process (PID=2462) to work on /home/airflow/.local/lib/python3.10/site-packages/airflow/example_dags/example_branch_labels.py
[2026-06-09T11:25:27.933+0000] {processor.py:829} INFO - Processing file /home/airflow/.local/lib/python3.10/site-packages/airflow/example_dags/example_branch_labels.py for tasks to queue
[2026-06-09T11:25:27.936+0000] {logging_mixin.py:154} INFO - [2026-06-09T11:25:27.935+0000] {dagbag.py:536} INFO - Filling up the DagBag from /home/airflow/.local/lib/python3.10/site-packages/airflow/example_dags/example_branch_labels.py
[2026-06-09T11:25:27.948+0000] {processor.py:839} INFO - DAG(s) dict_keys(['example_branch_labels']) retrieved from /home/airflow/.local/lib/python3.10/site-packages/airflow/example_dags/example_branch_labels.py
[2026-06-09T11:25:27.980+0000] {logging_mixin.py:154} INFO - [2026-06-09T11:25:27.980+0000] {dag.py:2941} INFO - Sync 1 DAGs
[2026-06-09T11:25:28.016+0000] {logging_mixin.py:154} INFO - [2026-06-09T11:25:28.016+0000] {dag.py:3722} INFO - Setting next_dagrun for example_branch_labels to 2026-06-08T00:00:00+00:00, run_after=2026-06-09T00:00:00+00:00
[2026-06-09T11:25:28.040+0000] {processor.py:179} INFO - Processing /home/airflow/.local/lib/python3.10/site-packages/airflow/example_dags/example_branch_labels.py took 0.114 seconds
[2026-06-09T11:25:58.597+0000] {processor.py:157} INFO - Started process (PID=2511) to work on /home/airflow/.local/lib/python3.10/site-packages/airflow/example_dags/example_branch_labels.py
[2026-06-09T11:25:58.613+0000] {processor.py:829} INFO - Processing file /home/airflow/.local/lib/python3.10/site-packages/airflow/example_dags/example_branch_labels.py for tasks to queue
[2026-06-09T11:25:58.620+0000] {logging_mixin.py:154} INFO - [2026-06-09T11:25:58.620+0000] {dagbag.py:536} INFO - Filling up the DagBag from /home/airflow/.local/lib/python3.10/site-packages/airflow/example_dags/example_branch_labels.py
[2026-06-09T11:25:58.673+0000] {processor.py:839} INFO - DAG(s) dict_keys(['example_branch_labels']) retrieved from /home/airflow/.local/lib/python3.10/site-packages/airflow/example_dags/example_branch_labels.py
[2026-06-09T11:25:58.808+0000] {logging_mixin.py:154} INFO - [2026-06-09T11:25:58.808+0000] {dag.py:2941} INFO - Sync 1 DAGs
[2026-06-09T11:25:58.951+0000] {logging_mixin.py:154} INFO - [2026-06-09T11:25:58.941+0000] {dag.py:3722} INFO - Setting next_dagrun for example_branch_labels to 2026-06-08T00:00:00+00:00, run_after=2026-06-09T00:00:00+00:00
[2026-06-09T11:25:59.070+0000] {processor.py:179} INFO - Processing /home/airflow/.local/lib/python3.10/site-packages/airflow/example_dags/example_branch_labels.py took 0.494 seconds
[2026-06-09T11:26:29.237+0000] {processor.py:157} INFO - Started process (PID=2562) to work on /home/airflow/.local/lib/python3.10/site-packages/airflow/example_dags/example_branch_labels.py
[2026-06-09T11:26:29.239+0000] {processor.py:829} INFO - Processing file /home/airflow/.local/lib/python3.10/site-packages/airflow/example_dags/example_branch_labels.py for tasks to queue
[2026-06-09T11:26:29.242+0000] {logging_mixin.py:154} INFO - [2026-06-09T11:26:29.242+0000] {dagbag.py:536} INFO - Filling up the DagBag from /home/airflow/.local/lib/python3.10/site-packages/airflow/example_dags/example_branch_labels.py
[2026-06-09T11:26:29.255+0000] {processor.py:839} INFO - DAG(s) dict_keys(['example_branch_labels']) retrieved from /home/airflow/.local/lib/python3.10/site-packages/airflow/example_dags/example_branch_labels.py
[2026-06-09T11:26:29.286+0000] {logging_mixin.py:154} INFO - [2026-06-09T11:26:29.286+0000] {dag.py:2941} INFO - Sync 1 DAGs
[2026-06-09T11:26:29.322+0000] {logging_mixin.py:154} INFO - [2026-06-09T11:26:29.322+0000] {dag.py:3722} INFO - Setting next_dagrun for example_branch_labels to 2026-06-08T00:00:00+00:00, run_after=2026-06-09T00:00:00+00:00
[2026-06-09T11:26:29.346+0000] {processor.py:179} INFO - Processing /home/airflow/.local/lib/python3.10/site-packages/airflow/example_dags/example_branch_labels.py took 0.114 seconds
[2026-06-09T11:26:59.942+0000] {processor.py:157} INFO - Started process (PID=2613) to work on /home/airflow/.local/lib/python3.10/site-packages/airflow/example_dags/example_branch_labels.py
[2026-06-09T11:26:59.944+0000] {processor.py:829} INFO - Processing file /home/airflow/.local/lib/python3.10/site-packages/airflow/example_dags/example_branch_labels.py for tasks to queue
[2026-06-09T11:26:59.946+0000] {logging_mixin.py:154} INFO - [2026-06-09T11:26:59.946+0000] {dagbag.py:536} INFO - Filling up the DagBag from /home/airflow/.local/lib/python3.10/site-packages/airflow/example_dags/example_branch_labels.py
[2026-06-09T11:26:59.969+0000] {processor.py:839} INFO - DAG(s) dict_keys(['example_branch_labels']) retrieved from /home/airflow/.local/lib/python3.10/site-packages/airflow/example_dags/example_branch_labels.py
[2026-06-09T11:27:00.033+0000] {logging_mixin.py:154} INFO - [2026-06-09T11:27:00.033+0000] {dag.py:2941} INFO - Sync 1 DAGs
[2026-06-09T11:27:00.100+0000] {logging_mixin.py:154} INFO - [2026-06-09T11:27:00.100+0000] {dag.py:3722} INFO - Setting next_dagrun for example_branch_labels to 2026-06-08T00:00:00+00:00, run_after=2026-06-09T00:00:00+00:00
[2026-06-09T11:27:00.162+0000] {processor.py:179} INFO - Processing /home/airflow/.local/lib/python3.10/site-packages/airflow/example_dags/example_branch_labels.py took 0.236 seconds
[2026-06-09T11:27:30.480+0000] {processor.py:157} INFO - Started process (PID=2664) to work on /home/airflow/.local/lib/python3.10/site-packages/airflow/example_dags/example_branch_labels.py
[2026-06-09T11:27:30.490+0000] {processor.py:829} INFO - Processing file /home/airflow/.local/lib/python3.10/site-packages/airflow/example_dags/example_branch_labels.py for tasks to queue
[2026-06-09T11:27:30.493+0000] {logging_mixin.py:154} INFO - [2026-06-09T11:27:30.493+0000] {dagbag.py:536} INFO - Filling up the DagBag from /home/airflow/.local/lib/python3.10/site-packages/airflow/example_dags/example_branch_labels.py
[2026-06-09T11:27:30.512+0000] {processor.py:839} INFO - DAG(s) dict_keys(['example_branch_labels']) retrieved from /home/airflow/.local/lib/python3.10/site-packages/airflow/example_dags/example_branch_labels.py
[2026-06-09T11:27:30.573+0000] {logging_mixin.py:154} INFO - [2026-06-09T11:27:30.572+0000] {dag.py:2941} INFO - Sync 1 DAGs
[2026-06-09T11:27:30.635+0000] {logging_mixin.py:154} INFO - [2026-06-09T11:27:30.635+0000] {dag.py:3722} INFO - Setting next_dagrun for example_branch_labels to 2026-06-08T00:00:00+00:00, run_after=2026-06-09T00:00:00+00:00
[2026-06-09T11:27:30.707+0000] {processor.py:179} INFO - Processing /home/airflow/.local/lib/python3.10/site-packages/airflow/example_dags/example_branch_labels.py took 0.243 seconds
[2026-06-09T11:28:01.064+0000] {processor.py:157} INFO - Started process (PID=2715) to work on /home/airflow/.local/lib/python3.10/site-packages/airflow/example_dags/example_branch_labels.py
[2026-06-09T11:28:01.067+0000] {processor.py:829} INFO - Processing file /home/airflow/.local/lib/python3.10/site-packages/airflow/example_dags/example_branch_labels.py for tasks to queue
[2026-06-09T11:28:01.070+0000] {logging_mixin.py:154} INFO - [2026-06-09T11:28:01.069+0000] {dagbag.py:536} INFO - Filling up the DagBag from /home/airflow/.local/lib/python3.10/site-packages/airflow/example_dags/example_branch_labels.py
[2026-06-09T11:28:01.082+0000] {processor.py:839} INFO - DAG(s) dict_keys(['example_branch_labels']) retrieved from /home/airflow/.local/lib/python3.10/site-packages/airflow/example_dags/example_branch_labels.py
[2026-06-09T11:28:01.116+0000] {logging_mixin.py:154} INFO - [2026-06-09T11:28:01.115+0000] {dag.py:2941} INFO - Sync 1 DAGs
[2026-06-09T11:28:01.154+0000] {logging_mixin.py:154} INFO - [2026-06-09T11:28:01.154+0000] {dag.py:3722} INFO - Setting next_dagrun for example_branch_labels to 2026-06-08T00:00:00+00:00, run_after=2026-06-09T00:00:00+00:00
[2026-06-09T11:28:01.178+0000] {processor.py:179} INFO - Processing /home/airflow/.local/lib/python3.10/site-packages/airflow/example_dags/example_branch_labels.py took 0.120 seconds
[2026-06-09T11:28:31.288+0000] {processor.py:157} INFO - Started process (PID=2766) to work on /home/airflow/.local/lib/python3.10/site-packages/airflow/example_dags/example_branch_labels.py
[2026-06-09T11:28:31.289+0000] {processor.py:829} INFO - Processing file /home/airflow/.local/lib/python3.10/site-packages/airflow/example_dags/example_branch_labels.py for tasks to queue
[2026-06-09T11:28:31.292+0000] {logging_mixin.py:154} INFO - [2026-06-09T11:28:31.292+0000] {dagbag.py:536} INFO - Filling up the DagBag from /home/airflow/.local/lib/python3.10/site-packages/airflow/example_dags/example_branch_labels.py
[2026-06-09T11:28:31.305+0000] {processor.py:839} INFO - DAG(s) dict_keys(['example_branch_labels']) retrieved from /home/airflow/.local/lib/python3.10/site-packages/airflow/example_dags/example_branch_labels.py
[2026-06-09T11:28:31.366+0000] {logging_mixin.py:154} INFO - [2026-06-09T11:28:31.366+0000] {dag.py:2941} INFO - Sync 1 DAGs
[2026-06-09T11:28:31.409+0000] {logging_mixin.py:154} INFO - [2026-06-09T11:28:31.408+0000] {dag.py:3722} INFO - Setting next_dagrun for example_branch_labels to 2026-06-08T00:00:00+00:00, run_after=2026-06-09T00:00:00+00:00
[2026-06-09T11:28:31.432+0000] {processor.py:179} INFO - Processing /home/airflow/.local/lib/python3.10/site-packages/airflow/example_dags/example_branch_labels.py took 0.150 seconds
[2026-06-09T11:29:01.543+0000] {processor.py:157} INFO - Started process (PID=2812) to work on /home/airflow/.local/lib/python3.10/site-packages/airflow/example_dags/example_branch_labels.py
[2026-06-09T11:29:01.546+0000] {processor.py:829} INFO - Processing file /home/airflow/.local/lib/python3.10/site-packages/airflow/example_dags/example_branch_labels.py for tasks to queue
[2026-06-09T11:29:01.548+0000] {logging_mixin.py:154} INFO - [2026-06-09T11:29:01.548+0000] {dagbag.py:536} INFO - Filling up the DagBag from /home/airflow/.local/lib/python3.10/site-packages/airflow/example_dags/example_branch_labels.py
[2026-06-09T11:29:01.561+0000] {processor.py:839} INFO - DAG(s) dict_keys(['example_branch_labels']) retrieved from /home/airflow/.local/lib/python3.10/site-packages/airflow/example_dags/example_branch_labels.py
[2026-06-09T11:29:01.591+0000] {logging_mixin.py:154} INFO - [2026-06-09T11:29:01.591+0000] {dag.py:2941} INFO - Sync 1 DAGs
[2026-06-09T11:29:01.626+0000] {logging_mixin.py:154} INFO - [2026-06-09T11:29:01.626+0000] {dag.py:3722} INFO - Setting next_dagrun for example_branch_labels to 2026-06-08T00:00:00+00:00, run_after=2026-06-09T00:00:00+00:00
[2026-06-09T11:29:01.657+0000] {processor.py:179} INFO - Processing /home/airflow/.local/lib/python3.10/site-packages/airflow/example_dags/example_branch_labels.py took 0.121 seconds
[2026-06-09T11:29:32.277+0000] {processor.py:157} INFO - Started process (PID=2863) to work on /home/airflow/.local/lib/python3.10/site-packages/airflow/example_dags/example_branch_labels.py
[2026-06-09T11:29:32.281+0000] {processor.py:829} INFO - Processing file /home/airflow/.local/lib/python3.10/site-packages/airflow/example_dags/example_branch_labels.py for tasks to queue
[2026-06-09T11:29:32.286+0000] {logging_mixin.py:154} INFO - [2026-06-09T11:29:32.286+0000] {dagbag.py:536} INFO - Filling up the DagBag from /home/airflow/.local/lib/python3.10/site-packages/airflow/example_dags/example_branch_labels.py
[2026-06-09T11:29:32.325+0000] {processor.py:839} INFO - DAG(s) dict_keys(['example_branch_labels']) retrieved from /home/airflow/.local/lib/python3.10/site-packages/airflow/example_dags/example_branch_labels.py
[2026-06-09T11:29:32.360+0000] {logging_mixin.py:154} INFO - [2026-06-09T11:29:32.359+0000] {dag.py:2941} INFO - Sync 1 DAGs
[2026-06-09T11:29:32.395+0000] {logging_mixin.py:154} INFO - [2026-06-09T11:29:32.395+0000] {dag.py:3722} INFO - Setting next_dagrun for example_branch_labels to 2026-06-08T00:00:00+00:00, run_after=2026-06-09T00:00:00+00:00
[2026-06-09T11:29:32.427+0000] {processor.py:179} INFO - Processing /home/airflow/.local/lib/python3.10/site-packages/airflow/example_dags/example_branch_labels.py took 0.155 seconds
[2026-06-09T11:30:03.234+0000] {processor.py:157} INFO - Started process (PID=2914) to work on /home/airflow/.local/lib/python3.10/site-packages/airflow/example_dags/example_branch_labels.py
[2026-06-09T11:30:03.235+0000] {processor.py:829} INFO - Processing file /home/airflow/.local/lib/python3.10/site-packages/airflow/example_dags/example_branch_labels.py for tasks to queue
[2026-06-09T11:30:03.242+0000] {logging_mixin.py:154} INFO - [2026-06-09T11:30:03.242+0000] {dagbag.py:536} INFO - Filling up the DagBag from /home/airflow/.local/lib/python3.10/site-packages/airflow/example_dags/example_branch_labels.py
[2026-06-09T11:30:03.270+0000] {processor.py:839} INFO - DAG(s) dict_keys(['example_branch_labels']) retrieved from /home/airflow/.local/lib/python3.10/site-packages/airflow/example_dags/example_branch_labels.py
[2026-06-09T11:30:03.305+0000] {logging_mixin.py:154} INFO - [2026-06-09T11:30:03.304+0000] {dag.py:2941} INFO - Sync 1 DAGs
[2026-06-09T11:30:03.339+0000] {logging_mixin.py:154} INFO - [2026-06-09T11:30:03.339+0000] {dag.py:3722} INFO - Setting next_dagrun for example_branch_labels to 2026-06-08T00:00:00+00:00, run_after=2026-06-09T00:00:00+00:00
[2026-06-09T11:30:03.378+0000] {processor.py:179} INFO - Processing /home/airflow/.local/lib/python3.10/site-packages/airflow/example_dags/example_branch_labels.py took 0.169 seconds
[2026-06-09T11:30:33.841+0000] {processor.py:157} INFO - Started process (PID=2965) to work on /home/airflow/.local/lib/python3.10/site-packages/airflow/example_dags/example_branch_labels.py
[2026-06-09T11:30:33.851+0000] {processor.py:829} INFO - Processing file /home/airflow/.local/lib/python3.10/site-packages/airflow/example_dags/example_branch_labels.py for tasks to queue
[2026-06-09T11:30:33.854+0000] {logging_mixin.py:154} INFO - [2026-06-09T11:30:33.854+0000] {dagbag.py:536} INFO - Filling up the DagBag from /home/airflow/.local/lib/python3.10/site-packages/airflow/example_dags/example_branch_labels.py
[2026-06-09T11:30:33.876+0000] {processor.py:839} INFO - DAG(s) dict_keys(['example_branch_labels']) retrieved from /home/airflow/.local/lib/python3.10/site-packages/airflow/example_dags/example_branch_labels.py
[2026-06-09T11:30:33.936+0000] {logging_mixin.py:154} INFO - [2026-06-09T11:30:33.935+0000] {dag.py:2941} INFO - Sync 1 DAGs
[2026-06-09T11:30:34.000+0000] {logging_mixin.py:154} INFO - [2026-06-09T11:30:34.000+0000] {dag.py:3722} INFO - Setting next_dagrun for example_branch_labels to 2026-06-08T00:00:00+00:00, run_after=2026-06-09T00:00:00+00:00
[2026-06-09T11:30:34.083+0000] {processor.py:179} INFO - Processing /home/airflow/.local/lib/python3.10/site-packages/airflow/example_dags/example_branch_labels.py took 0.255 seconds
[2026-06-09T11:31:04.354+0000] {processor.py:157} INFO - Started process (PID=3016) to work on /home/airflow/.local/lib/python3.10/site-packages/airflow/example_dags/example_branch_labels.py
[2026-06-09T11:31:04.355+0000] {processor.py:829} INFO - Processing file /home/airflow/.local/lib/python3.10/site-packages/airflow/example_dags/example_branch_labels.py for tasks to queue
[2026-06-09T11:31:04.361+0000] {logging_mixin.py:154} INFO - [2026-06-09T11:31:04.361+0000] {dagbag.py:536} INFO - Filling up the DagBag from /home/airflow/.local/lib/python3.10/site-packages/airflow/example_dags/example_branch_labels.py
[2026-06-09T11:31:04.393+0000] {processor.py:839} INFO - DAG(s) dict_keys(['example_branch_labels']) retrieved from /home/airflow/.local/lib/python3.10/site-packages/airflow/example_dags/example_branch_labels.py
[2026-06-09T11:31:04.462+0000] {logging_mixin.py:154} INFO - [2026-06-09T11:31:04.462+0000] {dag.py:2941} INFO - Sync 1 DAGs
[2026-06-09T11:31:04.520+0000] {logging_mixin.py:154} INFO - [2026-06-09T11:31:04.520+0000] {dag.py:3722} INFO - Setting next_dagrun for example_branch_labels to 2026-06-08T00:00:00+00:00, run_after=2026-06-09T00:00:00+00:00
[2026-06-09T11:31:04.576+0000] {processor.py:179} INFO - Processing /home/airflow/.local/lib/python3.10/site-packages/airflow/example_dags/example_branch_labels.py took 0.236 seconds
[2026-06-09T11:31:35.466+0000] {processor.py:157} INFO - Started process (PID=3067) to work on /home/airflow/.local/lib/python3.10/site-packages/airflow/example_dags/example_branch_labels.py
[2026-06-09T11:31:35.471+0000] {processor.py:829} INFO - Processing file /home/airflow/.local/lib/python3.10/site-packages/airflow/example_dags/example_branch_labels.py for tasks to queue
[2026-06-09T11:31:35.479+0000] {logging_mixin.py:154} INFO - [2026-06-09T11:31:35.478+0000] {dagbag.py:536} INFO - Filling up the DagBag from /home/airflow/.local/lib/python3.10/site-packages/airflow/example_dags/example_branch_labels.py
[2026-06-09T11:31:35.511+0000] {processor.py:839} INFO - DAG(s) dict_keys(['example_branch_labels']) retrieved from /home/airflow/.local/lib/python3.10/site-packages/airflow/example_dags/example_branch_labels.py
[2026-06-09T11:31:35.577+0000] {logging_mixin.py:154} INFO - [2026-06-09T11:31:35.577+0000] {dag.py:2941} INFO - Sync 1 DAGs
[2026-06-09T11:31:35.614+0000] {logging_mixin.py:154} INFO - [2026-06-09T11:31:35.613+0000] {dag.py:3722} INFO - Setting next_dagrun for example_branch_labels to 2026-06-08T00:00:00+00:00, run_after=2026-06-09T00:00:00+00:00
[2026-06-09T11:31:35.636+0000] {processor.py:179} INFO - Processing /home/airflow/.local/lib/python3.10/site-packages/airflow/example_dags/example_branch_labels.py took 0.199 seconds
[2026-06-09T11:32:06.417+0000] {processor.py:157} INFO - Started process (PID=3118) to work on /home/airflow/.local/lib/python3.10/site-packages/airflow/example_dags/example_branch_labels.py
[2026-06-09T11:32:06.425+0000] {processor.py:829} INFO - Processing file /home/airflow/.local/lib/python3.10/site-packages/airflow/example_dags/example_branch_labels.py for tasks to queue
[2026-06-09T11:32:06.431+0000] {logging_mixin.py:154} INFO - [2026-06-09T11:32:06.431+0000] {dagbag.py:536} INFO - Filling up the DagBag from /home/airflow/.local/lib/python3.10/site-packages/airflow/example_dags/example_branch_labels.py
[2026-06-09T11:32:06.475+0000] {processor.py:839} INFO - DAG(s) dict_keys(['example_branch_labels']) retrieved from /home/airflow/.local/lib/python3.10/site-packages/airflow/example_dags/example_branch_labels.py
[2026-06-09T11:32:06.545+0000] {logging_mixin.py:154} INFO - [2026-06-09T11:32:06.545+0000] {dag.py:2941} INFO - Sync 1 DAGs
[2026-06-09T11:32:06.612+0000] {logging_mixin.py:154} INFO - [2026-06-09T11:32:06.611+0000] {dag.py:3722} INFO - Setting next_dagrun for example_branch_labels to 2026-06-08T00:00:00+00:00, run_after=2026-06-09T00:00:00+00:00
[2026-06-09T11:32:06.683+0000] {processor.py:179} INFO - Processing /home/airflow/.local/lib/python3.10/site-packages/airflow/example_dags/example_branch_labels.py took 0.295 seconds
[2026-06-09T11:32:37.015+0000] {processor.py:157} INFO - Started process (PID=3169) to work on /home/airflow/.local/lib/python3.10/site-packages/airflow/example_dags/example_branch_labels.py
[2026-06-09T11:32:37.019+0000] {processor.py:829} INFO - Processing file /home/airflow/.local/lib/python3.10/site-packages/airflow/example_dags/example_branch_labels.py for tasks to queue
[2026-06-09T11:32:37.026+0000] {logging_mixin.py:154} INFO - [2026-06-09T11:32:37.026+0000] {dagbag.py:536} INFO - Filling up the DagBag from /home/airflow/.local/lib/python3.10/site-packages/airflow/example_dags/example_branch_labels.py
[2026-06-09T11:32:37.043+0000] {processor.py:839} INFO - DAG(s) dict_keys(['example_branch_labels']) retrieved from /home/airflow/.local/lib/python3.10/site-packages/airflow/example_dags/example_branch_labels.py
[2026-06-09T11:32:37.073+0000] {logging_mixin.py:154} INFO - [2026-06-09T11:32:37.073+0000] {dag.py:2941} INFO - Sync 1 DAGs
[2026-06-09T11:32:37.106+0000] {logging_mixin.py:154} INFO - [2026-06-09T11:32:37.106+0000] {dag.py:3722} INFO - Setting next_dagrun for example_branch_labels to 2026-06-08T00:00:00+00:00, run_after=2026-06-09T00:00:00+00:00
[2026-06-09T11:32:37.137+0000] {processor.py:179} INFO - Processing /home/airflow/.local/lib/python3.10/site-packages/airflow/example_dags/example_branch_labels.py took 0.134 seconds
[2026-06-09T11:33:07.395+0000] {processor.py:157} INFO - Started process (PID=3220) to work on /home/airflow/.local/lib/python3.10/site-packages/airflow/example_dags/example_branch_labels.py
[2026-06-09T11:33:07.402+0000] {processor.py:829} INFO - Processing file /home/airflow/.local/lib/python3.10/site-packages/airflow/example_dags/example_branch_labels.py for tasks to queue
[2026-06-09T11:33:07.405+0000] {logging_mixin.py:154} INFO - [2026-06-09T11:33:07.404+0000] {dagbag.py:536} INFO - Filling up the DagBag from /home/airflow/.local/lib/python3.10/site-packages/airflow/example_dags/example_branch_labels.py
[2026-06-09T11:33:07.421+0000] {processor.py:839} INFO - DAG(s) dict_keys(['example_branch_labels']) retrieved from /home/airflow/.local/lib/python3.10/site-packages/airflow/example_dags/example_branch_labels.py
[2026-06-09T11:33:07.519+0000] {logging_mixin.py:154} INFO - [2026-06-09T11:33:07.519+0000] {dag.py:2941} INFO - Sync 1 DAGs
[2026-06-09T11:33:07.560+0000] {logging_mixin.py:154} INFO - [2026-06-09T11:33:07.560+0000] {dag.py:3722} INFO - Setting next_dagrun for example_branch_labels to 2026-06-08T00:00:00+00:00, run_after=2026-06-09T00:00:00+00:00
[2026-06-09T11:33:07.604+0000] {processor.py:179} INFO - Processing /home/airflow/.local/lib/python3.10/site-packages/airflow/example_dags/example_branch_labels.py took 0.220 seconds
[2026-06-09T11:33:37.953+0000] {processor.py:157} INFO - Started process (PID=3271) to work on /home/airflow/.local/lib/python3.10/site-packages/airflow/example_dags/example_branch_labels.py
[2026-06-09T11:33:37.956+0000] {processor.py:829} INFO - Processing file /home/airflow/.local/lib/python3.10/site-packages/airflow/example_dags/example_branch_labels.py for tasks to queue
[2026-06-09T11:33:37.958+0000] {logging_mixin.py:154} INFO - [2026-06-09T11:33:37.958+0000] {dagbag.py:536} INFO - Filling up the DagBag from /home/airflow/.local/lib/python3.10/site-packages/airflow/example_dags/example_branch_labels.py
[2026-06-09T11:33:37.971+0000] {processor.py:839} INFO - DAG(s) dict_keys(['example_branch_labels']) retrieved from /home/airflow/.local/lib/python3.10/site-packages/airflow/example_dags/example_branch_labels.py
[2026-06-09T11:33:38.004+0000] {logging_mixin.py:154} INFO - [2026-06-09T11:33:38.004+0000] {dag.py:2941} INFO - Sync 1 DAGs
[2026-06-09T11:33:38.039+0000] {logging_mixin.py:154} INFO - [2026-06-09T11:33:38.039+0000] {dag.py:3722} INFO - Setting next_dagrun for example_branch_labels to 2026-06-08T00:00:00+00:00, run_after=2026-06-09T00:00:00+00:00
[2026-06-09T11:33:38.063+0000] {processor.py:179} INFO - Processing /home/airflow/.local/lib/python3.10/site-packages/airflow/example_dags/example_branch_labels.py took 0.114 seconds
[2026-06-09T11:34:08.965+0000] {processor.py:157} INFO - Started process (PID=3322) to work on /home/airflow/.local/lib/python3.10/site-packages/airflow/example_dags/example_branch_labels.py
[2026-06-09T11:34:08.973+0000] {processor.py:829} INFO - Processing file /home/airflow/.local/lib/python3.10/site-packages/airflow/example_dags/example_branch_labels.py for tasks to queue
[2026-06-09T11:34:08.984+0000] {logging_mixin.py:154} INFO - [2026-06-09T11:34:08.983+0000] {dagbag.py:536} INFO - Filling up the DagBag from /home/airflow/.local/lib/python3.10/site-packages/airflow/example_dags/example_branch_labels.py
[2026-06-09T11:34:09.057+0000] {processor.py:839} INFO - DAG(s) dict_keys(['example_branch_labels']) retrieved from /home/airflow/.local/lib/python3.10/site-packages/airflow/example_dags/example_branch_labels.py
[2026-06-09T11:34:09.093+0000] {logging_mixin.py:154} INFO - [2026-06-09T11:34:09.092+0000] {dag.py:2941} INFO - Sync 1 DAGs
[2026-06-09T11:34:09.128+0000] {logging_mixin.py:154} INFO - [2026-06-09T11:34:09.128+0000] {dag.py:3722} INFO - Setting next_dagrun for example_branch_labels to 2026-06-08T00:00:00+00:00, run_after=2026-06-09T00:00:00+00:00
[2026-06-09T11:34:09.168+0000] {processor.py:179} INFO - Processing /home/airflow/.local/lib/python3.10/site-packages/airflow/example_dags/example_branch_labels.py took 0.210 seconds
[2026-06-09T11:34:39.359+0000] {processor.py:157} INFO - Started process (PID=3373) to work on /home/airflow/.local/lib/python3.10/site-packages/airflow/example_dags/example_branch_labels.py
[2026-06-09T11:34:39.361+0000] {processor.py:829} INFO - Processing file /home/airflow/.local/lib/python3.10/site-packages/airflow/example_dags/example_branch_labels.py for tasks to queue
[2026-06-09T11:34:39.365+0000] {logging_mixin.py:154} INFO - [2026-06-09T11:34:39.365+0000] {dagbag.py:536} INFO - Filling up the DagBag from /home/airflow/.local/lib/python3.10/site-packages/airflow/example_dags/example_branch_labels.py
[2026-06-09T11:34:39.396+0000] {processor.py:839} INFO - DAG(s) dict_keys(['example_branch_labels']) retrieved from /home/airflow/.local/lib/python3.10/site-packages/airflow/example_dags/example_branch_labels.py
[2026-06-09T11:34:39.453+0000] {logging_mixin.py:154} INFO - [2026-06-09T11:34:39.453+0000] {dag.py:2941} INFO - Sync 1 DAGs
[2026-06-09T11:34:39.492+0000] {logging_mixin.py:154} INFO - [2026-06-09T11:34:39.492+0000] {dag.py:3722} INFO - Setting next_dagrun for example_branch_labels to 2026-06-08T00:00:00+00:00, run_after=2026-06-09T00:00:00+00:00
[2026-06-09T11:34:39.536+0000] {processor.py:179} INFO - Processing /home/airflow/.local/lib/python3.10/site-packages/airflow/example_dags/example_branch_labels.py took 0.183 seconds
[2026-06-09T11:35:10.495+0000] {processor.py:157} INFO - Started process (PID=3424) to work on /home/airflow/.local/lib/python3.10/site-packages/airflow/example_dags/example_branch_labels.py
[2026-06-09T11:35:10.496+0000] {processor.py:829} INFO - Processing file /home/airflow/.local/lib/python3.10/site-packages/airflow/example_dags/example_branch_labels.py for tasks to queue
[2026-06-09T11:35:10.499+0000] {logging_mixin.py:154} INFO - [2026-06-09T11:35:10.498+0000] {dagbag.py:536} INFO - Filling up the DagBag from /home/airflow/.local/lib/python3.10/site-packages/airflow/example_dags/example_branch_labels.py
[2026-06-09T11:35:10.511+0000] {processor.py:839} INFO - DAG(s) dict_keys(['example_branch_labels']) retrieved from /home/airflow/.local/lib/python3.10/site-packages/airflow/example_dags/example_branch_labels.py
[2026-06-09T11:35:10.542+0000] {logging_mixin.py:154} INFO - [2026-06-09T11:35:10.541+0000] {dag.py:2941} INFO - Sync 1 DAGs
[2026-06-09T11:35:10.585+0000] {logging_mixin.py:154} INFO - [2026-06-09T11:35:10.584+0000] {dag.py:3722} INFO - Setting next_dagrun for example_branch_labels to 2026-06-08T00:00:00+00:00, run_after=2026-06-09T00:00:00+00:00
[2026-06-09T11:35:10.610+0000] {processor.py:179} INFO - Processing /home/airflow/.local/lib/python3.10/site-packages/airflow/example_dags/example_branch_labels.py took 0.124 seconds
[2026-06-09T11:35:40.927+0000] {processor.py:157} INFO - Started process (PID=3475) to work on /home/airflow/.local/lib/python3.10/site-packages/airflow/example_dags/example_branch_labels.py
[2026-06-09T11:35:40.930+0000] {processor.py:829} INFO - Processing file /home/airflow/.local/lib/python3.10/site-packages/airflow/example_dags/example_branch_labels.py for tasks to queue
[2026-06-09T11:35:40.932+0000] {logging_mixin.py:154} INFO - [2026-06-09T11:35:40.932+0000] {dagbag.py:536} INFO - Filling up the DagBag from /home/airflow/.local/lib/python3.10/site-packages/airflow/example_dags/example_branch_labels.py
[2026-06-09T11:35:40.960+0000] {processor.py:839} INFO - DAG(s) dict_keys(['example_branch_labels']) retrieved from /home/airflow/.local/lib/python3.10/site-packages/airflow/example_dags/example_branch_labels.py
[2026-06-09T11:35:41.024+0000] {logging_mixin.py:154} INFO - [2026-06-09T11:35:41.024+0000] {dag.py:2941} INFO - Sync 1 DAGs
[2026-06-09T11:35:41.068+0000] {logging_mixin.py:154} INFO - [2026-06-09T11:35:41.068+0000] {dag.py:3722} INFO - Setting next_dagrun for example_branch_labels to 2026-06-08T00:00:00+00:00, run_after=2026-06-09T00:00:00+00:00
[2026-06-09T11:35:41.092+0000] {processor.py:179} INFO - Processing /home/airflow/.local/lib/python3.10/site-packages/airflow/example_dags/example_branch_labels.py took 0.174 seconds
[2026-06-09T11:36:11.622+0000] {processor.py:157} INFO - Started process (PID=3526) to work on /home/airflow/.local/lib/python3.10/site-packages/airflow/example_dags/example_branch_labels.py
[2026-06-09T11:36:11.623+0000] {processor.py:829} INFO - Processing file /home/airflow/.local/lib/python3.10/site-packages/airflow/example_dags/example_branch_labels.py for tasks to queue
[2026-06-09T11:36:11.626+0000] {logging_mixin.py:154} INFO - [2026-06-09T11:36:11.626+0000] {dagbag.py:536} INFO - Filling up the DagBag from /home/airflow/.local/lib/python3.10/site-packages/airflow/example_dags/example_branch_labels.py
[2026-06-09T11:36:11.639+0000] {processor.py:839} INFO - DAG(s) dict_keys(['example_branch_labels']) retrieved from /home/airflow/.local/lib/python3.10/site-packages/airflow/example_dags/example_branch_labels.py
[2026-06-09T11:36:11.670+0000] {logging_mixin.py:154} INFO - [2026-06-09T11:36:11.670+0000] {dag.py:2941} INFO - Sync 1 DAGs
[2026-06-09T11:36:11.705+0000] {logging_mixin.py:154} INFO - [2026-06-09T11:36:11.705+0000] {dag.py:3722} INFO - Setting next_dagrun for example_branch_labels to 2026-06-08T00:00:00+00:00, run_after=2026-06-09T00:00:00+00:00
[2026-06-09T11:36:11.734+0000] {processor.py:179} INFO - Processing /home/airflow/.local/lib/python3.10/site-packages/airflow/example_dags/example_branch_labels.py took 0.122 seconds
[2026-06-09T11:36:42.762+0000] {processor.py:157} INFO - Started process (PID=3581) to work on /home/airflow/.local/lib/python3.10/site-packages/airflow/example_dags/example_branch_labels.py
[2026-06-09T11:36:42.770+0000] {processor.py:829} INFO - Processing file /home/airflow/.local/lib/python3.10/site-packages/airflow/example_dags/example_branch_labels.py for tasks to queue
[2026-06-09T11:36:42.779+0000] {logging_mixin.py:154} INFO - [2026-06-09T11:36:42.779+0000] {dagbag.py:536} INFO - Filling up the DagBag from /home/airflow/.local/lib/python3.10/site-packages/airflow/example_dags/example_branch_labels.py
[2026-06-09T11:36:42.843+0000] {processor.py:839} INFO - DAG(s) dict_keys(['example_branch_labels']) retrieved from /home/airflow/.local/lib/python3.10/site-packages/airflow/example_dags/example_branch_labels.py
[2026-06-09T11:36:42.992+0000] {logging_mixin.py:154} INFO - [2026-06-09T11:36:42.992+0000] {dag.py:2941} INFO - Sync 1 DAGs
[2026-06-09T11:36:43.143+0000] {logging_mixin.py:154} INFO - [2026-06-09T11:36:43.143+0000] {dag.py:3722} INFO - Setting next_dagrun for example_branch_labels to 2026-06-08T00:00:00+00:00, run_after=2026-06-09T00:00:00+00:00
[2026-06-09T11:36:43.252+0000] {processor.py:179} INFO - Processing /home/airflow/.local/lib/python3.10/site-packages/airflow/example_dags/example_branch_labels.py took 0.521 seconds
[2026-06-09T11:37:13.533+0000] {processor.py:157} INFO - Started process (PID=3630) to work on /home/airflow/.local/lib/python3.10/site-packages/airflow/example_dags/example_branch_labels.py
[2026-06-09T11:37:13.537+0000] {processor.py:829} INFO - Processing file /home/airflow/.local/lib/python3.10/site-packages/airflow/example_dags/example_branch_labels.py for tasks to queue
[2026-06-09T11:37:13.543+0000] {logging_mixin.py:154} INFO - [2026-06-09T11:37:13.543+0000] {dagbag.py:536} INFO - Filling up the DagBag from /home/airflow/.local/lib/python3.10/site-packages/airflow/example_dags/example_branch_labels.py
[2026-06-09T11:37:13.585+0000] {processor.py:839} INFO - DAG(s) dict_keys(['example_branch_labels']) retrieved from /home/airflow/.local/lib/python3.10/site-packages/airflow/example_dags/example_branch_labels.py
[2026-06-09T11:37:13.659+0000] {logging_mixin.py:154} INFO - [2026-06-09T11:37:13.659+0000] {dag.py:2941} INFO - Sync 1 DAGs
[2026-06-09T11:37:13.756+0000] {logging_mixin.py:154} INFO - [2026-06-09T11:37:13.755+0000] {dag.py:3722} INFO - Setting next_dagrun for example_branch_labels to 2026-06-08T00:00:00+00:00, run_after=2026-06-09T00:00:00+00:00
[2026-06-09T11:37:13.856+0000] {processor.py:179} INFO - Processing /home/airflow/.local/lib/python3.10/site-packages/airflow/example_dags/example_branch_labels.py took 0.340 seconds
[2026-06-09T11:40:04.437+0000] {processor.py:157} INFO - Started process (PID=30) to work on /home/airflow/.local/lib/python3.10/site-packages/airflow/example_dags/example_branch_labels.py
[2026-06-09T11:40:04.445+0000] {processor.py:829} INFO - Processing file /home/airflow/.local/lib/python3.10/site-packages/airflow/example_dags/example_branch_labels.py for tasks to queue
[2026-06-09T11:40:04.454+0000] {logging_mixin.py:154} INFO - [2026-06-09T11:40:04.454+0000] {dagbag.py:536} INFO - Filling up the DagBag from /home/airflow/.local/lib/python3.10/site-packages/airflow/example_dags/example_branch_labels.py
[2026-06-09T11:40:04.480+0000] {processor.py:839} INFO - DAG(s) dict_keys(['example_branch_labels']) retrieved from /home/airflow/.local/lib/python3.10/site-packages/airflow/example_dags/example_branch_labels.py
[2026-06-09T11:40:04.642+0000] {logging_mixin.py:154} INFO - [2026-06-09T11:40:04.642+0000] {dag.py:2941} INFO - Sync 1 DAGs
[2026-06-09T11:40:04.822+0000] {logging_mixin.py:154} INFO - [2026-06-09T11:40:04.822+0000] {dag.py:3722} INFO - Setting next_dagrun for example_branch_labels to 2026-06-08T00:00:00+00:00, run_after=2026-06-09T00:00:00+00:00
[2026-06-09T11:40:04.915+0000] {processor.py:179} INFO - Processing /home/airflow/.local/lib/python3.10/site-packages/airflow/example_dags/example_branch_labels.py took 0.499 seconds
[2026-06-09T11:40:36.453+0000] {processor.py:157} INFO - Started process (PID=81) to work on /home/airflow/.local/lib/python3.10/site-packages/airflow/example_dags/example_branch_labels.py
[2026-06-09T11:40:36.466+0000] {processor.py:829} INFO - Processing file /home/airflow/.local/lib/python3.10/site-packages/airflow/example_dags/example_branch_labels.py for tasks to queue
[2026-06-09T11:40:36.470+0000] {logging_mixin.py:154} INFO - [2026-06-09T11:40:36.469+0000] {dagbag.py:536} INFO - Filling up the DagBag from /home/airflow/.local/lib/python3.10/site-packages/airflow/example_dags/example_branch_labels.py
[2026-06-09T11:40:36.505+0000] {processor.py:839} INFO - DAG(s) dict_keys(['example_branch_labels']) retrieved from /home/airflow/.local/lib/python3.10/site-packages/airflow/example_dags/example_branch_labels.py
[2026-06-09T11:40:36.539+0000] {logging_mixin.py:154} INFO - [2026-06-09T11:40:36.539+0000] {dag.py:2941} INFO - Sync 1 DAGs
[2026-06-09T11:40:36.581+0000] {logging_mixin.py:154} INFO - [2026-06-09T11:40:36.580+0000] {dag.py:3722} INFO - Setting next_dagrun for example_branch_labels to 2026-06-08T00:00:00+00:00, run_after=2026-06-09T00:00:00+00:00
[2026-06-09T11:40:36.645+0000] {processor.py:179} INFO - Processing /home/airflow/.local/lib/python3.10/site-packages/airflow/example_dags/example_branch_labels.py took 0.198 seconds
[2026-06-09T11:41:07.016+0000] {processor.py:157} INFO - Started process (PID=132) to work on /home/airflow/.local/lib/python3.10/site-packages/airflow/example_dags/example_branch_labels.py
[2026-06-09T11:41:07.028+0000] {processor.py:829} INFO - Processing file /home/airflow/.local/lib/python3.10/site-packages/airflow/example_dags/example_branch_labels.py for tasks to queue
[2026-06-09T11:41:07.031+0000] {logging_mixin.py:154} INFO - [2026-06-09T11:41:07.030+0000] {dagbag.py:536} INFO - Filling up the DagBag from /home/airflow/.local/lib/python3.10/site-packages/airflow/example_dags/example_branch_labels.py
[2026-06-09T11:41:07.046+0000] {processor.py:839} INFO - DAG(s) dict_keys(['example_branch_labels']) retrieved from /home/airflow/.local/lib/python3.10/site-packages/airflow/example_dags/example_branch_labels.py
[2026-06-09T11:41:07.090+0000] {logging_mixin.py:154} INFO - [2026-06-09T11:41:07.089+0000] {dag.py:2941} INFO - Sync 1 DAGs
[2026-06-09T11:41:07.129+0000] {logging_mixin.py:154} INFO - [2026-06-09T11:41:07.129+0000] {dag.py:3722} INFO - Setting next_dagrun for example_branch_labels to 2026-06-08T00:00:00+00:00, run_after=2026-06-09T00:00:00+00:00
[2026-06-09T11:41:07.153+0000] {processor.py:179} INFO - Processing /home/airflow/.local/lib/python3.10/site-packages/airflow/example_dags/example_branch_labels.py took 0.143 seconds
[2026-06-09T11:41:38.677+0000] {processor.py:157} INFO - Started process (PID=183) to work on /home/airflow/.local/lib/python3.10/site-packages/airflow/example_dags/example_branch_labels.py
[2026-06-09T11:41:38.679+0000] {processor.py:829} INFO - Processing file /home/airflow/.local/lib/python3.10/site-packages/airflow/example_dags/example_branch_labels.py for tasks to queue
[2026-06-09T11:41:38.682+0000] {logging_mixin.py:154} INFO - [2026-06-09T11:41:38.681+0000] {dagbag.py:536} INFO - Filling up the DagBag from /home/airflow/.local/lib/python3.10/site-packages/airflow/example_dags/example_branch_labels.py
[2026-06-09T11:41:38.696+0000] {processor.py:839} INFO - DAG(s) dict_keys(['example_branch_labels']) retrieved from /home/airflow/.local/lib/python3.10/site-packages/airflow/example_dags/example_branch_labels.py
[2026-06-09T11:41:38.729+0000] {logging_mixin.py:154} INFO - [2026-06-09T11:41:38.728+0000] {dag.py:2941} INFO - Sync 1 DAGs
[2026-06-09T11:41:38.766+0000] {logging_mixin.py:154} INFO - [2026-06-09T11:41:38.765+0000] {dag.py:3722} INFO - Setting next_dagrun for example_branch_labels to 2026-06-08T00:00:00+00:00, run_after=2026-06-09T00:00:00+00:00
[2026-06-09T11:41:38.790+0000] {processor.py:179} INFO - Processing /home/airflow/.local/lib/python3.10/site-packages/airflow/example_dags/example_branch_labels.py took 0.118 seconds
[2026-06-09T11:42:12.709+0000] {processor.py:157} INFO - Started process (PID=234) to work on /home/airflow/.local/lib/python3.10/site-packages/airflow/example_dags/example_branch_labels.py
[2026-06-09T11:42:12.710+0000] {processor.py:829} INFO - Processing file /home/airflow/.local/lib/python3.10/site-packages/airflow/example_dags/example_branch_labels.py for tasks to queue
[2026-06-09T11:42:12.713+0000] {logging_mixin.py:154} INFO - [2026-06-09T11:42:12.712+0000] {dagbag.py:536} INFO - Filling up the DagBag from /home/airflow/.local/lib/python3.10/site-packages/airflow/example_dags/example_branch_labels.py
[2026-06-09T11:42:12.725+0000] {processor.py:839} INFO - DAG(s) dict_keys(['example_branch_labels']) retrieved from /home/airflow/.local/lib/python3.10/site-packages/airflow/example_dags/example_branch_labels.py
[2026-06-09T11:42:12.766+0000] {logging_mixin.py:154} INFO - [2026-06-09T11:42:12.766+0000] {dag.py:2941} INFO - Sync 1 DAGs
[2026-06-09T11:42:12.796+0000] {logging_mixin.py:154} INFO - [2026-06-09T11:42:12.796+0000] {dag.py:3722} INFO - Setting next_dagrun for example_branch_labels to 2026-06-08T00:00:00+00:00, run_after=2026-06-09T00:00:00+00:00
[2026-06-09T11:42:12.818+0000] {processor.py:179} INFO - Processing /home/airflow/.local/lib/python3.10/site-packages/airflow/example_dags/example_branch_labels.py took 0.115 seconds
[2026-06-09T11:42:44.725+0000] {processor.py:157} INFO - Started process (PID=285) to work on /home/airflow/.local/lib/python3.10/site-packages/airflow/example_dags/example_branch_labels.py
[2026-06-09T11:42:44.727+0000] {processor.py:829} INFO - Processing file /home/airflow/.local/lib/python3.10/site-packages/airflow/example_dags/example_branch_labels.py for tasks to queue
[2026-06-09T11:42:44.730+0000] {logging_mixin.py:154} INFO - [2026-06-09T11:42:44.729+0000] {dagbag.py:536} INFO - Filling up the DagBag from /home/airflow/.local/lib/python3.10/site-packages/airflow/example_dags/example_branch_labels.py
[2026-06-09T11:42:44.741+0000] {processor.py:839} INFO - DAG(s) dict_keys(['example_branch_labels']) retrieved from /home/airflow/.local/lib/python3.10/site-packages/airflow/example_dags/example_branch_labels.py
[2026-06-09T11:42:44.771+0000] {logging_mixin.py:154} INFO - [2026-06-09T11:42:44.771+0000] {dag.py:2941} INFO - Sync 1 DAGs
[2026-06-09T11:42:44.805+0000] {logging_mixin.py:154} INFO - [2026-06-09T11:42:44.804+0000] {dag.py:3722} INFO - Setting next_dagrun for example_branch_labels to 2026-06-08T00:00:00+00:00, run_after=2026-06-09T00:00:00+00:00
[2026-06-09T11:42:44.825+0000] {processor.py:179} INFO - Processing /home/airflow/.local/lib/python3.10/site-packages/airflow/example_dags/example_branch_labels.py took 0.104 seconds
[2026-06-09T11:43:16.167+0000] {processor.py:157} INFO - Started process (PID=336) to work on /home/airflow/.local/lib/python3.10/site-packages/airflow/example_dags/example_branch_labels.py
[2026-06-09T11:43:16.168+0000] {processor.py:829} INFO - Processing file /home/airflow/.local/lib/python3.10/site-packages/airflow/example_dags/example_branch_labels.py for tasks to queue
[2026-06-09T11:43:16.171+0000] {logging_mixin.py:154} INFO - [2026-06-09T11:43:16.170+0000] {dagbag.py:536} INFO - Filling up the DagBag from /home/airflow/.local/lib/python3.10/site-packages/airflow/example_dags/example_branch_labels.py
[2026-06-09T11:43:16.183+0000] {processor.py:839} INFO - DAG(s) dict_keys(['example_branch_labels']) retrieved from /home/airflow/.local/lib/python3.10/site-packages/airflow/example_dags/example_branch_labels.py
[2026-06-09T11:43:16.212+0000] {logging_mixin.py:154} INFO - [2026-06-09T11:43:16.212+0000] {dag.py:2941} INFO - Sync 1 DAGs
[2026-06-09T11:43:16.248+0000] {logging_mixin.py:154} INFO - [2026-06-09T11:43:16.248+0000] {dag.py:3722} INFO - Setting next_dagrun for example_branch_labels to 2026-06-08T00:00:00+00:00, run_after=2026-06-09T00:00:00+00:00
[2026-06-09T11:43:16.281+0000] {processor.py:179} INFO - Processing /home/airflow/.local/lib/python3.10/site-packages/airflow/example_dags/example_branch_labels.py took 0.120 seconds
[2026-06-09T11:43:47.204+0000] {processor.py:157} INFO - Started process (PID=387) to work on /home/airflow/.local/lib/python3.10/site-packages/airflow/example_dags/example_branch_labels.py
[2026-06-09T11:43:47.206+0000] {processor.py:829} INFO - Processing file /home/airflow/.local/lib/python3.10/site-packages/airflow/example_dags/example_branch_labels.py for tasks to queue
[2026-06-09T11:43:47.212+0000] {logging_mixin.py:154} INFO - [2026-06-09T11:43:47.211+0000] {dagbag.py:536} INFO - Filling up the DagBag from /home/airflow/.local/lib/python3.10/site-packages/airflow/example_dags/example_branch_labels.py
[2026-06-09T11:43:47.225+0000] {processor.py:839} INFO - DAG(s) dict_keys(['example_branch_labels']) retrieved from /home/airflow/.local/lib/python3.10/site-packages/airflow/example_dags/example_branch_labels.py
[2026-06-09T11:43:47.278+0000] {logging_mixin.py:154} INFO - [2026-06-09T11:43:47.278+0000] {dag.py:2941} INFO - Sync 1 DAGs
[2026-06-09T11:43:47.332+0000] {logging_mixin.py:154} INFO - [2026-06-09T11:43:47.332+0000] {dag.py:3722} INFO - Setting next_dagrun for example_branch_labels to 2026-06-08T00:00:00+00:00, run_after=2026-06-09T00:00:00+00:00
[2026-06-09T11:43:47.371+0000] {processor.py:179} INFO - Processing /home/airflow/.local/lib/python3.10/site-packages/airflow/example_dags/example_branch_labels.py took 0.183 seconds
[2026-06-09T11:44:17.994+0000] {processor.py:157} INFO - Started process (PID=438) to work on /home/airflow/.local/lib/python3.10/site-packages/airflow/example_dags/example_branch_labels.py
[2026-06-09T11:44:17.996+0000] {processor.py:829} INFO - Processing file /home/airflow/.local/lib/python3.10/site-packages/airflow/example_dags/example_branch_labels.py for tasks to queue
[2026-06-09T11:44:17.999+0000] {logging_mixin.py:154} INFO - [2026-06-09T11:44:17.999+0000] {dagbag.py:536} INFO - Filling up the DagBag from /home/airflow/.local/lib/python3.10/site-packages/airflow/example_dags/example_branch_labels.py
[2026-06-09T11:44:18.011+0000] {processor.py:839} INFO - DAG(s) dict_keys(['example_branch_labels']) retrieved from /home/airflow/.local/lib/python3.10/site-packages/airflow/example_dags/example_branch_labels.py
[2026-06-09T11:44:18.043+0000] {logging_mixin.py:154} INFO - [2026-06-09T11:44:18.042+0000] {dag.py:2941} INFO - Sync 1 DAGs
[2026-06-09T11:44:18.077+0000] {logging_mixin.py:154} INFO - [2026-06-09T11:44:18.077+0000] {dag.py:3722} INFO - Setting next_dagrun for example_branch_labels to 2026-06-08T00:00:00+00:00, run_after=2026-06-09T00:00:00+00:00
[2026-06-09T11:44:18.101+0000] {processor.py:179} INFO - Processing /home/airflow/.local/lib/python3.10/site-packages/airflow/example_dags/example_branch_labels.py took 0.112 seconds
[2026-06-09T11:44:48.695+0000] {processor.py:157} INFO - Started process (PID=486) to work on /home/airflow/.local/lib/python3.10/site-packages/airflow/example_dags/example_branch_labels.py
[2026-06-09T11:44:48.696+0000] {processor.py:829} INFO - Processing file /home/airflow/.local/lib/python3.10/site-packages/airflow/example_dags/example_branch_labels.py for tasks to queue
[2026-06-09T11:44:48.699+0000] {logging_mixin.py:154} INFO - [2026-06-09T11:44:48.699+0000] {dagbag.py:536} INFO - Filling up the DagBag from /home/airflow/.local/lib/python3.10/site-packages/airflow/example_dags/example_branch_labels.py
[2026-06-09T11:44:48.711+0000] {processor.py:839} INFO - DAG(s) dict_keys(['example_branch_labels']) retrieved from /home/airflow/.local/lib/python3.10/site-packages/airflow/example_dags/example_branch_labels.py
[2026-06-09T11:44:48.808+0000] {logging_mixin.py:154} INFO - [2026-06-09T11:44:48.808+0000] {dag.py:2941} INFO - Sync 1 DAGs
[2026-06-09T11:44:48.901+0000] {logging_mixin.py:154} INFO - [2026-06-09T11:44:48.901+0000] {dag.py:3722} INFO - Setting next_dagrun for example_branch_labels to 2026-06-08T00:00:00+00:00, run_after=2026-06-09T00:00:00+00:00
[2026-06-09T11:44:48.972+0000] {processor.py:179} INFO - Processing /home/airflow/.local/lib/python3.10/site-packages/airflow/example_dags/example_branch_labels.py took 0.283 seconds
[2026-06-09T11:45:19.590+0000] {processor.py:157} INFO - Started process (PID=536) to work on /home/airflow/.local/lib/python3.10/site-packages/airflow/example_dags/example_branch_labels.py
[2026-06-09T11:45:19.593+0000] {processor.py:829} INFO - Processing file /home/airflow/.local/lib/python3.10/site-packages/airflow/example_dags/example_branch_labels.py for tasks to queue
[2026-06-09T11:45:19.619+0000] {logging_mixin.py:154} INFO - [2026-06-09T11:45:19.619+0000] {dagbag.py:536} INFO - Filling up the DagBag from /home/airflow/.local/lib/python3.10/site-packages/airflow/example_dags/example_branch_labels.py
[2026-06-09T11:45:19.680+0000] {processor.py:839} INFO - DAG(s) dict_keys(['example_branch_labels']) retrieved from /home/airflow/.local/lib/python3.10/site-packages/airflow/example_dags/example_branch_labels.py
[2026-06-09T11:45:19.773+0000] {logging_mixin.py:154} INFO - [2026-06-09T11:45:19.773+0000] {dag.py:2941} INFO - Sync 1 DAGs
[2026-06-09T11:45:19.808+0000] {logging_mixin.py:154} INFO - [2026-06-09T11:45:19.807+0000] {dag.py:3722} INFO - Setting next_dagrun for example_branch_labels to 2026-06-08T00:00:00+00:00, run_after=2026-06-09T00:00:00+00:00
[2026-06-09T11:45:19.890+0000] {processor.py:179} INFO - Processing /home/airflow/.local/lib/python3.10/site-packages/airflow/example_dags/example_branch_labels.py took 0.316 seconds
[2026-06-09T11:45:50.071+0000] {processor.py:157} INFO - Started process (PID=587) to work on /home/airflow/.local/lib/python3.10/site-packages/airflow/example_dags/example_branch_labels.py
[2026-06-09T11:45:50.072+0000] {processor.py:829} INFO - Processing file /home/airflow/.local/lib/python3.10/site-packages/airflow/example_dags/example_branch_labels.py for tasks to queue
[2026-06-09T11:45:50.081+0000] {logging_mixin.py:154} INFO - [2026-06-09T11:45:50.080+0000] {dagbag.py:536} INFO - Filling up the DagBag from /home/airflow/.local/lib/python3.10/site-packages/airflow/example_dags/example_branch_labels.py
[2026-06-09T11:45:50.111+0000] {processor.py:839} INFO - DAG(s) dict_keys(['example_branch_labels']) retrieved from /home/airflow/.local/lib/python3.10/site-packages/airflow/example_dags/example_branch_labels.py
[2026-06-09T11:45:50.169+0000] {logging_mixin.py:154} INFO - [2026-06-09T11:45:50.169+0000] {dag.py:2941} INFO - Sync 1 DAGs
[2026-06-09T11:45:50.207+0000] {logging_mixin.py:154} INFO - [2026-06-09T11:45:50.207+0000] {dag.py:3722} INFO - Setting next_dagrun for example_branch_labels to 2026-06-08T00:00:00+00:00, run_after=2026-06-09T00:00:00+00:00
[2026-06-09T11:45:50.230+0000] {processor.py:179} INFO - Processing /home/airflow/.local/lib/python3.10/site-packages/airflow/example_dags/example_branch_labels.py took 0.169 seconds
[2026-06-09T11:46:20.347+0000] {processor.py:157} INFO - Started process (PID=638) to work on /home/airflow/.local/lib/python3.10/site-packages/airflow/example_dags/example_branch_labels.py
[2026-06-09T11:46:20.353+0000] {processor.py:829} INFO - Processing file /home/airflow/.local/lib/python3.10/site-packages/airflow/example_dags/example_branch_labels.py for tasks to queue
[2026-06-09T11:46:20.358+0000] {logging_mixin.py:154} INFO - [2026-06-09T11:46:20.358+0000] {dagbag.py:536} INFO - Filling up the DagBag from /home/airflow/.local/lib/python3.10/site-packages/airflow/example_dags/example_branch_labels.py
[2026-06-09T11:46:20.389+0000] {processor.py:839} INFO - DAG(s) dict_keys(['example_branch_labels']) retrieved from /home/airflow/.local/lib/python3.10/site-packages/airflow/example_dags/example_branch_labels.py
[2026-06-09T11:46:20.478+0000] {logging_mixin.py:154} INFO - [2026-06-09T11:46:20.477+0000] {dag.py:2941} INFO - Sync 1 DAGs
[2026-06-09T11:46:20.680+0000] {logging_mixin.py:154} INFO - [2026-06-09T11:46:20.680+0000] {dag.py:3722} INFO - Setting next_dagrun for example_branch_labels to 2026-06-08T00:00:00+00:00, run_after=2026-06-09T00:00:00+00:00
[2026-06-09T11:46:20.806+0000] {processor.py:179} INFO - Processing /home/airflow/.local/lib/python3.10/site-packages/airflow/example_dags/example_branch_labels.py took 0.473 seconds
[2026-06-09T11:46:51.197+0000] {processor.py:157} INFO - Started process (PID=689) to work on /home/airflow/.local/lib/python3.10/site-packages/airflow/example_dags/example_branch_labels.py
[2026-06-09T11:46:51.198+0000] {processor.py:829} INFO - Processing file /home/airflow/.local/lib/python3.10/site-packages/airflow/example_dags/example_branch_labels.py for tasks to queue
[2026-06-09T11:46:51.201+0000] {logging_mixin.py:154} INFO - [2026-06-09T11:46:51.201+0000] {dagbag.py:536} INFO - Filling up the DagBag from /home/airflow/.local/lib/python3.10/site-packages/airflow/example_dags/example_branch_labels.py
[2026-06-09T11:46:51.213+0000] {processor.py:839} INFO - DAG(s) dict_keys(['example_branch_labels']) retrieved from /home/airflow/.local/lib/python3.10/site-packages/airflow/example_dags/example_branch_labels.py
[2026-06-09T11:46:51.245+0000] {logging_mixin.py:154} INFO - [2026-06-09T11:46:51.244+0000] {dag.py:2941} INFO - Sync 1 DAGs
[2026-06-09T11:46:51.279+0000] {logging_mixin.py:154} INFO - [2026-06-09T11:46:51.279+0000] {dag.py:3722} INFO - Setting next_dagrun for example_branch_labels to 2026-06-08T00:00:00+00:00, run_after=2026-06-09T00:00:00+00:00
[2026-06-09T11:46:51.533+0000] {processor.py:179} INFO - Processing /home/airflow/.local/lib/python3.10/site-packages/airflow/example_dags/example_branch_labels.py took 0.341 seconds
[2026-06-09T11:47:21.962+0000] {processor.py:157} INFO - Started process (PID=740) to work on /home/airflow/.local/lib/python3.10/site-packages/airflow/example_dags/example_branch_labels.py
[2026-06-09T11:47:21.966+0000] {processor.py:829} INFO - Processing file /home/airflow/.local/lib/python3.10/site-packages/airflow/example_dags/example_branch_labels.py for tasks to queue
[2026-06-09T11:47:21.968+0000] {logging_mixin.py:154} INFO - [2026-06-09T11:47:21.968+0000] {dagbag.py:536} INFO - Filling up the DagBag from /home/airflow/.local/lib/python3.10/site-packages/airflow/example_dags/example_branch_labels.py
[2026-06-09T11:47:21.980+0000] {processor.py:839} INFO - DAG(s) dict_keys(['example_branch_labels']) retrieved from /home/airflow/.local/lib/python3.10/site-packages/airflow/example_dags/example_branch_labels.py
[2026-06-09T11:47:22.020+0000] {logging_mixin.py:154} INFO - [2026-06-09T11:47:22.019+0000] {dag.py:2941} INFO - Sync 1 DAGs
[2026-06-09T11:47:22.054+0000] {logging_mixin.py:154} INFO - [2026-06-09T11:47:22.053+0000] {dag.py:3722} INFO - Setting next_dagrun for example_branch_labels to 2026-06-08T00:00:00+00:00, run_after=2026-06-09T00:00:00+00:00
[2026-06-09T11:47:22.082+0000] {processor.py:179} INFO - Processing /home/airflow/.local/lib/python3.10/site-packages/airflow/example_dags/example_branch_labels.py took 0.125 seconds
[2026-06-09T11:47:52.569+0000] {processor.py:157} INFO - Started process (PID=791) to work on /home/airflow/.local/lib/python3.10/site-packages/airflow/example_dags/example_branch_labels.py
[2026-06-09T11:47:52.571+0000] {processor.py:829} INFO - Processing file /home/airflow/.local/lib/python3.10/site-packages/airflow/example_dags/example_branch_labels.py for tasks to queue
[2026-06-09T11:47:52.573+0000] {logging_mixin.py:154} INFO - [2026-06-09T11:47:52.573+0000] {dagbag.py:536} INFO - Filling up the DagBag from /home/airflow/.local/lib/python3.10/site-packages/airflow/example_dags/example_branch_labels.py
[2026-06-09T11:47:52.586+0000] {processor.py:839} INFO - DAG(s) dict_keys(['example_branch_labels']) retrieved from /home/airflow/.local/lib/python3.10/site-packages/airflow/example_dags/example_branch_labels.py
[2026-06-09T11:47:52.619+0000] {logging_mixin.py:154} INFO - [2026-06-09T11:47:52.619+0000] {dag.py:2941} INFO - Sync 1 DAGs
[2026-06-09T11:47:52.899+0000] {logging_mixin.py:154} INFO - [2026-06-09T11:47:52.899+0000] {dag.py:3722} INFO - Setting next_dagrun for example_branch_labels to 2026-06-08T00:00:00+00:00, run_after=2026-06-09T00:00:00+00:00
[2026-06-09T11:47:52.946+0000] {processor.py:179} INFO - Processing /home/airflow/.local/lib/python3.10/site-packages/airflow/example_dags/example_branch_labels.py took 0.382 seconds
[2026-06-09T11:48:23.678+0000] {processor.py:157} INFO - Started process (PID=842) to work on /home/airflow/.local/lib/python3.10/site-packages/airflow/example_dags/example_branch_labels.py
[2026-06-09T11:48:23.686+0000] {processor.py:829} INFO - Processing file /home/airflow/.local/lib/python3.10/site-packages/airflow/example_dags/example_branch_labels.py for tasks to queue
[2026-06-09T11:48:23.688+0000] {logging_mixin.py:154} INFO - [2026-06-09T11:48:23.688+0000] {dagbag.py:536} INFO - Filling up the DagBag from /home/airflow/.local/lib/python3.10/site-packages/airflow/example_dags/example_branch_labels.py
[2026-06-09T11:48:23.724+0000] {processor.py:839} INFO - DAG(s) dict_keys(['example_branch_labels']) retrieved from /home/airflow/.local/lib/python3.10/site-packages/airflow/example_dags/example_branch_labels.py
[2026-06-09T11:48:23.798+0000] {logging_mixin.py:154} INFO - [2026-06-09T11:48:23.798+0000] {dag.py:2941} INFO - Sync 1 DAGs
[2026-06-09T11:48:23.876+0000] {logging_mixin.py:154} INFO - [2026-06-09T11:48:23.876+0000] {dag.py:3722} INFO - Setting next_dagrun for example_branch_labels to 2026-06-08T00:00:00+00:00, run_after=2026-06-09T00:00:00+00:00
[2026-06-09T11:48:23.932+0000] {processor.py:179} INFO - Processing /home/airflow/.local/lib/python3.10/site-packages/airflow/example_dags/example_branch_labels.py took 0.267 seconds
[2026-06-09T11:48:54.011+0000] {processor.py:157} INFO - Started process (PID=893) to work on /home/airflow/.local/lib/python3.10/site-packages/airflow/example_dags/example_branch_labels.py
[2026-06-09T11:48:54.012+0000] {processor.py:829} INFO - Processing file /home/airflow/.local/lib/python3.10/site-packages/airflow/example_dags/example_branch_labels.py for tasks to queue
[2026-06-09T11:48:54.015+0000] {logging_mixin.py:154} INFO - [2026-06-09T11:48:54.015+0000] {dagbag.py:536} INFO - Filling up the DagBag from /home/airflow/.local/lib/python3.10/site-packages/airflow/example_dags/example_branch_labels.py
[2026-06-09T11:48:54.027+0000] {processor.py:839} INFO - DAG(s) dict_keys(['example_branch_labels']) retrieved from /home/airflow/.local/lib/python3.10/site-packages/airflow/example_dags/example_branch_labels.py
[2026-06-09T11:48:54.060+0000] {logging_mixin.py:154} INFO - [2026-06-09T11:48:54.060+0000] {dag.py:2941} INFO - Sync 1 DAGs
[2026-06-09T11:48:54.096+0000] {logging_mixin.py:154} INFO - [2026-06-09T11:48:54.095+0000] {dag.py:3722} INFO - Setting next_dagrun for example_branch_labels to 2026-06-08T00:00:00+00:00, run_after=2026-06-09T00:00:00+00:00
[2026-06-09T11:48:54.119+0000] {processor.py:179} INFO - Processing /home/airflow/.local/lib/python3.10/site-packages/airflow/example_dags/example_branch_labels.py took 0.113 seconds
[2026-06-09T11:49:24.639+0000] {processor.py:157} INFO - Started process (PID=944) to work on /home/airflow/.local/lib/python3.10/site-packages/airflow/example_dags/example_branch_labels.py
[2026-06-09T11:49:24.640+0000] {processor.py:829} INFO - Processing file /home/airflow/.local/lib/python3.10/site-packages/airflow/example_dags/example_branch_labels.py for tasks to queue
[2026-06-09T11:49:24.643+0000] {logging_mixin.py:154} INFO - [2026-06-09T11:49:24.643+0000] {dagbag.py:536} INFO - Filling up the DagBag from /home/airflow/.local/lib/python3.10/site-packages/airflow/example_dags/example_branch_labels.py
[2026-06-09T11:49:24.655+0000] {processor.py:839} INFO - DAG(s) dict_keys(['example_branch_labels']) retrieved from /home/airflow/.local/lib/python3.10/site-packages/airflow/example_dags/example_branch_labels.py
[2026-06-09T11:49:24.686+0000] {logging_mixin.py:154} INFO - [2026-06-09T11:49:24.686+0000] {dag.py:2941} INFO - Sync 1 DAGs
[2026-06-09T11:49:24.963+0000] {logging_mixin.py:154} INFO - [2026-06-09T11:49:24.962+0000] {dag.py:3722} INFO - Setting next_dagrun for example_branch_labels to 2026-06-08T00:00:00+00:00, run_after=2026-06-09T00:00:00+00:00
[2026-06-09T11:49:24.983+0000] {processor.py:179} INFO - Processing /home/airflow/.local/lib/python3.10/site-packages/airflow/example_dags/example_branch_labels.py took 0.349 seconds
[2026-06-09T11:49:55.734+0000] {processor.py:157} INFO - Started process (PID=995) to work on /home/airflow/.local/lib/python3.10/site-packages/airflow/example_dags/example_branch_labels.py
[2026-06-09T11:49:55.753+0000] {processor.py:829} INFO - Processing file /home/airflow/.local/lib/python3.10/site-packages/airflow/example_dags/example_branch_labels.py for tasks to queue
[2026-06-09T11:49:55.756+0000] {logging_mixin.py:154} INFO - [2026-06-09T11:49:55.756+0000] {dagbag.py:536} INFO - Filling up the DagBag from /home/airflow/.local/lib/python3.10/site-packages/airflow/example_dags/example_branch_labels.py
[2026-06-09T11:49:55.806+0000] {processor.py:839} INFO - DAG(s) dict_keys(['example_branch_labels']) retrieved from /home/airflow/.local/lib/python3.10/site-packages/airflow/example_dags/example_branch_labels.py
[2026-06-09T11:49:55.958+0000] {logging_mixin.py:154} INFO - [2026-06-09T11:49:55.958+0000] {dag.py:2941} INFO - Sync 1 DAGs
[2026-06-09T11:49:56.099+0000] {logging_mixin.py:154} INFO - [2026-06-09T11:49:56.098+0000] {dag.py:3722} INFO - Setting next_dagrun for example_branch_labels to 2026-06-08T00:00:00+00:00, run_after=2026-06-09T00:00:00+00:00
[2026-06-09T11:49:56.190+0000] {processor.py:179} INFO - Processing /home/airflow/.local/lib/python3.10/site-packages/airflow/example_dags/example_branch_labels.py took 0.464 seconds
[2026-06-09T11:50:26.409+0000] {processor.py:157} INFO - Started process (PID=1046) to work on /home/airflow/.local/lib/python3.10/site-packages/airflow/example_dags/example_branch_labels.py
[2026-06-09T11:50:26.411+0000] {processor.py:829} INFO - Processing file /home/airflow/.local/lib/python3.10/site-packages/airflow/example_dags/example_branch_labels.py for tasks to queue
[2026-06-09T11:50:26.414+0000] {logging_mixin.py:154} INFO - [2026-06-09T11:50:26.413+0000] {dagbag.py:536} INFO - Filling up the DagBag from /home/airflow/.local/lib/python3.10/site-packages/airflow/example_dags/example_branch_labels.py
[2026-06-09T11:50:26.426+0000] {processor.py:839} INFO - DAG(s) dict_keys(['example_branch_labels']) retrieved from /home/airflow/.local/lib/python3.10/site-packages/airflow/example_dags/example_branch_labels.py
[2026-06-09T11:50:26.457+0000] {logging_mixin.py:154} INFO - [2026-06-09T11:50:26.457+0000] {dag.py:2941} INFO - Sync 1 DAGs
[2026-06-09T11:50:26.493+0000] {logging_mixin.py:154} INFO - [2026-06-09T11:50:26.493+0000] {dag.py:3722} INFO - Setting next_dagrun for example_branch_labels to 2026-06-08T00:00:00+00:00, run_after=2026-06-09T00:00:00+00:00
[2026-06-09T11:50:26.521+0000] {processor.py:179} INFO - Processing /home/airflow/.local/lib/python3.10/site-packages/airflow/example_dags/example_branch_labels.py took 0.117 seconds
[2026-06-09T11:50:56.756+0000] {processor.py:157} INFO - Started process (PID=1097) to work on /home/airflow/.local/lib/python3.10/site-packages/airflow/example_dags/example_branch_labels.py
[2026-06-09T11:50:56.757+0000] {processor.py:829} INFO - Processing file /home/airflow/.local/lib/python3.10/site-packages/airflow/example_dags/example_branch_labels.py for tasks to queue
[2026-06-09T11:50:56.759+0000] {logging_mixin.py:154} INFO - [2026-06-09T11:50:56.759+0000] {dagbag.py:536} INFO - Filling up the DagBag from /home/airflow/.local/lib/python3.10/site-packages/airflow/example_dags/example_branch_labels.py
[2026-06-09T11:50:56.768+0000] {processor.py:839} INFO - DAG(s) dict_keys(['example_branch_labels']) retrieved from /home/airflow/.local/lib/python3.10/site-packages/airflow/example_dags/example_branch_labels.py
[2026-06-09T11:50:56.958+0000] {logging_mixin.py:154} INFO - [2026-06-09T11:50:56.957+0000] {dag.py:2941} INFO - Sync 1 DAGs
[2026-06-09T11:50:56.980+0000] {logging_mixin.py:154} INFO - [2026-06-09T11:50:56.979+0000] {dag.py:3722} INFO - Setting next_dagrun for example_branch_labels to 2026-06-08T00:00:00+00:00, run_after=2026-06-09T00:00:00+00:00
[2026-06-09T11:50:56.998+0000] {processor.py:179} INFO - Processing /home/airflow/.local/lib/python3.10/site-packages/airflow/example_dags/example_branch_labels.py took 0.247 seconds
[2026-06-09T11:51:27.207+0000] {processor.py:157} INFO - Started process (PID=1148) to work on /home/airflow/.local/lib/python3.10/site-packages/airflow/example_dags/example_branch_labels.py
[2026-06-09T11:51:27.208+0000] {processor.py:829} INFO - Processing file /home/airflow/.local/lib/python3.10/site-packages/airflow/example_dags/example_branch_labels.py for tasks to queue
[2026-06-09T11:51:27.210+0000] {logging_mixin.py:154} INFO - [2026-06-09T11:51:27.210+0000] {dagbag.py:536} INFO - Filling up the DagBag from /home/airflow/.local/lib/python3.10/site-packages/airflow/example_dags/example_branch_labels.py
[2026-06-09T11:51:27.220+0000] {processor.py:839} INFO - DAG(s) dict_keys(['example_branch_labels']) retrieved from /home/airflow/.local/lib/python3.10/site-packages/airflow/example_dags/example_branch_labels.py
[2026-06-09T11:51:27.244+0000] {logging_mixin.py:154} INFO - [2026-06-09T11:51:27.243+0000] {dag.py:2941} INFO - Sync 1 DAGs
[2026-06-09T11:51:27.433+0000] {logging_mixin.py:154} INFO - [2026-06-09T11:51:27.432+0000] {dag.py:3722} INFO - Setting next_dagrun for example_branch_labels to 2026-06-08T00:00:00+00:00, run_after=2026-06-09T00:00:00+00:00
[2026-06-09T11:51:27.450+0000] {processor.py:179} INFO - Processing /home/airflow/.local/lib/python3.10/site-packages/airflow/example_dags/example_branch_labels.py took 0.247 seconds
[2026-06-09T11:51:58.167+0000] {processor.py:157} INFO - Started process (PID=1197) to work on /home/airflow/.local/lib/python3.10/site-packages/airflow/example_dags/example_branch_labels.py
[2026-06-09T11:51:58.181+0000] {processor.py:829} INFO - Processing file /home/airflow/.local/lib/python3.10/site-packages/airflow/example_dags/example_branch_labels.py for tasks to queue
[2026-06-09T11:51:58.186+0000] {logging_mixin.py:154} INFO - [2026-06-09T11:51:58.185+0000] {dagbag.py:536} INFO - Filling up the DagBag from /home/airflow/.local/lib/python3.10/site-packages/airflow/example_dags/example_branch_labels.py
[2026-06-09T11:51:58.210+0000] {processor.py:839} INFO - DAG(s) dict_keys(['example_branch_labels']) retrieved from /home/airflow/.local/lib/python3.10/site-packages/airflow/example_dags/example_branch_labels.py
[2026-06-09T11:51:58.258+0000] {logging_mixin.py:154} INFO - [2026-06-09T11:51:58.258+0000] {dag.py:2941} INFO - Sync 1 DAGs
[2026-06-09T11:51:58.298+0000] {logging_mixin.py:154} INFO - [2026-06-09T11:51:58.298+0000] {dag.py:3722} INFO - Setting next_dagrun for example_branch_labels to 2026-06-08T00:00:00+00:00, run_after=2026-06-09T00:00:00+00:00
[2026-06-09T11:51:58.323+0000] {processor.py:179} INFO - Processing /home/airflow/.local/lib/python3.10/site-packages/airflow/example_dags/example_branch_labels.py took 0.169 seconds
[2026-06-09T11:52:29.043+0000] {processor.py:157} INFO - Started process (PID=1248) to work on /home/airflow/.local/lib/python3.10/site-packages/airflow/example_dags/example_branch_labels.py
[2026-06-09T11:52:29.045+0000] {processor.py:829} INFO - Processing file /home/airflow/.local/lib/python3.10/site-packages/airflow/example_dags/example_branch_labels.py for tasks to queue
[2026-06-09T11:52:29.048+0000] {logging_mixin.py:154} INFO - [2026-06-09T11:52:29.048+0000] {dagbag.py:536} INFO - Filling up the DagBag from /home/airflow/.local/lib/python3.10/site-packages/airflow/example_dags/example_branch_labels.py
[2026-06-09T11:52:29.061+0000] {processor.py:839} INFO - DAG(s) dict_keys(['example_branch_labels']) retrieved from /home/airflow/.local/lib/python3.10/site-packages/airflow/example_dags/example_branch_labels.py
[2026-06-09T11:52:29.092+0000] {logging_mixin.py:154} INFO - [2026-06-09T11:52:29.092+0000] {dag.py:2941} INFO - Sync 1 DAGs
[2026-06-09T11:52:29.126+0000] {logging_mixin.py:154} INFO - [2026-06-09T11:52:29.125+0000] {dag.py:3722} INFO - Setting next_dagrun for example_branch_labels to 2026-06-08T00:00:00+00:00, run_after=2026-06-09T00:00:00+00:00
[2026-06-09T11:52:29.149+0000] {processor.py:179} INFO - Processing /home/airflow/.local/lib/python3.10/site-packages/airflow/example_dags/example_branch_labels.py took 0.113 seconds
[2026-06-09T11:53:00.108+0000] {processor.py:157} INFO - Started process (PID=1299) to work on /home/airflow/.local/lib/python3.10/site-packages/airflow/example_dags/example_branch_labels.py
[2026-06-09T11:53:00.112+0000] {processor.py:829} INFO - Processing file /home/airflow/.local/lib/python3.10/site-packages/airflow/example_dags/example_branch_labels.py for tasks to queue
[2026-06-09T11:53:00.115+0000] {logging_mixin.py:154} INFO - [2026-06-09T11:53:00.114+0000] {dagbag.py:536} INFO - Filling up the DagBag from /home/airflow/.local/lib/python3.10/site-packages/airflow/example_dags/example_branch_labels.py
[2026-06-09T11:53:00.130+0000] {processor.py:839} INFO - DAG(s) dict_keys(['example_branch_labels']) retrieved from /home/airflow/.local/lib/python3.10/site-packages/airflow/example_dags/example_branch_labels.py
[2026-06-09T11:53:00.190+0000] {logging_mixin.py:154} INFO - [2026-06-09T11:53:00.190+0000] {dag.py:2941} INFO - Sync 1 DAGs
[2026-06-09T11:53:00.225+0000] {logging_mixin.py:154} INFO - [2026-06-09T11:53:00.225+0000] {dag.py:3722} INFO - Setting next_dagrun for example_branch_labels to 2026-06-08T00:00:00+00:00, run_after=2026-06-09T00:00:00+00:00
[2026-06-09T11:53:00.253+0000] {processor.py:179} INFO - Processing /home/airflow/.local/lib/python3.10/site-packages/airflow/example_dags/example_branch_labels.py took 0.165 seconds
[2026-06-09T11:53:30.993+0000] {processor.py:157} INFO - Started process (PID=1350) to work on /home/airflow/.local/lib/python3.10/site-packages/airflow/example_dags/example_branch_labels.py
[2026-06-09T11:53:30.996+0000] {processor.py:829} INFO - Processing file /home/airflow/.local/lib/python3.10/site-packages/airflow/example_dags/example_branch_labels.py for tasks to queue
[2026-06-09T11:53:31.002+0000] {logging_mixin.py:154} INFO - [2026-06-09T11:53:31.002+0000] {dagbag.py:536} INFO - Filling up the DagBag from /home/airflow/.local/lib/python3.10/site-packages/airflow/example_dags/example_branch_labels.py
[2026-06-09T11:53:31.016+0000] {processor.py:839} INFO - DAG(s) dict_keys(['example_branch_labels']) retrieved from /home/airflow/.local/lib/python3.10/site-packages/airflow/example_dags/example_branch_labels.py
[2026-06-09T11:53:31.081+0000] {logging_mixin.py:154} INFO - [2026-06-09T11:53:31.080+0000] {dag.py:2941} INFO - Sync 1 DAGs
[2026-06-09T11:53:31.173+0000] {logging_mixin.py:154} INFO - [2026-06-09T11:53:31.172+0000] {dag.py:3722} INFO - Setting next_dagrun for example_branch_labels to 2026-06-08T00:00:00+00:00, run_after=2026-06-09T00:00:00+00:00
[2026-06-09T11:53:31.230+0000] {processor.py:179} INFO - Processing /home/airflow/.local/lib/python3.10/site-packages/airflow/example_dags/example_branch_labels.py took 0.244 seconds
[2026-06-09T11:54:01.885+0000] {processor.py:157} INFO - Started process (PID=1401) to work on /home/airflow/.local/lib/python3.10/site-packages/airflow/example_dags/example_branch_labels.py
[2026-06-09T11:54:01.892+0000] {processor.py:829} INFO - Processing file /home/airflow/.local/lib/python3.10/site-packages/airflow/example_dags/example_branch_labels.py for tasks to queue
[2026-06-09T11:54:01.919+0000] {logging_mixin.py:154} INFO - [2026-06-09T11:54:01.919+0000] {dagbag.py:536} INFO - Filling up the DagBag from /home/airflow/.local/lib/python3.10/site-packages/airflow/example_dags/example_branch_labels.py
[2026-06-09T11:54:02.008+0000] {processor.py:839} INFO - DAG(s) dict_keys(['example_branch_labels']) retrieved from /home/airflow/.local/lib/python3.10/site-packages/airflow/example_dags/example_branch_labels.py
[2026-06-09T11:54:02.170+0000] {logging_mixin.py:154} INFO - [2026-06-09T11:54:02.170+0000] {dag.py:2941} INFO - Sync 1 DAGs
[2026-06-09T11:54:02.310+0000] {logging_mixin.py:154} INFO - [2026-06-09T11:54:02.310+0000] {dag.py:3722} INFO - Setting next_dagrun for example_branch_labels to 2026-06-08T00:00:00+00:00, run_after=2026-06-09T00:00:00+00:00
[2026-06-09T11:54:02.429+0000] {processor.py:179} INFO - Processing /home/airflow/.local/lib/python3.10/site-packages/airflow/example_dags/example_branch_labels.py took 0.557 seconds
[2026-06-09T11:54:32.725+0000] {processor.py:157} INFO - Started process (PID=1452) to work on /home/airflow/.local/lib/python3.10/site-packages/airflow/example_dags/example_branch_labels.py
[2026-06-09T11:54:32.726+0000] {processor.py:829} INFO - Processing file /home/airflow/.local/lib/python3.10/site-packages/airflow/example_dags/example_branch_labels.py for tasks to queue
[2026-06-09T11:54:32.729+0000] {logging_mixin.py:154} INFO - [2026-06-09T11:54:32.729+0000] {dagbag.py:536} INFO - Filling up the DagBag from /home/airflow/.local/lib/python3.10/site-packages/airflow/example_dags/example_branch_labels.py
[2026-06-09T11:54:32.743+0000] {processor.py:839} INFO - DAG(s) dict_keys(['example_branch_labels']) retrieved from /home/airflow/.local/lib/python3.10/site-packages/airflow/example_dags/example_branch_labels.py
[2026-06-09T11:54:32.852+0000] {logging_mixin.py:154} INFO - [2026-06-09T11:54:32.852+0000] {dag.py:2941} INFO - Sync 1 DAGs
[2026-06-09T11:54:32.919+0000] {logging_mixin.py:154} INFO - [2026-06-09T11:54:32.918+0000] {dag.py:3722} INFO - Setting next_dagrun for example_branch_labels to 2026-06-08T00:00:00+00:00, run_after=2026-06-09T00:00:00+00:00
[2026-06-09T11:54:32.957+0000] {processor.py:179} INFO - Processing /home/airflow/.local/lib/python3.10/site-packages/airflow/example_dags/example_branch_labels.py took 0.237 seconds
[2026-06-09T11:55:03.174+0000] {processor.py:157} INFO - Started process (PID=1503) to work on /home/airflow/.local/lib/python3.10/site-packages/airflow/example_dags/example_branch_labels.py
[2026-06-09T11:55:03.185+0000] {processor.py:829} INFO - Processing file /home/airflow/.local/lib/python3.10/site-packages/airflow/example_dags/example_branch_labels.py for tasks to queue
[2026-06-09T11:55:03.192+0000] {logging_mixin.py:154} INFO - [2026-06-09T11:55:03.192+0000] {dagbag.py:536} INFO - Filling up the DagBag from /home/airflow/.local/lib/python3.10/site-packages/airflow/example_dags/example_branch_labels.py
[2026-06-09T11:55:03.204+0000] {processor.py:839} INFO - DAG(s) dict_keys(['example_branch_labels']) retrieved from /home/airflow/.local/lib/python3.10/site-packages/airflow/example_dags/example_branch_labels.py
[2026-06-09T11:55:03.248+0000] {logging_mixin.py:154} INFO - [2026-06-09T11:55:03.238+0000] {dag.py:2941} INFO - Sync 1 DAGs
[2026-06-09T11:55:03.329+0000] {logging_mixin.py:154} INFO - [2026-06-09T11:55:03.329+0000] {dag.py:3722} INFO - Setting next_dagrun for example_branch_labels to 2026-06-08T00:00:00+00:00, run_after=2026-06-09T00:00:00+00:00
[2026-06-09T11:55:03.377+0000] {processor.py:179} INFO - Processing /home/airflow/.local/lib/python3.10/site-packages/airflow/example_dags/example_branch_labels.py took 0.215 seconds
[2026-06-09T11:55:34.038+0000] {processor.py:157} INFO - Started process (PID=1554) to work on /home/airflow/.local/lib/python3.10/site-packages/airflow/example_dags/example_branch_labels.py
[2026-06-09T11:55:34.045+0000] {processor.py:829} INFO - Processing file /home/airflow/.local/lib/python3.10/site-packages/airflow/example_dags/example_branch_labels.py for tasks to queue
[2026-06-09T11:55:34.048+0000] {logging_mixin.py:154} INFO - [2026-06-09T11:55:34.047+0000] {dagbag.py:536} INFO - Filling up the DagBag from /home/airflow/.local/lib/python3.10/site-packages/airflow/example_dags/example_branch_labels.py
[2026-06-09T11:55:34.062+0000] {processor.py:839} INFO - DAG(s) dict_keys(['example_branch_labels']) retrieved from /home/airflow/.local/lib/python3.10/site-packages/airflow/example_dags/example_branch_labels.py
[2026-06-09T11:55:34.096+0000] {logging_mixin.py:154} INFO - [2026-06-09T11:55:34.096+0000] {dag.py:2941} INFO - Sync 1 DAGs
[2026-06-09T11:55:34.132+0000] {logging_mixin.py:154} INFO - [2026-06-09T11:55:34.131+0000] {dag.py:3722} INFO - Setting next_dagrun for example_branch_labels to 2026-06-08T00:00:00+00:00, run_after=2026-06-09T00:00:00+00:00
[2026-06-09T11:55:34.170+0000] {processor.py:179} INFO - Processing /home/airflow/.local/lib/python3.10/site-packages/airflow/example_dags/example_branch_labels.py took 0.137 seconds
[2026-06-09T11:56:04.821+0000] {processor.py:157} INFO - Started process (PID=1605) to work on /home/airflow/.local/lib/python3.10/site-packages/airflow/example_dags/example_branch_labels.py
[2026-06-09T11:56:04.822+0000] {processor.py:829} INFO - Processing file /home/airflow/.local/lib/python3.10/site-packages/airflow/example_dags/example_branch_labels.py for tasks to queue
[2026-06-09T11:56:04.825+0000] {logging_mixin.py:154} INFO - [2026-06-09T11:56:04.825+0000] {dagbag.py:536} INFO - Filling up the DagBag from /home/airflow/.local/lib/python3.10/site-packages/airflow/example_dags/example_branch_labels.py
[2026-06-09T11:56:04.837+0000] {processor.py:839} INFO - DAG(s) dict_keys(['example_branch_labels']) retrieved from /home/airflow/.local/lib/python3.10/site-packages/airflow/example_dags/example_branch_labels.py
[2026-06-09T11:56:04.867+0000] {logging_mixin.py:154} INFO - [2026-06-09T11:56:04.867+0000] {dag.py:2941} INFO - Sync 1 DAGs
[2026-06-09T11:56:04.913+0000] {logging_mixin.py:154} INFO - [2026-06-09T11:56:04.913+0000] {dag.py:3722} INFO - Setting next_dagrun for example_branch_labels to 2026-06-08T00:00:00+00:00, run_after=2026-06-09T00:00:00+00:00
[2026-06-09T11:56:04.989+0000] {processor.py:179} INFO - Processing /home/airflow/.local/lib/python3.10/site-packages/airflow/example_dags/example_branch_labels.py took 0.173 seconds
[2026-06-09T11:56:35.689+0000] {processor.py:157} INFO - Started process (PID=1656) to work on /home/airflow/.local/lib/python3.10/site-packages/airflow/example_dags/example_branch_labels.py
[2026-06-09T11:56:35.705+0000] {processor.py:829} INFO - Processing file /home/airflow/.local/lib/python3.10/site-packages/airflow/example_dags/example_branch_labels.py for tasks to queue
[2026-06-09T11:56:35.713+0000] {logging_mixin.py:154} INFO - [2026-06-09T11:56:35.713+0000] {dagbag.py:536} INFO - Filling up the DagBag from /home/airflow/.local/lib/python3.10/site-packages/airflow/example_dags/example_branch_labels.py
[2026-06-09T11:56:35.738+0000] {processor.py:839} INFO - DAG(s) dict_keys(['example_branch_labels']) retrieved from /home/airflow/.local/lib/python3.10/site-packages/airflow/example_dags/example_branch_labels.py
[2026-06-09T11:56:35.819+0000] {logging_mixin.py:154} INFO - [2026-06-09T11:56:35.819+0000] {dag.py:2941} INFO - Sync 1 DAGs
[2026-06-09T11:56:35.878+0000] {logging_mixin.py:154} INFO - [2026-06-09T11:56:35.878+0000] {dag.py:3722} INFO - Setting next_dagrun for example_branch_labels to 2026-06-08T00:00:00+00:00, run_after=2026-06-09T00:00:00+00:00
[2026-06-09T11:56:35.902+0000] {processor.py:179} INFO - Processing /home/airflow/.local/lib/python3.10/site-packages/airflow/example_dags/example_branch_labels.py took 0.218 seconds
[2026-06-09T11:57:06.446+0000] {processor.py:157} INFO - Started process (PID=1707) to work on /home/airflow/.local/lib/python3.10/site-packages/airflow/example_dags/example_branch_labels.py
[2026-06-09T11:57:06.458+0000] {processor.py:829} INFO - Processing file /home/airflow/.local/lib/python3.10/site-packages/airflow/example_dags/example_branch_labels.py for tasks to queue
[2026-06-09T11:57:06.460+0000] {logging_mixin.py:154} INFO - [2026-06-09T11:57:06.460+0000] {dagbag.py:536} INFO - Filling up the DagBag from /home/airflow/.local/lib/python3.10/site-packages/airflow/example_dags/example_branch_labels.py
[2026-06-09T11:57:06.493+0000] {processor.py:839} INFO - DAG(s) dict_keys(['example_branch_labels']) retrieved from /home/airflow/.local/lib/python3.10/site-packages/airflow/example_dags/example_branch_labels.py
[2026-06-09T11:57:06.594+0000] {logging_mixin.py:154} INFO - [2026-06-09T11:57:06.593+0000] {dag.py:2941} INFO - Sync 1 DAGs
[2026-06-09T11:57:06.721+0000] {logging_mixin.py:154} INFO - [2026-06-09T11:57:06.720+0000] {dag.py:3722} INFO - Setting next_dagrun for example_branch_labels to 2026-06-08T00:00:00+00:00, run_after=2026-06-09T00:00:00+00:00
[2026-06-09T11:57:06.794+0000] {processor.py:179} INFO - Processing /home/airflow/.local/lib/python3.10/site-packages/airflow/example_dags/example_branch_labels.py took 0.359 seconds
[2026-06-09T11:57:36.855+0000] {processor.py:157} INFO - Started process (PID=1758) to work on /home/airflow/.local/lib/python3.10/site-packages/airflow/example_dags/example_branch_labels.py
[2026-06-09T11:57:36.856+0000] {processor.py:829} INFO - Processing file /home/airflow/.local/lib/python3.10/site-packages/airflow/example_dags/example_branch_labels.py for tasks to queue
[2026-06-09T11:57:36.858+0000] {logging_mixin.py:154} INFO - [2026-06-09T11:57:36.858+0000] {dagbag.py:536} INFO - Filling up the DagBag from /home/airflow/.local/lib/python3.10/site-packages/airflow/example_dags/example_branch_labels.py
[2026-06-09T11:57:36.868+0000] {processor.py:839} INFO - DAG(s) dict_keys(['example_branch_labels']) retrieved from /home/airflow/.local/lib/python3.10/site-packages/airflow/example_dags/example_branch_labels.py
[2026-06-09T11:57:36.894+0000] {logging_mixin.py:154} INFO - [2026-06-09T11:57:36.894+0000] {dag.py:2941} INFO - Sync 1 DAGs
[2026-06-09T11:57:36.922+0000] {logging_mixin.py:154} INFO - [2026-06-09T11:57:36.922+0000] {dag.py:3722} INFO - Setting next_dagrun for example_branch_labels to 2026-06-08T00:00:00+00:00, run_after=2026-06-09T00:00:00+00:00
[2026-06-09T11:57:36.944+0000] {processor.py:179} INFO - Processing /home/airflow/.local/lib/python3.10/site-packages/airflow/example_dags/example_branch_labels.py took 0.094 seconds
[2026-06-09T11:58:07.785+0000] {processor.py:157} INFO - Started process (PID=1809) to work on /home/airflow/.local/lib/python3.10/site-packages/airflow/example_dags/example_branch_labels.py
[2026-06-09T11:58:07.786+0000] {processor.py:829} INFO - Processing file /home/airflow/.local/lib/python3.10/site-packages/airflow/example_dags/example_branch_labels.py for tasks to queue
[2026-06-09T11:58:07.789+0000] {logging_mixin.py:154} INFO - [2026-06-09T11:58:07.789+0000] {dagbag.py:536} INFO - Filling up the DagBag from /home/airflow/.local/lib/python3.10/site-packages/airflow/example_dags/example_branch_labels.py
[2026-06-09T11:58:07.801+0000] {processor.py:839} INFO - DAG(s) dict_keys(['example_branch_labels']) retrieved from /home/airflow/.local/lib/python3.10/site-packages/airflow/example_dags/example_branch_labels.py
[2026-06-09T11:58:07.836+0000] {logging_mixin.py:154} INFO - [2026-06-09T11:58:07.836+0000] {dag.py:2941} INFO - Sync 1 DAGs
[2026-06-09T11:58:07.872+0000] {logging_mixin.py:154} INFO - [2026-06-09T11:58:07.871+0000] {dag.py:3722} INFO - Setting next_dagrun for example_branch_labels to 2026-06-08T00:00:00+00:00, run_after=2026-06-09T00:00:00+00:00
[2026-06-09T11:58:07.894+0000] {processor.py:179} INFO - Processing /home/airflow/.local/lib/python3.10/site-packages/airflow/example_dags/example_branch_labels.py took 0.114 seconds
[2026-06-09T11:58:38.535+0000] {processor.py:157} INFO - Started process (PID=1860) to work on /home/airflow/.local/lib/python3.10/site-packages/airflow/example_dags/example_branch_labels.py
[2026-06-09T11:58:38.537+0000] {processor.py:829} INFO - Processing file /home/airflow/.local/lib/python3.10/site-packages/airflow/example_dags/example_branch_labels.py for tasks to queue
[2026-06-09T11:58:38.540+0000] {logging_mixin.py:154} INFO - [2026-06-09T11:58:38.539+0000] {dagbag.py:536} INFO - Filling up the DagBag from /home/airflow/.local/lib/python3.10/site-packages/airflow/example_dags/example_branch_labels.py
[2026-06-09T11:58:38.551+0000] {processor.py:839} INFO - DAG(s) dict_keys(['example_branch_labels']) retrieved from /home/airflow/.local/lib/python3.10/site-packages/airflow/example_dags/example_branch_labels.py
[2026-06-09T11:58:38.584+0000] {logging_mixin.py:154} INFO - [2026-06-09T11:58:38.583+0000] {dag.py:2941} INFO - Sync 1 DAGs
[2026-06-09T11:58:38.632+0000] {logging_mixin.py:154} INFO - [2026-06-09T11:58:38.632+0000] {dag.py:3722} INFO - Setting next_dagrun for example_branch_labels to 2026-06-08T00:00:00+00:00, run_after=2026-06-09T00:00:00+00:00
[2026-06-09T11:58:38.657+0000] {processor.py:179} INFO - Processing /home/airflow/.local/lib/python3.10/site-packages/airflow/example_dags/example_branch_labels.py took 0.127 seconds
[2026-06-09T11:59:08.733+0000] {processor.py:157} INFO - Started process (PID=1911) to work on /home/airflow/.local/lib/python3.10/site-packages/airflow/example_dags/example_branch_labels.py
[2026-06-09T11:59:08.745+0000] {processor.py:829} INFO - Processing file /home/airflow/.local/lib/python3.10/site-packages/airflow/example_dags/example_branch_labels.py for tasks to queue
[2026-06-09T11:59:08.748+0000] {logging_mixin.py:154} INFO - [2026-06-09T11:59:08.748+0000] {dagbag.py:536} INFO - Filling up the DagBag from /home/airflow/.local/lib/python3.10/site-packages/airflow/example_dags/example_branch_labels.py
[2026-06-09T11:59:08.780+0000] {processor.py:839} INFO - DAG(s) dict_keys(['example_branch_labels']) retrieved from /home/airflow/.local/lib/python3.10/site-packages/airflow/example_dags/example_branch_labels.py
[2026-06-09T11:59:08.870+0000] {logging_mixin.py:154} INFO - [2026-06-09T11:59:08.870+0000] {dag.py:2941} INFO - Sync 1 DAGs
[2026-06-09T11:59:08.951+0000] {logging_mixin.py:154} INFO - [2026-06-09T11:59:08.951+0000] {dag.py:3722} INFO - Setting next_dagrun for example_branch_labels to 2026-06-08T00:00:00+00:00, run_after=2026-06-09T00:00:00+00:00
[2026-06-09T11:59:08.999+0000] {processor.py:179} INFO - Processing /home/airflow/.local/lib/python3.10/site-packages/airflow/example_dags/example_branch_labels.py took 0.272 seconds
[2026-06-09T11:59:40.984+0000] {processor.py:157} INFO - Started process (PID=1962) to work on /home/airflow/.local/lib/python3.10/site-packages/airflow/example_dags/example_branch_labels.py
[2026-06-09T11:59:40.989+0000] {processor.py:829} INFO - Processing file /home/airflow/.local/lib/python3.10/site-packages/airflow/example_dags/example_branch_labels.py for tasks to queue
[2026-06-09T11:59:41.002+0000] {logging_mixin.py:154} INFO - [2026-06-09T11:59:41.002+0000] {dagbag.py:536} INFO - Filling up the DagBag from /home/airflow/.local/lib/python3.10/site-packages/airflow/example_dags/example_branch_labels.py
[2026-06-09T11:59:41.049+0000] {processor.py:839} INFO - DAG(s) dict_keys(['example_branch_labels']) retrieved from /home/airflow/.local/lib/python3.10/site-packages/airflow/example_dags/example_branch_labels.py
[2026-06-09T11:59:41.160+0000] {logging_mixin.py:154} INFO - [2026-06-09T11:59:41.160+0000] {dag.py:2941} INFO - Sync 1 DAGs
[2026-06-09T11:59:41.321+0000] {logging_mixin.py:154} INFO - [2026-06-09T11:59:41.321+0000] {dag.py:3722} INFO - Setting next_dagrun for example_branch_labels to 2026-06-08T00:00:00+00:00, run_after=2026-06-09T00:00:00+00:00
[2026-06-09T11:59:41.435+0000] {processor.py:179} INFO - Processing /home/airflow/.local/lib/python3.10/site-packages/airflow/example_dags/example_branch_labels.py took 0.476 seconds
[2026-06-09T12:00:12.164+0000] {processor.py:157} INFO - Started process (PID=2013) to work on /home/airflow/.local/lib/python3.10/site-packages/airflow/example_dags/example_branch_labels.py
[2026-06-09T12:00:12.170+0000] {processor.py:829} INFO - Processing file /home/airflow/.local/lib/python3.10/site-packages/airflow/example_dags/example_branch_labels.py for tasks to queue
[2026-06-09T12:00:12.178+0000] {logging_mixin.py:154} INFO - [2026-06-09T12:00:12.178+0000] {dagbag.py:536} INFO - Filling up the DagBag from /home/airflow/.local/lib/python3.10/site-packages/airflow/example_dags/example_branch_labels.py
[2026-06-09T12:00:12.227+0000] {processor.py:839} INFO - DAG(s) dict_keys(['example_branch_labels']) retrieved from /home/airflow/.local/lib/python3.10/site-packages/airflow/example_dags/example_branch_labels.py
[2026-06-09T12:00:12.363+0000] {logging_mixin.py:154} INFO - [2026-06-09T12:00:12.363+0000] {dag.py:2941} INFO - Sync 1 DAGs
[2026-06-09T12:00:12.507+0000] {logging_mixin.py:154} INFO - [2026-06-09T12:00:12.507+0000] {dag.py:3722} INFO - Setting next_dagrun for example_branch_labels to 2026-06-08T00:00:00+00:00, run_after=2026-06-09T00:00:00+00:00
[2026-06-09T12:00:12.593+0000] {processor.py:179} INFO - Processing /home/airflow/.local/lib/python3.10/site-packages/airflow/example_dags/example_branch_labels.py took 0.440 seconds
[2026-06-09T12:00:42.856+0000] {processor.py:157} INFO - Started process (PID=2064) to work on /home/airflow/.local/lib/python3.10/site-packages/airflow/example_dags/example_branch_labels.py
[2026-06-09T12:00:42.857+0000] {processor.py:829} INFO - Processing file /home/airflow/.local/lib/python3.10/site-packages/airflow/example_dags/example_branch_labels.py for tasks to queue
[2026-06-09T12:00:42.860+0000] {logging_mixin.py:154} INFO - [2026-06-09T12:00:42.859+0000] {dagbag.py:536} INFO - Filling up the DagBag from /home/airflow/.local/lib/python3.10/site-packages/airflow/example_dags/example_branch_labels.py
[2026-06-09T12:00:42.872+0000] {processor.py:839} INFO - DAG(s) dict_keys(['example_branch_labels']) retrieved from /home/airflow/.local/lib/python3.10/site-packages/airflow/example_dags/example_branch_labels.py
[2026-06-09T12:00:42.903+0000] {logging_mixin.py:154} INFO - [2026-06-09T12:00:42.903+0000] {dag.py:2941} INFO - Sync 1 DAGs
[2026-06-09T12:00:42.977+0000] {logging_mixin.py:154} INFO - [2026-06-09T12:00:42.973+0000] {dag.py:3722} INFO - Setting next_dagrun for example_branch_labels to 2026-06-08T00:00:00+00:00, run_after=2026-06-09T00:00:00+00:00
[2026-06-09T12:00:43.025+0000] {processor.py:179} INFO - Processing /home/airflow/.local/lib/python3.10/site-packages/airflow/example_dags/example_branch_labels.py took 0.174 seconds
[2026-06-09T12:01:13.161+0000] {processor.py:157} INFO - Started process (PID=2099) to work on /home/airflow/.local/lib/python3.10/site-packages/airflow/example_dags/example_branch_labels.py
[2026-06-09T12:01:13.162+0000] {processor.py:829} INFO - Processing file /home/airflow/.local/lib/python3.10/site-packages/airflow/example_dags/example_branch_labels.py for tasks to queue
[2026-06-09T12:01:13.165+0000] {logging_mixin.py:154} INFO - [2026-06-09T12:01:13.165+0000] {dagbag.py:536} INFO - Filling up the DagBag from /home/airflow/.local/lib/python3.10/site-packages/airflow/example_dags/example_branch_labels.py
[2026-06-09T12:01:13.177+0000] {processor.py:839} INFO - DAG(s) dict_keys(['example_branch_labels']) retrieved from /home/airflow/.local/lib/python3.10/site-packages/airflow/example_dags/example_branch_labels.py
[2026-06-09T12:01:13.208+0000] {logging_mixin.py:154} INFO - [2026-06-09T12:01:13.208+0000] {dag.py:2941} INFO - Sync 1 DAGs
[2026-06-09T12:01:13.242+0000] {logging_mixin.py:154} INFO - [2026-06-09T12:01:13.242+0000] {dag.py:3722} INFO - Setting next_dagrun for example_branch_labels to 2026-06-08T00:00:00+00:00, run_after=2026-06-09T00:00:00+00:00
[2026-06-09T12:01:13.266+0000] {processor.py:179} INFO - Processing /home/airflow/.local/lib/python3.10/site-packages/airflow/example_dags/example_branch_labels.py took 0.111 seconds
[2026-06-09T12:01:43.828+0000] {processor.py:157} INFO - Started process (PID=2148) to work on /home/airflow/.local/lib/python3.10/site-packages/airflow/example_dags/example_branch_labels.py
[2026-06-09T12:01:43.838+0000] {processor.py:829} INFO - Processing file /home/airflow/.local/lib/python3.10/site-packages/airflow/example_dags/example_branch_labels.py for tasks to queue
[2026-06-09T12:01:43.840+0000] {logging_mixin.py:154} INFO - [2026-06-09T12:01:43.840+0000] {dagbag.py:536} INFO - Filling up the DagBag from /home/airflow/.local/lib/python3.10/site-packages/airflow/example_dags/example_branch_labels.py
[2026-06-09T12:01:43.864+0000] {processor.py:839} INFO - DAG(s) dict_keys(['example_branch_labels']) retrieved from /home/airflow/.local/lib/python3.10/site-packages/airflow/example_dags/example_branch_labels.py
[2026-06-09T12:01:43.894+0000] {logging_mixin.py:154} INFO - [2026-06-09T12:01:43.893+0000] {dag.py:2941} INFO - Sync 1 DAGs
[2026-06-09T12:01:43.965+0000] {logging_mixin.py:154} INFO - [2026-06-09T12:01:43.965+0000] {dag.py:3722} INFO - Setting next_dagrun for example_branch_labels to 2026-06-08T00:00:00+00:00, run_after=2026-06-09T00:00:00+00:00
[2026-06-09T12:01:44.028+0000] {processor.py:179} INFO - Processing /home/airflow/.local/lib/python3.10/site-packages/airflow/example_dags/example_branch_labels.py took 0.209 seconds
[2026-06-09T12:02:14.289+0000] {processor.py:157} INFO - Started process (PID=2198) to work on /home/airflow/.local/lib/python3.10/site-packages/airflow/example_dags/example_branch_labels.py
[2026-06-09T12:02:14.290+0000] {processor.py:829} INFO - Processing file /home/airflow/.local/lib/python3.10/site-packages/airflow/example_dags/example_branch_labels.py for tasks to queue
[2026-06-09T12:02:14.293+0000] {logging_mixin.py:154} INFO - [2026-06-09T12:02:14.292+0000] {dagbag.py:536} INFO - Filling up the DagBag from /home/airflow/.local/lib/python3.10/site-packages/airflow/example_dags/example_branch_labels.py
[2026-06-09T12:02:14.305+0000] {processor.py:839} INFO - DAG(s) dict_keys(['example_branch_labels']) retrieved from /home/airflow/.local/lib/python3.10/site-packages/airflow/example_dags/example_branch_labels.py
[2026-06-09T12:02:14.334+0000] {logging_mixin.py:154} INFO - [2026-06-09T12:02:14.334+0000] {dag.py:2941} INFO - Sync 1 DAGs
[2026-06-09T12:02:14.372+0000] {logging_mixin.py:154} INFO - [2026-06-09T12:02:14.372+0000] {dag.py:3722} INFO - Setting next_dagrun for example_branch_labels to 2026-06-08T00:00:00+00:00, run_after=2026-06-09T00:00:00+00:00
[2026-06-09T12:02:14.394+0000] {processor.py:179} INFO - Processing /home/airflow/.local/lib/python3.10/site-packages/airflow/example_dags/example_branch_labels.py took 0.110 seconds
[2026-06-09T12:02:44.785+0000] {processor.py:157} INFO - Started process (PID=2244) to work on /home/airflow/.local/lib/python3.10/site-packages/airflow/example_dags/example_branch_labels.py
[2026-06-09T12:02:44.787+0000] {processor.py:829} INFO - Processing file /home/airflow/.local/lib/python3.10/site-packages/airflow/example_dags/example_branch_labels.py for tasks to queue
[2026-06-09T12:02:44.790+0000] {logging_mixin.py:154} INFO - [2026-06-09T12:02:44.790+0000] {dagbag.py:536} INFO - Filling up the DagBag from /home/airflow/.local/lib/python3.10/site-packages/airflow/example_dags/example_branch_labels.py
[2026-06-09T12:02:44.802+0000] {processor.py:839} INFO - DAG(s) dict_keys(['example_branch_labels']) retrieved from /home/airflow/.local/lib/python3.10/site-packages/airflow/example_dags/example_branch_labels.py
[2026-06-09T12:02:44.847+0000] {logging_mixin.py:154} INFO - [2026-06-09T12:02:44.847+0000] {dag.py:2941} INFO - Sync 1 DAGs
[2026-06-09T12:02:44.895+0000] {logging_mixin.py:154} INFO - [2026-06-09T12:02:44.895+0000] {dag.py:3722} INFO - Setting next_dagrun for example_branch_labels to 2026-06-08T00:00:00+00:00, run_after=2026-06-09T00:00:00+00:00
[2026-06-09T12:02:44.917+0000] {processor.py:179} INFO - Processing /home/airflow/.local/lib/python3.10/site-packages/airflow/example_dags/example_branch_labels.py took 0.136 seconds
[2026-06-09T12:03:15.183+0000] {processor.py:157} INFO - Started process (PID=2293) to work on /home/airflow/.local/lib/python3.10/site-packages/airflow/example_dags/example_branch_labels.py
[2026-06-09T12:03:15.185+0000] {processor.py:829} INFO - Processing file /home/airflow/.local/lib/python3.10/site-packages/airflow/example_dags/example_branch_labels.py for tasks to queue
[2026-06-09T12:03:15.193+0000] {logging_mixin.py:154} INFO - [2026-06-09T12:03:15.193+0000] {dagbag.py:536} INFO - Filling up the DagBag from /home/airflow/.local/lib/python3.10/site-packages/airflow/example_dags/example_branch_labels.py
[2026-06-09T12:03:15.215+0000] {processor.py:839} INFO - DAG(s) dict_keys(['example_branch_labels']) retrieved from /home/airflow/.local/lib/python3.10/site-packages/airflow/example_dags/example_branch_labels.py
[2026-06-09T12:03:15.246+0000] {logging_mixin.py:154} INFO - [2026-06-09T12:03:15.246+0000] {dag.py:2941} INFO - Sync 1 DAGs
[2026-06-09T12:03:15.276+0000] {logging_mixin.py:154} INFO - [2026-06-09T12:03:15.275+0000] {dag.py:3722} INFO - Setting next_dagrun for example_branch_labels to 2026-06-08T00:00:00+00:00, run_after=2026-06-09T00:00:00+00:00
[2026-06-09T12:03:15.321+0000] {processor.py:179} INFO - Processing /home/airflow/.local/lib/python3.10/site-packages/airflow/example_dags/example_branch_labels.py took 0.144 seconds
[2026-06-09T12:03:45.421+0000] {processor.py:157} INFO - Started process (PID=2336) to work on /home/airflow/.local/lib/python3.10/site-packages/airflow/example_dags/example_branch_labels.py
[2026-06-09T12:03:45.422+0000] {processor.py:829} INFO - Processing file /home/airflow/.local/lib/python3.10/site-packages/airflow/example_dags/example_branch_labels.py for tasks to queue
[2026-06-09T12:03:45.429+0000] {logging_mixin.py:154} INFO - [2026-06-09T12:03:45.428+0000] {dagbag.py:536} INFO - Filling up the DagBag from /home/airflow/.local/lib/python3.10/site-packages/airflow/example_dags/example_branch_labels.py
[2026-06-09T12:03:45.467+0000] {processor.py:839} INFO - DAG(s) dict_keys(['example_branch_labels']) retrieved from /home/airflow/.local/lib/python3.10/site-packages/airflow/example_dags/example_branch_labels.py
[2026-06-09T12:03:45.541+0000] {logging_mixin.py:154} INFO - [2026-06-09T12:03:45.541+0000] {dag.py:2941} INFO - Sync 1 DAGs
[2026-06-09T12:03:45.637+0000] {logging_mixin.py:154} INFO - [2026-06-09T12:03:45.637+0000] {dag.py:3722} INFO - Setting next_dagrun for example_branch_labels to 2026-06-08T00:00:00+00:00, run_after=2026-06-09T00:00:00+00:00
[2026-06-09T12:03:45.702+0000] {processor.py:179} INFO - Processing /home/airflow/.local/lib/python3.10/site-packages/airflow/example_dags/example_branch_labels.py took 0.293 seconds
[2026-06-09T12:04:16.725+0000] {processor.py:157} INFO - Started process (PID=2383) to work on /home/airflow/.local/lib/python3.10/site-packages/airflow/example_dags/example_branch_labels.py
[2026-06-09T12:04:16.728+0000] {processor.py:829} INFO - Processing file /home/airflow/.local/lib/python3.10/site-packages/airflow/example_dags/example_branch_labels.py for tasks to queue
[2026-06-09T12:04:16.731+0000] {logging_mixin.py:154} INFO - [2026-06-09T12:04:16.730+0000] {dagbag.py:536} INFO - Filling up the DagBag from /home/airflow/.local/lib/python3.10/site-packages/airflow/example_dags/example_branch_labels.py
[2026-06-09T12:04:16.770+0000] {processor.py:839} INFO - DAG(s) dict_keys(['example_branch_labels']) retrieved from /home/airflow/.local/lib/python3.10/site-packages/airflow/example_dags/example_branch_labels.py
[2026-06-09T12:04:16.858+0000] {logging_mixin.py:154} INFO - [2026-06-09T12:04:16.858+0000] {dag.py:2941} INFO - Sync 1 DAGs
[2026-06-09T12:04:16.919+0000] {logging_mixin.py:154} INFO - [2026-06-09T12:04:16.919+0000] {dag.py:3722} INFO - Setting next_dagrun for example_branch_labels to 2026-06-08T00:00:00+00:00, run_after=2026-06-09T00:00:00+00:00
[2026-06-09T12:04:17.000+0000] {processor.py:179} INFO - Processing /home/airflow/.local/lib/python3.10/site-packages/airflow/example_dags/example_branch_labels.py took 0.305 seconds
[2026-06-09T12:04:47.826+0000] {processor.py:157} INFO - Started process (PID=2432) to work on /home/airflow/.local/lib/python3.10/site-packages/airflow/example_dags/example_branch_labels.py
[2026-06-09T12:04:47.833+0000] {processor.py:829} INFO - Processing file /home/airflow/.local/lib/python3.10/site-packages/airflow/example_dags/example_branch_labels.py for tasks to queue
[2026-06-09T12:04:47.846+0000] {logging_mixin.py:154} INFO - [2026-06-09T12:04:47.845+0000] {dagbag.py:536} INFO - Filling up the DagBag from /home/airflow/.local/lib/python3.10/site-packages/airflow/example_dags/example_branch_labels.py
[2026-06-09T12:04:47.885+0000] {processor.py:839} INFO - DAG(s) dict_keys(['example_branch_labels']) retrieved from /home/airflow/.local/lib/python3.10/site-packages/airflow/example_dags/example_branch_labels.py
[2026-06-09T12:04:47.990+0000] {logging_mixin.py:154} INFO - [2026-06-09T12:04:47.990+0000] {dag.py:2941} INFO - Sync 1 DAGs
[2026-06-09T12:04:48.133+0000] {logging_mixin.py:154} INFO - [2026-06-09T12:04:48.133+0000] {dag.py:3722} INFO - Setting next_dagrun for example_branch_labels to 2026-06-08T00:00:00+00:00, run_after=2026-06-09T00:00:00+00:00
[2026-06-09T12:04:48.249+0000] {processor.py:179} INFO - Processing /home/airflow/.local/lib/python3.10/site-packages/airflow/example_dags/example_branch_labels.py took 0.435 seconds
[2026-06-09T12:05:18.902+0000] {processor.py:157} INFO - Started process (PID=2481) to work on /home/airflow/.local/lib/python3.10/site-packages/airflow/example_dags/example_branch_labels.py
[2026-06-09T12:05:18.903+0000] {processor.py:829} INFO - Processing file /home/airflow/.local/lib/python3.10/site-packages/airflow/example_dags/example_branch_labels.py for tasks to queue
[2026-06-09T12:05:18.905+0000] {logging_mixin.py:154} INFO - [2026-06-09T12:05:18.904+0000] {dagbag.py:536} INFO - Filling up the DagBag from /home/airflow/.local/lib/python3.10/site-packages/airflow/example_dags/example_branch_labels.py
[2026-06-09T12:05:18.914+0000] {processor.py:839} INFO - DAG(s) dict_keys(['example_branch_labels']) retrieved from /home/airflow/.local/lib/python3.10/site-packages/airflow/example_dags/example_branch_labels.py
[2026-06-09T12:05:18.947+0000] {logging_mixin.py:154} INFO - [2026-06-09T12:05:18.946+0000] {dag.py:2941} INFO - Sync 1 DAGs
[2026-06-09T12:05:18.976+0000] {logging_mixin.py:154} INFO - [2026-06-09T12:05:18.976+0000] {dag.py:3722} INFO - Setting next_dagrun for example_branch_labels to 2026-06-08T00:00:00+00:00, run_after=2026-06-09T00:00:00+00:00
[2026-06-09T12:05:19.001+0000] {processor.py:179} INFO - Processing /home/airflow/.local/lib/python3.10/site-packages/airflow/example_dags/example_branch_labels.py took 0.103 seconds
[2026-06-09T12:05:49.333+0000] {processor.py:157} INFO - Started process (PID=2532) to work on /home/airflow/.local/lib/python3.10/site-packages/airflow/example_dags/example_branch_labels.py
[2026-06-09T12:05:49.336+0000] {processor.py:829} INFO - Processing file /home/airflow/.local/lib/python3.10/site-packages/airflow/example_dags/example_branch_labels.py for tasks to queue
[2026-06-09T12:05:49.339+0000] {logging_mixin.py:154} INFO - [2026-06-09T12:05:49.339+0000] {dagbag.py:536} INFO - Filling up the DagBag from /home/airflow/.local/lib/python3.10/site-packages/airflow/example_dags/example_branch_labels.py
[2026-06-09T12:05:49.359+0000] {processor.py:839} INFO - DAG(s) dict_keys(['example_branch_labels']) retrieved from /home/airflow/.local/lib/python3.10/site-packages/airflow/example_dags/example_branch_labels.py
[2026-06-09T12:05:49.388+0000] {logging_mixin.py:154} INFO - [2026-06-09T12:05:49.388+0000] {dag.py:2941} INFO - Sync 1 DAGs
[2026-06-09T12:05:49.414+0000] {logging_mixin.py:154} INFO - [2026-06-09T12:05:49.414+0000] {dag.py:3722} INFO - Setting next_dagrun for example_branch_labels to 2026-06-08T00:00:00+00:00, run_after=2026-06-09T00:00:00+00:00
[2026-06-09T12:05:49.433+0000] {processor.py:179} INFO - Processing /home/airflow/.local/lib/python3.10/site-packages/airflow/example_dags/example_branch_labels.py took 0.106 seconds
[2026-06-09T12:06:19.636+0000] {processor.py:157} INFO - Started process (PID=2583) to work on /home/airflow/.local/lib/python3.10/site-packages/airflow/example_dags/example_branch_labels.py
[2026-06-09T12:06:19.637+0000] {processor.py:829} INFO - Processing file /home/airflow/.local/lib/python3.10/site-packages/airflow/example_dags/example_branch_labels.py for tasks to queue
[2026-06-09T12:06:19.639+0000] {logging_mixin.py:154} INFO - [2026-06-09T12:06:19.639+0000] {dagbag.py:536} INFO - Filling up the DagBag from /home/airflow/.local/lib/python3.10/site-packages/airflow/example_dags/example_branch_labels.py
[2026-06-09T12:06:19.649+0000] {processor.py:839} INFO - DAG(s) dict_keys(['example_branch_labels']) retrieved from /home/airflow/.local/lib/python3.10/site-packages/airflow/example_dags/example_branch_labels.py
[2026-06-09T12:06:19.673+0000] {logging_mixin.py:154} INFO - [2026-06-09T12:06:19.673+0000] {dag.py:2941} INFO - Sync 1 DAGs
[2026-06-09T12:06:19.699+0000] {logging_mixin.py:154} INFO - [2026-06-09T12:06:19.699+0000] {dag.py:3722} INFO - Setting next_dagrun for example_branch_labels to 2026-06-08T00:00:00+00:00, run_after=2026-06-09T00:00:00+00:00
[2026-06-09T12:06:19.717+0000] {processor.py:179} INFO - Processing /home/airflow/.local/lib/python3.10/site-packages/airflow/example_dags/example_branch_labels.py took 0.086 seconds
[2026-06-09T12:06:49.798+0000] {processor.py:157} INFO - Started process (PID=2634) to work on /home/airflow/.local/lib/python3.10/site-packages/airflow/example_dags/example_branch_labels.py
[2026-06-09T12:06:49.802+0000] {processor.py:829} INFO - Processing file /home/airflow/.local/lib/python3.10/site-packages/airflow/example_dags/example_branch_labels.py for tasks to queue
[2026-06-09T12:06:49.807+0000] {logging_mixin.py:154} INFO - [2026-06-09T12:06:49.806+0000] {dagbag.py:536} INFO - Filling up the DagBag from /home/airflow/.local/lib/python3.10/site-packages/airflow/example_dags/example_branch_labels.py
[2026-06-09T12:06:49.819+0000] {processor.py:839} INFO - DAG(s) dict_keys(['example_branch_labels']) retrieved from /home/airflow/.local/lib/python3.10/site-packages/airflow/example_dags/example_branch_labels.py
[2026-06-09T12:06:49.849+0000] {logging_mixin.py:154} INFO - [2026-06-09T12:06:49.849+0000] {dag.py:2941} INFO - Sync 1 DAGs
[2026-06-09T12:06:49.879+0000] {logging_mixin.py:154} INFO - [2026-06-09T12:06:49.878+0000] {dag.py:3722} INFO - Setting next_dagrun for example_branch_labels to 2026-06-08T00:00:00+00:00, run_after=2026-06-09T00:00:00+00:00
[2026-06-09T12:06:49.902+0000] {processor.py:179} INFO - Processing /home/airflow/.local/lib/python3.10/site-packages/airflow/example_dags/example_branch_labels.py took 0.111 seconds
[2026-06-09T12:07:20.327+0000] {processor.py:157} INFO - Started process (PID=2685) to work on /home/airflow/.local/lib/python3.10/site-packages/airflow/example_dags/example_branch_labels.py
[2026-06-09T12:07:20.329+0000] {processor.py:829} INFO - Processing file /home/airflow/.local/lib/python3.10/site-packages/airflow/example_dags/example_branch_labels.py for tasks to queue
[2026-06-09T12:07:20.332+0000] {logging_mixin.py:154} INFO - [2026-06-09T12:07:20.331+0000] {dagbag.py:536} INFO - Filling up the DagBag from /home/airflow/.local/lib/python3.10/site-packages/airflow/example_dags/example_branch_labels.py
[2026-06-09T12:07:20.366+0000] {processor.py:839} INFO - DAG(s) dict_keys(['example_branch_labels']) retrieved from /home/airflow/.local/lib/python3.10/site-packages/airflow/example_dags/example_branch_labels.py
[2026-06-09T12:07:20.453+0000] {logging_mixin.py:154} INFO - [2026-06-09T12:07:20.453+0000] {dag.py:2941} INFO - Sync 1 DAGs
[2026-06-09T12:07:20.503+0000] {logging_mixin.py:154} INFO - [2026-06-09T12:07:20.502+0000] {dag.py:3722} INFO - Setting next_dagrun for example_branch_labels to 2026-06-08T00:00:00+00:00, run_after=2026-06-09T00:00:00+00:00
[2026-06-09T12:07:20.525+0000] {processor.py:179} INFO - Processing /home/airflow/.local/lib/python3.10/site-packages/airflow/example_dags/example_branch_labels.py took 0.215 seconds
[2026-06-09T12:07:50.904+0000] {processor.py:157} INFO - Started process (PID=2736) to work on /home/airflow/.local/lib/python3.10/site-packages/airflow/example_dags/example_branch_labels.py
[2026-06-09T12:07:50.918+0000] {processor.py:829} INFO - Processing file /home/airflow/.local/lib/python3.10/site-packages/airflow/example_dags/example_branch_labels.py for tasks to queue
[2026-06-09T12:07:50.920+0000] {logging_mixin.py:154} INFO - [2026-06-09T12:07:50.920+0000] {dagbag.py:536} INFO - Filling up the DagBag from /home/airflow/.local/lib/python3.10/site-packages/airflow/example_dags/example_branch_labels.py
[2026-06-09T12:07:50.945+0000] {processor.py:839} INFO - DAG(s) dict_keys(['example_branch_labels']) retrieved from /home/airflow/.local/lib/python3.10/site-packages/airflow/example_dags/example_branch_labels.py
[2026-06-09T12:07:51.014+0000] {logging_mixin.py:154} INFO - [2026-06-09T12:07:51.014+0000] {dag.py:2941} INFO - Sync 1 DAGs
[2026-06-09T12:07:51.074+0000] {logging_mixin.py:154} INFO - [2026-06-09T12:07:51.073+0000] {dag.py:3722} INFO - Setting next_dagrun for example_branch_labels to 2026-06-08T00:00:00+00:00, run_after=2026-06-09T00:00:00+00:00
[2026-06-09T12:07:51.118+0000] {processor.py:179} INFO - Processing /home/airflow/.local/lib/python3.10/site-packages/airflow/example_dags/example_branch_labels.py took 0.227 seconds
[2026-06-09T12:08:21.221+0000] {processor.py:157} INFO - Started process (PID=2787) to work on /home/airflow/.local/lib/python3.10/site-packages/airflow/example_dags/example_branch_labels.py
[2026-06-09T12:08:21.223+0000] {processor.py:829} INFO - Processing file /home/airflow/.local/lib/python3.10/site-packages/airflow/example_dags/example_branch_labels.py for tasks to queue
[2026-06-09T12:08:21.230+0000] {logging_mixin.py:154} INFO - [2026-06-09T12:08:21.229+0000] {dagbag.py:536} INFO - Filling up the DagBag from /home/airflow/.local/lib/python3.10/site-packages/airflow/example_dags/example_branch_labels.py
[2026-06-09T12:08:21.257+0000] {processor.py:839} INFO - DAG(s) dict_keys(['example_branch_labels']) retrieved from /home/airflow/.local/lib/python3.10/site-packages/airflow/example_dags/example_branch_labels.py
[2026-06-09T12:08:21.338+0000] {logging_mixin.py:154} INFO - [2026-06-09T12:08:21.338+0000] {dag.py:2941} INFO - Sync 1 DAGs
[2026-06-09T12:08:21.413+0000] {logging_mixin.py:154} INFO - [2026-06-09T12:08:21.413+0000] {dag.py:3722} INFO - Setting next_dagrun for example_branch_labels to 2026-06-08T00:00:00+00:00, run_after=2026-06-09T00:00:00+00:00
[2026-06-09T12:08:21.469+0000] {processor.py:179} INFO - Processing /home/airflow/.local/lib/python3.10/site-packages/airflow/example_dags/example_branch_labels.py took 0.262 seconds
[2026-06-09T12:08:52.257+0000] {processor.py:157} INFO - Started process (PID=2838) to work on /home/airflow/.local/lib/python3.10/site-packages/airflow/example_dags/example_branch_labels.py
[2026-06-09T12:08:52.260+0000] {processor.py:829} INFO - Processing file /home/airflow/.local/lib/python3.10/site-packages/airflow/example_dags/example_branch_labels.py for tasks to queue
[2026-06-09T12:08:52.263+0000] {logging_mixin.py:154} INFO - [2026-06-09T12:08:52.263+0000] {dagbag.py:536} INFO - Filling up the DagBag from /home/airflow/.local/lib/python3.10/site-packages/airflow/example_dags/example_branch_labels.py
[2026-06-09T12:08:52.284+0000] {processor.py:839} INFO - DAG(s) dict_keys(['example_branch_labels']) retrieved from /home/airflow/.local/lib/python3.10/site-packages/airflow/example_dags/example_branch_labels.py
[2026-06-09T12:08:52.326+0000] {logging_mixin.py:154} INFO - [2026-06-09T12:08:52.326+0000] {dag.py:2941} INFO - Sync 1 DAGs
[2026-06-09T12:08:52.381+0000] {logging_mixin.py:154} INFO - [2026-06-09T12:08:52.380+0000] {dag.py:3722} INFO - Setting next_dagrun for example_branch_labels to 2026-06-08T00:00:00+00:00, run_after=2026-06-09T00:00:00+00:00
[2026-06-09T12:08:52.411+0000] {processor.py:179} INFO - Processing /home/airflow/.local/lib/python3.10/site-packages/airflow/example_dags/example_branch_labels.py took 0.160 seconds
[2026-06-09T12:09:22.695+0000] {processor.py:157} INFO - Started process (PID=2889) to work on /home/airflow/.local/lib/python3.10/site-packages/airflow/example_dags/example_branch_labels.py
[2026-06-09T12:09:22.696+0000] {processor.py:829} INFO - Processing file /home/airflow/.local/lib/python3.10/site-packages/airflow/example_dags/example_branch_labels.py for tasks to queue
[2026-06-09T12:09:22.699+0000] {logging_mixin.py:154} INFO - [2026-06-09T12:09:22.699+0000] {dagbag.py:536} INFO - Filling up the DagBag from /home/airflow/.local/lib/python3.10/site-packages/airflow/example_dags/example_branch_labels.py
[2026-06-09T12:09:22.712+0000] {processor.py:839} INFO - DAG(s) dict_keys(['example_branch_labels']) retrieved from /home/airflow/.local/lib/python3.10/site-packages/airflow/example_dags/example_branch_labels.py
[2026-06-09T12:09:22.746+0000] {logging_mixin.py:154} INFO - [2026-06-09T12:09:22.746+0000] {dag.py:2941} INFO - Sync 1 DAGs
[2026-06-09T12:09:22.781+0000] {logging_mixin.py:154} INFO - [2026-06-09T12:09:22.781+0000] {dag.py:3722} INFO - Setting next_dagrun for example_branch_labels to 2026-06-08T00:00:00+00:00, run_after=2026-06-09T00:00:00+00:00
[2026-06-09T12:09:22.807+0000] {processor.py:179} INFO - Processing /home/airflow/.local/lib/python3.10/site-packages/airflow/example_dags/example_branch_labels.py took 0.117 seconds
[2026-06-09T12:09:53.091+0000] {processor.py:157} INFO - Started process (PID=2940) to work on /home/airflow/.local/lib/python3.10/site-packages/airflow/example_dags/example_branch_labels.py
[2026-06-09T12:09:53.092+0000] {processor.py:829} INFO - Processing file /home/airflow/.local/lib/python3.10/site-packages/airflow/example_dags/example_branch_labels.py for tasks to queue
[2026-06-09T12:09:53.095+0000] {logging_mixin.py:154} INFO - [2026-06-09T12:09:53.095+0000] {dagbag.py:536} INFO - Filling up the DagBag from /home/airflow/.local/lib/python3.10/site-packages/airflow/example_dags/example_branch_labels.py
[2026-06-09T12:09:53.108+0000] {processor.py:839} INFO - DAG(s) dict_keys(['example_branch_labels']) retrieved from /home/airflow/.local/lib/python3.10/site-packages/airflow/example_dags/example_branch_labels.py
[2026-06-09T12:09:53.140+0000] {logging_mixin.py:154} INFO - [2026-06-09T12:09:53.140+0000] {dag.py:2941} INFO - Sync 1 DAGs
[2026-06-09T12:09:53.175+0000] {logging_mixin.py:154} INFO - [2026-06-09T12:09:53.175+0000] {dag.py:3722} INFO - Setting next_dagrun for example_branch_labels to 2026-06-08T00:00:00+00:00, run_after=2026-06-09T00:00:00+00:00
[2026-06-09T12:09:53.199+0000] {processor.py:179} INFO - Processing /home/airflow/.local/lib/python3.10/site-packages/airflow/example_dags/example_branch_labels.py took 0.113 seconds
[2026-06-09T12:10:23.495+0000] {processor.py:157} INFO - Started process (PID=2991) to work on /home/airflow/.local/lib/python3.10/site-packages/airflow/example_dags/example_branch_labels.py
[2026-06-09T12:10:23.496+0000] {processor.py:829} INFO - Processing file /home/airflow/.local/lib/python3.10/site-packages/airflow/example_dags/example_branch_labels.py for tasks to queue
[2026-06-09T12:10:23.498+0000] {logging_mixin.py:154} INFO - [2026-06-09T12:10:23.498+0000] {dagbag.py:536} INFO - Filling up the DagBag from /home/airflow/.local/lib/python3.10/site-packages/airflow/example_dags/example_branch_labels.py
[2026-06-09T12:10:23.508+0000] {processor.py:839} INFO - DAG(s) dict_keys(['example_branch_labels']) retrieved from /home/airflow/.local/lib/python3.10/site-packages/airflow/example_dags/example_branch_labels.py
[2026-06-09T12:10:23.531+0000] {logging_mixin.py:154} INFO - [2026-06-09T12:10:23.531+0000] {dag.py:2941} INFO - Sync 1 DAGs
[2026-06-09T12:10:23.556+0000] {logging_mixin.py:154} INFO - [2026-06-09T12:10:23.555+0000] {dag.py:3722} INFO - Setting next_dagrun for example_branch_labels to 2026-06-08T00:00:00+00:00, run_after=2026-06-09T00:00:00+00:00
[2026-06-09T12:10:23.575+0000] {processor.py:179} INFO - Processing /home/airflow/.local/lib/python3.10/site-packages/airflow/example_dags/example_branch_labels.py took 0.084 seconds
[2026-06-09T12:10:53.767+0000] {processor.py:157} INFO - Started process (PID=3042) to work on /home/airflow/.local/lib/python3.10/site-packages/airflow/example_dags/example_branch_labels.py
[2026-06-09T12:10:53.769+0000] {processor.py:829} INFO - Processing file /home/airflow/.local/lib/python3.10/site-packages/airflow/example_dags/example_branch_labels.py for tasks to queue
[2026-06-09T12:10:53.772+0000] {logging_mixin.py:154} INFO - [2026-06-09T12:10:53.772+0000] {dagbag.py:536} INFO - Filling up the DagBag from /home/airflow/.local/lib/python3.10/site-packages/airflow/example_dags/example_branch_labels.py
[2026-06-09T12:10:53.781+0000] {processor.py:839} INFO - DAG(s) dict_keys(['example_branch_labels']) retrieved from /home/airflow/.local/lib/python3.10/site-packages/airflow/example_dags/example_branch_labels.py
[2026-06-09T12:10:53.805+0000] {logging_mixin.py:154} INFO - [2026-06-09T12:10:53.804+0000] {dag.py:2941} INFO - Sync 1 DAGs
[2026-06-09T12:10:53.830+0000] {logging_mixin.py:154} INFO - [2026-06-09T12:10:53.830+0000] {dag.py:3722} INFO - Setting next_dagrun for example_branch_labels to 2026-06-08T00:00:00+00:00, run_after=2026-06-09T00:00:00+00:00
[2026-06-09T12:10:53.848+0000] {processor.py:179} INFO - Processing /home/airflow/.local/lib/python3.10/site-packages/airflow/example_dags/example_branch_labels.py took 0.086 seconds
[2026-06-09T12:11:24.001+0000] {processor.py:157} INFO - Started process (PID=3093) to work on /home/airflow/.local/lib/python3.10/site-packages/airflow/example_dags/example_branch_labels.py
[2026-06-09T12:11:24.003+0000] {processor.py:829} INFO - Processing file /home/airflow/.local/lib/python3.10/site-packages/airflow/example_dags/example_branch_labels.py for tasks to queue
[2026-06-09T12:11:24.007+0000] {logging_mixin.py:154} INFO - [2026-06-09T12:11:24.006+0000] {dagbag.py:536} INFO - Filling up the DagBag from /home/airflow/.local/lib/python3.10/site-packages/airflow/example_dags/example_branch_labels.py
[2026-06-09T12:11:24.018+0000] {processor.py:839} INFO - DAG(s) dict_keys(['example_branch_labels']) retrieved from /home/airflow/.local/lib/python3.10/site-packages/airflow/example_dags/example_branch_labels.py
[2026-06-09T12:11:24.050+0000] {logging_mixin.py:154} INFO - [2026-06-09T12:11:24.050+0000] {dag.py:2941} INFO - Sync 1 DAGs
[2026-06-09T12:11:24.084+0000] {logging_mixin.py:154} INFO - [2026-06-09T12:11:24.084+0000] {dag.py:3722} INFO - Setting next_dagrun for example_branch_labels to 2026-06-08T00:00:00+00:00, run_after=2026-06-09T00:00:00+00:00
[2026-06-09T12:11:24.108+0000] {processor.py:179} INFO - Processing /home/airflow/.local/lib/python3.10/site-packages/airflow/example_dags/example_branch_labels.py took 0.112 seconds
[2026-06-09T12:11:54.862+0000] {processor.py:157} INFO - Started process (PID=3144) to work on /home/airflow/.local/lib/python3.10/site-packages/airflow/example_dags/example_branch_labels.py
[2026-06-09T12:11:54.864+0000] {processor.py:829} INFO - Processing file /home/airflow/.local/lib/python3.10/site-packages/airflow/example_dags/example_branch_labels.py for tasks to queue
[2026-06-09T12:11:54.868+0000] {logging_mixin.py:154} INFO - [2026-06-09T12:11:54.867+0000] {dagbag.py:536} INFO - Filling up the DagBag from /home/airflow/.local/lib/python3.10/site-packages/airflow/example_dags/example_branch_labels.py
[2026-06-09T12:11:54.880+0000] {processor.py:839} INFO - DAG(s) dict_keys(['example_branch_labels']) retrieved from /home/airflow/.local/lib/python3.10/site-packages/airflow/example_dags/example_branch_labels.py
[2026-06-09T12:11:54.911+0000] {logging_mixin.py:154} INFO - [2026-06-09T12:11:54.910+0000] {dag.py:2941} INFO - Sync 1 DAGs
[2026-06-09T12:11:54.950+0000] {logging_mixin.py:154} INFO - [2026-06-09T12:11:54.949+0000] {dag.py:3722} INFO - Setting next_dagrun for example_branch_labels to 2026-06-08T00:00:00+00:00, run_after=2026-06-09T00:00:00+00:00
[2026-06-09T12:11:54.972+0000] {processor.py:179} INFO - Processing /home/airflow/.local/lib/python3.10/site-packages/airflow/example_dags/example_branch_labels.py took 0.116 seconds
[2026-06-09T12:12:25.184+0000] {processor.py:157} INFO - Started process (PID=3195) to work on /home/airflow/.local/lib/python3.10/site-packages/airflow/example_dags/example_branch_labels.py
[2026-06-09T12:12:25.185+0000] {processor.py:829} INFO - Processing file /home/airflow/.local/lib/python3.10/site-packages/airflow/example_dags/example_branch_labels.py for tasks to queue
[2026-06-09T12:12:25.188+0000] {logging_mixin.py:154} INFO - [2026-06-09T12:12:25.188+0000] {dagbag.py:536} INFO - Filling up the DagBag from /home/airflow/.local/lib/python3.10/site-packages/airflow/example_dags/example_branch_labels.py
[2026-06-09T12:12:25.198+0000] {processor.py:839} INFO - DAG(s) dict_keys(['example_branch_labels']) retrieved from /home/airflow/.local/lib/python3.10/site-packages/airflow/example_dags/example_branch_labels.py
[2026-06-09T12:12:25.223+0000] {logging_mixin.py:154} INFO - [2026-06-09T12:12:25.223+0000] {dag.py:2941} INFO - Sync 1 DAGs
[2026-06-09T12:12:25.250+0000] {logging_mixin.py:154} INFO - [2026-06-09T12:12:25.250+0000] {dag.py:3722} INFO - Setting next_dagrun for example_branch_labels to 2026-06-08T00:00:00+00:00, run_after=2026-06-09T00:00:00+00:00
[2026-06-09T12:12:25.270+0000] {processor.py:179} INFO - Processing /home/airflow/.local/lib/python3.10/site-packages/airflow/example_dags/example_branch_labels.py took 0.089 seconds
[2026-06-09T12:12:55.375+0000] {processor.py:157} INFO - Started process (PID=3246) to work on /home/airflow/.local/lib/python3.10/site-packages/airflow/example_dags/example_branch_labels.py
[2026-06-09T12:12:55.376+0000] {processor.py:829} INFO - Processing file /home/airflow/.local/lib/python3.10/site-packages/airflow/example_dags/example_branch_labels.py for tasks to queue
[2026-06-09T12:12:55.383+0000] {logging_mixin.py:154} INFO - [2026-06-09T12:12:55.380+0000] {dagbag.py:536} INFO - Filling up the DagBag from /home/airflow/.local/lib/python3.10/site-packages/airflow/example_dags/example_branch_labels.py
[2026-06-09T12:12:55.405+0000] {processor.py:839} INFO - DAG(s) dict_keys(['example_branch_labels']) retrieved from /home/airflow/.local/lib/python3.10/site-packages/airflow/example_dags/example_branch_labels.py
[2026-06-09T12:12:55.454+0000] {logging_mixin.py:154} INFO - [2026-06-09T12:12:55.454+0000] {dag.py:2941} INFO - Sync 1 DAGs
[2026-06-09T12:12:55.491+0000] {logging_mixin.py:154} INFO - [2026-06-09T12:12:55.491+0000] {dag.py:3722} INFO - Setting next_dagrun for example_branch_labels to 2026-06-08T00:00:00+00:00, run_after=2026-06-09T00:00:00+00:00
[2026-06-09T12:12:55.512+0000] {processor.py:179} INFO - Processing /home/airflow/.local/lib/python3.10/site-packages/airflow/example_dags/example_branch_labels.py took 0.143 seconds
[2026-06-09T12:13:25.870+0000] {processor.py:157} INFO - Started process (PID=3296) to work on /home/airflow/.local/lib/python3.10/site-packages/airflow/example_dags/example_branch_labels.py
[2026-06-09T12:13:25.872+0000] {processor.py:829} INFO - Processing file /home/airflow/.local/lib/python3.10/site-packages/airflow/example_dags/example_branch_labels.py for tasks to queue
[2026-06-09T12:13:25.875+0000] {logging_mixin.py:154} INFO - [2026-06-09T12:13:25.875+0000] {dagbag.py:536} INFO - Filling up the DagBag from /home/airflow/.local/lib/python3.10/site-packages/airflow/example_dags/example_branch_labels.py
[2026-06-09T12:13:25.889+0000] {processor.py:839} INFO - DAG(s) dict_keys(['example_branch_labels']) retrieved from /home/airflow/.local/lib/python3.10/site-packages/airflow/example_dags/example_branch_labels.py
[2026-06-09T12:13:25.920+0000] {logging_mixin.py:154} INFO - [2026-06-09T12:13:25.920+0000] {dag.py:2941} INFO - Sync 1 DAGs
[2026-06-09T12:13:25.955+0000] {logging_mixin.py:154} INFO - [2026-06-09T12:13:25.954+0000] {dag.py:3722} INFO - Setting next_dagrun for example_branch_labels to 2026-06-08T00:00:00+00:00, run_after=2026-06-09T00:00:00+00:00
[2026-06-09T12:13:25.981+0000] {processor.py:179} INFO - Processing /home/airflow/.local/lib/python3.10/site-packages/airflow/example_dags/example_branch_labels.py took 0.118 seconds
[2026-06-09T12:13:56.596+0000] {processor.py:157} INFO - Started process (PID=3347) to work on /home/airflow/.local/lib/python3.10/site-packages/airflow/example_dags/example_branch_labels.py
[2026-06-09T12:13:56.597+0000] {processor.py:829} INFO - Processing file /home/airflow/.local/lib/python3.10/site-packages/airflow/example_dags/example_branch_labels.py for tasks to queue
[2026-06-09T12:13:56.600+0000] {logging_mixin.py:154} INFO - [2026-06-09T12:13:56.599+0000] {dagbag.py:536} INFO - Filling up the DagBag from /home/airflow/.local/lib/python3.10/site-packages/airflow/example_dags/example_branch_labels.py
[2026-06-09T12:13:56.612+0000] {processor.py:839} INFO - DAG(s) dict_keys(['example_branch_labels']) retrieved from /home/airflow/.local/lib/python3.10/site-packages/airflow/example_dags/example_branch_labels.py
[2026-06-09T12:13:56.677+0000] {logging_mixin.py:154} INFO - [2026-06-09T12:13:56.677+0000] {dag.py:2941} INFO - Sync 1 DAGs
[2026-06-09T12:13:56.748+0000] {logging_mixin.py:154} INFO - [2026-06-09T12:13:56.747+0000] {dag.py:3722} INFO - Setting next_dagrun for example_branch_labels to 2026-06-08T00:00:00+00:00, run_after=2026-06-09T00:00:00+00:00
[2026-06-09T12:13:56.799+0000] {processor.py:179} INFO - Processing /home/airflow/.local/lib/python3.10/site-packages/airflow/example_dags/example_branch_labels.py took 0.214 seconds
[2026-06-09T12:14:27.080+0000] {processor.py:157} INFO - Started process (PID=3398) to work on /home/airflow/.local/lib/python3.10/site-packages/airflow/example_dags/example_branch_labels.py
[2026-06-09T12:14:27.082+0000] {processor.py:829} INFO - Processing file /home/airflow/.local/lib/python3.10/site-packages/airflow/example_dags/example_branch_labels.py for tasks to queue
[2026-06-09T12:14:27.084+0000] {logging_mixin.py:154} INFO - [2026-06-09T12:14:27.084+0000] {dagbag.py:536} INFO - Filling up the DagBag from /home/airflow/.local/lib/python3.10/site-packages/airflow/example_dags/example_branch_labels.py
[2026-06-09T12:14:27.097+0000] {processor.py:839} INFO - DAG(s) dict_keys(['example_branch_labels']) retrieved from /home/airflow/.local/lib/python3.10/site-packages/airflow/example_dags/example_branch_labels.py
[2026-06-09T12:14:27.128+0000] {logging_mixin.py:154} INFO - [2026-06-09T12:14:27.128+0000] {dag.py:2941} INFO - Sync 1 DAGs
[2026-06-09T12:14:27.163+0000] {logging_mixin.py:154} INFO - [2026-06-09T12:14:27.162+0000] {dag.py:3722} INFO - Setting next_dagrun for example_branch_labels to 2026-06-08T00:00:00+00:00, run_after=2026-06-09T00:00:00+00:00
[2026-06-09T12:14:27.185+0000] {processor.py:179} INFO - Processing /home/airflow/.local/lib/python3.10/site-packages/airflow/example_dags/example_branch_labels.py took 0.109 seconds
[2026-06-09T12:14:57.602+0000] {processor.py:157} INFO - Started process (PID=3449) to work on /home/airflow/.local/lib/python3.10/site-packages/airflow/example_dags/example_branch_labels.py
[2026-06-09T12:14:57.603+0000] {processor.py:829} INFO - Processing file /home/airflow/.local/lib/python3.10/site-packages/airflow/example_dags/example_branch_labels.py for tasks to queue
[2026-06-09T12:14:57.606+0000] {logging_mixin.py:154} INFO - [2026-06-09T12:14:57.605+0000] {dagbag.py:536} INFO - Filling up the DagBag from /home/airflow/.local/lib/python3.10/site-packages/airflow/example_dags/example_branch_labels.py
[2026-06-09T12:14:57.618+0000] {processor.py:839} INFO - DAG(s) dict_keys(['example_branch_labels']) retrieved from /home/airflow/.local/lib/python3.10/site-packages/airflow/example_dags/example_branch_labels.py
[2026-06-09T12:14:57.652+0000] {logging_mixin.py:154} INFO - [2026-06-09T12:14:57.651+0000] {dag.py:2941} INFO - Sync 1 DAGs
[2026-06-09T12:14:57.686+0000] {logging_mixin.py:154} INFO - [2026-06-09T12:14:57.686+0000] {dag.py:3722} INFO - Setting next_dagrun for example_branch_labels to 2026-06-08T00:00:00+00:00, run_after=2026-06-09T00:00:00+00:00
[2026-06-09T12:14:57.709+0000] {processor.py:179} INFO - Processing /home/airflow/.local/lib/python3.10/site-packages/airflow/example_dags/example_branch_labels.py took 0.113 seconds
[2026-06-09T12:15:28.277+0000] {processor.py:157} INFO - Started process (PID=3500) to work on /home/airflow/.local/lib/python3.10/site-packages/airflow/example_dags/example_branch_labels.py
[2026-06-09T12:15:28.281+0000] {processor.py:829} INFO - Processing file /home/airflow/.local/lib/python3.10/site-packages/airflow/example_dags/example_branch_labels.py for tasks to queue
[2026-06-09T12:15:28.284+0000] {logging_mixin.py:154} INFO - [2026-06-09T12:15:28.284+0000] {dagbag.py:536} INFO - Filling up the DagBag from /home/airflow/.local/lib/python3.10/site-packages/airflow/example_dags/example_branch_labels.py
[2026-06-09T12:15:28.317+0000] {processor.py:839} INFO - DAG(s) dict_keys(['example_branch_labels']) retrieved from /home/airflow/.local/lib/python3.10/site-packages/airflow/example_dags/example_branch_labels.py
[2026-06-09T12:15:28.382+0000] {logging_mixin.py:154} INFO - [2026-06-09T12:15:28.382+0000] {dag.py:2941} INFO - Sync 1 DAGs
[2026-06-09T12:15:28.433+0000] {logging_mixin.py:154} INFO - [2026-06-09T12:15:28.433+0000] {dag.py:3722} INFO - Setting next_dagrun for example_branch_labels to 2026-06-08T00:00:00+00:00, run_after=2026-06-09T00:00:00+00:00
[2026-06-09T12:15:28.487+0000] {processor.py:179} INFO - Processing /home/airflow/.local/lib/python3.10/site-packages/airflow/example_dags/example_branch_labels.py took 0.234 seconds
[2026-06-09T12:15:58.745+0000] {processor.py:157} INFO - Started process (PID=3551) to work on /home/airflow/.local/lib/python3.10/site-packages/airflow/example_dags/example_branch_labels.py
[2026-06-09T12:15:58.752+0000] {processor.py:829} INFO - Processing file /home/airflow/.local/lib/python3.10/site-packages/airflow/example_dags/example_branch_labels.py for tasks to queue
[2026-06-09T12:15:58.755+0000] {logging_mixin.py:154} INFO - [2026-06-09T12:15:58.755+0000] {dagbag.py:536} INFO - Filling up the DagBag from /home/airflow/.local/lib/python3.10/site-packages/airflow/example_dags/example_branch_labels.py
[2026-06-09T12:15:58.787+0000] {processor.py:839} INFO - DAG(s) dict_keys(['example_branch_labels']) retrieved from /home/airflow/.local/lib/python3.10/site-packages/airflow/example_dags/example_branch_labels.py
[2026-06-09T12:15:58.858+0000] {logging_mixin.py:154} INFO - [2026-06-09T12:15:58.858+0000] {dag.py:2941} INFO - Sync 1 DAGs
[2026-06-09T12:15:58.909+0000] {logging_mixin.py:154} INFO - [2026-06-09T12:15:58.909+0000] {dag.py:3722} INFO - Setting next_dagrun for example_branch_labels to 2026-06-08T00:00:00+00:00, run_after=2026-06-09T00:00:00+00:00
[2026-06-09T12:15:58.936+0000] {processor.py:179} INFO - Processing /home/airflow/.local/lib/python3.10/site-packages/airflow/example_dags/example_branch_labels.py took 0.231 seconds
[2026-06-09T12:16:29.078+0000] {processor.py:157} INFO - Started process (PID=3602) to work on /home/airflow/.local/lib/python3.10/site-packages/airflow/example_dags/example_branch_labels.py
[2026-06-09T12:16:29.080+0000] {processor.py:829} INFO - Processing file /home/airflow/.local/lib/python3.10/site-packages/airflow/example_dags/example_branch_labels.py for tasks to queue
[2026-06-09T12:16:29.083+0000] {logging_mixin.py:154} INFO - [2026-06-09T12:16:29.082+0000] {dagbag.py:536} INFO - Filling up the DagBag from /home/airflow/.local/lib/python3.10/site-packages/airflow/example_dags/example_branch_labels.py
[2026-06-09T12:16:29.096+0000] {processor.py:839} INFO - DAG(s) dict_keys(['example_branch_labels']) retrieved from /home/airflow/.local/lib/python3.10/site-packages/airflow/example_dags/example_branch_labels.py
[2026-06-09T12:16:29.131+0000] {logging_mixin.py:154} INFO - [2026-06-09T12:16:29.130+0000] {dag.py:2941} INFO - Sync 1 DAGs
[2026-06-09T12:16:29.167+0000] {logging_mixin.py:154} INFO - [2026-06-09T12:16:29.167+0000] {dag.py:3722} INFO - Setting next_dagrun for example_branch_labels to 2026-06-08T00:00:00+00:00, run_after=2026-06-09T00:00:00+00:00
[2026-06-09T12:16:29.191+0000] {processor.py:179} INFO - Processing /home/airflow/.local/lib/python3.10/site-packages/airflow/example_dags/example_branch_labels.py took 0.117 seconds
[2026-06-09T12:16:59.452+0000] {processor.py:157} INFO - Started process (PID=3653) to work on /home/airflow/.local/lib/python3.10/site-packages/airflow/example_dags/example_branch_labels.py
[2026-06-09T12:16:59.457+0000] {processor.py:829} INFO - Processing file /home/airflow/.local/lib/python3.10/site-packages/airflow/example_dags/example_branch_labels.py for tasks to queue
[2026-06-09T12:16:59.460+0000] {logging_mixin.py:154} INFO - [2026-06-09T12:16:59.460+0000] {dagbag.py:536} INFO - Filling up the DagBag from /home/airflow/.local/lib/python3.10/site-packages/airflow/example_dags/example_branch_labels.py
[2026-06-09T12:16:59.502+0000] {processor.py:839} INFO - DAG(s) dict_keys(['example_branch_labels']) retrieved from /home/airflow/.local/lib/python3.10/site-packages/airflow/example_dags/example_branch_labels.py
[2026-06-09T12:16:59.603+0000] {logging_mixin.py:154} INFO - [2026-06-09T12:16:59.603+0000] {dag.py:2941} INFO - Sync 1 DAGs
[2026-06-09T12:16:59.757+0000] {logging_mixin.py:154} INFO - [2026-06-09T12:16:59.756+0000] {dag.py:3722} INFO - Setting next_dagrun for example_branch_labels to 2026-06-08T00:00:00+00:00, run_after=2026-06-09T00:00:00+00:00
[2026-06-09T12:16:59.898+0000] {processor.py:179} INFO - Processing /home/airflow/.local/lib/python3.10/site-packages/airflow/example_dags/example_branch_labels.py took 0.459 seconds
[2026-06-09T12:17:30.854+0000] {processor.py:157} INFO - Started process (PID=3704) to work on /home/airflow/.local/lib/python3.10/site-packages/airflow/example_dags/example_branch_labels.py
[2026-06-09T12:17:30.856+0000] {processor.py:829} INFO - Processing file /home/airflow/.local/lib/python3.10/site-packages/airflow/example_dags/example_branch_labels.py for tasks to queue
[2026-06-09T12:17:30.859+0000] {logging_mixin.py:154} INFO - [2026-06-09T12:17:30.858+0000] {dagbag.py:536} INFO - Filling up the DagBag from /home/airflow/.local/lib/python3.10/site-packages/airflow/example_dags/example_branch_labels.py
[2026-06-09T12:17:30.880+0000] {processor.py:839} INFO - DAG(s) dict_keys(['example_branch_labels']) retrieved from /home/airflow/.local/lib/python3.10/site-packages/airflow/example_dags/example_branch_labels.py
[2026-06-09T12:17:30.924+0000] {logging_mixin.py:154} INFO - [2026-06-09T12:17:30.924+0000] {dag.py:2941} INFO - Sync 1 DAGs
[2026-06-09T12:17:30.964+0000] {logging_mixin.py:154} INFO - [2026-06-09T12:17:30.963+0000] {dag.py:3722} INFO - Setting next_dagrun for example_branch_labels to 2026-06-08T00:00:00+00:00, run_after=2026-06-09T00:00:00+00:00
[2026-06-09T12:17:30.997+0000] {processor.py:179} INFO - Processing /home/airflow/.local/lib/python3.10/site-packages/airflow/example_dags/example_branch_labels.py took 0.147 seconds
[2026-06-09T12:18:01.330+0000] {processor.py:157} INFO - Started process (PID=3755) to work on /home/airflow/.local/lib/python3.10/site-packages/airflow/example_dags/example_branch_labels.py
[2026-06-09T12:18:01.331+0000] {processor.py:829} INFO - Processing file /home/airflow/.local/lib/python3.10/site-packages/airflow/example_dags/example_branch_labels.py for tasks to queue
[2026-06-09T12:18:01.335+0000] {logging_mixin.py:154} INFO - [2026-06-09T12:18:01.334+0000] {dagbag.py:536} INFO - Filling up the DagBag from /home/airflow/.local/lib/python3.10/site-packages/airflow/example_dags/example_branch_labels.py
[2026-06-09T12:18:01.346+0000] {processor.py:839} INFO - DAG(s) dict_keys(['example_branch_labels']) retrieved from /home/airflow/.local/lib/python3.10/site-packages/airflow/example_dags/example_branch_labels.py
[2026-06-09T12:18:01.378+0000] {logging_mixin.py:154} INFO - [2026-06-09T12:18:01.378+0000] {dag.py:2941} INFO - Sync 1 DAGs
[2026-06-09T12:18:01.412+0000] {logging_mixin.py:154} INFO - [2026-06-09T12:18:01.412+0000] {dag.py:3722} INFO - Setting next_dagrun for example_branch_labels to 2026-06-08T00:00:00+00:00, run_after=2026-06-09T00:00:00+00:00
[2026-06-09T12:18:01.448+0000] {processor.py:179} INFO - Processing /home/airflow/.local/lib/python3.10/site-packages/airflow/example_dags/example_branch_labels.py took 0.124 seconds
[2026-06-09T12:18:31.927+0000] {processor.py:157} INFO - Started process (PID=3806) to work on /home/airflow/.local/lib/python3.10/site-packages/airflow/example_dags/example_branch_labels.py
[2026-06-09T12:18:31.939+0000] {processor.py:829} INFO - Processing file /home/airflow/.local/lib/python3.10/site-packages/airflow/example_dags/example_branch_labels.py for tasks to queue
[2026-06-09T12:18:31.941+0000] {logging_mixin.py:154} INFO - [2026-06-09T12:18:31.941+0000] {dagbag.py:536} INFO - Filling up the DagBag from /home/airflow/.local/lib/python3.10/site-packages/airflow/example_dags/example_branch_labels.py
[2026-06-09T12:18:31.970+0000] {processor.py:839} INFO - DAG(s) dict_keys(['example_branch_labels']) retrieved from /home/airflow/.local/lib/python3.10/site-packages/airflow/example_dags/example_branch_labels.py
[2026-06-09T12:18:32.022+0000] {logging_mixin.py:154} INFO - [2026-06-09T12:18:32.021+0000] {dag.py:2941} INFO - Sync 1 DAGs
[2026-06-09T12:18:32.161+0000] {logging_mixin.py:154} INFO - [2026-06-09T12:18:32.161+0000] {dag.py:3722} INFO - Setting next_dagrun for example_branch_labels to 2026-06-08T00:00:00+00:00, run_after=2026-06-09T00:00:00+00:00
[2026-06-09T12:18:32.229+0000] {processor.py:179} INFO - Processing /home/airflow/.local/lib/python3.10/site-packages/airflow/example_dags/example_branch_labels.py took 0.307 seconds
[2026-06-09T12:19:02.507+0000] {processor.py:157} INFO - Started process (PID=3857) to work on /home/airflow/.local/lib/python3.10/site-packages/airflow/example_dags/example_branch_labels.py
[2026-06-09T12:19:02.508+0000] {processor.py:829} INFO - Processing file /home/airflow/.local/lib/python3.10/site-packages/airflow/example_dags/example_branch_labels.py for tasks to queue
[2026-06-09T12:19:02.510+0000] {logging_mixin.py:154} INFO - [2026-06-09T12:19:02.510+0000] {dagbag.py:536} INFO - Filling up the DagBag from /home/airflow/.local/lib/python3.10/site-packages/airflow/example_dags/example_branch_labels.py
[2026-06-09T12:19:02.520+0000] {processor.py:839} INFO - DAG(s) dict_keys(['example_branch_labels']) retrieved from /home/airflow/.local/lib/python3.10/site-packages/airflow/example_dags/example_branch_labels.py
[2026-06-09T12:19:02.544+0000] {logging_mixin.py:154} INFO - [2026-06-09T12:19:02.544+0000] {dag.py:2941} INFO - Sync 1 DAGs
[2026-06-09T12:19:02.569+0000] {logging_mixin.py:154} INFO - [2026-06-09T12:19:02.569+0000] {dag.py:3722} INFO - Setting next_dagrun for example_branch_labels to 2026-06-08T00:00:00+00:00, run_after=2026-06-09T00:00:00+00:00
[2026-06-09T12:19:02.588+0000] {processor.py:179} INFO - Processing /home/airflow/.local/lib/python3.10/site-packages/airflow/example_dags/example_branch_labels.py took 0.085 seconds
[2026-06-09T12:19:32.805+0000] {processor.py:157} INFO - Started process (PID=3908) to work on /home/airflow/.local/lib/python3.10/site-packages/airflow/example_dags/example_branch_labels.py
[2026-06-09T12:19:32.808+0000] {processor.py:829} INFO - Processing file /home/airflow/.local/lib/python3.10/site-packages/airflow/example_dags/example_branch_labels.py for tasks to queue
[2026-06-09T12:19:32.810+0000] {logging_mixin.py:154} INFO - [2026-06-09T12:19:32.810+0000] {dagbag.py:536} INFO - Filling up the DagBag from /home/airflow/.local/lib/python3.10/site-packages/airflow/example_dags/example_branch_labels.py
[2026-06-09T12:19:32.823+0000] {processor.py:839} INFO - DAG(s) dict_keys(['example_branch_labels']) retrieved from /home/airflow/.local/lib/python3.10/site-packages/airflow/example_dags/example_branch_labels.py
[2026-06-09T12:19:32.888+0000] {logging_mixin.py:154} INFO - [2026-06-09T12:19:32.887+0000] {dag.py:2941} INFO - Sync 1 DAGs
[2026-06-09T12:19:32.948+0000] {logging_mixin.py:154} INFO - [2026-06-09T12:19:32.948+0000] {dag.py:3722} INFO - Setting next_dagrun for example_branch_labels to 2026-06-08T00:00:00+00:00, run_after=2026-06-09T00:00:00+00:00
[2026-06-09T12:19:32.982+0000] {processor.py:179} INFO - Processing /home/airflow/.local/lib/python3.10/site-packages/airflow/example_dags/example_branch_labels.py took 0.183 seconds
[2026-06-09T12:20:03.316+0000] {processor.py:157} INFO - Started process (PID=3959) to work on /home/airflow/.local/lib/python3.10/site-packages/airflow/example_dags/example_branch_labels.py
[2026-06-09T12:20:03.317+0000] {processor.py:829} INFO - Processing file /home/airflow/.local/lib/python3.10/site-packages/airflow/example_dags/example_branch_labels.py for tasks to queue
[2026-06-09T12:20:03.334+0000] {logging_mixin.py:154} INFO - [2026-06-09T12:20:03.333+0000] {dagbag.py:536} INFO - Filling up the DagBag from /home/airflow/.local/lib/python3.10/site-packages/airflow/example_dags/example_branch_labels.py
[2026-06-09T12:20:03.388+0000] {processor.py:839} INFO - DAG(s) dict_keys(['example_branch_labels']) retrieved from /home/airflow/.local/lib/python3.10/site-packages/airflow/example_dags/example_branch_labels.py
[2026-06-09T12:20:03.574+0000] {logging_mixin.py:154} INFO - [2026-06-09T12:20:03.574+0000] {dag.py:2941} INFO - Sync 1 DAGs
[2026-06-09T12:20:03.645+0000] {logging_mixin.py:154} INFO - [2026-06-09T12:20:03.645+0000] {dag.py:3722} INFO - Setting next_dagrun for example_branch_labels to 2026-06-08T00:00:00+00:00, run_after=2026-06-09T00:00:00+00:00
[2026-06-09T12:20:03.698+0000] {processor.py:179} INFO - Processing /home/airflow/.local/lib/python3.10/site-packages/airflow/example_dags/example_branch_labels.py took 0.387 seconds
[2026-06-09T12:20:34.350+0000] {processor.py:157} INFO - Started process (PID=4010) to work on /home/airflow/.local/lib/python3.10/site-packages/airflow/example_dags/example_branch_labels.py
[2026-06-09T12:20:34.352+0000] {processor.py:829} INFO - Processing file /home/airflow/.local/lib/python3.10/site-packages/airflow/example_dags/example_branch_labels.py for tasks to queue
[2026-06-09T12:20:34.355+0000] {logging_mixin.py:154} INFO - [2026-06-09T12:20:34.354+0000] {dagbag.py:536} INFO - Filling up the DagBag from /home/airflow/.local/lib/python3.10/site-packages/airflow/example_dags/example_branch_labels.py
[2026-06-09T12:20:34.368+0000] {processor.py:839} INFO - DAG(s) dict_keys(['example_branch_labels']) retrieved from /home/airflow/.local/lib/python3.10/site-packages/airflow/example_dags/example_branch_labels.py
[2026-06-09T12:20:34.401+0000] {logging_mixin.py:154} INFO - [2026-06-09T12:20:34.400+0000] {dag.py:2941} INFO - Sync 1 DAGs
[2026-06-09T12:20:34.440+0000] {logging_mixin.py:154} INFO - [2026-06-09T12:20:34.440+0000] {dag.py:3722} INFO - Setting next_dagrun for example_branch_labels to 2026-06-08T00:00:00+00:00, run_after=2026-06-09T00:00:00+00:00
[2026-06-09T12:20:34.465+0000] {processor.py:179} INFO - Processing /home/airflow/.local/lib/python3.10/site-packages/airflow/example_dags/example_branch_labels.py took 0.120 seconds
[2026-06-09T12:21:04.505+0000] {processor.py:157} INFO - Started process (PID=4061) to work on /home/airflow/.local/lib/python3.10/site-packages/airflow/example_dags/example_branch_labels.py
[2026-06-09T12:21:04.508+0000] {processor.py:829} INFO - Processing file /home/airflow/.local/lib/python3.10/site-packages/airflow/example_dags/example_branch_labels.py for tasks to queue
[2026-06-09T12:21:04.510+0000] {logging_mixin.py:154} INFO - [2026-06-09T12:21:04.510+0000] {dagbag.py:536} INFO - Filling up the DagBag from /home/airflow/.local/lib/python3.10/site-packages/airflow/example_dags/example_branch_labels.py
[2026-06-09T12:21:04.528+0000] {processor.py:839} INFO - DAG(s) dict_keys(['example_branch_labels']) retrieved from /home/airflow/.local/lib/python3.10/site-packages/airflow/example_dags/example_branch_labels.py
[2026-06-09T12:21:04.552+0000] {logging_mixin.py:154} INFO - [2026-06-09T12:21:04.552+0000] {dag.py:2941} INFO - Sync 1 DAGs
[2026-06-09T12:21:04.578+0000] {logging_mixin.py:154} INFO - [2026-06-09T12:21:04.577+0000] {dag.py:3722} INFO - Setting next_dagrun for example_branch_labels to 2026-06-08T00:00:00+00:00, run_after=2026-06-09T00:00:00+00:00
[2026-06-09T12:21:04.596+0000] {processor.py:179} INFO - Processing /home/airflow/.local/lib/python3.10/site-packages/airflow/example_dags/example_branch_labels.py took 0.096 seconds
[2026-06-09T12:21:35.171+0000] {processor.py:157} INFO - Started process (PID=4112) to work on /home/airflow/.local/lib/python3.10/site-packages/airflow/example_dags/example_branch_labels.py
[2026-06-09T12:21:35.173+0000] {processor.py:829} INFO - Processing file /home/airflow/.local/lib/python3.10/site-packages/airflow/example_dags/example_branch_labels.py for tasks to queue
[2026-06-09T12:21:35.175+0000] {logging_mixin.py:154} INFO - [2026-06-09T12:21:35.175+0000] {dagbag.py:536} INFO - Filling up the DagBag from /home/airflow/.local/lib/python3.10/site-packages/airflow/example_dags/example_branch_labels.py
[2026-06-09T12:21:35.188+0000] {processor.py:839} INFO - DAG(s) dict_keys(['example_branch_labels']) retrieved from /home/airflow/.local/lib/python3.10/site-packages/airflow/example_dags/example_branch_labels.py
[2026-06-09T12:21:35.221+0000] {logging_mixin.py:154} INFO - [2026-06-09T12:21:35.221+0000] {dag.py:2941} INFO - Sync 1 DAGs
[2026-06-09T12:21:35.257+0000] {logging_mixin.py:154} INFO - [2026-06-09T12:21:35.256+0000] {dag.py:3722} INFO - Setting next_dagrun for example_branch_labels to 2026-06-08T00:00:00+00:00, run_after=2026-06-09T00:00:00+00:00
[2026-06-09T12:21:35.280+0000] {processor.py:179} INFO - Processing /home/airflow/.local/lib/python3.10/site-packages/airflow/example_dags/example_branch_labels.py took 0.114 seconds
[2026-06-09T12:22:05.756+0000] {processor.py:157} INFO - Started process (PID=4163) to work on /home/airflow/.local/lib/python3.10/site-packages/airflow/example_dags/example_branch_labels.py
[2026-06-09T12:22:05.766+0000] {processor.py:829} INFO - Processing file /home/airflow/.local/lib/python3.10/site-packages/airflow/example_dags/example_branch_labels.py for tasks to queue
[2026-06-09T12:22:05.768+0000] {logging_mixin.py:154} INFO - [2026-06-09T12:22:05.768+0000] {dagbag.py:536} INFO - Filling up the DagBag from /home/airflow/.local/lib/python3.10/site-packages/airflow/example_dags/example_branch_labels.py
[2026-06-09T12:22:05.814+0000] {processor.py:839} INFO - DAG(s) dict_keys(['example_branch_labels']) retrieved from /home/airflow/.local/lib/python3.10/site-packages/airflow/example_dags/example_branch_labels.py
[2026-06-09T12:22:05.909+0000] {logging_mixin.py:154} INFO - [2026-06-09T12:22:05.909+0000] {dag.py:2941} INFO - Sync 1 DAGs
[2026-06-09T12:22:06.018+0000] {logging_mixin.py:154} INFO - [2026-06-09T12:22:06.017+0000] {dag.py:3722} INFO - Setting next_dagrun for example_branch_labels to 2026-06-08T00:00:00+00:00, run_after=2026-06-09T00:00:00+00:00
[2026-06-09T12:22:06.078+0000] {processor.py:179} INFO - Processing /home/airflow/.local/lib/python3.10/site-packages/airflow/example_dags/example_branch_labels.py took 0.335 seconds
[2026-06-09T12:22:36.217+0000] {processor.py:157} INFO - Started process (PID=4214) to work on /home/airflow/.local/lib/python3.10/site-packages/airflow/example_dags/example_branch_labels.py
[2026-06-09T12:22:36.218+0000] {processor.py:829} INFO - Processing file /home/airflow/.local/lib/python3.10/site-packages/airflow/example_dags/example_branch_labels.py for tasks to queue
[2026-06-09T12:22:36.220+0000] {logging_mixin.py:154} INFO - [2026-06-09T12:22:36.220+0000] {dagbag.py:536} INFO - Filling up the DagBag from /home/airflow/.local/lib/python3.10/site-packages/airflow/example_dags/example_branch_labels.py
[2026-06-09T12:22:36.230+0000] {processor.py:839} INFO - DAG(s) dict_keys(['example_branch_labels']) retrieved from /home/airflow/.local/lib/python3.10/site-packages/airflow/example_dags/example_branch_labels.py
[2026-06-09T12:22:36.254+0000] {logging_mixin.py:154} INFO - [2026-06-09T12:22:36.254+0000] {dag.py:2941} INFO - Sync 1 DAGs
[2026-06-09T12:22:36.279+0000] {logging_mixin.py:154} INFO - [2026-06-09T12:22:36.279+0000] {dag.py:3722} INFO - Setting next_dagrun for example_branch_labels to 2026-06-08T00:00:00+00:00, run_after=2026-06-09T00:00:00+00:00
[2026-06-09T12:22:36.299+0000] {processor.py:179} INFO - Processing /home/airflow/.local/lib/python3.10/site-packages/airflow/example_dags/example_branch_labels.py took 0.086 seconds
[2026-06-09T12:23:06.756+0000] {processor.py:157} INFO - Started process (PID=4265) to work on /home/airflow/.local/lib/python3.10/site-packages/airflow/example_dags/example_branch_labels.py
[2026-06-09T12:23:06.758+0000] {processor.py:829} INFO - Processing file /home/airflow/.local/lib/python3.10/site-packages/airflow/example_dags/example_branch_labels.py for tasks to queue
[2026-06-09T12:23:06.761+0000] {logging_mixin.py:154} INFO - [2026-06-09T12:23:06.761+0000] {dagbag.py:536} INFO - Filling up the DagBag from /home/airflow/.local/lib/python3.10/site-packages/airflow/example_dags/example_branch_labels.py
[2026-06-09T12:23:06.782+0000] {processor.py:839} INFO - DAG(s) dict_keys(['example_branch_labels']) retrieved from /home/airflow/.local/lib/python3.10/site-packages/airflow/example_dags/example_branch_labels.py
[2026-06-09T12:23:06.839+0000] {logging_mixin.py:154} INFO - [2026-06-09T12:23:06.837+0000] {dag.py:2941} INFO - Sync 1 DAGs
[2026-06-09T12:23:06.903+0000] {logging_mixin.py:154} INFO - [2026-06-09T12:23:06.903+0000] {dag.py:3722} INFO - Setting next_dagrun for example_branch_labels to 2026-06-08T00:00:00+00:00, run_after=2026-06-09T00:00:00+00:00
[2026-06-09T12:23:06.946+0000] {processor.py:179} INFO - Processing /home/airflow/.local/lib/python3.10/site-packages/airflow/example_dags/example_branch_labels.py took 0.204 seconds
[2026-06-09T12:23:37.045+0000] {processor.py:157} INFO - Started process (PID=4312) to work on /home/airflow/.local/lib/python3.10/site-packages/airflow/example_dags/example_branch_labels.py
[2026-06-09T12:23:37.053+0000] {processor.py:829} INFO - Processing file /home/airflow/.local/lib/python3.10/site-packages/airflow/example_dags/example_branch_labels.py for tasks to queue
[2026-06-09T12:23:37.056+0000] {logging_mixin.py:154} INFO - [2026-06-09T12:23:37.056+0000] {dagbag.py:536} INFO - Filling up the DagBag from /home/airflow/.local/lib/python3.10/site-packages/airflow/example_dags/example_branch_labels.py
[2026-06-09T12:23:37.080+0000] {processor.py:839} INFO - DAG(s) dict_keys(['example_branch_labels']) retrieved from /home/airflow/.local/lib/python3.10/site-packages/airflow/example_dags/example_branch_labels.py
[2026-06-09T12:23:37.124+0000] {logging_mixin.py:154} INFO - [2026-06-09T12:23:37.124+0000] {dag.py:2941} INFO - Sync 1 DAGs
[2026-06-09T12:23:37.169+0000] {logging_mixin.py:154} INFO - [2026-06-09T12:23:37.168+0000] {dag.py:3722} INFO - Setting next_dagrun for example_branch_labels to 2026-06-08T00:00:00+00:00, run_after=2026-06-09T00:00:00+00:00
[2026-06-09T12:23:37.194+0000] {processor.py:179} INFO - Processing /home/airflow/.local/lib/python3.10/site-packages/airflow/example_dags/example_branch_labels.py took 0.160 seconds
[2026-06-09T12:24:07.871+0000] {processor.py:157} INFO - Started process (PID=4363) to work on /home/airflow/.local/lib/python3.10/site-packages/airflow/example_dags/example_branch_labels.py
[2026-06-09T12:24:07.873+0000] {processor.py:829} INFO - Processing file /home/airflow/.local/lib/python3.10/site-packages/airflow/example_dags/example_branch_labels.py for tasks to queue
[2026-06-09T12:24:07.894+0000] {logging_mixin.py:154} INFO - [2026-06-09T12:24:07.894+0000] {dagbag.py:536} INFO - Filling up the DagBag from /home/airflow/.local/lib/python3.10/site-packages/airflow/example_dags/example_branch_labels.py
[2026-06-09T12:24:07.911+0000] {processor.py:839} INFO - DAG(s) dict_keys(['example_branch_labels']) retrieved from /home/airflow/.local/lib/python3.10/site-packages/airflow/example_dags/example_branch_labels.py
[2026-06-09T12:24:07.949+0000] {logging_mixin.py:154} INFO - [2026-06-09T12:24:07.949+0000] {dag.py:2941} INFO - Sync 1 DAGs
[2026-06-09T12:24:07.983+0000] {logging_mixin.py:154} INFO - [2026-06-09T12:24:07.983+0000] {dag.py:3722} INFO - Setting next_dagrun for example_branch_labels to 2026-06-08T00:00:00+00:00, run_after=2026-06-09T00:00:00+00:00
[2026-06-09T12:24:08.008+0000] {processor.py:179} INFO - Processing /home/airflow/.local/lib/python3.10/site-packages/airflow/example_dags/example_branch_labels.py took 0.156 seconds
[2026-06-09T12:24:38.165+0000] {processor.py:157} INFO - Started process (PID=4414) to work on /home/airflow/.local/lib/python3.10/site-packages/airflow/example_dags/example_branch_labels.py
[2026-06-09T12:24:38.168+0000] {processor.py:829} INFO - Processing file /home/airflow/.local/lib/python3.10/site-packages/airflow/example_dags/example_branch_labels.py for tasks to queue
[2026-06-09T12:24:38.171+0000] {logging_mixin.py:154} INFO - [2026-06-09T12:24:38.170+0000] {dagbag.py:536} INFO - Filling up the DagBag from /home/airflow/.local/lib/python3.10/site-packages/airflow/example_dags/example_branch_labels.py
[2026-06-09T12:24:38.181+0000] {processor.py:839} INFO - DAG(s) dict_keys(['example_branch_labels']) retrieved from /home/airflow/.local/lib/python3.10/site-packages/airflow/example_dags/example_branch_labels.py
[2026-06-09T12:24:38.205+0000] {logging_mixin.py:154} INFO - [2026-06-09T12:24:38.205+0000] {dag.py:2941} INFO - Sync 1 DAGs
[2026-06-09T12:24:38.234+0000] {logging_mixin.py:154} INFO - [2026-06-09T12:24:38.233+0000] {dag.py:3722} INFO - Setting next_dagrun for example_branch_labels to 2026-06-08T00:00:00+00:00, run_after=2026-06-09T00:00:00+00:00
[2026-06-09T12:24:38.252+0000] {processor.py:179} INFO - Processing /home/airflow/.local/lib/python3.10/site-packages/airflow/example_dags/example_branch_labels.py took 0.093 seconds
[2026-06-09T12:25:08.691+0000] {processor.py:157} INFO - Started process (PID=4465) to work on /home/airflow/.local/lib/python3.10/site-packages/airflow/example_dags/example_branch_labels.py
[2026-06-09T12:25:08.692+0000] {processor.py:829} INFO - Processing file /home/airflow/.local/lib/python3.10/site-packages/airflow/example_dags/example_branch_labels.py for tasks to queue
[2026-06-09T12:25:08.695+0000] {logging_mixin.py:154} INFO - [2026-06-09T12:25:08.694+0000] {dagbag.py:536} INFO - Filling up the DagBag from /home/airflow/.local/lib/python3.10/site-packages/airflow/example_dags/example_branch_labels.py
[2026-06-09T12:25:08.727+0000] {processor.py:839} INFO - DAG(s) dict_keys(['example_branch_labels']) retrieved from /home/airflow/.local/lib/python3.10/site-packages/airflow/example_dags/example_branch_labels.py
[2026-06-09T12:25:08.792+0000] {logging_mixin.py:154} INFO - [2026-06-09T12:25:08.791+0000] {dag.py:2941} INFO - Sync 1 DAGs
[2026-06-09T12:25:08.867+0000] {logging_mixin.py:154} INFO - [2026-06-09T12:25:08.867+0000] {dag.py:3722} INFO - Setting next_dagrun for example_branch_labels to 2026-06-08T00:00:00+00:00, run_after=2026-06-09T00:00:00+00:00
[2026-06-09T12:25:08.913+0000] {processor.py:179} INFO - Processing /home/airflow/.local/lib/python3.10/site-packages/airflow/example_dags/example_branch_labels.py took 0.258 seconds
[2026-06-09T12:25:39.309+0000] {processor.py:157} INFO - Started process (PID=4516) to work on /home/airflow/.local/lib/python3.10/site-packages/airflow/example_dags/example_branch_labels.py
[2026-06-09T12:25:39.318+0000] {processor.py:829} INFO - Processing file /home/airflow/.local/lib/python3.10/site-packages/airflow/example_dags/example_branch_labels.py for tasks to queue
[2026-06-09T12:25:39.321+0000] {logging_mixin.py:154} INFO - [2026-06-09T12:25:39.320+0000] {dagbag.py:536} INFO - Filling up the DagBag from /home/airflow/.local/lib/python3.10/site-packages/airflow/example_dags/example_branch_labels.py
[2026-06-09T12:25:39.345+0000] {processor.py:839} INFO - DAG(s) dict_keys(['example_branch_labels']) retrieved from /home/airflow/.local/lib/python3.10/site-packages/airflow/example_dags/example_branch_labels.py
[2026-06-09T12:25:39.398+0000] {logging_mixin.py:154} INFO - [2026-06-09T12:25:39.398+0000] {dag.py:2941} INFO - Sync 1 DAGs
[2026-06-09T12:25:39.562+0000] {logging_mixin.py:154} INFO - [2026-06-09T12:25:39.562+0000] {dag.py:3722} INFO - Setting next_dagrun for example_branch_labels to 2026-06-08T00:00:00+00:00, run_after=2026-06-09T00:00:00+00:00
[2026-06-09T12:25:39.610+0000] {processor.py:179} INFO - Processing /home/airflow/.local/lib/python3.10/site-packages/airflow/example_dags/example_branch_labels.py took 0.319 seconds
[2026-06-09T12:26:09.885+0000] {processor.py:157} INFO - Started process (PID=4567) to work on /home/airflow/.local/lib/python3.10/site-packages/airflow/example_dags/example_branch_labels.py
[2026-06-09T12:26:09.890+0000] {processor.py:829} INFO - Processing file /home/airflow/.local/lib/python3.10/site-packages/airflow/example_dags/example_branch_labels.py for tasks to queue
[2026-06-09T12:26:09.893+0000] {logging_mixin.py:154} INFO - [2026-06-09T12:26:09.892+0000] {dagbag.py:536} INFO - Filling up the DagBag from /home/airflow/.local/lib/python3.10/site-packages/airflow/example_dags/example_branch_labels.py
[2026-06-09T12:26:09.915+0000] {processor.py:839} INFO - DAG(s) dict_keys(['example_branch_labels']) retrieved from /home/airflow/.local/lib/python3.10/site-packages/airflow/example_dags/example_branch_labels.py
[2026-06-09T12:26:09.967+0000] {logging_mixin.py:154} INFO - [2026-06-09T12:26:09.966+0000] {dag.py:2941} INFO - Sync 1 DAGs
[2026-06-09T12:26:10.019+0000] {logging_mixin.py:154} INFO - [2026-06-09T12:26:10.019+0000] {dag.py:3722} INFO - Setting next_dagrun for example_branch_labels to 2026-06-08T00:00:00+00:00, run_after=2026-06-09T00:00:00+00:00
[2026-06-09T12:26:10.058+0000] {processor.py:179} INFO - Processing /home/airflow/.local/lib/python3.10/site-packages/airflow/example_dags/example_branch_labels.py took 0.179 seconds
[2026-06-09T12:26:40.257+0000] {processor.py:157} INFO - Started process (PID=4618) to work on /home/airflow/.local/lib/python3.10/site-packages/airflow/example_dags/example_branch_labels.py
[2026-06-09T12:26:40.266+0000] {processor.py:829} INFO - Processing file /home/airflow/.local/lib/python3.10/site-packages/airflow/example_dags/example_branch_labels.py for tasks to queue
[2026-06-09T12:26:40.269+0000] {logging_mixin.py:154} INFO - [2026-06-09T12:26:40.268+0000] {dagbag.py:536} INFO - Filling up the DagBag from /home/airflow/.local/lib/python3.10/site-packages/airflow/example_dags/example_branch_labels.py
[2026-06-09T12:26:40.281+0000] {processor.py:839} INFO - DAG(s) dict_keys(['example_branch_labels']) retrieved from /home/airflow/.local/lib/python3.10/site-packages/airflow/example_dags/example_branch_labels.py
[2026-06-09T12:26:40.306+0000] {logging_mixin.py:154} INFO - [2026-06-09T12:26:40.306+0000] {dag.py:2941} INFO - Sync 1 DAGs
[2026-06-09T12:26:40.331+0000] {logging_mixin.py:154} INFO - [2026-06-09T12:26:40.331+0000] {dag.py:3722} INFO - Setting next_dagrun for example_branch_labels to 2026-06-08T00:00:00+00:00, run_after=2026-06-09T00:00:00+00:00
[2026-06-09T12:26:40.352+0000] {processor.py:179} INFO - Processing /home/airflow/.local/lib/python3.10/site-packages/airflow/example_dags/example_branch_labels.py took 0.100 seconds
[2026-06-09T12:27:10.617+0000] {processor.py:157} INFO - Started process (PID=4668) to work on /home/airflow/.local/lib/python3.10/site-packages/airflow/example_dags/example_branch_labels.py
[2026-06-09T12:27:10.619+0000] {processor.py:829} INFO - Processing file /home/airflow/.local/lib/python3.10/site-packages/airflow/example_dags/example_branch_labels.py for tasks to queue
[2026-06-09T12:27:10.621+0000] {logging_mixin.py:154} INFO - [2026-06-09T12:27:10.621+0000] {dagbag.py:536} INFO - Filling up the DagBag from /home/airflow/.local/lib/python3.10/site-packages/airflow/example_dags/example_branch_labels.py
[2026-06-09T12:27:10.633+0000] {processor.py:839} INFO - DAG(s) dict_keys(['example_branch_labels']) retrieved from /home/airflow/.local/lib/python3.10/site-packages/airflow/example_dags/example_branch_labels.py
[2026-06-09T12:27:10.671+0000] {logging_mixin.py:154} INFO - [2026-06-09T12:27:10.671+0000] {dag.py:2941} INFO - Sync 1 DAGs
[2026-06-09T12:27:10.708+0000] {logging_mixin.py:154} INFO - [2026-06-09T12:27:10.708+0000] {dag.py:3722} INFO - Setting next_dagrun for example_branch_labels to 2026-06-08T00:00:00+00:00, run_after=2026-06-09T00:00:00+00:00
[2026-06-09T12:27:10.731+0000] {processor.py:179} INFO - Processing /home/airflow/.local/lib/python3.10/site-packages/airflow/example_dags/example_branch_labels.py took 0.119 seconds
[2026-06-09T12:27:41.495+0000] {processor.py:157} INFO - Started process (PID=4719) to work on /home/airflow/.local/lib/python3.10/site-packages/airflow/example_dags/example_branch_labels.py
[2026-06-09T12:27:41.496+0000] {processor.py:829} INFO - Processing file /home/airflow/.local/lib/python3.10/site-packages/airflow/example_dags/example_branch_labels.py for tasks to queue
[2026-06-09T12:27:41.499+0000] {logging_mixin.py:154} INFO - [2026-06-09T12:27:41.499+0000] {dagbag.py:536} INFO - Filling up the DagBag from /home/airflow/.local/lib/python3.10/site-packages/airflow/example_dags/example_branch_labels.py
[2026-06-09T12:27:41.511+0000] {processor.py:839} INFO - DAG(s) dict_keys(['example_branch_labels']) retrieved from /home/airflow/.local/lib/python3.10/site-packages/airflow/example_dags/example_branch_labels.py
[2026-06-09T12:27:41.543+0000] {logging_mixin.py:154} INFO - [2026-06-09T12:27:41.542+0000] {dag.py:2941} INFO - Sync 1 DAGs
[2026-06-09T12:27:41.578+0000] {logging_mixin.py:154} INFO - [2026-06-09T12:27:41.578+0000] {dag.py:3722} INFO - Setting next_dagrun for example_branch_labels to 2026-06-08T00:00:00+00:00, run_after=2026-06-09T00:00:00+00:00
[2026-06-09T12:27:41.601+0000] {processor.py:179} INFO - Processing /home/airflow/.local/lib/python3.10/site-packages/airflow/example_dags/example_branch_labels.py took 0.112 seconds
[2026-06-09T12:28:12.211+0000] {processor.py:157} INFO - Started process (PID=4770) to work on /home/airflow/.local/lib/python3.10/site-packages/airflow/example_dags/example_branch_labels.py
[2026-06-09T12:28:12.219+0000] {processor.py:829} INFO - Processing file /home/airflow/.local/lib/python3.10/site-packages/airflow/example_dags/example_branch_labels.py for tasks to queue
[2026-06-09T12:28:12.222+0000] {logging_mixin.py:154} INFO - [2026-06-09T12:28:12.222+0000] {dagbag.py:536} INFO - Filling up the DagBag from /home/airflow/.local/lib/python3.10/site-packages/airflow/example_dags/example_branch_labels.py
[2026-06-09T12:28:12.234+0000] {processor.py:839} INFO - DAG(s) dict_keys(['example_branch_labels']) retrieved from /home/airflow/.local/lib/python3.10/site-packages/airflow/example_dags/example_branch_labels.py
[2026-06-09T12:28:12.266+0000] {logging_mixin.py:154} INFO - [2026-06-09T12:28:12.266+0000] {dag.py:2941} INFO - Sync 1 DAGs
[2026-06-09T12:28:12.306+0000] {logging_mixin.py:154} INFO - [2026-06-09T12:28:12.306+0000] {dag.py:3722} INFO - Setting next_dagrun for example_branch_labels to 2026-06-08T00:00:00+00:00, run_after=2026-06-09T00:00:00+00:00
[2026-06-09T12:28:12.330+0000] {processor.py:179} INFO - Processing /home/airflow/.local/lib/python3.10/site-packages/airflow/example_dags/example_branch_labels.py took 0.124 seconds
[2026-06-09T12:28:43.191+0000] {processor.py:157} INFO - Started process (PID=4821) to work on /home/airflow/.local/lib/python3.10/site-packages/airflow/example_dags/example_branch_labels.py
[2026-06-09T12:28:43.198+0000] {processor.py:829} INFO - Processing file /home/airflow/.local/lib/python3.10/site-packages/airflow/example_dags/example_branch_labels.py for tasks to queue
[2026-06-09T12:28:43.202+0000] {logging_mixin.py:154} INFO - [2026-06-09T12:28:43.202+0000] {dagbag.py:536} INFO - Filling up the DagBag from /home/airflow/.local/lib/python3.10/site-packages/airflow/example_dags/example_branch_labels.py
[2026-06-09T12:28:43.227+0000] {processor.py:839} INFO - DAG(s) dict_keys(['example_branch_labels']) retrieved from /home/airflow/.local/lib/python3.10/site-packages/airflow/example_dags/example_branch_labels.py
[2026-06-09T12:28:43.268+0000] {logging_mixin.py:154} INFO - [2026-06-09T12:28:43.268+0000] {dag.py:2941} INFO - Sync 1 DAGs
[2026-06-09T12:28:43.310+0000] {logging_mixin.py:154} INFO - [2026-06-09T12:28:43.310+0000] {dag.py:3722} INFO - Setting next_dagrun for example_branch_labels to 2026-06-08T00:00:00+00:00, run_after=2026-06-09T00:00:00+00:00
[2026-06-09T12:28:43.371+0000] {processor.py:179} INFO - Processing /home/airflow/.local/lib/python3.10/site-packages/airflow/example_dags/example_branch_labels.py took 0.193 seconds
[2026-06-09T12:29:13.935+0000] {processor.py:157} INFO - Started process (PID=4871) to work on /home/airflow/.local/lib/python3.10/site-packages/airflow/example_dags/example_branch_labels.py
[2026-06-09T12:29:13.942+0000] {processor.py:829} INFO - Processing file /home/airflow/.local/lib/python3.10/site-packages/airflow/example_dags/example_branch_labels.py for tasks to queue
[2026-06-09T12:29:13.950+0000] {logging_mixin.py:154} INFO - [2026-06-09T12:29:13.950+0000] {dagbag.py:536} INFO - Filling up the DagBag from /home/airflow/.local/lib/python3.10/site-packages/airflow/example_dags/example_branch_labels.py
[2026-06-09T12:29:13.969+0000] {processor.py:839} INFO - DAG(s) dict_keys(['example_branch_labels']) retrieved from /home/airflow/.local/lib/python3.10/site-packages/airflow/example_dags/example_branch_labels.py
[2026-06-09T12:29:14.058+0000] {logging_mixin.py:154} INFO - [2026-06-09T12:29:14.057+0000] {dag.py:2941} INFO - Sync 1 DAGs
[2026-06-09T12:29:14.129+0000] {logging_mixin.py:154} INFO - [2026-06-09T12:29:14.129+0000] {dag.py:3722} INFO - Setting next_dagrun for example_branch_labels to 2026-06-08T00:00:00+00:00, run_after=2026-06-09T00:00:00+00:00
[2026-06-09T12:29:14.205+0000] {processor.py:179} INFO - Processing /home/airflow/.local/lib/python3.10/site-packages/airflow/example_dags/example_branch_labels.py took 0.278 seconds
[2026-06-09T12:29:44.691+0000] {processor.py:157} INFO - Started process (PID=4922) to work on /home/airflow/.local/lib/python3.10/site-packages/airflow/example_dags/example_branch_labels.py
[2026-06-09T12:29:44.693+0000] {processor.py:829} INFO - Processing file /home/airflow/.local/lib/python3.10/site-packages/airflow/example_dags/example_branch_labels.py for tasks to queue
[2026-06-09T12:29:44.696+0000] {logging_mixin.py:154} INFO - [2026-06-09T12:29:44.696+0000] {dagbag.py:536} INFO - Filling up the DagBag from /home/airflow/.local/lib/python3.10/site-packages/airflow/example_dags/example_branch_labels.py
[2026-06-09T12:29:44.709+0000] {processor.py:839} INFO - DAG(s) dict_keys(['example_branch_labels']) retrieved from /home/airflow/.local/lib/python3.10/site-packages/airflow/example_dags/example_branch_labels.py
[2026-06-09T12:29:44.749+0000] {logging_mixin.py:154} INFO - [2026-06-09T12:29:44.748+0000] {dag.py:2941} INFO - Sync 1 DAGs
[2026-06-09T12:29:44.792+0000] {logging_mixin.py:154} INFO - [2026-06-09T12:29:44.792+0000] {dag.py:3722} INFO - Setting next_dagrun for example_branch_labels to 2026-06-08T00:00:00+00:00, run_after=2026-06-09T00:00:00+00:00
[2026-06-09T12:29:44.815+0000] {processor.py:179} INFO - Processing /home/airflow/.local/lib/python3.10/site-packages/airflow/example_dags/example_branch_labels.py took 0.128 seconds
[2026-06-09T12:30:15.482+0000] {processor.py:157} INFO - Started process (PID=4974) to work on /home/airflow/.local/lib/python3.10/site-packages/airflow/example_dags/example_branch_labels.py
[2026-06-09T12:30:15.490+0000] {processor.py:829} INFO - Processing file /home/airflow/.local/lib/python3.10/site-packages/airflow/example_dags/example_branch_labels.py for tasks to queue
[2026-06-09T12:30:15.493+0000] {logging_mixin.py:154} INFO - [2026-06-09T12:30:15.492+0000] {dagbag.py:536} INFO - Filling up the DagBag from /home/airflow/.local/lib/python3.10/site-packages/airflow/example_dags/example_branch_labels.py
[2026-06-09T12:30:15.537+0000] {processor.py:839} INFO - DAG(s) dict_keys(['example_branch_labels']) retrieved from /home/airflow/.local/lib/python3.10/site-packages/airflow/example_dags/example_branch_labels.py
[2026-06-09T12:30:15.622+0000] {logging_mixin.py:154} INFO - [2026-06-09T12:30:15.622+0000] {dag.py:2941} INFO - Sync 1 DAGs
[2026-06-09T12:30:15.741+0000] {logging_mixin.py:154} INFO - [2026-06-09T12:30:15.729+0000] {dag.py:3722} INFO - Setting next_dagrun for example_branch_labels to 2026-06-08T00:00:00+00:00, run_after=2026-06-09T00:00:00+00:00
[2026-06-09T12:30:15.896+0000] {processor.py:179} INFO - Processing /home/airflow/.local/lib/python3.10/site-packages/airflow/example_dags/example_branch_labels.py took 0.437 seconds
[2026-06-09T12:30:46.363+0000] {processor.py:157} INFO - Started process (PID=5024) to work on /home/airflow/.local/lib/python3.10/site-packages/airflow/example_dags/example_branch_labels.py
[2026-06-09T12:30:46.366+0000] {processor.py:829} INFO - Processing file /home/airflow/.local/lib/python3.10/site-packages/airflow/example_dags/example_branch_labels.py for tasks to queue
[2026-06-09T12:30:46.369+0000] {logging_mixin.py:154} INFO - [2026-06-09T12:30:46.368+0000] {dagbag.py:536} INFO - Filling up the DagBag from /home/airflow/.local/lib/python3.10/site-packages/airflow/example_dags/example_branch_labels.py
[2026-06-09T12:30:46.378+0000] {processor.py:839} INFO - DAG(s) dict_keys(['example_branch_labels']) retrieved from /home/airflow/.local/lib/python3.10/site-packages/airflow/example_dags/example_branch_labels.py
[2026-06-09T12:30:46.402+0000] {logging_mixin.py:154} INFO - [2026-06-09T12:30:46.402+0000] {dag.py:2941} INFO - Sync 1 DAGs
[2026-06-09T12:30:46.434+0000] {logging_mixin.py:154} INFO - [2026-06-09T12:30:46.434+0000] {dag.py:3722} INFO - Setting next_dagrun for example_branch_labels to 2026-06-08T00:00:00+00:00, run_after=2026-06-09T00:00:00+00:00
[2026-06-09T12:30:46.460+0000] {processor.py:179} INFO - Processing /home/airflow/.local/lib/python3.10/site-packages/airflow/example_dags/example_branch_labels.py took 0.101 seconds
[2026-06-09T12:31:17.296+0000] {processor.py:157} INFO - Started process (PID=5075) to work on /home/airflow/.local/lib/python3.10/site-packages/airflow/example_dags/example_branch_labels.py
[2026-06-09T12:31:17.297+0000] {processor.py:829} INFO - Processing file /home/airflow/.local/lib/python3.10/site-packages/airflow/example_dags/example_branch_labels.py for tasks to queue
[2026-06-09T12:31:17.300+0000] {logging_mixin.py:154} INFO - [2026-06-09T12:31:17.300+0000] {dagbag.py:536} INFO - Filling up the DagBag from /home/airflow/.local/lib/python3.10/site-packages/airflow/example_dags/example_branch_labels.py
[2026-06-09T12:31:17.313+0000] {processor.py:839} INFO - DAG(s) dict_keys(['example_branch_labels']) retrieved from /home/airflow/.local/lib/python3.10/site-packages/airflow/example_dags/example_branch_labels.py
[2026-06-09T12:31:17.346+0000] {logging_mixin.py:154} INFO - [2026-06-09T12:31:17.346+0000] {dag.py:2941} INFO - Sync 1 DAGs
[2026-06-09T12:31:17.380+0000] {logging_mixin.py:154} INFO - [2026-06-09T12:31:17.380+0000] {dag.py:3722} INFO - Setting next_dagrun for example_branch_labels to 2026-06-08T00:00:00+00:00, run_after=2026-06-09T00:00:00+00:00
[2026-06-09T12:31:17.403+0000] {processor.py:179} INFO - Processing /home/airflow/.local/lib/python3.10/site-packages/airflow/example_dags/example_branch_labels.py took 0.112 seconds
[2026-06-09T12:31:48.147+0000] {processor.py:157} INFO - Started process (PID=5126) to work on /home/airflow/.local/lib/python3.10/site-packages/airflow/example_dags/example_branch_labels.py
[2026-06-09T12:31:48.151+0000] {processor.py:829} INFO - Processing file /home/airflow/.local/lib/python3.10/site-packages/airflow/example_dags/example_branch_labels.py for tasks to queue
[2026-06-09T12:31:48.154+0000] {logging_mixin.py:154} INFO - [2026-06-09T12:31:48.153+0000] {dagbag.py:536} INFO - Filling up the DagBag from /home/airflow/.local/lib/python3.10/site-packages/airflow/example_dags/example_branch_labels.py
[2026-06-09T12:31:48.166+0000] {processor.py:839} INFO - DAG(s) dict_keys(['example_branch_labels']) retrieved from /home/airflow/.local/lib/python3.10/site-packages/airflow/example_dags/example_branch_labels.py
[2026-06-09T12:31:48.199+0000] {logging_mixin.py:154} INFO - [2026-06-09T12:31:48.199+0000] {dag.py:2941} INFO - Sync 1 DAGs
[2026-06-09T12:31:48.239+0000] {logging_mixin.py:154} INFO - [2026-06-09T12:31:48.239+0000] {dag.py:3722} INFO - Setting next_dagrun for example_branch_labels to 2026-06-08T00:00:00+00:00, run_after=2026-06-09T00:00:00+00:00
[2026-06-09T12:31:48.264+0000] {processor.py:179} INFO - Processing /home/airflow/.local/lib/python3.10/site-packages/airflow/example_dags/example_branch_labels.py took 0.121 seconds
[2026-06-09T12:32:18.746+0000] {processor.py:157} INFO - Started process (PID=5177) to work on /home/airflow/.local/lib/python3.10/site-packages/airflow/example_dags/example_branch_labels.py
[2026-06-09T12:32:18.747+0000] {processor.py:829} INFO - Processing file /home/airflow/.local/lib/python3.10/site-packages/airflow/example_dags/example_branch_labels.py for tasks to queue
[2026-06-09T12:32:18.750+0000] {logging_mixin.py:154} INFO - [2026-06-09T12:32:18.750+0000] {dagbag.py:536} INFO - Filling up the DagBag from /home/airflow/.local/lib/python3.10/site-packages/airflow/example_dags/example_branch_labels.py
[2026-06-09T12:32:18.763+0000] {processor.py:839} INFO - DAG(s) dict_keys(['example_branch_labels']) retrieved from /home/airflow/.local/lib/python3.10/site-packages/airflow/example_dags/example_branch_labels.py
[2026-06-09T12:32:18.795+0000] {logging_mixin.py:154} INFO - [2026-06-09T12:32:18.795+0000] {dag.py:2941} INFO - Sync 1 DAGs
[2026-06-09T12:32:18.836+0000] {logging_mixin.py:154} INFO - [2026-06-09T12:32:18.836+0000] {dag.py:3722} INFO - Setting next_dagrun for example_branch_labels to 2026-06-08T00:00:00+00:00, run_after=2026-06-09T00:00:00+00:00
[2026-06-09T12:32:18.859+0000] {processor.py:179} INFO - Processing /home/airflow/.local/lib/python3.10/site-packages/airflow/example_dags/example_branch_labels.py took 0.118 seconds
[2026-06-09T12:32:49.168+0000] {processor.py:157} INFO - Started process (PID=5228) to work on /home/airflow/.local/lib/python3.10/site-packages/airflow/example_dags/example_branch_labels.py
[2026-06-09T12:32:49.186+0000] {processor.py:829} INFO - Processing file /home/airflow/.local/lib/python3.10/site-packages/airflow/example_dags/example_branch_labels.py for tasks to queue
[2026-06-09T12:32:49.189+0000] {logging_mixin.py:154} INFO - [2026-06-09T12:32:49.188+0000] {dagbag.py:536} INFO - Filling up the DagBag from /home/airflow/.local/lib/python3.10/site-packages/airflow/example_dags/example_branch_labels.py
[2026-06-09T12:32:49.234+0000] {processor.py:839} INFO - DAG(s) dict_keys(['example_branch_labels']) retrieved from /home/airflow/.local/lib/python3.10/site-packages/airflow/example_dags/example_branch_labels.py
[2026-06-09T12:32:49.320+0000] {logging_mixin.py:154} INFO - [2026-06-09T12:32:49.320+0000] {dag.py:2941} INFO - Sync 1 DAGs
[2026-06-09T12:32:49.432+0000] {logging_mixin.py:154} INFO - [2026-06-09T12:32:49.432+0000] {dag.py:3722} INFO - Setting next_dagrun for example_branch_labels to 2026-06-08T00:00:00+00:00, run_after=2026-06-09T00:00:00+00:00
[2026-06-09T12:32:49.522+0000] {processor.py:179} INFO - Processing /home/airflow/.local/lib/python3.10/site-packages/airflow/example_dags/example_branch_labels.py took 0.363 seconds
[2026-06-09T12:33:20.216+0000] {processor.py:157} INFO - Started process (PID=5279) to work on /home/airflow/.local/lib/python3.10/site-packages/airflow/example_dags/example_branch_labels.py
[2026-06-09T12:33:20.218+0000] {processor.py:829} INFO - Processing file /home/airflow/.local/lib/python3.10/site-packages/airflow/example_dags/example_branch_labels.py for tasks to queue
[2026-06-09T12:33:20.221+0000] {logging_mixin.py:154} INFO - [2026-06-09T12:33:20.220+0000] {dagbag.py:536} INFO - Filling up the DagBag from /home/airflow/.local/lib/python3.10/site-packages/airflow/example_dags/example_branch_labels.py
[2026-06-09T12:33:20.233+0000] {processor.py:839} INFO - DAG(s) dict_keys(['example_branch_labels']) retrieved from /home/airflow/.local/lib/python3.10/site-packages/airflow/example_dags/example_branch_labels.py
[2026-06-09T12:33:20.266+0000] {logging_mixin.py:154} INFO - [2026-06-09T12:33:20.266+0000] {dag.py:2941} INFO - Sync 1 DAGs
[2026-06-09T12:33:20.300+0000] {logging_mixin.py:154} INFO - [2026-06-09T12:33:20.300+0000] {dag.py:3722} INFO - Setting next_dagrun for example_branch_labels to 2026-06-08T00:00:00+00:00, run_after=2026-06-09T00:00:00+00:00
[2026-06-09T12:33:20.323+0000] {processor.py:179} INFO - Processing /home/airflow/.local/lib/python3.10/site-packages/airflow/example_dags/example_branch_labels.py took 0.111 seconds
[2026-06-09T12:33:50.816+0000] {processor.py:157} INFO - Started process (PID=5330) to work on /home/airflow/.local/lib/python3.10/site-packages/airflow/example_dags/example_branch_labels.py
[2026-06-09T12:33:50.817+0000] {processor.py:829} INFO - Processing file /home/airflow/.local/lib/python3.10/site-packages/airflow/example_dags/example_branch_labels.py for tasks to queue
[2026-06-09T12:33:50.820+0000] {logging_mixin.py:154} INFO - [2026-06-09T12:33:50.819+0000] {dagbag.py:536} INFO - Filling up the DagBag from /home/airflow/.local/lib/python3.10/site-packages/airflow/example_dags/example_branch_labels.py
[2026-06-09T12:33:50.832+0000] {processor.py:839} INFO - DAG(s) dict_keys(['example_branch_labels']) retrieved from /home/airflow/.local/lib/python3.10/site-packages/airflow/example_dags/example_branch_labels.py
[2026-06-09T12:33:50.866+0000] {logging_mixin.py:154} INFO - [2026-06-09T12:33:50.866+0000] {dag.py:2941} INFO - Sync 1 DAGs
[2026-06-09T12:33:50.911+0000] {logging_mixin.py:154} INFO - [2026-06-09T12:33:50.911+0000] {dag.py:3722} INFO - Setting next_dagrun for example_branch_labels to 2026-06-08T00:00:00+00:00, run_after=2026-06-09T00:00:00+00:00
[2026-06-09T12:33:50.948+0000] {processor.py:179} INFO - Processing /home/airflow/.local/lib/python3.10/site-packages/airflow/example_dags/example_branch_labels.py took 0.137 seconds
[2026-06-09T12:34:21.570+0000] {processor.py:157} INFO - Started process (PID=5381) to work on /home/airflow/.local/lib/python3.10/site-packages/airflow/example_dags/example_branch_labels.py
[2026-06-09T12:34:21.571+0000] {processor.py:829} INFO - Processing file /home/airflow/.local/lib/python3.10/site-packages/airflow/example_dags/example_branch_labels.py for tasks to queue
[2026-06-09T12:34:21.574+0000] {logging_mixin.py:154} INFO - [2026-06-09T12:34:21.574+0000] {dagbag.py:536} INFO - Filling up the DagBag from /home/airflow/.local/lib/python3.10/site-packages/airflow/example_dags/example_branch_labels.py
[2026-06-09T12:34:21.587+0000] {processor.py:839} INFO - DAG(s) dict_keys(['example_branch_labels']) retrieved from /home/airflow/.local/lib/python3.10/site-packages/airflow/example_dags/example_branch_labels.py
[2026-06-09T12:34:21.619+0000] {logging_mixin.py:154} INFO - [2026-06-09T12:34:21.619+0000] {dag.py:2941} INFO - Sync 1 DAGs
[2026-06-09T12:34:21.686+0000] {logging_mixin.py:154} INFO - [2026-06-09T12:34:21.681+0000] {dag.py:3722} INFO - Setting next_dagrun for example_branch_labels to 2026-06-08T00:00:00+00:00, run_after=2026-06-09T00:00:00+00:00
[2026-06-09T12:34:21.789+0000] {processor.py:179} INFO - Processing /home/airflow/.local/lib/python3.10/site-packages/airflow/example_dags/example_branch_labels.py took 0.233 seconds
[2026-06-09T12:34:52.514+0000] {processor.py:157} INFO - Started process (PID=5432) to work on /home/airflow/.local/lib/python3.10/site-packages/airflow/example_dags/example_branch_labels.py
[2026-06-09T12:34:52.515+0000] {processor.py:829} INFO - Processing file /home/airflow/.local/lib/python3.10/site-packages/airflow/example_dags/example_branch_labels.py for tasks to queue
[2026-06-09T12:34:52.518+0000] {logging_mixin.py:154} INFO - [2026-06-09T12:34:52.518+0000] {dagbag.py:536} INFO - Filling up the DagBag from /home/airflow/.local/lib/python3.10/site-packages/airflow/example_dags/example_branch_labels.py
[2026-06-09T12:34:52.530+0000] {processor.py:839} INFO - DAG(s) dict_keys(['example_branch_labels']) retrieved from /home/airflow/.local/lib/python3.10/site-packages/airflow/example_dags/example_branch_labels.py
[2026-06-09T12:34:52.563+0000] {logging_mixin.py:154} INFO - [2026-06-09T12:34:52.562+0000] {dag.py:2941} INFO - Sync 1 DAGs
[2026-06-09T12:34:52.597+0000] {logging_mixin.py:154} INFO - [2026-06-09T12:34:52.596+0000] {dag.py:3722} INFO - Setting next_dagrun for example_branch_labels to 2026-06-08T00:00:00+00:00, run_after=2026-06-09T00:00:00+00:00
[2026-06-09T12:34:52.623+0000] {processor.py:179} INFO - Processing /home/airflow/.local/lib/python3.10/site-packages/airflow/example_dags/example_branch_labels.py took 0.114 seconds
[2026-06-09T12:35:22.986+0000] {processor.py:157} INFO - Started process (PID=5483) to work on /home/airflow/.local/lib/python3.10/site-packages/airflow/example_dags/example_branch_labels.py
[2026-06-09T12:35:22.987+0000] {processor.py:829} INFO - Processing file /home/airflow/.local/lib/python3.10/site-packages/airflow/example_dags/example_branch_labels.py for tasks to queue
[2026-06-09T12:35:22.990+0000] {logging_mixin.py:154} INFO - [2026-06-09T12:35:22.989+0000] {dagbag.py:536} INFO - Filling up the DagBag from /home/airflow/.local/lib/python3.10/site-packages/airflow/example_dags/example_branch_labels.py
[2026-06-09T12:35:23.011+0000] {processor.py:839} INFO - DAG(s) dict_keys(['example_branch_labels']) retrieved from /home/airflow/.local/lib/python3.10/site-packages/airflow/example_dags/example_branch_labels.py
[2026-06-09T12:35:23.059+0000] {logging_mixin.py:154} INFO - [2026-06-09T12:35:23.059+0000] {dag.py:2941} INFO - Sync 1 DAGs
[2026-06-09T12:35:23.097+0000] {logging_mixin.py:154} INFO - [2026-06-09T12:35:23.097+0000] {dag.py:3722} INFO - Setting next_dagrun for example_branch_labels to 2026-06-08T00:00:00+00:00, run_after=2026-06-09T00:00:00+00:00
[2026-06-09T12:35:23.146+0000] {processor.py:179} INFO - Processing /home/airflow/.local/lib/python3.10/site-packages/airflow/example_dags/example_branch_labels.py took 0.168 seconds
[2026-06-09T12:35:53.289+0000] {processor.py:157} INFO - Started process (PID=5534) to work on /home/airflow/.local/lib/python3.10/site-packages/airflow/example_dags/example_branch_labels.py
[2026-06-09T12:35:53.291+0000] {processor.py:829} INFO - Processing file /home/airflow/.local/lib/python3.10/site-packages/airflow/example_dags/example_branch_labels.py for tasks to queue
[2026-06-09T12:35:53.301+0000] {logging_mixin.py:154} INFO - [2026-06-09T12:35:53.293+0000] {dagbag.py:536} INFO - Filling up the DagBag from /home/airflow/.local/lib/python3.10/site-packages/airflow/example_dags/example_branch_labels.py
[2026-06-09T12:35:53.342+0000] {processor.py:839} INFO - DAG(s) dict_keys(['example_branch_labels']) retrieved from /home/airflow/.local/lib/python3.10/site-packages/airflow/example_dags/example_branch_labels.py
[2026-06-09T12:35:53.423+0000] {logging_mixin.py:154} INFO - [2026-06-09T12:35:53.423+0000] {dag.py:2941} INFO - Sync 1 DAGs
[2026-06-09T12:35:53.486+0000] {logging_mixin.py:154} INFO - [2026-06-09T12:35:53.485+0000] {dag.py:3722} INFO - Setting next_dagrun for example_branch_labels to 2026-06-08T00:00:00+00:00, run_after=2026-06-09T00:00:00+00:00
[2026-06-09T12:35:53.533+0000] {processor.py:179} INFO - Processing /home/airflow/.local/lib/python3.10/site-packages/airflow/example_dags/example_branch_labels.py took 0.257 seconds
[2026-06-09T12:36:24.116+0000] {processor.py:157} INFO - Started process (PID=5585) to work on /home/airflow/.local/lib/python3.10/site-packages/airflow/example_dags/example_branch_labels.py
[2026-06-09T12:36:24.142+0000] {processor.py:829} INFO - Processing file /home/airflow/.local/lib/python3.10/site-packages/airflow/example_dags/example_branch_labels.py for tasks to queue
[2026-06-09T12:36:24.155+0000] {logging_mixin.py:154} INFO - [2026-06-09T12:36:24.154+0000] {dagbag.py:536} INFO - Filling up the DagBag from /home/airflow/.local/lib/python3.10/site-packages/airflow/example_dags/example_branch_labels.py
[2026-06-09T12:36:24.196+0000] {processor.py:839} INFO - DAG(s) dict_keys(['example_branch_labels']) retrieved from /home/airflow/.local/lib/python3.10/site-packages/airflow/example_dags/example_branch_labels.py
[2026-06-09T12:36:24.294+0000] {logging_mixin.py:154} INFO - [2026-06-09T12:36:24.294+0000] {dag.py:2941} INFO - Sync 1 DAGs
[2026-06-09T12:36:24.382+0000] {logging_mixin.py:154} INFO - [2026-06-09T12:36:24.382+0000] {dag.py:3722} INFO - Setting next_dagrun for example_branch_labels to 2026-06-08T00:00:00+00:00, run_after=2026-06-09T00:00:00+00:00
[2026-06-09T12:36:24.455+0000] {processor.py:179} INFO - Processing /home/airflow/.local/lib/python3.10/site-packages/airflow/example_dags/example_branch_labels.py took 0.389 seconds
[2026-06-09T12:36:54.860+0000] {processor.py:157} INFO - Started process (PID=5636) to work on /home/airflow/.local/lib/python3.10/site-packages/airflow/example_dags/example_branch_labels.py
[2026-06-09T12:36:54.861+0000] {processor.py:829} INFO - Processing file /home/airflow/.local/lib/python3.10/site-packages/airflow/example_dags/example_branch_labels.py for tasks to queue
[2026-06-09T12:36:54.864+0000] {logging_mixin.py:154} INFO - [2026-06-09T12:36:54.863+0000] {dagbag.py:536} INFO - Filling up the DagBag from /home/airflow/.local/lib/python3.10/site-packages/airflow/example_dags/example_branch_labels.py
[2026-06-09T12:36:54.877+0000] {processor.py:839} INFO - DAG(s) dict_keys(['example_branch_labels']) retrieved from /home/airflow/.local/lib/python3.10/site-packages/airflow/example_dags/example_branch_labels.py
[2026-06-09T12:36:54.910+0000] {logging_mixin.py:154} INFO - [2026-06-09T12:36:54.909+0000] {dag.py:2941} INFO - Sync 1 DAGs
[2026-06-09T12:36:54.949+0000] {logging_mixin.py:154} INFO - [2026-06-09T12:36:54.949+0000] {dag.py:3722} INFO - Setting next_dagrun for example_branch_labels to 2026-06-08T00:00:00+00:00, run_after=2026-06-09T00:00:00+00:00
[2026-06-09T12:36:54.981+0000] {processor.py:179} INFO - Processing /home/airflow/.local/lib/python3.10/site-packages/airflow/example_dags/example_branch_labels.py took 0.126 seconds
[2026-06-09T12:37:25.084+0000] {processor.py:157} INFO - Started process (PID=5687) to work on /home/airflow/.local/lib/python3.10/site-packages/airflow/example_dags/example_branch_labels.py
[2026-06-09T12:37:25.086+0000] {processor.py:829} INFO - Processing file /home/airflow/.local/lib/python3.10/site-packages/airflow/example_dags/example_branch_labels.py for tasks to queue
[2026-06-09T12:37:25.088+0000] {logging_mixin.py:154} INFO - [2026-06-09T12:37:25.088+0000] {dagbag.py:536} INFO - Filling up the DagBag from /home/airflow/.local/lib/python3.10/site-packages/airflow/example_dags/example_branch_labels.py
[2026-06-09T12:37:25.100+0000] {processor.py:839} INFO - DAG(s) dict_keys(['example_branch_labels']) retrieved from /home/airflow/.local/lib/python3.10/site-packages/airflow/example_dags/example_branch_labels.py
[2026-06-09T12:37:25.132+0000] {logging_mixin.py:154} INFO - [2026-06-09T12:37:25.132+0000] {dag.py:2941} INFO - Sync 1 DAGs
[2026-06-09T12:37:25.184+0000] {logging_mixin.py:154} INFO - [2026-06-09T12:37:25.183+0000] {dag.py:3722} INFO - Setting next_dagrun for example_branch_labels to 2026-06-08T00:00:00+00:00, run_after=2026-06-09T00:00:00+00:00
[2026-06-09T12:37:25.208+0000] {processor.py:179} INFO - Processing /home/airflow/.local/lib/python3.10/site-packages/airflow/example_dags/example_branch_labels.py took 0.130 seconds
[2026-06-09T12:37:55.647+0000] {processor.py:157} INFO - Started process (PID=5738) to work on /home/airflow/.local/lib/python3.10/site-packages/airflow/example_dags/example_branch_labels.py
[2026-06-09T12:37:55.649+0000] {processor.py:829} INFO - Processing file /home/airflow/.local/lib/python3.10/site-packages/airflow/example_dags/example_branch_labels.py for tasks to queue
[2026-06-09T12:37:55.651+0000] {logging_mixin.py:154} INFO - [2026-06-09T12:37:55.651+0000] {dagbag.py:536} INFO - Filling up the DagBag from /home/airflow/.local/lib/python3.10/site-packages/airflow/example_dags/example_branch_labels.py
[2026-06-09T12:37:55.664+0000] {processor.py:839} INFO - DAG(s) dict_keys(['example_branch_labels']) retrieved from /home/airflow/.local/lib/python3.10/site-packages/airflow/example_dags/example_branch_labels.py
[2026-06-09T12:37:55.696+0000] {logging_mixin.py:154} INFO - [2026-06-09T12:37:55.696+0000] {dag.py:2941} INFO - Sync 1 DAGs
[2026-06-09T12:37:55.732+0000] {logging_mixin.py:154} INFO - [2026-06-09T12:37:55.732+0000] {dag.py:3722} INFO - Setting next_dagrun for example_branch_labels to 2026-06-08T00:00:00+00:00, run_after=2026-06-09T00:00:00+00:00
[2026-06-09T12:37:55.756+0000] {processor.py:179} INFO - Processing /home/airflow/.local/lib/python3.10/site-packages/airflow/example_dags/example_branch_labels.py took 0.113 seconds
[2026-06-09T12:38:26.362+0000] {processor.py:157} INFO - Started process (PID=5789) to work on /home/airflow/.local/lib/python3.10/site-packages/airflow/example_dags/example_branch_labels.py
[2026-06-09T12:38:26.365+0000] {processor.py:829} INFO - Processing file /home/airflow/.local/lib/python3.10/site-packages/airflow/example_dags/example_branch_labels.py for tasks to queue
[2026-06-09T12:38:26.374+0000] {logging_mixin.py:154} INFO - [2026-06-09T12:38:26.374+0000] {dagbag.py:536} INFO - Filling up the DagBag from /home/airflow/.local/lib/python3.10/site-packages/airflow/example_dags/example_branch_labels.py
[2026-06-09T12:38:26.389+0000] {processor.py:839} INFO - DAG(s) dict_keys(['example_branch_labels']) retrieved from /home/airflow/.local/lib/python3.10/site-packages/airflow/example_dags/example_branch_labels.py
[2026-06-09T12:38:26.422+0000] {logging_mixin.py:154} INFO - [2026-06-09T12:38:26.421+0000] {dag.py:2941} INFO - Sync 1 DAGs
[2026-06-09T12:38:26.458+0000] {logging_mixin.py:154} INFO - [2026-06-09T12:38:26.458+0000] {dag.py:3722} INFO - Setting next_dagrun for example_branch_labels to 2026-06-08T00:00:00+00:00, run_after=2026-06-09T00:00:00+00:00
[2026-06-09T12:38:26.481+0000] {processor.py:179} INFO - Processing /home/airflow/.local/lib/python3.10/site-packages/airflow/example_dags/example_branch_labels.py took 0.124 seconds
[2026-06-09T12:38:56.896+0000] {processor.py:157} INFO - Started process (PID=5840) to work on /home/airflow/.local/lib/python3.10/site-packages/airflow/example_dags/example_branch_labels.py
[2026-06-09T12:38:56.902+0000] {processor.py:829} INFO - Processing file /home/airflow/.local/lib/python3.10/site-packages/airflow/example_dags/example_branch_labels.py for tasks to queue
[2026-06-09T12:38:56.904+0000] {logging_mixin.py:154} INFO - [2026-06-09T12:38:56.904+0000] {dagbag.py:536} INFO - Filling up the DagBag from /home/airflow/.local/lib/python3.10/site-packages/airflow/example_dags/example_branch_labels.py
[2026-06-09T12:38:56.941+0000] {processor.py:839} INFO - DAG(s) dict_keys(['example_branch_labels']) retrieved from /home/airflow/.local/lib/python3.10/site-packages/airflow/example_dags/example_branch_labels.py
[2026-06-09T12:38:57.082+0000] {logging_mixin.py:154} INFO - [2026-06-09T12:38:57.082+0000] {dag.py:2941} INFO - Sync 1 DAGs
[2026-06-09T12:38:57.146+0000] {logging_mixin.py:154} INFO - [2026-06-09T12:38:57.145+0000] {dag.py:3722} INFO - Setting next_dagrun for example_branch_labels to 2026-06-08T00:00:00+00:00, run_after=2026-06-09T00:00:00+00:00
[2026-06-09T12:38:57.190+0000] {processor.py:179} INFO - Processing /home/airflow/.local/lib/python3.10/site-packages/airflow/example_dags/example_branch_labels.py took 0.305 seconds
[2026-06-09T12:39:27.523+0000] {processor.py:157} INFO - Started process (PID=5891) to work on /home/airflow/.local/lib/python3.10/site-packages/airflow/example_dags/example_branch_labels.py
[2026-06-09T12:39:27.528+0000] {processor.py:829} INFO - Processing file /home/airflow/.local/lib/python3.10/site-packages/airflow/example_dags/example_branch_labels.py for tasks to queue
[2026-06-09T12:39:27.540+0000] {logging_mixin.py:154} INFO - [2026-06-09T12:39:27.540+0000] {dagbag.py:536} INFO - Filling up the DagBag from /home/airflow/.local/lib/python3.10/site-packages/airflow/example_dags/example_branch_labels.py
[2026-06-09T12:39:27.578+0000] {processor.py:839} INFO - DAG(s) dict_keys(['example_branch_labels']) retrieved from /home/airflow/.local/lib/python3.10/site-packages/airflow/example_dags/example_branch_labels.py
[2026-06-09T12:39:27.642+0000] {logging_mixin.py:154} INFO - [2026-06-09T12:39:27.642+0000] {dag.py:2941} INFO - Sync 1 DAGs
[2026-06-09T12:39:27.711+0000] {logging_mixin.py:154} INFO - [2026-06-09T12:39:27.711+0000] {dag.py:3722} INFO - Setting next_dagrun for example_branch_labels to 2026-06-08T00:00:00+00:00, run_after=2026-06-09T00:00:00+00:00
[2026-06-09T12:39:27.770+0000] {processor.py:179} INFO - Processing /home/airflow/.local/lib/python3.10/site-packages/airflow/example_dags/example_branch_labels.py took 0.270 seconds
[2026-06-09T12:40:00.032+0000] {processor.py:157} INFO - Started process (PID=5942) to work on /home/airflow/.local/lib/python3.10/site-packages/airflow/example_dags/example_branch_labels.py
[2026-06-09T12:40:00.044+0000] {processor.py:829} INFO - Processing file /home/airflow/.local/lib/python3.10/site-packages/airflow/example_dags/example_branch_labels.py for tasks to queue
[2026-06-09T12:40:00.046+0000] {logging_mixin.py:154} INFO - [2026-06-09T12:40:00.046+0000] {dagbag.py:536} INFO - Filling up the DagBag from /home/airflow/.local/lib/python3.10/site-packages/airflow/example_dags/example_branch_labels.py
[2026-06-09T12:40:00.090+0000] {processor.py:839} INFO - DAG(s) dict_keys(['example_branch_labels']) retrieved from /home/airflow/.local/lib/python3.10/site-packages/airflow/example_dags/example_branch_labels.py
[2026-06-09T12:40:00.208+0000] {logging_mixin.py:154} INFO - [2026-06-09T12:40:00.208+0000] {dag.py:2941} INFO - Sync 1 DAGs
[2026-06-09T12:40:00.385+0000] {logging_mixin.py:154} INFO - [2026-06-09T12:40:00.385+0000] {dag.py:3722} INFO - Setting next_dagrun for example_branch_labels to 2026-06-08T00:00:00+00:00, run_after=2026-06-09T00:00:00+00:00
[2026-06-09T12:40:00.510+0000] {processor.py:179} INFO - Processing /home/airflow/.local/lib/python3.10/site-packages/airflow/example_dags/example_branch_labels.py took 0.522 seconds
[2026-06-09T12:40:31.408+0000] {processor.py:157} INFO - Started process (PID=5993) to work on /home/airflow/.local/lib/python3.10/site-packages/airflow/example_dags/example_branch_labels.py
[2026-06-09T12:40:31.410+0000] {processor.py:829} INFO - Processing file /home/airflow/.local/lib/python3.10/site-packages/airflow/example_dags/example_branch_labels.py for tasks to queue
[2026-06-09T12:40:31.413+0000] {logging_mixin.py:154} INFO - [2026-06-09T12:40:31.413+0000] {dagbag.py:536} INFO - Filling up the DagBag from /home/airflow/.local/lib/python3.10/site-packages/airflow/example_dags/example_branch_labels.py
[2026-06-09T12:40:31.425+0000] {processor.py:839} INFO - DAG(s) dict_keys(['example_branch_labels']) retrieved from /home/airflow/.local/lib/python3.10/site-packages/airflow/example_dags/example_branch_labels.py
[2026-06-09T12:40:31.476+0000] {logging_mixin.py:154} INFO - [2026-06-09T12:40:31.476+0000] {dag.py:2941} INFO - Sync 1 DAGs
[2026-06-09T12:40:31.543+0000] {logging_mixin.py:154} INFO - [2026-06-09T12:40:31.542+0000] {dag.py:3722} INFO - Setting next_dagrun for example_branch_labels to 2026-06-08T00:00:00+00:00, run_after=2026-06-09T00:00:00+00:00
[2026-06-09T12:40:31.566+0000] {processor.py:179} INFO - Processing /home/airflow/.local/lib/python3.10/site-packages/airflow/example_dags/example_branch_labels.py took 0.162 seconds
[2026-06-09T12:41:01.691+0000] {processor.py:157} INFO - Started process (PID=6044) to work on /home/airflow/.local/lib/python3.10/site-packages/airflow/example_dags/example_branch_labels.py
[2026-06-09T12:41:01.693+0000] {processor.py:829} INFO - Processing file /home/airflow/.local/lib/python3.10/site-packages/airflow/example_dags/example_branch_labels.py for tasks to queue
[2026-06-09T12:41:01.696+0000] {logging_mixin.py:154} INFO - [2026-06-09T12:41:01.695+0000] {dagbag.py:536} INFO - Filling up the DagBag from /home/airflow/.local/lib/python3.10/site-packages/airflow/example_dags/example_branch_labels.py
[2026-06-09T12:41:01.707+0000] {processor.py:839} INFO - DAG(s) dict_keys(['example_branch_labels']) retrieved from /home/airflow/.local/lib/python3.10/site-packages/airflow/example_dags/example_branch_labels.py
[2026-06-09T12:41:01.741+0000] {logging_mixin.py:154} INFO - [2026-06-09T12:41:01.741+0000] {dag.py:2941} INFO - Sync 1 DAGs
[2026-06-09T12:41:01.775+0000] {logging_mixin.py:154} INFO - [2026-06-09T12:41:01.775+0000] {dag.py:3722} INFO - Setting next_dagrun for example_branch_labels to 2026-06-08T00:00:00+00:00, run_after=2026-06-09T00:00:00+00:00
[2026-06-09T12:41:01.799+0000] {processor.py:179} INFO - Processing /home/airflow/.local/lib/python3.10/site-packages/airflow/example_dags/example_branch_labels.py took 0.113 seconds
[2026-06-09T12:41:31.852+0000] {processor.py:157} INFO - Started process (PID=6090) to work on /home/airflow/.local/lib/python3.10/site-packages/airflow/example_dags/example_branch_labels.py
[2026-06-09T12:41:31.855+0000] {processor.py:829} INFO - Processing file /home/airflow/.local/lib/python3.10/site-packages/airflow/example_dags/example_branch_labels.py for tasks to queue
[2026-06-09T12:41:31.858+0000] {logging_mixin.py:154} INFO - [2026-06-09T12:41:31.857+0000] {dagbag.py:536} INFO - Filling up the DagBag from /home/airflow/.local/lib/python3.10/site-packages/airflow/example_dags/example_branch_labels.py
[2026-06-09T12:41:31.869+0000] {processor.py:839} INFO - DAG(s) dict_keys(['example_branch_labels']) retrieved from /home/airflow/.local/lib/python3.10/site-packages/airflow/example_dags/example_branch_labels.py
[2026-06-09T12:41:31.900+0000] {logging_mixin.py:154} INFO - [2026-06-09T12:41:31.900+0000] {dag.py:2941} INFO - Sync 1 DAGs
[2026-06-09T12:41:31.935+0000] {logging_mixin.py:154} INFO - [2026-06-09T12:41:31.934+0000] {dag.py:3722} INFO - Setting next_dagrun for example_branch_labels to 2026-06-08T00:00:00+00:00, run_after=2026-06-09T00:00:00+00:00
[2026-06-09T12:41:31.959+0000] {processor.py:179} INFO - Processing /home/airflow/.local/lib/python3.10/site-packages/airflow/example_dags/example_branch_labels.py took 0.111 seconds
[2026-06-09T12:42:02.595+0000] {processor.py:157} INFO - Started process (PID=6140) to work on /home/airflow/.local/lib/python3.10/site-packages/airflow/example_dags/example_branch_labels.py
[2026-06-09T12:42:02.597+0000] {processor.py:829} INFO - Processing file /home/airflow/.local/lib/python3.10/site-packages/airflow/example_dags/example_branch_labels.py for tasks to queue
[2026-06-09T12:42:02.600+0000] {logging_mixin.py:154} INFO - [2026-06-09T12:42:02.599+0000] {dagbag.py:536} INFO - Filling up the DagBag from /home/airflow/.local/lib/python3.10/site-packages/airflow/example_dags/example_branch_labels.py
[2026-06-09T12:42:02.613+0000] {processor.py:839} INFO - DAG(s) dict_keys(['example_branch_labels']) retrieved from /home/airflow/.local/lib/python3.10/site-packages/airflow/example_dags/example_branch_labels.py
[2026-06-09T12:42:02.644+0000] {logging_mixin.py:154} INFO - [2026-06-09T12:42:02.644+0000] {dag.py:2941} INFO - Sync 1 DAGs
[2026-06-09T12:42:02.679+0000] {logging_mixin.py:154} INFO - [2026-06-09T12:42:02.679+0000] {dag.py:3722} INFO - Setting next_dagrun for example_branch_labels to 2026-06-08T00:00:00+00:00, run_after=2026-06-09T00:00:00+00:00
[2026-06-09T12:42:02.715+0000] {processor.py:179} INFO - Processing /home/airflow/.local/lib/python3.10/site-packages/airflow/example_dags/example_branch_labels.py took 0.124 seconds
[2026-06-09T12:42:32.999+0000] {processor.py:157} INFO - Started process (PID=6191) to work on /home/airflow/.local/lib/python3.10/site-packages/airflow/example_dags/example_branch_labels.py
[2026-06-09T12:42:33.009+0000] {processor.py:829} INFO - Processing file /home/airflow/.local/lib/python3.10/site-packages/airflow/example_dags/example_branch_labels.py for tasks to queue
[2026-06-09T12:42:33.016+0000] {logging_mixin.py:154} INFO - [2026-06-09T12:42:33.016+0000] {dagbag.py:536} INFO - Filling up the DagBag from /home/airflow/.local/lib/python3.10/site-packages/airflow/example_dags/example_branch_labels.py
[2026-06-09T12:42:33.038+0000] {processor.py:839} INFO - DAG(s) dict_keys(['example_branch_labels']) retrieved from /home/airflow/.local/lib/python3.10/site-packages/airflow/example_dags/example_branch_labels.py
[2026-06-09T12:42:33.087+0000] {logging_mixin.py:154} INFO - [2026-06-09T12:42:33.087+0000] {dag.py:2941} INFO - Sync 1 DAGs
[2026-06-09T12:42:33.132+0000] {logging_mixin.py:154} INFO - [2026-06-09T12:42:33.132+0000] {dag.py:3722} INFO - Setting next_dagrun for example_branch_labels to 2026-06-08T00:00:00+00:00, run_after=2026-06-09T00:00:00+00:00
[2026-06-09T12:42:33.177+0000] {processor.py:179} INFO - Processing /home/airflow/.local/lib/python3.10/site-packages/airflow/example_dags/example_branch_labels.py took 0.183 seconds
[2026-06-09T12:43:04.479+0000] {processor.py:157} INFO - Started process (PID=6238) to work on /home/airflow/.local/lib/python3.10/site-packages/airflow/example_dags/example_branch_labels.py
[2026-06-09T12:43:04.488+0000] {processor.py:829} INFO - Processing file /home/airflow/.local/lib/python3.10/site-packages/airflow/example_dags/example_branch_labels.py for tasks to queue
[2026-06-09T12:43:04.490+0000] {logging_mixin.py:154} INFO - [2026-06-09T12:43:04.490+0000] {dagbag.py:536} INFO - Filling up the DagBag from /home/airflow/.local/lib/python3.10/site-packages/airflow/example_dags/example_branch_labels.py
[2026-06-09T12:43:04.531+0000] {processor.py:839} INFO - DAG(s) dict_keys(['example_branch_labels']) retrieved from /home/airflow/.local/lib/python3.10/site-packages/airflow/example_dags/example_branch_labels.py
[2026-06-09T12:43:04.628+0000] {logging_mixin.py:154} INFO - [2026-06-09T12:43:04.627+0000] {dag.py:2941} INFO - Sync 1 DAGs
[2026-06-09T12:43:04.723+0000] {logging_mixin.py:154} INFO - [2026-06-09T12:43:04.722+0000] {dag.py:3722} INFO - Setting next_dagrun for example_branch_labels to 2026-06-08T00:00:00+00:00, run_after=2026-06-09T00:00:00+00:00
[2026-06-09T12:43:04.783+0000] {processor.py:179} INFO - Processing /home/airflow/.local/lib/python3.10/site-packages/airflow/example_dags/example_branch_labels.py took 0.318 seconds
[2026-06-09T12:43:34.897+0000] {processor.py:157} INFO - Started process (PID=6289) to work on /home/airflow/.local/lib/python3.10/site-packages/airflow/example_dags/example_branch_labels.py
[2026-06-09T12:43:34.920+0000] {processor.py:829} INFO - Processing file /home/airflow/.local/lib/python3.10/site-packages/airflow/example_dags/example_branch_labels.py for tasks to queue
[2026-06-09T12:43:34.922+0000] {logging_mixin.py:154} INFO - [2026-06-09T12:43:34.922+0000] {dagbag.py:536} INFO - Filling up the DagBag from /home/airflow/.local/lib/python3.10/site-packages/airflow/example_dags/example_branch_labels.py
[2026-06-09T12:43:34.972+0000] {processor.py:839} INFO - DAG(s) dict_keys(['example_branch_labels']) retrieved from /home/airflow/.local/lib/python3.10/site-packages/airflow/example_dags/example_branch_labels.py
[2026-06-09T12:43:35.032+0000] {logging_mixin.py:154} INFO - [2026-06-09T12:43:35.031+0000] {dag.py:2941} INFO - Sync 1 DAGs
[2026-06-09T12:43:35.066+0000] {logging_mixin.py:154} INFO - [2026-06-09T12:43:35.066+0000] {dag.py:3722} INFO - Setting next_dagrun for example_branch_labels to 2026-06-08T00:00:00+00:00, run_after=2026-06-09T00:00:00+00:00
[2026-06-09T12:43:35.101+0000] {processor.py:179} INFO - Processing /home/airflow/.local/lib/python3.10/site-packages/airflow/example_dags/example_branch_labels.py took 0.221 seconds
[2026-06-09T12:44:05.646+0000] {processor.py:157} INFO - Started process (PID=6337) to work on /home/airflow/.local/lib/python3.10/site-packages/airflow/example_dags/example_branch_labels.py
[2026-06-09T12:44:05.647+0000] {processor.py:829} INFO - Processing file /home/airflow/.local/lib/python3.10/site-packages/airflow/example_dags/example_branch_labels.py for tasks to queue
[2026-06-09T12:44:05.650+0000] {logging_mixin.py:154} INFO - [2026-06-09T12:44:05.650+0000] {dagbag.py:536} INFO - Filling up the DagBag from /home/airflow/.local/lib/python3.10/site-packages/airflow/example_dags/example_branch_labels.py
[2026-06-09T12:44:05.663+0000] {processor.py:839} INFO - DAG(s) dict_keys(['example_branch_labels']) retrieved from /home/airflow/.local/lib/python3.10/site-packages/airflow/example_dags/example_branch_labels.py
[2026-06-09T12:44:05.698+0000] {logging_mixin.py:154} INFO - [2026-06-09T12:44:05.698+0000] {dag.py:2941} INFO - Sync 1 DAGs
[2026-06-09T12:44:05.734+0000] {logging_mixin.py:154} INFO - [2026-06-09T12:44:05.734+0000] {dag.py:3722} INFO - Setting next_dagrun for example_branch_labels to 2026-06-08T00:00:00+00:00, run_after=2026-06-09T00:00:00+00:00
[2026-06-09T12:44:05.758+0000] {processor.py:179} INFO - Processing /home/airflow/.local/lib/python3.10/site-packages/airflow/example_dags/example_branch_labels.py took 0.117 seconds
[2026-06-09T12:44:36.542+0000] {processor.py:157} INFO - Started process (PID=6388) to work on /home/airflow/.local/lib/python3.10/site-packages/airflow/example_dags/example_branch_labels.py
[2026-06-09T12:44:36.543+0000] {processor.py:829} INFO - Processing file /home/airflow/.local/lib/python3.10/site-packages/airflow/example_dags/example_branch_labels.py for tasks to queue
[2026-06-09T12:44:36.546+0000] {logging_mixin.py:154} INFO - [2026-06-09T12:44:36.545+0000] {dagbag.py:536} INFO - Filling up the DagBag from /home/airflow/.local/lib/python3.10/site-packages/airflow/example_dags/example_branch_labels.py
[2026-06-09T12:44:36.559+0000] {processor.py:839} INFO - DAG(s) dict_keys(['example_branch_labels']) retrieved from /home/airflow/.local/lib/python3.10/site-packages/airflow/example_dags/example_branch_labels.py
[2026-06-09T12:44:36.591+0000] {logging_mixin.py:154} INFO - [2026-06-09T12:44:36.591+0000] {dag.py:2941} INFO - Sync 1 DAGs
[2026-06-09T12:44:36.627+0000] {logging_mixin.py:154} INFO - [2026-06-09T12:44:36.627+0000] {dag.py:3722} INFO - Setting next_dagrun for example_branch_labels to 2026-06-08T00:00:00+00:00, run_after=2026-06-09T00:00:00+00:00
[2026-06-09T12:44:36.651+0000] {processor.py:179} INFO - Processing /home/airflow/.local/lib/python3.10/site-packages/airflow/example_dags/example_branch_labels.py took 0.114 seconds
[2026-06-09T12:45:06.713+0000] {processor.py:157} INFO - Started process (PID=6439) to work on /home/airflow/.local/lib/python3.10/site-packages/airflow/example_dags/example_branch_labels.py
[2026-06-09T12:45:06.714+0000] {processor.py:829} INFO - Processing file /home/airflow/.local/lib/python3.10/site-packages/airflow/example_dags/example_branch_labels.py for tasks to queue
[2026-06-09T12:45:06.716+0000] {logging_mixin.py:154} INFO - [2026-06-09T12:45:06.716+0000] {dagbag.py:536} INFO - Filling up the DagBag from /home/airflow/.local/lib/python3.10/site-packages/airflow/example_dags/example_branch_labels.py
[2026-06-09T12:45:06.726+0000] {processor.py:839} INFO - DAG(s) dict_keys(['example_branch_labels']) retrieved from /home/airflow/.local/lib/python3.10/site-packages/airflow/example_dags/example_branch_labels.py
[2026-06-09T12:45:06.751+0000] {logging_mixin.py:154} INFO - [2026-06-09T12:45:06.751+0000] {dag.py:2941} INFO - Sync 1 DAGs
[2026-06-09T12:45:06.776+0000] {logging_mixin.py:154} INFO - [2026-06-09T12:45:06.776+0000] {dag.py:3722} INFO - Setting next_dagrun for example_branch_labels to 2026-06-08T00:00:00+00:00, run_after=2026-06-09T00:00:00+00:00
[2026-06-09T12:45:06.795+0000] {processor.py:179} INFO - Processing /home/airflow/.local/lib/python3.10/site-packages/airflow/example_dags/example_branch_labels.py took 0.086 seconds
[2026-06-09T12:45:37.055+0000] {processor.py:157} INFO - Started process (PID=6490) to work on /home/airflow/.local/lib/python3.10/site-packages/airflow/example_dags/example_branch_labels.py
[2026-06-09T12:45:37.057+0000] {processor.py:829} INFO - Processing file /home/airflow/.local/lib/python3.10/site-packages/airflow/example_dags/example_branch_labels.py for tasks to queue
[2026-06-09T12:45:37.059+0000] {logging_mixin.py:154} INFO - [2026-06-09T12:45:37.059+0000] {dagbag.py:536} INFO - Filling up the DagBag from /home/airflow/.local/lib/python3.10/site-packages/airflow/example_dags/example_branch_labels.py
[2026-06-09T12:45:37.073+0000] {processor.py:839} INFO - DAG(s) dict_keys(['example_branch_labels']) retrieved from /home/airflow/.local/lib/python3.10/site-packages/airflow/example_dags/example_branch_labels.py
[2026-06-09T12:45:37.106+0000] {logging_mixin.py:154} INFO - [2026-06-09T12:45:37.105+0000] {dag.py:2941} INFO - Sync 1 DAGs
[2026-06-09T12:45:37.141+0000] {logging_mixin.py:154} INFO - [2026-06-09T12:45:37.141+0000] {dag.py:3722} INFO - Setting next_dagrun for example_branch_labels to 2026-06-08T00:00:00+00:00, run_after=2026-06-09T00:00:00+00:00
[2026-06-09T12:45:37.170+0000] {processor.py:179} INFO - Processing /home/airflow/.local/lib/python3.10/site-packages/airflow/example_dags/example_branch_labels.py took 0.120 seconds
[2026-06-09T12:46:08.157+0000] {processor.py:157} INFO - Started process (PID=6541) to work on /home/airflow/.local/lib/python3.10/site-packages/airflow/example_dags/example_branch_labels.py
[2026-06-09T12:46:08.163+0000] {processor.py:829} INFO - Processing file /home/airflow/.local/lib/python3.10/site-packages/airflow/example_dags/example_branch_labels.py for tasks to queue
[2026-06-09T12:46:08.170+0000] {logging_mixin.py:154} INFO - [2026-06-09T12:46:08.170+0000] {dagbag.py:536} INFO - Filling up the DagBag from /home/airflow/.local/lib/python3.10/site-packages/airflow/example_dags/example_branch_labels.py
[2026-06-09T12:46:08.189+0000] {processor.py:839} INFO - DAG(s) dict_keys(['example_branch_labels']) retrieved from /home/airflow/.local/lib/python3.10/site-packages/airflow/example_dags/example_branch_labels.py
[2026-06-09T12:46:08.225+0000] {logging_mixin.py:154} INFO - [2026-06-09T12:46:08.225+0000] {dag.py:2941} INFO - Sync 1 DAGs
[2026-06-09T12:46:08.260+0000] {logging_mixin.py:154} INFO - [2026-06-09T12:46:08.260+0000] {dag.py:3722} INFO - Setting next_dagrun for example_branch_labels to 2026-06-08T00:00:00+00:00, run_after=2026-06-09T00:00:00+00:00
[2026-06-09T12:46:08.288+0000] {processor.py:179} INFO - Processing /home/airflow/.local/lib/python3.10/site-packages/airflow/example_dags/example_branch_labels.py took 0.147 seconds
[2026-06-09T12:46:38.506+0000] {processor.py:157} INFO - Started process (PID=6592) to work on /home/airflow/.local/lib/python3.10/site-packages/airflow/example_dags/example_branch_labels.py
[2026-06-09T12:46:38.507+0000] {processor.py:829} INFO - Processing file /home/airflow/.local/lib/python3.10/site-packages/airflow/example_dags/example_branch_labels.py for tasks to queue
[2026-06-09T12:46:38.510+0000] {logging_mixin.py:154} INFO - [2026-06-09T12:46:38.510+0000] {dagbag.py:536} INFO - Filling up the DagBag from /home/airflow/.local/lib/python3.10/site-packages/airflow/example_dags/example_branch_labels.py
[2026-06-09T12:46:38.550+0000] {processor.py:839} INFO - DAG(s) dict_keys(['example_branch_labels']) retrieved from /home/airflow/.local/lib/python3.10/site-packages/airflow/example_dags/example_branch_labels.py
[2026-06-09T12:46:38.635+0000] {logging_mixin.py:154} INFO - [2026-06-09T12:46:38.634+0000] {dag.py:2941} INFO - Sync 1 DAGs
[2026-06-09T12:46:38.772+0000] {logging_mixin.py:154} INFO - [2026-06-09T12:46:38.772+0000] {dag.py:3722} INFO - Setting next_dagrun for example_branch_labels to 2026-06-08T00:00:00+00:00, run_after=2026-06-09T00:00:00+00:00
[2026-06-09T12:46:38.934+0000] {processor.py:179} INFO - Processing /home/airflow/.local/lib/python3.10/site-packages/airflow/example_dags/example_branch_labels.py took 0.457 seconds
[2026-06-09T12:47:09.042+0000] {processor.py:157} INFO - Started process (PID=6643) to work on /home/airflow/.local/lib/python3.10/site-packages/airflow/example_dags/example_branch_labels.py
[2026-06-09T12:47:09.044+0000] {processor.py:829} INFO - Processing file /home/airflow/.local/lib/python3.10/site-packages/airflow/example_dags/example_branch_labels.py for tasks to queue
[2026-06-09T12:47:09.047+0000] {logging_mixin.py:154} INFO - [2026-06-09T12:47:09.046+0000] {dagbag.py:536} INFO - Filling up the DagBag from /home/airflow/.local/lib/python3.10/site-packages/airflow/example_dags/example_branch_labels.py
[2026-06-09T12:47:09.057+0000] {processor.py:839} INFO - DAG(s) dict_keys(['example_branch_labels']) retrieved from /home/airflow/.local/lib/python3.10/site-packages/airflow/example_dags/example_branch_labels.py
[2026-06-09T12:47:09.080+0000] {logging_mixin.py:154} INFO - [2026-06-09T12:47:09.079+0000] {dag.py:2941} INFO - Sync 1 DAGs
[2026-06-09T12:47:09.106+0000] {logging_mixin.py:154} INFO - [2026-06-09T12:47:09.106+0000] {dag.py:3722} INFO - Setting next_dagrun for example_branch_labels to 2026-06-08T00:00:00+00:00, run_after=2026-06-09T00:00:00+00:00
[2026-06-09T12:47:09.124+0000] {processor.py:179} INFO - Processing /home/airflow/.local/lib/python3.10/site-packages/airflow/example_dags/example_branch_labels.py took 0.087 seconds
[2026-06-09T12:47:39.900+0000] {processor.py:157} INFO - Started process (PID=6692) to work on /home/airflow/.local/lib/python3.10/site-packages/airflow/example_dags/example_branch_labels.py
[2026-06-09T12:47:39.901+0000] {processor.py:829} INFO - Processing file /home/airflow/.local/lib/python3.10/site-packages/airflow/example_dags/example_branch_labels.py for tasks to queue
[2026-06-09T12:47:39.906+0000] {logging_mixin.py:154} INFO - [2026-06-09T12:47:39.906+0000] {dagbag.py:536} INFO - Filling up the DagBag from /home/airflow/.local/lib/python3.10/site-packages/airflow/example_dags/example_branch_labels.py
[2026-06-09T12:47:39.919+0000] {processor.py:839} INFO - DAG(s) dict_keys(['example_branch_labels']) retrieved from /home/airflow/.local/lib/python3.10/site-packages/airflow/example_dags/example_branch_labels.py
[2026-06-09T12:47:39.950+0000] {logging_mixin.py:154} INFO - [2026-06-09T12:47:39.950+0000] {dag.py:2941} INFO - Sync 1 DAGs
[2026-06-09T12:47:39.984+0000] {logging_mixin.py:154} INFO - [2026-06-09T12:47:39.984+0000] {dag.py:3722} INFO - Setting next_dagrun for example_branch_labels to 2026-06-08T00:00:00+00:00, run_after=2026-06-09T00:00:00+00:00
[2026-06-09T12:47:40.010+0000] {processor.py:179} INFO - Processing /home/airflow/.local/lib/python3.10/site-packages/airflow/example_dags/example_branch_labels.py took 0.115 seconds
[2026-06-09T12:48:10.582+0000] {processor.py:157} INFO - Started process (PID=6743) to work on /home/airflow/.local/lib/python3.10/site-packages/airflow/example_dags/example_branch_labels.py
[2026-06-09T12:48:10.589+0000] {processor.py:829} INFO - Processing file /home/airflow/.local/lib/python3.10/site-packages/airflow/example_dags/example_branch_labels.py for tasks to queue
[2026-06-09T12:48:10.592+0000] {logging_mixin.py:154} INFO - [2026-06-09T12:48:10.592+0000] {dagbag.py:536} INFO - Filling up the DagBag from /home/airflow/.local/lib/python3.10/site-packages/airflow/example_dags/example_branch_labels.py
[2026-06-09T12:48:10.629+0000] {processor.py:839} INFO - DAG(s) dict_keys(['example_branch_labels']) retrieved from /home/airflow/.local/lib/python3.10/site-packages/airflow/example_dags/example_branch_labels.py
[2026-06-09T12:48:10.736+0000] {logging_mixin.py:154} INFO - [2026-06-09T12:48:10.735+0000] {dag.py:2941} INFO - Sync 1 DAGs
[2026-06-09T12:48:10.841+0000] {logging_mixin.py:154} INFO - [2026-06-09T12:48:10.841+0000] {dag.py:3722} INFO - Setting next_dagrun for example_branch_labels to 2026-06-08T00:00:00+00:00, run_after=2026-06-09T00:00:00+00:00
[2026-06-09T12:48:10.919+0000] {processor.py:179} INFO - Processing /home/airflow/.local/lib/python3.10/site-packages/airflow/example_dags/example_branch_labels.py took 0.349 seconds
[2026-06-09T12:48:41.729+0000] {processor.py:157} INFO - Started process (PID=6794) to work on /home/airflow/.local/lib/python3.10/site-packages/airflow/example_dags/example_branch_labels.py
[2026-06-09T12:48:41.738+0000] {processor.py:829} INFO - Processing file /home/airflow/.local/lib/python3.10/site-packages/airflow/example_dags/example_branch_labels.py for tasks to queue
[2026-06-09T12:48:41.741+0000] {logging_mixin.py:154} INFO - [2026-06-09T12:48:41.740+0000] {dagbag.py:536} INFO - Filling up the DagBag from /home/airflow/.local/lib/python3.10/site-packages/airflow/example_dags/example_branch_labels.py
[2026-06-09T12:48:41.753+0000] {processor.py:839} INFO - DAG(s) dict_keys(['example_branch_labels']) retrieved from /home/airflow/.local/lib/python3.10/site-packages/airflow/example_dags/example_branch_labels.py
[2026-06-09T12:48:41.784+0000] {logging_mixin.py:154} INFO - [2026-06-09T12:48:41.784+0000] {dag.py:2941} INFO - Sync 1 DAGs
[2026-06-09T12:48:41.819+0000] {logging_mixin.py:154} INFO - [2026-06-09T12:48:41.819+0000] {dag.py:3722} INFO - Setting next_dagrun for example_branch_labels to 2026-06-08T00:00:00+00:00, run_after=2026-06-09T00:00:00+00:00
[2026-06-09T12:48:41.843+0000] {processor.py:179} INFO - Processing /home/airflow/.local/lib/python3.10/site-packages/airflow/example_dags/example_branch_labels.py took 0.119 seconds
[2026-06-09T12:49:12.639+0000] {processor.py:157} INFO - Started process (PID=6845) to work on /home/airflow/.local/lib/python3.10/site-packages/airflow/example_dags/example_branch_labels.py
[2026-06-09T12:49:12.640+0000] {processor.py:829} INFO - Processing file /home/airflow/.local/lib/python3.10/site-packages/airflow/example_dags/example_branch_labels.py for tasks to queue
[2026-06-09T12:49:12.643+0000] {logging_mixin.py:154} INFO - [2026-06-09T12:49:12.643+0000] {dagbag.py:536} INFO - Filling up the DagBag from /home/airflow/.local/lib/python3.10/site-packages/airflow/example_dags/example_branch_labels.py
[2026-06-09T12:49:12.656+0000] {processor.py:839} INFO - DAG(s) dict_keys(['example_branch_labels']) retrieved from /home/airflow/.local/lib/python3.10/site-packages/airflow/example_dags/example_branch_labels.py
[2026-06-09T12:49:12.688+0000] {logging_mixin.py:154} INFO - [2026-06-09T12:49:12.688+0000] {dag.py:2941} INFO - Sync 1 DAGs
[2026-06-09T12:49:12.723+0000] {logging_mixin.py:154} INFO - [2026-06-09T12:49:12.722+0000] {dag.py:3722} INFO - Setting next_dagrun for example_branch_labels to 2026-06-08T00:00:00+00:00, run_after=2026-06-09T00:00:00+00:00
[2026-06-09T12:49:12.747+0000] {processor.py:179} INFO - Processing /home/airflow/.local/lib/python3.10/site-packages/airflow/example_dags/example_branch_labels.py took 0.113 seconds
[2026-06-09T12:49:43.233+0000] {processor.py:157} INFO - Started process (PID=6896) to work on /home/airflow/.local/lib/python3.10/site-packages/airflow/example_dags/example_branch_labels.py
[2026-06-09T12:49:43.235+0000] {processor.py:829} INFO - Processing file /home/airflow/.local/lib/python3.10/site-packages/airflow/example_dags/example_branch_labels.py for tasks to queue
[2026-06-09T12:49:43.238+0000] {logging_mixin.py:154} INFO - [2026-06-09T12:49:43.238+0000] {dagbag.py:536} INFO - Filling up the DagBag from /home/airflow/.local/lib/python3.10/site-packages/airflow/example_dags/example_branch_labels.py
[2026-06-09T12:49:43.252+0000] {processor.py:839} INFO - DAG(s) dict_keys(['example_branch_labels']) retrieved from /home/airflow/.local/lib/python3.10/site-packages/airflow/example_dags/example_branch_labels.py
[2026-06-09T12:49:43.285+0000] {logging_mixin.py:154} INFO - [2026-06-09T12:49:43.284+0000] {dag.py:2941} INFO - Sync 1 DAGs
[2026-06-09T12:49:43.320+0000] {logging_mixin.py:154} INFO - [2026-06-09T12:49:43.320+0000] {dag.py:3722} INFO - Setting next_dagrun for example_branch_labels to 2026-06-08T00:00:00+00:00, run_after=2026-06-09T00:00:00+00:00
[2026-06-09T12:49:43.343+0000] {processor.py:179} INFO - Processing /home/airflow/.local/lib/python3.10/site-packages/airflow/example_dags/example_branch_labels.py took 0.114 seconds
[2026-06-09T12:50:13.480+0000] {processor.py:157} INFO - Started process (PID=6947) to work on /home/airflow/.local/lib/python3.10/site-packages/airflow/example_dags/example_branch_labels.py
[2026-06-09T12:50:13.482+0000] {processor.py:829} INFO - Processing file /home/airflow/.local/lib/python3.10/site-packages/airflow/example_dags/example_branch_labels.py for tasks to queue
[2026-06-09T12:50:13.485+0000] {logging_mixin.py:154} INFO - [2026-06-09T12:50:13.484+0000] {dagbag.py:536} INFO - Filling up the DagBag from /home/airflow/.local/lib/python3.10/site-packages/airflow/example_dags/example_branch_labels.py
[2026-06-09T12:50:13.497+0000] {processor.py:839} INFO - DAG(s) dict_keys(['example_branch_labels']) retrieved from /home/airflow/.local/lib/python3.10/site-packages/airflow/example_dags/example_branch_labels.py
[2026-06-09T12:50:13.538+0000] {logging_mixin.py:154} INFO - [2026-06-09T12:50:13.538+0000] {dag.py:2941} INFO - Sync 1 DAGs
[2026-06-09T12:50:13.578+0000] {logging_mixin.py:154} INFO - [2026-06-09T12:50:13.578+0000] {dag.py:3722} INFO - Setting next_dagrun for example_branch_labels to 2026-06-08T00:00:00+00:00, run_after=2026-06-09T00:00:00+00:00
[2026-06-09T12:50:13.601+0000] {processor.py:179} INFO - Processing /home/airflow/.local/lib/python3.10/site-packages/airflow/example_dags/example_branch_labels.py took 0.125 seconds
[2026-06-09T12:50:43.919+0000] {processor.py:157} INFO - Started process (PID=6998) to work on /home/airflow/.local/lib/python3.10/site-packages/airflow/example_dags/example_branch_labels.py
[2026-06-09T12:50:43.922+0000] {processor.py:829} INFO - Processing file /home/airflow/.local/lib/python3.10/site-packages/airflow/example_dags/example_branch_labels.py for tasks to queue
[2026-06-09T12:50:43.925+0000] {logging_mixin.py:154} INFO - [2026-06-09T12:50:43.924+0000] {dagbag.py:536} INFO - Filling up the DagBag from /home/airflow/.local/lib/python3.10/site-packages/airflow/example_dags/example_branch_labels.py
[2026-06-09T12:50:43.937+0000] {processor.py:839} INFO - DAG(s) dict_keys(['example_branch_labels']) retrieved from /home/airflow/.local/lib/python3.10/site-packages/airflow/example_dags/example_branch_labels.py
[2026-06-09T12:50:43.965+0000] {logging_mixin.py:154} INFO - [2026-06-09T12:50:43.965+0000] {dag.py:2941} INFO - Sync 1 DAGs
[2026-06-09T12:50:44.000+0000] {logging_mixin.py:154} INFO - [2026-06-09T12:50:44.000+0000] {dag.py:3722} INFO - Setting next_dagrun for example_branch_labels to 2026-06-08T00:00:00+00:00, run_after=2026-06-09T00:00:00+00:00
[2026-06-09T12:50:44.022+0000] {processor.py:179} INFO - Processing /home/airflow/.local/lib/python3.10/site-packages/airflow/example_dags/example_branch_labels.py took 0.107 seconds
[2026-06-09T12:51:14.579+0000] {processor.py:157} INFO - Started process (PID=7049) to work on /home/airflow/.local/lib/python3.10/site-packages/airflow/example_dags/example_branch_labels.py
[2026-06-09T12:51:14.580+0000] {processor.py:829} INFO - Processing file /home/airflow/.local/lib/python3.10/site-packages/airflow/example_dags/example_branch_labels.py for tasks to queue
[2026-06-09T12:51:14.583+0000] {logging_mixin.py:154} INFO - [2026-06-09T12:51:14.582+0000] {dagbag.py:536} INFO - Filling up the DagBag from /home/airflow/.local/lib/python3.10/site-packages/airflow/example_dags/example_branch_labels.py
[2026-06-09T12:51:14.596+0000] {processor.py:839} INFO - DAG(s) dict_keys(['example_branch_labels']) retrieved from /home/airflow/.local/lib/python3.10/site-packages/airflow/example_dags/example_branch_labels.py
[2026-06-09T12:51:14.629+0000] {logging_mixin.py:154} INFO - [2026-06-09T12:51:14.629+0000] {dag.py:2941} INFO - Sync 1 DAGs
[2026-06-09T12:51:14.666+0000] {logging_mixin.py:154} INFO - [2026-06-09T12:51:14.666+0000] {dag.py:3722} INFO - Setting next_dagrun for example_branch_labels to 2026-06-08T00:00:00+00:00, run_after=2026-06-09T00:00:00+00:00
[2026-06-09T12:51:14.689+0000] {processor.py:179} INFO - Processing /home/airflow/.local/lib/python3.10/site-packages/airflow/example_dags/example_branch_labels.py took 0.115 seconds
[2026-06-09T12:51:44.809+0000] {processor.py:157} INFO - Started process (PID=7100) to work on /home/airflow/.local/lib/python3.10/site-packages/airflow/example_dags/example_branch_labels.py
[2026-06-09T12:51:44.823+0000] {processor.py:829} INFO - Processing file /home/airflow/.local/lib/python3.10/site-packages/airflow/example_dags/example_branch_labels.py for tasks to queue
[2026-06-09T12:51:44.826+0000] {logging_mixin.py:154} INFO - [2026-06-09T12:51:44.826+0000] {dagbag.py:536} INFO - Filling up the DagBag from /home/airflow/.local/lib/python3.10/site-packages/airflow/example_dags/example_branch_labels.py
[2026-06-09T12:51:44.873+0000] {processor.py:839} INFO - DAG(s) dict_keys(['example_branch_labels']) retrieved from /home/airflow/.local/lib/python3.10/site-packages/airflow/example_dags/example_branch_labels.py
[2026-06-09T12:51:44.974+0000] {logging_mixin.py:154} INFO - [2026-06-09T12:51:44.974+0000] {dag.py:2941} INFO - Sync 1 DAGs
[2026-06-09T12:51:45.077+0000] {logging_mixin.py:154} INFO - [2026-06-09T12:51:45.076+0000] {dag.py:3722} INFO - Setting next_dagrun for example_branch_labels to 2026-06-08T00:00:00+00:00, run_after=2026-06-09T00:00:00+00:00
[2026-06-09T12:51:45.148+0000] {processor.py:179} INFO - Processing /home/airflow/.local/lib/python3.10/site-packages/airflow/example_dags/example_branch_labels.py took 0.345 seconds
[2026-06-09T12:52:15.734+0000] {processor.py:157} INFO - Started process (PID=7151) to work on /home/airflow/.local/lib/python3.10/site-packages/airflow/example_dags/example_branch_labels.py
[2026-06-09T12:52:15.735+0000] {processor.py:829} INFO - Processing file /home/airflow/.local/lib/python3.10/site-packages/airflow/example_dags/example_branch_labels.py for tasks to queue
[2026-06-09T12:52:15.738+0000] {logging_mixin.py:154} INFO - [2026-06-09T12:52:15.737+0000] {dagbag.py:536} INFO - Filling up the DagBag from /home/airflow/.local/lib/python3.10/site-packages/airflow/example_dags/example_branch_labels.py
[2026-06-09T12:52:15.751+0000] {processor.py:839} INFO - DAG(s) dict_keys(['example_branch_labels']) retrieved from /home/airflow/.local/lib/python3.10/site-packages/airflow/example_dags/example_branch_labels.py
[2026-06-09T12:52:15.792+0000] {logging_mixin.py:154} INFO - [2026-06-09T12:52:15.792+0000] {dag.py:2941} INFO - Sync 1 DAGs
[2026-06-09T12:52:15.843+0000] {logging_mixin.py:154} INFO - [2026-06-09T12:52:15.843+0000] {dag.py:3722} INFO - Setting next_dagrun for example_branch_labels to 2026-06-08T00:00:00+00:00, run_after=2026-06-09T00:00:00+00:00
[2026-06-09T12:52:15.864+0000] {processor.py:179} INFO - Processing /home/airflow/.local/lib/python3.10/site-packages/airflow/example_dags/example_branch_labels.py took 0.136 seconds
[2026-06-09T12:52:46.341+0000] {processor.py:157} INFO - Started process (PID=7202) to work on /home/airflow/.local/lib/python3.10/site-packages/airflow/example_dags/example_branch_labels.py
[2026-06-09T12:52:46.346+0000] {processor.py:829} INFO - Processing file /home/airflow/.local/lib/python3.10/site-packages/airflow/example_dags/example_branch_labels.py for tasks to queue
[2026-06-09T12:52:46.353+0000] {logging_mixin.py:154} INFO - [2026-06-09T12:52:46.353+0000] {dagbag.py:536} INFO - Filling up the DagBag from /home/airflow/.local/lib/python3.10/site-packages/airflow/example_dags/example_branch_labels.py
[2026-06-09T12:52:46.375+0000] {processor.py:839} INFO - DAG(s) dict_keys(['example_branch_labels']) retrieved from /home/airflow/.local/lib/python3.10/site-packages/airflow/example_dags/example_branch_labels.py
[2026-06-09T12:52:46.454+0000] {logging_mixin.py:154} INFO - [2026-06-09T12:52:46.454+0000] {dag.py:2941} INFO - Sync 1 DAGs
[2026-06-09T12:52:46.583+0000] {logging_mixin.py:154} INFO - [2026-06-09T12:52:46.583+0000] {dag.py:3722} INFO - Setting next_dagrun for example_branch_labels to 2026-06-08T00:00:00+00:00, run_after=2026-06-09T00:00:00+00:00
[2026-06-09T12:52:46.632+0000] {processor.py:179} INFO - Processing /home/airflow/.local/lib/python3.10/site-packages/airflow/example_dags/example_branch_labels.py took 0.303 seconds
[2026-06-09T12:53:16.770+0000] {processor.py:157} INFO - Started process (PID=7253) to work on /home/airflow/.local/lib/python3.10/site-packages/airflow/example_dags/example_branch_labels.py
[2026-06-09T12:53:16.777+0000] {processor.py:829} INFO - Processing file /home/airflow/.local/lib/python3.10/site-packages/airflow/example_dags/example_branch_labels.py for tasks to queue
[2026-06-09T12:53:16.783+0000] {logging_mixin.py:154} INFO - [2026-06-09T12:53:16.783+0000] {dagbag.py:536} INFO - Filling up the DagBag from /home/airflow/.local/lib/python3.10/site-packages/airflow/example_dags/example_branch_labels.py
[2026-06-09T12:53:16.807+0000] {processor.py:839} INFO - DAG(s) dict_keys(['example_branch_labels']) retrieved from /home/airflow/.local/lib/python3.10/site-packages/airflow/example_dags/example_branch_labels.py
[2026-06-09T12:53:16.923+0000] {logging_mixin.py:154} INFO - [2026-06-09T12:53:16.915+0000] {dag.py:2941} INFO - Sync 1 DAGs
[2026-06-09T12:53:16.966+0000] {logging_mixin.py:154} INFO - [2026-06-09T12:53:16.966+0000] {dag.py:3722} INFO - Setting next_dagrun for example_branch_labels to 2026-06-08T00:00:00+00:00, run_after=2026-06-09T00:00:00+00:00
[2026-06-09T12:53:16.991+0000] {processor.py:179} INFO - Processing /home/airflow/.local/lib/python3.10/site-packages/airflow/example_dags/example_branch_labels.py took 0.229 seconds
[2026-06-09T12:53:47.167+0000] {processor.py:157} INFO - Started process (PID=7304) to work on /home/airflow/.local/lib/python3.10/site-packages/airflow/example_dags/example_branch_labels.py
[2026-06-09T12:53:47.174+0000] {processor.py:829} INFO - Processing file /home/airflow/.local/lib/python3.10/site-packages/airflow/example_dags/example_branch_labels.py for tasks to queue
[2026-06-09T12:53:47.187+0000] {logging_mixin.py:154} INFO - [2026-06-09T12:53:47.185+0000] {dagbag.py:536} INFO - Filling up the DagBag from /home/airflow/.local/lib/python3.10/site-packages/airflow/example_dags/example_branch_labels.py
[2026-06-09T12:53:47.269+0000] {processor.py:839} INFO - DAG(s) dict_keys(['example_branch_labels']) retrieved from /home/airflow/.local/lib/python3.10/site-packages/airflow/example_dags/example_branch_labels.py
[2026-06-09T12:53:47.347+0000] {logging_mixin.py:154} INFO - [2026-06-09T12:53:47.347+0000] {dag.py:2941} INFO - Sync 1 DAGs
[2026-06-09T12:53:47.432+0000] {logging_mixin.py:154} INFO - [2026-06-09T12:53:47.432+0000] {dag.py:3722} INFO - Setting next_dagrun for example_branch_labels to 2026-06-08T00:00:00+00:00, run_after=2026-06-09T00:00:00+00:00
[2026-06-09T12:53:47.484+0000] {processor.py:179} INFO - Processing /home/airflow/.local/lib/python3.10/site-packages/airflow/example_dags/example_branch_labels.py took 0.326 seconds
[2026-06-09T12:54:17.671+0000] {processor.py:157} INFO - Started process (PID=7355) to work on /home/airflow/.local/lib/python3.10/site-packages/airflow/example_dags/example_branch_labels.py
[2026-06-09T12:54:17.688+0000] {processor.py:829} INFO - Processing file /home/airflow/.local/lib/python3.10/site-packages/airflow/example_dags/example_branch_labels.py for tasks to queue
[2026-06-09T12:54:17.693+0000] {logging_mixin.py:154} INFO - [2026-06-09T12:54:17.692+0000] {dagbag.py:536} INFO - Filling up the DagBag from /home/airflow/.local/lib/python3.10/site-packages/airflow/example_dags/example_branch_labels.py
[2026-06-09T12:54:17.729+0000] {processor.py:839} INFO - DAG(s) dict_keys(['example_branch_labels']) retrieved from /home/airflow/.local/lib/python3.10/site-packages/airflow/example_dags/example_branch_labels.py
[2026-06-09T12:54:17.774+0000] {logging_mixin.py:154} INFO - [2026-06-09T12:54:17.774+0000] {dag.py:2941} INFO - Sync 1 DAGs
[2026-06-09T12:54:17.809+0000] {logging_mixin.py:154} INFO - [2026-06-09T12:54:17.808+0000] {dag.py:3722} INFO - Setting next_dagrun for example_branch_labels to 2026-06-08T00:00:00+00:00, run_after=2026-06-09T00:00:00+00:00
[2026-06-09T12:54:17.831+0000] {processor.py:179} INFO - Processing /home/airflow/.local/lib/python3.10/site-packages/airflow/example_dags/example_branch_labels.py took 0.186 seconds
[2026-06-09T12:54:48.385+0000] {processor.py:157} INFO - Started process (PID=7406) to work on /home/airflow/.local/lib/python3.10/site-packages/airflow/example_dags/example_branch_labels.py
[2026-06-09T12:54:48.386+0000] {processor.py:829} INFO - Processing file /home/airflow/.local/lib/python3.10/site-packages/airflow/example_dags/example_branch_labels.py for tasks to queue
[2026-06-09T12:54:48.389+0000] {logging_mixin.py:154} INFO - [2026-06-09T12:54:48.389+0000] {dagbag.py:536} INFO - Filling up the DagBag from /home/airflow/.local/lib/python3.10/site-packages/airflow/example_dags/example_branch_labels.py
[2026-06-09T12:54:48.402+0000] {processor.py:839} INFO - DAG(s) dict_keys(['example_branch_labels']) retrieved from /home/airflow/.local/lib/python3.10/site-packages/airflow/example_dags/example_branch_labels.py
[2026-06-09T12:54:48.434+0000] {logging_mixin.py:154} INFO - [2026-06-09T12:54:48.434+0000] {dag.py:2941} INFO - Sync 1 DAGs
[2026-06-09T12:54:48.470+0000] {logging_mixin.py:154} INFO - [2026-06-09T12:54:48.469+0000] {dag.py:3722} INFO - Setting next_dagrun for example_branch_labels to 2026-06-08T00:00:00+00:00, run_after=2026-06-09T00:00:00+00:00
[2026-06-09T12:54:48.520+0000] {processor.py:179} INFO - Processing /home/airflow/.local/lib/python3.10/site-packages/airflow/example_dags/example_branch_labels.py took 0.141 seconds
[2026-06-09T12:55:18.690+0000] {processor.py:157} INFO - Started process (PID=7457) to work on /home/airflow/.local/lib/python3.10/site-packages/airflow/example_dags/example_branch_labels.py
[2026-06-09T12:55:18.696+0000] {processor.py:829} INFO - Processing file /home/airflow/.local/lib/python3.10/site-packages/airflow/example_dags/example_branch_labels.py for tasks to queue
[2026-06-09T12:55:18.699+0000] {logging_mixin.py:154} INFO - [2026-06-09T12:55:18.698+0000] {dagbag.py:536} INFO - Filling up the DagBag from /home/airflow/.local/lib/python3.10/site-packages/airflow/example_dags/example_branch_labels.py
[2026-06-09T12:55:18.720+0000] {processor.py:839} INFO - DAG(s) dict_keys(['example_branch_labels']) retrieved from /home/airflow/.local/lib/python3.10/site-packages/airflow/example_dags/example_branch_labels.py
[2026-06-09T12:55:18.767+0000] {logging_mixin.py:154} INFO - [2026-06-09T12:55:18.767+0000] {dag.py:2941} INFO - Sync 1 DAGs
[2026-06-09T12:55:18.802+0000] {logging_mixin.py:154} INFO - [2026-06-09T12:55:18.802+0000] {dag.py:3722} INFO - Setting next_dagrun for example_branch_labels to 2026-06-08T00:00:00+00:00, run_after=2026-06-09T00:00:00+00:00
[2026-06-09T12:55:18.825+0000] {processor.py:179} INFO - Processing /home/airflow/.local/lib/python3.10/site-packages/airflow/example_dags/example_branch_labels.py took 0.140 seconds
[2026-06-09T12:55:48.952+0000] {processor.py:157} INFO - Started process (PID=7508) to work on /home/airflow/.local/lib/python3.10/site-packages/airflow/example_dags/example_branch_labels.py
[2026-06-09T12:55:48.953+0000] {processor.py:829} INFO - Processing file /home/airflow/.local/lib/python3.10/site-packages/airflow/example_dags/example_branch_labels.py for tasks to queue
[2026-06-09T12:55:48.956+0000] {logging_mixin.py:154} INFO - [2026-06-09T12:55:48.956+0000] {dagbag.py:536} INFO - Filling up the DagBag from /home/airflow/.local/lib/python3.10/site-packages/airflow/example_dags/example_branch_labels.py
[2026-06-09T12:55:48.968+0000] {processor.py:839} INFO - DAG(s) dict_keys(['example_branch_labels']) retrieved from /home/airflow/.local/lib/python3.10/site-packages/airflow/example_dags/example_branch_labels.py
[2026-06-09T12:55:49.003+0000] {logging_mixin.py:154} INFO - [2026-06-09T12:55:49.003+0000] {dag.py:2941} INFO - Sync 1 DAGs
[2026-06-09T12:55:49.038+0000] {logging_mixin.py:154} INFO - [2026-06-09T12:55:49.038+0000] {dag.py:3722} INFO - Setting next_dagrun for example_branch_labels to 2026-06-08T00:00:00+00:00, run_after=2026-06-09T00:00:00+00:00
[2026-06-09T12:55:49.066+0000] {processor.py:179} INFO - Processing /home/airflow/.local/lib/python3.10/site-packages/airflow/example_dags/example_branch_labels.py took 0.120 seconds
[2026-06-09T12:56:19.749+0000] {processor.py:157} INFO - Started process (PID=7559) to work on /home/airflow/.local/lib/python3.10/site-packages/airflow/example_dags/example_branch_labels.py
[2026-06-09T12:56:19.750+0000] {processor.py:829} INFO - Processing file /home/airflow/.local/lib/python3.10/site-packages/airflow/example_dags/example_branch_labels.py for tasks to queue
[2026-06-09T12:56:19.753+0000] {logging_mixin.py:154} INFO - [2026-06-09T12:56:19.752+0000] {dagbag.py:536} INFO - Filling up the DagBag from /home/airflow/.local/lib/python3.10/site-packages/airflow/example_dags/example_branch_labels.py
[2026-06-09T12:56:19.765+0000] {processor.py:839} INFO - DAG(s) dict_keys(['example_branch_labels']) retrieved from /home/airflow/.local/lib/python3.10/site-packages/airflow/example_dags/example_branch_labels.py
[2026-06-09T12:56:19.797+0000] {logging_mixin.py:154} INFO - [2026-06-09T12:56:19.796+0000] {dag.py:2941} INFO - Sync 1 DAGs
[2026-06-09T12:56:19.832+0000] {logging_mixin.py:154} INFO - [2026-06-09T12:56:19.832+0000] {dag.py:3722} INFO - Setting next_dagrun for example_branch_labels to 2026-06-08T00:00:00+00:00, run_after=2026-06-09T00:00:00+00:00
[2026-06-09T12:56:19.857+0000] {processor.py:179} INFO - Processing /home/airflow/.local/lib/python3.10/site-packages/airflow/example_dags/example_branch_labels.py took 0.112 seconds
[2026-06-09T12:56:50.313+0000] {processor.py:157} INFO - Started process (PID=7609) to work on /home/airflow/.local/lib/python3.10/site-packages/airflow/example_dags/example_branch_labels.py
[2026-06-09T12:56:50.322+0000] {processor.py:829} INFO - Processing file /home/airflow/.local/lib/python3.10/site-packages/airflow/example_dags/example_branch_labels.py for tasks to queue
[2026-06-09T12:56:50.325+0000] {logging_mixin.py:154} INFO - [2026-06-09T12:56:50.324+0000] {dagbag.py:536} INFO - Filling up the DagBag from /home/airflow/.local/lib/python3.10/site-packages/airflow/example_dags/example_branch_labels.py
[2026-06-09T12:56:50.364+0000] {processor.py:839} INFO - DAG(s) dict_keys(['example_branch_labels']) retrieved from /home/airflow/.local/lib/python3.10/site-packages/airflow/example_dags/example_branch_labels.py
[2026-06-09T12:56:50.422+0000] {logging_mixin.py:154} INFO - [2026-06-09T12:56:50.422+0000] {dag.py:2941} INFO - Sync 1 DAGs
[2026-06-09T12:56:50.486+0000] {logging_mixin.py:154} INFO - [2026-06-09T12:56:50.485+0000] {dag.py:3722} INFO - Setting next_dagrun for example_branch_labels to 2026-06-08T00:00:00+00:00, run_after=2026-06-09T00:00:00+00:00
[2026-06-09T12:56:50.537+0000] {processor.py:179} INFO - Processing /home/airflow/.local/lib/python3.10/site-packages/airflow/example_dags/example_branch_labels.py took 0.235 seconds
[2026-06-09T12:57:21.054+0000] {processor.py:157} INFO - Started process (PID=7659) to work on /home/airflow/.local/lib/python3.10/site-packages/airflow/example_dags/example_branch_labels.py
[2026-06-09T12:57:21.055+0000] {processor.py:829} INFO - Processing file /home/airflow/.local/lib/python3.10/site-packages/airflow/example_dags/example_branch_labels.py for tasks to queue
[2026-06-09T12:57:21.058+0000] {logging_mixin.py:154} INFO - [2026-06-09T12:57:21.057+0000] {dagbag.py:536} INFO - Filling up the DagBag from /home/airflow/.local/lib/python3.10/site-packages/airflow/example_dags/example_branch_labels.py
[2026-06-09T12:57:21.071+0000] {processor.py:839} INFO - DAG(s) dict_keys(['example_branch_labels']) retrieved from /home/airflow/.local/lib/python3.10/site-packages/airflow/example_dags/example_branch_labels.py
[2026-06-09T12:57:21.104+0000] {logging_mixin.py:154} INFO - [2026-06-09T12:57:21.104+0000] {dag.py:2941} INFO - Sync 1 DAGs
[2026-06-09T12:57:21.154+0000] {logging_mixin.py:154} INFO - [2026-06-09T12:57:21.153+0000] {dag.py:3722} INFO - Setting next_dagrun for example_branch_labels to 2026-06-08T00:00:00+00:00, run_after=2026-06-09T00:00:00+00:00
[2026-06-09T12:57:21.199+0000] {processor.py:179} INFO - Processing /home/airflow/.local/lib/python3.10/site-packages/airflow/example_dags/example_branch_labels.py took 0.157 seconds
[2026-06-09T12:57:51.706+0000] {processor.py:157} INFO - Started process (PID=7710) to work on /home/airflow/.local/lib/python3.10/site-packages/airflow/example_dags/example_branch_labels.py
[2026-06-09T12:57:51.710+0000] {processor.py:829} INFO - Processing file /home/airflow/.local/lib/python3.10/site-packages/airflow/example_dags/example_branch_labels.py for tasks to queue
[2026-06-09T12:57:51.721+0000] {logging_mixin.py:154} INFO - [2026-06-09T12:57:51.720+0000] {dagbag.py:536} INFO - Filling up the DagBag from /home/airflow/.local/lib/python3.10/site-packages/airflow/example_dags/example_branch_labels.py
[2026-06-09T12:57:51.749+0000] {processor.py:839} INFO - DAG(s) dict_keys(['example_branch_labels']) retrieved from /home/airflow/.local/lib/python3.10/site-packages/airflow/example_dags/example_branch_labels.py
[2026-06-09T12:57:51.810+0000] {logging_mixin.py:154} INFO - [2026-06-09T12:57:51.810+0000] {dag.py:2941} INFO - Sync 1 DAGs
[2026-06-09T12:57:51.896+0000] {logging_mixin.py:154} INFO - [2026-06-09T12:57:51.896+0000] {dag.py:3722} INFO - Setting next_dagrun for example_branch_labels to 2026-06-08T00:00:00+00:00, run_after=2026-06-09T00:00:00+00:00
[2026-06-09T12:57:52.009+0000] {processor.py:179} INFO - Processing /home/airflow/.local/lib/python3.10/site-packages/airflow/example_dags/example_branch_labels.py took 0.313 seconds
[2026-06-09T12:58:22.864+0000] {processor.py:157} INFO - Started process (PID=7761) to work on /home/airflow/.local/lib/python3.10/site-packages/airflow/example_dags/example_branch_labels.py
[2026-06-09T12:58:22.868+0000] {processor.py:829} INFO - Processing file /home/airflow/.local/lib/python3.10/site-packages/airflow/example_dags/example_branch_labels.py for tasks to queue
[2026-06-09T12:58:22.871+0000] {logging_mixin.py:154} INFO - [2026-06-09T12:58:22.870+0000] {dagbag.py:536} INFO - Filling up the DagBag from /home/airflow/.local/lib/python3.10/site-packages/airflow/example_dags/example_branch_labels.py
[2026-06-09T12:58:22.884+0000] {processor.py:839} INFO - DAG(s) dict_keys(['example_branch_labels']) retrieved from /home/airflow/.local/lib/python3.10/site-packages/airflow/example_dags/example_branch_labels.py
[2026-06-09T12:58:22.925+0000] {logging_mixin.py:154} INFO - [2026-06-09T12:58:22.925+0000] {dag.py:2941} INFO - Sync 1 DAGs
[2026-06-09T12:58:22.968+0000] {logging_mixin.py:154} INFO - [2026-06-09T12:58:22.967+0000] {dag.py:3722} INFO - Setting next_dagrun for example_branch_labels to 2026-06-08T00:00:00+00:00, run_after=2026-06-09T00:00:00+00:00
[2026-06-09T12:58:22.995+0000] {processor.py:179} INFO - Processing /home/airflow/.local/lib/python3.10/site-packages/airflow/example_dags/example_branch_labels.py took 0.136 seconds
[2026-06-09T12:58:53.400+0000] {processor.py:157} INFO - Started process (PID=7812) to work on /home/airflow/.local/lib/python3.10/site-packages/airflow/example_dags/example_branch_labels.py
[2026-06-09T12:58:53.408+0000] {processor.py:829} INFO - Processing file /home/airflow/.local/lib/python3.10/site-packages/airflow/example_dags/example_branch_labels.py for tasks to queue
[2026-06-09T12:58:53.415+0000] {logging_mixin.py:154} INFO - [2026-06-09T12:58:53.414+0000] {dagbag.py:536} INFO - Filling up the DagBag from /home/airflow/.local/lib/python3.10/site-packages/airflow/example_dags/example_branch_labels.py
[2026-06-09T12:58:53.440+0000] {processor.py:839} INFO - DAG(s) dict_keys(['example_branch_labels']) retrieved from /home/airflow/.local/lib/python3.10/site-packages/airflow/example_dags/example_branch_labels.py
[2026-06-09T12:58:53.514+0000] {logging_mixin.py:154} INFO - [2026-06-09T12:58:53.514+0000] {dag.py:2941} INFO - Sync 1 DAGs
[2026-06-09T12:58:53.583+0000] {logging_mixin.py:154} INFO - [2026-06-09T12:58:53.582+0000] {dag.py:3722} INFO - Setting next_dagrun for example_branch_labels to 2026-06-08T00:00:00+00:00, run_after=2026-06-09T00:00:00+00:00
[2026-06-09T12:58:53.639+0000] {processor.py:179} INFO - Processing /home/airflow/.local/lib/python3.10/site-packages/airflow/example_dags/example_branch_labels.py took 0.250 seconds
[2026-06-09T12:59:23.976+0000] {processor.py:157} INFO - Started process (PID=7863) to work on /home/airflow/.local/lib/python3.10/site-packages/airflow/example_dags/example_branch_labels.py
[2026-06-09T12:59:23.978+0000] {processor.py:829} INFO - Processing file /home/airflow/.local/lib/python3.10/site-packages/airflow/example_dags/example_branch_labels.py for tasks to queue
[2026-06-09T12:59:23.981+0000] {logging_mixin.py:154} INFO - [2026-06-09T12:59:23.981+0000] {dagbag.py:536} INFO - Filling up the DagBag from /home/airflow/.local/lib/python3.10/site-packages/airflow/example_dags/example_branch_labels.py
[2026-06-09T12:59:23.995+0000] {processor.py:839} INFO - DAG(s) dict_keys(['example_branch_labels']) retrieved from /home/airflow/.local/lib/python3.10/site-packages/airflow/example_dags/example_branch_labels.py
[2026-06-09T12:59:24.028+0000] {logging_mixin.py:154} INFO - [2026-06-09T12:59:24.028+0000] {dag.py:2941} INFO - Sync 1 DAGs
[2026-06-09T12:59:24.063+0000] {logging_mixin.py:154} INFO - [2026-06-09T12:59:24.063+0000] {dag.py:3722} INFO - Setting next_dagrun for example_branch_labels to 2026-06-08T00:00:00+00:00, run_after=2026-06-09T00:00:00+00:00
[2026-06-09T12:59:24.087+0000] {processor.py:179} INFO - Processing /home/airflow/.local/lib/python3.10/site-packages/airflow/example_dags/example_branch_labels.py took 0.116 seconds
[2026-06-09T12:59:54.822+0000] {processor.py:157} INFO - Started process (PID=7914) to work on /home/airflow/.local/lib/python3.10/site-packages/airflow/example_dags/example_branch_labels.py
[2026-06-09T12:59:54.824+0000] {processor.py:829} INFO - Processing file /home/airflow/.local/lib/python3.10/site-packages/airflow/example_dags/example_branch_labels.py for tasks to queue
[2026-06-09T12:59:54.826+0000] {logging_mixin.py:154} INFO - [2026-06-09T12:59:54.826+0000] {dagbag.py:536} INFO - Filling up the DagBag from /home/airflow/.local/lib/python3.10/site-packages/airflow/example_dags/example_branch_labels.py
[2026-06-09T12:59:54.839+0000] {processor.py:839} INFO - DAG(s) dict_keys(['example_branch_labels']) retrieved from /home/airflow/.local/lib/python3.10/site-packages/airflow/example_dags/example_branch_labels.py
[2026-06-09T12:59:54.872+0000] {logging_mixin.py:154} INFO - [2026-06-09T12:59:54.872+0000] {dag.py:2941} INFO - Sync 1 DAGs
[2026-06-09T12:59:54.907+0000] {logging_mixin.py:154} INFO - [2026-06-09T12:59:54.906+0000] {dag.py:3722} INFO - Setting next_dagrun for example_branch_labels to 2026-06-08T00:00:00+00:00, run_after=2026-06-09T00:00:00+00:00
[2026-06-09T12:59:54.930+0000] {processor.py:179} INFO - Processing /home/airflow/.local/lib/python3.10/site-packages/airflow/example_dags/example_branch_labels.py took 0.113 seconds
[2026-06-09T13:00:25.268+0000] {processor.py:157} INFO - Started process (PID=7965) to work on /home/airflow/.local/lib/python3.10/site-packages/airflow/example_dags/example_branch_labels.py
[2026-06-09T13:00:25.276+0000] {processor.py:829} INFO - Processing file /home/airflow/.local/lib/python3.10/site-packages/airflow/example_dags/example_branch_labels.py for tasks to queue
[2026-06-09T13:00:25.287+0000] {logging_mixin.py:154} INFO - [2026-06-09T13:00:25.286+0000] {dagbag.py:536} INFO - Filling up the DagBag from /home/airflow/.local/lib/python3.10/site-packages/airflow/example_dags/example_branch_labels.py
[2026-06-09T13:00:25.338+0000] {processor.py:839} INFO - DAG(s) dict_keys(['example_branch_labels']) retrieved from /home/airflow/.local/lib/python3.10/site-packages/airflow/example_dags/example_branch_labels.py
[2026-06-09T13:00:25.506+0000] {logging_mixin.py:154} INFO - [2026-06-09T13:00:25.506+0000] {dag.py:2941} INFO - Sync 1 DAGs
[2026-06-09T13:00:25.631+0000] {logging_mixin.py:154} INFO - [2026-06-09T13:00:25.631+0000] {dag.py:3722} INFO - Setting next_dagrun for example_branch_labels to 2026-06-08T00:00:00+00:00, run_after=2026-06-09T00:00:00+00:00
[2026-06-09T13:00:25.682+0000] {processor.py:179} INFO - Processing /home/airflow/.local/lib/python3.10/site-packages/airflow/example_dags/example_branch_labels.py took 0.423 seconds
[2026-06-09T13:00:55.804+0000] {processor.py:157} INFO - Started process (PID=8016) to work on /home/airflow/.local/lib/python3.10/site-packages/airflow/example_dags/example_branch_labels.py
[2026-06-09T13:00:55.805+0000] {processor.py:829} INFO - Processing file /home/airflow/.local/lib/python3.10/site-packages/airflow/example_dags/example_branch_labels.py for tasks to queue
[2026-06-09T13:00:55.808+0000] {logging_mixin.py:154} INFO - [2026-06-09T13:00:55.808+0000] {dagbag.py:536} INFO - Filling up the DagBag from /home/airflow/.local/lib/python3.10/site-packages/airflow/example_dags/example_branch_labels.py
[2026-06-09T13:00:55.821+0000] {processor.py:839} INFO - DAG(s) dict_keys(['example_branch_labels']) retrieved from /home/airflow/.local/lib/python3.10/site-packages/airflow/example_dags/example_branch_labels.py
[2026-06-09T13:00:55.879+0000] {logging_mixin.py:154} INFO - [2026-06-09T13:00:55.879+0000] {dag.py:2941} INFO - Sync 1 DAGs
[2026-06-09T13:00:55.916+0000] {logging_mixin.py:154} INFO - [2026-06-09T13:00:55.915+0000] {dag.py:3722} INFO - Setting next_dagrun for example_branch_labels to 2026-06-08T00:00:00+00:00, run_after=2026-06-09T00:00:00+00:00
[2026-06-09T13:00:55.941+0000] {processor.py:179} INFO - Processing /home/airflow/.local/lib/python3.10/site-packages/airflow/example_dags/example_branch_labels.py took 0.142 seconds
[2026-06-09T13:01:26.015+0000] {processor.py:157} INFO - Started process (PID=8067) to work on /home/airflow/.local/lib/python3.10/site-packages/airflow/example_dags/example_branch_labels.py
[2026-06-09T13:01:26.017+0000] {processor.py:829} INFO - Processing file /home/airflow/.local/lib/python3.10/site-packages/airflow/example_dags/example_branch_labels.py for tasks to queue
[2026-06-09T13:01:26.020+0000] {logging_mixin.py:154} INFO - [2026-06-09T13:01:26.019+0000] {dagbag.py:536} INFO - Filling up the DagBag from /home/airflow/.local/lib/python3.10/site-packages/airflow/example_dags/example_branch_labels.py
[2026-06-09T13:01:26.033+0000] {processor.py:839} INFO - DAG(s) dict_keys(['example_branch_labels']) retrieved from /home/airflow/.local/lib/python3.10/site-packages/airflow/example_dags/example_branch_labels.py
[2026-06-09T13:01:26.066+0000] {logging_mixin.py:154} INFO - [2026-06-09T13:01:26.065+0000] {dag.py:2941} INFO - Sync 1 DAGs
[2026-06-09T13:01:26.099+0000] {logging_mixin.py:154} INFO - [2026-06-09T13:01:26.099+0000] {dag.py:3722} INFO - Setting next_dagrun for example_branch_labels to 2026-06-08T00:00:00+00:00, run_after=2026-06-09T00:00:00+00:00
[2026-06-09T13:01:26.131+0000] {processor.py:179} INFO - Processing /home/airflow/.local/lib/python3.10/site-packages/airflow/example_dags/example_branch_labels.py took 0.121 seconds
[2026-06-09T13:01:56.615+0000] {processor.py:157} INFO - Started process (PID=8116) to work on /home/airflow/.local/lib/python3.10/site-packages/airflow/example_dags/example_branch_labels.py
[2026-06-09T13:01:56.617+0000] {processor.py:829} INFO - Processing file /home/airflow/.local/lib/python3.10/site-packages/airflow/example_dags/example_branch_labels.py for tasks to queue
[2026-06-09T13:01:56.619+0000] {logging_mixin.py:154} INFO - [2026-06-09T13:01:56.619+0000] {dagbag.py:536} INFO - Filling up the DagBag from /home/airflow/.local/lib/python3.10/site-packages/airflow/example_dags/example_branch_labels.py
[2026-06-09T13:01:56.637+0000] {processor.py:839} INFO - DAG(s) dict_keys(['example_branch_labels']) retrieved from /home/airflow/.local/lib/python3.10/site-packages/airflow/example_dags/example_branch_labels.py
[2026-06-09T13:01:56.668+0000] {logging_mixin.py:154} INFO - [2026-06-09T13:01:56.668+0000] {dag.py:2941} INFO - Sync 1 DAGs
[2026-06-09T13:01:56.703+0000] {logging_mixin.py:154} INFO - [2026-06-09T13:01:56.703+0000] {dag.py:3722} INFO - Setting next_dagrun for example_branch_labels to 2026-06-08T00:00:00+00:00, run_after=2026-06-09T00:00:00+00:00
[2026-06-09T13:01:56.734+0000] {processor.py:179} INFO - Processing /home/airflow/.local/lib/python3.10/site-packages/airflow/example_dags/example_branch_labels.py took 0.123 seconds
[2026-06-09T13:02:27.433+0000] {processor.py:157} INFO - Started process (PID=8167) to work on /home/airflow/.local/lib/python3.10/site-packages/airflow/example_dags/example_branch_labels.py
[2026-06-09T13:02:27.435+0000] {processor.py:829} INFO - Processing file /home/airflow/.local/lib/python3.10/site-packages/airflow/example_dags/example_branch_labels.py for tasks to queue
[2026-06-09T13:02:27.438+0000] {logging_mixin.py:154} INFO - [2026-06-09T13:02:27.438+0000] {dagbag.py:536} INFO - Filling up the DagBag from /home/airflow/.local/lib/python3.10/site-packages/airflow/example_dags/example_branch_labels.py
[2026-06-09T13:02:27.451+0000] {processor.py:839} INFO - DAG(s) dict_keys(['example_branch_labels']) retrieved from /home/airflow/.local/lib/python3.10/site-packages/airflow/example_dags/example_branch_labels.py
[2026-06-09T13:02:27.501+0000] {logging_mixin.py:154} INFO - [2026-06-09T13:02:27.501+0000] {dag.py:2941} INFO - Sync 1 DAGs
[2026-06-09T13:02:27.535+0000] {logging_mixin.py:154} INFO - [2026-06-09T13:02:27.535+0000] {dag.py:3722} INFO - Setting next_dagrun for example_branch_labels to 2026-06-08T00:00:00+00:00, run_after=2026-06-09T00:00:00+00:00
[2026-06-09T13:02:27.557+0000] {processor.py:179} INFO - Processing /home/airflow/.local/lib/python3.10/site-packages/airflow/example_dags/example_branch_labels.py took 0.130 seconds
[2026-06-09T13:02:57.992+0000] {processor.py:157} INFO - Started process (PID=8218) to work on /home/airflow/.local/lib/python3.10/site-packages/airflow/example_dags/example_branch_labels.py
[2026-06-09T13:02:57.993+0000] {processor.py:829} INFO - Processing file /home/airflow/.local/lib/python3.10/site-packages/airflow/example_dags/example_branch_labels.py for tasks to queue
[2026-06-09T13:02:58.008+0000] {logging_mixin.py:154} INFO - [2026-06-09T13:02:58.007+0000] {dagbag.py:536} INFO - Filling up the DagBag from /home/airflow/.local/lib/python3.10/site-packages/airflow/example_dags/example_branch_labels.py
[2026-06-09T13:02:58.046+0000] {processor.py:839} INFO - DAG(s) dict_keys(['example_branch_labels']) retrieved from /home/airflow/.local/lib/python3.10/site-packages/airflow/example_dags/example_branch_labels.py
[2026-06-09T13:02:58.085+0000] {logging_mixin.py:154} INFO - [2026-06-09T13:02:58.085+0000] {dag.py:2941} INFO - Sync 1 DAGs
[2026-06-09T13:02:58.502+0000] {logging_mixin.py:154} INFO - [2026-06-09T13:02:58.502+0000] {dag.py:3722} INFO - Setting next_dagrun for example_branch_labels to 2026-06-08T00:00:00+00:00, run_after=2026-06-09T00:00:00+00:00
[2026-06-09T13:02:58.541+0000] {processor.py:179} INFO - Processing /home/airflow/.local/lib/python3.10/site-packages/airflow/example_dags/example_branch_labels.py took 0.554 seconds
[2026-06-09T13:03:29.353+0000] {processor.py:157} INFO - Started process (PID=8268) to work on /home/airflow/.local/lib/python3.10/site-packages/airflow/example_dags/example_branch_labels.py
[2026-06-09T13:03:29.362+0000] {processor.py:829} INFO - Processing file /home/airflow/.local/lib/python3.10/site-packages/airflow/example_dags/example_branch_labels.py for tasks to queue
[2026-06-09T13:03:29.365+0000] {logging_mixin.py:154} INFO - [2026-06-09T13:03:29.364+0000] {dagbag.py:536} INFO - Filling up the DagBag from /home/airflow/.local/lib/python3.10/site-packages/airflow/example_dags/example_branch_labels.py
[2026-06-09T13:03:29.377+0000] {processor.py:839} INFO - DAG(s) dict_keys(['example_branch_labels']) retrieved from /home/airflow/.local/lib/python3.10/site-packages/airflow/example_dags/example_branch_labels.py
[2026-06-09T13:03:29.442+0000] {logging_mixin.py:154} INFO - [2026-06-09T13:03:29.442+0000] {dag.py:2941} INFO - Sync 1 DAGs
[2026-06-09T13:03:29.509+0000] {logging_mixin.py:154} INFO - [2026-06-09T13:03:29.509+0000] {dag.py:3722} INFO - Setting next_dagrun for example_branch_labels to 2026-06-08T00:00:00+00:00, run_after=2026-06-09T00:00:00+00:00
[2026-06-09T13:03:29.554+0000] {processor.py:179} INFO - Processing /home/airflow/.local/lib/python3.10/site-packages/airflow/example_dags/example_branch_labels.py took 0.206 seconds
[2026-06-09T13:03:59.974+0000] {processor.py:157} INFO - Started process (PID=8318) to work on /home/airflow/.local/lib/python3.10/site-packages/airflow/example_dags/example_branch_labels.py
[2026-06-09T13:03:59.975+0000] {processor.py:829} INFO - Processing file /home/airflow/.local/lib/python3.10/site-packages/airflow/example_dags/example_branch_labels.py for tasks to queue
[2026-06-09T13:03:59.977+0000] {logging_mixin.py:154} INFO - [2026-06-09T13:03:59.977+0000] {dagbag.py:536} INFO - Filling up the DagBag from /home/airflow/.local/lib/python3.10/site-packages/airflow/example_dags/example_branch_labels.py
[2026-06-09T13:03:59.988+0000] {processor.py:839} INFO - DAG(s) dict_keys(['example_branch_labels']) retrieved from /home/airflow/.local/lib/python3.10/site-packages/airflow/example_dags/example_branch_labels.py
[2026-06-09T13:04:00.012+0000] {logging_mixin.py:154} INFO - [2026-06-09T13:04:00.011+0000] {dag.py:2941} INFO - Sync 1 DAGs
[2026-06-09T13:04:00.037+0000] {logging_mixin.py:154} INFO - [2026-06-09T13:04:00.037+0000] {dag.py:3722} INFO - Setting next_dagrun for example_branch_labels to 2026-06-08T00:00:00+00:00, run_after=2026-06-09T00:00:00+00:00
[2026-06-09T13:04:00.060+0000] {processor.py:179} INFO - Processing /home/airflow/.local/lib/python3.10/site-packages/airflow/example_dags/example_branch_labels.py took 0.090 seconds
[2026-06-09T13:04:30.604+0000] {processor.py:157} INFO - Started process (PID=8369) to work on /home/airflow/.local/lib/python3.10/site-packages/airflow/example_dags/example_branch_labels.py
[2026-06-09T13:04:30.610+0000] {processor.py:829} INFO - Processing file /home/airflow/.local/lib/python3.10/site-packages/airflow/example_dags/example_branch_labels.py for tasks to queue
[2026-06-09T13:04:30.612+0000] {logging_mixin.py:154} INFO - [2026-06-09T13:04:30.612+0000] {dagbag.py:536} INFO - Filling up the DagBag from /home/airflow/.local/lib/python3.10/site-packages/airflow/example_dags/example_branch_labels.py
[2026-06-09T13:04:30.627+0000] {processor.py:839} INFO - DAG(s) dict_keys(['example_branch_labels']) retrieved from /home/airflow/.local/lib/python3.10/site-packages/airflow/example_dags/example_branch_labels.py
[2026-06-09T13:04:30.718+0000] {logging_mixin.py:154} INFO - [2026-06-09T13:04:30.717+0000] {dag.py:2941} INFO - Sync 1 DAGs
[2026-06-09T13:04:31.370+0000] {logging_mixin.py:154} INFO - [2026-06-09T13:04:31.370+0000] {dag.py:3722} INFO - Setting next_dagrun for example_branch_labels to 2026-06-08T00:00:00+00:00, run_after=2026-06-09T00:00:00+00:00
[2026-06-09T13:04:31.446+0000] {processor.py:179} INFO - Processing /home/airflow/.local/lib/python3.10/site-packages/airflow/example_dags/example_branch_labels.py took 0.855 seconds
[2026-06-09T13:05:01.974+0000] {processor.py:157} INFO - Started process (PID=8420) to work on /home/airflow/.local/lib/python3.10/site-packages/airflow/example_dags/example_branch_labels.py
[2026-06-09T13:05:01.975+0000] {processor.py:829} INFO - Processing file /home/airflow/.local/lib/python3.10/site-packages/airflow/example_dags/example_branch_labels.py for tasks to queue
[2026-06-09T13:05:01.978+0000] {logging_mixin.py:154} INFO - [2026-06-09T13:05:01.978+0000] {dagbag.py:536} INFO - Filling up the DagBag from /home/airflow/.local/lib/python3.10/site-packages/airflow/example_dags/example_branch_labels.py
[2026-06-09T13:05:01.994+0000] {processor.py:839} INFO - DAG(s) dict_keys(['example_branch_labels']) retrieved from /home/airflow/.local/lib/python3.10/site-packages/airflow/example_dags/example_branch_labels.py
[2026-06-09T13:05:02.043+0000] {logging_mixin.py:154} INFO - [2026-06-09T13:05:02.043+0000] {dag.py:2941} INFO - Sync 1 DAGs
[2026-06-09T13:05:02.088+0000] {logging_mixin.py:154} INFO - [2026-06-09T13:05:02.088+0000] {dag.py:3722} INFO - Setting next_dagrun for example_branch_labels to 2026-06-08T00:00:00+00:00, run_after=2026-06-09T00:00:00+00:00
[2026-06-09T13:05:02.120+0000] {processor.py:179} INFO - Processing /home/airflow/.local/lib/python3.10/site-packages/airflow/example_dags/example_branch_labels.py took 0.157 seconds
[2026-06-09T13:05:32.684+0000] {processor.py:157} INFO - Started process (PID=8471) to work on /home/airflow/.local/lib/python3.10/site-packages/airflow/example_dags/example_branch_labels.py
[2026-06-09T13:05:32.684+0000] {processor.py:829} INFO - Processing file /home/airflow/.local/lib/python3.10/site-packages/airflow/example_dags/example_branch_labels.py for tasks to queue
[2026-06-09T13:05:32.687+0000] {logging_mixin.py:154} INFO - [2026-06-09T13:05:32.687+0000] {dagbag.py:536} INFO - Filling up the DagBag from /home/airflow/.local/lib/python3.10/site-packages/airflow/example_dags/example_branch_labels.py
[2026-06-09T13:05:32.696+0000] {processor.py:839} INFO - DAG(s) dict_keys(['example_branch_labels']) retrieved from /home/airflow/.local/lib/python3.10/site-packages/airflow/example_dags/example_branch_labels.py
[2026-06-09T13:05:32.721+0000] {logging_mixin.py:154} INFO - [2026-06-09T13:05:32.721+0000] {dag.py:2941} INFO - Sync 1 DAGs
[2026-06-09T13:05:32.746+0000] {logging_mixin.py:154} INFO - [2026-06-09T13:05:32.746+0000] {dag.py:3722} INFO - Setting next_dagrun for example_branch_labels to 2026-06-08T00:00:00+00:00, run_after=2026-06-09T00:00:00+00:00
[2026-06-09T13:05:32.773+0000] {processor.py:179} INFO - Processing /home/airflow/.local/lib/python3.10/site-packages/airflow/example_dags/example_branch_labels.py took 0.093 seconds
[2026-06-09T13:06:03.720+0000] {processor.py:157} INFO - Started process (PID=8522) to work on /home/airflow/.local/lib/python3.10/site-packages/airflow/example_dags/example_branch_labels.py
[2026-06-09T13:06:03.722+0000] {processor.py:829} INFO - Processing file /home/airflow/.local/lib/python3.10/site-packages/airflow/example_dags/example_branch_labels.py for tasks to queue
[2026-06-09T13:06:03.724+0000] {logging_mixin.py:154} INFO - [2026-06-09T13:06:03.724+0000] {dagbag.py:536} INFO - Filling up the DagBag from /home/airflow/.local/lib/python3.10/site-packages/airflow/example_dags/example_branch_labels.py
[2026-06-09T13:06:03.736+0000] {processor.py:839} INFO - DAG(s) dict_keys(['example_branch_labels']) retrieved from /home/airflow/.local/lib/python3.10/site-packages/airflow/example_dags/example_branch_labels.py
[2026-06-09T13:06:03.765+0000] {logging_mixin.py:154} INFO - [2026-06-09T13:06:03.765+0000] {dag.py:2941} INFO - Sync 1 DAGs
[2026-06-09T13:06:03.954+0000] {logging_mixin.py:154} INFO - [2026-06-09T13:06:03.954+0000] {dag.py:3722} INFO - Setting next_dagrun for example_branch_labels to 2026-06-08T00:00:00+00:00, run_after=2026-06-09T00:00:00+00:00
[2026-06-09T13:06:03.972+0000] {processor.py:179} INFO - Processing /home/airflow/.local/lib/python3.10/site-packages/airflow/example_dags/example_branch_labels.py took 0.256 seconds
[2026-06-09T13:06:34.228+0000] {processor.py:157} INFO - Started process (PID=8573) to work on /home/airflow/.local/lib/python3.10/site-packages/airflow/example_dags/example_branch_labels.py
[2026-06-09T13:06:34.229+0000] {processor.py:829} INFO - Processing file /home/airflow/.local/lib/python3.10/site-packages/airflow/example_dags/example_branch_labels.py for tasks to queue
[2026-06-09T13:06:34.232+0000] {logging_mixin.py:154} INFO - [2026-06-09T13:06:34.231+0000] {dagbag.py:536} INFO - Filling up the DagBag from /home/airflow/.local/lib/python3.10/site-packages/airflow/example_dags/example_branch_labels.py
[2026-06-09T13:06:34.243+0000] {processor.py:839} INFO - DAG(s) dict_keys(['example_branch_labels']) retrieved from /home/airflow/.local/lib/python3.10/site-packages/airflow/example_dags/example_branch_labels.py
[2026-06-09T13:06:34.265+0000] {logging_mixin.py:154} INFO - [2026-06-09T13:06:34.265+0000] {dag.py:2941} INFO - Sync 1 DAGs
[2026-06-09T13:06:34.290+0000] {logging_mixin.py:154} INFO - [2026-06-09T13:06:34.290+0000] {dag.py:3722} INFO - Setting next_dagrun for example_branch_labels to 2026-06-08T00:00:00+00:00, run_after=2026-06-09T00:00:00+00:00
[2026-06-09T13:06:34.317+0000] {processor.py:179} INFO - Processing /home/airflow/.local/lib/python3.10/site-packages/airflow/example_dags/example_branch_labels.py took 0.093 seconds
[2026-06-09T13:07:04.667+0000] {processor.py:157} INFO - Started process (PID=8624) to work on /home/airflow/.local/lib/python3.10/site-packages/airflow/example_dags/example_branch_labels.py
[2026-06-09T13:07:04.668+0000] {processor.py:829} INFO - Processing file /home/airflow/.local/lib/python3.10/site-packages/airflow/example_dags/example_branch_labels.py for tasks to queue
[2026-06-09T13:07:04.671+0000] {logging_mixin.py:154} INFO - [2026-06-09T13:07:04.671+0000] {dagbag.py:536} INFO - Filling up the DagBag from /home/airflow/.local/lib/python3.10/site-packages/airflow/example_dags/example_branch_labels.py
[2026-06-09T13:07:04.905+0000] {processor.py:839} INFO - DAG(s) dict_keys(['example_branch_labels']) retrieved from /home/airflow/.local/lib/python3.10/site-packages/airflow/example_dags/example_branch_labels.py
[2026-06-09T13:07:04.930+0000] {logging_mixin.py:154} INFO - [2026-06-09T13:07:04.929+0000] {dag.py:2941} INFO - Sync 1 DAGs
[2026-06-09T13:07:04.960+0000] {logging_mixin.py:154} INFO - [2026-06-09T13:07:04.959+0000] {dag.py:3722} INFO - Setting next_dagrun for example_branch_labels to 2026-06-08T00:00:00+00:00, run_after=2026-06-09T00:00:00+00:00
[2026-06-09T13:07:04.980+0000] {processor.py:179} INFO - Processing /home/airflow/.local/lib/python3.10/site-packages/airflow/example_dags/example_branch_labels.py took 0.319 seconds
[2026-06-09T13:07:35.320+0000] {processor.py:157} INFO - Started process (PID=8675) to work on /home/airflow/.local/lib/python3.10/site-packages/airflow/example_dags/example_branch_labels.py
[2026-06-09T13:07:35.321+0000] {processor.py:829} INFO - Processing file /home/airflow/.local/lib/python3.10/site-packages/airflow/example_dags/example_branch_labels.py for tasks to queue
[2026-06-09T13:07:35.323+0000] {logging_mixin.py:154} INFO - [2026-06-09T13:07:35.323+0000] {dagbag.py:536} INFO - Filling up the DagBag from /home/airflow/.local/lib/python3.10/site-packages/airflow/example_dags/example_branch_labels.py
[2026-06-09T13:07:35.333+0000] {processor.py:839} INFO - DAG(s) dict_keys(['example_branch_labels']) retrieved from /home/airflow/.local/lib/python3.10/site-packages/airflow/example_dags/example_branch_labels.py
[2026-06-09T13:07:35.361+0000] {logging_mixin.py:154} INFO - [2026-06-09T13:07:35.361+0000] {dag.py:2941} INFO - Sync 1 DAGs
[2026-06-09T13:07:35.386+0000] {logging_mixin.py:154} INFO - [2026-06-09T13:07:35.386+0000] {dag.py:3722} INFO - Setting next_dagrun for example_branch_labels to 2026-06-08T00:00:00+00:00, run_after=2026-06-09T00:00:00+00:00
[2026-06-09T13:07:35.407+0000] {processor.py:179} INFO - Processing /home/airflow/.local/lib/python3.10/site-packages/airflow/example_dags/example_branch_labels.py took 0.091 seconds
[2026-06-09T13:08:05.514+0000] {processor.py:157} INFO - Started process (PID=8726) to work on /home/airflow/.local/lib/python3.10/site-packages/airflow/example_dags/example_branch_labels.py
[2026-06-09T13:08:05.517+0000] {processor.py:829} INFO - Processing file /home/airflow/.local/lib/python3.10/site-packages/airflow/example_dags/example_branch_labels.py for tasks to queue
[2026-06-09T13:08:05.520+0000] {logging_mixin.py:154} INFO - [2026-06-09T13:08:05.520+0000] {dagbag.py:536} INFO - Filling up the DagBag from /home/airflow/.local/lib/python3.10/site-packages/airflow/example_dags/example_branch_labels.py
[2026-06-09T13:08:05.548+0000] {processor.py:839} INFO - DAG(s) dict_keys(['example_branch_labels']) retrieved from /home/airflow/.local/lib/python3.10/site-packages/airflow/example_dags/example_branch_labels.py
[2026-06-09T13:08:05.603+0000] {logging_mixin.py:154} INFO - [2026-06-09T13:08:05.603+0000] {dag.py:2941} INFO - Sync 1 DAGs
[2026-06-09T13:08:05.638+0000] {logging_mixin.py:154} INFO - [2026-06-09T13:08:05.638+0000] {dag.py:3722} INFO - Setting next_dagrun for example_branch_labels to 2026-06-08T00:00:00+00:00, run_after=2026-06-09T00:00:00+00:00
[2026-06-09T13:08:05.663+0000] {processor.py:179} INFO - Processing /home/airflow/.local/lib/python3.10/site-packages/airflow/example_dags/example_branch_labels.py took 0.156 seconds
[2026-06-09T13:08:36.268+0000] {processor.py:157} INFO - Started process (PID=8775) to work on /home/airflow/.local/lib/python3.10/site-packages/airflow/example_dags/example_branch_labels.py
[2026-06-09T13:08:36.273+0000] {processor.py:829} INFO - Processing file /home/airflow/.local/lib/python3.10/site-packages/airflow/example_dags/example_branch_labels.py for tasks to queue
[2026-06-09T13:08:36.280+0000] {logging_mixin.py:154} INFO - [2026-06-09T13:08:36.279+0000] {dagbag.py:536} INFO - Filling up the DagBag from /home/airflow/.local/lib/python3.10/site-packages/airflow/example_dags/example_branch_labels.py
[2026-06-09T13:08:36.314+0000] {processor.py:839} INFO - DAG(s) dict_keys(['example_branch_labels']) retrieved from /home/airflow/.local/lib/python3.10/site-packages/airflow/example_dags/example_branch_labels.py
[2026-06-09T13:08:36.407+0000] {logging_mixin.py:154} INFO - [2026-06-09T13:08:36.406+0000] {dag.py:2941} INFO - Sync 1 DAGs
[2026-06-09T13:08:36.490+0000] {logging_mixin.py:154} INFO - [2026-06-09T13:08:36.489+0000] {dag.py:3722} INFO - Setting next_dagrun for example_branch_labels to 2026-06-08T00:00:00+00:00, run_after=2026-06-09T00:00:00+00:00
[2026-06-09T13:08:36.544+0000] {processor.py:179} INFO - Processing /home/airflow/.local/lib/python3.10/site-packages/airflow/example_dags/example_branch_labels.py took 0.286 seconds
[2026-06-09T13:09:06.674+0000] {processor.py:157} INFO - Started process (PID=8826) to work on /home/airflow/.local/lib/python3.10/site-packages/airflow/example_dags/example_branch_labels.py
[2026-06-09T13:09:06.678+0000] {processor.py:829} INFO - Processing file /home/airflow/.local/lib/python3.10/site-packages/airflow/example_dags/example_branch_labels.py for tasks to queue
[2026-06-09T13:09:06.681+0000] {logging_mixin.py:154} INFO - [2026-06-09T13:09:06.680+0000] {dagbag.py:536} INFO - Filling up the DagBag from /home/airflow/.local/lib/python3.10/site-packages/airflow/example_dags/example_branch_labels.py
[2026-06-09T13:09:06.692+0000] {processor.py:839} INFO - DAG(s) dict_keys(['example_branch_labels']) retrieved from /home/airflow/.local/lib/python3.10/site-packages/airflow/example_dags/example_branch_labels.py
[2026-06-09T13:09:06.752+0000] {logging_mixin.py:154} INFO - [2026-06-09T13:09:06.751+0000] {dag.py:2941} INFO - Sync 1 DAGs
[2026-06-09T13:09:06.841+0000] {logging_mixin.py:154} INFO - [2026-06-09T13:09:06.841+0000] {dag.py:3722} INFO - Setting next_dagrun for example_branch_labels to 2026-06-08T00:00:00+00:00, run_after=2026-06-09T00:00:00+00:00
[2026-06-09T13:09:06.902+0000] {processor.py:179} INFO - Processing /home/airflow/.local/lib/python3.10/site-packages/airflow/example_dags/example_branch_labels.py took 0.242 seconds
[2026-06-09T13:09:37.500+0000] {processor.py:157} INFO - Started process (PID=8877) to work on /home/airflow/.local/lib/python3.10/site-packages/airflow/example_dags/example_branch_labels.py
[2026-06-09T13:09:37.501+0000] {processor.py:829} INFO - Processing file /home/airflow/.local/lib/python3.10/site-packages/airflow/example_dags/example_branch_labels.py for tasks to queue
[2026-06-09T13:09:37.504+0000] {logging_mixin.py:154} INFO - [2026-06-09T13:09:37.503+0000] {dagbag.py:536} INFO - Filling up the DagBag from /home/airflow/.local/lib/python3.10/site-packages/airflow/example_dags/example_branch_labels.py
[2026-06-09T13:09:37.516+0000] {processor.py:839} INFO - DAG(s) dict_keys(['example_branch_labels']) retrieved from /home/airflow/.local/lib/python3.10/site-packages/airflow/example_dags/example_branch_labels.py
[2026-06-09T13:09:37.550+0000] {logging_mixin.py:154} INFO - [2026-06-09T13:09:37.550+0000] {dag.py:2941} INFO - Sync 1 DAGs
[2026-06-09T13:09:37.586+0000] {logging_mixin.py:154} INFO - [2026-06-09T13:09:37.586+0000] {dag.py:3722} INFO - Setting next_dagrun for example_branch_labels to 2026-06-08T00:00:00+00:00, run_after=2026-06-09T00:00:00+00:00
[2026-06-09T13:09:37.609+0000] {processor.py:179} INFO - Processing /home/airflow/.local/lib/python3.10/site-packages/airflow/example_dags/example_branch_labels.py took 0.114 seconds
[2026-06-09T13:10:08.203+0000] {processor.py:157} INFO - Started process (PID=8928) to work on /home/airflow/.local/lib/python3.10/site-packages/airflow/example_dags/example_branch_labels.py
[2026-06-09T13:10:08.213+0000] {processor.py:829} INFO - Processing file /home/airflow/.local/lib/python3.10/site-packages/airflow/example_dags/example_branch_labels.py for tasks to queue
[2026-06-09T13:10:08.216+0000] {logging_mixin.py:154} INFO - [2026-06-09T13:10:08.215+0000] {dagbag.py:536} INFO - Filling up the DagBag from /home/airflow/.local/lib/python3.10/site-packages/airflow/example_dags/example_branch_labels.py
[2026-06-09T13:10:08.229+0000] {processor.py:839} INFO - DAG(s) dict_keys(['example_branch_labels']) retrieved from /home/airflow/.local/lib/python3.10/site-packages/airflow/example_dags/example_branch_labels.py
[2026-06-09T13:10:08.262+0000] {logging_mixin.py:154} INFO - [2026-06-09T13:10:08.261+0000] {dag.py:2941} INFO - Sync 1 DAGs
[2026-06-09T13:10:08.298+0000] {logging_mixin.py:154} INFO - [2026-06-09T13:10:08.297+0000] {dag.py:3722} INFO - Setting next_dagrun for example_branch_labels to 2026-06-08T00:00:00+00:00, run_after=2026-06-09T00:00:00+00:00
[2026-06-09T13:10:08.322+0000] {processor.py:179} INFO - Processing /home/airflow/.local/lib/python3.10/site-packages/airflow/example_dags/example_branch_labels.py took 0.124 seconds
[2026-06-09T13:10:38.483+0000] {processor.py:157} INFO - Started process (PID=8979) to work on /home/airflow/.local/lib/python3.10/site-packages/airflow/example_dags/example_branch_labels.py
[2026-06-09T13:10:38.489+0000] {processor.py:829} INFO - Processing file /home/airflow/.local/lib/python3.10/site-packages/airflow/example_dags/example_branch_labels.py for tasks to queue
[2026-06-09T13:10:38.496+0000] {logging_mixin.py:154} INFO - [2026-06-09T13:10:38.496+0000] {dagbag.py:536} INFO - Filling up the DagBag from /home/airflow/.local/lib/python3.10/site-packages/airflow/example_dags/example_branch_labels.py
[2026-06-09T13:10:38.604+0000] {processor.py:839} INFO - DAG(s) dict_keys(['example_branch_labels']) retrieved from /home/airflow/.local/lib/python3.10/site-packages/airflow/example_dags/example_branch_labels.py
[2026-06-09T13:10:38.681+0000] {logging_mixin.py:154} INFO - [2026-06-09T13:10:38.681+0000] {dag.py:2941} INFO - Sync 1 DAGs
[2026-06-09T13:10:38.717+0000] {logging_mixin.py:154} INFO - [2026-06-09T13:10:38.717+0000] {dag.py:3722} INFO - Setting next_dagrun for example_branch_labels to 2026-06-08T00:00:00+00:00, run_after=2026-06-09T00:00:00+00:00
[2026-06-09T13:10:38.747+0000] {processor.py:179} INFO - Processing /home/airflow/.local/lib/python3.10/site-packages/airflow/example_dags/example_branch_labels.py took 0.286 seconds
[2026-06-09T13:11:08.878+0000] {processor.py:157} INFO - Started process (PID=9030) to work on /home/airflow/.local/lib/python3.10/site-packages/airflow/example_dags/example_branch_labels.py
[2026-06-09T13:11:08.880+0000] {processor.py:829} INFO - Processing file /home/airflow/.local/lib/python3.10/site-packages/airflow/example_dags/example_branch_labels.py for tasks to queue
[2026-06-09T13:11:08.883+0000] {logging_mixin.py:154} INFO - [2026-06-09T13:11:08.882+0000] {dagbag.py:536} INFO - Filling up the DagBag from /home/airflow/.local/lib/python3.10/site-packages/airflow/example_dags/example_branch_labels.py
[2026-06-09T13:11:08.895+0000] {processor.py:839} INFO - DAG(s) dict_keys(['example_branch_labels']) retrieved from /home/airflow/.local/lib/python3.10/site-packages/airflow/example_dags/example_branch_labels.py
[2026-06-09T13:11:08.933+0000] {logging_mixin.py:154} INFO - [2026-06-09T13:11:08.933+0000] {dag.py:2941} INFO - Sync 1 DAGs
[2026-06-09T13:11:08.968+0000] {logging_mixin.py:154} INFO - [2026-06-09T13:11:08.968+0000] {dag.py:3722} INFO - Setting next_dagrun for example_branch_labels to 2026-06-08T00:00:00+00:00, run_after=2026-06-09T00:00:00+00:00
[2026-06-09T13:11:08.991+0000] {processor.py:179} INFO - Processing /home/airflow/.local/lib/python3.10/site-packages/airflow/example_dags/example_branch_labels.py took 0.119 seconds
[2026-06-09T13:11:39.127+0000] {processor.py:157} INFO - Started process (PID=9081) to work on /home/airflow/.local/lib/python3.10/site-packages/airflow/example_dags/example_branch_labels.py
[2026-06-09T13:11:39.128+0000] {processor.py:829} INFO - Processing file /home/airflow/.local/lib/python3.10/site-packages/airflow/example_dags/example_branch_labels.py for tasks to queue
[2026-06-09T13:11:39.131+0000] {logging_mixin.py:154} INFO - [2026-06-09T13:11:39.130+0000] {dagbag.py:536} INFO - Filling up the DagBag from /home/airflow/.local/lib/python3.10/site-packages/airflow/example_dags/example_branch_labels.py
[2026-06-09T13:11:39.143+0000] {processor.py:839} INFO - DAG(s) dict_keys(['example_branch_labels']) retrieved from /home/airflow/.local/lib/python3.10/site-packages/airflow/example_dags/example_branch_labels.py
[2026-06-09T13:11:39.175+0000] {logging_mixin.py:154} INFO - [2026-06-09T13:11:39.175+0000] {dag.py:2941} INFO - Sync 1 DAGs
[2026-06-09T13:11:39.229+0000] {logging_mixin.py:154} INFO - [2026-06-09T13:11:39.229+0000] {dag.py:3722} INFO - Setting next_dagrun for example_branch_labels to 2026-06-08T00:00:00+00:00, run_after=2026-06-09T00:00:00+00:00
[2026-06-09T13:11:39.252+0000] {processor.py:179} INFO - Processing /home/airflow/.local/lib/python3.10/site-packages/airflow/example_dags/example_branch_labels.py took 0.130 seconds
[2026-06-09T13:12:10.061+0000] {processor.py:157} INFO - Started process (PID=9132) to work on /home/airflow/.local/lib/python3.10/site-packages/airflow/example_dags/example_branch_labels.py
[2026-06-09T13:12:10.063+0000] {processor.py:829} INFO - Processing file /home/airflow/.local/lib/python3.10/site-packages/airflow/example_dags/example_branch_labels.py for tasks to queue
[2026-06-09T13:12:10.065+0000] {logging_mixin.py:154} INFO - [2026-06-09T13:12:10.065+0000] {dagbag.py:536} INFO - Filling up the DagBag from /home/airflow/.local/lib/python3.10/site-packages/airflow/example_dags/example_branch_labels.py
[2026-06-09T13:12:10.077+0000] {processor.py:839} INFO - DAG(s) dict_keys(['example_branch_labels']) retrieved from /home/airflow/.local/lib/python3.10/site-packages/airflow/example_dags/example_branch_labels.py
[2026-06-09T13:12:10.110+0000] {logging_mixin.py:154} INFO - [2026-06-09T13:12:10.110+0000] {dag.py:2941} INFO - Sync 1 DAGs
[2026-06-09T13:12:10.145+0000] {logging_mixin.py:154} INFO - [2026-06-09T13:12:10.145+0000] {dag.py:3722} INFO - Setting next_dagrun for example_branch_labels to 2026-06-08T00:00:00+00:00, run_after=2026-06-09T00:00:00+00:00
[2026-06-09T13:12:10.212+0000] {processor.py:179} INFO - Processing /home/airflow/.local/lib/python3.10/site-packages/airflow/example_dags/example_branch_labels.py took 0.156 seconds
[2026-06-09T13:12:40.387+0000] {processor.py:157} INFO - Started process (PID=9183) to work on /home/airflow/.local/lib/python3.10/site-packages/airflow/example_dags/example_branch_labels.py
[2026-06-09T13:12:40.397+0000] {processor.py:829} INFO - Processing file /home/airflow/.local/lib/python3.10/site-packages/airflow/example_dags/example_branch_labels.py for tasks to queue
[2026-06-09T13:12:40.414+0000] {logging_mixin.py:154} INFO - [2026-06-09T13:12:40.414+0000] {dagbag.py:536} INFO - Filling up the DagBag from /home/airflow/.local/lib/python3.10/site-packages/airflow/example_dags/example_branch_labels.py
[2026-06-09T13:12:40.455+0000] {processor.py:839} INFO - DAG(s) dict_keys(['example_branch_labels']) retrieved from /home/airflow/.local/lib/python3.10/site-packages/airflow/example_dags/example_branch_labels.py
[2026-06-09T13:12:40.562+0000] {logging_mixin.py:154} INFO - [2026-06-09T13:12:40.562+0000] {dag.py:2941} INFO - Sync 1 DAGs
[2026-06-09T13:12:40.785+0000] {logging_mixin.py:154} INFO - [2026-06-09T13:12:40.785+0000] {dag.py:3722} INFO - Setting next_dagrun for example_branch_labels to 2026-06-08T00:00:00+00:00, run_after=2026-06-09T00:00:00+00:00
[2026-06-09T13:12:40.961+0000] {processor.py:179} INFO - Processing /home/airflow/.local/lib/python3.10/site-packages/airflow/example_dags/example_branch_labels.py took 0.591 seconds
[2026-06-09T13:13:11.048+0000] {processor.py:157} INFO - Started process (PID=9234) to work on /home/airflow/.local/lib/python3.10/site-packages/airflow/example_dags/example_branch_labels.py
[2026-06-09T13:13:11.049+0000] {processor.py:829} INFO - Processing file /home/airflow/.local/lib/python3.10/site-packages/airflow/example_dags/example_branch_labels.py for tasks to queue
[2026-06-09T13:13:11.051+0000] {logging_mixin.py:154} INFO - [2026-06-09T13:13:11.051+0000] {dagbag.py:536} INFO - Filling up the DagBag from /home/airflow/.local/lib/python3.10/site-packages/airflow/example_dags/example_branch_labels.py
[2026-06-09T13:13:11.062+0000] {processor.py:839} INFO - DAG(s) dict_keys(['example_branch_labels']) retrieved from /home/airflow/.local/lib/python3.10/site-packages/airflow/example_dags/example_branch_labels.py
[2026-06-09T13:13:11.096+0000] {logging_mixin.py:154} INFO - [2026-06-09T13:13:11.095+0000] {dag.py:2941} INFO - Sync 1 DAGs
[2026-06-09T13:13:11.154+0000] {logging_mixin.py:154} INFO - [2026-06-09T13:13:11.154+0000] {dag.py:3722} INFO - Setting next_dagrun for example_branch_labels to 2026-06-08T00:00:00+00:00, run_after=2026-06-09T00:00:00+00:00
[2026-06-09T13:13:11.212+0000] {processor.py:179} INFO - Processing /home/airflow/.local/lib/python3.10/site-packages/airflow/example_dags/example_branch_labels.py took 0.169 seconds
[2026-06-09T13:13:41.367+0000] {processor.py:157} INFO - Started process (PID=9285) to work on /home/airflow/.local/lib/python3.10/site-packages/airflow/example_dags/example_branch_labels.py
[2026-06-09T13:13:41.368+0000] {processor.py:829} INFO - Processing file /home/airflow/.local/lib/python3.10/site-packages/airflow/example_dags/example_branch_labels.py for tasks to queue
[2026-06-09T13:13:41.370+0000] {logging_mixin.py:154} INFO - [2026-06-09T13:13:41.369+0000] {dagbag.py:536} INFO - Filling up the DagBag from /home/airflow/.local/lib/python3.10/site-packages/airflow/example_dags/example_branch_labels.py
[2026-06-09T13:13:41.384+0000] {processor.py:839} INFO - DAG(s) dict_keys(['example_branch_labels']) retrieved from /home/airflow/.local/lib/python3.10/site-packages/airflow/example_dags/example_branch_labels.py
[2026-06-09T13:13:41.428+0000] {logging_mixin.py:154} INFO - [2026-06-09T13:13:41.428+0000] {dag.py:2941} INFO - Sync 1 DAGs
[2026-06-09T13:13:41.465+0000] {logging_mixin.py:154} INFO - [2026-06-09T13:13:41.465+0000] {dag.py:3722} INFO - Setting next_dagrun for example_branch_labels to 2026-06-08T00:00:00+00:00, run_after=2026-06-09T00:00:00+00:00
[2026-06-09T13:13:41.489+0000] {processor.py:179} INFO - Processing /home/airflow/.local/lib/python3.10/site-packages/airflow/example_dags/example_branch_labels.py took 0.127 seconds
[2026-06-09T13:14:11.987+0000] {processor.py:157} INFO - Started process (PID=9328) to work on /home/airflow/.local/lib/python3.10/site-packages/airflow/example_dags/example_branch_labels.py
[2026-06-09T13:14:11.998+0000] {processor.py:829} INFO - Processing file /home/airflow/.local/lib/python3.10/site-packages/airflow/example_dags/example_branch_labels.py for tasks to queue
[2026-06-09T13:14:12.014+0000] {logging_mixin.py:154} INFO - [2026-06-09T13:14:12.014+0000] {dagbag.py:536} INFO - Filling up the DagBag from /home/airflow/.local/lib/python3.10/site-packages/airflow/example_dags/example_branch_labels.py
[2026-06-09T13:14:12.039+0000] {processor.py:839} INFO - DAG(s) dict_keys(['example_branch_labels']) retrieved from /home/airflow/.local/lib/python3.10/site-packages/airflow/example_dags/example_branch_labels.py
[2026-06-09T13:14:12.160+0000] {logging_mixin.py:154} INFO - [2026-06-09T13:14:12.159+0000] {dag.py:2941} INFO - Sync 1 DAGs
[2026-06-09T13:14:12.289+0000] {logging_mixin.py:154} INFO - [2026-06-09T13:14:12.288+0000] {dag.py:3722} INFO - Setting next_dagrun for example_branch_labels to 2026-06-08T00:00:00+00:00, run_after=2026-06-09T00:00:00+00:00
[2026-06-09T13:14:12.390+0000] {processor.py:179} INFO - Processing /home/airflow/.local/lib/python3.10/site-packages/airflow/example_dags/example_branch_labels.py took 0.428 seconds
[2026-06-09T13:14:42.705+0000] {processor.py:157} INFO - Started process (PID=9380) to work on /home/airflow/.local/lib/python3.10/site-packages/airflow/example_dags/example_branch_labels.py
[2026-06-09T13:14:42.706+0000] {processor.py:829} INFO - Processing file /home/airflow/.local/lib/python3.10/site-packages/airflow/example_dags/example_branch_labels.py for tasks to queue
[2026-06-09T13:14:42.709+0000] {logging_mixin.py:154} INFO - [2026-06-09T13:14:42.708+0000] {dagbag.py:536} INFO - Filling up the DagBag from /home/airflow/.local/lib/python3.10/site-packages/airflow/example_dags/example_branch_labels.py
[2026-06-09T13:14:42.721+0000] {processor.py:839} INFO - DAG(s) dict_keys(['example_branch_labels']) retrieved from /home/airflow/.local/lib/python3.10/site-packages/airflow/example_dags/example_branch_labels.py
[2026-06-09T13:14:42.744+0000] {logging_mixin.py:154} INFO - [2026-06-09T13:14:42.744+0000] {dag.py:2941} INFO - Sync 1 DAGs
[2026-06-09T13:14:42.770+0000] {logging_mixin.py:154} INFO - [2026-06-09T13:14:42.770+0000] {dag.py:3722} INFO - Setting next_dagrun for example_branch_labels to 2026-06-08T00:00:00+00:00, run_after=2026-06-09T00:00:00+00:00
[2026-06-09T13:14:42.796+0000] {processor.py:179} INFO - Processing /home/airflow/.local/lib/python3.10/site-packages/airflow/example_dags/example_branch_labels.py took 0.096 seconds
[2026-06-09T13:15:13.274+0000] {processor.py:157} INFO - Started process (PID=9427) to work on /home/airflow/.local/lib/python3.10/site-packages/airflow/example_dags/example_branch_labels.py
[2026-06-09T13:15:13.275+0000] {processor.py:829} INFO - Processing file /home/airflow/.local/lib/python3.10/site-packages/airflow/example_dags/example_branch_labels.py for tasks to queue
[2026-06-09T13:15:13.278+0000] {logging_mixin.py:154} INFO - [2026-06-09T13:15:13.278+0000] {dagbag.py:536} INFO - Filling up the DagBag from /home/airflow/.local/lib/python3.10/site-packages/airflow/example_dags/example_branch_labels.py
[2026-06-09T13:15:13.291+0000] {processor.py:839} INFO - DAG(s) dict_keys(['example_branch_labels']) retrieved from /home/airflow/.local/lib/python3.10/site-packages/airflow/example_dags/example_branch_labels.py
[2026-06-09T13:15:13.323+0000] {logging_mixin.py:154} INFO - [2026-06-09T13:15:13.322+0000] {dag.py:2941} INFO - Sync 1 DAGs
[2026-06-09T13:15:13.360+0000] {logging_mixin.py:154} INFO - [2026-06-09T13:15:13.359+0000] {dag.py:3722} INFO - Setting next_dagrun for example_branch_labels to 2026-06-08T00:00:00+00:00, run_after=2026-06-09T00:00:00+00:00
[2026-06-09T13:15:13.382+0000] {processor.py:179} INFO - Processing /home/airflow/.local/lib/python3.10/site-packages/airflow/example_dags/example_branch_labels.py took 0.113 seconds
[2026-06-09T13:15:43.473+0000] {processor.py:157} INFO - Started process (PID=9478) to work on /home/airflow/.local/lib/python3.10/site-packages/airflow/example_dags/example_branch_labels.py
[2026-06-09T13:15:43.474+0000] {processor.py:829} INFO - Processing file /home/airflow/.local/lib/python3.10/site-packages/airflow/example_dags/example_branch_labels.py for tasks to queue
[2026-06-09T13:15:43.477+0000] {logging_mixin.py:154} INFO - [2026-06-09T13:15:43.476+0000] {dagbag.py:536} INFO - Filling up the DagBag from /home/airflow/.local/lib/python3.10/site-packages/airflow/example_dags/example_branch_labels.py
[2026-06-09T13:15:43.499+0000] {processor.py:839} INFO - DAG(s) dict_keys(['example_branch_labels']) retrieved from /home/airflow/.local/lib/python3.10/site-packages/airflow/example_dags/example_branch_labels.py
[2026-06-09T13:15:43.529+0000] {logging_mixin.py:154} INFO - [2026-06-09T13:15:43.529+0000] {dag.py:2941} INFO - Sync 1 DAGs
[2026-06-09T13:15:43.565+0000] {logging_mixin.py:154} INFO - [2026-06-09T13:15:43.565+0000] {dag.py:3722} INFO - Setting next_dagrun for example_branch_labels to 2026-06-08T00:00:00+00:00, run_after=2026-06-09T00:00:00+00:00
[2026-06-09T13:15:43.587+0000] {processor.py:179} INFO - Processing /home/airflow/.local/lib/python3.10/site-packages/airflow/example_dags/example_branch_labels.py took 0.128 seconds
[2026-06-09T13:16:14.005+0000] {processor.py:157} INFO - Started process (PID=9526) to work on /home/airflow/.local/lib/python3.10/site-packages/airflow/example_dags/example_branch_labels.py
[2026-06-09T13:16:14.012+0000] {processor.py:829} INFO - Processing file /home/airflow/.local/lib/python3.10/site-packages/airflow/example_dags/example_branch_labels.py for tasks to queue
[2026-06-09T13:16:14.027+0000] {logging_mixin.py:154} INFO - [2026-06-09T13:16:14.026+0000] {dagbag.py:536} INFO - Filling up the DagBag from /home/airflow/.local/lib/python3.10/site-packages/airflow/example_dags/example_branch_labels.py
[2026-06-09T13:16:14.044+0000] {processor.py:839} INFO - DAG(s) dict_keys(['example_branch_labels']) retrieved from /home/airflow/.local/lib/python3.10/site-packages/airflow/example_dags/example_branch_labels.py
[2026-06-09T13:16:14.165+0000] {logging_mixin.py:154} INFO - [2026-06-09T13:16:14.165+0000] {dag.py:2941} INFO - Sync 1 DAGs
[2026-06-09T13:16:14.248+0000] {logging_mixin.py:154} INFO - [2026-06-09T13:16:14.247+0000] {dag.py:3722} INFO - Setting next_dagrun for example_branch_labels to 2026-06-08T00:00:00+00:00, run_after=2026-06-09T00:00:00+00:00
[2026-06-09T13:16:14.309+0000] {processor.py:179} INFO - Processing /home/airflow/.local/lib/python3.10/site-packages/airflow/example_dags/example_branch_labels.py took 0.320 seconds
[2026-06-09T13:16:45.847+0000] {processor.py:157} INFO - Started process (PID=9577) to work on /home/airflow/.local/lib/python3.10/site-packages/airflow/example_dags/example_branch_labels.py
[2026-06-09T13:16:45.849+0000] {processor.py:829} INFO - Processing file /home/airflow/.local/lib/python3.10/site-packages/airflow/example_dags/example_branch_labels.py for tasks to queue
[2026-06-09T13:16:45.863+0000] {logging_mixin.py:154} INFO - [2026-06-09T13:16:45.862+0000] {dagbag.py:536} INFO - Filling up the DagBag from /home/airflow/.local/lib/python3.10/site-packages/airflow/example_dags/example_branch_labels.py
[2026-06-09T13:16:45.899+0000] {processor.py:839} INFO - DAG(s) dict_keys(['example_branch_labels']) retrieved from /home/airflow/.local/lib/python3.10/site-packages/airflow/example_dags/example_branch_labels.py
[2026-06-09T13:16:46.002+0000] {logging_mixin.py:154} INFO - [2026-06-09T13:16:46.002+0000] {dag.py:2941} INFO - Sync 1 DAGs
[2026-06-09T13:16:46.156+0000] {logging_mixin.py:154} INFO - [2026-06-09T13:16:46.156+0000] {dag.py:3722} INFO - Setting next_dagrun for example_branch_labels to 2026-06-08T00:00:00+00:00, run_after=2026-06-09T00:00:00+00:00
[2026-06-09T13:16:46.263+0000] {processor.py:179} INFO - Processing /home/airflow/.local/lib/python3.10/site-packages/airflow/example_dags/example_branch_labels.py took 0.466 seconds
[2026-06-09T13:17:16.662+0000] {processor.py:157} INFO - Started process (PID=9626) to work on /home/airflow/.local/lib/python3.10/site-packages/airflow/example_dags/example_branch_labels.py
[2026-06-09T13:17:16.673+0000] {processor.py:829} INFO - Processing file /home/airflow/.local/lib/python3.10/site-packages/airflow/example_dags/example_branch_labels.py for tasks to queue
[2026-06-09T13:17:16.682+0000] {logging_mixin.py:154} INFO - [2026-06-09T13:17:16.682+0000] {dagbag.py:536} INFO - Filling up the DagBag from /home/airflow/.local/lib/python3.10/site-packages/airflow/example_dags/example_branch_labels.py
[2026-06-09T13:17:16.740+0000] {processor.py:839} INFO - DAG(s) dict_keys(['example_branch_labels']) retrieved from /home/airflow/.local/lib/python3.10/site-packages/airflow/example_dags/example_branch_labels.py
[2026-06-09T13:17:16.862+0000] {logging_mixin.py:154} INFO - [2026-06-09T13:17:16.862+0000] {dag.py:2941} INFO - Sync 1 DAGs
[2026-06-09T13:17:16.973+0000] {logging_mixin.py:154} INFO - [2026-06-09T13:17:16.965+0000] {dag.py:3722} INFO - Setting next_dagrun for example_branch_labels to 2026-06-08T00:00:00+00:00, run_after=2026-06-09T00:00:00+00:00
[2026-06-09T13:17:17.046+0000] {processor.py:179} INFO - Processing /home/airflow/.local/lib/python3.10/site-packages/airflow/example_dags/example_branch_labels.py took 0.406 seconds
[2026-06-09T13:17:47.349+0000] {processor.py:157} INFO - Started process (PID=9675) to work on /home/airflow/.local/lib/python3.10/site-packages/airflow/example_dags/example_branch_labels.py
[2026-06-09T13:17:47.353+0000] {processor.py:829} INFO - Processing file /home/airflow/.local/lib/python3.10/site-packages/airflow/example_dags/example_branch_labels.py for tasks to queue
[2026-06-09T13:17:47.356+0000] {logging_mixin.py:154} INFO - [2026-06-09T13:17:47.355+0000] {dagbag.py:536} INFO - Filling up the DagBag from /home/airflow/.local/lib/python3.10/site-packages/airflow/example_dags/example_branch_labels.py
[2026-06-09T13:17:47.368+0000] {processor.py:839} INFO - DAG(s) dict_keys(['example_branch_labels']) retrieved from /home/airflow/.local/lib/python3.10/site-packages/airflow/example_dags/example_branch_labels.py
[2026-06-09T13:17:47.401+0000] {logging_mixin.py:154} INFO - [2026-06-09T13:17:47.401+0000] {dag.py:2941} INFO - Sync 1 DAGs
[2026-06-09T13:17:47.437+0000] {logging_mixin.py:154} INFO - [2026-06-09T13:17:47.437+0000] {dag.py:3722} INFO - Setting next_dagrun for example_branch_labels to 2026-06-08T00:00:00+00:00, run_after=2026-06-09T00:00:00+00:00
[2026-06-09T13:17:47.468+0000] {processor.py:179} INFO - Processing /home/airflow/.local/lib/python3.10/site-packages/airflow/example_dags/example_branch_labels.py took 0.123 seconds
[2026-06-09T13:18:17.768+0000] {processor.py:157} INFO - Started process (PID=9726) to work on /home/airflow/.local/lib/python3.10/site-packages/airflow/example_dags/example_branch_labels.py
[2026-06-09T13:18:17.771+0000] {processor.py:829} INFO - Processing file /home/airflow/.local/lib/python3.10/site-packages/airflow/example_dags/example_branch_labels.py for tasks to queue
[2026-06-09T13:18:17.779+0000] {logging_mixin.py:154} INFO - [2026-06-09T13:18:17.779+0000] {dagbag.py:536} INFO - Filling up the DagBag from /home/airflow/.local/lib/python3.10/site-packages/airflow/example_dags/example_branch_labels.py
[2026-06-09T13:18:17.843+0000] {processor.py:839} INFO - DAG(s) dict_keys(['example_branch_labels']) retrieved from /home/airflow/.local/lib/python3.10/site-packages/airflow/example_dags/example_branch_labels.py
[2026-06-09T13:18:17.930+0000] {logging_mixin.py:154} INFO - [2026-06-09T13:18:17.930+0000] {dag.py:2941} INFO - Sync 1 DAGs
[2026-06-09T13:18:18.014+0000] {logging_mixin.py:154} INFO - [2026-06-09T13:18:18.014+0000] {dag.py:3722} INFO - Setting next_dagrun for example_branch_labels to 2026-06-08T00:00:00+00:00, run_after=2026-06-09T00:00:00+00:00
[2026-06-09T13:18:18.108+0000] {processor.py:179} INFO - Processing /home/airflow/.local/lib/python3.10/site-packages/airflow/example_dags/example_branch_labels.py took 0.370 seconds
[2026-06-09T13:18:48.939+0000] {processor.py:157} INFO - Started process (PID=9777) to work on /home/airflow/.local/lib/python3.10/site-packages/airflow/example_dags/example_branch_labels.py
[2026-06-09T13:18:48.942+0000] {processor.py:829} INFO - Processing file /home/airflow/.local/lib/python3.10/site-packages/airflow/example_dags/example_branch_labels.py for tasks to queue
[2026-06-09T13:18:48.946+0000] {logging_mixin.py:154} INFO - [2026-06-09T13:18:48.944+0000] {dagbag.py:536} INFO - Filling up the DagBag from /home/airflow/.local/lib/python3.10/site-packages/airflow/example_dags/example_branch_labels.py
[2026-06-09T13:18:48.957+0000] {processor.py:839} INFO - DAG(s) dict_keys(['example_branch_labels']) retrieved from /home/airflow/.local/lib/python3.10/site-packages/airflow/example_dags/example_branch_labels.py
[2026-06-09T13:18:48.990+0000] {logging_mixin.py:154} INFO - [2026-06-09T13:18:48.989+0000] {dag.py:2941} INFO - Sync 1 DAGs
[2026-06-09T13:18:49.024+0000] {logging_mixin.py:154} INFO - [2026-06-09T13:18:49.024+0000] {dag.py:3722} INFO - Setting next_dagrun for example_branch_labels to 2026-06-08T00:00:00+00:00, run_after=2026-06-09T00:00:00+00:00
[2026-06-09T13:18:49.048+0000] {processor.py:179} INFO - Processing /home/airflow/.local/lib/python3.10/site-packages/airflow/example_dags/example_branch_labels.py took 0.113 seconds
[2026-06-09T13:19:19.534+0000] {processor.py:157} INFO - Started process (PID=9828) to work on /home/airflow/.local/lib/python3.10/site-packages/airflow/example_dags/example_branch_labels.py
[2026-06-09T13:19:19.535+0000] {processor.py:829} INFO - Processing file /home/airflow/.local/lib/python3.10/site-packages/airflow/example_dags/example_branch_labels.py for tasks to queue
[2026-06-09T13:19:19.540+0000] {logging_mixin.py:154} INFO - [2026-06-09T13:19:19.539+0000] {dagbag.py:536} INFO - Filling up the DagBag from /home/airflow/.local/lib/python3.10/site-packages/airflow/example_dags/example_branch_labels.py
[2026-06-09T13:19:19.551+0000] {processor.py:839} INFO - DAG(s) dict_keys(['example_branch_labels']) retrieved from /home/airflow/.local/lib/python3.10/site-packages/airflow/example_dags/example_branch_labels.py
[2026-06-09T13:19:19.586+0000] {logging_mixin.py:154} INFO - [2026-06-09T13:19:19.585+0000] {dag.py:2941} INFO - Sync 1 DAGs
[2026-06-09T13:19:19.626+0000] {logging_mixin.py:154} INFO - [2026-06-09T13:19:19.626+0000] {dag.py:3722} INFO - Setting next_dagrun for example_branch_labels to 2026-06-08T00:00:00+00:00, run_after=2026-06-09T00:00:00+00:00
[2026-06-09T13:19:19.655+0000] {processor.py:179} INFO - Processing /home/airflow/.local/lib/python3.10/site-packages/airflow/example_dags/example_branch_labels.py took 0.129 seconds
[2026-06-09T13:19:50.015+0000] {processor.py:157} INFO - Started process (PID=9879) to work on /home/airflow/.local/lib/python3.10/site-packages/airflow/example_dags/example_branch_labels.py
[2026-06-09T13:19:50.017+0000] {processor.py:829} INFO - Processing file /home/airflow/.local/lib/python3.10/site-packages/airflow/example_dags/example_branch_labels.py for tasks to queue
[2026-06-09T13:19:50.021+0000] {logging_mixin.py:154} INFO - [2026-06-09T13:19:50.021+0000] {dagbag.py:536} INFO - Filling up the DagBag from /home/airflow/.local/lib/python3.10/site-packages/airflow/example_dags/example_branch_labels.py
[2026-06-09T13:19:50.033+0000] {processor.py:839} INFO - DAG(s) dict_keys(['example_branch_labels']) retrieved from /home/airflow/.local/lib/python3.10/site-packages/airflow/example_dags/example_branch_labels.py
[2026-06-09T13:19:50.070+0000] {logging_mixin.py:154} INFO - [2026-06-09T13:19:50.070+0000] {dag.py:2941} INFO - Sync 1 DAGs
[2026-06-09T13:19:50.106+0000] {logging_mixin.py:154} INFO - [2026-06-09T13:19:50.106+0000] {dag.py:3722} INFO - Setting next_dagrun for example_branch_labels to 2026-06-08T00:00:00+00:00, run_after=2026-06-09T00:00:00+00:00
[2026-06-09T13:19:50.135+0000] {processor.py:179} INFO - Processing /home/airflow/.local/lib/python3.10/site-packages/airflow/example_dags/example_branch_labels.py took 0.128 seconds
[2026-06-09T13:20:20.786+0000] {processor.py:157} INFO - Started process (PID=9930) to work on /home/airflow/.local/lib/python3.10/site-packages/airflow/example_dags/example_branch_labels.py
[2026-06-09T13:20:20.787+0000] {processor.py:829} INFO - Processing file /home/airflow/.local/lib/python3.10/site-packages/airflow/example_dags/example_branch_labels.py for tasks to queue
[2026-06-09T13:20:20.792+0000] {logging_mixin.py:154} INFO - [2026-06-09T13:20:20.791+0000] {dagbag.py:536} INFO - Filling up the DagBag from /home/airflow/.local/lib/python3.10/site-packages/airflow/example_dags/example_branch_labels.py
[2026-06-09T13:20:20.803+0000] {processor.py:839} INFO - DAG(s) dict_keys(['example_branch_labels']) retrieved from /home/airflow/.local/lib/python3.10/site-packages/airflow/example_dags/example_branch_labels.py
[2026-06-09T13:20:20.838+0000] {logging_mixin.py:154} INFO - [2026-06-09T13:20:20.837+0000] {dag.py:2941} INFO - Sync 1 DAGs
[2026-06-09T13:20:20.876+0000] {logging_mixin.py:154} INFO - [2026-06-09T13:20:20.875+0000] {dag.py:3722} INFO - Setting next_dagrun for example_branch_labels to 2026-06-08T00:00:00+00:00, run_after=2026-06-09T00:00:00+00:00
[2026-06-09T13:20:20.902+0000] {processor.py:179} INFO - Processing /home/airflow/.local/lib/python3.10/site-packages/airflow/example_dags/example_branch_labels.py took 0.121 seconds
[2026-06-09T13:20:51.133+0000] {processor.py:157} INFO - Started process (PID=9981) to work on /home/airflow/.local/lib/python3.10/site-packages/airflow/example_dags/example_branch_labels.py
[2026-06-09T13:20:51.139+0000] {processor.py:829} INFO - Processing file /home/airflow/.local/lib/python3.10/site-packages/airflow/example_dags/example_branch_labels.py for tasks to queue
[2026-06-09T13:20:51.142+0000] {logging_mixin.py:154} INFO - [2026-06-09T13:20:51.141+0000] {dagbag.py:536} INFO - Filling up the DagBag from /home/airflow/.local/lib/python3.10/site-packages/airflow/example_dags/example_branch_labels.py
[2026-06-09T13:20:51.154+0000] {processor.py:839} INFO - DAG(s) dict_keys(['example_branch_labels']) retrieved from /home/airflow/.local/lib/python3.10/site-packages/airflow/example_dags/example_branch_labels.py
[2026-06-09T13:20:51.193+0000] {logging_mixin.py:154} INFO - [2026-06-09T13:20:51.193+0000] {dag.py:2941} INFO - Sync 1 DAGs
[2026-06-09T13:20:51.227+0000] {logging_mixin.py:154} INFO - [2026-06-09T13:20:51.227+0000] {dag.py:3722} INFO - Setting next_dagrun for example_branch_labels to 2026-06-08T00:00:00+00:00, run_after=2026-06-09T00:00:00+00:00
[2026-06-09T13:20:51.251+0000] {processor.py:179} INFO - Processing /home/airflow/.local/lib/python3.10/site-packages/airflow/example_dags/example_branch_labels.py took 0.123 seconds
[2026-06-09T13:21:21.637+0000] {processor.py:157} INFO - Started process (PID=10032) to work on /home/airflow/.local/lib/python3.10/site-packages/airflow/example_dags/example_branch_labels.py
[2026-06-09T13:21:21.647+0000] {processor.py:829} INFO - Processing file /home/airflow/.local/lib/python3.10/site-packages/airflow/example_dags/example_branch_labels.py for tasks to queue
[2026-06-09T13:21:21.650+0000] {logging_mixin.py:154} INFO - [2026-06-09T13:21:21.650+0000] {dagbag.py:536} INFO - Filling up the DagBag from /home/airflow/.local/lib/python3.10/site-packages/airflow/example_dags/example_branch_labels.py
[2026-06-09T13:21:21.678+0000] {processor.py:839} INFO - DAG(s) dict_keys(['example_branch_labels']) retrieved from /home/airflow/.local/lib/python3.10/site-packages/airflow/example_dags/example_branch_labels.py
[2026-06-09T13:21:21.735+0000] {logging_mixin.py:154} INFO - [2026-06-09T13:21:21.735+0000] {dag.py:2941} INFO - Sync 1 DAGs
[2026-06-09T13:21:21.813+0000] {logging_mixin.py:154} INFO - [2026-06-09T13:21:21.812+0000] {dag.py:3722} INFO - Setting next_dagrun for example_branch_labels to 2026-06-08T00:00:00+00:00, run_after=2026-06-09T00:00:00+00:00
[2026-06-09T13:21:21.873+0000] {processor.py:179} INFO - Processing /home/airflow/.local/lib/python3.10/site-packages/airflow/example_dags/example_branch_labels.py took 0.241 seconds
[2026-06-09T13:21:52.485+0000] {processor.py:157} INFO - Started process (PID=10083) to work on /home/airflow/.local/lib/python3.10/site-packages/airflow/example_dags/example_branch_labels.py
[2026-06-09T13:21:52.493+0000] {processor.py:829} INFO - Processing file /home/airflow/.local/lib/python3.10/site-packages/airflow/example_dags/example_branch_labels.py for tasks to queue
[2026-06-09T13:21:52.496+0000] {logging_mixin.py:154} INFO - [2026-06-09T13:21:52.496+0000] {dagbag.py:536} INFO - Filling up the DagBag from /home/airflow/.local/lib/python3.10/site-packages/airflow/example_dags/example_branch_labels.py
[2026-06-09T13:21:52.518+0000] {processor.py:839} INFO - DAG(s) dict_keys(['example_branch_labels']) retrieved from /home/airflow/.local/lib/python3.10/site-packages/airflow/example_dags/example_branch_labels.py
[2026-06-09T13:21:52.581+0000] {logging_mixin.py:154} INFO - [2026-06-09T13:21:52.581+0000] {dag.py:2941} INFO - Sync 1 DAGs
[2026-06-09T13:21:52.640+0000] {logging_mixin.py:154} INFO - [2026-06-09T13:21:52.640+0000] {dag.py:3722} INFO - Setting next_dagrun for example_branch_labels to 2026-06-08T00:00:00+00:00, run_after=2026-06-09T00:00:00+00:00
[2026-06-09T13:21:52.694+0000] {processor.py:179} INFO - Processing /home/airflow/.local/lib/python3.10/site-packages/airflow/example_dags/example_branch_labels.py took 0.221 seconds
[2026-06-09T13:22:23.162+0000] {processor.py:157} INFO - Started process (PID=10134) to work on /home/airflow/.local/lib/python3.10/site-packages/airflow/example_dags/example_branch_labels.py
[2026-06-09T13:22:23.164+0000] {processor.py:829} INFO - Processing file /home/airflow/.local/lib/python3.10/site-packages/airflow/example_dags/example_branch_labels.py for tasks to queue
[2026-06-09T13:22:23.171+0000] {logging_mixin.py:154} INFO - [2026-06-09T13:22:23.170+0000] {dagbag.py:536} INFO - Filling up the DagBag from /home/airflow/.local/lib/python3.10/site-packages/airflow/example_dags/example_branch_labels.py
[2026-06-09T13:22:23.185+0000] {processor.py:839} INFO - DAG(s) dict_keys(['example_branch_labels']) retrieved from /home/airflow/.local/lib/python3.10/site-packages/airflow/example_dags/example_branch_labels.py
[2026-06-09T13:22:23.250+0000] {logging_mixin.py:154} INFO - [2026-06-09T13:22:23.250+0000] {dag.py:2941} INFO - Sync 1 DAGs
[2026-06-09T13:22:23.316+0000] {logging_mixin.py:154} INFO - [2026-06-09T13:22:23.316+0000] {dag.py:3722} INFO - Setting next_dagrun for example_branch_labels to 2026-06-08T00:00:00+00:00, run_after=2026-06-09T00:00:00+00:00
[2026-06-09T13:22:23.352+0000] {processor.py:179} INFO - Processing /home/airflow/.local/lib/python3.10/site-packages/airflow/example_dags/example_branch_labels.py took 0.203 seconds
[2026-06-09T13:22:53.538+0000] {processor.py:157} INFO - Started process (PID=10185) to work on /home/airflow/.local/lib/python3.10/site-packages/airflow/example_dags/example_branch_labels.py
[2026-06-09T13:22:53.541+0000] {processor.py:829} INFO - Processing file /home/airflow/.local/lib/python3.10/site-packages/airflow/example_dags/example_branch_labels.py for tasks to queue
[2026-06-09T13:22:53.545+0000] {logging_mixin.py:154} INFO - [2026-06-09T13:22:53.545+0000] {dagbag.py:536} INFO - Filling up the DagBag from /home/airflow/.local/lib/python3.10/site-packages/airflow/example_dags/example_branch_labels.py
[2026-06-09T13:22:53.559+0000] {processor.py:839} INFO - DAG(s) dict_keys(['example_branch_labels']) retrieved from /home/airflow/.local/lib/python3.10/site-packages/airflow/example_dags/example_branch_labels.py
[2026-06-09T13:22:53.628+0000] {logging_mixin.py:154} INFO - [2026-06-09T13:22:53.628+0000] {dag.py:2941} INFO - Sync 1 DAGs
[2026-06-09T13:22:53.700+0000] {logging_mixin.py:154} INFO - [2026-06-09T13:22:53.699+0000] {dag.py:3722} INFO - Setting next_dagrun for example_branch_labels to 2026-06-08T00:00:00+00:00, run_after=2026-06-09T00:00:00+00:00
[2026-06-09T13:22:53.758+0000] {processor.py:179} INFO - Processing /home/airflow/.local/lib/python3.10/site-packages/airflow/example_dags/example_branch_labels.py took 0.233 seconds
[2026-06-09T13:23:23.852+0000] {processor.py:157} INFO - Started process (PID=10236) to work on /home/airflow/.local/lib/python3.10/site-packages/airflow/example_dags/example_branch_labels.py
[2026-06-09T13:23:23.855+0000] {processor.py:829} INFO - Processing file /home/airflow/.local/lib/python3.10/site-packages/airflow/example_dags/example_branch_labels.py for tasks to queue
[2026-06-09T13:23:23.858+0000] {logging_mixin.py:154} INFO - [2026-06-09T13:23:23.857+0000] {dagbag.py:536} INFO - Filling up the DagBag from /home/airflow/.local/lib/python3.10/site-packages/airflow/example_dags/example_branch_labels.py
[2026-06-09T13:23:23.870+0000] {processor.py:839} INFO - DAG(s) dict_keys(['example_branch_labels']) retrieved from /home/airflow/.local/lib/python3.10/site-packages/airflow/example_dags/example_branch_labels.py
[2026-06-09T13:23:23.902+0000] {logging_mixin.py:154} INFO - [2026-06-09T13:23:23.902+0000] {dag.py:2941} INFO - Sync 1 DAGs
[2026-06-09T13:23:23.939+0000] {logging_mixin.py:154} INFO - [2026-06-09T13:23:23.939+0000] {dag.py:3722} INFO - Setting next_dagrun for example_branch_labels to 2026-06-08T00:00:00+00:00, run_after=2026-06-09T00:00:00+00:00
[2026-06-09T13:23:23.982+0000] {processor.py:179} INFO - Processing /home/airflow/.local/lib/python3.10/site-packages/airflow/example_dags/example_branch_labels.py took 0.143 seconds
[2026-06-09T13:23:54.161+0000] {processor.py:157} INFO - Started process (PID=10287) to work on /home/airflow/.local/lib/python3.10/site-packages/airflow/example_dags/example_branch_labels.py
[2026-06-09T13:23:54.167+0000] {processor.py:829} INFO - Processing file /home/airflow/.local/lib/python3.10/site-packages/airflow/example_dags/example_branch_labels.py for tasks to queue
[2026-06-09T13:23:54.169+0000] {logging_mixin.py:154} INFO - [2026-06-09T13:23:54.169+0000] {dagbag.py:536} INFO - Filling up the DagBag from /home/airflow/.local/lib/python3.10/site-packages/airflow/example_dags/example_branch_labels.py
[2026-06-09T13:23:54.196+0000] {processor.py:839} INFO - DAG(s) dict_keys(['example_branch_labels']) retrieved from /home/airflow/.local/lib/python3.10/site-packages/airflow/example_dags/example_branch_labels.py
[2026-06-09T13:23:54.238+0000] {logging_mixin.py:154} INFO - [2026-06-09T13:23:54.238+0000] {dag.py:2941} INFO - Sync 1 DAGs
[2026-06-09T13:23:54.273+0000] {logging_mixin.py:154} INFO - [2026-06-09T13:23:54.273+0000] {dag.py:3722} INFO - Setting next_dagrun for example_branch_labels to 2026-06-08T00:00:00+00:00, run_after=2026-06-09T00:00:00+00:00
[2026-06-09T13:23:54.295+0000] {processor.py:179} INFO - Processing /home/airflow/.local/lib/python3.10/site-packages/airflow/example_dags/example_branch_labels.py took 0.140 seconds
[2026-06-09T13:24:24.390+0000] {processor.py:157} INFO - Started process (PID=10338) to work on /home/airflow/.local/lib/python3.10/site-packages/airflow/example_dags/example_branch_labels.py
[2026-06-09T13:24:24.391+0000] {processor.py:829} INFO - Processing file /home/airflow/.local/lib/python3.10/site-packages/airflow/example_dags/example_branch_labels.py for tasks to queue
[2026-06-09T13:24:24.394+0000] {logging_mixin.py:154} INFO - [2026-06-09T13:24:24.393+0000] {dagbag.py:536} INFO - Filling up the DagBag from /home/airflow/.local/lib/python3.10/site-packages/airflow/example_dags/example_branch_labels.py
[2026-06-09T13:24:24.406+0000] {processor.py:839} INFO - DAG(s) dict_keys(['example_branch_labels']) retrieved from /home/airflow/.local/lib/python3.10/site-packages/airflow/example_dags/example_branch_labels.py
[2026-06-09T13:24:24.437+0000] {logging_mixin.py:154} INFO - [2026-06-09T13:24:24.437+0000] {dag.py:2941} INFO - Sync 1 DAGs
[2026-06-09T13:24:24.472+0000] {logging_mixin.py:154} INFO - [2026-06-09T13:24:24.472+0000] {dag.py:3722} INFO - Setting next_dagrun for example_branch_labels to 2026-06-08T00:00:00+00:00, run_after=2026-06-09T00:00:00+00:00
[2026-06-09T13:24:24.494+0000] {processor.py:179} INFO - Processing /home/airflow/.local/lib/python3.10/site-packages/airflow/example_dags/example_branch_labels.py took 0.110 seconds
[2026-06-09T13:24:54.725+0000] {processor.py:157} INFO - Started process (PID=10389) to work on /home/airflow/.local/lib/python3.10/site-packages/airflow/example_dags/example_branch_labels.py
[2026-06-09T13:24:54.726+0000] {processor.py:829} INFO - Processing file /home/airflow/.local/lib/python3.10/site-packages/airflow/example_dags/example_branch_labels.py for tasks to queue
[2026-06-09T13:24:54.729+0000] {logging_mixin.py:154} INFO - [2026-06-09T13:24:54.729+0000] {dagbag.py:536} INFO - Filling up the DagBag from /home/airflow/.local/lib/python3.10/site-packages/airflow/example_dags/example_branch_labels.py
[2026-06-09T13:24:54.741+0000] {processor.py:839} INFO - DAG(s) dict_keys(['example_branch_labels']) retrieved from /home/airflow/.local/lib/python3.10/site-packages/airflow/example_dags/example_branch_labels.py
[2026-06-09T13:24:54.774+0000] {logging_mixin.py:154} INFO - [2026-06-09T13:24:54.774+0000] {dag.py:2941} INFO - Sync 1 DAGs
[2026-06-09T13:24:54.810+0000] {logging_mixin.py:154} INFO - [2026-06-09T13:24:54.810+0000] {dag.py:3722} INFO - Setting next_dagrun for example_branch_labels to 2026-06-08T00:00:00+00:00, run_after=2026-06-09T00:00:00+00:00
[2026-06-09T13:24:54.840+0000] {processor.py:179} INFO - Processing /home/airflow/.local/lib/python3.10/site-packages/airflow/example_dags/example_branch_labels.py took 0.126 seconds
[2026-06-09T13:25:25.366+0000] {processor.py:157} INFO - Started process (PID=10439) to work on /home/airflow/.local/lib/python3.10/site-packages/airflow/example_dags/example_branch_labels.py
[2026-06-09T13:25:25.368+0000] {processor.py:829} INFO - Processing file /home/airflow/.local/lib/python3.10/site-packages/airflow/example_dags/example_branch_labels.py for tasks to queue
[2026-06-09T13:25:25.377+0000] {logging_mixin.py:154} INFO - [2026-06-09T13:25:25.376+0000] {dagbag.py:536} INFO - Filling up the DagBag from /home/airflow/.local/lib/python3.10/site-packages/airflow/example_dags/example_branch_labels.py
[2026-06-09T13:25:25.388+0000] {processor.py:839} INFO - DAG(s) dict_keys(['example_branch_labels']) retrieved from /home/airflow/.local/lib/python3.10/site-packages/airflow/example_dags/example_branch_labels.py
[2026-06-09T13:25:25.421+0000] {logging_mixin.py:154} INFO - [2026-06-09T13:25:25.420+0000] {dag.py:2941} INFO - Sync 1 DAGs
[2026-06-09T13:25:25.457+0000] {logging_mixin.py:154} INFO - [2026-06-09T13:25:25.456+0000] {dag.py:3722} INFO - Setting next_dagrun for example_branch_labels to 2026-06-08T00:00:00+00:00, run_after=2026-06-09T00:00:00+00:00
[2026-06-09T13:25:25.483+0000] {processor.py:179} INFO - Processing /home/airflow/.local/lib/python3.10/site-packages/airflow/example_dags/example_branch_labels.py took 0.122 seconds
[2026-06-09T13:25:56.025+0000] {processor.py:157} INFO - Started process (PID=10490) to work on /home/airflow/.local/lib/python3.10/site-packages/airflow/example_dags/example_branch_labels.py
[2026-06-09T13:25:56.031+0000] {processor.py:829} INFO - Processing file /home/airflow/.local/lib/python3.10/site-packages/airflow/example_dags/example_branch_labels.py for tasks to queue
[2026-06-09T13:25:56.035+0000] {logging_mixin.py:154} INFO - [2026-06-09T13:25:56.034+0000] {dagbag.py:536} INFO - Filling up the DagBag from /home/airflow/.local/lib/python3.10/site-packages/airflow/example_dags/example_branch_labels.py
[2026-06-09T13:25:56.056+0000] {processor.py:839} INFO - DAG(s) dict_keys(['example_branch_labels']) retrieved from /home/airflow/.local/lib/python3.10/site-packages/airflow/example_dags/example_branch_labels.py
[2026-06-09T13:25:56.112+0000] {logging_mixin.py:154} INFO - [2026-06-09T13:25:56.112+0000] {dag.py:2941} INFO - Sync 1 DAGs
[2026-06-09T13:25:56.156+0000] {logging_mixin.py:154} INFO - [2026-06-09T13:25:56.156+0000] {dag.py:3722} INFO - Setting next_dagrun for example_branch_labels to 2026-06-08T00:00:00+00:00, run_after=2026-06-09T00:00:00+00:00
[2026-06-09T13:25:56.201+0000] {processor.py:179} INFO - Processing /home/airflow/.local/lib/python3.10/site-packages/airflow/example_dags/example_branch_labels.py took 0.181 seconds
[2026-06-09T13:26:26.716+0000] {processor.py:157} INFO - Started process (PID=10541) to work on /home/airflow/.local/lib/python3.10/site-packages/airflow/example_dags/example_branch_labels.py
[2026-06-09T13:26:26.725+0000] {processor.py:829} INFO - Processing file /home/airflow/.local/lib/python3.10/site-packages/airflow/example_dags/example_branch_labels.py for tasks to queue
[2026-06-09T13:26:26.728+0000] {logging_mixin.py:154} INFO - [2026-06-09T13:26:26.728+0000] {dagbag.py:536} INFO - Filling up the DagBag from /home/airflow/.local/lib/python3.10/site-packages/airflow/example_dags/example_branch_labels.py
[2026-06-09T13:26:26.760+0000] {processor.py:839} INFO - DAG(s) dict_keys(['example_branch_labels']) retrieved from /home/airflow/.local/lib/python3.10/site-packages/airflow/example_dags/example_branch_labels.py
[2026-06-09T13:26:26.852+0000] {logging_mixin.py:154} INFO - [2026-06-09T13:26:26.852+0000] {dag.py:2941} INFO - Sync 1 DAGs
[2026-06-09T13:26:26.928+0000] {logging_mixin.py:154} INFO - [2026-06-09T13:26:26.927+0000] {dag.py:3722} INFO - Setting next_dagrun for example_branch_labels to 2026-06-08T00:00:00+00:00, run_after=2026-06-09T00:00:00+00:00
[2026-06-09T13:26:26.984+0000] {processor.py:179} INFO - Processing /home/airflow/.local/lib/python3.10/site-packages/airflow/example_dags/example_branch_labels.py took 0.274 seconds
[2026-06-09T13:26:57.666+0000] {processor.py:157} INFO - Started process (PID=10592) to work on /home/airflow/.local/lib/python3.10/site-packages/airflow/example_dags/example_branch_labels.py
[2026-06-09T13:26:57.674+0000] {processor.py:829} INFO - Processing file /home/airflow/.local/lib/python3.10/site-packages/airflow/example_dags/example_branch_labels.py for tasks to queue
[2026-06-09T13:26:57.676+0000] {logging_mixin.py:154} INFO - [2026-06-09T13:26:57.676+0000] {dagbag.py:536} INFO - Filling up the DagBag from /home/airflow/.local/lib/python3.10/site-packages/airflow/example_dags/example_branch_labels.py
[2026-06-09T13:26:57.705+0000] {processor.py:839} INFO - DAG(s) dict_keys(['example_branch_labels']) retrieved from /home/airflow/.local/lib/python3.10/site-packages/airflow/example_dags/example_branch_labels.py
[2026-06-09T13:26:57.761+0000] {logging_mixin.py:154} INFO - [2026-06-09T13:26:57.761+0000] {dag.py:2941} INFO - Sync 1 DAGs
[2026-06-09T13:26:57.831+0000] {logging_mixin.py:154} INFO - [2026-06-09T13:26:57.830+0000] {dag.py:3722} INFO - Setting next_dagrun for example_branch_labels to 2026-06-08T00:00:00+00:00, run_after=2026-06-09T00:00:00+00:00
[2026-06-09T13:26:57.883+0000] {processor.py:179} INFO - Processing /home/airflow/.local/lib/python3.10/site-packages/airflow/example_dags/example_branch_labels.py took 0.234 seconds
[2026-06-09T13:27:28.515+0000] {processor.py:157} INFO - Started process (PID=10642) to work on /home/airflow/.local/lib/python3.10/site-packages/airflow/example_dags/example_branch_labels.py
[2026-06-09T13:27:28.518+0000] {processor.py:829} INFO - Processing file /home/airflow/.local/lib/python3.10/site-packages/airflow/example_dags/example_branch_labels.py for tasks to queue
[2026-06-09T13:27:28.526+0000] {logging_mixin.py:154} INFO - [2026-06-09T13:27:28.526+0000] {dagbag.py:536} INFO - Filling up the DagBag from /home/airflow/.local/lib/python3.10/site-packages/airflow/example_dags/example_branch_labels.py
[2026-06-09T13:27:28.546+0000] {processor.py:839} INFO - DAG(s) dict_keys(['example_branch_labels']) retrieved from /home/airflow/.local/lib/python3.10/site-packages/airflow/example_dags/example_branch_labels.py
[2026-06-09T13:27:28.627+0000] {logging_mixin.py:154} INFO - [2026-06-09T13:27:28.626+0000] {dag.py:2941} INFO - Sync 1 DAGs
[2026-06-09T13:27:28.694+0000] {logging_mixin.py:154} INFO - [2026-06-09T13:27:28.694+0000] {dag.py:3722} INFO - Setting next_dagrun for example_branch_labels to 2026-06-08T00:00:00+00:00, run_after=2026-06-09T00:00:00+00:00
[2026-06-09T13:27:28.739+0000] {processor.py:179} INFO - Processing /home/airflow/.local/lib/python3.10/site-packages/airflow/example_dags/example_branch_labels.py took 0.235 seconds
[2026-06-09T13:27:58.827+0000] {processor.py:157} INFO - Started process (PID=10693) to work on /home/airflow/.local/lib/python3.10/site-packages/airflow/example_dags/example_branch_labels.py
[2026-06-09T13:27:58.837+0000] {processor.py:829} INFO - Processing file /home/airflow/.local/lib/python3.10/site-packages/airflow/example_dags/example_branch_labels.py for tasks to queue
[2026-06-09T13:27:58.840+0000] {logging_mixin.py:154} INFO - [2026-06-09T13:27:58.840+0000] {dagbag.py:536} INFO - Filling up the DagBag from /home/airflow/.local/lib/python3.10/site-packages/airflow/example_dags/example_branch_labels.py
[2026-06-09T13:27:58.887+0000] {processor.py:839} INFO - DAG(s) dict_keys(['example_branch_labels']) retrieved from /home/airflow/.local/lib/python3.10/site-packages/airflow/example_dags/example_branch_labels.py
[2026-06-09T13:27:58.962+0000] {logging_mixin.py:154} INFO - [2026-06-09T13:27:58.961+0000] {dag.py:2941} INFO - Sync 1 DAGs
[2026-06-09T13:27:59.081+0000] {logging_mixin.py:154} INFO - [2026-06-09T13:27:59.080+0000] {dag.py:3722} INFO - Setting next_dagrun for example_branch_labels to 2026-06-08T00:00:00+00:00, run_after=2026-06-09T00:00:00+00:00
[2026-06-09T13:27:59.191+0000] {processor.py:179} INFO - Processing /home/airflow/.local/lib/python3.10/site-packages/airflow/example_dags/example_branch_labels.py took 0.370 seconds
[2026-06-09T13:28:29.298+0000] {processor.py:157} INFO - Started process (PID=10745) to work on /home/airflow/.local/lib/python3.10/site-packages/airflow/example_dags/example_branch_labels.py
[2026-06-09T13:28:29.301+0000] {processor.py:829} INFO - Processing file /home/airflow/.local/lib/python3.10/site-packages/airflow/example_dags/example_branch_labels.py for tasks to queue
[2026-06-09T13:28:29.303+0000] {logging_mixin.py:154} INFO - [2026-06-09T13:28:29.302+0000] {dagbag.py:536} INFO - Filling up the DagBag from /home/airflow/.local/lib/python3.10/site-packages/airflow/example_dags/example_branch_labels.py
[2026-06-09T13:28:29.312+0000] {processor.py:839} INFO - DAG(s) dict_keys(['example_branch_labels']) retrieved from /home/airflow/.local/lib/python3.10/site-packages/airflow/example_dags/example_branch_labels.py
[2026-06-09T13:28:29.336+0000] {logging_mixin.py:154} INFO - [2026-06-09T13:28:29.336+0000] {dag.py:2941} INFO - Sync 1 DAGs
[2026-06-09T13:28:29.364+0000] {logging_mixin.py:154} INFO - [2026-06-09T13:28:29.364+0000] {dag.py:3722} INFO - Setting next_dagrun for example_branch_labels to 2026-06-08T00:00:00+00:00, run_after=2026-06-09T00:00:00+00:00
[2026-06-09T13:28:29.385+0000] {processor.py:179} INFO - Processing /home/airflow/.local/lib/python3.10/site-packages/airflow/example_dags/example_branch_labels.py took 0.091 seconds
[2026-06-09T13:28:59.898+0000] {processor.py:157} INFO - Started process (PID=10795) to work on /home/airflow/.local/lib/python3.10/site-packages/airflow/example_dags/example_branch_labels.py
[2026-06-09T13:28:59.900+0000] {processor.py:829} INFO - Processing file /home/airflow/.local/lib/python3.10/site-packages/airflow/example_dags/example_branch_labels.py for tasks to queue
[2026-06-09T13:28:59.903+0000] {logging_mixin.py:154} INFO - [2026-06-09T13:28:59.903+0000] {dagbag.py:536} INFO - Filling up the DagBag from /home/airflow/.local/lib/python3.10/site-packages/airflow/example_dags/example_branch_labels.py
[2026-06-09T13:28:59.916+0000] {processor.py:839} INFO - DAG(s) dict_keys(['example_branch_labels']) retrieved from /home/airflow/.local/lib/python3.10/site-packages/airflow/example_dags/example_branch_labels.py
[2026-06-09T13:28:59.962+0000] {logging_mixin.py:154} INFO - [2026-06-09T13:28:59.962+0000] {dag.py:2941} INFO - Sync 1 DAGs
[2026-06-09T13:28:59.999+0000] {logging_mixin.py:154} INFO - [2026-06-09T13:28:59.999+0000] {dag.py:3722} INFO - Setting next_dagrun for example_branch_labels to 2026-06-08T00:00:00+00:00, run_after=2026-06-09T00:00:00+00:00
[2026-06-09T13:29:00.039+0000] {processor.py:179} INFO - Processing /home/airflow/.local/lib/python3.10/site-packages/airflow/example_dags/example_branch_labels.py took 0.146 seconds
[2026-06-09T13:29:30.329+0000] {processor.py:157} INFO - Started process (PID=10846) to work on /home/airflow/.local/lib/python3.10/site-packages/airflow/example_dags/example_branch_labels.py
[2026-06-09T13:29:30.331+0000] {processor.py:829} INFO - Processing file /home/airflow/.local/lib/python3.10/site-packages/airflow/example_dags/example_branch_labels.py for tasks to queue
[2026-06-09T13:29:30.333+0000] {logging_mixin.py:154} INFO - [2026-06-09T13:29:30.333+0000] {dagbag.py:536} INFO - Filling up the DagBag from /home/airflow/.local/lib/python3.10/site-packages/airflow/example_dags/example_branch_labels.py
[2026-06-09T13:29:30.346+0000] {processor.py:839} INFO - DAG(s) dict_keys(['example_branch_labels']) retrieved from /home/airflow/.local/lib/python3.10/site-packages/airflow/example_dags/example_branch_labels.py
[2026-06-09T13:29:30.390+0000] {logging_mixin.py:154} INFO - [2026-06-09T13:29:30.389+0000] {dag.py:2941} INFO - Sync 1 DAGs
[2026-06-09T13:29:30.426+0000] {logging_mixin.py:154} INFO - [2026-06-09T13:29:30.426+0000] {dag.py:3722} INFO - Setting next_dagrun for example_branch_labels to 2026-06-08T00:00:00+00:00, run_after=2026-06-09T00:00:00+00:00
[2026-06-09T13:29:30.466+0000] {processor.py:179} INFO - Processing /home/airflow/.local/lib/python3.10/site-packages/airflow/example_dags/example_branch_labels.py took 0.142 seconds
[2026-06-09T13:30:00.559+0000] {processor.py:157} INFO - Started process (PID=10897) to work on /home/airflow/.local/lib/python3.10/site-packages/airflow/example_dags/example_branch_labels.py
[2026-06-09T13:30:00.563+0000] {processor.py:829} INFO - Processing file /home/airflow/.local/lib/python3.10/site-packages/airflow/example_dags/example_branch_labels.py for tasks to queue
[2026-06-09T13:30:00.568+0000] {logging_mixin.py:154} INFO - [2026-06-09T13:30:00.568+0000] {dagbag.py:536} INFO - Filling up the DagBag from /home/airflow/.local/lib/python3.10/site-packages/airflow/example_dags/example_branch_labels.py
[2026-06-09T13:30:00.583+0000] {processor.py:839} INFO - DAG(s) dict_keys(['example_branch_labels']) retrieved from /home/airflow/.local/lib/python3.10/site-packages/airflow/example_dags/example_branch_labels.py
[2026-06-09T13:30:00.638+0000] {logging_mixin.py:154} INFO - [2026-06-09T13:30:00.638+0000] {dag.py:2941} INFO - Sync 1 DAGs
[2026-06-09T13:30:00.709+0000] {logging_mixin.py:154} INFO - [2026-06-09T13:30:00.709+0000] {dag.py:3722} INFO - Setting next_dagrun for example_branch_labels to 2026-06-08T00:00:00+00:00, run_after=2026-06-09T00:00:00+00:00
[2026-06-09T13:30:00.766+0000] {processor.py:179} INFO - Processing /home/airflow/.local/lib/python3.10/site-packages/airflow/example_dags/example_branch_labels.py took 0.221 seconds
[2026-06-09T13:30:30.929+0000] {processor.py:157} INFO - Started process (PID=10948) to work on /home/airflow/.local/lib/python3.10/site-packages/airflow/example_dags/example_branch_labels.py
[2026-06-09T13:30:30.930+0000] {processor.py:829} INFO - Processing file /home/airflow/.local/lib/python3.10/site-packages/airflow/example_dags/example_branch_labels.py for tasks to queue
[2026-06-09T13:30:30.933+0000] {logging_mixin.py:154} INFO - [2026-06-09T13:30:30.933+0000] {dagbag.py:536} INFO - Filling up the DagBag from /home/airflow/.local/lib/python3.10/site-packages/airflow/example_dags/example_branch_labels.py
[2026-06-09T13:30:30.947+0000] {processor.py:839} INFO - DAG(s) dict_keys(['example_branch_labels']) retrieved from /home/airflow/.local/lib/python3.10/site-packages/airflow/example_dags/example_branch_labels.py
[2026-06-09T13:30:30.977+0000] {logging_mixin.py:154} INFO - [2026-06-09T13:30:30.977+0000] {dag.py:2941} INFO - Sync 1 DAGs
[2026-06-09T13:30:31.013+0000] {logging_mixin.py:154} INFO - [2026-06-09T13:30:31.012+0000] {dag.py:3722} INFO - Setting next_dagrun for example_branch_labels to 2026-06-08T00:00:00+00:00, run_after=2026-06-09T00:00:00+00:00
[2026-06-09T13:30:31.046+0000] {processor.py:179} INFO - Processing /home/airflow/.local/lib/python3.10/site-packages/airflow/example_dags/example_branch_labels.py took 0.123 seconds
