[2026-06-08T12:43:19.784+0000] {processor.py:157} INFO - Started process (PID=40) to work on /home/airflow/.local/lib/python3.8/site-packages/airflow/example_dags/example_task_group_decorator.py
[2026-06-08T12:43:19.792+0000] {processor.py:829} INFO - Processing file /home/airflow/.local/lib/python3.8/site-packages/airflow/example_dags/example_task_group_decorator.py for tasks to queue
[2026-06-08T12:43:19.808+0000] {logging_mixin.py:154} INFO - [2026-06-08T12:43:19.796+0000] {dagbag.py:536} INFO - Filling up the DagBag from /home/airflow/.local/lib/python3.8/site-packages/airflow/example_dags/example_task_group_decorator.py
[2026-06-08T12:43:19.982+0000] {processor.py:839} INFO - DAG(s) dict_keys(['example_task_group_decorator']) retrieved from /home/airflow/.local/lib/python3.8/site-packages/airflow/example_dags/example_task_group_decorator.py
[2026-06-08T12:43:20.217+0000] {logging_mixin.py:154} INFO - [2026-06-08T12:43:20.217+0000] {dag.py:2941} INFO - Sync 1 DAGs
[2026-06-08T12:43:20.431+0000] {logging_mixin.py:154} INFO - [2026-06-08T12:43:20.431+0000] {dag.py:3722} INFO - Setting next_dagrun for example_task_group_decorator to 2026-06-07T12:43:20.419934+00:00, run_after=2026-06-08T12:43:20.419934+00:00
[2026-06-08T12:43:20.606+0000] {processor.py:179} INFO - Processing /home/airflow/.local/lib/python3.8/site-packages/airflow/example_dags/example_task_group_decorator.py took 0.854 seconds
[2026-06-08T12:43:50.781+0000] {processor.py:157} INFO - Started process (PID=89) to work on /home/airflow/.local/lib/python3.8/site-packages/airflow/example_dags/example_task_group_decorator.py
[2026-06-08T12:43:50.786+0000] {processor.py:829} INFO - Processing file /home/airflow/.local/lib/python3.8/site-packages/airflow/example_dags/example_task_group_decorator.py for tasks to queue
[2026-06-08T12:43:50.789+0000] {logging_mixin.py:154} INFO - [2026-06-08T12:43:50.789+0000] {dagbag.py:536} INFO - Filling up the DagBag from /home/airflow/.local/lib/python3.8/site-packages/airflow/example_dags/example_task_group_decorator.py
[2026-06-08T12:43:50.810+0000] {processor.py:839} INFO - DAG(s) dict_keys(['example_task_group_decorator']) retrieved from /home/airflow/.local/lib/python3.8/site-packages/airflow/example_dags/example_task_group_decorator.py
[2026-06-08T12:43:50.851+0000] {logging_mixin.py:154} INFO - [2026-06-08T12:43:50.851+0000] {dag.py:2941} INFO - Sync 1 DAGs
[2026-06-08T12:43:50.876+0000] {logging_mixin.py:154} INFO - [2026-06-08T12:43:50.875+0000] {dag.py:3722} INFO - Setting next_dagrun for example_task_group_decorator to 2026-06-07T12:43:50.875644+00:00, run_after=2026-06-08T12:43:50.875644+00:00
[2026-06-08T12:43:50.928+0000] {processor.py:179} INFO - Processing /home/airflow/.local/lib/python3.8/site-packages/airflow/example_dags/example_task_group_decorator.py took 0.152 seconds
[2026-06-08T12:44:21.482+0000] {processor.py:157} INFO - Started process (PID=136) to work on /home/airflow/.local/lib/python3.8/site-packages/airflow/example_dags/example_task_group_decorator.py
[2026-06-08T12:44:21.484+0000] {processor.py:829} INFO - Processing file /home/airflow/.local/lib/python3.8/site-packages/airflow/example_dags/example_task_group_decorator.py for tasks to queue
[2026-06-08T12:44:21.485+0000] {logging_mixin.py:154} INFO - [2026-06-08T12:44:21.485+0000] {dagbag.py:536} INFO - Filling up the DagBag from /home/airflow/.local/lib/python3.8/site-packages/airflow/example_dags/example_task_group_decorator.py
[2026-06-08T12:44:21.509+0000] {processor.py:839} INFO - DAG(s) dict_keys(['example_task_group_decorator']) retrieved from /home/airflow/.local/lib/python3.8/site-packages/airflow/example_dags/example_task_group_decorator.py
[2026-06-08T12:44:21.546+0000] {logging_mixin.py:154} INFO - [2026-06-08T12:44:21.545+0000] {dag.py:2941} INFO - Sync 1 DAGs
[2026-06-08T12:44:21.581+0000] {logging_mixin.py:154} INFO - [2026-06-08T12:44:21.580+0000] {dag.py:3722} INFO - Setting next_dagrun for example_task_group_decorator to 2026-06-07T12:44:21.580403+00:00, run_after=2026-06-08T12:44:21.580403+00:00
[2026-06-08T12:44:21.624+0000] {processor.py:179} INFO - Processing /home/airflow/.local/lib/python3.8/site-packages/airflow/example_dags/example_task_group_decorator.py took 0.146 seconds
[2026-06-08T12:44:51.763+0000] {processor.py:157} INFO - Started process (PID=183) to work on /home/airflow/.local/lib/python3.8/site-packages/airflow/example_dags/example_task_group_decorator.py
[2026-06-08T12:44:51.764+0000] {processor.py:829} INFO - Processing file /home/airflow/.local/lib/python3.8/site-packages/airflow/example_dags/example_task_group_decorator.py for tasks to queue
[2026-06-08T12:44:51.766+0000] {logging_mixin.py:154} INFO - [2026-06-08T12:44:51.765+0000] {dagbag.py:536} INFO - Filling up the DagBag from /home/airflow/.local/lib/python3.8/site-packages/airflow/example_dags/example_task_group_decorator.py
[2026-06-08T12:44:51.790+0000] {processor.py:839} INFO - DAG(s) dict_keys(['example_task_group_decorator']) retrieved from /home/airflow/.local/lib/python3.8/site-packages/airflow/example_dags/example_task_group_decorator.py
[2026-06-08T12:44:51.843+0000] {logging_mixin.py:154} INFO - [2026-06-08T12:44:51.842+0000] {dag.py:2941} INFO - Sync 1 DAGs
[2026-06-08T12:44:51.878+0000] {logging_mixin.py:154} INFO - [2026-06-08T12:44:51.877+0000] {dag.py:3722} INFO - Setting next_dagrun for example_task_group_decorator to 2026-06-07T12:44:51.877336+00:00, run_after=2026-06-08T12:44:51.877336+00:00
[2026-06-08T12:44:51.911+0000] {processor.py:179} INFO - Processing /home/airflow/.local/lib/python3.8/site-packages/airflow/example_dags/example_task_group_decorator.py took 0.155 seconds
[2026-06-08T12:45:22.016+0000] {processor.py:157} INFO - Started process (PID=231) to work on /home/airflow/.local/lib/python3.8/site-packages/airflow/example_dags/example_task_group_decorator.py
[2026-06-08T12:45:22.036+0000] {processor.py:829} INFO - Processing file /home/airflow/.local/lib/python3.8/site-packages/airflow/example_dags/example_task_group_decorator.py for tasks to queue
[2026-06-08T12:45:22.037+0000] {logging_mixin.py:154} INFO - [2026-06-08T12:45:22.037+0000] {dagbag.py:536} INFO - Filling up the DagBag from /home/airflow/.local/lib/python3.8/site-packages/airflow/example_dags/example_task_group_decorator.py
[2026-06-08T12:45:22.172+0000] {processor.py:839} INFO - DAG(s) dict_keys(['example_task_group_decorator']) retrieved from /home/airflow/.local/lib/python3.8/site-packages/airflow/example_dags/example_task_group_decorator.py
[2026-06-08T12:45:22.253+0000] {logging_mixin.py:154} INFO - [2026-06-08T12:45:22.253+0000] {dag.py:2941} INFO - Sync 1 DAGs
[2026-06-08T12:45:22.358+0000] {logging_mixin.py:154} INFO - [2026-06-08T12:45:22.357+0000] {dag.py:3722} INFO - Setting next_dagrun for example_task_group_decorator to 2026-06-07T12:45:22.357451+00:00, run_after=2026-06-08T12:45:22.357451+00:00
[2026-06-08T12:45:22.464+0000] {processor.py:179} INFO - Processing /home/airflow/.local/lib/python3.8/site-packages/airflow/example_dags/example_task_group_decorator.py took 0.452 seconds
[2026-06-08T12:48:03.469+0000] {processor.py:157} INFO - Started process (PID=40) to work on /home/airflow/.local/lib/python3.8/site-packages/airflow/example_dags/example_task_group_decorator.py
[2026-06-08T12:48:03.482+0000] {processor.py:829} INFO - Processing file /home/airflow/.local/lib/python3.8/site-packages/airflow/example_dags/example_task_group_decorator.py for tasks to queue
[2026-06-08T12:48:03.496+0000] {logging_mixin.py:154} INFO - [2026-06-08T12:48:03.495+0000] {dagbag.py:536} INFO - Filling up the DagBag from /home/airflow/.local/lib/python3.8/site-packages/airflow/example_dags/example_task_group_decorator.py
[2026-06-08T12:48:03.723+0000] {processor.py:839} INFO - DAG(s) dict_keys(['example_task_group_decorator']) retrieved from /home/airflow/.local/lib/python3.8/site-packages/airflow/example_dags/example_task_group_decorator.py
[2026-06-08T12:48:03.838+0000] {logging_mixin.py:154} INFO - [2026-06-08T12:48:03.838+0000] {dag.py:2941} INFO - Sync 1 DAGs
[2026-06-08T12:48:04.053+0000] {logging_mixin.py:154} INFO - [2026-06-08T12:48:04.053+0000] {dag.py:3722} INFO - Setting next_dagrun for example_task_group_decorator to 2026-06-07T12:48:04.052713+00:00, run_after=2026-06-08T12:48:04.052713+00:00
[2026-06-08T12:48:04.199+0000] {processor.py:179} INFO - Processing /home/airflow/.local/lib/python3.8/site-packages/airflow/example_dags/example_task_group_decorator.py took 0.744 seconds
[2026-06-08T12:48:34.561+0000] {processor.py:157} INFO - Started process (PID=88) to work on /home/airflow/.local/lib/python3.8/site-packages/airflow/example_dags/example_task_group_decorator.py
[2026-06-08T12:48:34.576+0000] {processor.py:829} INFO - Processing file /home/airflow/.local/lib/python3.8/site-packages/airflow/example_dags/example_task_group_decorator.py for tasks to queue
[2026-06-08T12:48:34.581+0000] {logging_mixin.py:154} INFO - [2026-06-08T12:48:34.580+0000] {dagbag.py:536} INFO - Filling up the DagBag from /home/airflow/.local/lib/python3.8/site-packages/airflow/example_dags/example_task_group_decorator.py
[2026-06-08T12:48:34.637+0000] {processor.py:839} INFO - DAG(s) dict_keys(['example_task_group_decorator']) retrieved from /home/airflow/.local/lib/python3.8/site-packages/airflow/example_dags/example_task_group_decorator.py
[2026-06-08T12:48:34.708+0000] {logging_mixin.py:154} INFO - [2026-06-08T12:48:34.708+0000] {dag.py:2941} INFO - Sync 1 DAGs
[2026-06-08T12:48:34.747+0000] {logging_mixin.py:154} INFO - [2026-06-08T12:48:34.747+0000] {dag.py:3722} INFO - Setting next_dagrun for example_task_group_decorator to 2026-06-07T12:48:34.747041+00:00, run_after=2026-06-08T12:48:34.747041+00:00
[2026-06-08T12:48:34.822+0000] {processor.py:179} INFO - Processing /home/airflow/.local/lib/python3.8/site-packages/airflow/example_dags/example_task_group_decorator.py took 0.278 seconds
[2026-06-08T12:49:05.617+0000] {processor.py:157} INFO - Started process (PID=136) to work on /home/airflow/.local/lib/python3.8/site-packages/airflow/example_dags/example_task_group_decorator.py
[2026-06-08T12:49:05.621+0000] {processor.py:829} INFO - Processing file /home/airflow/.local/lib/python3.8/site-packages/airflow/example_dags/example_task_group_decorator.py for tasks to queue
[2026-06-08T12:49:05.632+0000] {logging_mixin.py:154} INFO - [2026-06-08T12:49:05.632+0000] {dagbag.py:536} INFO - Filling up the DagBag from /home/airflow/.local/lib/python3.8/site-packages/airflow/example_dags/example_task_group_decorator.py
[2026-06-08T12:49:05.668+0000] {processor.py:839} INFO - DAG(s) dict_keys(['example_task_group_decorator']) retrieved from /home/airflow/.local/lib/python3.8/site-packages/airflow/example_dags/example_task_group_decorator.py
[2026-06-08T12:49:05.712+0000] {logging_mixin.py:154} INFO - [2026-06-08T12:49:05.712+0000] {dag.py:2941} INFO - Sync 1 DAGs
[2026-06-08T12:49:05.747+0000] {logging_mixin.py:154} INFO - [2026-06-08T12:49:05.747+0000] {dag.py:3722} INFO - Setting next_dagrun for example_task_group_decorator to 2026-06-07T12:49:05.746654+00:00, run_after=2026-06-08T12:49:05.746654+00:00
[2026-06-08T12:49:05.791+0000] {processor.py:179} INFO - Processing /home/airflow/.local/lib/python3.8/site-packages/airflow/example_dags/example_task_group_decorator.py took 0.189 seconds
[2026-06-08T12:49:36.442+0000] {processor.py:157} INFO - Started process (PID=184) to work on /home/airflow/.local/lib/python3.8/site-packages/airflow/example_dags/example_task_group_decorator.py
[2026-06-08T12:49:36.443+0000] {processor.py:829} INFO - Processing file /home/airflow/.local/lib/python3.8/site-packages/airflow/example_dags/example_task_group_decorator.py for tasks to queue
[2026-06-08T12:49:36.446+0000] {logging_mixin.py:154} INFO - [2026-06-08T12:49:36.446+0000] {dagbag.py:536} INFO - Filling up the DagBag from /home/airflow/.local/lib/python3.8/site-packages/airflow/example_dags/example_task_group_decorator.py
[2026-06-08T12:49:36.475+0000] {processor.py:839} INFO - DAG(s) dict_keys(['example_task_group_decorator']) retrieved from /home/airflow/.local/lib/python3.8/site-packages/airflow/example_dags/example_task_group_decorator.py
[2026-06-08T12:49:36.515+0000] {logging_mixin.py:154} INFO - [2026-06-08T12:49:36.515+0000] {dag.py:2941} INFO - Sync 1 DAGs
[2026-06-08T12:49:36.547+0000] {logging_mixin.py:154} INFO - [2026-06-08T12:49:36.547+0000] {dag.py:3722} INFO - Setting next_dagrun for example_task_group_decorator to 2026-06-07T12:49:36.546668+00:00, run_after=2026-06-08T12:49:36.546668+00:00
[2026-06-08T12:49:36.572+0000] {processor.py:179} INFO - Processing /home/airflow/.local/lib/python3.8/site-packages/airflow/example_dags/example_task_group_decorator.py took 0.134 seconds
[2026-06-08T12:50:07.174+0000] {processor.py:157} INFO - Started process (PID=232) to work on /home/airflow/.local/lib/python3.8/site-packages/airflow/example_dags/example_task_group_decorator.py
[2026-06-08T12:50:07.201+0000] {processor.py:829} INFO - Processing file /home/airflow/.local/lib/python3.8/site-packages/airflow/example_dags/example_task_group_decorator.py for tasks to queue
[2026-06-08T12:50:07.204+0000] {logging_mixin.py:154} INFO - [2026-06-08T12:50:07.204+0000] {dagbag.py:536} INFO - Filling up the DagBag from /home/airflow/.local/lib/python3.8/site-packages/airflow/example_dags/example_task_group_decorator.py
[2026-06-08T12:50:07.227+0000] {processor.py:839} INFO - DAG(s) dict_keys(['example_task_group_decorator']) retrieved from /home/airflow/.local/lib/python3.8/site-packages/airflow/example_dags/example_task_group_decorator.py
[2026-06-08T12:50:07.266+0000] {logging_mixin.py:154} INFO - [2026-06-08T12:50:07.266+0000] {dag.py:2941} INFO - Sync 1 DAGs
[2026-06-08T12:50:07.317+0000] {logging_mixin.py:154} INFO - [2026-06-08T12:50:07.317+0000] {dag.py:3722} INFO - Setting next_dagrun for example_task_group_decorator to 2026-06-07T12:50:07.317115+00:00, run_after=2026-06-08T12:50:07.317115+00:00
[2026-06-08T12:50:07.391+0000] {processor.py:179} INFO - Processing /home/airflow/.local/lib/python3.8/site-packages/airflow/example_dags/example_task_group_decorator.py took 0.226 seconds
[2026-06-08T12:50:38.348+0000] {processor.py:157} INFO - Started process (PID=280) to work on /home/airflow/.local/lib/python3.8/site-packages/airflow/example_dags/example_task_group_decorator.py
[2026-06-08T12:50:38.358+0000] {processor.py:829} INFO - Processing file /home/airflow/.local/lib/python3.8/site-packages/airflow/example_dags/example_task_group_decorator.py for tasks to queue
[2026-06-08T12:50:38.361+0000] {logging_mixin.py:154} INFO - [2026-06-08T12:50:38.361+0000] {dagbag.py:536} INFO - Filling up the DagBag from /home/airflow/.local/lib/python3.8/site-packages/airflow/example_dags/example_task_group_decorator.py
[2026-06-08T12:50:38.395+0000] {processor.py:839} INFO - DAG(s) dict_keys(['example_task_group_decorator']) retrieved from /home/airflow/.local/lib/python3.8/site-packages/airflow/example_dags/example_task_group_decorator.py
[2026-06-08T12:50:38.434+0000] {logging_mixin.py:154} INFO - [2026-06-08T12:50:38.434+0000] {dag.py:2941} INFO - Sync 1 DAGs
[2026-06-08T12:50:38.467+0000] {logging_mixin.py:154} INFO - [2026-06-08T12:50:38.467+0000] {dag.py:3722} INFO - Setting next_dagrun for example_task_group_decorator to 2026-06-07T12:50:38.467107+00:00, run_after=2026-06-08T12:50:38.467107+00:00
[2026-06-08T12:50:38.508+0000] {processor.py:179} INFO - Processing /home/airflow/.local/lib/python3.8/site-packages/airflow/example_dags/example_task_group_decorator.py took 0.175 seconds
[2026-06-08T12:51:09.189+0000] {processor.py:157} INFO - Started process (PID=328) to work on /home/airflow/.local/lib/python3.8/site-packages/airflow/example_dags/example_task_group_decorator.py
[2026-06-08T12:51:09.198+0000] {processor.py:829} INFO - Processing file /home/airflow/.local/lib/python3.8/site-packages/airflow/example_dags/example_task_group_decorator.py for tasks to queue
[2026-06-08T12:51:09.201+0000] {logging_mixin.py:154} INFO - [2026-06-08T12:51:09.201+0000] {dagbag.py:536} INFO - Filling up the DagBag from /home/airflow/.local/lib/python3.8/site-packages/airflow/example_dags/example_task_group_decorator.py
[2026-06-08T12:51:09.332+0000] {processor.py:839} INFO - DAG(s) dict_keys(['example_task_group_decorator']) retrieved from /home/airflow/.local/lib/python3.8/site-packages/airflow/example_dags/example_task_group_decorator.py
[2026-06-08T12:51:09.506+0000] {logging_mixin.py:154} INFO - [2026-06-08T12:51:09.506+0000] {dag.py:2941} INFO - Sync 1 DAGs
[2026-06-08T12:51:09.692+0000] {logging_mixin.py:154} INFO - [2026-06-08T12:51:09.692+0000] {dag.py:3722} INFO - Setting next_dagrun for example_task_group_decorator to 2026-06-07T12:51:09.691750+00:00, run_after=2026-06-08T12:51:09.691750+00:00
[2026-06-08T12:51:09.846+0000] {processor.py:179} INFO - Processing /home/airflow/.local/lib/python3.8/site-packages/airflow/example_dags/example_task_group_decorator.py took 0.674 seconds
[2026-06-08T12:51:40.132+0000] {processor.py:157} INFO - Started process (PID=375) to work on /home/airflow/.local/lib/python3.8/site-packages/airflow/example_dags/example_task_group_decorator.py
[2026-06-08T12:51:40.134+0000] {processor.py:829} INFO - Processing file /home/airflow/.local/lib/python3.8/site-packages/airflow/example_dags/example_task_group_decorator.py for tasks to queue
[2026-06-08T12:51:40.137+0000] {logging_mixin.py:154} INFO - [2026-06-08T12:51:40.136+0000] {dagbag.py:536} INFO - Filling up the DagBag from /home/airflow/.local/lib/python3.8/site-packages/airflow/example_dags/example_task_group_decorator.py
[2026-06-08T12:51:40.152+0000] {processor.py:839} INFO - DAG(s) dict_keys(['example_task_group_decorator']) retrieved from /home/airflow/.local/lib/python3.8/site-packages/airflow/example_dags/example_task_group_decorator.py
[2026-06-08T12:51:40.186+0000] {logging_mixin.py:154} INFO - [2026-06-08T12:51:40.186+0000] {dag.py:2941} INFO - Sync 1 DAGs
[2026-06-08T12:51:40.211+0000] {logging_mixin.py:154} INFO - [2026-06-08T12:51:40.211+0000] {dag.py:3722} INFO - Setting next_dagrun for example_task_group_decorator to 2026-06-07T12:51:40.210912+00:00, run_after=2026-06-08T12:51:40.210912+00:00
[2026-06-08T12:51:40.235+0000] {processor.py:179} INFO - Processing /home/airflow/.local/lib/python3.8/site-packages/airflow/example_dags/example_task_group_decorator.py took 0.107 seconds
[2026-06-08T12:52:10.618+0000] {processor.py:157} INFO - Started process (PID=423) to work on /home/airflow/.local/lib/python3.8/site-packages/airflow/example_dags/example_task_group_decorator.py
[2026-06-08T12:52:10.620+0000] {processor.py:829} INFO - Processing file /home/airflow/.local/lib/python3.8/site-packages/airflow/example_dags/example_task_group_decorator.py for tasks to queue
[2026-06-08T12:52:10.634+0000] {logging_mixin.py:154} INFO - [2026-06-08T12:52:10.634+0000] {dagbag.py:536} INFO - Filling up the DagBag from /home/airflow/.local/lib/python3.8/site-packages/airflow/example_dags/example_task_group_decorator.py
[2026-06-08T12:52:10.681+0000] {processor.py:839} INFO - DAG(s) dict_keys(['example_task_group_decorator']) retrieved from /home/airflow/.local/lib/python3.8/site-packages/airflow/example_dags/example_task_group_decorator.py
[2026-06-08T12:52:10.729+0000] {logging_mixin.py:154} INFO - [2026-06-08T12:52:10.728+0000] {dag.py:2941} INFO - Sync 1 DAGs
[2026-06-08T12:52:10.775+0000] {logging_mixin.py:154} INFO - [2026-06-08T12:52:10.775+0000] {dag.py:3722} INFO - Setting next_dagrun for example_task_group_decorator to 2026-06-07T12:52:10.774900+00:00, run_after=2026-06-08T12:52:10.774900+00:00
[2026-06-08T12:52:10.824+0000] {processor.py:179} INFO - Processing /home/airflow/.local/lib/python3.8/site-packages/airflow/example_dags/example_task_group_decorator.py took 0.212 seconds
[2026-06-08T12:52:40.916+0000] {processor.py:157} INFO - Started process (PID=471) to work on /home/airflow/.local/lib/python3.8/site-packages/airflow/example_dags/example_task_group_decorator.py
[2026-06-08T12:52:40.919+0000] {processor.py:829} INFO - Processing file /home/airflow/.local/lib/python3.8/site-packages/airflow/example_dags/example_task_group_decorator.py for tasks to queue
[2026-06-08T12:52:40.922+0000] {logging_mixin.py:154} INFO - [2026-06-08T12:52:40.922+0000] {dagbag.py:536} INFO - Filling up the DagBag from /home/airflow/.local/lib/python3.8/site-packages/airflow/example_dags/example_task_group_decorator.py
[2026-06-08T12:52:40.939+0000] {processor.py:839} INFO - DAG(s) dict_keys(['example_task_group_decorator']) retrieved from /home/airflow/.local/lib/python3.8/site-packages/airflow/example_dags/example_task_group_decorator.py
[2026-06-08T12:52:40.973+0000] {logging_mixin.py:154} INFO - [2026-06-08T12:52:40.973+0000] {dag.py:2941} INFO - Sync 1 DAGs
[2026-06-08T12:52:40.999+0000] {logging_mixin.py:154} INFO - [2026-06-08T12:52:40.999+0000] {dag.py:3722} INFO - Setting next_dagrun for example_task_group_decorator to 2026-06-07T12:52:40.999213+00:00, run_after=2026-06-08T12:52:40.999213+00:00
[2026-06-08T12:52:41.019+0000] {processor.py:179} INFO - Processing /home/airflow/.local/lib/python3.8/site-packages/airflow/example_dags/example_task_group_decorator.py took 0.108 seconds
[2026-06-08T12:53:16.125+0000] {processor.py:157} INFO - Started process (PID=519) to work on /home/airflow/.local/lib/python3.8/site-packages/airflow/example_dags/example_task_group_decorator.py
[2026-06-08T12:53:16.138+0000] {processor.py:829} INFO - Processing file /home/airflow/.local/lib/python3.8/site-packages/airflow/example_dags/example_task_group_decorator.py for tasks to queue
[2026-06-08T12:53:16.143+0000] {logging_mixin.py:154} INFO - [2026-06-08T12:53:16.142+0000] {dagbag.py:536} INFO - Filling up the DagBag from /home/airflow/.local/lib/python3.8/site-packages/airflow/example_dags/example_task_group_decorator.py
[2026-06-08T12:53:16.259+0000] {processor.py:839} INFO - DAG(s) dict_keys(['example_task_group_decorator']) retrieved from /home/airflow/.local/lib/python3.8/site-packages/airflow/example_dags/example_task_group_decorator.py
[2026-06-08T12:53:16.431+0000] {logging_mixin.py:154} INFO - [2026-06-08T12:53:16.430+0000] {dag.py:2941} INFO - Sync 1 DAGs
[2026-06-08T12:53:16.592+0000] {logging_mixin.py:154} INFO - [2026-06-08T12:53:16.592+0000] {dag.py:3722} INFO - Setting next_dagrun for example_task_group_decorator to 2026-06-07T12:53:16.591844+00:00, run_after=2026-06-08T12:53:16.591844+00:00
[2026-06-08T12:53:16.726+0000] {processor.py:179} INFO - Processing /home/airflow/.local/lib/python3.8/site-packages/airflow/example_dags/example_task_group_decorator.py took 0.606 seconds
[2026-06-08T12:53:47.398+0000] {processor.py:157} INFO - Started process (PID=565) to work on /home/airflow/.local/lib/python3.8/site-packages/airflow/example_dags/example_task_group_decorator.py
[2026-06-08T12:53:47.427+0000] {processor.py:829} INFO - Processing file /home/airflow/.local/lib/python3.8/site-packages/airflow/example_dags/example_task_group_decorator.py for tasks to queue
[2026-06-08T12:53:47.439+0000] {logging_mixin.py:154} INFO - [2026-06-08T12:53:47.438+0000] {dagbag.py:536} INFO - Filling up the DagBag from /home/airflow/.local/lib/python3.8/site-packages/airflow/example_dags/example_task_group_decorator.py
[2026-06-08T12:53:47.535+0000] {processor.py:839} INFO - DAG(s) dict_keys(['example_task_group_decorator']) retrieved from /home/airflow/.local/lib/python3.8/site-packages/airflow/example_dags/example_task_group_decorator.py
[2026-06-08T12:53:47.594+0000] {logging_mixin.py:154} INFO - [2026-06-08T12:53:47.592+0000] {dag.py:2941} INFO - Sync 1 DAGs
[2026-06-08T12:53:47.736+0000] {logging_mixin.py:154} INFO - [2026-06-08T12:53:47.736+0000] {dag.py:3722} INFO - Setting next_dagrun for example_task_group_decorator to 2026-06-07T12:53:47.736143+00:00, run_after=2026-06-08T12:53:47.736143+00:00
[2026-06-08T12:53:47.987+0000] {processor.py:179} INFO - Processing /home/airflow/.local/lib/python3.8/site-packages/airflow/example_dags/example_task_group_decorator.py took 0.598 seconds
[2026-06-08T12:54:18.332+0000] {processor.py:157} INFO - Started process (PID=613) to work on /home/airflow/.local/lib/python3.8/site-packages/airflow/example_dags/example_task_group_decorator.py
[2026-06-08T12:54:18.336+0000] {processor.py:829} INFO - Processing file /home/airflow/.local/lib/python3.8/site-packages/airflow/example_dags/example_task_group_decorator.py for tasks to queue
[2026-06-08T12:54:18.344+0000] {logging_mixin.py:154} INFO - [2026-06-08T12:54:18.343+0000] {dagbag.py:536} INFO - Filling up the DagBag from /home/airflow/.local/lib/python3.8/site-packages/airflow/example_dags/example_task_group_decorator.py
[2026-06-08T12:54:18.367+0000] {processor.py:839} INFO - DAG(s) dict_keys(['example_task_group_decorator']) retrieved from /home/airflow/.local/lib/python3.8/site-packages/airflow/example_dags/example_task_group_decorator.py
[2026-06-08T12:54:18.412+0000] {logging_mixin.py:154} INFO - [2026-06-08T12:54:18.412+0000] {dag.py:2941} INFO - Sync 1 DAGs
[2026-06-08T12:54:18.466+0000] {logging_mixin.py:154} INFO - [2026-06-08T12:54:18.466+0000] {dag.py:3722} INFO - Setting next_dagrun for example_task_group_decorator to 2026-06-07T12:54:18.465824+00:00, run_after=2026-06-08T12:54:18.465824+00:00
[2026-06-08T12:54:18.496+0000] {processor.py:179} INFO - Processing /home/airflow/.local/lib/python3.8/site-packages/airflow/example_dags/example_task_group_decorator.py took 0.168 seconds
[2026-06-08T13:00:10.735+0000] {processor.py:157} INFO - Started process (PID=41) to work on /home/airflow/.local/lib/python3.8/site-packages/airflow/example_dags/example_task_group_decorator.py
[2026-06-08T13:00:10.755+0000] {processor.py:829} INFO - Processing file /home/airflow/.local/lib/python3.8/site-packages/airflow/example_dags/example_task_group_decorator.py for tasks to queue
[2026-06-08T13:00:10.778+0000] {logging_mixin.py:154} INFO - [2026-06-08T13:00:10.778+0000] {dagbag.py:536} INFO - Filling up the DagBag from /home/airflow/.local/lib/python3.8/site-packages/airflow/example_dags/example_task_group_decorator.py
[2026-06-08T13:00:10.901+0000] {processor.py:839} INFO - DAG(s) dict_keys(['example_task_group_decorator']) retrieved from /home/airflow/.local/lib/python3.8/site-packages/airflow/example_dags/example_task_group_decorator.py
[2026-06-08T13:00:11.138+0000] {logging_mixin.py:154} INFO - [2026-06-08T13:00:11.138+0000] {dag.py:2941} INFO - Sync 1 DAGs
[2026-06-08T13:00:11.285+0000] {logging_mixin.py:154} INFO - [2026-06-08T13:00:11.285+0000] {dag.py:3722} INFO - Setting next_dagrun for example_task_group_decorator to 2026-06-07T13:00:11.284845+00:00, run_after=2026-06-08T13:00:11.284845+00:00
[2026-06-08T13:00:11.390+0000] {processor.py:179} INFO - Processing /home/airflow/.local/lib/python3.8/site-packages/airflow/example_dags/example_task_group_decorator.py took 0.688 seconds
[2026-06-08T13:00:41.865+0000] {processor.py:157} INFO - Started process (PID=89) to work on /home/airflow/.local/lib/python3.8/site-packages/airflow/example_dags/example_task_group_decorator.py
[2026-06-08T13:00:41.881+0000] {processor.py:829} INFO - Processing file /home/airflow/.local/lib/python3.8/site-packages/airflow/example_dags/example_task_group_decorator.py for tasks to queue
[2026-06-08T13:00:41.904+0000] {logging_mixin.py:154} INFO - [2026-06-08T13:00:41.904+0000] {dagbag.py:536} INFO - Filling up the DagBag from /home/airflow/.local/lib/python3.8/site-packages/airflow/example_dags/example_task_group_decorator.py
[2026-06-08T13:00:42.117+0000] {processor.py:839} INFO - DAG(s) dict_keys(['example_task_group_decorator']) retrieved from /home/airflow/.local/lib/python3.8/site-packages/airflow/example_dags/example_task_group_decorator.py
[2026-06-08T13:00:42.281+0000] {logging_mixin.py:154} INFO - [2026-06-08T13:00:42.281+0000] {dag.py:2941} INFO - Sync 1 DAGs
[2026-06-08T13:00:42.382+0000] {logging_mixin.py:154} INFO - [2026-06-08T13:00:42.382+0000] {dag.py:3722} INFO - Setting next_dagrun for example_task_group_decorator to 2026-06-07T13:00:42.382163+00:00, run_after=2026-06-08T13:00:42.382163+00:00
[2026-06-08T13:00:42.454+0000] {processor.py:179} INFO - Processing /home/airflow/.local/lib/python3.8/site-packages/airflow/example_dags/example_task_group_decorator.py took 0.603 seconds
[2026-06-08T13:01:12.983+0000] {processor.py:157} INFO - Started process (PID=136) to work on /home/airflow/.local/lib/python3.8/site-packages/airflow/example_dags/example_task_group_decorator.py
[2026-06-08T13:01:12.985+0000] {processor.py:829} INFO - Processing file /home/airflow/.local/lib/python3.8/site-packages/airflow/example_dags/example_task_group_decorator.py for tasks to queue
[2026-06-08T13:01:12.988+0000] {logging_mixin.py:154} INFO - [2026-06-08T13:01:12.988+0000] {dagbag.py:536} INFO - Filling up the DagBag from /home/airflow/.local/lib/python3.8/site-packages/airflow/example_dags/example_task_group_decorator.py
[2026-06-08T13:01:13.011+0000] {processor.py:839} INFO - DAG(s) dict_keys(['example_task_group_decorator']) retrieved from /home/airflow/.local/lib/python3.8/site-packages/airflow/example_dags/example_task_group_decorator.py
[2026-06-08T13:01:13.048+0000] {logging_mixin.py:154} INFO - [2026-06-08T13:01:13.047+0000] {dag.py:2941} INFO - Sync 1 DAGs
[2026-06-08T13:01:13.086+0000] {logging_mixin.py:154} INFO - [2026-06-08T13:01:13.086+0000] {dag.py:3722} INFO - Setting next_dagrun for example_task_group_decorator to 2026-06-07T13:01:13.086079+00:00, run_after=2026-06-08T13:01:13.086079+00:00
[2026-06-08T13:01:13.109+0000] {processor.py:179} INFO - Processing /home/airflow/.local/lib/python3.8/site-packages/airflow/example_dags/example_task_group_decorator.py took 0.131 seconds
[2026-06-08T13:01:43.248+0000] {processor.py:157} INFO - Started process (PID=184) to work on /home/airflow/.local/lib/python3.8/site-packages/airflow/example_dags/example_task_group_decorator.py
[2026-06-08T13:01:43.250+0000] {processor.py:829} INFO - Processing file /home/airflow/.local/lib/python3.8/site-packages/airflow/example_dags/example_task_group_decorator.py for tasks to queue
[2026-06-08T13:01:43.253+0000] {logging_mixin.py:154} INFO - [2026-06-08T13:01:43.252+0000] {dagbag.py:536} INFO - Filling up the DagBag from /home/airflow/.local/lib/python3.8/site-packages/airflow/example_dags/example_task_group_decorator.py
[2026-06-08T13:01:43.300+0000] {processor.py:839} INFO - DAG(s) dict_keys(['example_task_group_decorator']) retrieved from /home/airflow/.local/lib/python3.8/site-packages/airflow/example_dags/example_task_group_decorator.py
[2026-06-08T13:01:43.336+0000] {logging_mixin.py:154} INFO - [2026-06-08T13:01:43.335+0000] {dag.py:2941} INFO - Sync 1 DAGs
[2026-06-08T13:01:43.368+0000] {logging_mixin.py:154} INFO - [2026-06-08T13:01:43.368+0000] {dag.py:3722} INFO - Setting next_dagrun for example_task_group_decorator to 2026-06-07T13:01:43.367976+00:00, run_after=2026-06-08T13:01:43.367976+00:00
[2026-06-08T13:01:43.398+0000] {processor.py:179} INFO - Processing /home/airflow/.local/lib/python3.8/site-packages/airflow/example_dags/example_task_group_decorator.py took 0.156 seconds
[2026-06-08T13:02:13.710+0000] {processor.py:157} INFO - Started process (PID=232) to work on /home/airflow/.local/lib/python3.8/site-packages/airflow/example_dags/example_task_group_decorator.py
[2026-06-08T13:02:13.712+0000] {processor.py:829} INFO - Processing file /home/airflow/.local/lib/python3.8/site-packages/airflow/example_dags/example_task_group_decorator.py for tasks to queue
[2026-06-08T13:02:13.715+0000] {logging_mixin.py:154} INFO - [2026-06-08T13:02:13.715+0000] {dagbag.py:536} INFO - Filling up the DagBag from /home/airflow/.local/lib/python3.8/site-packages/airflow/example_dags/example_task_group_decorator.py
[2026-06-08T13:02:13.739+0000] {processor.py:839} INFO - DAG(s) dict_keys(['example_task_group_decorator']) retrieved from /home/airflow/.local/lib/python3.8/site-packages/airflow/example_dags/example_task_group_decorator.py
[2026-06-08T13:02:13.779+0000] {logging_mixin.py:154} INFO - [2026-06-08T13:02:13.778+0000] {dag.py:2941} INFO - Sync 1 DAGs
[2026-06-08T13:02:13.814+0000] {logging_mixin.py:154} INFO - [2026-06-08T13:02:13.814+0000] {dag.py:3722} INFO - Setting next_dagrun for example_task_group_decorator to 2026-06-07T13:02:13.814113+00:00, run_after=2026-06-08T13:02:13.814113+00:00
[2026-06-08T13:02:13.841+0000] {processor.py:179} INFO - Processing /home/airflow/.local/lib/python3.8/site-packages/airflow/example_dags/example_task_group_decorator.py took 0.135 seconds
[2026-06-08T13:02:44.268+0000] {processor.py:157} INFO - Started process (PID=280) to work on /home/airflow/.local/lib/python3.8/site-packages/airflow/example_dags/example_task_group_decorator.py
[2026-06-08T13:02:44.269+0000] {processor.py:829} INFO - Processing file /home/airflow/.local/lib/python3.8/site-packages/airflow/example_dags/example_task_group_decorator.py for tasks to queue
[2026-06-08T13:02:44.274+0000] {logging_mixin.py:154} INFO - [2026-06-08T13:02:44.274+0000] {dagbag.py:536} INFO - Filling up the DagBag from /home/airflow/.local/lib/python3.8/site-packages/airflow/example_dags/example_task_group_decorator.py
[2026-06-08T13:02:44.298+0000] {processor.py:839} INFO - DAG(s) dict_keys(['example_task_group_decorator']) retrieved from /home/airflow/.local/lib/python3.8/site-packages/airflow/example_dags/example_task_group_decorator.py
[2026-06-08T13:02:44.338+0000] {logging_mixin.py:154} INFO - [2026-06-08T13:02:44.338+0000] {dag.py:2941} INFO - Sync 1 DAGs
[2026-06-08T13:02:44.372+0000] {logging_mixin.py:154} INFO - [2026-06-08T13:02:44.372+0000] {dag.py:3722} INFO - Setting next_dagrun for example_task_group_decorator to 2026-06-07T13:02:44.372087+00:00, run_after=2026-06-08T13:02:44.372087+00:00
[2026-06-08T13:02:44.397+0000] {processor.py:179} INFO - Processing /home/airflow/.local/lib/python3.8/site-packages/airflow/example_dags/example_task_group_decorator.py took 0.133 seconds
[2026-06-08T13:03:15.102+0000] {processor.py:157} INFO - Started process (PID=328) to work on /home/airflow/.local/lib/python3.8/site-packages/airflow/example_dags/example_task_group_decorator.py
[2026-06-08T13:03:15.113+0000] {processor.py:829} INFO - Processing file /home/airflow/.local/lib/python3.8/site-packages/airflow/example_dags/example_task_group_decorator.py for tasks to queue
[2026-06-08T13:03:15.122+0000] {logging_mixin.py:154} INFO - [2026-06-08T13:03:15.122+0000] {dagbag.py:536} INFO - Filling up the DagBag from /home/airflow/.local/lib/python3.8/site-packages/airflow/example_dags/example_task_group_decorator.py
[2026-06-08T13:03:15.309+0000] {processor.py:839} INFO - DAG(s) dict_keys(['example_task_group_decorator']) retrieved from /home/airflow/.local/lib/python3.8/site-packages/airflow/example_dags/example_task_group_decorator.py
[2026-06-08T13:03:15.466+0000] {logging_mixin.py:154} INFO - [2026-06-08T13:03:15.466+0000] {dag.py:2941} INFO - Sync 1 DAGs
[2026-06-08T13:03:15.604+0000] {logging_mixin.py:154} INFO - [2026-06-08T13:03:15.604+0000] {dag.py:3722} INFO - Setting next_dagrun for example_task_group_decorator to 2026-06-07T13:03:15.603751+00:00, run_after=2026-06-08T13:03:15.603751+00:00
[2026-06-08T13:03:15.706+0000] {processor.py:179} INFO - Processing /home/airflow/.local/lib/python3.8/site-packages/airflow/example_dags/example_task_group_decorator.py took 0.636 seconds
[2026-06-08T13:03:45.810+0000] {processor.py:157} INFO - Started process (PID=376) to work on /home/airflow/.local/lib/python3.8/site-packages/airflow/example_dags/example_task_group_decorator.py
[2026-06-08T13:03:45.811+0000] {processor.py:829} INFO - Processing file /home/airflow/.local/lib/python3.8/site-packages/airflow/example_dags/example_task_group_decorator.py for tasks to queue
[2026-06-08T13:03:45.813+0000] {logging_mixin.py:154} INFO - [2026-06-08T13:03:45.813+0000] {dagbag.py:536} INFO - Filling up the DagBag from /home/airflow/.local/lib/python3.8/site-packages/airflow/example_dags/example_task_group_decorator.py
[2026-06-08T13:03:45.830+0000] {processor.py:839} INFO - DAG(s) dict_keys(['example_task_group_decorator']) retrieved from /home/airflow/.local/lib/python3.8/site-packages/airflow/example_dags/example_task_group_decorator.py
[2026-06-08T13:03:45.870+0000] {logging_mixin.py:154} INFO - [2026-06-08T13:03:45.869+0000] {dag.py:2941} INFO - Sync 1 DAGs
[2026-06-08T13:03:45.894+0000] {logging_mixin.py:154} INFO - [2026-06-08T13:03:45.893+0000] {dag.py:3722} INFO - Setting next_dagrun for example_task_group_decorator to 2026-06-07T13:03:45.893631+00:00, run_after=2026-06-08T13:03:45.893631+00:00
[2026-06-08T13:03:45.913+0000] {processor.py:179} INFO - Processing /home/airflow/.local/lib/python3.8/site-packages/airflow/example_dags/example_task_group_decorator.py took 0.107 seconds
[2026-06-08T13:10:56.679+0000] {processor.py:157} INFO - Started process (PID=39) to work on /home/airflow/.local/lib/python3.8/site-packages/airflow/example_dags/example_task_group_decorator.py
[2026-06-08T13:10:56.682+0000] {processor.py:829} INFO - Processing file /home/airflow/.local/lib/python3.8/site-packages/airflow/example_dags/example_task_group_decorator.py for tasks to queue
[2026-06-08T13:10:56.685+0000] {logging_mixin.py:154} INFO - [2026-06-08T13:10:56.684+0000] {dagbag.py:536} INFO - Filling up the DagBag from /home/airflow/.local/lib/python3.8/site-packages/airflow/example_dags/example_task_group_decorator.py
[2026-06-08T13:10:56.751+0000] {processor.py:839} INFO - DAG(s) dict_keys(['example_task_group_decorator']) retrieved from /home/airflow/.local/lib/python3.8/site-packages/airflow/example_dags/example_task_group_decorator.py
[2026-06-08T13:10:56.884+0000] {logging_mixin.py:154} INFO - [2026-06-08T13:10:56.883+0000] {dag.py:2941} INFO - Sync 1 DAGs
[2026-06-08T13:10:57.023+0000] {logging_mixin.py:154} INFO - [2026-06-08T13:10:57.023+0000] {dag.py:3722} INFO - Setting next_dagrun for example_task_group_decorator to 2026-06-07T13:10:57.022828+00:00, run_after=2026-06-08T13:10:57.022828+00:00
[2026-06-08T13:10:57.110+0000] {processor.py:179} INFO - Processing /home/airflow/.local/lib/python3.8/site-packages/airflow/example_dags/example_task_group_decorator.py took 0.458 seconds
[2026-06-08T13:11:27.431+0000] {processor.py:157} INFO - Started process (PID=87) to work on /home/airflow/.local/lib/python3.8/site-packages/airflow/example_dags/example_task_group_decorator.py
[2026-06-08T13:11:27.433+0000] {processor.py:829} INFO - Processing file /home/airflow/.local/lib/python3.8/site-packages/airflow/example_dags/example_task_group_decorator.py for tasks to queue
[2026-06-08T13:11:27.438+0000] {logging_mixin.py:154} INFO - [2026-06-08T13:11:27.437+0000] {dagbag.py:536} INFO - Filling up the DagBag from /home/airflow/.local/lib/python3.8/site-packages/airflow/example_dags/example_task_group_decorator.py
[2026-06-08T13:11:27.488+0000] {processor.py:839} INFO - DAG(s) dict_keys(['example_task_group_decorator']) retrieved from /home/airflow/.local/lib/python3.8/site-packages/airflow/example_dags/example_task_group_decorator.py
[2026-06-08T13:11:27.544+0000] {logging_mixin.py:154} INFO - [2026-06-08T13:11:27.543+0000] {dag.py:2941} INFO - Sync 1 DAGs
[2026-06-08T13:11:27.611+0000] {logging_mixin.py:154} INFO - [2026-06-08T13:11:27.611+0000] {dag.py:3722} INFO - Setting next_dagrun for example_task_group_decorator to 2026-06-07T13:11:27.610560+00:00, run_after=2026-06-08T13:11:27.610560+00:00
[2026-06-08T13:11:27.683+0000] {processor.py:179} INFO - Processing /home/airflow/.local/lib/python3.8/site-packages/airflow/example_dags/example_task_group_decorator.py took 0.257 seconds
[2026-06-08T13:11:58.008+0000] {processor.py:157} INFO - Started process (PID=135) to work on /home/airflow/.local/lib/python3.8/site-packages/airflow/example_dags/example_task_group_decorator.py
[2026-06-08T13:11:58.010+0000] {processor.py:829} INFO - Processing file /home/airflow/.local/lib/python3.8/site-packages/airflow/example_dags/example_task_group_decorator.py for tasks to queue
[2026-06-08T13:11:58.012+0000] {logging_mixin.py:154} INFO - [2026-06-08T13:11:58.012+0000] {dagbag.py:536} INFO - Filling up the DagBag from /home/airflow/.local/lib/python3.8/site-packages/airflow/example_dags/example_task_group_decorator.py
[2026-06-08T13:11:58.030+0000] {processor.py:839} INFO - DAG(s) dict_keys(['example_task_group_decorator']) retrieved from /home/airflow/.local/lib/python3.8/site-packages/airflow/example_dags/example_task_group_decorator.py
[2026-06-08T13:11:58.059+0000] {logging_mixin.py:154} INFO - [2026-06-08T13:11:58.059+0000] {dag.py:2941} INFO - Sync 1 DAGs
[2026-06-08T13:11:58.084+0000] {logging_mixin.py:154} INFO - [2026-06-08T13:11:58.084+0000] {dag.py:3722} INFO - Setting next_dagrun for example_task_group_decorator to 2026-06-07T13:11:58.083807+00:00, run_after=2026-06-08T13:11:58.083807+00:00
[2026-06-08T13:11:58.118+0000] {processor.py:179} INFO - Processing /home/airflow/.local/lib/python3.8/site-packages/airflow/example_dags/example_task_group_decorator.py took 0.113 seconds
[2026-06-08T13:12:28.309+0000] {processor.py:157} INFO - Started process (PID=183) to work on /home/airflow/.local/lib/python3.8/site-packages/airflow/example_dags/example_task_group_decorator.py
[2026-06-08T13:12:28.318+0000] {processor.py:829} INFO - Processing file /home/airflow/.local/lib/python3.8/site-packages/airflow/example_dags/example_task_group_decorator.py for tasks to queue
[2026-06-08T13:12:28.322+0000] {logging_mixin.py:154} INFO - [2026-06-08T13:12:28.322+0000] {dagbag.py:536} INFO - Filling up the DagBag from /home/airflow/.local/lib/python3.8/site-packages/airflow/example_dags/example_task_group_decorator.py
[2026-06-08T13:12:28.348+0000] {processor.py:839} INFO - DAG(s) dict_keys(['example_task_group_decorator']) retrieved from /home/airflow/.local/lib/python3.8/site-packages/airflow/example_dags/example_task_group_decorator.py
[2026-06-08T13:12:28.407+0000] {logging_mixin.py:154} INFO - [2026-06-08T13:12:28.407+0000] {dag.py:2941} INFO - Sync 1 DAGs
[2026-06-08T13:12:28.444+0000] {logging_mixin.py:154} INFO - [2026-06-08T13:12:28.443+0000] {dag.py:3722} INFO - Setting next_dagrun for example_task_group_decorator to 2026-06-07T13:12:28.443441+00:00, run_after=2026-06-08T13:12:28.443441+00:00
[2026-06-08T13:12:28.498+0000] {processor.py:179} INFO - Processing /home/airflow/.local/lib/python3.8/site-packages/airflow/example_dags/example_task_group_decorator.py took 0.194 seconds
[2026-06-08T13:12:59.347+0000] {processor.py:157} INFO - Started process (PID=231) to work on /home/airflow/.local/lib/python3.8/site-packages/airflow/example_dags/example_task_group_decorator.py
[2026-06-08T13:12:59.355+0000] {processor.py:829} INFO - Processing file /home/airflow/.local/lib/python3.8/site-packages/airflow/example_dags/example_task_group_decorator.py for tasks to queue
[2026-06-08T13:12:59.359+0000] {logging_mixin.py:154} INFO - [2026-06-08T13:12:59.359+0000] {dagbag.py:536} INFO - Filling up the DagBag from /home/airflow/.local/lib/python3.8/site-packages/airflow/example_dags/example_task_group_decorator.py
[2026-06-08T13:12:59.383+0000] {processor.py:839} INFO - DAG(s) dict_keys(['example_task_group_decorator']) retrieved from /home/airflow/.local/lib/python3.8/site-packages/airflow/example_dags/example_task_group_decorator.py
[2026-06-08T13:12:59.421+0000] {logging_mixin.py:154} INFO - [2026-06-08T13:12:59.421+0000] {dag.py:2941} INFO - Sync 1 DAGs
[2026-06-08T13:12:59.455+0000] {logging_mixin.py:154} INFO - [2026-06-08T13:12:59.455+0000] {dag.py:3722} INFO - Setting next_dagrun for example_task_group_decorator to 2026-06-07T13:12:59.454832+00:00, run_after=2026-06-08T13:12:59.454832+00:00
[2026-06-08T13:12:59.485+0000] {processor.py:179} INFO - Processing /home/airflow/.local/lib/python3.8/site-packages/airflow/example_dags/example_task_group_decorator.py took 0.151 seconds
[2026-06-08T13:13:29.676+0000] {processor.py:157} INFO - Started process (PID=278) to work on /home/airflow/.local/lib/python3.8/site-packages/airflow/example_dags/example_task_group_decorator.py
[2026-06-08T13:13:29.678+0000] {processor.py:829} INFO - Processing file /home/airflow/.local/lib/python3.8/site-packages/airflow/example_dags/example_task_group_decorator.py for tasks to queue
[2026-06-08T13:13:29.681+0000] {logging_mixin.py:154} INFO - [2026-06-08T13:13:29.681+0000] {dagbag.py:536} INFO - Filling up the DagBag from /home/airflow/.local/lib/python3.8/site-packages/airflow/example_dags/example_task_group_decorator.py
[2026-06-08T13:13:29.729+0000] {processor.py:839} INFO - DAG(s) dict_keys(['example_task_group_decorator']) retrieved from /home/airflow/.local/lib/python3.8/site-packages/airflow/example_dags/example_task_group_decorator.py
[2026-06-08T13:13:29.767+0000] {logging_mixin.py:154} INFO - [2026-06-08T13:13:29.767+0000] {dag.py:2941} INFO - Sync 1 DAGs
[2026-06-08T13:13:29.800+0000] {logging_mixin.py:154} INFO - [2026-06-08T13:13:29.800+0000] {dag.py:3722} INFO - Setting next_dagrun for example_task_group_decorator to 2026-06-07T13:13:29.799945+00:00, run_after=2026-06-08T13:13:29.799945+00:00
[2026-06-08T13:13:29.871+0000] {processor.py:179} INFO - Processing /home/airflow/.local/lib/python3.8/site-packages/airflow/example_dags/example_task_group_decorator.py took 0.205 seconds
[2026-06-08T13:14:00.239+0000] {processor.py:157} INFO - Started process (PID=326) to work on /home/airflow/.local/lib/python3.8/site-packages/airflow/example_dags/example_task_group_decorator.py
[2026-06-08T13:14:00.242+0000] {processor.py:829} INFO - Processing file /home/airflow/.local/lib/python3.8/site-packages/airflow/example_dags/example_task_group_decorator.py for tasks to queue
[2026-06-08T13:14:00.244+0000] {logging_mixin.py:154} INFO - [2026-06-08T13:14:00.244+0000] {dagbag.py:536} INFO - Filling up the DagBag from /home/airflow/.local/lib/python3.8/site-packages/airflow/example_dags/example_task_group_decorator.py
[2026-06-08T13:14:00.260+0000] {processor.py:839} INFO - DAG(s) dict_keys(['example_task_group_decorator']) retrieved from /home/airflow/.local/lib/python3.8/site-packages/airflow/example_dags/example_task_group_decorator.py
[2026-06-08T13:14:00.289+0000] {logging_mixin.py:154} INFO - [2026-06-08T13:14:00.288+0000] {dag.py:2941} INFO - Sync 1 DAGs
[2026-06-08T13:14:00.313+0000] {logging_mixin.py:154} INFO - [2026-06-08T13:14:00.313+0000] {dag.py:3722} INFO - Setting next_dagrun for example_task_group_decorator to 2026-06-07T13:14:00.313206+00:00, run_after=2026-06-08T13:14:00.313206+00:00
[2026-06-08T13:14:00.335+0000] {processor.py:179} INFO - Processing /home/airflow/.local/lib/python3.8/site-packages/airflow/example_dags/example_task_group_decorator.py took 0.099 seconds
[2026-06-08T13:14:30.452+0000] {processor.py:157} INFO - Started process (PID=374) to work on /home/airflow/.local/lib/python3.8/site-packages/airflow/example_dags/example_task_group_decorator.py
[2026-06-08T13:14:30.456+0000] {processor.py:829} INFO - Processing file /home/airflow/.local/lib/python3.8/site-packages/airflow/example_dags/example_task_group_decorator.py for tasks to queue
[2026-06-08T13:14:30.460+0000] {logging_mixin.py:154} INFO - [2026-06-08T13:14:30.459+0000] {dagbag.py:536} INFO - Filling up the DagBag from /home/airflow/.local/lib/python3.8/site-packages/airflow/example_dags/example_task_group_decorator.py
[2026-06-08T13:14:30.483+0000] {processor.py:839} INFO - DAG(s) dict_keys(['example_task_group_decorator']) retrieved from /home/airflow/.local/lib/python3.8/site-packages/airflow/example_dags/example_task_group_decorator.py
[2026-06-08T13:14:30.523+0000] {logging_mixin.py:154} INFO - [2026-06-08T13:14:30.523+0000] {dag.py:2941} INFO - Sync 1 DAGs
[2026-06-08T13:14:30.551+0000] {logging_mixin.py:154} INFO - [2026-06-08T13:14:30.551+0000] {dag.py:3722} INFO - Setting next_dagrun for example_task_group_decorator to 2026-06-07T13:14:30.551094+00:00, run_after=2026-06-08T13:14:30.551094+00:00
[2026-06-08T13:14:30.581+0000] {processor.py:179} INFO - Processing /home/airflow/.local/lib/python3.8/site-packages/airflow/example_dags/example_task_group_decorator.py took 0.134 seconds
[2026-06-08T13:15:01.091+0000] {processor.py:157} INFO - Started process (PID=422) to work on /home/airflow/.local/lib/python3.8/site-packages/airflow/example_dags/example_task_group_decorator.py
[2026-06-08T13:15:01.106+0000] {processor.py:829} INFO - Processing file /home/airflow/.local/lib/python3.8/site-packages/airflow/example_dags/example_task_group_decorator.py for tasks to queue
[2026-06-08T13:15:01.123+0000] {logging_mixin.py:154} INFO - [2026-06-08T13:15:01.122+0000] {dagbag.py:536} INFO - Filling up the DagBag from /home/airflow/.local/lib/python3.8/site-packages/airflow/example_dags/example_task_group_decorator.py
[2026-06-08T13:15:01.234+0000] {processor.py:839} INFO - DAG(s) dict_keys(['example_task_group_decorator']) retrieved from /home/airflow/.local/lib/python3.8/site-packages/airflow/example_dags/example_task_group_decorator.py
[2026-06-08T13:15:01.393+0000] {logging_mixin.py:154} INFO - [2026-06-08T13:15:01.393+0000] {dag.py:2941} INFO - Sync 1 DAGs
[2026-06-08T13:15:01.524+0000] {logging_mixin.py:154} INFO - [2026-06-08T13:15:01.523+0000] {dag.py:3722} INFO - Setting next_dagrun for example_task_group_decorator to 2026-06-07T13:15:01.523434+00:00, run_after=2026-06-08T13:15:01.523434+00:00
[2026-06-08T13:15:01.610+0000] {processor.py:179} INFO - Processing /home/airflow/.local/lib/python3.8/site-packages/airflow/example_dags/example_task_group_decorator.py took 0.524 seconds
[2026-06-08T13:15:31.900+0000] {processor.py:157} INFO - Started process (PID=470) to work on /home/airflow/.local/lib/python3.8/site-packages/airflow/example_dags/example_task_group_decorator.py
[2026-06-08T13:15:31.906+0000] {processor.py:829} INFO - Processing file /home/airflow/.local/lib/python3.8/site-packages/airflow/example_dags/example_task_group_decorator.py for tasks to queue
[2026-06-08T13:15:31.914+0000] {logging_mixin.py:154} INFO - [2026-06-08T13:15:31.914+0000] {dagbag.py:536} INFO - Filling up the DagBag from /home/airflow/.local/lib/python3.8/site-packages/airflow/example_dags/example_task_group_decorator.py
[2026-06-08T13:15:31.952+0000] {processor.py:839} INFO - DAG(s) dict_keys(['example_task_group_decorator']) retrieved from /home/airflow/.local/lib/python3.8/site-packages/airflow/example_dags/example_task_group_decorator.py
[2026-06-08T13:15:32.050+0000] {logging_mixin.py:154} INFO - [2026-06-08T13:15:32.050+0000] {dag.py:2941} INFO - Sync 1 DAGs
[2026-06-08T13:15:32.131+0000] {logging_mixin.py:154} INFO - [2026-06-08T13:15:32.131+0000] {dag.py:3722} INFO - Setting next_dagrun for example_task_group_decorator to 2026-06-07T13:15:32.131261+00:00, run_after=2026-06-08T13:15:32.131261+00:00
[2026-06-08T13:15:32.185+0000] {processor.py:179} INFO - Processing /home/airflow/.local/lib/python3.8/site-packages/airflow/example_dags/example_task_group_decorator.py took 0.293 seconds
[2026-06-08T13:16:02.502+0000] {processor.py:157} INFO - Started process (PID=519) to work on /home/airflow/.local/lib/python3.8/site-packages/airflow/example_dags/example_task_group_decorator.py
[2026-06-08T13:16:02.504+0000] {processor.py:829} INFO - Processing file /home/airflow/.local/lib/python3.8/site-packages/airflow/example_dags/example_task_group_decorator.py for tasks to queue
[2026-06-08T13:16:02.507+0000] {logging_mixin.py:154} INFO - [2026-06-08T13:16:02.507+0000] {dagbag.py:536} INFO - Filling up the DagBag from /home/airflow/.local/lib/python3.8/site-packages/airflow/example_dags/example_task_group_decorator.py
[2026-06-08T13:16:02.524+0000] {processor.py:839} INFO - DAG(s) dict_keys(['example_task_group_decorator']) retrieved from /home/airflow/.local/lib/python3.8/site-packages/airflow/example_dags/example_task_group_decorator.py
[2026-06-08T13:16:02.556+0000] {logging_mixin.py:154} INFO - [2026-06-08T13:16:02.556+0000] {dag.py:2941} INFO - Sync 1 DAGs
[2026-06-08T13:16:02.581+0000] {logging_mixin.py:154} INFO - [2026-06-08T13:16:02.580+0000] {dag.py:3722} INFO - Setting next_dagrun for example_task_group_decorator to 2026-06-07T13:16:02.580507+00:00, run_after=2026-06-08T13:16:02.580507+00:00
[2026-06-08T13:16:02.603+0000] {processor.py:179} INFO - Processing /home/airflow/.local/lib/python3.8/site-packages/airflow/example_dags/example_task_group_decorator.py took 0.105 seconds
[2026-06-08T13:16:33.156+0000] {processor.py:157} INFO - Started process (PID=566) to work on /home/airflow/.local/lib/python3.8/site-packages/airflow/example_dags/example_task_group_decorator.py
[2026-06-08T13:16:33.157+0000] {processor.py:829} INFO - Processing file /home/airflow/.local/lib/python3.8/site-packages/airflow/example_dags/example_task_group_decorator.py for tasks to queue
[2026-06-08T13:16:33.175+0000] {logging_mixin.py:154} INFO - [2026-06-08T13:16:33.174+0000] {dagbag.py:536} INFO - Filling up the DagBag from /home/airflow/.local/lib/python3.8/site-packages/airflow/example_dags/example_task_group_decorator.py
[2026-06-08T13:16:33.244+0000] {processor.py:839} INFO - DAG(s) dict_keys(['example_task_group_decorator']) retrieved from /home/airflow/.local/lib/python3.8/site-packages/airflow/example_dags/example_task_group_decorator.py
[2026-06-08T13:16:33.326+0000] {logging_mixin.py:154} INFO - [2026-06-08T13:16:33.326+0000] {dag.py:2941} INFO - Sync 1 DAGs
[2026-06-08T13:16:33.386+0000] {logging_mixin.py:154} INFO - [2026-06-08T13:16:33.386+0000] {dag.py:3722} INFO - Setting next_dagrun for example_task_group_decorator to 2026-06-07T13:16:33.386039+00:00, run_after=2026-06-08T13:16:33.386039+00:00
[2026-06-08T13:16:33.443+0000] {processor.py:179} INFO - Processing /home/airflow/.local/lib/python3.8/site-packages/airflow/example_dags/example_task_group_decorator.py took 0.304 seconds
[2026-06-08T13:17:03.778+0000] {processor.py:157} INFO - Started process (PID=614) to work on /home/airflow/.local/lib/python3.8/site-packages/airflow/example_dags/example_task_group_decorator.py
[2026-06-08T13:17:03.786+0000] {processor.py:829} INFO - Processing file /home/airflow/.local/lib/python3.8/site-packages/airflow/example_dags/example_task_group_decorator.py for tasks to queue
[2026-06-08T13:17:03.789+0000] {logging_mixin.py:154} INFO - [2026-06-08T13:17:03.788+0000] {dagbag.py:536} INFO - Filling up the DagBag from /home/airflow/.local/lib/python3.8/site-packages/airflow/example_dags/example_task_group_decorator.py
[2026-06-08T13:17:03.813+0000] {processor.py:839} INFO - DAG(s) dict_keys(['example_task_group_decorator']) retrieved from /home/airflow/.local/lib/python3.8/site-packages/airflow/example_dags/example_task_group_decorator.py
[2026-06-08T13:17:03.852+0000] {logging_mixin.py:154} INFO - [2026-06-08T13:17:03.852+0000] {dag.py:2941} INFO - Sync 1 DAGs
[2026-06-08T13:17:03.895+0000] {logging_mixin.py:154} INFO - [2026-06-08T13:17:03.895+0000] {dag.py:3722} INFO - Setting next_dagrun for example_task_group_decorator to 2026-06-07T13:17:03.894940+00:00, run_after=2026-06-08T13:17:03.894940+00:00
[2026-06-08T13:17:03.922+0000] {processor.py:179} INFO - Processing /home/airflow/.local/lib/python3.8/site-packages/airflow/example_dags/example_task_group_decorator.py took 0.150 seconds
[2026-06-08T13:17:34.648+0000] {processor.py:157} INFO - Started process (PID=662) to work on /home/airflow/.local/lib/python3.8/site-packages/airflow/example_dags/example_task_group_decorator.py
[2026-06-08T13:17:34.666+0000] {processor.py:829} INFO - Processing file /home/airflow/.local/lib/python3.8/site-packages/airflow/example_dags/example_task_group_decorator.py for tasks to queue
[2026-06-08T13:17:34.686+0000] {logging_mixin.py:154} INFO - [2026-06-08T13:17:34.685+0000] {dagbag.py:536} INFO - Filling up the DagBag from /home/airflow/.local/lib/python3.8/site-packages/airflow/example_dags/example_task_group_decorator.py
[2026-06-08T13:17:34.807+0000] {processor.py:839} INFO - DAG(s) dict_keys(['example_task_group_decorator']) retrieved from /home/airflow/.local/lib/python3.8/site-packages/airflow/example_dags/example_task_group_decorator.py
[2026-06-08T13:17:34.916+0000] {logging_mixin.py:154} INFO - [2026-06-08T13:17:34.915+0000] {dag.py:2941} INFO - Sync 1 DAGs
[2026-06-08T13:17:35.011+0000] {logging_mixin.py:154} INFO - [2026-06-08T13:17:35.010+0000] {dag.py:3722} INFO - Setting next_dagrun for example_task_group_decorator to 2026-06-07T13:17:35.010159+00:00, run_after=2026-06-08T13:17:35.010159+00:00
[2026-06-08T13:17:35.079+0000] {processor.py:179} INFO - Processing /home/airflow/.local/lib/python3.8/site-packages/airflow/example_dags/example_task_group_decorator.py took 0.502 seconds
[2026-06-08T13:18:05.822+0000] {processor.py:157} INFO - Started process (PID=710) to work on /home/airflow/.local/lib/python3.8/site-packages/airflow/example_dags/example_task_group_decorator.py
[2026-06-08T13:18:05.830+0000] {processor.py:829} INFO - Processing file /home/airflow/.local/lib/python3.8/site-packages/airflow/example_dags/example_task_group_decorator.py for tasks to queue
[2026-06-08T13:18:05.833+0000] {logging_mixin.py:154} INFO - [2026-06-08T13:18:05.833+0000] {dagbag.py:536} INFO - Filling up the DagBag from /home/airflow/.local/lib/python3.8/site-packages/airflow/example_dags/example_task_group_decorator.py
[2026-06-08T13:18:05.882+0000] {processor.py:839} INFO - DAG(s) dict_keys(['example_task_group_decorator']) retrieved from /home/airflow/.local/lib/python3.8/site-packages/airflow/example_dags/example_task_group_decorator.py
[2026-06-08T13:18:05.980+0000] {logging_mixin.py:154} INFO - [2026-06-08T13:18:05.979+0000] {dag.py:2941} INFO - Sync 1 DAGs
[2026-06-08T13:18:06.045+0000] {logging_mixin.py:154} INFO - [2026-06-08T13:18:06.045+0000] {dag.py:3722} INFO - Setting next_dagrun for example_task_group_decorator to 2026-06-07T13:18:06.044970+00:00, run_after=2026-06-08T13:18:06.044970+00:00
[2026-06-08T13:18:06.129+0000] {processor.py:179} INFO - Processing /home/airflow/.local/lib/python3.8/site-packages/airflow/example_dags/example_task_group_decorator.py took 0.323 seconds
[2026-06-08T13:18:36.616+0000] {processor.py:157} INFO - Started process (PID=758) to work on /home/airflow/.local/lib/python3.8/site-packages/airflow/example_dags/example_task_group_decorator.py
[2026-06-08T13:18:36.617+0000] {processor.py:829} INFO - Processing file /home/airflow/.local/lib/python3.8/site-packages/airflow/example_dags/example_task_group_decorator.py for tasks to queue
[2026-06-08T13:18:36.620+0000] {logging_mixin.py:154} INFO - [2026-06-08T13:18:36.620+0000] {dagbag.py:536} INFO - Filling up the DagBag from /home/airflow/.local/lib/python3.8/site-packages/airflow/example_dags/example_task_group_decorator.py
[2026-06-08T13:18:36.683+0000] {processor.py:839} INFO - DAG(s) dict_keys(['example_task_group_decorator']) retrieved from /home/airflow/.local/lib/python3.8/site-packages/airflow/example_dags/example_task_group_decorator.py
[2026-06-08T13:18:36.779+0000] {logging_mixin.py:154} INFO - [2026-06-08T13:18:36.779+0000] {dag.py:2941} INFO - Sync 1 DAGs
[2026-06-08T13:18:36.903+0000] {logging_mixin.py:154} INFO - [2026-06-08T13:18:36.902+0000] {dag.py:3722} INFO - Setting next_dagrun for example_task_group_decorator to 2026-06-07T13:18:36.902615+00:00, run_after=2026-06-08T13:18:36.902615+00:00
[2026-06-08T13:18:36.973+0000] {processor.py:179} INFO - Processing /home/airflow/.local/lib/python3.8/site-packages/airflow/example_dags/example_task_group_decorator.py took 0.368 seconds
[2026-06-08T13:21:08.262+0000] {processor.py:157} INFO - Started process (PID=39) to work on /home/airflow/.local/lib/python3.8/site-packages/airflow/example_dags/example_task_group_decorator.py
[2026-06-08T13:21:08.272+0000] {processor.py:829} INFO - Processing file /home/airflow/.local/lib/python3.8/site-packages/airflow/example_dags/example_task_group_decorator.py for tasks to queue
[2026-06-08T13:21:08.275+0000] {logging_mixin.py:154} INFO - [2026-06-08T13:21:08.275+0000] {dagbag.py:536} INFO - Filling up the DagBag from /home/airflow/.local/lib/python3.8/site-packages/airflow/example_dags/example_task_group_decorator.py
[2026-06-08T13:21:08.409+0000] {processor.py:839} INFO - DAG(s) dict_keys(['example_task_group_decorator']) retrieved from /home/airflow/.local/lib/python3.8/site-packages/airflow/example_dags/example_task_group_decorator.py
[2026-06-08T13:21:08.667+0000] {logging_mixin.py:154} INFO - [2026-06-08T13:21:08.667+0000] {dag.py:2941} INFO - Sync 1 DAGs
[2026-06-08T13:21:08.862+0000] {logging_mixin.py:154} INFO - [2026-06-08T13:21:08.862+0000] {dag.py:3722} INFO - Setting next_dagrun for example_task_group_decorator to 2026-06-07T13:21:08.862226+00:00, run_after=2026-06-08T13:21:08.862226+00:00
[2026-06-08T13:21:09.039+0000] {processor.py:179} INFO - Processing /home/airflow/.local/lib/python3.8/site-packages/airflow/example_dags/example_task_group_decorator.py took 0.796 seconds
[2026-06-08T13:21:39.408+0000] {processor.py:157} INFO - Started process (PID=87) to work on /home/airflow/.local/lib/python3.8/site-packages/airflow/example_dags/example_task_group_decorator.py
[2026-06-08T13:21:39.417+0000] {processor.py:829} INFO - Processing file /home/airflow/.local/lib/python3.8/site-packages/airflow/example_dags/example_task_group_decorator.py for tasks to queue
[2026-06-08T13:21:39.421+0000] {logging_mixin.py:154} INFO - [2026-06-08T13:21:39.420+0000] {dagbag.py:536} INFO - Filling up the DagBag from /home/airflow/.local/lib/python3.8/site-packages/airflow/example_dags/example_task_group_decorator.py
[2026-06-08T13:21:39.451+0000] {processor.py:839} INFO - DAG(s) dict_keys(['example_task_group_decorator']) retrieved from /home/airflow/.local/lib/python3.8/site-packages/airflow/example_dags/example_task_group_decorator.py
[2026-06-08T13:21:39.528+0000] {logging_mixin.py:154} INFO - [2026-06-08T13:21:39.526+0000] {dag.py:2941} INFO - Sync 1 DAGs
[2026-06-08T13:21:39.581+0000] {logging_mixin.py:154} INFO - [2026-06-08T13:21:39.581+0000] {dag.py:3722} INFO - Setting next_dagrun for example_task_group_decorator to 2026-06-07T13:21:39.581324+00:00, run_after=2026-06-08T13:21:39.581324+00:00
[2026-06-08T13:21:39.606+0000] {processor.py:179} INFO - Processing /home/airflow/.local/lib/python3.8/site-packages/airflow/example_dags/example_task_group_decorator.py took 0.202 seconds
[2026-06-08T13:22:09.801+0000] {processor.py:157} INFO - Started process (PID=134) to work on /home/airflow/.local/lib/python3.8/site-packages/airflow/example_dags/example_task_group_decorator.py
[2026-06-08T13:22:09.803+0000] {processor.py:829} INFO - Processing file /home/airflow/.local/lib/python3.8/site-packages/airflow/example_dags/example_task_group_decorator.py for tasks to queue
[2026-06-08T13:22:09.805+0000] {logging_mixin.py:154} INFO - [2026-06-08T13:22:09.805+0000] {dagbag.py:536} INFO - Filling up the DagBag from /home/airflow/.local/lib/python3.8/site-packages/airflow/example_dags/example_task_group_decorator.py
[2026-06-08T13:22:09.821+0000] {processor.py:839} INFO - DAG(s) dict_keys(['example_task_group_decorator']) retrieved from /home/airflow/.local/lib/python3.8/site-packages/airflow/example_dags/example_task_group_decorator.py
[2026-06-08T13:22:09.848+0000] {logging_mixin.py:154} INFO - [2026-06-08T13:22:09.848+0000] {dag.py:2941} INFO - Sync 1 DAGs
[2026-06-08T13:22:09.876+0000] {logging_mixin.py:154} INFO - [2026-06-08T13:22:09.876+0000] {dag.py:3722} INFO - Setting next_dagrun for example_task_group_decorator to 2026-06-07T13:22:09.875851+00:00, run_after=2026-06-08T13:22:09.875851+00:00
[2026-06-08T13:22:09.901+0000] {processor.py:179} INFO - Processing /home/airflow/.local/lib/python3.8/site-packages/airflow/example_dags/example_task_group_decorator.py took 0.104 seconds
[2026-06-08T13:22:40.720+0000] {processor.py:157} INFO - Started process (PID=183) to work on /home/airflow/.local/lib/python3.8/site-packages/airflow/example_dags/example_task_group_decorator.py
[2026-06-08T13:22:40.721+0000] {processor.py:829} INFO - Processing file /home/airflow/.local/lib/python3.8/site-packages/airflow/example_dags/example_task_group_decorator.py for tasks to queue
[2026-06-08T13:22:40.724+0000] {logging_mixin.py:154} INFO - [2026-06-08T13:22:40.724+0000] {dagbag.py:536} INFO - Filling up the DagBag from /home/airflow/.local/lib/python3.8/site-packages/airflow/example_dags/example_task_group_decorator.py
[2026-06-08T13:22:40.748+0000] {processor.py:839} INFO - DAG(s) dict_keys(['example_task_group_decorator']) retrieved from /home/airflow/.local/lib/python3.8/site-packages/airflow/example_dags/example_task_group_decorator.py
[2026-06-08T13:22:40.787+0000] {logging_mixin.py:154} INFO - [2026-06-08T13:22:40.787+0000] {dag.py:2941} INFO - Sync 1 DAGs
[2026-06-08T13:22:40.834+0000] {logging_mixin.py:154} INFO - [2026-06-08T13:22:40.834+0000] {dag.py:3722} INFO - Setting next_dagrun for example_task_group_decorator to 2026-06-07T13:22:40.834244+00:00, run_after=2026-06-08T13:22:40.834244+00:00
[2026-06-08T13:22:40.859+0000] {processor.py:179} INFO - Processing /home/airflow/.local/lib/python3.8/site-packages/airflow/example_dags/example_task_group_decorator.py took 0.150 seconds
[2026-06-08T13:23:11.155+0000] {processor.py:157} INFO - Started process (PID=230) to work on /home/airflow/.local/lib/python3.8/site-packages/airflow/example_dags/example_task_group_decorator.py
[2026-06-08T13:23:11.158+0000] {processor.py:829} INFO - Processing file /home/airflow/.local/lib/python3.8/site-packages/airflow/example_dags/example_task_group_decorator.py for tasks to queue
[2026-06-08T13:23:11.170+0000] {logging_mixin.py:154} INFO - [2026-06-08T13:23:11.170+0000] {dagbag.py:536} INFO - Filling up the DagBag from /home/airflow/.local/lib/python3.8/site-packages/airflow/example_dags/example_task_group_decorator.py
[2026-06-08T13:23:11.214+0000] {processor.py:839} INFO - DAG(s) dict_keys(['example_task_group_decorator']) retrieved from /home/airflow/.local/lib/python3.8/site-packages/airflow/example_dags/example_task_group_decorator.py
[2026-06-08T13:23:11.292+0000] {logging_mixin.py:154} INFO - [2026-06-08T13:23:11.292+0000] {dag.py:2941} INFO - Sync 1 DAGs
[2026-06-08T13:23:11.379+0000] {logging_mixin.py:154} INFO - [2026-06-08T13:23:11.378+0000] {dag.py:3722} INFO - Setting next_dagrun for example_task_group_decorator to 2026-06-07T13:23:11.378372+00:00, run_after=2026-06-08T13:23:11.378372+00:00
[2026-06-08T13:23:11.423+0000] {processor.py:179} INFO - Processing /home/airflow/.local/lib/python3.8/site-packages/airflow/example_dags/example_task_group_decorator.py took 0.277 seconds
[2026-06-08T13:23:41.681+0000] {processor.py:157} INFO - Started process (PID=278) to work on /home/airflow/.local/lib/python3.8/site-packages/airflow/example_dags/example_task_group_decorator.py
[2026-06-08T13:23:41.689+0000] {processor.py:829} INFO - Processing file /home/airflow/.local/lib/python3.8/site-packages/airflow/example_dags/example_task_group_decorator.py for tasks to queue
[2026-06-08T13:23:41.701+0000] {logging_mixin.py:154} INFO - [2026-06-08T13:23:41.700+0000] {dagbag.py:536} INFO - Filling up the DagBag from /home/airflow/.local/lib/python3.8/site-packages/airflow/example_dags/example_task_group_decorator.py
[2026-06-08T13:23:41.780+0000] {processor.py:839} INFO - DAG(s) dict_keys(['example_task_group_decorator']) retrieved from /home/airflow/.local/lib/python3.8/site-packages/airflow/example_dags/example_task_group_decorator.py
[2026-06-08T13:23:41.913+0000] {logging_mixin.py:154} INFO - [2026-06-08T13:23:41.913+0000] {dag.py:2941} INFO - Sync 1 DAGs
[2026-06-08T13:23:42.003+0000] {logging_mixin.py:154} INFO - [2026-06-08T13:23:42.002+0000] {dag.py:3722} INFO - Setting next_dagrun for example_task_group_decorator to 2026-06-07T13:23:42.002592+00:00, run_after=2026-06-08T13:23:42.002592+00:00
[2026-06-08T13:23:42.057+0000] {processor.py:179} INFO - Processing /home/airflow/.local/lib/python3.8/site-packages/airflow/example_dags/example_task_group_decorator.py took 0.381 seconds
[2026-06-08T13:24:12.171+0000] {processor.py:157} INFO - Started process (PID=326) to work on /home/airflow/.local/lib/python3.8/site-packages/airflow/example_dags/example_task_group_decorator.py
[2026-06-08T13:24:12.182+0000] {processor.py:829} INFO - Processing file /home/airflow/.local/lib/python3.8/site-packages/airflow/example_dags/example_task_group_decorator.py for tasks to queue
[2026-06-08T13:24:12.185+0000] {logging_mixin.py:154} INFO - [2026-06-08T13:24:12.185+0000] {dagbag.py:536} INFO - Filling up the DagBag from /home/airflow/.local/lib/python3.8/site-packages/airflow/example_dags/example_task_group_decorator.py
[2026-06-08T13:24:12.287+0000] {processor.py:839} INFO - DAG(s) dict_keys(['example_task_group_decorator']) retrieved from /home/airflow/.local/lib/python3.8/site-packages/airflow/example_dags/example_task_group_decorator.py
[2026-06-08T13:24:12.393+0000] {logging_mixin.py:154} INFO - [2026-06-08T13:24:12.393+0000] {dag.py:2941} INFO - Sync 1 DAGs
[2026-06-08T13:24:12.523+0000] {logging_mixin.py:154} INFO - [2026-06-08T13:24:12.523+0000] {dag.py:3722} INFO - Setting next_dagrun for example_task_group_decorator to 2026-06-07T13:24:12.522623+00:00, run_after=2026-06-08T13:24:12.522623+00:00
[2026-06-08T13:24:12.607+0000] {processor.py:179} INFO - Processing /home/airflow/.local/lib/python3.8/site-packages/airflow/example_dags/example_task_group_decorator.py took 0.448 seconds
[2026-06-08T13:24:43.441+0000] {processor.py:157} INFO - Started process (PID=374) to work on /home/airflow/.local/lib/python3.8/site-packages/airflow/example_dags/example_task_group_decorator.py
[2026-06-08T13:24:43.455+0000] {processor.py:829} INFO - Processing file /home/airflow/.local/lib/python3.8/site-packages/airflow/example_dags/example_task_group_decorator.py for tasks to queue
[2026-06-08T13:24:43.458+0000] {logging_mixin.py:154} INFO - [2026-06-08T13:24:43.457+0000] {dagbag.py:536} INFO - Filling up the DagBag from /home/airflow/.local/lib/python3.8/site-packages/airflow/example_dags/example_task_group_decorator.py
[2026-06-08T13:24:43.508+0000] {processor.py:839} INFO - DAG(s) dict_keys(['example_task_group_decorator']) retrieved from /home/airflow/.local/lib/python3.8/site-packages/airflow/example_dags/example_task_group_decorator.py
[2026-06-08T13:24:43.594+0000] {logging_mixin.py:154} INFO - [2026-06-08T13:24:43.594+0000] {dag.py:2941} INFO - Sync 1 DAGs
[2026-06-08T13:24:43.644+0000] {logging_mixin.py:154} INFO - [2026-06-08T13:24:43.643+0000] {dag.py:3722} INFO - Setting next_dagrun for example_task_group_decorator to 2026-06-07T13:24:43.643361+00:00, run_after=2026-06-08T13:24:43.643361+00:00
[2026-06-08T13:24:43.670+0000] {processor.py:179} INFO - Processing /home/airflow/.local/lib/python3.8/site-packages/airflow/example_dags/example_task_group_decorator.py took 0.233 seconds
[2026-06-08T13:25:13.844+0000] {processor.py:157} INFO - Started process (PID=422) to work on /home/airflow/.local/lib/python3.8/site-packages/airflow/example_dags/example_task_group_decorator.py
[2026-06-08T13:25:13.846+0000] {processor.py:829} INFO - Processing file /home/airflow/.local/lib/python3.8/site-packages/airflow/example_dags/example_task_group_decorator.py for tasks to queue
[2026-06-08T13:25:13.849+0000] {logging_mixin.py:154} INFO - [2026-06-08T13:25:13.849+0000] {dagbag.py:536} INFO - Filling up the DagBag from /home/airflow/.local/lib/python3.8/site-packages/airflow/example_dags/example_task_group_decorator.py
[2026-06-08T13:25:13.872+0000] {processor.py:839} INFO - DAG(s) dict_keys(['example_task_group_decorator']) retrieved from /home/airflow/.local/lib/python3.8/site-packages/airflow/example_dags/example_task_group_decorator.py
[2026-06-08T13:25:13.913+0000] {logging_mixin.py:154} INFO - [2026-06-08T13:25:13.913+0000] {dag.py:2941} INFO - Sync 1 DAGs
[2026-06-08T13:25:13.948+0000] {logging_mixin.py:154} INFO - [2026-06-08T13:25:13.947+0000] {dag.py:3722} INFO - Setting next_dagrun for example_task_group_decorator to 2026-06-07T13:25:13.947481+00:00, run_after=2026-06-08T13:25:13.947481+00:00
[2026-06-08T13:25:13.972+0000] {processor.py:179} INFO - Processing /home/airflow/.local/lib/python3.8/site-packages/airflow/example_dags/example_task_group_decorator.py took 0.132 seconds
[2026-06-08T13:25:44.801+0000] {processor.py:157} INFO - Started process (PID=470) to work on /home/airflow/.local/lib/python3.8/site-packages/airflow/example_dags/example_task_group_decorator.py
[2026-06-08T13:25:44.804+0000] {processor.py:829} INFO - Processing file /home/airflow/.local/lib/python3.8/site-packages/airflow/example_dags/example_task_group_decorator.py for tasks to queue
[2026-06-08T13:25:44.807+0000] {logging_mixin.py:154} INFO - [2026-06-08T13:25:44.807+0000] {dagbag.py:536} INFO - Filling up the DagBag from /home/airflow/.local/lib/python3.8/site-packages/airflow/example_dags/example_task_group_decorator.py
[2026-06-08T13:25:44.835+0000] {processor.py:839} INFO - DAG(s) dict_keys(['example_task_group_decorator']) retrieved from /home/airflow/.local/lib/python3.8/site-packages/airflow/example_dags/example_task_group_decorator.py
[2026-06-08T13:25:44.886+0000] {logging_mixin.py:154} INFO - [2026-06-08T13:25:44.885+0000] {dag.py:2941} INFO - Sync 1 DAGs
[2026-06-08T13:25:44.921+0000] {logging_mixin.py:154} INFO - [2026-06-08T13:25:44.921+0000] {dag.py:3722} INFO - Setting next_dagrun for example_task_group_decorator to 2026-06-07T13:25:44.920965+00:00, run_after=2026-06-08T13:25:44.920965+00:00
[2026-06-08T13:25:44.951+0000] {processor.py:179} INFO - Processing /home/airflow/.local/lib/python3.8/site-packages/airflow/example_dags/example_task_group_decorator.py took 0.155 seconds
[2026-06-08T13:26:14.997+0000] {processor.py:157} INFO - Started process (PID=518) to work on /home/airflow/.local/lib/python3.8/site-packages/airflow/example_dags/example_task_group_decorator.py
[2026-06-08T13:26:15.001+0000] {processor.py:829} INFO - Processing file /home/airflow/.local/lib/python3.8/site-packages/airflow/example_dags/example_task_group_decorator.py for tasks to queue
[2026-06-08T13:26:15.004+0000] {logging_mixin.py:154} INFO - [2026-06-08T13:26:15.004+0000] {dagbag.py:536} INFO - Filling up the DagBag from /home/airflow/.local/lib/python3.8/site-packages/airflow/example_dags/example_task_group_decorator.py
[2026-06-08T13:26:15.022+0000] {processor.py:839} INFO - DAG(s) dict_keys(['example_task_group_decorator']) retrieved from /home/airflow/.local/lib/python3.8/site-packages/airflow/example_dags/example_task_group_decorator.py
[2026-06-08T13:26:15.058+0000] {logging_mixin.py:154} INFO - [2026-06-08T13:26:15.058+0000] {dag.py:2941} INFO - Sync 1 DAGs
[2026-06-08T13:26:15.094+0000] {logging_mixin.py:154} INFO - [2026-06-08T13:26:15.093+0000] {dag.py:3722} INFO - Setting next_dagrun for example_task_group_decorator to 2026-06-07T13:26:15.093581+00:00, run_after=2026-06-08T13:26:15.093581+00:00
[2026-06-08T13:26:15.123+0000] {processor.py:179} INFO - Processing /home/airflow/.local/lib/python3.8/site-packages/airflow/example_dags/example_task_group_decorator.py took 0.131 seconds
[2026-06-08T13:26:45.250+0000] {processor.py:157} INFO - Started process (PID=566) to work on /home/airflow/.local/lib/python3.8/site-packages/airflow/example_dags/example_task_group_decorator.py
[2026-06-08T13:26:45.253+0000] {processor.py:829} INFO - Processing file /home/airflow/.local/lib/python3.8/site-packages/airflow/example_dags/example_task_group_decorator.py for tasks to queue
[2026-06-08T13:26:45.262+0000] {logging_mixin.py:154} INFO - [2026-06-08T13:26:45.262+0000] {dagbag.py:536} INFO - Filling up the DagBag from /home/airflow/.local/lib/python3.8/site-packages/airflow/example_dags/example_task_group_decorator.py
[2026-06-08T13:26:45.310+0000] {processor.py:839} INFO - DAG(s) dict_keys(['example_task_group_decorator']) retrieved from /home/airflow/.local/lib/python3.8/site-packages/airflow/example_dags/example_task_group_decorator.py
[2026-06-08T13:26:45.389+0000] {logging_mixin.py:154} INFO - [2026-06-08T13:26:45.388+0000] {dag.py:2941} INFO - Sync 1 DAGs
[2026-06-08T13:26:45.458+0000] {logging_mixin.py:154} INFO - [2026-06-08T13:26:45.458+0000] {dag.py:3722} INFO - Setting next_dagrun for example_task_group_decorator to 2026-06-07T13:26:45.458042+00:00, run_after=2026-06-08T13:26:45.458042+00:00
[2026-06-08T13:26:45.531+0000] {processor.py:179} INFO - Processing /home/airflow/.local/lib/python3.8/site-packages/airflow/example_dags/example_task_group_decorator.py took 0.297 seconds
[2026-06-08T13:27:15.915+0000] {processor.py:157} INFO - Started process (PID=614) to work on /home/airflow/.local/lib/python3.8/site-packages/airflow/example_dags/example_task_group_decorator.py
[2026-06-08T13:27:15.916+0000] {processor.py:829} INFO - Processing file /home/airflow/.local/lib/python3.8/site-packages/airflow/example_dags/example_task_group_decorator.py for tasks to queue
[2026-06-08T13:27:15.920+0000] {logging_mixin.py:154} INFO - [2026-06-08T13:27:15.920+0000] {dagbag.py:536} INFO - Filling up the DagBag from /home/airflow/.local/lib/python3.8/site-packages/airflow/example_dags/example_task_group_decorator.py
[2026-06-08T13:27:15.970+0000] {processor.py:839} INFO - DAG(s) dict_keys(['example_task_group_decorator']) retrieved from /home/airflow/.local/lib/python3.8/site-packages/airflow/example_dags/example_task_group_decorator.py
[2026-06-08T13:27:16.061+0000] {logging_mixin.py:154} INFO - [2026-06-08T13:27:16.061+0000] {dag.py:2941} INFO - Sync 1 DAGs
[2026-06-08T13:27:16.127+0000] {logging_mixin.py:154} INFO - [2026-06-08T13:27:16.126+0000] {dag.py:3722} INFO - Setting next_dagrun for example_task_group_decorator to 2026-06-07T13:27:16.126469+00:00, run_after=2026-06-08T13:27:16.126469+00:00
[2026-06-08T13:27:16.194+0000] {processor.py:179} INFO - Processing /home/airflow/.local/lib/python3.8/site-packages/airflow/example_dags/example_task_group_decorator.py took 0.293 seconds
[2026-06-08T13:27:46.467+0000] {processor.py:157} INFO - Started process (PID=662) to work on /home/airflow/.local/lib/python3.8/site-packages/airflow/example_dags/example_task_group_decorator.py
[2026-06-08T13:27:46.468+0000] {processor.py:829} INFO - Processing file /home/airflow/.local/lib/python3.8/site-packages/airflow/example_dags/example_task_group_decorator.py for tasks to queue
[2026-06-08T13:27:46.490+0000] {logging_mixin.py:154} INFO - [2026-06-08T13:27:46.489+0000] {dagbag.py:536} INFO - Filling up the DagBag from /home/airflow/.local/lib/python3.8/site-packages/airflow/example_dags/example_task_group_decorator.py
[2026-06-08T13:27:46.537+0000] {processor.py:839} INFO - DAG(s) dict_keys(['example_task_group_decorator']) retrieved from /home/airflow/.local/lib/python3.8/site-packages/airflow/example_dags/example_task_group_decorator.py
[2026-06-08T13:27:46.618+0000] {logging_mixin.py:154} INFO - [2026-06-08T13:27:46.618+0000] {dag.py:2941} INFO - Sync 1 DAGs
[2026-06-08T13:27:46.669+0000] {logging_mixin.py:154} INFO - [2026-06-08T13:27:46.669+0000] {dag.py:3722} INFO - Setting next_dagrun for example_task_group_decorator to 2026-06-07T13:27:46.668943+00:00, run_after=2026-06-08T13:27:46.668943+00:00
[2026-06-08T13:27:46.782+0000] {processor.py:179} INFO - Processing /home/airflow/.local/lib/python3.8/site-packages/airflow/example_dags/example_task_group_decorator.py took 0.319 seconds
[2026-06-08T13:28:17.564+0000] {processor.py:157} INFO - Started process (PID=710) to work on /home/airflow/.local/lib/python3.8/site-packages/airflow/example_dags/example_task_group_decorator.py
[2026-06-08T13:28:17.567+0000] {processor.py:829} INFO - Processing file /home/airflow/.local/lib/python3.8/site-packages/airflow/example_dags/example_task_group_decorator.py for tasks to queue
[2026-06-08T13:28:17.570+0000] {logging_mixin.py:154} INFO - [2026-06-08T13:28:17.570+0000] {dagbag.py:536} INFO - Filling up the DagBag from /home/airflow/.local/lib/python3.8/site-packages/airflow/example_dags/example_task_group_decorator.py
[2026-06-08T13:28:17.593+0000] {processor.py:839} INFO - DAG(s) dict_keys(['example_task_group_decorator']) retrieved from /home/airflow/.local/lib/python3.8/site-packages/airflow/example_dags/example_task_group_decorator.py
[2026-06-08T13:28:17.630+0000] {logging_mixin.py:154} INFO - [2026-06-08T13:28:17.630+0000] {dag.py:2941} INFO - Sync 1 DAGs
[2026-06-08T13:28:17.665+0000] {logging_mixin.py:154} INFO - [2026-06-08T13:28:17.664+0000] {dag.py:3722} INFO - Setting next_dagrun for example_task_group_decorator to 2026-06-07T13:28:17.664608+00:00, run_after=2026-06-08T13:28:17.664608+00:00
[2026-06-08T13:28:17.692+0000] {processor.py:179} INFO - Processing /home/airflow/.local/lib/python3.8/site-packages/airflow/example_dags/example_task_group_decorator.py took 0.132 seconds
[2026-06-08T13:32:23.836+0000] {processor.py:157} INFO - Started process (PID=37) to work on /home/airflow/.local/lib/python3.10/site-packages/airflow/example_dags/example_task_group_decorator.py
[2026-06-08T13:32:23.850+0000] {processor.py:829} INFO - Processing file /home/airflow/.local/lib/python3.10/site-packages/airflow/example_dags/example_task_group_decorator.py for tasks to queue
[2026-06-08T13:32:23.853+0000] {logging_mixin.py:154} INFO - [2026-06-08T13:32:23.852+0000] {dagbag.py:536} INFO - Filling up the DagBag from /home/airflow/.local/lib/python3.10/site-packages/airflow/example_dags/example_task_group_decorator.py
[2026-06-08T13:32:23.975+0000] {processor.py:839} INFO - DAG(s) dict_keys(['example_task_group_decorator']) retrieved from /home/airflow/.local/lib/python3.10/site-packages/airflow/example_dags/example_task_group_decorator.py
[2026-06-08T13:32:24.124+0000] {logging_mixin.py:154} INFO - [2026-06-08T13:32:24.124+0000] {dag.py:2941} INFO - Sync 1 DAGs
[2026-06-08T13:32:24.251+0000] {logging_mixin.py:154} INFO - [2026-06-08T13:32:24.250+0000] {dag.py:3722} INFO - Setting next_dagrun for example_task_group_decorator to 2026-06-07T13:32:24.250586+00:00, run_after=2026-06-08T13:32:24.250586+00:00
[2026-06-08T13:32:24.346+0000] {processor.py:179} INFO - Processing /home/airflow/.local/lib/python3.10/site-packages/airflow/example_dags/example_task_group_decorator.py took 0.525 seconds
[2026-06-08T13:32:55.410+0000] {processor.py:157} INFO - Started process (PID=86) to work on /home/airflow/.local/lib/python3.10/site-packages/airflow/example_dags/example_task_group_decorator.py
[2026-06-08T13:32:55.417+0000] {processor.py:829} INFO - Processing file /home/airflow/.local/lib/python3.10/site-packages/airflow/example_dags/example_task_group_decorator.py for tasks to queue
[2026-06-08T13:32:55.423+0000] {logging_mixin.py:154} INFO - [2026-06-08T13:32:55.422+0000] {dagbag.py:536} INFO - Filling up the DagBag from /home/airflow/.local/lib/python3.10/site-packages/airflow/example_dags/example_task_group_decorator.py
[2026-06-08T13:32:55.448+0000] {processor.py:839} INFO - DAG(s) dict_keys(['example_task_group_decorator']) retrieved from /home/airflow/.local/lib/python3.10/site-packages/airflow/example_dags/example_task_group_decorator.py
[2026-06-08T13:32:55.492+0000] {logging_mixin.py:154} INFO - [2026-06-08T13:32:55.492+0000] {dag.py:2941} INFO - Sync 1 DAGs
[2026-06-08T13:32:55.528+0000] {logging_mixin.py:154} INFO - [2026-06-08T13:32:55.527+0000] {dag.py:3722} INFO - Setting next_dagrun for example_task_group_decorator to 2026-06-07T13:32:55.527484+00:00, run_after=2026-06-08T13:32:55.527484+00:00
[2026-06-08T13:32:55.552+0000] {processor.py:179} INFO - Processing /home/airflow/.local/lib/python3.10/site-packages/airflow/example_dags/example_task_group_decorator.py took 0.146 seconds
[2026-06-08T13:33:27.875+0000] {processor.py:157} INFO - Started process (PID=135) to work on /home/airflow/.local/lib/python3.10/site-packages/airflow/example_dags/example_task_group_decorator.py
[2026-06-08T13:33:27.878+0000] {processor.py:829} INFO - Processing file /home/airflow/.local/lib/python3.10/site-packages/airflow/example_dags/example_task_group_decorator.py for tasks to queue
[2026-06-08T13:33:27.885+0000] {logging_mixin.py:154} INFO - [2026-06-08T13:33:27.884+0000] {dagbag.py:536} INFO - Filling up the DagBag from /home/airflow/.local/lib/python3.10/site-packages/airflow/example_dags/example_task_group_decorator.py
[2026-06-08T13:33:27.928+0000] {processor.py:839} INFO - DAG(s) dict_keys(['example_task_group_decorator']) retrieved from /home/airflow/.local/lib/python3.10/site-packages/airflow/example_dags/example_task_group_decorator.py
[2026-06-08T13:33:27.988+0000] {logging_mixin.py:154} INFO - [2026-06-08T13:33:27.987+0000] {dag.py:2941} INFO - Sync 1 DAGs
[2026-06-08T13:33:28.055+0000] {logging_mixin.py:154} INFO - [2026-06-08T13:33:28.054+0000] {dag.py:3722} INFO - Setting next_dagrun for example_task_group_decorator to 2026-06-07T13:33:28.054366+00:00, run_after=2026-06-08T13:33:28.054366+00:00
[2026-06-08T13:33:28.089+0000] {processor.py:179} INFO - Processing /home/airflow/.local/lib/python3.10/site-packages/airflow/example_dags/example_task_group_decorator.py took 0.225 seconds
[2026-06-08T13:33:58.636+0000] {processor.py:157} INFO - Started process (PID=184) to work on /home/airflow/.local/lib/python3.10/site-packages/airflow/example_dags/example_task_group_decorator.py
[2026-06-08T13:33:58.637+0000] {processor.py:829} INFO - Processing file /home/airflow/.local/lib/python3.10/site-packages/airflow/example_dags/example_task_group_decorator.py for tasks to queue
[2026-06-08T13:33:58.639+0000] {logging_mixin.py:154} INFO - [2026-06-08T13:33:58.639+0000] {dagbag.py:536} INFO - Filling up the DagBag from /home/airflow/.local/lib/python3.10/site-packages/airflow/example_dags/example_task_group_decorator.py
[2026-06-08T13:33:58.665+0000] {processor.py:839} INFO - DAG(s) dict_keys(['example_task_group_decorator']) retrieved from /home/airflow/.local/lib/python3.10/site-packages/airflow/example_dags/example_task_group_decorator.py
[2026-06-08T13:33:58.723+0000] {logging_mixin.py:154} INFO - [2026-06-08T13:33:58.722+0000] {dag.py:2941} INFO - Sync 1 DAGs
[2026-06-08T13:33:58.757+0000] {logging_mixin.py:154} INFO - [2026-06-08T13:33:58.756+0000] {dag.py:3722} INFO - Setting next_dagrun for example_task_group_decorator to 2026-06-07T13:33:58.756596+00:00, run_after=2026-06-08T13:33:58.756596+00:00
[2026-06-08T13:33:58.791+0000] {processor.py:179} INFO - Processing /home/airflow/.local/lib/python3.10/site-packages/airflow/example_dags/example_task_group_decorator.py took 0.161 seconds
[2026-06-08T13:34:28.830+0000] {processor.py:157} INFO - Started process (PID=231) to work on /home/airflow/.local/lib/python3.10/site-packages/airflow/example_dags/example_task_group_decorator.py
[2026-06-08T13:34:28.832+0000] {processor.py:829} INFO - Processing file /home/airflow/.local/lib/python3.10/site-packages/airflow/example_dags/example_task_group_decorator.py for tasks to queue
[2026-06-08T13:34:28.835+0000] {logging_mixin.py:154} INFO - [2026-06-08T13:34:28.834+0000] {dagbag.py:536} INFO - Filling up the DagBag from /home/airflow/.local/lib/python3.10/site-packages/airflow/example_dags/example_task_group_decorator.py
[2026-06-08T13:34:28.850+0000] {processor.py:839} INFO - DAG(s) dict_keys(['example_task_group_decorator']) retrieved from /home/airflow/.local/lib/python3.10/site-packages/airflow/example_dags/example_task_group_decorator.py
[2026-06-08T13:34:28.876+0000] {logging_mixin.py:154} INFO - [2026-06-08T13:34:28.876+0000] {dag.py:2941} INFO - Sync 1 DAGs
[2026-06-08T13:34:28.900+0000] {logging_mixin.py:154} INFO - [2026-06-08T13:34:28.900+0000] {dag.py:3722} INFO - Setting next_dagrun for example_task_group_decorator to 2026-06-07T13:34:28.900234+00:00, run_after=2026-06-08T13:34:28.900234+00:00
[2026-06-08T13:34:28.919+0000] {processor.py:179} INFO - Processing /home/airflow/.local/lib/python3.10/site-packages/airflow/example_dags/example_task_group_decorator.py took 0.093 seconds
[2026-06-08T13:34:59.859+0000] {processor.py:157} INFO - Started process (PID=280) to work on /home/airflow/.local/lib/python3.10/site-packages/airflow/example_dags/example_task_group_decorator.py
[2026-06-08T13:34:59.867+0000] {processor.py:829} INFO - Processing file /home/airflow/.local/lib/python3.10/site-packages/airflow/example_dags/example_task_group_decorator.py for tasks to queue
[2026-06-08T13:34:59.877+0000] {logging_mixin.py:154} INFO - [2026-06-08T13:34:59.877+0000] {dagbag.py:536} INFO - Filling up the DagBag from /home/airflow/.local/lib/python3.10/site-packages/airflow/example_dags/example_task_group_decorator.py
[2026-06-08T13:34:59.950+0000] {processor.py:839} INFO - DAG(s) dict_keys(['example_task_group_decorator']) retrieved from /home/airflow/.local/lib/python3.10/site-packages/airflow/example_dags/example_task_group_decorator.py
[2026-06-08T13:34:59.993+0000] {logging_mixin.py:154} INFO - [2026-06-08T13:34:59.993+0000] {dag.py:2941} INFO - Sync 1 DAGs
[2026-06-08T13:35:00.025+0000] {logging_mixin.py:154} INFO - [2026-06-08T13:35:00.025+0000] {dag.py:3722} INFO - Setting next_dagrun for example_task_group_decorator to 2026-06-07T13:35:00.024713+00:00, run_after=2026-06-08T13:35:00.024713+00:00
[2026-06-08T13:35:00.091+0000] {processor.py:179} INFO - Processing /home/airflow/.local/lib/python3.10/site-packages/airflow/example_dags/example_task_group_decorator.py took 0.245 seconds
[2026-06-08T13:39:24.069+0000] {processor.py:157} INFO - Started process (PID=314) to work on /home/airflow/.local/lib/python3.10/site-packages/airflow/example_dags/example_task_group_decorator.py
[2026-06-08T13:39:24.085+0000] {processor.py:829} INFO - Processing file /home/airflow/.local/lib/python3.10/site-packages/airflow/example_dags/example_task_group_decorator.py for tasks to queue
[2026-06-08T13:39:24.090+0000] {logging_mixin.py:154} INFO - [2026-06-08T13:39:24.086+0000] {dagbag.py:536} INFO - Filling up the DagBag from /home/airflow/.local/lib/python3.10/site-packages/airflow/example_dags/example_task_group_decorator.py
[2026-06-08T13:39:24.228+0000] {processor.py:839} INFO - DAG(s) dict_keys(['example_task_group_decorator']) retrieved from /home/airflow/.local/lib/python3.10/site-packages/airflow/example_dags/example_task_group_decorator.py
[2026-06-08T13:39:24.380+0000] {logging_mixin.py:154} INFO - [2026-06-08T13:39:24.380+0000] {dag.py:2941} INFO - Sync 1 DAGs
[2026-06-08T13:39:24.519+0000] {logging_mixin.py:154} INFO - [2026-06-08T13:39:24.519+0000] {dag.py:3722} INFO - Setting next_dagrun for example_task_group_decorator to 2026-06-07T13:39:24.518982+00:00, run_after=2026-06-08T13:39:24.518982+00:00
[2026-06-08T13:39:24.640+0000] {processor.py:179} INFO - Processing /home/airflow/.local/lib/python3.10/site-packages/airflow/example_dags/example_task_group_decorator.py took 0.597 seconds
[2026-06-08T13:39:55.057+0000] {processor.py:157} INFO - Started process (PID=363) to work on /home/airflow/.local/lib/python3.10/site-packages/airflow/example_dags/example_task_group_decorator.py
[2026-06-08T13:39:55.075+0000] {processor.py:829} INFO - Processing file /home/airflow/.local/lib/python3.10/site-packages/airflow/example_dags/example_task_group_decorator.py for tasks to queue
[2026-06-08T13:39:55.077+0000] {logging_mixin.py:154} INFO - [2026-06-08T13:39:55.076+0000] {dagbag.py:536} INFO - Filling up the DagBag from /home/airflow/.local/lib/python3.10/site-packages/airflow/example_dags/example_task_group_decorator.py
[2026-06-08T13:39:55.125+0000] {processor.py:839} INFO - DAG(s) dict_keys(['example_task_group_decorator']) retrieved from /home/airflow/.local/lib/python3.10/site-packages/airflow/example_dags/example_task_group_decorator.py
[2026-06-08T13:39:55.180+0000] {logging_mixin.py:154} INFO - [2026-06-08T13:39:55.179+0000] {dag.py:2941} INFO - Sync 1 DAGs
[2026-06-08T13:39:55.270+0000] {logging_mixin.py:154} INFO - [2026-06-08T13:39:55.250+0000] {dag.py:3722} INFO - Setting next_dagrun for example_task_group_decorator to 2026-06-07T13:39:55.248970+00:00, run_after=2026-06-08T13:39:55.248970+00:00
[2026-06-08T13:39:55.391+0000] {processor.py:179} INFO - Processing /home/airflow/.local/lib/python3.10/site-packages/airflow/example_dags/example_task_group_decorator.py took 0.346 seconds
[2026-06-08T13:40:25.988+0000] {processor.py:157} INFO - Started process (PID=412) to work on /home/airflow/.local/lib/python3.10/site-packages/airflow/example_dags/example_task_group_decorator.py
[2026-06-08T13:40:25.991+0000] {processor.py:829} INFO - Processing file /home/airflow/.local/lib/python3.10/site-packages/airflow/example_dags/example_task_group_decorator.py for tasks to queue
[2026-06-08T13:40:25.993+0000] {logging_mixin.py:154} INFO - [2026-06-08T13:40:25.993+0000] {dagbag.py:536} INFO - Filling up the DagBag from /home/airflow/.local/lib/python3.10/site-packages/airflow/example_dags/example_task_group_decorator.py
[2026-06-08T13:40:26.028+0000] {processor.py:839} INFO - DAG(s) dict_keys(['example_task_group_decorator']) retrieved from /home/airflow/.local/lib/python3.10/site-packages/airflow/example_dags/example_task_group_decorator.py
[2026-06-08T13:40:26.114+0000] {logging_mixin.py:154} INFO - [2026-06-08T13:40:26.114+0000] {dag.py:2941} INFO - Sync 1 DAGs
[2026-06-08T13:40:26.185+0000] {logging_mixin.py:154} INFO - [2026-06-08T13:40:26.185+0000] {dag.py:3722} INFO - Setting next_dagrun for example_task_group_decorator to 2026-06-07T13:40:26.184072+00:00, run_after=2026-06-08T13:40:26.184072+00:00
[2026-06-08T13:40:26.233+0000] {processor.py:179} INFO - Processing /home/airflow/.local/lib/python3.10/site-packages/airflow/example_dags/example_task_group_decorator.py took 0.251 seconds
[2026-06-08T13:40:59.994+0000] {processor.py:157} INFO - Started process (PID=461) to work on /home/airflow/.local/lib/python3.10/site-packages/airflow/example_dags/example_task_group_decorator.py
[2026-06-08T13:41:00.058+0000] {processor.py:829} INFO - Processing file /home/airflow/.local/lib/python3.10/site-packages/airflow/example_dags/example_task_group_decorator.py for tasks to queue
[2026-06-08T13:41:00.059+0000] {logging_mixin.py:154} INFO - [2026-06-08T13:41:00.059+0000] {dagbag.py:536} INFO - Filling up the DagBag from /home/airflow/.local/lib/python3.10/site-packages/airflow/example_dags/example_task_group_decorator.py
[2026-06-08T13:41:00.094+0000] {processor.py:839} INFO - DAG(s) dict_keys(['example_task_group_decorator']) retrieved from /home/airflow/.local/lib/python3.10/site-packages/airflow/example_dags/example_task_group_decorator.py
[2026-06-08T13:41:00.163+0000] {logging_mixin.py:154} INFO - [2026-06-08T13:41:00.163+0000] {dag.py:2941} INFO - Sync 1 DAGs
[2026-06-08T13:41:00.212+0000] {logging_mixin.py:154} INFO - [2026-06-08T13:41:00.212+0000] {dag.py:3722} INFO - Setting next_dagrun for example_task_group_decorator to 2026-06-07T13:41:00.212221+00:00, run_after=2026-06-08T13:41:00.212221+00:00
[2026-06-08T13:41:00.284+0000] {processor.py:179} INFO - Processing /home/airflow/.local/lib/python3.10/site-packages/airflow/example_dags/example_task_group_decorator.py took 0.306 seconds
[2026-06-08T13:41:31.699+0000] {processor.py:157} INFO - Started process (PID=510) to work on /home/airflow/.local/lib/python3.10/site-packages/airflow/example_dags/example_task_group_decorator.py
[2026-06-08T13:41:31.702+0000] {processor.py:829} INFO - Processing file /home/airflow/.local/lib/python3.10/site-packages/airflow/example_dags/example_task_group_decorator.py for tasks to queue
[2026-06-08T13:41:31.704+0000] {logging_mixin.py:154} INFO - [2026-06-08T13:41:31.703+0000] {dagbag.py:536} INFO - Filling up the DagBag from /home/airflow/.local/lib/python3.10/site-packages/airflow/example_dags/example_task_group_decorator.py
[2026-06-08T13:41:31.751+0000] {processor.py:839} INFO - DAG(s) dict_keys(['example_task_group_decorator']) retrieved from /home/airflow/.local/lib/python3.10/site-packages/airflow/example_dags/example_task_group_decorator.py
[2026-06-08T13:41:31.786+0000] {logging_mixin.py:154} INFO - [2026-06-08T13:41:31.786+0000] {dag.py:2941} INFO - Sync 1 DAGs
[2026-06-08T13:41:31.810+0000] {logging_mixin.py:154} INFO - [2026-06-08T13:41:31.810+0000] {dag.py:3722} INFO - Setting next_dagrun for example_task_group_decorator to 2026-06-07T13:41:31.810040+00:00, run_after=2026-06-08T13:41:31.810040+00:00
[2026-06-08T13:41:31.834+0000] {processor.py:179} INFO - Processing /home/airflow/.local/lib/python3.10/site-packages/airflow/example_dags/example_task_group_decorator.py took 0.140 seconds
[2026-06-08T13:42:02.091+0000] {processor.py:157} INFO - Started process (PID=563) to work on /home/airflow/.local/lib/python3.10/site-packages/airflow/example_dags/example_task_group_decorator.py
[2026-06-08T13:42:02.092+0000] {processor.py:829} INFO - Processing file /home/airflow/.local/lib/python3.10/site-packages/airflow/example_dags/example_task_group_decorator.py for tasks to queue
[2026-06-08T13:42:02.093+0000] {logging_mixin.py:154} INFO - [2026-06-08T13:42:02.093+0000] {dagbag.py:536} INFO - Filling up the DagBag from /home/airflow/.local/lib/python3.10/site-packages/airflow/example_dags/example_task_group_decorator.py
[2026-06-08T13:42:02.120+0000] {processor.py:839} INFO - DAG(s) dict_keys(['example_task_group_decorator']) retrieved from /home/airflow/.local/lib/python3.10/site-packages/airflow/example_dags/example_task_group_decorator.py
[2026-06-08T13:42:02.155+0000] {logging_mixin.py:154} INFO - [2026-06-08T13:42:02.155+0000] {dag.py:2941} INFO - Sync 1 DAGs
[2026-06-08T13:42:02.186+0000] {logging_mixin.py:154} INFO - [2026-06-08T13:42:02.186+0000] {dag.py:3722} INFO - Setting next_dagrun for example_task_group_decorator to 2026-06-07T13:42:02.186169+00:00, run_after=2026-06-08T13:42:02.186169+00:00
[2026-06-08T13:42:02.553+0000] {processor.py:179} INFO - Processing /home/airflow/.local/lib/python3.10/site-packages/airflow/example_dags/example_task_group_decorator.py took 0.467 seconds
[2026-06-08T13:42:32.753+0000] {processor.py:157} INFO - Started process (PID=612) to work on /home/airflow/.local/lib/python3.10/site-packages/airflow/example_dags/example_task_group_decorator.py
[2026-06-08T13:42:32.754+0000] {processor.py:829} INFO - Processing file /home/airflow/.local/lib/python3.10/site-packages/airflow/example_dags/example_task_group_decorator.py for tasks to queue
[2026-06-08T13:42:32.756+0000] {logging_mixin.py:154} INFO - [2026-06-08T13:42:32.755+0000] {dagbag.py:536} INFO - Filling up the DagBag from /home/airflow/.local/lib/python3.10/site-packages/airflow/example_dags/example_task_group_decorator.py
[2026-06-08T13:42:32.780+0000] {processor.py:839} INFO - DAG(s) dict_keys(['example_task_group_decorator']) retrieved from /home/airflow/.local/lib/python3.10/site-packages/airflow/example_dags/example_task_group_decorator.py
[2026-06-08T13:42:32.818+0000] {logging_mixin.py:154} INFO - [2026-06-08T13:42:32.818+0000] {dag.py:2941} INFO - Sync 1 DAGs
[2026-06-08T13:42:32.849+0000] {logging_mixin.py:154} INFO - [2026-06-08T13:42:32.849+0000] {dag.py:3722} INFO - Setting next_dagrun for example_task_group_decorator to 2026-06-07T13:42:32.848794+00:00, run_after=2026-06-08T13:42:32.848794+00:00
[2026-06-08T13:42:32.875+0000] {processor.py:179} INFO - Processing /home/airflow/.local/lib/python3.10/site-packages/airflow/example_dags/example_task_group_decorator.py took 0.127 seconds
[2026-06-08T13:43:03.359+0000] {processor.py:157} INFO - Started process (PID=661) to work on /home/airflow/.local/lib/python3.10/site-packages/airflow/example_dags/example_task_group_decorator.py
[2026-06-08T13:43:03.370+0000] {processor.py:829} INFO - Processing file /home/airflow/.local/lib/python3.10/site-packages/airflow/example_dags/example_task_group_decorator.py for tasks to queue
[2026-06-08T13:43:03.371+0000] {logging_mixin.py:154} INFO - [2026-06-08T13:43:03.371+0000] {dagbag.py:536} INFO - Filling up the DagBag from /home/airflow/.local/lib/python3.10/site-packages/airflow/example_dags/example_task_group_decorator.py
[2026-06-08T13:43:03.423+0000] {processor.py:839} INFO - DAG(s) dict_keys(['example_task_group_decorator']) retrieved from /home/airflow/.local/lib/python3.10/site-packages/airflow/example_dags/example_task_group_decorator.py
[2026-06-08T13:43:03.492+0000] {logging_mixin.py:154} INFO - [2026-06-08T13:43:03.492+0000] {dag.py:2941} INFO - Sync 1 DAGs
[2026-06-08T13:43:03.545+0000] {logging_mixin.py:154} INFO - [2026-06-08T13:43:03.544+0000] {dag.py:3722} INFO - Setting next_dagrun for example_task_group_decorator to 2026-06-07T13:43:03.544446+00:00, run_after=2026-06-08T13:43:03.544446+00:00
[2026-06-08T13:43:03.606+0000] {processor.py:179} INFO - Processing /home/airflow/.local/lib/python3.10/site-packages/airflow/example_dags/example_task_group_decorator.py took 0.255 seconds
[2026-06-08T13:43:33.711+0000] {processor.py:157} INFO - Started process (PID=707) to work on /home/airflow/.local/lib/python3.10/site-packages/airflow/example_dags/example_task_group_decorator.py
[2026-06-08T13:43:33.716+0000] {processor.py:829} INFO - Processing file /home/airflow/.local/lib/python3.10/site-packages/airflow/example_dags/example_task_group_decorator.py for tasks to queue
[2026-06-08T13:43:33.726+0000] {logging_mixin.py:154} INFO - [2026-06-08T13:43:33.717+0000] {dagbag.py:536} INFO - Filling up the DagBag from /home/airflow/.local/lib/python3.10/site-packages/airflow/example_dags/example_task_group_decorator.py
[2026-06-08T13:43:33.776+0000] {processor.py:839} INFO - DAG(s) dict_keys(['example_task_group_decorator']) retrieved from /home/airflow/.local/lib/python3.10/site-packages/airflow/example_dags/example_task_group_decorator.py
[2026-06-08T13:43:33.851+0000] {logging_mixin.py:154} INFO - [2026-06-08T13:43:33.850+0000] {dag.py:2941} INFO - Sync 1 DAGs
[2026-06-08T13:43:33.915+0000] {logging_mixin.py:154} INFO - [2026-06-08T13:43:33.915+0000] {dag.py:3722} INFO - Setting next_dagrun for example_task_group_decorator to 2026-06-07T13:43:33.914775+00:00, run_after=2026-06-08T13:43:33.914775+00:00
[2026-06-08T13:43:34.059+0000] {processor.py:179} INFO - Processing /home/airflow/.local/lib/python3.10/site-packages/airflow/example_dags/example_task_group_decorator.py took 0.353 seconds
[2026-06-08T13:44:04.710+0000] {processor.py:157} INFO - Started process (PID=756) to work on /home/airflow/.local/lib/python3.10/site-packages/airflow/example_dags/example_task_group_decorator.py
[2026-06-08T13:44:04.712+0000] {processor.py:829} INFO - Processing file /home/airflow/.local/lib/python3.10/site-packages/airflow/example_dags/example_task_group_decorator.py for tasks to queue
[2026-06-08T13:44:04.713+0000] {logging_mixin.py:154} INFO - [2026-06-08T13:44:04.713+0000] {dagbag.py:536} INFO - Filling up the DagBag from /home/airflow/.local/lib/python3.10/site-packages/airflow/example_dags/example_task_group_decorator.py
[2026-06-08T13:44:04.738+0000] {processor.py:839} INFO - DAG(s) dict_keys(['example_task_group_decorator']) retrieved from /home/airflow/.local/lib/python3.10/site-packages/airflow/example_dags/example_task_group_decorator.py
[2026-06-08T13:44:04.773+0000] {logging_mixin.py:154} INFO - [2026-06-08T13:44:04.773+0000] {dag.py:2941} INFO - Sync 1 DAGs
[2026-06-08T13:44:05.018+0000] {logging_mixin.py:154} INFO - [2026-06-08T13:44:05.017+0000] {dag.py:3722} INFO - Setting next_dagrun for example_task_group_decorator to 2026-06-07T13:44:05.017642+00:00, run_after=2026-06-08T13:44:05.017642+00:00
[2026-06-08T13:44:05.042+0000] {processor.py:179} INFO - Processing /home/airflow/.local/lib/python3.10/site-packages/airflow/example_dags/example_task_group_decorator.py took 0.336 seconds
[2026-06-08T13:44:35.952+0000] {processor.py:157} INFO - Started process (PID=805) to work on /home/airflow/.local/lib/python3.10/site-packages/airflow/example_dags/example_task_group_decorator.py
[2026-06-08T13:44:35.955+0000] {processor.py:829} INFO - Processing file /home/airflow/.local/lib/python3.10/site-packages/airflow/example_dags/example_task_group_decorator.py for tasks to queue
[2026-06-08T13:44:35.956+0000] {logging_mixin.py:154} INFO - [2026-06-08T13:44:35.956+0000] {dagbag.py:536} INFO - Filling up the DagBag from /home/airflow/.local/lib/python3.10/site-packages/airflow/example_dags/example_task_group_decorator.py
[2026-06-08T13:44:35.979+0000] {processor.py:839} INFO - DAG(s) dict_keys(['example_task_group_decorator']) retrieved from /home/airflow/.local/lib/python3.10/site-packages/airflow/example_dags/example_task_group_decorator.py
[2026-06-08T13:44:36.039+0000] {logging_mixin.py:154} INFO - [2026-06-08T13:44:36.038+0000] {dag.py:2941} INFO - Sync 1 DAGs
[2026-06-08T13:44:36.107+0000] {logging_mixin.py:154} INFO - [2026-06-08T13:44:36.106+0000] {dag.py:3722} INFO - Setting next_dagrun for example_task_group_decorator to 2026-06-07T13:44:36.106524+00:00, run_after=2026-06-08T13:44:36.106524+00:00
[2026-06-08T13:44:36.163+0000] {processor.py:179} INFO - Processing /home/airflow/.local/lib/python3.10/site-packages/airflow/example_dags/example_task_group_decorator.py took 0.218 seconds
[2026-06-08T13:45:07.040+0000] {processor.py:157} INFO - Started process (PID=854) to work on /home/airflow/.local/lib/python3.10/site-packages/airflow/example_dags/example_task_group_decorator.py
[2026-06-08T13:45:07.041+0000] {processor.py:829} INFO - Processing file /home/airflow/.local/lib/python3.10/site-packages/airflow/example_dags/example_task_group_decorator.py for tasks to queue
[2026-06-08T13:45:07.043+0000] {logging_mixin.py:154} INFO - [2026-06-08T13:45:07.043+0000] {dagbag.py:536} INFO - Filling up the DagBag from /home/airflow/.local/lib/python3.10/site-packages/airflow/example_dags/example_task_group_decorator.py
[2026-06-08T13:45:07.068+0000] {processor.py:839} INFO - DAG(s) dict_keys(['example_task_group_decorator']) retrieved from /home/airflow/.local/lib/python3.10/site-packages/airflow/example_dags/example_task_group_decorator.py
[2026-06-08T13:45:07.145+0000] {logging_mixin.py:154} INFO - [2026-06-08T13:45:07.145+0000] {dag.py:2941} INFO - Sync 1 DAGs
[2026-06-08T13:45:07.217+0000] {logging_mixin.py:154} INFO - [2026-06-08T13:45:07.216+0000] {dag.py:3722} INFO - Setting next_dagrun for example_task_group_decorator to 2026-06-07T13:45:07.216584+00:00, run_after=2026-06-08T13:45:07.216584+00:00
[2026-06-08T13:45:07.252+0000] {processor.py:179} INFO - Processing /home/airflow/.local/lib/python3.10/site-packages/airflow/example_dags/example_task_group_decorator.py took 0.218 seconds
[2026-06-08T13:45:37.700+0000] {processor.py:157} INFO - Started process (PID=903) to work on /home/airflow/.local/lib/python3.10/site-packages/airflow/example_dags/example_task_group_decorator.py
[2026-06-08T13:45:37.701+0000] {processor.py:829} INFO - Processing file /home/airflow/.local/lib/python3.10/site-packages/airflow/example_dags/example_task_group_decorator.py for tasks to queue
[2026-06-08T13:45:37.702+0000] {logging_mixin.py:154} INFO - [2026-06-08T13:45:37.702+0000] {dagbag.py:536} INFO - Filling up the DagBag from /home/airflow/.local/lib/python3.10/site-packages/airflow/example_dags/example_task_group_decorator.py
[2026-06-08T13:45:37.731+0000] {processor.py:839} INFO - DAG(s) dict_keys(['example_task_group_decorator']) retrieved from /home/airflow/.local/lib/python3.10/site-packages/airflow/example_dags/example_task_group_decorator.py
[2026-06-08T13:45:38.118+0000] {logging_mixin.py:154} INFO - [2026-06-08T13:45:38.118+0000] {dag.py:2941} INFO - Sync 1 DAGs
[2026-06-08T13:45:38.146+0000] {logging_mixin.py:154} INFO - [2026-06-08T13:45:38.146+0000] {dag.py:3722} INFO - Setting next_dagrun for example_task_group_decorator to 2026-06-07T13:45:38.146105+00:00, run_after=2026-06-08T13:45:38.146105+00:00
[2026-06-08T13:45:38.168+0000] {processor.py:179} INFO - Processing /home/airflow/.local/lib/python3.10/site-packages/airflow/example_dags/example_task_group_decorator.py took 0.473 seconds
[2026-06-08T13:46:08.427+0000] {processor.py:157} INFO - Started process (PID=952) to work on /home/airflow/.local/lib/python3.10/site-packages/airflow/example_dags/example_task_group_decorator.py
[2026-06-08T13:46:08.449+0000] {processor.py:829} INFO - Processing file /home/airflow/.local/lib/python3.10/site-packages/airflow/example_dags/example_task_group_decorator.py for tasks to queue
[2026-06-08T13:46:08.450+0000] {logging_mixin.py:154} INFO - [2026-06-08T13:46:08.450+0000] {dagbag.py:536} INFO - Filling up the DagBag from /home/airflow/.local/lib/python3.10/site-packages/airflow/example_dags/example_task_group_decorator.py
[2026-06-08T13:46:08.552+0000] {processor.py:839} INFO - DAG(s) dict_keys(['example_task_group_decorator']) retrieved from /home/airflow/.local/lib/python3.10/site-packages/airflow/example_dags/example_task_group_decorator.py
[2026-06-08T13:46:08.663+0000] {logging_mixin.py:154} INFO - [2026-06-08T13:46:08.662+0000] {dag.py:2941} INFO - Sync 1 DAGs
[2026-06-08T13:46:09.374+0000] {logging_mixin.py:154} INFO - [2026-06-08T13:46:09.373+0000] {dag.py:3722} INFO - Setting next_dagrun for example_task_group_decorator to 2026-06-07T13:46:09.373406+00:00, run_after=2026-06-08T13:46:09.373406+00:00
[2026-06-08T13:46:09.422+0000] {processor.py:179} INFO - Processing /home/airflow/.local/lib/python3.10/site-packages/airflow/example_dags/example_task_group_decorator.py took 1.022 seconds
[2026-06-08T13:46:40.283+0000] {processor.py:157} INFO - Started process (PID=1001) to work on /home/airflow/.local/lib/python3.10/site-packages/airflow/example_dags/example_task_group_decorator.py
[2026-06-08T13:46:40.288+0000] {processor.py:829} INFO - Processing file /home/airflow/.local/lib/python3.10/site-packages/airflow/example_dags/example_task_group_decorator.py for tasks to queue
[2026-06-08T13:46:40.297+0000] {logging_mixin.py:154} INFO - [2026-06-08T13:46:40.289+0000] {dagbag.py:536} INFO - Filling up the DagBag from /home/airflow/.local/lib/python3.10/site-packages/airflow/example_dags/example_task_group_decorator.py
[2026-06-08T13:46:40.335+0000] {processor.py:839} INFO - DAG(s) dict_keys(['example_task_group_decorator']) retrieved from /home/airflow/.local/lib/python3.10/site-packages/airflow/example_dags/example_task_group_decorator.py
[2026-06-08T13:46:40.430+0000] {logging_mixin.py:154} INFO - [2026-06-08T13:46:40.430+0000] {dag.py:2941} INFO - Sync 1 DAGs
[2026-06-08T13:46:40.464+0000] {logging_mixin.py:154} INFO - [2026-06-08T13:46:40.464+0000] {dag.py:3722} INFO - Setting next_dagrun for example_task_group_decorator to 2026-06-07T13:46:40.463776+00:00, run_after=2026-06-08T13:46:40.463776+00:00
[2026-06-08T13:46:40.506+0000] {processor.py:179} INFO - Processing /home/airflow/.local/lib/python3.10/site-packages/airflow/example_dags/example_task_group_decorator.py took 0.240 seconds
[2026-06-08T13:47:11.217+0000] {processor.py:157} INFO - Started process (PID=1051) to work on /home/airflow/.local/lib/python3.10/site-packages/airflow/example_dags/example_task_group_decorator.py
[2026-06-08T13:47:11.219+0000] {processor.py:829} INFO - Processing file /home/airflow/.local/lib/python3.10/site-packages/airflow/example_dags/example_task_group_decorator.py for tasks to queue
[2026-06-08T13:47:11.220+0000] {logging_mixin.py:154} INFO - [2026-06-08T13:47:11.219+0000] {dagbag.py:536} INFO - Filling up the DagBag from /home/airflow/.local/lib/python3.10/site-packages/airflow/example_dags/example_task_group_decorator.py
[2026-06-08T13:47:11.244+0000] {processor.py:839} INFO - DAG(s) dict_keys(['example_task_group_decorator']) retrieved from /home/airflow/.local/lib/python3.10/site-packages/airflow/example_dags/example_task_group_decorator.py
[2026-06-08T13:47:11.280+0000] {logging_mixin.py:154} INFO - [2026-06-08T13:47:11.280+0000] {dag.py:2941} INFO - Sync 1 DAGs
[2026-06-08T13:47:11.310+0000] {logging_mixin.py:154} INFO - [2026-06-08T13:47:11.310+0000] {dag.py:3722} INFO - Setting next_dagrun for example_task_group_decorator to 2026-06-07T13:47:11.309979+00:00, run_after=2026-06-08T13:47:11.309979+00:00
[2026-06-08T13:47:11.335+0000] {processor.py:179} INFO - Processing /home/airflow/.local/lib/python3.10/site-packages/airflow/example_dags/example_task_group_decorator.py took 0.123 seconds
[2026-06-08T13:47:42.162+0000] {processor.py:157} INFO - Started process (PID=1100) to work on /home/airflow/.local/lib/python3.10/site-packages/airflow/example_dags/example_task_group_decorator.py
[2026-06-08T13:47:42.163+0000] {processor.py:829} INFO - Processing file /home/airflow/.local/lib/python3.10/site-packages/airflow/example_dags/example_task_group_decorator.py for tasks to queue
[2026-06-08T13:47:42.164+0000] {logging_mixin.py:154} INFO - [2026-06-08T13:47:42.164+0000] {dagbag.py:536} INFO - Filling up the DagBag from /home/airflow/.local/lib/python3.10/site-packages/airflow/example_dags/example_task_group_decorator.py
[2026-06-08T13:47:42.194+0000] {processor.py:839} INFO - DAG(s) dict_keys(['example_task_group_decorator']) retrieved from /home/airflow/.local/lib/python3.10/site-packages/airflow/example_dags/example_task_group_decorator.py
[2026-06-08T13:47:42.229+0000] {logging_mixin.py:154} INFO - [2026-06-08T13:47:42.229+0000] {dag.py:2941} INFO - Sync 1 DAGs
[2026-06-08T13:47:42.265+0000] {logging_mixin.py:154} INFO - [2026-06-08T13:47:42.264+0000] {dag.py:3722} INFO - Setting next_dagrun for example_task_group_decorator to 2026-06-07T13:47:42.264631+00:00, run_after=2026-06-08T13:47:42.264631+00:00
[2026-06-08T13:47:42.289+0000] {processor.py:179} INFO - Processing /home/airflow/.local/lib/python3.10/site-packages/airflow/example_dags/example_task_group_decorator.py took 0.133 seconds
[2026-06-08T13:48:12.835+0000] {processor.py:157} INFO - Started process (PID=1149) to work on /home/airflow/.local/lib/python3.10/site-packages/airflow/example_dags/example_task_group_decorator.py
[2026-06-08T13:48:12.837+0000] {processor.py:829} INFO - Processing file /home/airflow/.local/lib/python3.10/site-packages/airflow/example_dags/example_task_group_decorator.py for tasks to queue
[2026-06-08T13:48:12.838+0000] {logging_mixin.py:154} INFO - [2026-06-08T13:48:12.838+0000] {dagbag.py:536} INFO - Filling up the DagBag from /home/airflow/.local/lib/python3.10/site-packages/airflow/example_dags/example_task_group_decorator.py
[2026-06-08T13:48:12.868+0000] {processor.py:839} INFO - DAG(s) dict_keys(['example_task_group_decorator']) retrieved from /home/airflow/.local/lib/python3.10/site-packages/airflow/example_dags/example_task_group_decorator.py
[2026-06-08T13:48:12.909+0000] {logging_mixin.py:154} INFO - [2026-06-08T13:48:12.908+0000] {dag.py:2941} INFO - Sync 1 DAGs
[2026-06-08T13:48:12.940+0000] {logging_mixin.py:154} INFO - [2026-06-08T13:48:12.939+0000] {dag.py:3722} INFO - Setting next_dagrun for example_task_group_decorator to 2026-06-07T13:48:12.939521+00:00, run_after=2026-06-08T13:48:12.939521+00:00
[2026-06-08T13:48:12.963+0000] {processor.py:179} INFO - Processing /home/airflow/.local/lib/python3.10/site-packages/airflow/example_dags/example_task_group_decorator.py took 0.133 seconds
[2026-06-08T13:48:43.713+0000] {processor.py:157} INFO - Started process (PID=1198) to work on /home/airflow/.local/lib/python3.10/site-packages/airflow/example_dags/example_task_group_decorator.py
[2026-06-08T13:48:43.714+0000] {processor.py:829} INFO - Processing file /home/airflow/.local/lib/python3.10/site-packages/airflow/example_dags/example_task_group_decorator.py for tasks to queue
[2026-06-08T13:48:43.715+0000] {logging_mixin.py:154} INFO - [2026-06-08T13:48:43.715+0000] {dagbag.py:536} INFO - Filling up the DagBag from /home/airflow/.local/lib/python3.10/site-packages/airflow/example_dags/example_task_group_decorator.py
[2026-06-08T13:48:43.742+0000] {processor.py:839} INFO - DAG(s) dict_keys(['example_task_group_decorator']) retrieved from /home/airflow/.local/lib/python3.10/site-packages/airflow/example_dags/example_task_group_decorator.py
[2026-06-08T13:48:43.778+0000] {logging_mixin.py:154} INFO - [2026-06-08T13:48:43.778+0000] {dag.py:2941} INFO - Sync 1 DAGs
[2026-06-08T13:48:43.809+0000] {logging_mixin.py:154} INFO - [2026-06-08T13:48:43.809+0000] {dag.py:3722} INFO - Setting next_dagrun for example_task_group_decorator to 2026-06-07T13:48:43.808854+00:00, run_after=2026-06-08T13:48:43.808854+00:00
[2026-06-08T13:48:43.835+0000] {processor.py:179} INFO - Processing /home/airflow/.local/lib/python3.10/site-packages/airflow/example_dags/example_task_group_decorator.py took 0.127 seconds
[2026-06-08T13:49:13.997+0000] {processor.py:157} INFO - Started process (PID=1247) to work on /home/airflow/.local/lib/python3.10/site-packages/airflow/example_dags/example_task_group_decorator.py
[2026-06-08T13:49:14.002+0000] {processor.py:829} INFO - Processing file /home/airflow/.local/lib/python3.10/site-packages/airflow/example_dags/example_task_group_decorator.py for tasks to queue
[2026-06-08T13:49:14.003+0000] {logging_mixin.py:154} INFO - [2026-06-08T13:49:14.003+0000] {dagbag.py:536} INFO - Filling up the DagBag from /home/airflow/.local/lib/python3.10/site-packages/airflow/example_dags/example_task_group_decorator.py
[2026-06-08T13:49:14.045+0000] {processor.py:839} INFO - DAG(s) dict_keys(['example_task_group_decorator']) retrieved from /home/airflow/.local/lib/python3.10/site-packages/airflow/example_dags/example_task_group_decorator.py
[2026-06-08T13:49:14.126+0000] {logging_mixin.py:154} INFO - [2026-06-08T13:49:14.126+0000] {dag.py:2941} INFO - Sync 1 DAGs
[2026-06-08T13:49:14.186+0000] {logging_mixin.py:154} INFO - [2026-06-08T13:49:14.186+0000] {dag.py:3722} INFO - Setting next_dagrun for example_task_group_decorator to 2026-06-07T13:49:14.186133+00:00, run_after=2026-06-08T13:49:14.186133+00:00
[2026-06-08T13:49:14.242+0000] {processor.py:179} INFO - Processing /home/airflow/.local/lib/python3.10/site-packages/airflow/example_dags/example_task_group_decorator.py took 0.251 seconds
[2026-06-08T13:49:44.855+0000] {processor.py:157} INFO - Started process (PID=1296) to work on /home/airflow/.local/lib/python3.10/site-packages/airflow/example_dags/example_task_group_decorator.py
[2026-06-08T13:49:44.857+0000] {processor.py:829} INFO - Processing file /home/airflow/.local/lib/python3.10/site-packages/airflow/example_dags/example_task_group_decorator.py for tasks to queue
[2026-06-08T13:49:44.858+0000] {logging_mixin.py:154} INFO - [2026-06-08T13:49:44.857+0000] {dagbag.py:536} INFO - Filling up the DagBag from /home/airflow/.local/lib/python3.10/site-packages/airflow/example_dags/example_task_group_decorator.py
[2026-06-08T13:49:44.882+0000] {processor.py:839} INFO - DAG(s) dict_keys(['example_task_group_decorator']) retrieved from /home/airflow/.local/lib/python3.10/site-packages/airflow/example_dags/example_task_group_decorator.py
[2026-06-08T13:49:44.917+0000] {logging_mixin.py:154} INFO - [2026-06-08T13:49:44.917+0000] {dag.py:2941} INFO - Sync 1 DAGs
[2026-06-08T13:49:44.961+0000] {logging_mixin.py:154} INFO - [2026-06-08T13:49:44.961+0000] {dag.py:3722} INFO - Setting next_dagrun for example_task_group_decorator to 2026-06-07T13:49:44.957653+00:00, run_after=2026-06-08T13:49:44.957653+00:00
[2026-06-08T13:49:44.994+0000] {processor.py:179} INFO - Processing /home/airflow/.local/lib/python3.10/site-packages/airflow/example_dags/example_task_group_decorator.py took 0.144 seconds
[2026-06-08T13:50:15.748+0000] {processor.py:157} INFO - Started process (PID=1345) to work on /home/airflow/.local/lib/python3.10/site-packages/airflow/example_dags/example_task_group_decorator.py
[2026-06-08T13:50:15.752+0000] {processor.py:829} INFO - Processing file /home/airflow/.local/lib/python3.10/site-packages/airflow/example_dags/example_task_group_decorator.py for tasks to queue
[2026-06-08T13:50:15.754+0000] {logging_mixin.py:154} INFO - [2026-06-08T13:50:15.754+0000] {dagbag.py:536} INFO - Filling up the DagBag from /home/airflow/.local/lib/python3.10/site-packages/airflow/example_dags/example_task_group_decorator.py
[2026-06-08T13:50:15.800+0000] {processor.py:839} INFO - DAG(s) dict_keys(['example_task_group_decorator']) retrieved from /home/airflow/.local/lib/python3.10/site-packages/airflow/example_dags/example_task_group_decorator.py
[2026-06-08T13:50:15.890+0000] {logging_mixin.py:154} INFO - [2026-06-08T13:50:15.889+0000] {dag.py:2941} INFO - Sync 1 DAGs
[2026-06-08T13:50:15.966+0000] {logging_mixin.py:154} INFO - [2026-06-08T13:50:15.966+0000] {dag.py:3722} INFO - Setting next_dagrun for example_task_group_decorator to 2026-06-07T13:50:15.965910+00:00, run_after=2026-06-08T13:50:15.965910+00:00
[2026-06-08T13:50:16.021+0000] {processor.py:179} INFO - Processing /home/airflow/.local/lib/python3.10/site-packages/airflow/example_dags/example_task_group_decorator.py took 0.281 seconds
[2026-06-08T13:50:46.807+0000] {processor.py:157} INFO - Started process (PID=1394) to work on /home/airflow/.local/lib/python3.10/site-packages/airflow/example_dags/example_task_group_decorator.py
[2026-06-08T13:50:46.818+0000] {processor.py:829} INFO - Processing file /home/airflow/.local/lib/python3.10/site-packages/airflow/example_dags/example_task_group_decorator.py for tasks to queue
[2026-06-08T13:50:46.819+0000] {logging_mixin.py:154} INFO - [2026-06-08T13:50:46.819+0000] {dagbag.py:536} INFO - Filling up the DagBag from /home/airflow/.local/lib/python3.10/site-packages/airflow/example_dags/example_task_group_decorator.py
[2026-06-08T13:50:46.856+0000] {processor.py:839} INFO - DAG(s) dict_keys(['example_task_group_decorator']) retrieved from /home/airflow/.local/lib/python3.10/site-packages/airflow/example_dags/example_task_group_decorator.py
[2026-06-08T13:50:46.929+0000] {logging_mixin.py:154} INFO - [2026-06-08T13:50:46.929+0000] {dag.py:2941} INFO - Sync 1 DAGs
[2026-06-08T13:50:46.999+0000] {logging_mixin.py:154} INFO - [2026-06-08T13:50:46.998+0000] {dag.py:3722} INFO - Setting next_dagrun for example_task_group_decorator to 2026-06-07T13:50:46.998593+00:00, run_after=2026-06-08T13:50:46.998593+00:00
[2026-06-08T13:50:47.039+0000] {processor.py:179} INFO - Processing /home/airflow/.local/lib/python3.10/site-packages/airflow/example_dags/example_task_group_decorator.py took 0.242 seconds
[2026-06-08T13:51:17.219+0000] {processor.py:157} INFO - Started process (PID=1443) to work on /home/airflow/.local/lib/python3.10/site-packages/airflow/example_dags/example_task_group_decorator.py
[2026-06-08T13:51:17.220+0000] {processor.py:829} INFO - Processing file /home/airflow/.local/lib/python3.10/site-packages/airflow/example_dags/example_task_group_decorator.py for tasks to queue
[2026-06-08T13:51:17.221+0000] {logging_mixin.py:154} INFO - [2026-06-08T13:51:17.220+0000] {dagbag.py:536} INFO - Filling up the DagBag from /home/airflow/.local/lib/python3.10/site-packages/airflow/example_dags/example_task_group_decorator.py
[2026-06-08T13:51:17.239+0000] {processor.py:839} INFO - DAG(s) dict_keys(['example_task_group_decorator']) retrieved from /home/airflow/.local/lib/python3.10/site-packages/airflow/example_dags/example_task_group_decorator.py
[2026-06-08T13:51:17.266+0000] {logging_mixin.py:154} INFO - [2026-06-08T13:51:17.266+0000] {dag.py:2941} INFO - Sync 1 DAGs
[2026-06-08T13:51:17.290+0000] {logging_mixin.py:154} INFO - [2026-06-08T13:51:17.290+0000] {dag.py:3722} INFO - Setting next_dagrun for example_task_group_decorator to 2026-06-07T13:51:17.290340+00:00, run_after=2026-06-08T13:51:17.290340+00:00
[2026-06-08T13:51:17.310+0000] {processor.py:179} INFO - Processing /home/airflow/.local/lib/python3.10/site-packages/airflow/example_dags/example_task_group_decorator.py took 0.096 seconds
[2026-06-08T13:51:47.464+0000] {processor.py:157} INFO - Started process (PID=1492) to work on /home/airflow/.local/lib/python3.10/site-packages/airflow/example_dags/example_task_group_decorator.py
[2026-06-08T13:51:47.466+0000] {processor.py:829} INFO - Processing file /home/airflow/.local/lib/python3.10/site-packages/airflow/example_dags/example_task_group_decorator.py for tasks to queue
[2026-06-08T13:51:47.467+0000] {logging_mixin.py:154} INFO - [2026-06-08T13:51:47.467+0000] {dagbag.py:536} INFO - Filling up the DagBag from /home/airflow/.local/lib/python3.10/site-packages/airflow/example_dags/example_task_group_decorator.py
[2026-06-08T13:51:47.510+0000] {processor.py:839} INFO - DAG(s) dict_keys(['example_task_group_decorator']) retrieved from /home/airflow/.local/lib/python3.10/site-packages/airflow/example_dags/example_task_group_decorator.py
[2026-06-08T13:51:47.546+0000] {logging_mixin.py:154} INFO - [2026-06-08T13:51:47.546+0000] {dag.py:2941} INFO - Sync 1 DAGs
[2026-06-08T13:51:47.581+0000] {logging_mixin.py:154} INFO - [2026-06-08T13:51:47.580+0000] {dag.py:3722} INFO - Setting next_dagrun for example_task_group_decorator to 2026-06-07T13:51:47.580364+00:00, run_after=2026-06-08T13:51:47.580364+00:00
[2026-06-08T13:51:47.628+0000] {processor.py:179} INFO - Processing /home/airflow/.local/lib/python3.10/site-packages/airflow/example_dags/example_task_group_decorator.py took 0.169 seconds
[2026-06-08T13:52:17.962+0000] {processor.py:157} INFO - Started process (PID=1541) to work on /home/airflow/.local/lib/python3.10/site-packages/airflow/example_dags/example_task_group_decorator.py
[2026-06-08T13:52:17.964+0000] {processor.py:829} INFO - Processing file /home/airflow/.local/lib/python3.10/site-packages/airflow/example_dags/example_task_group_decorator.py for tasks to queue
[2026-06-08T13:52:17.965+0000] {logging_mixin.py:154} INFO - [2026-06-08T13:52:17.965+0000] {dagbag.py:536} INFO - Filling up the DagBag from /home/airflow/.local/lib/python3.10/site-packages/airflow/example_dags/example_task_group_decorator.py
[2026-06-08T13:52:17.993+0000] {processor.py:839} INFO - DAG(s) dict_keys(['example_task_group_decorator']) retrieved from /home/airflow/.local/lib/python3.10/site-packages/airflow/example_dags/example_task_group_decorator.py
[2026-06-08T13:52:18.083+0000] {logging_mixin.py:154} INFO - [2026-06-08T13:52:18.082+0000] {dag.py:2941} INFO - Sync 1 DAGs
[2026-06-08T13:52:18.121+0000] {logging_mixin.py:154} INFO - [2026-06-08T13:52:18.120+0000] {dag.py:3722} INFO - Setting next_dagrun for example_task_group_decorator to 2026-06-07T13:52:18.120621+00:00, run_after=2026-06-08T13:52:18.120621+00:00
[2026-06-08T13:52:18.154+0000] {processor.py:179} INFO - Processing /home/airflow/.local/lib/python3.10/site-packages/airflow/example_dags/example_task_group_decorator.py took 0.210 seconds
[2026-06-08T13:52:48.432+0000] {processor.py:157} INFO - Started process (PID=1590) to work on /home/airflow/.local/lib/python3.10/site-packages/airflow/example_dags/example_task_group_decorator.py
[2026-06-08T13:52:48.441+0000] {processor.py:829} INFO - Processing file /home/airflow/.local/lib/python3.10/site-packages/airflow/example_dags/example_task_group_decorator.py for tasks to queue
[2026-06-08T13:52:48.443+0000] {logging_mixin.py:154} INFO - [2026-06-08T13:52:48.442+0000] {dagbag.py:536} INFO - Filling up the DagBag from /home/airflow/.local/lib/python3.10/site-packages/airflow/example_dags/example_task_group_decorator.py
[2026-06-08T13:52:48.507+0000] {processor.py:839} INFO - DAG(s) dict_keys(['example_task_group_decorator']) retrieved from /home/airflow/.local/lib/python3.10/site-packages/airflow/example_dags/example_task_group_decorator.py
[2026-06-08T13:52:48.587+0000] {logging_mixin.py:154} INFO - [2026-06-08T13:52:48.587+0000] {dag.py:2941} INFO - Sync 1 DAGs
[2026-06-08T13:52:48.651+0000] {logging_mixin.py:154} INFO - [2026-06-08T13:52:48.651+0000] {dag.py:3722} INFO - Setting next_dagrun for example_task_group_decorator to 2026-06-07T13:52:48.651325+00:00, run_after=2026-06-08T13:52:48.651325+00:00
[2026-06-08T13:52:48.698+0000] {processor.py:179} INFO - Processing /home/airflow/.local/lib/python3.10/site-packages/airflow/example_dags/example_task_group_decorator.py took 0.272 seconds
[2026-06-08T13:53:18.805+0000] {processor.py:157} INFO - Started process (PID=1639) to work on /home/airflow/.local/lib/python3.10/site-packages/airflow/example_dags/example_task_group_decorator.py
[2026-06-08T13:53:18.813+0000] {processor.py:829} INFO - Processing file /home/airflow/.local/lib/python3.10/site-packages/airflow/example_dags/example_task_group_decorator.py for tasks to queue
[2026-06-08T13:53:18.814+0000] {logging_mixin.py:154} INFO - [2026-06-08T13:53:18.813+0000] {dagbag.py:536} INFO - Filling up the DagBag from /home/airflow/.local/lib/python3.10/site-packages/airflow/example_dags/example_task_group_decorator.py
[2026-06-08T13:53:18.848+0000] {processor.py:839} INFO - DAG(s) dict_keys(['example_task_group_decorator']) retrieved from /home/airflow/.local/lib/python3.10/site-packages/airflow/example_dags/example_task_group_decorator.py
[2026-06-08T13:53:18.883+0000] {logging_mixin.py:154} INFO - [2026-06-08T13:53:18.883+0000] {dag.py:2941} INFO - Sync 1 DAGs
[2026-06-08T13:53:18.916+0000] {logging_mixin.py:154} INFO - [2026-06-08T13:53:18.915+0000] {dag.py:3722} INFO - Setting next_dagrun for example_task_group_decorator to 2026-06-07T13:53:18.915366+00:00, run_after=2026-06-08T13:53:18.915366+00:00
[2026-06-08T13:53:18.949+0000] {processor.py:179} INFO - Processing /home/airflow/.local/lib/python3.10/site-packages/airflow/example_dags/example_task_group_decorator.py took 0.151 seconds
[2026-06-08T13:53:49.312+0000] {processor.py:157} INFO - Started process (PID=1688) to work on /home/airflow/.local/lib/python3.10/site-packages/airflow/example_dags/example_task_group_decorator.py
[2026-06-08T13:53:49.314+0000] {processor.py:829} INFO - Processing file /home/airflow/.local/lib/python3.10/site-packages/airflow/example_dags/example_task_group_decorator.py for tasks to queue
[2026-06-08T13:53:49.315+0000] {logging_mixin.py:154} INFO - [2026-06-08T13:53:49.315+0000] {dagbag.py:536} INFO - Filling up the DagBag from /home/airflow/.local/lib/python3.10/site-packages/airflow/example_dags/example_task_group_decorator.py
[2026-06-08T13:53:49.365+0000] {processor.py:839} INFO - DAG(s) dict_keys(['example_task_group_decorator']) retrieved from /home/airflow/.local/lib/python3.10/site-packages/airflow/example_dags/example_task_group_decorator.py
[2026-06-08T13:53:49.447+0000] {logging_mixin.py:154} INFO - [2026-06-08T13:53:49.447+0000] {dag.py:2941} INFO - Sync 1 DAGs
[2026-06-08T13:53:49.494+0000] {logging_mixin.py:154} INFO - [2026-06-08T13:53:49.493+0000] {dag.py:3722} INFO - Setting next_dagrun for example_task_group_decorator to 2026-06-07T13:53:49.493616+00:00, run_after=2026-06-08T13:53:49.493616+00:00
[2026-06-08T13:53:49.558+0000] {processor.py:179} INFO - Processing /home/airflow/.local/lib/python3.10/site-packages/airflow/example_dags/example_task_group_decorator.py took 0.259 seconds
[2026-06-08T13:54:19.880+0000] {processor.py:157} INFO - Started process (PID=1737) to work on /home/airflow/.local/lib/python3.10/site-packages/airflow/example_dags/example_task_group_decorator.py
[2026-06-08T13:54:19.882+0000] {processor.py:829} INFO - Processing file /home/airflow/.local/lib/python3.10/site-packages/airflow/example_dags/example_task_group_decorator.py for tasks to queue
[2026-06-08T13:54:19.883+0000] {logging_mixin.py:154} INFO - [2026-06-08T13:54:19.883+0000] {dagbag.py:536} INFO - Filling up the DagBag from /home/airflow/.local/lib/python3.10/site-packages/airflow/example_dags/example_task_group_decorator.py
[2026-06-08T13:54:19.907+0000] {processor.py:839} INFO - DAG(s) dict_keys(['example_task_group_decorator']) retrieved from /home/airflow/.local/lib/python3.10/site-packages/airflow/example_dags/example_task_group_decorator.py
[2026-06-08T13:54:19.941+0000] {logging_mixin.py:154} INFO - [2026-06-08T13:54:19.941+0000] {dag.py:2941} INFO - Sync 1 DAGs
[2026-06-08T13:54:19.972+0000] {logging_mixin.py:154} INFO - [2026-06-08T13:54:19.971+0000] {dag.py:3722} INFO - Setting next_dagrun for example_task_group_decorator to 2026-06-07T13:54:19.971614+00:00, run_after=2026-06-08T13:54:19.971614+00:00
[2026-06-08T13:54:19.995+0000] {processor.py:179} INFO - Processing /home/airflow/.local/lib/python3.10/site-packages/airflow/example_dags/example_task_group_decorator.py took 0.124 seconds
[2026-06-08T13:54:50.040+0000] {processor.py:157} INFO - Started process (PID=1786) to work on /home/airflow/.local/lib/python3.10/site-packages/airflow/example_dags/example_task_group_decorator.py
[2026-06-08T13:54:50.041+0000] {processor.py:829} INFO - Processing file /home/airflow/.local/lib/python3.10/site-packages/airflow/example_dags/example_task_group_decorator.py for tasks to queue
[2026-06-08T13:54:50.042+0000] {logging_mixin.py:154} INFO - [2026-06-08T13:54:50.042+0000] {dagbag.py:536} INFO - Filling up the DagBag from /home/airflow/.local/lib/python3.10/site-packages/airflow/example_dags/example_task_group_decorator.py
[2026-06-08T13:54:50.068+0000] {processor.py:839} INFO - DAG(s) dict_keys(['example_task_group_decorator']) retrieved from /home/airflow/.local/lib/python3.10/site-packages/airflow/example_dags/example_task_group_decorator.py
[2026-06-08T13:54:50.106+0000] {logging_mixin.py:154} INFO - [2026-06-08T13:54:50.106+0000] {dag.py:2941} INFO - Sync 1 DAGs
[2026-06-08T13:54:50.178+0000] {logging_mixin.py:154} INFO - [2026-06-08T13:54:50.178+0000] {dag.py:3722} INFO - Setting next_dagrun for example_task_group_decorator to 2026-06-07T13:54:50.177734+00:00, run_after=2026-06-08T13:54:50.177734+00:00
[2026-06-08T13:54:50.231+0000] {processor.py:179} INFO - Processing /home/airflow/.local/lib/python3.10/site-packages/airflow/example_dags/example_task_group_decorator.py took 0.196 seconds
[2026-06-08T13:55:20.948+0000] {processor.py:157} INFO - Started process (PID=1835) to work on /home/airflow/.local/lib/python3.10/site-packages/airflow/example_dags/example_task_group_decorator.py
[2026-06-08T13:55:20.954+0000] {processor.py:829} INFO - Processing file /home/airflow/.local/lib/python3.10/site-packages/airflow/example_dags/example_task_group_decorator.py for tasks to queue
[2026-06-08T13:55:20.955+0000] {logging_mixin.py:154} INFO - [2026-06-08T13:55:20.955+0000] {dagbag.py:536} INFO - Filling up the DagBag from /home/airflow/.local/lib/python3.10/site-packages/airflow/example_dags/example_task_group_decorator.py
[2026-06-08T13:55:21.010+0000] {processor.py:839} INFO - DAG(s) dict_keys(['example_task_group_decorator']) retrieved from /home/airflow/.local/lib/python3.10/site-packages/airflow/example_dags/example_task_group_decorator.py
[2026-06-08T13:55:21.079+0000] {logging_mixin.py:154} INFO - [2026-06-08T13:55:21.079+0000] {dag.py:2941} INFO - Sync 1 DAGs
[2026-06-08T13:55:21.146+0000] {logging_mixin.py:154} INFO - [2026-06-08T13:55:21.146+0000] {dag.py:3722} INFO - Setting next_dagrun for example_task_group_decorator to 2026-06-07T13:55:21.145674+00:00, run_after=2026-06-08T13:55:21.145674+00:00
[2026-06-08T13:55:21.208+0000] {processor.py:179} INFO - Processing /home/airflow/.local/lib/python3.10/site-packages/airflow/example_dags/example_task_group_decorator.py took 0.273 seconds
[2026-06-08T13:55:51.368+0000] {processor.py:157} INFO - Started process (PID=1884) to work on /home/airflow/.local/lib/python3.10/site-packages/airflow/example_dags/example_task_group_decorator.py
[2026-06-08T13:55:51.369+0000] {processor.py:829} INFO - Processing file /home/airflow/.local/lib/python3.10/site-packages/airflow/example_dags/example_task_group_decorator.py for tasks to queue
[2026-06-08T13:55:51.370+0000] {logging_mixin.py:154} INFO - [2026-06-08T13:55:51.370+0000] {dagbag.py:536} INFO - Filling up the DagBag from /home/airflow/.local/lib/python3.10/site-packages/airflow/example_dags/example_task_group_decorator.py
[2026-06-08T13:55:51.387+0000] {processor.py:839} INFO - DAG(s) dict_keys(['example_task_group_decorator']) retrieved from /home/airflow/.local/lib/python3.10/site-packages/airflow/example_dags/example_task_group_decorator.py
[2026-06-08T13:55:51.413+0000] {logging_mixin.py:154} INFO - [2026-06-08T13:55:51.412+0000] {dag.py:2941} INFO - Sync 1 DAGs
[2026-06-08T13:55:51.435+0000] {logging_mixin.py:154} INFO - [2026-06-08T13:55:51.435+0000] {dag.py:3722} INFO - Setting next_dagrun for example_task_group_decorator to 2026-06-07T13:55:51.435271+00:00, run_after=2026-06-08T13:55:51.435271+00:00
[2026-06-08T13:55:51.453+0000] {processor.py:179} INFO - Processing /home/airflow/.local/lib/python3.10/site-packages/airflow/example_dags/example_task_group_decorator.py took 0.089 seconds
[2026-06-08T13:56:21.736+0000] {processor.py:157} INFO - Started process (PID=1933) to work on /home/airflow/.local/lib/python3.10/site-packages/airflow/example_dags/example_task_group_decorator.py
[2026-06-08T13:56:21.738+0000] {processor.py:829} INFO - Processing file /home/airflow/.local/lib/python3.10/site-packages/airflow/example_dags/example_task_group_decorator.py for tasks to queue
[2026-06-08T13:56:21.740+0000] {logging_mixin.py:154} INFO - [2026-06-08T13:56:21.739+0000] {dagbag.py:536} INFO - Filling up the DagBag from /home/airflow/.local/lib/python3.10/site-packages/airflow/example_dags/example_task_group_decorator.py
[2026-06-08T13:56:21.764+0000] {processor.py:839} INFO - DAG(s) dict_keys(['example_task_group_decorator']) retrieved from /home/airflow/.local/lib/python3.10/site-packages/airflow/example_dags/example_task_group_decorator.py
[2026-06-08T13:56:21.794+0000] {logging_mixin.py:154} INFO - [2026-06-08T13:56:21.794+0000] {dag.py:2941} INFO - Sync 1 DAGs
[2026-06-08T13:56:21.817+0000] {logging_mixin.py:154} INFO - [2026-06-08T13:56:21.816+0000] {dag.py:3722} INFO - Setting next_dagrun for example_task_group_decorator to 2026-06-07T13:56:21.816586+00:00, run_after=2026-06-08T13:56:21.816586+00:00
[2026-06-08T13:56:21.845+0000] {processor.py:179} INFO - Processing /home/airflow/.local/lib/python3.10/site-packages/airflow/example_dags/example_task_group_decorator.py took 0.114 seconds
[2026-06-08T13:56:52.176+0000] {processor.py:157} INFO - Started process (PID=1982) to work on /home/airflow/.local/lib/python3.10/site-packages/airflow/example_dags/example_task_group_decorator.py
[2026-06-08T13:56:52.177+0000] {processor.py:829} INFO - Processing file /home/airflow/.local/lib/python3.10/site-packages/airflow/example_dags/example_task_group_decorator.py for tasks to queue
[2026-06-08T13:56:52.178+0000] {logging_mixin.py:154} INFO - [2026-06-08T13:56:52.178+0000] {dagbag.py:536} INFO - Filling up the DagBag from /home/airflow/.local/lib/python3.10/site-packages/airflow/example_dags/example_task_group_decorator.py
[2026-06-08T13:56:52.229+0000] {processor.py:839} INFO - DAG(s) dict_keys(['example_task_group_decorator']) retrieved from /home/airflow/.local/lib/python3.10/site-packages/airflow/example_dags/example_task_group_decorator.py
[2026-06-08T13:56:52.342+0000] {logging_mixin.py:154} INFO - [2026-06-08T13:56:52.342+0000] {dag.py:2941} INFO - Sync 1 DAGs
[2026-06-08T13:56:52.376+0000] {logging_mixin.py:154} INFO - [2026-06-08T13:56:52.376+0000] {dag.py:3722} INFO - Setting next_dagrun for example_task_group_decorator to 2026-06-07T13:56:52.375941+00:00, run_after=2026-06-08T13:56:52.375941+00:00
[2026-06-08T13:56:52.400+0000] {processor.py:179} INFO - Processing /home/airflow/.local/lib/python3.10/site-packages/airflow/example_dags/example_task_group_decorator.py took 0.245 seconds
[2026-06-08T13:57:22.802+0000] {processor.py:157} INFO - Started process (PID=2031) to work on /home/airflow/.local/lib/python3.10/site-packages/airflow/example_dags/example_task_group_decorator.py
[2026-06-08T13:57:22.805+0000] {processor.py:829} INFO - Processing file /home/airflow/.local/lib/python3.10/site-packages/airflow/example_dags/example_task_group_decorator.py for tasks to queue
[2026-06-08T13:57:22.806+0000] {logging_mixin.py:154} INFO - [2026-06-08T13:57:22.806+0000] {dagbag.py:536} INFO - Filling up the DagBag from /home/airflow/.local/lib/python3.10/site-packages/airflow/example_dags/example_task_group_decorator.py
[2026-06-08T13:57:22.842+0000] {processor.py:839} INFO - DAG(s) dict_keys(['example_task_group_decorator']) retrieved from /home/airflow/.local/lib/python3.10/site-packages/airflow/example_dags/example_task_group_decorator.py
[2026-06-08T13:57:22.877+0000] {logging_mixin.py:154} INFO - [2026-06-08T13:57:22.877+0000] {dag.py:2941} INFO - Sync 1 DAGs
[2026-06-08T13:57:22.901+0000] {logging_mixin.py:154} INFO - [2026-06-08T13:57:22.901+0000] {dag.py:3722} INFO - Setting next_dagrun for example_task_group_decorator to 2026-06-07T13:57:22.901399+00:00, run_after=2026-06-08T13:57:22.901399+00:00
[2026-06-08T13:57:22.921+0000] {processor.py:179} INFO - Processing /home/airflow/.local/lib/python3.10/site-packages/airflow/example_dags/example_task_group_decorator.py took 0.125 seconds
[2026-06-08T13:57:53.927+0000] {processor.py:157} INFO - Started process (PID=2080) to work on /home/airflow/.local/lib/python3.10/site-packages/airflow/example_dags/example_task_group_decorator.py
[2026-06-08T13:57:53.931+0000] {processor.py:829} INFO - Processing file /home/airflow/.local/lib/python3.10/site-packages/airflow/example_dags/example_task_group_decorator.py for tasks to queue
[2026-06-08T13:57:53.937+0000] {logging_mixin.py:154} INFO - [2026-06-08T13:57:53.936+0000] {dagbag.py:536} INFO - Filling up the DagBag from /home/airflow/.local/lib/python3.10/site-packages/airflow/example_dags/example_task_group_decorator.py
[2026-06-08T13:57:53.970+0000] {processor.py:839} INFO - DAG(s) dict_keys(['example_task_group_decorator']) retrieved from /home/airflow/.local/lib/python3.10/site-packages/airflow/example_dags/example_task_group_decorator.py
[2026-06-08T13:57:54.023+0000] {logging_mixin.py:154} INFO - [2026-06-08T13:57:54.023+0000] {dag.py:2941} INFO - Sync 1 DAGs
[2026-06-08T13:57:54.057+0000] {logging_mixin.py:154} INFO - [2026-06-08T13:57:54.057+0000] {dag.py:3722} INFO - Setting next_dagrun for example_task_group_decorator to 2026-06-07T13:57:54.057176+00:00, run_after=2026-06-08T13:57:54.057176+00:00
[2026-06-08T13:57:54.080+0000] {processor.py:179} INFO - Processing /home/airflow/.local/lib/python3.10/site-packages/airflow/example_dags/example_task_group_decorator.py took 0.158 seconds
[2026-06-08T13:58:24.742+0000] {processor.py:157} INFO - Started process (PID=2129) to work on /home/airflow/.local/lib/python3.10/site-packages/airflow/example_dags/example_task_group_decorator.py
[2026-06-08T13:58:24.750+0000] {processor.py:829} INFO - Processing file /home/airflow/.local/lib/python3.10/site-packages/airflow/example_dags/example_task_group_decorator.py for tasks to queue
[2026-06-08T13:58:24.752+0000] {logging_mixin.py:154} INFO - [2026-06-08T13:58:24.751+0000] {dagbag.py:536} INFO - Filling up the DagBag from /home/airflow/.local/lib/python3.10/site-packages/airflow/example_dags/example_task_group_decorator.py
[2026-06-08T13:58:24.777+0000] {processor.py:839} INFO - DAG(s) dict_keys(['example_task_group_decorator']) retrieved from /home/airflow/.local/lib/python3.10/site-packages/airflow/example_dags/example_task_group_decorator.py
[2026-06-08T13:58:24.811+0000] {logging_mixin.py:154} INFO - [2026-06-08T13:58:24.811+0000] {dag.py:2941} INFO - Sync 1 DAGs
[2026-06-08T13:58:24.842+0000] {logging_mixin.py:154} INFO - [2026-06-08T13:58:24.841+0000] {dag.py:3722} INFO - Setting next_dagrun for example_task_group_decorator to 2026-06-07T13:58:24.841551+00:00, run_after=2026-06-08T13:58:24.841551+00:00
[2026-06-08T13:58:24.867+0000] {processor.py:179} INFO - Processing /home/airflow/.local/lib/python3.10/site-packages/airflow/example_dags/example_task_group_decorator.py took 0.131 seconds
[2026-06-08T13:58:55.086+0000] {processor.py:157} INFO - Started process (PID=2177) to work on /home/airflow/.local/lib/python3.10/site-packages/airflow/example_dags/example_task_group_decorator.py
[2026-06-08T13:58:55.087+0000] {processor.py:829} INFO - Processing file /home/airflow/.local/lib/python3.10/site-packages/airflow/example_dags/example_task_group_decorator.py for tasks to queue
[2026-06-08T13:58:55.088+0000] {logging_mixin.py:154} INFO - [2026-06-08T13:58:55.088+0000] {dagbag.py:536} INFO - Filling up the DagBag from /home/airflow/.local/lib/python3.10/site-packages/airflow/example_dags/example_task_group_decorator.py
[2026-06-08T13:58:55.116+0000] {processor.py:839} INFO - DAG(s) dict_keys(['example_task_group_decorator']) retrieved from /home/airflow/.local/lib/python3.10/site-packages/airflow/example_dags/example_task_group_decorator.py
[2026-06-08T13:58:55.166+0000] {logging_mixin.py:154} INFO - [2026-06-08T13:58:55.166+0000] {dag.py:2941} INFO - Sync 1 DAGs
[2026-06-08T13:58:55.208+0000] {logging_mixin.py:154} INFO - [2026-06-08T13:58:55.208+0000] {dag.py:3722} INFO - Setting next_dagrun for example_task_group_decorator to 2026-06-07T13:58:55.207821+00:00, run_after=2026-06-08T13:58:55.207821+00:00
[2026-06-08T13:58:55.245+0000] {processor.py:179} INFO - Processing /home/airflow/.local/lib/python3.10/site-packages/airflow/example_dags/example_task_group_decorator.py took 0.164 seconds
[2026-06-08T13:59:25.956+0000] {processor.py:157} INFO - Started process (PID=2227) to work on /home/airflow/.local/lib/python3.10/site-packages/airflow/example_dags/example_task_group_decorator.py
[2026-06-08T13:59:25.959+0000] {processor.py:829} INFO - Processing file /home/airflow/.local/lib/python3.10/site-packages/airflow/example_dags/example_task_group_decorator.py for tasks to queue
[2026-06-08T13:59:25.960+0000] {logging_mixin.py:154} INFO - [2026-06-08T13:59:25.959+0000] {dagbag.py:536} INFO - Filling up the DagBag from /home/airflow/.local/lib/python3.10/site-packages/airflow/example_dags/example_task_group_decorator.py
[2026-06-08T13:59:25.985+0000] {processor.py:839} INFO - DAG(s) dict_keys(['example_task_group_decorator']) retrieved from /home/airflow/.local/lib/python3.10/site-packages/airflow/example_dags/example_task_group_decorator.py
[2026-06-08T13:59:26.025+0000] {logging_mixin.py:154} INFO - [2026-06-08T13:59:26.023+0000] {dag.py:2941} INFO - Sync 1 DAGs
[2026-06-08T13:59:26.057+0000] {logging_mixin.py:154} INFO - [2026-06-08T13:59:26.056+0000] {dag.py:3722} INFO - Setting next_dagrun for example_task_group_decorator to 2026-06-07T13:59:26.056418+00:00, run_after=2026-06-08T13:59:26.056418+00:00
[2026-06-08T13:59:26.079+0000] {processor.py:179} INFO - Processing /home/airflow/.local/lib/python3.10/site-packages/airflow/example_dags/example_task_group_decorator.py took 0.129 seconds
[2026-06-08T13:59:56.112+0000] {processor.py:157} INFO - Started process (PID=2275) to work on /home/airflow/.local/lib/python3.10/site-packages/airflow/example_dags/example_task_group_decorator.py
[2026-06-08T13:59:56.114+0000] {processor.py:829} INFO - Processing file /home/airflow/.local/lib/python3.10/site-packages/airflow/example_dags/example_task_group_decorator.py for tasks to queue
[2026-06-08T13:59:56.115+0000] {logging_mixin.py:154} INFO - [2026-06-08T13:59:56.115+0000] {dagbag.py:536} INFO - Filling up the DagBag from /home/airflow/.local/lib/python3.10/site-packages/airflow/example_dags/example_task_group_decorator.py
[2026-06-08T13:59:56.140+0000] {processor.py:839} INFO - DAG(s) dict_keys(['example_task_group_decorator']) retrieved from /home/airflow/.local/lib/python3.10/site-packages/airflow/example_dags/example_task_group_decorator.py
[2026-06-08T13:59:56.174+0000] {logging_mixin.py:154} INFO - [2026-06-08T13:59:56.174+0000] {dag.py:2941} INFO - Sync 1 DAGs
[2026-06-08T13:59:56.199+0000] {logging_mixin.py:154} INFO - [2026-06-08T13:59:56.199+0000] {dag.py:3722} INFO - Setting next_dagrun for example_task_group_decorator to 2026-06-07T13:59:56.199389+00:00, run_after=2026-06-08T13:59:56.199389+00:00
[2026-06-08T13:59:56.231+0000] {processor.py:179} INFO - Processing /home/airflow/.local/lib/python3.10/site-packages/airflow/example_dags/example_task_group_decorator.py took 0.125 seconds
[2026-06-08T14:00:26.810+0000] {processor.py:157} INFO - Started process (PID=2324) to work on /home/airflow/.local/lib/python3.10/site-packages/airflow/example_dags/example_task_group_decorator.py
[2026-06-08T14:00:26.812+0000] {processor.py:829} INFO - Processing file /home/airflow/.local/lib/python3.10/site-packages/airflow/example_dags/example_task_group_decorator.py for tasks to queue
[2026-06-08T14:00:26.813+0000] {logging_mixin.py:154} INFO - [2026-06-08T14:00:26.812+0000] {dagbag.py:536} INFO - Filling up the DagBag from /home/airflow/.local/lib/python3.10/site-packages/airflow/example_dags/example_task_group_decorator.py
[2026-06-08T14:00:26.836+0000] {processor.py:839} INFO - DAG(s) dict_keys(['example_task_group_decorator']) retrieved from /home/airflow/.local/lib/python3.10/site-packages/airflow/example_dags/example_task_group_decorator.py
[2026-06-08T14:00:26.863+0000] {logging_mixin.py:154} INFO - [2026-06-08T14:00:26.863+0000] {dag.py:2941} INFO - Sync 1 DAGs
[2026-06-08T14:00:26.887+0000] {logging_mixin.py:154} INFO - [2026-06-08T14:00:26.886+0000] {dag.py:3722} INFO - Setting next_dagrun for example_task_group_decorator to 2026-06-07T14:00:26.886687+00:00, run_after=2026-06-08T14:00:26.886687+00:00
[2026-06-08T14:00:26.907+0000] {processor.py:179} INFO - Processing /home/airflow/.local/lib/python3.10/site-packages/airflow/example_dags/example_task_group_decorator.py took 0.103 seconds
[2026-06-08T14:00:57.434+0000] {processor.py:157} INFO - Started process (PID=2373) to work on /home/airflow/.local/lib/python3.10/site-packages/airflow/example_dags/example_task_group_decorator.py
[2026-06-08T14:00:57.437+0000] {processor.py:829} INFO - Processing file /home/airflow/.local/lib/python3.10/site-packages/airflow/example_dags/example_task_group_decorator.py for tasks to queue
[2026-06-08T14:00:57.438+0000] {logging_mixin.py:154} INFO - [2026-06-08T14:00:57.438+0000] {dagbag.py:536} INFO - Filling up the DagBag from /home/airflow/.local/lib/python3.10/site-packages/airflow/example_dags/example_task_group_decorator.py
[2026-06-08T14:00:57.479+0000] {processor.py:839} INFO - DAG(s) dict_keys(['example_task_group_decorator']) retrieved from /home/airflow/.local/lib/python3.10/site-packages/airflow/example_dags/example_task_group_decorator.py
[2026-06-08T14:00:57.538+0000] {logging_mixin.py:154} INFO - [2026-06-08T14:00:57.537+0000] {dag.py:2941} INFO - Sync 1 DAGs
[2026-06-08T14:00:57.574+0000] {logging_mixin.py:154} INFO - [2026-06-08T14:00:57.574+0000] {dag.py:3722} INFO - Setting next_dagrun for example_task_group_decorator to 2026-06-07T14:00:57.573988+00:00, run_after=2026-06-08T14:00:57.573988+00:00
[2026-06-08T14:00:57.604+0000] {processor.py:179} INFO - Processing /home/airflow/.local/lib/python3.10/site-packages/airflow/example_dags/example_task_group_decorator.py took 0.175 seconds
[2026-06-08T14:01:28.266+0000] {processor.py:157} INFO - Started process (PID=2422) to work on /home/airflow/.local/lib/python3.10/site-packages/airflow/example_dags/example_task_group_decorator.py
[2026-06-08T14:01:28.277+0000] {processor.py:829} INFO - Processing file /home/airflow/.local/lib/python3.10/site-packages/airflow/example_dags/example_task_group_decorator.py for tasks to queue
[2026-06-08T14:01:28.281+0000] {logging_mixin.py:154} INFO - [2026-06-08T14:01:28.280+0000] {dagbag.py:536} INFO - Filling up the DagBag from /home/airflow/.local/lib/python3.10/site-packages/airflow/example_dags/example_task_group_decorator.py
[2026-06-08T14:01:28.371+0000] {processor.py:839} INFO - DAG(s) dict_keys(['example_task_group_decorator']) retrieved from /home/airflow/.local/lib/python3.10/site-packages/airflow/example_dags/example_task_group_decorator.py
[2026-06-08T14:01:28.441+0000] {logging_mixin.py:154} INFO - [2026-06-08T14:01:28.441+0000] {dag.py:2941} INFO - Sync 1 DAGs
[2026-06-08T14:01:28.495+0000] {logging_mixin.py:154} INFO - [2026-06-08T14:01:28.495+0000] {dag.py:3722} INFO - Setting next_dagrun for example_task_group_decorator to 2026-06-07T14:01:28.494664+00:00, run_after=2026-06-08T14:01:28.494664+00:00
[2026-06-08T14:01:28.555+0000] {processor.py:179} INFO - Processing /home/airflow/.local/lib/python3.10/site-packages/airflow/example_dags/example_task_group_decorator.py took 0.294 seconds
[2026-06-08T14:02:00.176+0000] {processor.py:157} INFO - Started process (PID=2471) to work on /home/airflow/.local/lib/python3.10/site-packages/airflow/example_dags/example_task_group_decorator.py
[2026-06-08T14:02:00.186+0000] {processor.py:829} INFO - Processing file /home/airflow/.local/lib/python3.10/site-packages/airflow/example_dags/example_task_group_decorator.py for tasks to queue
[2026-06-08T14:02:00.193+0000] {logging_mixin.py:154} INFO - [2026-06-08T14:02:00.193+0000] {dagbag.py:536} INFO - Filling up the DagBag from /home/airflow/.local/lib/python3.10/site-packages/airflow/example_dags/example_task_group_decorator.py
[2026-06-08T14:02:00.332+0000] {processor.py:839} INFO - DAG(s) dict_keys(['example_task_group_decorator']) retrieved from /home/airflow/.local/lib/python3.10/site-packages/airflow/example_dags/example_task_group_decorator.py
[2026-06-08T14:02:00.500+0000] {logging_mixin.py:154} INFO - [2026-06-08T14:02:00.500+0000] {dag.py:2941} INFO - Sync 1 DAGs
[2026-06-08T14:02:00.577+0000] {logging_mixin.py:154} INFO - [2026-06-08T14:02:00.577+0000] {dag.py:3722} INFO - Setting next_dagrun for example_task_group_decorator to 2026-06-07T14:02:00.576993+00:00, run_after=2026-06-08T14:02:00.576993+00:00
[2026-06-08T14:02:00.683+0000] {processor.py:179} INFO - Processing /home/airflow/.local/lib/python3.10/site-packages/airflow/example_dags/example_task_group_decorator.py took 0.521 seconds
[2026-06-08T14:02:32.483+0000] {processor.py:157} INFO - Started process (PID=2521) to work on /home/airflow/.local/lib/python3.10/site-packages/airflow/example_dags/example_task_group_decorator.py
[2026-06-08T14:02:32.485+0000] {processor.py:829} INFO - Processing file /home/airflow/.local/lib/python3.10/site-packages/airflow/example_dags/example_task_group_decorator.py for tasks to queue
[2026-06-08T14:02:32.487+0000] {logging_mixin.py:154} INFO - [2026-06-08T14:02:32.486+0000] {dagbag.py:536} INFO - Filling up the DagBag from /home/airflow/.local/lib/python3.10/site-packages/airflow/example_dags/example_task_group_decorator.py
[2026-06-08T14:02:32.511+0000] {processor.py:839} INFO - DAG(s) dict_keys(['example_task_group_decorator']) retrieved from /home/airflow/.local/lib/python3.10/site-packages/airflow/example_dags/example_task_group_decorator.py
[2026-06-08T14:02:32.554+0000] {logging_mixin.py:154} INFO - [2026-06-08T14:02:32.554+0000] {dag.py:2941} INFO - Sync 1 DAGs
[2026-06-08T14:02:32.584+0000] {logging_mixin.py:154} INFO - [2026-06-08T14:02:32.583+0000] {dag.py:3722} INFO - Setting next_dagrun for example_task_group_decorator to 2026-06-07T14:02:32.583298+00:00, run_after=2026-06-08T14:02:32.583298+00:00
[2026-06-08T14:02:32.691+0000] {processor.py:179} INFO - Processing /home/airflow/.local/lib/python3.10/site-packages/airflow/example_dags/example_task_group_decorator.py took 0.213 seconds
[2026-06-08T14:03:04.494+0000] {processor.py:157} INFO - Started process (PID=2570) to work on /home/airflow/.local/lib/python3.10/site-packages/airflow/example_dags/example_task_group_decorator.py
[2026-06-08T14:03:04.497+0000] {processor.py:829} INFO - Processing file /home/airflow/.local/lib/python3.10/site-packages/airflow/example_dags/example_task_group_decorator.py for tasks to queue
[2026-06-08T14:03:04.498+0000] {logging_mixin.py:154} INFO - [2026-06-08T14:03:04.498+0000] {dagbag.py:536} INFO - Filling up the DagBag from /home/airflow/.local/lib/python3.10/site-packages/airflow/example_dags/example_task_group_decorator.py
[2026-06-08T14:03:04.518+0000] {processor.py:839} INFO - DAG(s) dict_keys(['example_task_group_decorator']) retrieved from /home/airflow/.local/lib/python3.10/site-packages/airflow/example_dags/example_task_group_decorator.py
[2026-06-08T14:03:04.547+0000] {logging_mixin.py:154} INFO - [2026-06-08T14:03:04.547+0000] {dag.py:2941} INFO - Sync 1 DAGs
[2026-06-08T14:03:04.571+0000] {logging_mixin.py:154} INFO - [2026-06-08T14:03:04.571+0000] {dag.py:3722} INFO - Setting next_dagrun for example_task_group_decorator to 2026-06-07T14:03:04.571125+00:00, run_after=2026-06-08T14:03:04.571125+00:00
[2026-06-08T14:03:04.596+0000] {processor.py:179} INFO - Processing /home/airflow/.local/lib/python3.10/site-packages/airflow/example_dags/example_task_group_decorator.py took 0.106 seconds
[2026-06-08T14:03:36.900+0000] {processor.py:157} INFO - Started process (PID=2618) to work on /home/airflow/.local/lib/python3.10/site-packages/airflow/example_dags/example_task_group_decorator.py
[2026-06-08T14:03:36.905+0000] {processor.py:829} INFO - Processing file /home/airflow/.local/lib/python3.10/site-packages/airflow/example_dags/example_task_group_decorator.py for tasks to queue
[2026-06-08T14:03:36.906+0000] {logging_mixin.py:154} INFO - [2026-06-08T14:03:36.906+0000] {dagbag.py:536} INFO - Filling up the DagBag from /home/airflow/.local/lib/python3.10/site-packages/airflow/example_dags/example_task_group_decorator.py
[2026-06-08T14:03:36.964+0000] {processor.py:839} INFO - DAG(s) dict_keys(['example_task_group_decorator']) retrieved from /home/airflow/.local/lib/python3.10/site-packages/airflow/example_dags/example_task_group_decorator.py
[2026-06-08T14:03:37.049+0000] {logging_mixin.py:154} INFO - [2026-06-08T14:03:37.049+0000] {dag.py:2941} INFO - Sync 1 DAGs
[2026-06-08T14:03:37.130+0000] {logging_mixin.py:154} INFO - [2026-06-08T14:03:37.129+0000] {dag.py:3722} INFO - Setting next_dagrun for example_task_group_decorator to 2026-06-07T14:03:37.129353+00:00, run_after=2026-06-08T14:03:37.129353+00:00
[2026-06-08T14:03:37.179+0000] {processor.py:179} INFO - Processing /home/airflow/.local/lib/python3.10/site-packages/airflow/example_dags/example_task_group_decorator.py took 0.285 seconds
