[2026-06-08T12:43:33.510+0000] {processor.py:157} INFO - Started process (PID=66) to work on /home/airflow/.local/lib/python3.8/site-packages/airflow/example_dags/example_branch_operator.py
[2026-06-08T12:43:33.511+0000] {processor.py:829} INFO - Processing file /home/airflow/.local/lib/python3.8/site-packages/airflow/example_dags/example_branch_operator.py for tasks to queue
[2026-06-08T12:43:33.540+0000] {logging_mixin.py:154} INFO - [2026-06-08T12:43:33.540+0000] {dagbag.py:536} INFO - Filling up the DagBag from /home/airflow/.local/lib/python3.8/site-packages/airflow/example_dags/example_branch_operator.py
[2026-06-08T12:43:33.640+0000] {processor.py:839} INFO - DAG(s) dict_keys(['example_branch_operator']) retrieved from /home/airflow/.local/lib/python3.8/site-packages/airflow/example_dags/example_branch_operator.py
[2026-06-08T12:43:33.854+0000] {logging_mixin.py:154} INFO - [2026-06-08T12:43:33.854+0000] {dag.py:2941} INFO - Sync 1 DAGs
[2026-06-08T12:43:34.105+0000] {logging_mixin.py:154} INFO - [2026-06-08T12:43:34.081+0000] {dag.py:3722} INFO - Setting next_dagrun for example_branch_operator to 2026-06-07T00:00:00+00:00, run_after=2026-06-08T00:00:00+00:00
[2026-06-08T12:43:34.358+0000] {processor.py:179} INFO - Processing /home/airflow/.local/lib/python3.8/site-packages/airflow/example_dags/example_branch_operator.py took 0.901 seconds
[2026-06-08T12:44:04.610+0000] {processor.py:157} INFO - Started process (PID=114) to work on /home/airflow/.local/lib/python3.8/site-packages/airflow/example_dags/example_branch_operator.py
[2026-06-08T12:44:04.618+0000] {processor.py:829} INFO - Processing file /home/airflow/.local/lib/python3.8/site-packages/airflow/example_dags/example_branch_operator.py for tasks to queue
[2026-06-08T12:44:04.621+0000] {logging_mixin.py:154} INFO - [2026-06-08T12:44:04.621+0000] {dagbag.py:536} INFO - Filling up the DagBag from /home/airflow/.local/lib/python3.8/site-packages/airflow/example_dags/example_branch_operator.py
[2026-06-08T12:44:04.643+0000] {processor.py:839} INFO - DAG(s) dict_keys(['example_branch_operator']) retrieved from /home/airflow/.local/lib/python3.8/site-packages/airflow/example_dags/example_branch_operator.py
[2026-06-08T12:44:04.698+0000] {logging_mixin.py:154} INFO - [2026-06-08T12:44:04.698+0000] {dag.py:2941} INFO - Sync 1 DAGs
[2026-06-08T12:44:04.750+0000] {logging_mixin.py:154} INFO - [2026-06-08T12:44:04.749+0000] {dag.py:3722} INFO - Setting next_dagrun for example_branch_operator to 2026-06-07T00:00:00+00:00, run_after=2026-06-08T00:00:00+00:00
[2026-06-08T12:44:04.813+0000] {processor.py:179} INFO - Processing /home/airflow/.local/lib/python3.8/site-packages/airflow/example_dags/example_branch_operator.py took 0.210 seconds
[2026-06-08T12:44:35.772+0000] {processor.py:157} INFO - Started process (PID=162) to work on /home/airflow/.local/lib/python3.8/site-packages/airflow/example_dags/example_branch_operator.py
[2026-06-08T12:44:35.773+0000] {processor.py:829} INFO - Processing file /home/airflow/.local/lib/python3.8/site-packages/airflow/example_dags/example_branch_operator.py for tasks to queue
[2026-06-08T12:44:35.774+0000] {logging_mixin.py:154} INFO - [2026-06-08T12:44:35.774+0000] {dagbag.py:536} INFO - Filling up the DagBag from /home/airflow/.local/lib/python3.8/site-packages/airflow/example_dags/example_branch_operator.py
[2026-06-08T12:44:35.789+0000] {processor.py:839} INFO - DAG(s) dict_keys(['example_branch_operator']) retrieved from /home/airflow/.local/lib/python3.8/site-packages/airflow/example_dags/example_branch_operator.py
[2026-06-08T12:44:35.832+0000] {logging_mixin.py:154} INFO - [2026-06-08T12:44:35.832+0000] {dag.py:2941} INFO - Sync 1 DAGs
[2026-06-08T12:44:35.914+0000] {logging_mixin.py:154} INFO - [2026-06-08T12:44:35.913+0000] {dag.py:3722} INFO - Setting next_dagrun for example_branch_operator to 2026-06-07T00:00:00+00:00, run_after=2026-06-08T00:00:00+00:00
[2026-06-08T12:44:36.003+0000] {processor.py:179} INFO - Processing /home/airflow/.local/lib/python3.8/site-packages/airflow/example_dags/example_branch_operator.py took 0.237 seconds
[2026-06-08T12:45:06.724+0000] {processor.py:157} INFO - Started process (PID=210) to work on /home/airflow/.local/lib/python3.8/site-packages/airflow/example_dags/example_branch_operator.py
[2026-06-08T12:45:06.725+0000] {processor.py:829} INFO - Processing file /home/airflow/.local/lib/python3.8/site-packages/airflow/example_dags/example_branch_operator.py for tasks to queue
[2026-06-08T12:45:06.725+0000] {logging_mixin.py:154} INFO - [2026-06-08T12:45:06.725+0000] {dagbag.py:536} INFO - Filling up the DagBag from /home/airflow/.local/lib/python3.8/site-packages/airflow/example_dags/example_branch_operator.py
[2026-06-08T12:45:06.736+0000] {processor.py:839} INFO - DAG(s) dict_keys(['example_branch_operator']) retrieved from /home/airflow/.local/lib/python3.8/site-packages/airflow/example_dags/example_branch_operator.py
[2026-06-08T12:45:06.769+0000] {logging_mixin.py:154} INFO - [2026-06-08T12:45:06.768+0000] {dag.py:2941} INFO - Sync 1 DAGs
[2026-06-08T12:45:06.795+0000] {logging_mixin.py:154} INFO - [2026-06-08T12:45:06.794+0000] {dag.py:3722} INFO - Setting next_dagrun for example_branch_operator to 2026-06-07T00:00:00+00:00, run_after=2026-06-08T00:00:00+00:00
[2026-06-08T12:45:06.816+0000] {processor.py:179} INFO - Processing /home/airflow/.local/lib/python3.8/site-packages/airflow/example_dags/example_branch_operator.py took 0.096 seconds
[2026-06-08T12:45:37.324+0000] {processor.py:157} INFO - Started process (PID=258) to work on /home/airflow/.local/lib/python3.8/site-packages/airflow/example_dags/example_branch_operator.py
[2026-06-08T12:45:37.325+0000] {processor.py:829} INFO - Processing file /home/airflow/.local/lib/python3.8/site-packages/airflow/example_dags/example_branch_operator.py for tasks to queue
[2026-06-08T12:45:37.326+0000] {logging_mixin.py:154} INFO - [2026-06-08T12:45:37.326+0000] {dagbag.py:536} INFO - Filling up the DagBag from /home/airflow/.local/lib/python3.8/site-packages/airflow/example_dags/example_branch_operator.py
[2026-06-08T12:45:37.339+0000] {processor.py:839} INFO - DAG(s) dict_keys(['example_branch_operator']) retrieved from /home/airflow/.local/lib/python3.8/site-packages/airflow/example_dags/example_branch_operator.py
[2026-06-08T12:45:37.364+0000] {logging_mixin.py:154} INFO - [2026-06-08T12:45:37.364+0000] {dag.py:2941} INFO - Sync 1 DAGs
[2026-06-08T12:45:37.389+0000] {logging_mixin.py:154} INFO - [2026-06-08T12:45:37.389+0000] {dag.py:3722} INFO - Setting next_dagrun for example_branch_operator to 2026-06-07T00:00:00+00:00, run_after=2026-06-08T00:00:00+00:00
[2026-06-08T12:45:37.409+0000] {processor.py:179} INFO - Processing /home/airflow/.local/lib/python3.8/site-packages/airflow/example_dags/example_branch_operator.py took 0.090 seconds
[2026-06-08T12:48:16.248+0000] {processor.py:157} INFO - Started process (PID=66) to work on /home/airflow/.local/lib/python3.8/site-packages/airflow/example_dags/example_branch_operator.py
[2026-06-08T12:48:16.256+0000] {processor.py:829} INFO - Processing file /home/airflow/.local/lib/python3.8/site-packages/airflow/example_dags/example_branch_operator.py for tasks to queue
[2026-06-08T12:48:16.267+0000] {logging_mixin.py:154} INFO - [2026-06-08T12:48:16.267+0000] {dagbag.py:536} INFO - Filling up the DagBag from /home/airflow/.local/lib/python3.8/site-packages/airflow/example_dags/example_branch_operator.py
[2026-06-08T12:48:16.384+0000] {processor.py:839} INFO - DAG(s) dict_keys(['example_branch_operator']) retrieved from /home/airflow/.local/lib/python3.8/site-packages/airflow/example_dags/example_branch_operator.py
[2026-06-08T12:48:16.630+0000] {logging_mixin.py:154} INFO - [2026-06-08T12:48:16.630+0000] {dag.py:2941} INFO - Sync 1 DAGs
[2026-06-08T12:48:16.785+0000] {logging_mixin.py:154} INFO - [2026-06-08T12:48:16.785+0000] {dag.py:3722} INFO - Setting next_dagrun for example_branch_operator to 2026-06-07T00:00:00+00:00, run_after=2026-06-08T00:00:00+00:00
[2026-06-08T12:48:16.935+0000] {processor.py:179} INFO - Processing /home/airflow/.local/lib/python3.8/site-packages/airflow/example_dags/example_branch_operator.py took 0.731 seconds
[2026-06-08T12:48:47.263+0000] {processor.py:157} INFO - Started process (PID=114) to work on /home/airflow/.local/lib/python3.8/site-packages/airflow/example_dags/example_branch_operator.py
[2026-06-08T12:48:47.268+0000] {processor.py:829} INFO - Processing file /home/airflow/.local/lib/python3.8/site-packages/airflow/example_dags/example_branch_operator.py for tasks to queue
[2026-06-08T12:48:47.286+0000] {logging_mixin.py:154} INFO - [2026-06-08T12:48:47.285+0000] {dagbag.py:536} INFO - Filling up the DagBag from /home/airflow/.local/lib/python3.8/site-packages/airflow/example_dags/example_branch_operator.py
[2026-06-08T12:48:47.324+0000] {processor.py:839} INFO - DAG(s) dict_keys(['example_branch_operator']) retrieved from /home/airflow/.local/lib/python3.8/site-packages/airflow/example_dags/example_branch_operator.py
[2026-06-08T12:48:47.403+0000] {logging_mixin.py:154} INFO - [2026-06-08T12:48:47.403+0000] {dag.py:2941} INFO - Sync 1 DAGs
[2026-06-08T12:48:47.503+0000] {logging_mixin.py:154} INFO - [2026-06-08T12:48:47.503+0000] {dag.py:3722} INFO - Setting next_dagrun for example_branch_operator to 2026-06-07T00:00:00+00:00, run_after=2026-06-08T00:00:00+00:00
[2026-06-08T12:48:47.586+0000] {processor.py:179} INFO - Processing /home/airflow/.local/lib/python3.8/site-packages/airflow/example_dags/example_branch_operator.py took 0.348 seconds
[2026-06-08T12:49:18.663+0000] {processor.py:157} INFO - Started process (PID=162) to work on /home/airflow/.local/lib/python3.8/site-packages/airflow/example_dags/example_branch_operator.py
[2026-06-08T12:49:18.664+0000] {processor.py:829} INFO - Processing file /home/airflow/.local/lib/python3.8/site-packages/airflow/example_dags/example_branch_operator.py for tasks to queue
[2026-06-08T12:49:18.673+0000] {logging_mixin.py:154} INFO - [2026-06-08T12:49:18.672+0000] {dagbag.py:536} INFO - Filling up the DagBag from /home/airflow/.local/lib/python3.8/site-packages/airflow/example_dags/example_branch_operator.py
[2026-06-08T12:49:18.723+0000] {processor.py:839} INFO - DAG(s) dict_keys(['example_branch_operator']) retrieved from /home/airflow/.local/lib/python3.8/site-packages/airflow/example_dags/example_branch_operator.py
[2026-06-08T12:49:18.817+0000] {logging_mixin.py:154} INFO - [2026-06-08T12:49:18.817+0000] {dag.py:2941} INFO - Sync 1 DAGs
[2026-06-08T12:49:18.888+0000] {logging_mixin.py:154} INFO - [2026-06-08T12:49:18.888+0000] {dag.py:3722} INFO - Setting next_dagrun for example_branch_operator to 2026-06-07T00:00:00+00:00, run_after=2026-06-08T00:00:00+00:00
[2026-06-08T12:49:18.964+0000] {processor.py:179} INFO - Processing /home/airflow/.local/lib/python3.8/site-packages/airflow/example_dags/example_branch_operator.py took 0.327 seconds
[2026-06-08T12:49:49.511+0000] {processor.py:157} INFO - Started process (PID=210) to work on /home/airflow/.local/lib/python3.8/site-packages/airflow/example_dags/example_branch_operator.py
[2026-06-08T12:49:49.513+0000] {processor.py:829} INFO - Processing file /home/airflow/.local/lib/python3.8/site-packages/airflow/example_dags/example_branch_operator.py for tasks to queue
[2026-06-08T12:49:49.515+0000] {logging_mixin.py:154} INFO - [2026-06-08T12:49:49.515+0000] {dagbag.py:536} INFO - Filling up the DagBag from /home/airflow/.local/lib/python3.8/site-packages/airflow/example_dags/example_branch_operator.py
[2026-06-08T12:49:49.529+0000] {processor.py:839} INFO - DAG(s) dict_keys(['example_branch_operator']) retrieved from /home/airflow/.local/lib/python3.8/site-packages/airflow/example_dags/example_branch_operator.py
[2026-06-08T12:49:49.590+0000] {logging_mixin.py:154} INFO - [2026-06-08T12:49:49.589+0000] {dag.py:2941} INFO - Sync 1 DAGs
[2026-06-08T12:49:49.630+0000] {logging_mixin.py:154} INFO - [2026-06-08T12:49:49.629+0000] {dag.py:3722} INFO - Setting next_dagrun for example_branch_operator to 2026-06-07T00:00:00+00:00, run_after=2026-06-08T00:00:00+00:00
[2026-06-08T12:49:49.694+0000] {processor.py:179} INFO - Processing /home/airflow/.local/lib/python3.8/site-packages/airflow/example_dags/example_branch_operator.py took 0.187 seconds
[2026-06-08T12:50:20.040+0000] {processor.py:157} INFO - Started process (PID=258) to work on /home/airflow/.local/lib/python3.8/site-packages/airflow/example_dags/example_branch_operator.py
[2026-06-08T12:50:20.048+0000] {processor.py:829} INFO - Processing file /home/airflow/.local/lib/python3.8/site-packages/airflow/example_dags/example_branch_operator.py for tasks to queue
[2026-06-08T12:50:20.051+0000] {logging_mixin.py:154} INFO - [2026-06-08T12:50:20.051+0000] {dagbag.py:536} INFO - Filling up the DagBag from /home/airflow/.local/lib/python3.8/site-packages/airflow/example_dags/example_branch_operator.py
[2026-06-08T12:50:20.072+0000] {processor.py:839} INFO - DAG(s) dict_keys(['example_branch_operator']) retrieved from /home/airflow/.local/lib/python3.8/site-packages/airflow/example_dags/example_branch_operator.py
[2026-06-08T12:50:20.105+0000] {logging_mixin.py:154} INFO - [2026-06-08T12:50:20.105+0000] {dag.py:2941} INFO - Sync 1 DAGs
[2026-06-08T12:50:20.140+0000] {logging_mixin.py:154} INFO - [2026-06-08T12:50:20.140+0000] {dag.py:3722} INFO - Setting next_dagrun for example_branch_operator to 2026-06-07T00:00:00+00:00, run_after=2026-06-08T00:00:00+00:00
[2026-06-08T12:50:20.167+0000] {processor.py:179} INFO - Processing /home/airflow/.local/lib/python3.8/site-packages/airflow/example_dags/example_branch_operator.py took 0.131 seconds
[2026-06-08T12:50:50.457+0000] {processor.py:157} INFO - Started process (PID=306) to work on /home/airflow/.local/lib/python3.8/site-packages/airflow/example_dags/example_branch_operator.py
[2026-06-08T12:50:50.460+0000] {processor.py:829} INFO - Processing file /home/airflow/.local/lib/python3.8/site-packages/airflow/example_dags/example_branch_operator.py for tasks to queue
[2026-06-08T12:50:50.465+0000] {logging_mixin.py:154} INFO - [2026-06-08T12:50:50.465+0000] {dagbag.py:536} INFO - Filling up the DagBag from /home/airflow/.local/lib/python3.8/site-packages/airflow/example_dags/example_branch_operator.py
[2026-06-08T12:50:50.482+0000] {processor.py:839} INFO - DAG(s) dict_keys(['example_branch_operator']) retrieved from /home/airflow/.local/lib/python3.8/site-packages/airflow/example_dags/example_branch_operator.py
[2026-06-08T12:50:50.516+0000] {logging_mixin.py:154} INFO - [2026-06-08T12:50:50.515+0000] {dag.py:2941} INFO - Sync 1 DAGs
[2026-06-08T12:50:50.554+0000] {logging_mixin.py:154} INFO - [2026-06-08T12:50:50.553+0000] {dag.py:3722} INFO - Setting next_dagrun for example_branch_operator to 2026-06-07T00:00:00+00:00, run_after=2026-06-08T00:00:00+00:00
[2026-06-08T12:50:50.583+0000] {processor.py:179} INFO - Processing /home/airflow/.local/lib/python3.8/site-packages/airflow/example_dags/example_branch_operator.py took 0.131 seconds
[2026-06-08T12:51:21.112+0000] {processor.py:157} INFO - Started process (PID=354) to work on /home/airflow/.local/lib/python3.8/site-packages/airflow/example_dags/example_branch_operator.py
[2026-06-08T12:51:21.115+0000] {processor.py:829} INFO - Processing file /home/airflow/.local/lib/python3.8/site-packages/airflow/example_dags/example_branch_operator.py for tasks to queue
[2026-06-08T12:51:21.118+0000] {logging_mixin.py:154} INFO - [2026-06-08T12:51:21.118+0000] {dagbag.py:536} INFO - Filling up the DagBag from /home/airflow/.local/lib/python3.8/site-packages/airflow/example_dags/example_branch_operator.py
[2026-06-08T12:51:21.140+0000] {processor.py:839} INFO - DAG(s) dict_keys(['example_branch_operator']) retrieved from /home/airflow/.local/lib/python3.8/site-packages/airflow/example_dags/example_branch_operator.py
[2026-06-08T12:51:21.184+0000] {logging_mixin.py:154} INFO - [2026-06-08T12:51:21.184+0000] {dag.py:2941} INFO - Sync 1 DAGs
[2026-06-08T12:51:21.245+0000] {logging_mixin.py:154} INFO - [2026-06-08T12:51:21.245+0000] {dag.py:3722} INFO - Setting next_dagrun for example_branch_operator to 2026-06-07T00:00:00+00:00, run_after=2026-06-08T00:00:00+00:00
[2026-06-08T12:51:21.271+0000] {processor.py:179} INFO - Processing /home/airflow/.local/lib/python3.8/site-packages/airflow/example_dags/example_branch_operator.py took 0.164 seconds
[2026-06-08T12:51:52.058+0000] {processor.py:157} INFO - Started process (PID=402) to work on /home/airflow/.local/lib/python3.8/site-packages/airflow/example_dags/example_branch_operator.py
[2026-06-08T12:51:52.060+0000] {processor.py:829} INFO - Processing file /home/airflow/.local/lib/python3.8/site-packages/airflow/example_dags/example_branch_operator.py for tasks to queue
[2026-06-08T12:51:52.072+0000] {logging_mixin.py:154} INFO - [2026-06-08T12:51:52.071+0000] {dagbag.py:536} INFO - Filling up the DagBag from /home/airflow/.local/lib/python3.8/site-packages/airflow/example_dags/example_branch_operator.py
[2026-06-08T12:51:52.143+0000] {processor.py:839} INFO - DAG(s) dict_keys(['example_branch_operator']) retrieved from /home/airflow/.local/lib/python3.8/site-packages/airflow/example_dags/example_branch_operator.py
[2026-06-08T12:51:52.273+0000] {logging_mixin.py:154} INFO - [2026-06-08T12:51:52.272+0000] {dag.py:2941} INFO - Sync 1 DAGs
[2026-06-08T12:51:52.429+0000] {logging_mixin.py:154} INFO - [2026-06-08T12:51:52.428+0000] {dag.py:3722} INFO - Setting next_dagrun for example_branch_operator to 2026-06-07T00:00:00+00:00, run_after=2026-06-08T00:00:00+00:00
[2026-06-08T12:51:52.514+0000] {processor.py:179} INFO - Processing /home/airflow/.local/lib/python3.8/site-packages/airflow/example_dags/example_branch_operator.py took 0.469 seconds
[2026-06-08T12:52:23.248+0000] {processor.py:157} INFO - Started process (PID=450) to work on /home/airflow/.local/lib/python3.8/site-packages/airflow/example_dags/example_branch_operator.py
[2026-06-08T12:52:23.268+0000] {processor.py:829} INFO - Processing file /home/airflow/.local/lib/python3.8/site-packages/airflow/example_dags/example_branch_operator.py for tasks to queue
[2026-06-08T12:52:23.297+0000] {logging_mixin.py:154} INFO - [2026-06-08T12:52:23.296+0000] {dagbag.py:536} INFO - Filling up the DagBag from /home/airflow/.local/lib/python3.8/site-packages/airflow/example_dags/example_branch_operator.py
[2026-06-08T12:52:23.384+0000] {processor.py:839} INFO - DAG(s) dict_keys(['example_branch_operator']) retrieved from /home/airflow/.local/lib/python3.8/site-packages/airflow/example_dags/example_branch_operator.py
[2026-06-08T12:52:23.505+0000] {logging_mixin.py:154} INFO - [2026-06-08T12:52:23.505+0000] {dag.py:2941} INFO - Sync 1 DAGs
[2026-06-08T12:52:23.699+0000] {logging_mixin.py:154} INFO - [2026-06-08T12:52:23.699+0000] {dag.py:3722} INFO - Setting next_dagrun for example_branch_operator to 2026-06-07T00:00:00+00:00, run_after=2026-06-08T00:00:00+00:00
[2026-06-08T12:52:23.883+0000] {processor.py:179} INFO - Processing /home/airflow/.local/lib/python3.8/site-packages/airflow/example_dags/example_branch_operator.py took 0.643 seconds
[2026-06-08T12:52:54.285+0000] {processor.py:157} INFO - Started process (PID=498) to work on /home/airflow/.local/lib/python3.8/site-packages/airflow/example_dags/example_branch_operator.py
[2026-06-08T12:52:54.296+0000] {processor.py:829} INFO - Processing file /home/airflow/.local/lib/python3.8/site-packages/airflow/example_dags/example_branch_operator.py for tasks to queue
[2026-06-08T12:52:54.299+0000] {logging_mixin.py:154} INFO - [2026-06-08T12:52:54.299+0000] {dagbag.py:536} INFO - Filling up the DagBag from /home/airflow/.local/lib/python3.8/site-packages/airflow/example_dags/example_branch_operator.py
[2026-06-08T12:52:54.324+0000] {processor.py:839} INFO - DAG(s) dict_keys(['example_branch_operator']) retrieved from /home/airflow/.local/lib/python3.8/site-packages/airflow/example_dags/example_branch_operator.py
[2026-06-08T12:52:54.447+0000] {logging_mixin.py:154} INFO - [2026-06-08T12:52:54.441+0000] {dag.py:2941} INFO - Sync 1 DAGs
[2026-06-08T12:52:54.546+0000] {logging_mixin.py:154} INFO - [2026-06-08T12:52:54.546+0000] {dag.py:3722} INFO - Setting next_dagrun for example_branch_operator to 2026-06-07T00:00:00+00:00, run_after=2026-06-08T00:00:00+00:00
[2026-06-08T12:52:54.726+0000] {processor.py:179} INFO - Processing /home/airflow/.local/lib/python3.8/site-packages/airflow/example_dags/example_branch_operator.py took 0.448 seconds
[2026-06-08T12:53:24.946+0000] {processor.py:157} INFO - Started process (PID=546) to work on /home/airflow/.local/lib/python3.8/site-packages/airflow/example_dags/example_branch_operator.py
[2026-06-08T12:53:24.951+0000] {processor.py:829} INFO - Processing file /home/airflow/.local/lib/python3.8/site-packages/airflow/example_dags/example_branch_operator.py for tasks to queue
[2026-06-08T12:53:24.955+0000] {logging_mixin.py:154} INFO - [2026-06-08T12:53:24.954+0000] {dagbag.py:536} INFO - Filling up the DagBag from /home/airflow/.local/lib/python3.8/site-packages/airflow/example_dags/example_branch_operator.py
[2026-06-08T12:53:24.978+0000] {processor.py:839} INFO - DAG(s) dict_keys(['example_branch_operator']) retrieved from /home/airflow/.local/lib/python3.8/site-packages/airflow/example_dags/example_branch_operator.py
[2026-06-08T12:53:25.050+0000] {logging_mixin.py:154} INFO - [2026-06-08T12:53:25.050+0000] {dag.py:2941} INFO - Sync 1 DAGs
[2026-06-08T12:53:25.113+0000] {logging_mixin.py:154} INFO - [2026-06-08T12:53:25.113+0000] {dag.py:3722} INFO - Setting next_dagrun for example_branch_operator to 2026-06-07T00:00:00+00:00, run_after=2026-06-08T00:00:00+00:00
[2026-06-08T12:53:25.193+0000] {processor.py:179} INFO - Processing /home/airflow/.local/lib/python3.8/site-packages/airflow/example_dags/example_branch_operator.py took 0.260 seconds
[2026-06-08T12:54:03.465+0000] {processor.py:157} INFO - Started process (PID=594) to work on /home/airflow/.local/lib/python3.8/site-packages/airflow/example_dags/example_branch_operator.py
[2026-06-08T12:54:03.472+0000] {processor.py:829} INFO - Processing file /home/airflow/.local/lib/python3.8/site-packages/airflow/example_dags/example_branch_operator.py for tasks to queue
[2026-06-08T12:54:03.487+0000] {logging_mixin.py:154} INFO - [2026-06-08T12:54:03.486+0000] {dagbag.py:536} INFO - Filling up the DagBag from /home/airflow/.local/lib/python3.8/site-packages/airflow/example_dags/example_branch_operator.py
[2026-06-08T12:54:03.517+0000] {processor.py:839} INFO - DAG(s) dict_keys(['example_branch_operator']) retrieved from /home/airflow/.local/lib/python3.8/site-packages/airflow/example_dags/example_branch_operator.py
[2026-06-08T12:54:03.594+0000] {logging_mixin.py:154} INFO - [2026-06-08T12:54:03.594+0000] {dag.py:2941} INFO - Sync 1 DAGs
[2026-06-08T12:54:03.671+0000] {logging_mixin.py:154} INFO - [2026-06-08T12:54:03.671+0000] {dag.py:3722} INFO - Setting next_dagrun for example_branch_operator to 2026-06-07T00:00:00+00:00, run_after=2026-06-08T00:00:00+00:00
[2026-06-08T12:54:03.738+0000] {processor.py:179} INFO - Processing /home/airflow/.local/lib/python3.8/site-packages/airflow/example_dags/example_branch_operator.py took 0.299 seconds
[2026-06-08T13:00:22.403+0000] {processor.py:157} INFO - Started process (PID=67) to work on /home/airflow/.local/lib/python3.8/site-packages/airflow/example_dags/example_branch_operator.py
[2026-06-08T13:00:22.413+0000] {processor.py:829} INFO - Processing file /home/airflow/.local/lib/python3.8/site-packages/airflow/example_dags/example_branch_operator.py for tasks to queue
[2026-06-08T13:00:22.426+0000] {logging_mixin.py:154} INFO - [2026-06-08T13:00:22.426+0000] {dagbag.py:536} INFO - Filling up the DagBag from /home/airflow/.local/lib/python3.8/site-packages/airflow/example_dags/example_branch_operator.py
[2026-06-08T13:00:22.508+0000] {processor.py:839} INFO - DAG(s) dict_keys(['example_branch_operator']) retrieved from /home/airflow/.local/lib/python3.8/site-packages/airflow/example_dags/example_branch_operator.py
[2026-06-08T13:00:22.659+0000] {logging_mixin.py:154} INFO - [2026-06-08T13:00:22.658+0000] {dag.py:2941} INFO - Sync 1 DAGs
[2026-06-08T13:00:22.867+0000] {logging_mixin.py:154} INFO - [2026-06-08T13:00:22.866+0000] {dag.py:3722} INFO - Setting next_dagrun for example_branch_operator to 2026-06-07T00:00:00+00:00, run_after=2026-06-08T00:00:00+00:00
[2026-06-08T13:00:23.026+0000] {processor.py:179} INFO - Processing /home/airflow/.local/lib/python3.8/site-packages/airflow/example_dags/example_branch_operator.py took 0.674 seconds
[2026-06-08T13:00:53.724+0000] {processor.py:157} INFO - Started process (PID=115) to work on /home/airflow/.local/lib/python3.8/site-packages/airflow/example_dags/example_branch_operator.py
[2026-06-08T13:00:53.734+0000] {processor.py:829} INFO - Processing file /home/airflow/.local/lib/python3.8/site-packages/airflow/example_dags/example_branch_operator.py for tasks to queue
[2026-06-08T13:00:53.737+0000] {logging_mixin.py:154} INFO - [2026-06-08T13:00:53.737+0000] {dagbag.py:536} INFO - Filling up the DagBag from /home/airflow/.local/lib/python3.8/site-packages/airflow/example_dags/example_branch_operator.py
[2026-06-08T13:00:53.781+0000] {processor.py:839} INFO - DAG(s) dict_keys(['example_branch_operator']) retrieved from /home/airflow/.local/lib/python3.8/site-packages/airflow/example_dags/example_branch_operator.py
[2026-06-08T13:00:53.926+0000] {logging_mixin.py:154} INFO - [2026-06-08T13:00:53.926+0000] {dag.py:2941} INFO - Sync 1 DAGs
[2026-06-08T13:00:54.101+0000] {logging_mixin.py:154} INFO - [2026-06-08T13:00:54.101+0000] {dag.py:3722} INFO - Setting next_dagrun for example_branch_operator to 2026-06-07T00:00:00+00:00, run_after=2026-06-08T00:00:00+00:00
[2026-06-08T13:00:54.218+0000] {processor.py:179} INFO - Processing /home/airflow/.local/lib/python3.8/site-packages/airflow/example_dags/example_branch_operator.py took 0.505 seconds
[2026-06-08T13:01:24.989+0000] {processor.py:157} INFO - Started process (PID=163) to work on /home/airflow/.local/lib/python3.8/site-packages/airflow/example_dags/example_branch_operator.py
[2026-06-08T13:01:24.991+0000] {processor.py:829} INFO - Processing file /home/airflow/.local/lib/python3.8/site-packages/airflow/example_dags/example_branch_operator.py for tasks to queue
[2026-06-08T13:01:24.994+0000] {logging_mixin.py:154} INFO - [2026-06-08T13:01:24.993+0000] {dagbag.py:536} INFO - Filling up the DagBag from /home/airflow/.local/lib/python3.8/site-packages/airflow/example_dags/example_branch_operator.py
[2026-06-08T13:01:25.008+0000] {processor.py:839} INFO - DAG(s) dict_keys(['example_branch_operator']) retrieved from /home/airflow/.local/lib/python3.8/site-packages/airflow/example_dags/example_branch_operator.py
[2026-06-08T13:01:25.043+0000] {logging_mixin.py:154} INFO - [2026-06-08T13:01:25.042+0000] {dag.py:2941} INFO - Sync 1 DAGs
[2026-06-08T13:01:25.078+0000] {logging_mixin.py:154} INFO - [2026-06-08T13:01:25.078+0000] {dag.py:3722} INFO - Setting next_dagrun for example_branch_operator to 2026-06-07T00:00:00+00:00, run_after=2026-06-08T00:00:00+00:00
[2026-06-08T13:01:25.107+0000] {processor.py:179} INFO - Processing /home/airflow/.local/lib/python3.8/site-packages/airflow/example_dags/example_branch_operator.py took 0.124 seconds
[2026-06-08T13:01:55.570+0000] {processor.py:157} INFO - Started process (PID=211) to work on /home/airflow/.local/lib/python3.8/site-packages/airflow/example_dags/example_branch_operator.py
[2026-06-08T13:01:55.578+0000] {processor.py:829} INFO - Processing file /home/airflow/.local/lib/python3.8/site-packages/airflow/example_dags/example_branch_operator.py for tasks to queue
[2026-06-08T13:01:55.581+0000] {logging_mixin.py:154} INFO - [2026-06-08T13:01:55.581+0000] {dagbag.py:536} INFO - Filling up the DagBag from /home/airflow/.local/lib/python3.8/site-packages/airflow/example_dags/example_branch_operator.py
[2026-06-08T13:01:55.606+0000] {processor.py:839} INFO - DAG(s) dict_keys(['example_branch_operator']) retrieved from /home/airflow/.local/lib/python3.8/site-packages/airflow/example_dags/example_branch_operator.py
[2026-06-08T13:01:55.724+0000] {logging_mixin.py:154} INFO - [2026-06-08T13:01:55.723+0000] {dag.py:2941} INFO - Sync 1 DAGs
[2026-06-08T13:01:55.823+0000] {logging_mixin.py:154} INFO - [2026-06-08T13:01:55.823+0000] {dag.py:3722} INFO - Setting next_dagrun for example_branch_operator to 2026-06-07T00:00:00+00:00, run_after=2026-06-08T00:00:00+00:00
[2026-06-08T13:01:55.889+0000] {processor.py:179} INFO - Processing /home/airflow/.local/lib/python3.8/site-packages/airflow/example_dags/example_branch_operator.py took 0.332 seconds
[2026-06-08T13:02:26.299+0000] {processor.py:157} INFO - Started process (PID=259) to work on /home/airflow/.local/lib/python3.8/site-packages/airflow/example_dags/example_branch_operator.py
[2026-06-08T13:02:26.304+0000] {processor.py:829} INFO - Processing file /home/airflow/.local/lib/python3.8/site-packages/airflow/example_dags/example_branch_operator.py for tasks to queue
[2026-06-08T13:02:26.317+0000] {logging_mixin.py:154} INFO - [2026-06-08T13:02:26.314+0000] {dagbag.py:536} INFO - Filling up the DagBag from /home/airflow/.local/lib/python3.8/site-packages/airflow/example_dags/example_branch_operator.py
[2026-06-08T13:02:26.341+0000] {processor.py:839} INFO - DAG(s) dict_keys(['example_branch_operator']) retrieved from /home/airflow/.local/lib/python3.8/site-packages/airflow/example_dags/example_branch_operator.py
[2026-06-08T13:02:26.425+0000] {logging_mixin.py:154} INFO - [2026-06-08T13:02:26.424+0000] {dag.py:2941} INFO - Sync 1 DAGs
[2026-06-08T13:02:26.463+0000] {logging_mixin.py:154} INFO - [2026-06-08T13:02:26.463+0000] {dag.py:3722} INFO - Setting next_dagrun for example_branch_operator to 2026-06-07T00:00:00+00:00, run_after=2026-06-08T00:00:00+00:00
[2026-06-08T13:02:26.519+0000] {processor.py:179} INFO - Processing /home/airflow/.local/lib/python3.8/site-packages/airflow/example_dags/example_branch_operator.py took 0.242 seconds
[2026-06-08T13:02:56.765+0000] {processor.py:157} INFO - Started process (PID=307) to work on /home/airflow/.local/lib/python3.8/site-packages/airflow/example_dags/example_branch_operator.py
[2026-06-08T13:02:56.766+0000] {processor.py:829} INFO - Processing file /home/airflow/.local/lib/python3.8/site-packages/airflow/example_dags/example_branch_operator.py for tasks to queue
[2026-06-08T13:02:56.769+0000] {logging_mixin.py:154} INFO - [2026-06-08T13:02:56.769+0000] {dagbag.py:536} INFO - Filling up the DagBag from /home/airflow/.local/lib/python3.8/site-packages/airflow/example_dags/example_branch_operator.py
[2026-06-08T13:02:56.784+0000] {processor.py:839} INFO - DAG(s) dict_keys(['example_branch_operator']) retrieved from /home/airflow/.local/lib/python3.8/site-packages/airflow/example_dags/example_branch_operator.py
[2026-06-08T13:02:56.820+0000] {logging_mixin.py:154} INFO - [2026-06-08T13:02:56.819+0000] {dag.py:2941} INFO - Sync 1 DAGs
[2026-06-08T13:02:56.856+0000] {logging_mixin.py:154} INFO - [2026-06-08T13:02:56.855+0000] {dag.py:3722} INFO - Setting next_dagrun for example_branch_operator to 2026-06-07T00:00:00+00:00, run_after=2026-06-08T00:00:00+00:00
[2026-06-08T13:02:56.880+0000] {processor.py:179} INFO - Processing /home/airflow/.local/lib/python3.8/site-packages/airflow/example_dags/example_branch_operator.py took 0.120 seconds
[2026-06-08T13:03:27.647+0000] {processor.py:157} INFO - Started process (PID=355) to work on /home/airflow/.local/lib/python3.8/site-packages/airflow/example_dags/example_branch_operator.py
[2026-06-08T13:03:27.649+0000] {processor.py:829} INFO - Processing file /home/airflow/.local/lib/python3.8/site-packages/airflow/example_dags/example_branch_operator.py for tasks to queue
[2026-06-08T13:03:27.652+0000] {logging_mixin.py:154} INFO - [2026-06-08T13:03:27.652+0000] {dagbag.py:536} INFO - Filling up the DagBag from /home/airflow/.local/lib/python3.8/site-packages/airflow/example_dags/example_branch_operator.py
[2026-06-08T13:03:27.668+0000] {processor.py:839} INFO - DAG(s) dict_keys(['example_branch_operator']) retrieved from /home/airflow/.local/lib/python3.8/site-packages/airflow/example_dags/example_branch_operator.py
[2026-06-08T13:03:27.703+0000] {logging_mixin.py:154} INFO - [2026-06-08T13:03:27.702+0000] {dag.py:2941} INFO - Sync 1 DAGs
[2026-06-08T13:03:27.741+0000] {logging_mixin.py:154} INFO - [2026-06-08T13:03:27.741+0000] {dag.py:3722} INFO - Setting next_dagrun for example_branch_operator to 2026-06-07T00:00:00+00:00, run_after=2026-06-08T00:00:00+00:00
[2026-06-08T13:03:27.763+0000] {processor.py:179} INFO - Processing /home/airflow/.local/lib/python3.8/site-packages/airflow/example_dags/example_branch_operator.py took 0.122 seconds
[2026-06-08T13:03:58.473+0000] {processor.py:157} INFO - Started process (PID=403) to work on /home/airflow/.local/lib/python3.8/site-packages/airflow/example_dags/example_branch_operator.py
[2026-06-08T13:03:58.475+0000] {processor.py:829} INFO - Processing file /home/airflow/.local/lib/python3.8/site-packages/airflow/example_dags/example_branch_operator.py for tasks to queue
[2026-06-08T13:03:58.478+0000] {logging_mixin.py:154} INFO - [2026-06-08T13:03:58.478+0000] {dagbag.py:536} INFO - Filling up the DagBag from /home/airflow/.local/lib/python3.8/site-packages/airflow/example_dags/example_branch_operator.py
[2026-06-08T13:03:58.494+0000] {processor.py:839} INFO - DAG(s) dict_keys(['example_branch_operator']) retrieved from /home/airflow/.local/lib/python3.8/site-packages/airflow/example_dags/example_branch_operator.py
[2026-06-08T13:03:58.535+0000] {logging_mixin.py:154} INFO - [2026-06-08T13:03:58.535+0000] {dag.py:2941} INFO - Sync 1 DAGs
[2026-06-08T13:03:58.572+0000] {logging_mixin.py:154} INFO - [2026-06-08T13:03:58.572+0000] {dag.py:3722} INFO - Setting next_dagrun for example_branch_operator to 2026-06-07T00:00:00+00:00, run_after=2026-06-08T00:00:00+00:00
[2026-06-08T13:03:58.600+0000] {processor.py:179} INFO - Processing /home/airflow/.local/lib/python3.8/site-packages/airflow/example_dags/example_branch_operator.py took 0.131 seconds
[2026-06-08T13:11:08.802+0000] {processor.py:157} INFO - Started process (PID=65) to work on /home/airflow/.local/lib/python3.8/site-packages/airflow/example_dags/example_branch_operator.py
[2026-06-08T13:11:08.806+0000] {processor.py:829} INFO - Processing file /home/airflow/.local/lib/python3.8/site-packages/airflow/example_dags/example_branch_operator.py for tasks to queue
[2026-06-08T13:11:08.826+0000] {logging_mixin.py:154} INFO - [2026-06-08T13:11:08.826+0000] {dagbag.py:536} INFO - Filling up the DagBag from /home/airflow/.local/lib/python3.8/site-packages/airflow/example_dags/example_branch_operator.py
[2026-06-08T13:11:08.904+0000] {processor.py:839} INFO - DAG(s) dict_keys(['example_branch_operator']) retrieved from /home/airflow/.local/lib/python3.8/site-packages/airflow/example_dags/example_branch_operator.py
[2026-06-08T13:11:09.089+0000] {logging_mixin.py:154} INFO - [2026-06-08T13:11:09.089+0000] {dag.py:2941} INFO - Sync 1 DAGs
[2026-06-08T13:11:09.244+0000] {logging_mixin.py:154} INFO - [2026-06-08T13:11:09.244+0000] {dag.py:3722} INFO - Setting next_dagrun for example_branch_operator to 2026-06-07T00:00:00+00:00, run_after=2026-06-08T00:00:00+00:00
[2026-06-08T13:11:09.389+0000] {processor.py:179} INFO - Processing /home/airflow/.local/lib/python3.8/site-packages/airflow/example_dags/example_branch_operator.py took 0.604 seconds
[2026-06-08T13:11:39.981+0000] {processor.py:157} INFO - Started process (PID=113) to work on /home/airflow/.local/lib/python3.8/site-packages/airflow/example_dags/example_branch_operator.py
[2026-06-08T13:11:39.986+0000] {processor.py:829} INFO - Processing file /home/airflow/.local/lib/python3.8/site-packages/airflow/example_dags/example_branch_operator.py for tasks to queue
[2026-06-08T13:11:39.989+0000] {logging_mixin.py:154} INFO - [2026-06-08T13:11:39.989+0000] {dagbag.py:536} INFO - Filling up the DagBag from /home/airflow/.local/lib/python3.8/site-packages/airflow/example_dags/example_branch_operator.py
[2026-06-08T13:11:40.022+0000] {processor.py:839} INFO - DAG(s) dict_keys(['example_branch_operator']) retrieved from /home/airflow/.local/lib/python3.8/site-packages/airflow/example_dags/example_branch_operator.py
[2026-06-08T13:11:40.123+0000] {logging_mixin.py:154} INFO - [2026-06-08T13:11:40.123+0000] {dag.py:2941} INFO - Sync 1 DAGs
[2026-06-08T13:11:40.196+0000] {logging_mixin.py:154} INFO - [2026-06-08T13:11:40.189+0000] {dag.py:3722} INFO - Setting next_dagrun for example_branch_operator to 2026-06-07T00:00:00+00:00, run_after=2026-06-08T00:00:00+00:00
[2026-06-08T13:11:40.270+0000] {processor.py:179} INFO - Processing /home/airflow/.local/lib/python3.8/site-packages/airflow/example_dags/example_branch_operator.py took 0.294 seconds
[2026-06-08T13:12:11.017+0000] {processor.py:157} INFO - Started process (PID=161) to work on /home/airflow/.local/lib/python3.8/site-packages/airflow/example_dags/example_branch_operator.py
[2026-06-08T13:12:11.020+0000] {processor.py:829} INFO - Processing file /home/airflow/.local/lib/python3.8/site-packages/airflow/example_dags/example_branch_operator.py for tasks to queue
[2026-06-08T13:12:11.023+0000] {logging_mixin.py:154} INFO - [2026-06-08T13:12:11.023+0000] {dagbag.py:536} INFO - Filling up the DagBag from /home/airflow/.local/lib/python3.8/site-packages/airflow/example_dags/example_branch_operator.py
[2026-06-08T13:12:11.043+0000] {processor.py:839} INFO - DAG(s) dict_keys(['example_branch_operator']) retrieved from /home/airflow/.local/lib/python3.8/site-packages/airflow/example_dags/example_branch_operator.py
[2026-06-08T13:12:11.114+0000] {logging_mixin.py:154} INFO - [2026-06-08T13:12:11.113+0000] {dag.py:2941} INFO - Sync 1 DAGs
[2026-06-08T13:12:11.192+0000] {logging_mixin.py:154} INFO - [2026-06-08T13:12:11.192+0000] {dag.py:3722} INFO - Setting next_dagrun for example_branch_operator to 2026-06-07T00:00:00+00:00, run_after=2026-06-08T00:00:00+00:00
[2026-06-08T13:12:11.293+0000] {processor.py:179} INFO - Processing /home/airflow/.local/lib/python3.8/site-packages/airflow/example_dags/example_branch_operator.py took 0.294 seconds
[2026-06-08T13:12:41.380+0000] {processor.py:157} INFO - Started process (PID=209) to work on /home/airflow/.local/lib/python3.8/site-packages/airflow/example_dags/example_branch_operator.py
[2026-06-08T13:12:41.387+0000] {processor.py:829} INFO - Processing file /home/airflow/.local/lib/python3.8/site-packages/airflow/example_dags/example_branch_operator.py for tasks to queue
[2026-06-08T13:12:41.396+0000] {logging_mixin.py:154} INFO - [2026-06-08T13:12:41.396+0000] {dagbag.py:536} INFO - Filling up the DagBag from /home/airflow/.local/lib/python3.8/site-packages/airflow/example_dags/example_branch_operator.py
[2026-06-08T13:12:41.432+0000] {processor.py:839} INFO - DAG(s) dict_keys(['example_branch_operator']) retrieved from /home/airflow/.local/lib/python3.8/site-packages/airflow/example_dags/example_branch_operator.py
[2026-06-08T13:12:41.493+0000] {logging_mixin.py:154} INFO - [2026-06-08T13:12:41.492+0000] {dag.py:2941} INFO - Sync 1 DAGs
[2026-06-08T13:12:41.566+0000] {logging_mixin.py:154} INFO - [2026-06-08T13:12:41.566+0000] {dag.py:3722} INFO - Setting next_dagrun for example_branch_operator to 2026-06-07T00:00:00+00:00, run_after=2026-06-08T00:00:00+00:00
[2026-06-08T13:12:41.643+0000] {processor.py:179} INFO - Processing /home/airflow/.local/lib/python3.8/site-packages/airflow/example_dags/example_branch_operator.py took 0.278 seconds
[2026-06-08T13:13:12.137+0000] {processor.py:157} INFO - Started process (PID=257) to work on /home/airflow/.local/lib/python3.8/site-packages/airflow/example_dags/example_branch_operator.py
[2026-06-08T13:13:12.138+0000] {processor.py:829} INFO - Processing file /home/airflow/.local/lib/python3.8/site-packages/airflow/example_dags/example_branch_operator.py for tasks to queue
[2026-06-08T13:13:12.141+0000] {logging_mixin.py:154} INFO - [2026-06-08T13:13:12.141+0000] {dagbag.py:536} INFO - Filling up the DagBag from /home/airflow/.local/lib/python3.8/site-packages/airflow/example_dags/example_branch_operator.py
[2026-06-08T13:13:12.155+0000] {processor.py:839} INFO - DAG(s) dict_keys(['example_branch_operator']) retrieved from /home/airflow/.local/lib/python3.8/site-packages/airflow/example_dags/example_branch_operator.py
[2026-06-08T13:13:12.193+0000] {logging_mixin.py:154} INFO - [2026-06-08T13:13:12.193+0000] {dag.py:2941} INFO - Sync 1 DAGs
[2026-06-08T13:13:12.229+0000] {logging_mixin.py:154} INFO - [2026-06-08T13:13:12.229+0000] {dag.py:3722} INFO - Setting next_dagrun for example_branch_operator to 2026-06-07T00:00:00+00:00, run_after=2026-06-08T00:00:00+00:00
[2026-06-08T13:13:12.253+0000] {processor.py:179} INFO - Processing /home/airflow/.local/lib/python3.8/site-packages/airflow/example_dags/example_branch_operator.py took 0.121 seconds
[2026-06-08T13:13:42.642+0000] {processor.py:157} INFO - Started process (PID=305) to work on /home/airflow/.local/lib/python3.8/site-packages/airflow/example_dags/example_branch_operator.py
[2026-06-08T13:13:42.644+0000] {processor.py:829} INFO - Processing file /home/airflow/.local/lib/python3.8/site-packages/airflow/example_dags/example_branch_operator.py for tasks to queue
[2026-06-08T13:13:42.647+0000] {logging_mixin.py:154} INFO - [2026-06-08T13:13:42.647+0000] {dagbag.py:536} INFO - Filling up the DagBag from /home/airflow/.local/lib/python3.8/site-packages/airflow/example_dags/example_branch_operator.py
[2026-06-08T13:13:42.662+0000] {processor.py:839} INFO - DAG(s) dict_keys(['example_branch_operator']) retrieved from /home/airflow/.local/lib/python3.8/site-packages/airflow/example_dags/example_branch_operator.py
[2026-06-08T13:13:42.695+0000] {logging_mixin.py:154} INFO - [2026-06-08T13:13:42.695+0000] {dag.py:2941} INFO - Sync 1 DAGs
[2026-06-08T13:13:42.758+0000] {logging_mixin.py:154} INFO - [2026-06-08T13:13:42.758+0000] {dag.py:3722} INFO - Setting next_dagrun for example_branch_operator to 2026-06-07T00:00:00+00:00, run_after=2026-06-08T00:00:00+00:00
[2026-06-08T13:13:42.825+0000] {processor.py:179} INFO - Processing /home/airflow/.local/lib/python3.8/site-packages/airflow/example_dags/example_branch_operator.py took 0.188 seconds
[2026-06-08T13:14:12.908+0000] {processor.py:157} INFO - Started process (PID=353) to work on /home/airflow/.local/lib/python3.8/site-packages/airflow/example_dags/example_branch_operator.py
[2026-06-08T13:14:12.909+0000] {processor.py:829} INFO - Processing file /home/airflow/.local/lib/python3.8/site-packages/airflow/example_dags/example_branch_operator.py for tasks to queue
[2026-06-08T13:14:12.913+0000] {logging_mixin.py:154} INFO - [2026-06-08T13:14:12.912+0000] {dagbag.py:536} INFO - Filling up the DagBag from /home/airflow/.local/lib/python3.8/site-packages/airflow/example_dags/example_branch_operator.py
[2026-06-08T13:14:12.927+0000] {processor.py:839} INFO - DAG(s) dict_keys(['example_branch_operator']) retrieved from /home/airflow/.local/lib/python3.8/site-packages/airflow/example_dags/example_branch_operator.py
[2026-06-08T13:14:12.961+0000] {logging_mixin.py:154} INFO - [2026-06-08T13:14:12.960+0000] {dag.py:2941} INFO - Sync 1 DAGs
[2026-06-08T13:14:12.998+0000] {logging_mixin.py:154} INFO - [2026-06-08T13:14:12.998+0000] {dag.py:3722} INFO - Setting next_dagrun for example_branch_operator to 2026-06-07T00:00:00+00:00, run_after=2026-06-08T00:00:00+00:00
[2026-06-08T13:14:13.022+0000] {processor.py:179} INFO - Processing /home/airflow/.local/lib/python3.8/site-packages/airflow/example_dags/example_branch_operator.py took 0.119 seconds
[2026-06-08T13:14:43.522+0000] {processor.py:157} INFO - Started process (PID=401) to work on /home/airflow/.local/lib/python3.8/site-packages/airflow/example_dags/example_branch_operator.py
[2026-06-08T13:14:43.525+0000] {processor.py:829} INFO - Processing file /home/airflow/.local/lib/python3.8/site-packages/airflow/example_dags/example_branch_operator.py for tasks to queue
[2026-06-08T13:14:43.528+0000] {logging_mixin.py:154} INFO - [2026-06-08T13:14:43.527+0000] {dagbag.py:536} INFO - Filling up the DagBag from /home/airflow/.local/lib/python3.8/site-packages/airflow/example_dags/example_branch_operator.py
[2026-06-08T13:14:43.548+0000] {processor.py:839} INFO - DAG(s) dict_keys(['example_branch_operator']) retrieved from /home/airflow/.local/lib/python3.8/site-packages/airflow/example_dags/example_branch_operator.py
[2026-06-08T13:14:43.608+0000] {logging_mixin.py:154} INFO - [2026-06-08T13:14:43.608+0000] {dag.py:2941} INFO - Sync 1 DAGs
[2026-06-08T13:14:43.645+0000] {logging_mixin.py:154} INFO - [2026-06-08T13:14:43.644+0000] {dag.py:3722} INFO - Setting next_dagrun for example_branch_operator to 2026-06-07T00:00:00+00:00, run_after=2026-06-08T00:00:00+00:00
[2026-06-08T13:14:43.669+0000] {processor.py:179} INFO - Processing /home/airflow/.local/lib/python3.8/site-packages/airflow/example_dags/example_branch_operator.py took 0.152 seconds
[2026-06-08T13:15:14.268+0000] {processor.py:157} INFO - Started process (PID=449) to work on /home/airflow/.local/lib/python3.8/site-packages/airflow/example_dags/example_branch_operator.py
[2026-06-08T13:15:14.278+0000] {processor.py:829} INFO - Processing file /home/airflow/.local/lib/python3.8/site-packages/airflow/example_dags/example_branch_operator.py for tasks to queue
[2026-06-08T13:15:14.281+0000] {logging_mixin.py:154} INFO - [2026-06-08T13:15:14.281+0000] {dagbag.py:536} INFO - Filling up the DagBag from /home/airflow/.local/lib/python3.8/site-packages/airflow/example_dags/example_branch_operator.py
[2026-06-08T13:15:14.348+0000] {processor.py:839} INFO - DAG(s) dict_keys(['example_branch_operator']) retrieved from /home/airflow/.local/lib/python3.8/site-packages/airflow/example_dags/example_branch_operator.py
[2026-06-08T13:15:14.514+0000] {logging_mixin.py:154} INFO - [2026-06-08T13:15:14.514+0000] {dag.py:2941} INFO - Sync 1 DAGs
[2026-06-08T13:15:14.623+0000] {logging_mixin.py:154} INFO - [2026-06-08T13:15:14.613+0000] {dag.py:3722} INFO - Setting next_dagrun for example_branch_operator to 2026-06-07T00:00:00+00:00, run_after=2026-06-08T00:00:00+00:00
[2026-06-08T13:15:14.703+0000] {processor.py:179} INFO - Processing /home/airflow/.local/lib/python3.8/site-packages/airflow/example_dags/example_branch_operator.py took 0.448 seconds
[2026-06-08T13:15:44.796+0000] {processor.py:157} INFO - Started process (PID=497) to work on /home/airflow/.local/lib/python3.8/site-packages/airflow/example_dags/example_branch_operator.py
[2026-06-08T13:15:44.797+0000] {processor.py:829} INFO - Processing file /home/airflow/.local/lib/python3.8/site-packages/airflow/example_dags/example_branch_operator.py for tasks to queue
[2026-06-08T13:15:44.800+0000] {logging_mixin.py:154} INFO - [2026-06-08T13:15:44.799+0000] {dagbag.py:536} INFO - Filling up the DagBag from /home/airflow/.local/lib/python3.8/site-packages/airflow/example_dags/example_branch_operator.py
[2026-06-08T13:15:44.814+0000] {processor.py:839} INFO - DAG(s) dict_keys(['example_branch_operator']) retrieved from /home/airflow/.local/lib/python3.8/site-packages/airflow/example_dags/example_branch_operator.py
[2026-06-08T13:15:44.848+0000] {logging_mixin.py:154} INFO - [2026-06-08T13:15:44.848+0000] {dag.py:2941} INFO - Sync 1 DAGs
[2026-06-08T13:15:44.885+0000] {logging_mixin.py:154} INFO - [2026-06-08T13:15:44.884+0000] {dag.py:3722} INFO - Setting next_dagrun for example_branch_operator to 2026-06-07T00:00:00+00:00, run_after=2026-06-08T00:00:00+00:00
[2026-06-08T13:15:44.910+0000] {processor.py:179} INFO - Processing /home/airflow/.local/lib/python3.8/site-packages/airflow/example_dags/example_branch_operator.py took 0.121 seconds
[2026-06-08T13:16:15.017+0000] {processor.py:157} INFO - Started process (PID=545) to work on /home/airflow/.local/lib/python3.8/site-packages/airflow/example_dags/example_branch_operator.py
[2026-06-08T13:16:15.035+0000] {processor.py:829} INFO - Processing file /home/airflow/.local/lib/python3.8/site-packages/airflow/example_dags/example_branch_operator.py for tasks to queue
[2026-06-08T13:16:15.039+0000] {logging_mixin.py:154} INFO - [2026-06-08T13:16:15.038+0000] {dagbag.py:536} INFO - Filling up the DagBag from /home/airflow/.local/lib/python3.8/site-packages/airflow/example_dags/example_branch_operator.py
[2026-06-08T13:16:15.062+0000] {processor.py:839} INFO - DAG(s) dict_keys(['example_branch_operator']) retrieved from /home/airflow/.local/lib/python3.8/site-packages/airflow/example_dags/example_branch_operator.py
[2026-06-08T13:16:15.096+0000] {logging_mixin.py:154} INFO - [2026-06-08T13:16:15.096+0000] {dag.py:2941} INFO - Sync 1 DAGs
[2026-06-08T13:16:15.131+0000] {logging_mixin.py:154} INFO - [2026-06-08T13:16:15.131+0000] {dag.py:3722} INFO - Setting next_dagrun for example_branch_operator to 2026-06-07T00:00:00+00:00, run_after=2026-06-08T00:00:00+00:00
[2026-06-08T13:16:15.159+0000] {processor.py:179} INFO - Processing /home/airflow/.local/lib/python3.8/site-packages/airflow/example_dags/example_branch_operator.py took 0.147 seconds
[2026-06-08T13:16:45.784+0000] {processor.py:157} INFO - Started process (PID=593) to work on /home/airflow/.local/lib/python3.8/site-packages/airflow/example_dags/example_branch_operator.py
[2026-06-08T13:16:45.786+0000] {processor.py:829} INFO - Processing file /home/airflow/.local/lib/python3.8/site-packages/airflow/example_dags/example_branch_operator.py for tasks to queue
[2026-06-08T13:16:45.789+0000] {logging_mixin.py:154} INFO - [2026-06-08T13:16:45.789+0000] {dagbag.py:536} INFO - Filling up the DagBag from /home/airflow/.local/lib/python3.8/site-packages/airflow/example_dags/example_branch_operator.py
[2026-06-08T13:16:45.803+0000] {processor.py:839} INFO - DAG(s) dict_keys(['example_branch_operator']) retrieved from /home/airflow/.local/lib/python3.8/site-packages/airflow/example_dags/example_branch_operator.py
[2026-06-08T13:16:45.837+0000] {logging_mixin.py:154} INFO - [2026-06-08T13:16:45.837+0000] {dag.py:2941} INFO - Sync 1 DAGs
[2026-06-08T13:16:45.873+0000] {logging_mixin.py:154} INFO - [2026-06-08T13:16:45.872+0000] {dag.py:3722} INFO - Setting next_dagrun for example_branch_operator to 2026-06-07T00:00:00+00:00, run_after=2026-06-08T00:00:00+00:00
[2026-06-08T13:16:45.898+0000] {processor.py:179} INFO - Processing /home/airflow/.local/lib/python3.8/site-packages/airflow/example_dags/example_branch_operator.py took 0.118 seconds
[2026-06-08T13:17:16.170+0000] {processor.py:157} INFO - Started process (PID=641) to work on /home/airflow/.local/lib/python3.8/site-packages/airflow/example_dags/example_branch_operator.py
[2026-06-08T13:17:16.173+0000] {processor.py:829} INFO - Processing file /home/airflow/.local/lib/python3.8/site-packages/airflow/example_dags/example_branch_operator.py for tasks to queue
[2026-06-08T13:17:16.178+0000] {logging_mixin.py:154} INFO - [2026-06-08T13:17:16.177+0000] {dagbag.py:536} INFO - Filling up the DagBag from /home/airflow/.local/lib/python3.8/site-packages/airflow/example_dags/example_branch_operator.py
[2026-06-08T13:17:16.209+0000] {processor.py:839} INFO - DAG(s) dict_keys(['example_branch_operator']) retrieved from /home/airflow/.local/lib/python3.8/site-packages/airflow/example_dags/example_branch_operator.py
[2026-06-08T13:17:16.306+0000] {logging_mixin.py:154} INFO - [2026-06-08T13:17:16.306+0000] {dag.py:2941} INFO - Sync 1 DAGs
[2026-06-08T13:17:16.363+0000] {logging_mixin.py:154} INFO - [2026-06-08T13:17:16.363+0000] {dag.py:3722} INFO - Setting next_dagrun for example_branch_operator to 2026-06-07T00:00:00+00:00, run_after=2026-06-08T00:00:00+00:00
[2026-06-08T13:17:16.388+0000] {processor.py:179} INFO - Processing /home/airflow/.local/lib/python3.8/site-packages/airflow/example_dags/example_branch_operator.py took 0.234 seconds
[2026-06-08T13:17:46.447+0000] {processor.py:157} INFO - Started process (PID=689) to work on /home/airflow/.local/lib/python3.8/site-packages/airflow/example_dags/example_branch_operator.py
[2026-06-08T13:17:46.449+0000] {processor.py:829} INFO - Processing file /home/airflow/.local/lib/python3.8/site-packages/airflow/example_dags/example_branch_operator.py for tasks to queue
[2026-06-08T13:17:46.456+0000] {logging_mixin.py:154} INFO - [2026-06-08T13:17:46.456+0000] {dagbag.py:536} INFO - Filling up the DagBag from /home/airflow/.local/lib/python3.8/site-packages/airflow/example_dags/example_branch_operator.py
[2026-06-08T13:17:46.470+0000] {processor.py:839} INFO - DAG(s) dict_keys(['example_branch_operator']) retrieved from /home/airflow/.local/lib/python3.8/site-packages/airflow/example_dags/example_branch_operator.py
[2026-06-08T13:17:46.503+0000] {logging_mixin.py:154} INFO - [2026-06-08T13:17:46.503+0000] {dag.py:2941} INFO - Sync 1 DAGs
[2026-06-08T13:17:46.538+0000] {logging_mixin.py:154} INFO - [2026-06-08T13:17:46.538+0000] {dag.py:3722} INFO - Setting next_dagrun for example_branch_operator to 2026-06-07T00:00:00+00:00, run_after=2026-06-08T00:00:00+00:00
[2026-06-08T13:17:46.561+0000] {processor.py:179} INFO - Processing /home/airflow/.local/lib/python3.8/site-packages/airflow/example_dags/example_branch_operator.py took 0.127 seconds
[2026-06-08T13:18:17.493+0000] {processor.py:157} INFO - Started process (PID=737) to work on /home/airflow/.local/lib/python3.8/site-packages/airflow/example_dags/example_branch_operator.py
[2026-06-08T13:18:17.494+0000] {processor.py:829} INFO - Processing file /home/airflow/.local/lib/python3.8/site-packages/airflow/example_dags/example_branch_operator.py for tasks to queue
[2026-06-08T13:18:17.497+0000] {logging_mixin.py:154} INFO - [2026-06-08T13:18:17.496+0000] {dagbag.py:536} INFO - Filling up the DagBag from /home/airflow/.local/lib/python3.8/site-packages/airflow/example_dags/example_branch_operator.py
[2026-06-08T13:18:17.511+0000] {processor.py:839} INFO - DAG(s) dict_keys(['example_branch_operator']) retrieved from /home/airflow/.local/lib/python3.8/site-packages/airflow/example_dags/example_branch_operator.py
[2026-06-08T13:18:17.545+0000] {logging_mixin.py:154} INFO - [2026-06-08T13:18:17.545+0000] {dag.py:2941} INFO - Sync 1 DAGs
[2026-06-08T13:18:17.595+0000] {logging_mixin.py:154} INFO - [2026-06-08T13:18:17.595+0000] {dag.py:3722} INFO - Setting next_dagrun for example_branch_operator to 2026-06-07T00:00:00+00:00, run_after=2026-06-08T00:00:00+00:00
[2026-06-08T13:18:17.622+0000] {processor.py:179} INFO - Processing /home/airflow/.local/lib/python3.8/site-packages/airflow/example_dags/example_branch_operator.py took 0.134 seconds
[2026-06-08T13:18:47.956+0000] {processor.py:157} INFO - Started process (PID=785) to work on /home/airflow/.local/lib/python3.8/site-packages/airflow/example_dags/example_branch_operator.py
[2026-06-08T13:18:47.958+0000] {processor.py:829} INFO - Processing file /home/airflow/.local/lib/python3.8/site-packages/airflow/example_dags/example_branch_operator.py for tasks to queue
[2026-06-08T13:18:47.961+0000] {logging_mixin.py:154} INFO - [2026-06-08T13:18:47.961+0000] {dagbag.py:536} INFO - Filling up the DagBag from /home/airflow/.local/lib/python3.8/site-packages/airflow/example_dags/example_branch_operator.py
[2026-06-08T13:18:47.975+0000] {processor.py:839} INFO - DAG(s) dict_keys(['example_branch_operator']) retrieved from /home/airflow/.local/lib/python3.8/site-packages/airflow/example_dags/example_branch_operator.py
[2026-06-08T13:18:48.010+0000] {logging_mixin.py:154} INFO - [2026-06-08T13:18:48.009+0000] {dag.py:2941} INFO - Sync 1 DAGs
[2026-06-08T13:18:48.046+0000] {logging_mixin.py:154} INFO - [2026-06-08T13:18:48.046+0000] {dag.py:3722} INFO - Setting next_dagrun for example_branch_operator to 2026-06-07T00:00:00+00:00, run_after=2026-06-08T00:00:00+00:00
[2026-06-08T13:18:48.077+0000] {processor.py:179} INFO - Processing /home/airflow/.local/lib/python3.8/site-packages/airflow/example_dags/example_branch_operator.py took 0.126 seconds
[2026-06-08T13:21:20.455+0000] {processor.py:157} INFO - Started process (PID=65) to work on /home/airflow/.local/lib/python3.8/site-packages/airflow/example_dags/example_branch_operator.py
[2026-06-08T13:21:20.484+0000] {processor.py:829} INFO - Processing file /home/airflow/.local/lib/python3.8/site-packages/airflow/example_dags/example_branch_operator.py for tasks to queue
[2026-06-08T13:21:20.496+0000] {logging_mixin.py:154} INFO - [2026-06-08T13:21:20.496+0000] {dagbag.py:536} INFO - Filling up the DagBag from /home/airflow/.local/lib/python3.8/site-packages/airflow/example_dags/example_branch_operator.py
[2026-06-08T13:21:20.584+0000] {processor.py:839} INFO - DAG(s) dict_keys(['example_branch_operator']) retrieved from /home/airflow/.local/lib/python3.8/site-packages/airflow/example_dags/example_branch_operator.py
[2026-06-08T13:21:20.731+0000] {logging_mixin.py:154} INFO - [2026-06-08T13:21:20.731+0000] {dag.py:2941} INFO - Sync 1 DAGs
[2026-06-08T13:21:20.959+0000] {logging_mixin.py:154} INFO - [2026-06-08T13:21:20.958+0000] {dag.py:3722} INFO - Setting next_dagrun for example_branch_operator to 2026-06-07T00:00:00+00:00, run_after=2026-06-08T00:00:00+00:00
[2026-06-08T13:21:21.094+0000] {processor.py:179} INFO - Processing /home/airflow/.local/lib/python3.8/site-packages/airflow/example_dags/example_branch_operator.py took 0.663 seconds
[2026-06-08T13:21:51.978+0000] {processor.py:157} INFO - Started process (PID=113) to work on /home/airflow/.local/lib/python3.8/site-packages/airflow/example_dags/example_branch_operator.py
[2026-06-08T13:21:51.986+0000] {processor.py:829} INFO - Processing file /home/airflow/.local/lib/python3.8/site-packages/airflow/example_dags/example_branch_operator.py for tasks to queue
[2026-06-08T13:21:51.989+0000] {logging_mixin.py:154} INFO - [2026-06-08T13:21:51.988+0000] {dagbag.py:536} INFO - Filling up the DagBag from /home/airflow/.local/lib/python3.8/site-packages/airflow/example_dags/example_branch_operator.py
[2026-06-08T13:21:52.003+0000] {processor.py:839} INFO - DAG(s) dict_keys(['example_branch_operator']) retrieved from /home/airflow/.local/lib/python3.8/site-packages/airflow/example_dags/example_branch_operator.py
[2026-06-08T13:21:52.047+0000] {logging_mixin.py:154} INFO - [2026-06-08T13:21:52.047+0000] {dag.py:2941} INFO - Sync 1 DAGs
[2026-06-08T13:21:52.087+0000] {logging_mixin.py:154} INFO - [2026-06-08T13:21:52.087+0000] {dag.py:3722} INFO - Setting next_dagrun for example_branch_operator to 2026-06-07T00:00:00+00:00, run_after=2026-06-08T00:00:00+00:00
[2026-06-08T13:21:52.112+0000] {processor.py:179} INFO - Processing /home/airflow/.local/lib/python3.8/site-packages/airflow/example_dags/example_branch_operator.py took 0.140 seconds
[2026-06-08T13:22:23.029+0000] {processor.py:157} INFO - Started process (PID=161) to work on /home/airflow/.local/lib/python3.8/site-packages/airflow/example_dags/example_branch_operator.py
[2026-06-08T13:22:23.030+0000] {processor.py:829} INFO - Processing file /home/airflow/.local/lib/python3.8/site-packages/airflow/example_dags/example_branch_operator.py for tasks to queue
[2026-06-08T13:22:23.034+0000] {logging_mixin.py:154} INFO - [2026-06-08T13:22:23.033+0000] {dagbag.py:536} INFO - Filling up the DagBag from /home/airflow/.local/lib/python3.8/site-packages/airflow/example_dags/example_branch_operator.py
[2026-06-08T13:22:23.048+0000] {processor.py:839} INFO - DAG(s) dict_keys(['example_branch_operator']) retrieved from /home/airflow/.local/lib/python3.8/site-packages/airflow/example_dags/example_branch_operator.py
[2026-06-08T13:22:23.083+0000] {logging_mixin.py:154} INFO - [2026-06-08T13:22:23.083+0000] {dag.py:2941} INFO - Sync 1 DAGs
[2026-06-08T13:22:23.122+0000] {logging_mixin.py:154} INFO - [2026-06-08T13:22:23.122+0000] {dag.py:3722} INFO - Setting next_dagrun for example_branch_operator to 2026-06-07T00:00:00+00:00, run_after=2026-06-08T00:00:00+00:00
[2026-06-08T13:22:23.149+0000] {processor.py:179} INFO - Processing /home/airflow/.local/lib/python3.8/site-packages/airflow/example_dags/example_branch_operator.py took 0.125 seconds
[2026-06-08T13:22:53.458+0000] {processor.py:157} INFO - Started process (PID=209) to work on /home/airflow/.local/lib/python3.8/site-packages/airflow/example_dags/example_branch_operator.py
[2026-06-08T13:22:53.467+0000] {processor.py:829} INFO - Processing file /home/airflow/.local/lib/python3.8/site-packages/airflow/example_dags/example_branch_operator.py for tasks to queue
[2026-06-08T13:22:53.474+0000] {logging_mixin.py:154} INFO - [2026-06-08T13:22:53.474+0000] {dagbag.py:536} INFO - Filling up the DagBag from /home/airflow/.local/lib/python3.8/site-packages/airflow/example_dags/example_branch_operator.py
[2026-06-08T13:22:53.519+0000] {processor.py:839} INFO - DAG(s) dict_keys(['example_branch_operator']) retrieved from /home/airflow/.local/lib/python3.8/site-packages/airflow/example_dags/example_branch_operator.py
[2026-06-08T13:22:53.613+0000] {logging_mixin.py:154} INFO - [2026-06-08T13:22:53.613+0000] {dag.py:2941} INFO - Sync 1 DAGs
[2026-06-08T13:22:53.651+0000] {logging_mixin.py:154} INFO - [2026-06-08T13:22:53.651+0000] {dag.py:3722} INFO - Setting next_dagrun for example_branch_operator to 2026-06-07T00:00:00+00:00, run_after=2026-06-08T00:00:00+00:00
[2026-06-08T13:22:53.701+0000] {processor.py:179} INFO - Processing /home/airflow/.local/lib/python3.8/site-packages/airflow/example_dags/example_branch_operator.py took 0.253 seconds
[2026-06-08T13:23:24.044+0000] {processor.py:157} INFO - Started process (PID=257) to work on /home/airflow/.local/lib/python3.8/site-packages/airflow/example_dags/example_branch_operator.py
[2026-06-08T13:23:24.045+0000] {processor.py:829} INFO - Processing file /home/airflow/.local/lib/python3.8/site-packages/airflow/example_dags/example_branch_operator.py for tasks to queue
[2026-06-08T13:23:24.048+0000] {logging_mixin.py:154} INFO - [2026-06-08T13:23:24.048+0000] {dagbag.py:536} INFO - Filling up the DagBag from /home/airflow/.local/lib/python3.8/site-packages/airflow/example_dags/example_branch_operator.py
[2026-06-08T13:23:24.063+0000] {processor.py:839} INFO - DAG(s) dict_keys(['example_branch_operator']) retrieved from /home/airflow/.local/lib/python3.8/site-packages/airflow/example_dags/example_branch_operator.py
[2026-06-08T13:23:24.098+0000] {logging_mixin.py:154} INFO - [2026-06-08T13:23:24.098+0000] {dag.py:2941} INFO - Sync 1 DAGs
[2026-06-08T13:23:24.134+0000] {logging_mixin.py:154} INFO - [2026-06-08T13:23:24.134+0000] {dag.py:3722} INFO - Setting next_dagrun for example_branch_operator to 2026-06-07T00:00:00+00:00, run_after=2026-06-08T00:00:00+00:00
[2026-06-08T13:23:24.158+0000] {processor.py:179} INFO - Processing /home/airflow/.local/lib/python3.8/site-packages/airflow/example_dags/example_branch_operator.py took 0.119 seconds
[2026-06-08T13:23:54.234+0000] {processor.py:157} INFO - Started process (PID=305) to work on /home/airflow/.local/lib/python3.8/site-packages/airflow/example_dags/example_branch_operator.py
[2026-06-08T13:23:54.236+0000] {processor.py:829} INFO - Processing file /home/airflow/.local/lib/python3.8/site-packages/airflow/example_dags/example_branch_operator.py for tasks to queue
[2026-06-08T13:23:54.240+0000] {logging_mixin.py:154} INFO - [2026-06-08T13:23:54.239+0000] {dagbag.py:536} INFO - Filling up the DagBag from /home/airflow/.local/lib/python3.8/site-packages/airflow/example_dags/example_branch_operator.py
[2026-06-08T13:23:54.254+0000] {processor.py:839} INFO - DAG(s) dict_keys(['example_branch_operator']) retrieved from /home/airflow/.local/lib/python3.8/site-packages/airflow/example_dags/example_branch_operator.py
[2026-06-08T13:23:54.313+0000] {logging_mixin.py:154} INFO - [2026-06-08T13:23:54.313+0000] {dag.py:2941} INFO - Sync 1 DAGs
[2026-06-08T13:23:54.378+0000] {logging_mixin.py:154} INFO - [2026-06-08T13:23:54.378+0000] {dag.py:3722} INFO - Setting next_dagrun for example_branch_operator to 2026-06-07T00:00:00+00:00, run_after=2026-06-08T00:00:00+00:00
[2026-06-08T13:23:54.403+0000] {processor.py:179} INFO - Processing /home/airflow/.local/lib/python3.8/site-packages/airflow/example_dags/example_branch_operator.py took 0.174 seconds
[2026-06-08T13:24:25.136+0000] {processor.py:157} INFO - Started process (PID=353) to work on /home/airflow/.local/lib/python3.8/site-packages/airflow/example_dags/example_branch_operator.py
[2026-06-08T13:24:25.152+0000] {processor.py:829} INFO - Processing file /home/airflow/.local/lib/python3.8/site-packages/airflow/example_dags/example_branch_operator.py for tasks to queue
[2026-06-08T13:24:25.157+0000] {logging_mixin.py:154} INFO - [2026-06-08T13:24:25.157+0000] {dagbag.py:536} INFO - Filling up the DagBag from /home/airflow/.local/lib/python3.8/site-packages/airflow/example_dags/example_branch_operator.py
[2026-06-08T13:24:25.172+0000] {processor.py:839} INFO - DAG(s) dict_keys(['example_branch_operator']) retrieved from /home/airflow/.local/lib/python3.8/site-packages/airflow/example_dags/example_branch_operator.py
[2026-06-08T13:24:25.207+0000] {logging_mixin.py:154} INFO - [2026-06-08T13:24:25.207+0000] {dag.py:2941} INFO - Sync 1 DAGs
[2026-06-08T13:24:25.246+0000] {logging_mixin.py:154} INFO - [2026-06-08T13:24:25.245+0000] {dag.py:3722} INFO - Setting next_dagrun for example_branch_operator to 2026-06-07T00:00:00+00:00, run_after=2026-06-08T00:00:00+00:00
[2026-06-08T13:24:25.300+0000] {processor.py:179} INFO - Processing /home/airflow/.local/lib/python3.8/site-packages/airflow/example_dags/example_branch_operator.py took 0.168 seconds
[2026-06-08T13:24:56.120+0000] {processor.py:157} INFO - Started process (PID=401) to work on /home/airflow/.local/lib/python3.8/site-packages/airflow/example_dags/example_branch_operator.py
[2026-06-08T13:24:56.125+0000] {processor.py:829} INFO - Processing file /home/airflow/.local/lib/python3.8/site-packages/airflow/example_dags/example_branch_operator.py for tasks to queue
[2026-06-08T13:24:56.137+0000] {logging_mixin.py:154} INFO - [2026-06-08T13:24:56.137+0000] {dagbag.py:536} INFO - Filling up the DagBag from /home/airflow/.local/lib/python3.8/site-packages/airflow/example_dags/example_branch_operator.py
[2026-06-08T13:24:56.223+0000] {processor.py:839} INFO - DAG(s) dict_keys(['example_branch_operator']) retrieved from /home/airflow/.local/lib/python3.8/site-packages/airflow/example_dags/example_branch_operator.py
[2026-06-08T13:24:56.314+0000] {logging_mixin.py:154} INFO - [2026-06-08T13:24:56.314+0000] {dag.py:2941} INFO - Sync 1 DAGs
[2026-06-08T13:24:56.436+0000] {logging_mixin.py:154} INFO - [2026-06-08T13:24:56.436+0000] {dag.py:3722} INFO - Setting next_dagrun for example_branch_operator to 2026-06-07T00:00:00+00:00, run_after=2026-06-08T00:00:00+00:00
[2026-06-08T13:24:56.533+0000] {processor.py:179} INFO - Processing /home/airflow/.local/lib/python3.8/site-packages/airflow/example_dags/example_branch_operator.py took 0.426 seconds
[2026-06-08T13:25:26.599+0000] {processor.py:157} INFO - Started process (PID=449) to work on /home/airflow/.local/lib/python3.8/site-packages/airflow/example_dags/example_branch_operator.py
[2026-06-08T13:25:26.600+0000] {processor.py:829} INFO - Processing file /home/airflow/.local/lib/python3.8/site-packages/airflow/example_dags/example_branch_operator.py for tasks to queue
[2026-06-08T13:25:26.603+0000] {logging_mixin.py:154} INFO - [2026-06-08T13:25:26.602+0000] {dagbag.py:536} INFO - Filling up the DagBag from /home/airflow/.local/lib/python3.8/site-packages/airflow/example_dags/example_branch_operator.py
[2026-06-08T13:25:26.613+0000] {processor.py:839} INFO - DAG(s) dict_keys(['example_branch_operator']) retrieved from /home/airflow/.local/lib/python3.8/site-packages/airflow/example_dags/example_branch_operator.py
[2026-06-08T13:25:26.638+0000] {logging_mixin.py:154} INFO - [2026-06-08T13:25:26.638+0000] {dag.py:2941} INFO - Sync 1 DAGs
[2026-06-08T13:25:26.664+0000] {logging_mixin.py:154} INFO - [2026-06-08T13:25:26.664+0000] {dag.py:3722} INFO - Setting next_dagrun for example_branch_operator to 2026-06-07T00:00:00+00:00, run_after=2026-06-08T00:00:00+00:00
[2026-06-08T13:25:26.683+0000] {processor.py:179} INFO - Processing /home/airflow/.local/lib/python3.8/site-packages/airflow/example_dags/example_branch_operator.py took 0.088 seconds
[2026-06-08T13:25:57.358+0000] {processor.py:157} INFO - Started process (PID=497) to work on /home/airflow/.local/lib/python3.8/site-packages/airflow/example_dags/example_branch_operator.py
[2026-06-08T13:25:57.360+0000] {processor.py:829} INFO - Processing file /home/airflow/.local/lib/python3.8/site-packages/airflow/example_dags/example_branch_operator.py for tasks to queue
[2026-06-08T13:25:57.363+0000] {logging_mixin.py:154} INFO - [2026-06-08T13:25:57.363+0000] {dagbag.py:536} INFO - Filling up the DagBag from /home/airflow/.local/lib/python3.8/site-packages/airflow/example_dags/example_branch_operator.py
[2026-06-08T13:25:57.378+0000] {processor.py:839} INFO - DAG(s) dict_keys(['example_branch_operator']) retrieved from /home/airflow/.local/lib/python3.8/site-packages/airflow/example_dags/example_branch_operator.py
[2026-06-08T13:25:57.412+0000] {logging_mixin.py:154} INFO - [2026-06-08T13:25:57.412+0000] {dag.py:2941} INFO - Sync 1 DAGs
[2026-06-08T13:25:57.449+0000] {logging_mixin.py:154} INFO - [2026-06-08T13:25:57.448+0000] {dag.py:3722} INFO - Setting next_dagrun for example_branch_operator to 2026-06-07T00:00:00+00:00, run_after=2026-06-08T00:00:00+00:00
[2026-06-08T13:25:57.472+0000] {processor.py:179} INFO - Processing /home/airflow/.local/lib/python3.8/site-packages/airflow/example_dags/example_branch_operator.py took 0.118 seconds
[2026-06-08T13:26:27.734+0000] {processor.py:157} INFO - Started process (PID=545) to work on /home/airflow/.local/lib/python3.8/site-packages/airflow/example_dags/example_branch_operator.py
[2026-06-08T13:26:27.743+0000] {processor.py:829} INFO - Processing file /home/airflow/.local/lib/python3.8/site-packages/airflow/example_dags/example_branch_operator.py for tasks to queue
[2026-06-08T13:26:27.747+0000] {logging_mixin.py:154} INFO - [2026-06-08T13:26:27.746+0000] {dagbag.py:536} INFO - Filling up the DagBag from /home/airflow/.local/lib/python3.8/site-packages/airflow/example_dags/example_branch_operator.py
[2026-06-08T13:26:27.766+0000] {processor.py:839} INFO - DAG(s) dict_keys(['example_branch_operator']) retrieved from /home/airflow/.local/lib/python3.8/site-packages/airflow/example_dags/example_branch_operator.py
[2026-06-08T13:26:27.836+0000] {logging_mixin.py:154} INFO - [2026-06-08T13:26:27.836+0000] {dag.py:2941} INFO - Sync 1 DAGs
[2026-06-08T13:26:27.907+0000] {logging_mixin.py:154} INFO - [2026-06-08T13:26:27.907+0000] {dag.py:3722} INFO - Setting next_dagrun for example_branch_operator to 2026-06-07T00:00:00+00:00, run_after=2026-06-08T00:00:00+00:00
[2026-06-08T13:26:27.960+0000] {processor.py:179} INFO - Processing /home/airflow/.local/lib/python3.8/site-packages/airflow/example_dags/example_branch_operator.py took 0.232 seconds
[2026-06-08T13:26:58.605+0000] {processor.py:157} INFO - Started process (PID=593) to work on /home/airflow/.local/lib/python3.8/site-packages/airflow/example_dags/example_branch_operator.py
[2026-06-08T13:26:58.606+0000] {processor.py:829} INFO - Processing file /home/airflow/.local/lib/python3.8/site-packages/airflow/example_dags/example_branch_operator.py for tasks to queue
[2026-06-08T13:26:58.609+0000] {logging_mixin.py:154} INFO - [2026-06-08T13:26:58.609+0000] {dagbag.py:536} INFO - Filling up the DagBag from /home/airflow/.local/lib/python3.8/site-packages/airflow/example_dags/example_branch_operator.py
[2026-06-08T13:26:58.624+0000] {processor.py:839} INFO - DAG(s) dict_keys(['example_branch_operator']) retrieved from /home/airflow/.local/lib/python3.8/site-packages/airflow/example_dags/example_branch_operator.py
[2026-06-08T13:26:58.660+0000] {logging_mixin.py:154} INFO - [2026-06-08T13:26:58.659+0000] {dag.py:2941} INFO - Sync 1 DAGs
[2026-06-08T13:26:58.697+0000] {logging_mixin.py:154} INFO - [2026-06-08T13:26:58.696+0000] {dag.py:3722} INFO - Setting next_dagrun for example_branch_operator to 2026-06-07T00:00:00+00:00, run_after=2026-06-08T00:00:00+00:00
[2026-06-08T13:26:58.720+0000] {processor.py:179} INFO - Processing /home/airflow/.local/lib/python3.8/site-packages/airflow/example_dags/example_branch_operator.py took 0.120 seconds
[2026-06-08T13:27:28.904+0000] {processor.py:157} INFO - Started process (PID=641) to work on /home/airflow/.local/lib/python3.8/site-packages/airflow/example_dags/example_branch_operator.py
[2026-06-08T13:27:28.905+0000] {processor.py:829} INFO - Processing file /home/airflow/.local/lib/python3.8/site-packages/airflow/example_dags/example_branch_operator.py for tasks to queue
[2026-06-08T13:27:28.909+0000] {logging_mixin.py:154} INFO - [2026-06-08T13:27:28.908+0000] {dagbag.py:536} INFO - Filling up the DagBag from /home/airflow/.local/lib/python3.8/site-packages/airflow/example_dags/example_branch_operator.py
[2026-06-08T13:27:28.939+0000] {processor.py:839} INFO - DAG(s) dict_keys(['example_branch_operator']) retrieved from /home/airflow/.local/lib/python3.8/site-packages/airflow/example_dags/example_branch_operator.py
[2026-06-08T13:27:28.973+0000] {logging_mixin.py:154} INFO - [2026-06-08T13:27:28.972+0000] {dag.py:2941} INFO - Sync 1 DAGs
[2026-06-08T13:27:29.010+0000] {logging_mixin.py:154} INFO - [2026-06-08T13:27:29.010+0000] {dag.py:3722} INFO - Setting next_dagrun for example_branch_operator to 2026-06-07T00:00:00+00:00, run_after=2026-06-08T00:00:00+00:00
[2026-06-08T13:27:29.034+0000] {processor.py:179} INFO - Processing /home/airflow/.local/lib/python3.8/site-packages/airflow/example_dags/example_branch_operator.py took 0.143 seconds
[2026-06-08T13:27:59.489+0000] {processor.py:157} INFO - Started process (PID=689) to work on /home/airflow/.local/lib/python3.8/site-packages/airflow/example_dags/example_branch_operator.py
[2026-06-08T13:27:59.490+0000] {processor.py:829} INFO - Processing file /home/airflow/.local/lib/python3.8/site-packages/airflow/example_dags/example_branch_operator.py for tasks to queue
[2026-06-08T13:27:59.493+0000] {logging_mixin.py:154} INFO - [2026-06-08T13:27:59.493+0000] {dagbag.py:536} INFO - Filling up the DagBag from /home/airflow/.local/lib/python3.8/site-packages/airflow/example_dags/example_branch_operator.py
[2026-06-08T13:27:59.508+0000] {processor.py:839} INFO - DAG(s) dict_keys(['example_branch_operator']) retrieved from /home/airflow/.local/lib/python3.8/site-packages/airflow/example_dags/example_branch_operator.py
[2026-06-08T13:27:59.550+0000] {logging_mixin.py:154} INFO - [2026-06-08T13:27:59.550+0000] {dag.py:2941} INFO - Sync 1 DAGs
[2026-06-08T13:27:59.587+0000] {logging_mixin.py:154} INFO - [2026-06-08T13:27:59.587+0000] {dag.py:3722} INFO - Setting next_dagrun for example_branch_operator to 2026-06-07T00:00:00+00:00, run_after=2026-06-08T00:00:00+00:00
[2026-06-08T13:27:59.611+0000] {processor.py:179} INFO - Processing /home/airflow/.local/lib/python3.8/site-packages/airflow/example_dags/example_branch_operator.py took 0.127 seconds
[2026-06-08T13:32:32.211+0000] {processor.py:157} INFO - Started process (PID=63) to work on /home/airflow/.local/lib/python3.10/site-packages/airflow/example_dags/example_branch_operator.py
[2026-06-08T13:32:32.219+0000] {processor.py:829} INFO - Processing file /home/airflow/.local/lib/python3.10/site-packages/airflow/example_dags/example_branch_operator.py for tasks to queue
[2026-06-08T13:32:32.229+0000] {logging_mixin.py:154} INFO - [2026-06-08T13:32:32.228+0000] {dagbag.py:536} INFO - Filling up the DagBag from /home/airflow/.local/lib/python3.10/site-packages/airflow/example_dags/example_branch_operator.py
[2026-06-08T13:32:32.283+0000] {processor.py:839} INFO - DAG(s) dict_keys(['example_branch_operator']) retrieved from /home/airflow/.local/lib/python3.10/site-packages/airflow/example_dags/example_branch_operator.py
[2026-06-08T13:32:32.419+0000] {logging_mixin.py:154} INFO - [2026-06-08T13:32:32.419+0000] {dag.py:2941} INFO - Sync 1 DAGs
[2026-06-08T13:32:32.572+0000] {logging_mixin.py:154} INFO - [2026-06-08T13:32:32.571+0000] {dag.py:3722} INFO - Setting next_dagrun for example_branch_operator to 2026-06-07T00:00:00+00:00, run_after=2026-06-08T00:00:00+00:00
[2026-06-08T13:32:32.702+0000] {processor.py:179} INFO - Processing /home/airflow/.local/lib/python3.10/site-packages/airflow/example_dags/example_branch_operator.py took 0.513 seconds
[2026-06-08T13:33:03.695+0000] {processor.py:157} INFO - Started process (PID=112) to work on /home/airflow/.local/lib/python3.10/site-packages/airflow/example_dags/example_branch_operator.py
[2026-06-08T13:33:03.715+0000] {processor.py:829} INFO - Processing file /home/airflow/.local/lib/python3.10/site-packages/airflow/example_dags/example_branch_operator.py for tasks to queue
[2026-06-08T13:33:03.717+0000] {logging_mixin.py:154} INFO - [2026-06-08T13:33:03.717+0000] {dagbag.py:536} INFO - Filling up the DagBag from /home/airflow/.local/lib/python3.10/site-packages/airflow/example_dags/example_branch_operator.py
[2026-06-08T13:33:03.732+0000] {processor.py:839} INFO - DAG(s) dict_keys(['example_branch_operator']) retrieved from /home/airflow/.local/lib/python3.10/site-packages/airflow/example_dags/example_branch_operator.py
[2026-06-08T13:33:03.764+0000] {logging_mixin.py:154} INFO - [2026-06-08T13:33:03.764+0000] {dag.py:2941} INFO - Sync 1 DAGs
[2026-06-08T13:33:03.798+0000] {logging_mixin.py:154} INFO - [2026-06-08T13:33:03.798+0000] {dag.py:3722} INFO - Setting next_dagrun for example_branch_operator to 2026-06-07T00:00:00+00:00, run_after=2026-06-08T00:00:00+00:00
[2026-06-08T13:33:03.825+0000] {processor.py:179} INFO - Processing /home/airflow/.local/lib/python3.10/site-packages/airflow/example_dags/example_branch_operator.py took 0.135 seconds
[2026-06-08T13:33:34.048+0000] {processor.py:157} INFO - Started process (PID=161) to work on /home/airflow/.local/lib/python3.10/site-packages/airflow/example_dags/example_branch_operator.py
[2026-06-08T13:33:34.049+0000] {processor.py:829} INFO - Processing file /home/airflow/.local/lib/python3.10/site-packages/airflow/example_dags/example_branch_operator.py for tasks to queue
[2026-06-08T13:33:34.052+0000] {logging_mixin.py:154} INFO - [2026-06-08T13:33:34.051+0000] {dagbag.py:536} INFO - Filling up the DagBag from /home/airflow/.local/lib/python3.10/site-packages/airflow/example_dags/example_branch_operator.py
[2026-06-08T13:33:34.081+0000] {processor.py:839} INFO - DAG(s) dict_keys(['example_branch_operator']) retrieved from /home/airflow/.local/lib/python3.10/site-packages/airflow/example_dags/example_branch_operator.py
[2026-06-08T13:33:34.124+0000] {logging_mixin.py:154} INFO - [2026-06-08T13:33:34.124+0000] {dag.py:2941} INFO - Sync 1 DAGs
[2026-06-08T13:33:34.159+0000] {logging_mixin.py:154} INFO - [2026-06-08T13:33:34.159+0000] {dag.py:3722} INFO - Setting next_dagrun for example_branch_operator to 2026-06-07T00:00:00+00:00, run_after=2026-06-08T00:00:00+00:00
[2026-06-08T13:33:34.183+0000] {processor.py:179} INFO - Processing /home/airflow/.local/lib/python3.10/site-packages/airflow/example_dags/example_branch_operator.py took 0.140 seconds
[2026-06-08T13:34:04.633+0000] {processor.py:157} INFO - Started process (PID=210) to work on /home/airflow/.local/lib/python3.10/site-packages/airflow/example_dags/example_branch_operator.py
[2026-06-08T13:34:04.647+0000] {processor.py:829} INFO - Processing file /home/airflow/.local/lib/python3.10/site-packages/airflow/example_dags/example_branch_operator.py for tasks to queue
[2026-06-08T13:34:04.658+0000] {logging_mixin.py:154} INFO - [2026-06-08T13:34:04.658+0000] {dagbag.py:536} INFO - Filling up the DagBag from /home/airflow/.local/lib/python3.10/site-packages/airflow/example_dags/example_branch_operator.py
[2026-06-08T13:34:04.713+0000] {processor.py:839} INFO - DAG(s) dict_keys(['example_branch_operator']) retrieved from /home/airflow/.local/lib/python3.10/site-packages/airflow/example_dags/example_branch_operator.py
[2026-06-08T13:34:04.806+0000] {logging_mixin.py:154} INFO - [2026-06-08T13:34:04.795+0000] {dag.py:2941} INFO - Sync 1 DAGs
[2026-06-08T13:34:04.934+0000] {logging_mixin.py:154} INFO - [2026-06-08T13:34:04.934+0000] {dag.py:3722} INFO - Setting next_dagrun for example_branch_operator to 2026-06-07T00:00:00+00:00, run_after=2026-06-08T00:00:00+00:00
[2026-06-08T13:34:05.034+0000] {processor.py:179} INFO - Processing /home/airflow/.local/lib/python3.10/site-packages/airflow/example_dags/example_branch_operator.py took 0.415 seconds
[2026-06-08T13:34:35.970+0000] {processor.py:157} INFO - Started process (PID=259) to work on /home/airflow/.local/lib/python3.10/site-packages/airflow/example_dags/example_branch_operator.py
[2026-06-08T13:34:35.990+0000] {processor.py:829} INFO - Processing file /home/airflow/.local/lib/python3.10/site-packages/airflow/example_dags/example_branch_operator.py for tasks to queue
[2026-06-08T13:34:35.993+0000] {logging_mixin.py:154} INFO - [2026-06-08T13:34:35.992+0000] {dagbag.py:536} INFO - Filling up the DagBag from /home/airflow/.local/lib/python3.10/site-packages/airflow/example_dags/example_branch_operator.py
[2026-06-08T13:34:36.026+0000] {processor.py:839} INFO - DAG(s) dict_keys(['example_branch_operator']) retrieved from /home/airflow/.local/lib/python3.10/site-packages/airflow/example_dags/example_branch_operator.py
[2026-06-08T13:34:36.091+0000] {logging_mixin.py:154} INFO - [2026-06-08T13:34:36.091+0000] {dag.py:2941} INFO - Sync 1 DAGs
[2026-06-08T13:34:36.169+0000] {logging_mixin.py:154} INFO - [2026-06-08T13:34:36.169+0000] {dag.py:3722} INFO - Setting next_dagrun for example_branch_operator to 2026-06-07T00:00:00+00:00, run_after=2026-06-08T00:00:00+00:00
[2026-06-08T13:34:36.231+0000] {processor.py:179} INFO - Processing /home/airflow/.local/lib/python3.10/site-packages/airflow/example_dags/example_branch_operator.py took 0.278 seconds
[2026-06-08T13:39:35.160+0000] {processor.py:157} INFO - Started process (PID=338) to work on /home/airflow/.local/lib/python3.10/site-packages/airflow/example_dags/example_branch_operator.py
[2026-06-08T13:39:35.184+0000] {processor.py:829} INFO - Processing file /home/airflow/.local/lib/python3.10/site-packages/airflow/example_dags/example_branch_operator.py for tasks to queue
[2026-06-08T13:39:35.197+0000] {logging_mixin.py:154} INFO - [2026-06-08T13:39:35.196+0000] {dagbag.py:536} INFO - Filling up the DagBag from /home/airflow/.local/lib/python3.10/site-packages/airflow/example_dags/example_branch_operator.py
[2026-06-08T13:39:35.306+0000] {processor.py:839} INFO - DAG(s) dict_keys(['example_branch_operator']) retrieved from /home/airflow/.local/lib/python3.10/site-packages/airflow/example_dags/example_branch_operator.py
[2026-06-08T13:39:35.495+0000] {logging_mixin.py:154} INFO - [2026-06-08T13:39:35.494+0000] {dag.py:2941} INFO - Sync 1 DAGs
[2026-06-08T13:39:35.780+0000] {logging_mixin.py:154} INFO - [2026-06-08T13:39:35.780+0000] {dag.py:3722} INFO - Setting next_dagrun for example_branch_operator to 2026-06-07T00:00:00+00:00, run_after=2026-06-08T00:00:00+00:00
[2026-06-08T13:39:35.942+0000] {processor.py:179} INFO - Processing /home/airflow/.local/lib/python3.10/site-packages/airflow/example_dags/example_branch_operator.py took 0.831 seconds
[2026-06-08T13:40:06.322+0000] {processor.py:157} INFO - Started process (PID=387) to work on /home/airflow/.local/lib/python3.10/site-packages/airflow/example_dags/example_branch_operator.py
[2026-06-08T13:40:06.338+0000] {processor.py:829} INFO - Processing file /home/airflow/.local/lib/python3.10/site-packages/airflow/example_dags/example_branch_operator.py for tasks to queue
[2026-06-08T13:40:06.343+0000] {logging_mixin.py:154} INFO - [2026-06-08T13:40:06.343+0000] {dagbag.py:536} INFO - Filling up the DagBag from /home/airflow/.local/lib/python3.10/site-packages/airflow/example_dags/example_branch_operator.py
[2026-06-08T13:40:06.394+0000] {processor.py:839} INFO - DAG(s) dict_keys(['example_branch_operator']) retrieved from /home/airflow/.local/lib/python3.10/site-packages/airflow/example_dags/example_branch_operator.py
[2026-06-08T13:40:06.501+0000] {logging_mixin.py:154} INFO - [2026-06-08T13:40:06.500+0000] {dag.py:2941} INFO - Sync 1 DAGs
[2026-06-08T13:40:06.565+0000] {logging_mixin.py:154} INFO - [2026-06-08T13:40:06.565+0000] {dag.py:3722} INFO - Setting next_dagrun for example_branch_operator to 2026-06-07T00:00:00+00:00, run_after=2026-06-08T00:00:00+00:00
[2026-06-08T13:40:06.628+0000] {processor.py:179} INFO - Processing /home/airflow/.local/lib/python3.10/site-packages/airflow/example_dags/example_branch_operator.py took 0.314 seconds
[2026-06-08T13:40:36.877+0000] {processor.py:157} INFO - Started process (PID=436) to work on /home/airflow/.local/lib/python3.10/site-packages/airflow/example_dags/example_branch_operator.py
[2026-06-08T13:40:36.910+0000] {processor.py:829} INFO - Processing file /home/airflow/.local/lib/python3.10/site-packages/airflow/example_dags/example_branch_operator.py for tasks to queue
[2026-06-08T13:40:36.913+0000] {logging_mixin.py:154} INFO - [2026-06-08T13:40:36.912+0000] {dagbag.py:536} INFO - Filling up the DagBag from /home/airflow/.local/lib/python3.10/site-packages/airflow/example_dags/example_branch_operator.py
[2026-06-08T13:40:36.968+0000] {processor.py:839} INFO - DAG(s) dict_keys(['example_branch_operator']) retrieved from /home/airflow/.local/lib/python3.10/site-packages/airflow/example_dags/example_branch_operator.py
[2026-06-08T13:40:37.086+0000] {logging_mixin.py:154} INFO - [2026-06-08T13:40:37.086+0000] {dag.py:2941} INFO - Sync 1 DAGs
[2026-06-08T13:40:37.167+0000] {logging_mixin.py:154} INFO - [2026-06-08T13:40:37.165+0000] {dag.py:3722} INFO - Setting next_dagrun for example_branch_operator to 2026-06-07T00:00:00+00:00, run_after=2026-06-08T00:00:00+00:00
[2026-06-08T13:40:37.297+0000] {processor.py:179} INFO - Processing /home/airflow/.local/lib/python3.10/site-packages/airflow/example_dags/example_branch_operator.py took 0.432 seconds
[2026-06-08T13:41:07.378+0000] {processor.py:157} INFO - Started process (PID=484) to work on /home/airflow/.local/lib/python3.10/site-packages/airflow/example_dags/example_branch_operator.py
[2026-06-08T13:41:07.395+0000] {processor.py:829} INFO - Processing file /home/airflow/.local/lib/python3.10/site-packages/airflow/example_dags/example_branch_operator.py for tasks to queue
[2026-06-08T13:41:07.396+0000] {logging_mixin.py:154} INFO - [2026-06-08T13:41:07.396+0000] {dagbag.py:536} INFO - Filling up the DagBag from /home/airflow/.local/lib/python3.10/site-packages/airflow/example_dags/example_branch_operator.py
[2026-06-08T13:41:07.412+0000] {processor.py:839} INFO - DAG(s) dict_keys(['example_branch_operator']) retrieved from /home/airflow/.local/lib/python3.10/site-packages/airflow/example_dags/example_branch_operator.py
[2026-06-08T13:41:07.454+0000] {logging_mixin.py:154} INFO - [2026-06-08T13:41:07.454+0000] {dag.py:2941} INFO - Sync 1 DAGs
[2026-06-08T13:41:07.507+0000] {logging_mixin.py:154} INFO - [2026-06-08T13:41:07.506+0000] {dag.py:3722} INFO - Setting next_dagrun for example_branch_operator to 2026-06-07T00:00:00+00:00, run_after=2026-06-08T00:00:00+00:00
[2026-06-08T13:41:07.574+0000] {processor.py:179} INFO - Processing /home/airflow/.local/lib/python3.10/site-packages/airflow/example_dags/example_branch_operator.py took 0.201 seconds
[2026-06-08T13:41:38.325+0000] {processor.py:157} INFO - Started process (PID=540) to work on /home/airflow/.local/lib/python3.10/site-packages/airflow/example_dags/example_branch_operator.py
[2026-06-08T13:41:38.329+0000] {processor.py:829} INFO - Processing file /home/airflow/.local/lib/python3.10/site-packages/airflow/example_dags/example_branch_operator.py for tasks to queue
[2026-06-08T13:41:38.333+0000] {logging_mixin.py:154} INFO - [2026-06-08T13:41:38.332+0000] {dagbag.py:536} INFO - Filling up the DagBag from /home/airflow/.local/lib/python3.10/site-packages/airflow/example_dags/example_branch_operator.py
[2026-06-08T13:41:38.348+0000] {processor.py:839} INFO - DAG(s) dict_keys(['example_branch_operator']) retrieved from /home/airflow/.local/lib/python3.10/site-packages/airflow/example_dags/example_branch_operator.py
[2026-06-08T13:41:38.433+0000] {logging_mixin.py:154} INFO - [2026-06-08T13:41:38.433+0000] {dag.py:2941} INFO - Sync 1 DAGs
[2026-06-08T13:41:38.475+0000] {logging_mixin.py:154} INFO - [2026-06-08T13:41:38.475+0000] {dag.py:3722} INFO - Setting next_dagrun for example_branch_operator to 2026-06-07T00:00:00+00:00, run_after=2026-06-08T00:00:00+00:00
[2026-06-08T13:41:38.532+0000] {processor.py:179} INFO - Processing /home/airflow/.local/lib/python3.10/site-packages/airflow/example_dags/example_branch_operator.py took 0.223 seconds
[2026-06-08T13:42:10.079+0000] {processor.py:157} INFO - Started process (PID=589) to work on /home/airflow/.local/lib/python3.10/site-packages/airflow/example_dags/example_branch_operator.py
[2026-06-08T13:42:10.080+0000] {processor.py:829} INFO - Processing file /home/airflow/.local/lib/python3.10/site-packages/airflow/example_dags/example_branch_operator.py for tasks to queue
[2026-06-08T13:42:10.081+0000] {logging_mixin.py:154} INFO - [2026-06-08T13:42:10.081+0000] {dagbag.py:536} INFO - Filling up the DagBag from /home/airflow/.local/lib/python3.10/site-packages/airflow/example_dags/example_branch_operator.py
[2026-06-08T13:42:10.149+0000] {processor.py:839} INFO - DAG(s) dict_keys(['example_branch_operator']) retrieved from /home/airflow/.local/lib/python3.10/site-packages/airflow/example_dags/example_branch_operator.py
[2026-06-08T13:42:10.277+0000] {logging_mixin.py:154} INFO - [2026-06-08T13:42:10.277+0000] {dag.py:2941} INFO - Sync 1 DAGs
[2026-06-08T13:42:10.449+0000] {logging_mixin.py:154} INFO - [2026-06-08T13:42:10.449+0000] {dag.py:3722} INFO - Setting next_dagrun for example_branch_operator to 2026-06-07T00:00:00+00:00, run_after=2026-06-08T00:00:00+00:00
[2026-06-08T13:42:10.564+0000] {processor.py:179} INFO - Processing /home/airflow/.local/lib/python3.10/site-packages/airflow/example_dags/example_branch_operator.py took 0.512 seconds
[2026-06-08T13:42:41.073+0000] {processor.py:157} INFO - Started process (PID=638) to work on /home/airflow/.local/lib/python3.10/site-packages/airflow/example_dags/example_branch_operator.py
[2026-06-08T13:42:41.078+0000] {processor.py:829} INFO - Processing file /home/airflow/.local/lib/python3.10/site-packages/airflow/example_dags/example_branch_operator.py for tasks to queue
[2026-06-08T13:42:41.079+0000] {logging_mixin.py:154} INFO - [2026-06-08T13:42:41.079+0000] {dagbag.py:536} INFO - Filling up the DagBag from /home/airflow/.local/lib/python3.10/site-packages/airflow/example_dags/example_branch_operator.py
[2026-06-08T13:42:41.095+0000] {processor.py:839} INFO - DAG(s) dict_keys(['example_branch_operator']) retrieved from /home/airflow/.local/lib/python3.10/site-packages/airflow/example_dags/example_branch_operator.py
[2026-06-08T13:42:41.130+0000] {logging_mixin.py:154} INFO - [2026-06-08T13:42:41.130+0000] {dag.py:2941} INFO - Sync 1 DAGs
[2026-06-08T13:42:41.170+0000] {logging_mixin.py:154} INFO - [2026-06-08T13:42:41.170+0000] {dag.py:3722} INFO - Setting next_dagrun for example_branch_operator to 2026-06-07T00:00:00+00:00, run_after=2026-06-08T00:00:00+00:00
[2026-06-08T13:42:41.192+0000] {processor.py:179} INFO - Processing /home/airflow/.local/lib/python3.10/site-packages/airflow/example_dags/example_branch_operator.py took 0.125 seconds
[2026-06-08T13:43:11.894+0000] {processor.py:157} INFO - Started process (PID=687) to work on /home/airflow/.local/lib/python3.10/site-packages/airflow/example_dags/example_branch_operator.py
[2026-06-08T13:43:11.895+0000] {processor.py:829} INFO - Processing file /home/airflow/.local/lib/python3.10/site-packages/airflow/example_dags/example_branch_operator.py for tasks to queue
[2026-06-08T13:43:11.896+0000] {logging_mixin.py:154} INFO - [2026-06-08T13:43:11.895+0000] {dagbag.py:536} INFO - Filling up the DagBag from /home/airflow/.local/lib/python3.10/site-packages/airflow/example_dags/example_branch_operator.py
[2026-06-08T13:43:11.909+0000] {processor.py:839} INFO - DAG(s) dict_keys(['example_branch_operator']) retrieved from /home/airflow/.local/lib/python3.10/site-packages/airflow/example_dags/example_branch_operator.py
[2026-06-08T13:43:11.941+0000] {logging_mixin.py:154} INFO - [2026-06-08T13:43:11.941+0000] {dag.py:2941} INFO - Sync 1 DAGs
[2026-06-08T13:43:12.187+0000] {logging_mixin.py:154} INFO - [2026-06-08T13:43:12.187+0000] {dag.py:3722} INFO - Setting next_dagrun for example_branch_operator to 2026-06-07T00:00:00+00:00, run_after=2026-06-08T00:00:00+00:00
[2026-06-08T13:43:12.208+0000] {processor.py:179} INFO - Processing /home/airflow/.local/lib/python3.10/site-packages/airflow/example_dags/example_branch_operator.py took 0.319 seconds
[2026-06-08T13:43:42.739+0000] {processor.py:157} INFO - Started process (PID=736) to work on /home/airflow/.local/lib/python3.10/site-packages/airflow/example_dags/example_branch_operator.py
[2026-06-08T13:43:42.742+0000] {processor.py:829} INFO - Processing file /home/airflow/.local/lib/python3.10/site-packages/airflow/example_dags/example_branch_operator.py for tasks to queue
[2026-06-08T13:43:42.743+0000] {logging_mixin.py:154} INFO - [2026-06-08T13:43:42.743+0000] {dagbag.py:536} INFO - Filling up the DagBag from /home/airflow/.local/lib/python3.10/site-packages/airflow/example_dags/example_branch_operator.py
[2026-06-08T13:43:42.758+0000] {processor.py:839} INFO - DAG(s) dict_keys(['example_branch_operator']) retrieved from /home/airflow/.local/lib/python3.10/site-packages/airflow/example_dags/example_branch_operator.py
[2026-06-08T13:43:42.791+0000] {logging_mixin.py:154} INFO - [2026-06-08T13:43:42.791+0000] {dag.py:2941} INFO - Sync 1 DAGs
[2026-06-08T13:43:42.827+0000] {logging_mixin.py:154} INFO - [2026-06-08T13:43:42.827+0000] {dag.py:3722} INFO - Setting next_dagrun for example_branch_operator to 2026-06-07T00:00:00+00:00, run_after=2026-06-08T00:00:00+00:00
[2026-06-08T13:43:42.850+0000] {processor.py:179} INFO - Processing /home/airflow/.local/lib/python3.10/site-packages/airflow/example_dags/example_branch_operator.py took 0.116 seconds
[2026-06-08T13:44:13.713+0000] {processor.py:157} INFO - Started process (PID=783) to work on /home/airflow/.local/lib/python3.10/site-packages/airflow/example_dags/example_branch_operator.py
[2026-06-08T13:44:13.722+0000] {processor.py:829} INFO - Processing file /home/airflow/.local/lib/python3.10/site-packages/airflow/example_dags/example_branch_operator.py for tasks to queue
[2026-06-08T13:44:13.724+0000] {logging_mixin.py:154} INFO - [2026-06-08T13:44:13.723+0000] {dagbag.py:536} INFO - Filling up the DagBag from /home/airflow/.local/lib/python3.10/site-packages/airflow/example_dags/example_branch_operator.py
[2026-06-08T13:44:13.759+0000] {processor.py:839} INFO - DAG(s) dict_keys(['example_branch_operator']) retrieved from /home/airflow/.local/lib/python3.10/site-packages/airflow/example_dags/example_branch_operator.py
[2026-06-08T13:44:13.856+0000] {logging_mixin.py:154} INFO - [2026-06-08T13:44:13.856+0000] {dag.py:2941} INFO - Sync 1 DAGs
[2026-06-08T13:44:13.965+0000] {logging_mixin.py:154} INFO - [2026-06-08T13:44:13.965+0000] {dag.py:3722} INFO - Setting next_dagrun for example_branch_operator to 2026-06-07T00:00:00+00:00, run_after=2026-06-08T00:00:00+00:00
[2026-06-08T13:44:14.042+0000] {processor.py:179} INFO - Processing /home/airflow/.local/lib/python3.10/site-packages/airflow/example_dags/example_branch_operator.py took 0.335 seconds
[2026-06-08T13:44:47.848+0000] {processor.py:157} INFO - Started process (PID=834) to work on /home/airflow/.local/lib/python3.10/site-packages/airflow/example_dags/example_branch_operator.py
[2026-06-08T13:44:47.854+0000] {processor.py:829} INFO - Processing file /home/airflow/.local/lib/python3.10/site-packages/airflow/example_dags/example_branch_operator.py for tasks to queue
[2026-06-08T13:44:47.855+0000] {logging_mixin.py:154} INFO - [2026-06-08T13:44:47.855+0000] {dagbag.py:536} INFO - Filling up the DagBag from /home/airflow/.local/lib/python3.10/site-packages/airflow/example_dags/example_branch_operator.py
[2026-06-08T13:44:47.882+0000] {processor.py:839} INFO - DAG(s) dict_keys(['example_branch_operator']) retrieved from /home/airflow/.local/lib/python3.10/site-packages/airflow/example_dags/example_branch_operator.py
[2026-06-08T13:44:47.950+0000] {logging_mixin.py:154} INFO - [2026-06-08T13:44:47.950+0000] {dag.py:2941} INFO - Sync 1 DAGs
[2026-06-08T13:44:48.330+0000] {logging_mixin.py:154} INFO - [2026-06-08T13:44:48.329+0000] {dag.py:3722} INFO - Setting next_dagrun for example_branch_operator to 2026-06-07T00:00:00+00:00, run_after=2026-06-08T00:00:00+00:00
[2026-06-08T13:44:48.355+0000] {processor.py:179} INFO - Processing /home/airflow/.local/lib/python3.10/site-packages/airflow/example_dags/example_branch_operator.py took 0.512 seconds
[2026-06-08T13:45:19.180+0000] {processor.py:157} INFO - Started process (PID=883) to work on /home/airflow/.local/lib/python3.10/site-packages/airflow/example_dags/example_branch_operator.py
[2026-06-08T13:45:19.186+0000] {processor.py:829} INFO - Processing file /home/airflow/.local/lib/python3.10/site-packages/airflow/example_dags/example_branch_operator.py for tasks to queue
[2026-06-08T13:45:19.187+0000] {logging_mixin.py:154} INFO - [2026-06-08T13:45:19.187+0000] {dagbag.py:536} INFO - Filling up the DagBag from /home/airflow/.local/lib/python3.10/site-packages/airflow/example_dags/example_branch_operator.py
[2026-06-08T13:45:19.218+0000] {processor.py:839} INFO - DAG(s) dict_keys(['example_branch_operator']) retrieved from /home/airflow/.local/lib/python3.10/site-packages/airflow/example_dags/example_branch_operator.py
[2026-06-08T13:45:19.281+0000] {logging_mixin.py:154} INFO - [2026-06-08T13:45:19.281+0000] {dag.py:2941} INFO - Sync 1 DAGs
[2026-06-08T13:45:19.777+0000] {logging_mixin.py:154} INFO - [2026-06-08T13:45:19.777+0000] {dag.py:3722} INFO - Setting next_dagrun for example_branch_operator to 2026-06-07T00:00:00+00:00, run_after=2026-06-08T00:00:00+00:00
[2026-06-08T13:45:19.817+0000] {processor.py:179} INFO - Processing /home/airflow/.local/lib/python3.10/site-packages/airflow/example_dags/example_branch_operator.py took 0.656 seconds
[2026-06-08T13:45:50.030+0000] {processor.py:157} INFO - Started process (PID=932) to work on /home/airflow/.local/lib/python3.10/site-packages/airflow/example_dags/example_branch_operator.py
[2026-06-08T13:45:50.031+0000] {processor.py:829} INFO - Processing file /home/airflow/.local/lib/python3.10/site-packages/airflow/example_dags/example_branch_operator.py for tasks to queue
[2026-06-08T13:45:50.032+0000] {logging_mixin.py:154} INFO - [2026-06-08T13:45:50.032+0000] {dagbag.py:536} INFO - Filling up the DagBag from /home/airflow/.local/lib/python3.10/site-packages/airflow/example_dags/example_branch_operator.py
[2026-06-08T13:45:50.056+0000] {processor.py:839} INFO - DAG(s) dict_keys(['example_branch_operator']) retrieved from /home/airflow/.local/lib/python3.10/site-packages/airflow/example_dags/example_branch_operator.py
[2026-06-08T13:45:50.099+0000] {logging_mixin.py:154} INFO - [2026-06-08T13:45:50.098+0000] {dag.py:2941} INFO - Sync 1 DAGs
[2026-06-08T13:45:50.151+0000] {logging_mixin.py:154} INFO - [2026-06-08T13:45:50.151+0000] {dag.py:3722} INFO - Setting next_dagrun for example_branch_operator to 2026-06-07T00:00:00+00:00, run_after=2026-06-08T00:00:00+00:00
[2026-06-08T13:45:50.177+0000] {processor.py:179} INFO - Processing /home/airflow/.local/lib/python3.10/site-packages/airflow/example_dags/example_branch_operator.py took 0.153 seconds
[2026-06-08T13:46:20.280+0000] {processor.py:157} INFO - Started process (PID=979) to work on /home/airflow/.local/lib/python3.10/site-packages/airflow/example_dags/example_branch_operator.py
[2026-06-08T13:46:20.283+0000] {processor.py:829} INFO - Processing file /home/airflow/.local/lib/python3.10/site-packages/airflow/example_dags/example_branch_operator.py for tasks to queue
[2026-06-08T13:46:20.284+0000] {logging_mixin.py:154} INFO - [2026-06-08T13:46:20.284+0000] {dagbag.py:536} INFO - Filling up the DagBag from /home/airflow/.local/lib/python3.10/site-packages/airflow/example_dags/example_branch_operator.py
[2026-06-08T13:46:20.299+0000] {processor.py:839} INFO - DAG(s) dict_keys(['example_branch_operator']) retrieved from /home/airflow/.local/lib/python3.10/site-packages/airflow/example_dags/example_branch_operator.py
[2026-06-08T13:46:20.541+0000] {logging_mixin.py:154} INFO - [2026-06-08T13:46:20.541+0000] {dag.py:2941} INFO - Sync 1 DAGs
[2026-06-08T13:46:20.571+0000] {logging_mixin.py:154} INFO - [2026-06-08T13:46:20.570+0000] {dag.py:3722} INFO - Setting next_dagrun for example_branch_operator to 2026-06-07T00:00:00+00:00, run_after=2026-06-08T00:00:00+00:00
[2026-06-08T13:46:20.612+0000] {processor.py:179} INFO - Processing /home/airflow/.local/lib/python3.10/site-packages/airflow/example_dags/example_branch_operator.py took 0.339 seconds
[2026-06-08T13:46:50.764+0000] {processor.py:157} INFO - Started process (PID=1028) to work on /home/airflow/.local/lib/python3.10/site-packages/airflow/example_dags/example_branch_operator.py
[2026-06-08T13:46:50.765+0000] {processor.py:829} INFO - Processing file /home/airflow/.local/lib/python3.10/site-packages/airflow/example_dags/example_branch_operator.py for tasks to queue
[2026-06-08T13:46:50.766+0000] {logging_mixin.py:154} INFO - [2026-06-08T13:46:50.766+0000] {dagbag.py:536} INFO - Filling up the DagBag from /home/airflow/.local/lib/python3.10/site-packages/airflow/example_dags/example_branch_operator.py
[2026-06-08T13:46:50.782+0000] {processor.py:839} INFO - DAG(s) dict_keys(['example_branch_operator']) retrieved from /home/airflow/.local/lib/python3.10/site-packages/airflow/example_dags/example_branch_operator.py
[2026-06-08T13:46:50.819+0000] {logging_mixin.py:154} INFO - [2026-06-08T13:46:50.818+0000] {dag.py:2941} INFO - Sync 1 DAGs
[2026-06-08T13:46:50.854+0000] {logging_mixin.py:154} INFO - [2026-06-08T13:46:50.854+0000] {dag.py:3722} INFO - Setting next_dagrun for example_branch_operator to 2026-06-07T00:00:00+00:00, run_after=2026-06-08T00:00:00+00:00
[2026-06-08T13:46:50.878+0000] {processor.py:179} INFO - Processing /home/airflow/.local/lib/python3.10/site-packages/airflow/example_dags/example_branch_operator.py took 0.119 seconds
[2026-06-08T13:47:21.720+0000] {processor.py:157} INFO - Started process (PID=1077) to work on /home/airflow/.local/lib/python3.10/site-packages/airflow/example_dags/example_branch_operator.py
[2026-06-08T13:47:21.721+0000] {processor.py:829} INFO - Processing file /home/airflow/.local/lib/python3.10/site-packages/airflow/example_dags/example_branch_operator.py for tasks to queue
[2026-06-08T13:47:21.722+0000] {logging_mixin.py:154} INFO - [2026-06-08T13:47:21.722+0000] {dagbag.py:536} INFO - Filling up the DagBag from /home/airflow/.local/lib/python3.10/site-packages/airflow/example_dags/example_branch_operator.py
[2026-06-08T13:47:21.737+0000] {processor.py:839} INFO - DAG(s) dict_keys(['example_branch_operator']) retrieved from /home/airflow/.local/lib/python3.10/site-packages/airflow/example_dags/example_branch_operator.py
[2026-06-08T13:47:21.769+0000] {logging_mixin.py:154} INFO - [2026-06-08T13:47:21.769+0000] {dag.py:2941} INFO - Sync 1 DAGs
[2026-06-08T13:47:21.803+0000] {logging_mixin.py:154} INFO - [2026-06-08T13:47:21.803+0000] {dag.py:3722} INFO - Setting next_dagrun for example_branch_operator to 2026-06-07T00:00:00+00:00, run_after=2026-06-08T00:00:00+00:00
[2026-06-08T13:47:21.827+0000] {processor.py:179} INFO - Processing /home/airflow/.local/lib/python3.10/site-packages/airflow/example_dags/example_branch_operator.py took 0.116 seconds
[2026-06-08T13:47:52.437+0000] {processor.py:157} INFO - Started process (PID=1126) to work on /home/airflow/.local/lib/python3.10/site-packages/airflow/example_dags/example_branch_operator.py
[2026-06-08T13:47:52.462+0000] {processor.py:829} INFO - Processing file /home/airflow/.local/lib/python3.10/site-packages/airflow/example_dags/example_branch_operator.py for tasks to queue
[2026-06-08T13:47:52.463+0000] {logging_mixin.py:154} INFO - [2026-06-08T13:47:52.462+0000] {dagbag.py:536} INFO - Filling up the DagBag from /home/airflow/.local/lib/python3.10/site-packages/airflow/example_dags/example_branch_operator.py
[2026-06-08T13:47:52.518+0000] {processor.py:839} INFO - DAG(s) dict_keys(['example_branch_operator']) retrieved from /home/airflow/.local/lib/python3.10/site-packages/airflow/example_dags/example_branch_operator.py
[2026-06-08T13:47:52.655+0000] {logging_mixin.py:154} INFO - [2026-06-08T13:47:52.654+0000] {dag.py:2941} INFO - Sync 1 DAGs
[2026-06-08T13:47:52.769+0000] {logging_mixin.py:154} INFO - [2026-06-08T13:47:52.769+0000] {dag.py:3722} INFO - Setting next_dagrun for example_branch_operator to 2026-06-07T00:00:00+00:00, run_after=2026-06-08T00:00:00+00:00
[2026-06-08T13:47:52.939+0000] {processor.py:179} INFO - Processing /home/airflow/.local/lib/python3.10/site-packages/airflow/example_dags/example_branch_operator.py took 0.535 seconds
[2026-06-08T13:48:23.334+0000] {processor.py:157} INFO - Started process (PID=1175) to work on /home/airflow/.local/lib/python3.10/site-packages/airflow/example_dags/example_branch_operator.py
[2026-06-08T13:48:23.339+0000] {processor.py:829} INFO - Processing file /home/airflow/.local/lib/python3.10/site-packages/airflow/example_dags/example_branch_operator.py for tasks to queue
[2026-06-08T13:48:23.340+0000] {logging_mixin.py:154} INFO - [2026-06-08T13:48:23.339+0000] {dagbag.py:536} INFO - Filling up the DagBag from /home/airflow/.local/lib/python3.10/site-packages/airflow/example_dags/example_branch_operator.py
[2026-06-08T13:48:23.355+0000] {processor.py:839} INFO - DAG(s) dict_keys(['example_branch_operator']) retrieved from /home/airflow/.local/lib/python3.10/site-packages/airflow/example_dags/example_branch_operator.py
[2026-06-08T13:48:23.389+0000] {logging_mixin.py:154} INFO - [2026-06-08T13:48:23.389+0000] {dag.py:2941} INFO - Sync 1 DAGs
[2026-06-08T13:48:23.423+0000] {logging_mixin.py:154} INFO - [2026-06-08T13:48:23.422+0000] {dag.py:3722} INFO - Setting next_dagrun for example_branch_operator to 2026-06-07T00:00:00+00:00, run_after=2026-06-08T00:00:00+00:00
[2026-06-08T13:48:23.462+0000] {processor.py:179} INFO - Processing /home/airflow/.local/lib/python3.10/site-packages/airflow/example_dags/example_branch_operator.py took 0.136 seconds
[2026-06-08T13:48:53.661+0000] {processor.py:157} INFO - Started process (PID=1224) to work on /home/airflow/.local/lib/python3.10/site-packages/airflow/example_dags/example_branch_operator.py
[2026-06-08T13:48:53.684+0000] {processor.py:829} INFO - Processing file /home/airflow/.local/lib/python3.10/site-packages/airflow/example_dags/example_branch_operator.py for tasks to queue
[2026-06-08T13:48:53.686+0000] {logging_mixin.py:154} INFO - [2026-06-08T13:48:53.686+0000] {dagbag.py:536} INFO - Filling up the DagBag from /home/airflow/.local/lib/python3.10/site-packages/airflow/example_dags/example_branch_operator.py
[2026-06-08T13:48:53.725+0000] {processor.py:839} INFO - DAG(s) dict_keys(['example_branch_operator']) retrieved from /home/airflow/.local/lib/python3.10/site-packages/airflow/example_dags/example_branch_operator.py
[2026-06-08T13:48:53.834+0000] {logging_mixin.py:154} INFO - [2026-06-08T13:48:53.834+0000] {dag.py:2941} INFO - Sync 1 DAGs
[2026-06-08T13:48:53.931+0000] {logging_mixin.py:154} INFO - [2026-06-08T13:48:53.931+0000] {dag.py:3722} INFO - Setting next_dagrun for example_branch_operator to 2026-06-07T00:00:00+00:00, run_after=2026-06-08T00:00:00+00:00
[2026-06-08T13:48:54.008+0000] {processor.py:179} INFO - Processing /home/airflow/.local/lib/python3.10/site-packages/airflow/example_dags/example_branch_operator.py took 0.389 seconds
[2026-06-08T13:49:24.205+0000] {processor.py:157} INFO - Started process (PID=1271) to work on /home/airflow/.local/lib/python3.10/site-packages/airflow/example_dags/example_branch_operator.py
[2026-06-08T13:49:24.207+0000] {processor.py:829} INFO - Processing file /home/airflow/.local/lib/python3.10/site-packages/airflow/example_dags/example_branch_operator.py for tasks to queue
[2026-06-08T13:49:24.208+0000] {logging_mixin.py:154} INFO - [2026-06-08T13:49:24.208+0000] {dagbag.py:536} INFO - Filling up the DagBag from /home/airflow/.local/lib/python3.10/site-packages/airflow/example_dags/example_branch_operator.py
[2026-06-08T13:49:24.223+0000] {processor.py:839} INFO - DAG(s) dict_keys(['example_branch_operator']) retrieved from /home/airflow/.local/lib/python3.10/site-packages/airflow/example_dags/example_branch_operator.py
[2026-06-08T13:49:24.256+0000] {logging_mixin.py:154} INFO - [2026-06-08T13:49:24.256+0000] {dag.py:2941} INFO - Sync 1 DAGs
[2026-06-08T13:49:24.290+0000] {logging_mixin.py:154} INFO - [2026-06-08T13:49:24.290+0000] {dag.py:3722} INFO - Setting next_dagrun for example_branch_operator to 2026-06-07T00:00:00+00:00, run_after=2026-06-08T00:00:00+00:00
[2026-06-08T13:49:24.312+0000] {processor.py:179} INFO - Processing /home/airflow/.local/lib/python3.10/site-packages/airflow/example_dags/example_branch_operator.py took 0.112 seconds
[2026-06-08T13:49:54.876+0000] {processor.py:157} INFO - Started process (PID=1320) to work on /home/airflow/.local/lib/python3.10/site-packages/airflow/example_dags/example_branch_operator.py
[2026-06-08T13:49:54.878+0000] {processor.py:829} INFO - Processing file /home/airflow/.local/lib/python3.10/site-packages/airflow/example_dags/example_branch_operator.py for tasks to queue
[2026-06-08T13:49:54.879+0000] {logging_mixin.py:154} INFO - [2026-06-08T13:49:54.879+0000] {dagbag.py:536} INFO - Filling up the DagBag from /home/airflow/.local/lib/python3.10/site-packages/airflow/example_dags/example_branch_operator.py
[2026-06-08T13:49:54.893+0000] {processor.py:839} INFO - DAG(s) dict_keys(['example_branch_operator']) retrieved from /home/airflow/.local/lib/python3.10/site-packages/airflow/example_dags/example_branch_operator.py
[2026-06-08T13:49:54.927+0000] {logging_mixin.py:154} INFO - [2026-06-08T13:49:54.926+0000] {dag.py:2941} INFO - Sync 1 DAGs
[2026-06-08T13:49:54.961+0000] {logging_mixin.py:154} INFO - [2026-06-08T13:49:54.961+0000] {dag.py:3722} INFO - Setting next_dagrun for example_branch_operator to 2026-06-07T00:00:00+00:00, run_after=2026-06-08T00:00:00+00:00
[2026-06-08T13:49:54.985+0000] {processor.py:179} INFO - Processing /home/airflow/.local/lib/python3.10/site-packages/airflow/example_dags/example_branch_operator.py took 0.114 seconds
[2026-06-08T13:50:25.963+0000] {processor.py:157} INFO - Started process (PID=1369) to work on /home/airflow/.local/lib/python3.10/site-packages/airflow/example_dags/example_branch_operator.py
[2026-06-08T13:50:25.965+0000] {processor.py:829} INFO - Processing file /home/airflow/.local/lib/python3.10/site-packages/airflow/example_dags/example_branch_operator.py for tasks to queue
[2026-06-08T13:50:25.966+0000] {logging_mixin.py:154} INFO - [2026-06-08T13:50:25.966+0000] {dagbag.py:536} INFO - Filling up the DagBag from /home/airflow/.local/lib/python3.10/site-packages/airflow/example_dags/example_branch_operator.py
[2026-06-08T13:50:25.987+0000] {processor.py:839} INFO - DAG(s) dict_keys(['example_branch_operator']) retrieved from /home/airflow/.local/lib/python3.10/site-packages/airflow/example_dags/example_branch_operator.py
[2026-06-08T13:50:26.019+0000] {logging_mixin.py:154} INFO - [2026-06-08T13:50:26.019+0000] {dag.py:2941} INFO - Sync 1 DAGs
[2026-06-08T13:50:26.054+0000] {logging_mixin.py:154} INFO - [2026-06-08T13:50:26.054+0000] {dag.py:3722} INFO - Setting next_dagrun for example_branch_operator to 2026-06-07T00:00:00+00:00, run_after=2026-06-08T00:00:00+00:00
[2026-06-08T13:50:26.082+0000] {processor.py:179} INFO - Processing /home/airflow/.local/lib/python3.10/site-packages/airflow/example_dags/example_branch_operator.py took 0.124 seconds
[2026-06-08T13:50:57.041+0000] {processor.py:157} INFO - Started process (PID=1418) to work on /home/airflow/.local/lib/python3.10/site-packages/airflow/example_dags/example_branch_operator.py
[2026-06-08T13:50:57.043+0000] {processor.py:829} INFO - Processing file /home/airflow/.local/lib/python3.10/site-packages/airflow/example_dags/example_branch_operator.py for tasks to queue
[2026-06-08T13:50:57.044+0000] {logging_mixin.py:154} INFO - [2026-06-08T13:50:57.043+0000] {dagbag.py:536} INFO - Filling up the DagBag from /home/airflow/.local/lib/python3.10/site-packages/airflow/example_dags/example_branch_operator.py
[2026-06-08T13:50:57.058+0000] {processor.py:839} INFO - DAG(s) dict_keys(['example_branch_operator']) retrieved from /home/airflow/.local/lib/python3.10/site-packages/airflow/example_dags/example_branch_operator.py
[2026-06-08T13:50:57.092+0000] {logging_mixin.py:154} INFO - [2026-06-08T13:50:57.092+0000] {dag.py:2941} INFO - Sync 1 DAGs
[2026-06-08T13:50:57.128+0000] {logging_mixin.py:154} INFO - [2026-06-08T13:50:57.128+0000] {dag.py:3722} INFO - Setting next_dagrun for example_branch_operator to 2026-06-07T00:00:00+00:00, run_after=2026-06-08T00:00:00+00:00
[2026-06-08T13:50:57.154+0000] {processor.py:179} INFO - Processing /home/airflow/.local/lib/python3.10/site-packages/airflow/example_dags/example_branch_operator.py took 0.118 seconds
[2026-06-08T13:51:28.002+0000] {processor.py:157} INFO - Started process (PID=1467) to work on /home/airflow/.local/lib/python3.10/site-packages/airflow/example_dags/example_branch_operator.py
[2026-06-08T13:51:28.008+0000] {processor.py:829} INFO - Processing file /home/airflow/.local/lib/python3.10/site-packages/airflow/example_dags/example_branch_operator.py for tasks to queue
[2026-06-08T13:51:28.009+0000] {logging_mixin.py:154} INFO - [2026-06-08T13:51:28.009+0000] {dagbag.py:536} INFO - Filling up the DagBag from /home/airflow/.local/lib/python3.10/site-packages/airflow/example_dags/example_branch_operator.py
[2026-06-08T13:51:28.023+0000] {processor.py:839} INFO - DAG(s) dict_keys(['example_branch_operator']) retrieved from /home/airflow/.local/lib/python3.10/site-packages/airflow/example_dags/example_branch_operator.py
[2026-06-08T13:51:28.096+0000] {logging_mixin.py:154} INFO - [2026-06-08T13:51:28.096+0000] {dag.py:2941} INFO - Sync 1 DAGs
[2026-06-08T13:51:28.169+0000] {logging_mixin.py:154} INFO - [2026-06-08T13:51:28.169+0000] {dag.py:3722} INFO - Setting next_dagrun for example_branch_operator to 2026-06-07T00:00:00+00:00, run_after=2026-06-08T00:00:00+00:00
[2026-06-08T13:51:28.217+0000] {processor.py:179} INFO - Processing /home/airflow/.local/lib/python3.10/site-packages/airflow/example_dags/example_branch_operator.py took 0.226 seconds
[2026-06-08T13:51:59.039+0000] {processor.py:157} INFO - Started process (PID=1516) to work on /home/airflow/.local/lib/python3.10/site-packages/airflow/example_dags/example_branch_operator.py
[2026-06-08T13:51:59.042+0000] {processor.py:829} INFO - Processing file /home/airflow/.local/lib/python3.10/site-packages/airflow/example_dags/example_branch_operator.py for tasks to queue
[2026-06-08T13:51:59.043+0000] {logging_mixin.py:154} INFO - [2026-06-08T13:51:59.043+0000] {dagbag.py:536} INFO - Filling up the DagBag from /home/airflow/.local/lib/python3.10/site-packages/airflow/example_dags/example_branch_operator.py
[2026-06-08T13:51:59.057+0000] {processor.py:839} INFO - DAG(s) dict_keys(['example_branch_operator']) retrieved from /home/airflow/.local/lib/python3.10/site-packages/airflow/example_dags/example_branch_operator.py
[2026-06-08T13:51:59.089+0000] {logging_mixin.py:154} INFO - [2026-06-08T13:51:59.089+0000] {dag.py:2941} INFO - Sync 1 DAGs
[2026-06-08T13:51:59.121+0000] {logging_mixin.py:154} INFO - [2026-06-08T13:51:59.121+0000] {dag.py:3722} INFO - Setting next_dagrun for example_branch_operator to 2026-06-07T00:00:00+00:00, run_after=2026-06-08T00:00:00+00:00
[2026-06-08T13:51:59.143+0000] {processor.py:179} INFO - Processing /home/airflow/.local/lib/python3.10/site-packages/airflow/example_dags/example_branch_operator.py took 0.111 seconds
[2026-06-08T13:52:29.511+0000] {processor.py:157} INFO - Started process (PID=1565) to work on /home/airflow/.local/lib/python3.10/site-packages/airflow/example_dags/example_branch_operator.py
[2026-06-08T13:52:29.512+0000] {processor.py:829} INFO - Processing file /home/airflow/.local/lib/python3.10/site-packages/airflow/example_dags/example_branch_operator.py for tasks to queue
[2026-06-08T13:52:29.513+0000] {logging_mixin.py:154} INFO - [2026-06-08T13:52:29.512+0000] {dagbag.py:536} INFO - Filling up the DagBag from /home/airflow/.local/lib/python3.10/site-packages/airflow/example_dags/example_branch_operator.py
[2026-06-08T13:52:29.568+0000] {processor.py:839} INFO - DAG(s) dict_keys(['example_branch_operator']) retrieved from /home/airflow/.local/lib/python3.10/site-packages/airflow/example_dags/example_branch_operator.py
[2026-06-08T13:52:29.647+0000] {logging_mixin.py:154} INFO - [2026-06-08T13:52:29.647+0000] {dag.py:2941} INFO - Sync 1 DAGs
[2026-06-08T13:52:29.736+0000] {logging_mixin.py:154} INFO - [2026-06-08T13:52:29.736+0000] {dag.py:3722} INFO - Setting next_dagrun for example_branch_operator to 2026-06-07T00:00:00+00:00, run_after=2026-06-08T00:00:00+00:00
[2026-06-08T13:52:29.799+0000] {processor.py:179} INFO - Processing /home/airflow/.local/lib/python3.10/site-packages/airflow/example_dags/example_branch_operator.py took 0.318 seconds
[2026-06-08T13:53:00.743+0000] {processor.py:157} INFO - Started process (PID=1614) to work on /home/airflow/.local/lib/python3.10/site-packages/airflow/example_dags/example_branch_operator.py
[2026-06-08T13:53:00.758+0000] {processor.py:829} INFO - Processing file /home/airflow/.local/lib/python3.10/site-packages/airflow/example_dags/example_branch_operator.py for tasks to queue
[2026-06-08T13:53:00.771+0000] {logging_mixin.py:154} INFO - [2026-06-08T13:53:00.770+0000] {dagbag.py:536} INFO - Filling up the DagBag from /home/airflow/.local/lib/python3.10/site-packages/airflow/example_dags/example_branch_operator.py
[2026-06-08T13:53:00.827+0000] {processor.py:839} INFO - DAG(s) dict_keys(['example_branch_operator']) retrieved from /home/airflow/.local/lib/python3.10/site-packages/airflow/example_dags/example_branch_operator.py
[2026-06-08T13:53:00.922+0000] {logging_mixin.py:154} INFO - [2026-06-08T13:53:00.922+0000] {dag.py:2941} INFO - Sync 1 DAGs
[2026-06-08T13:53:00.997+0000] {logging_mixin.py:154} INFO - [2026-06-08T13:53:00.996+0000] {dag.py:3722} INFO - Setting next_dagrun for example_branch_operator to 2026-06-07T00:00:00+00:00, run_after=2026-06-08T00:00:00+00:00
[2026-06-08T13:53:01.042+0000] {processor.py:179} INFO - Processing /home/airflow/.local/lib/python3.10/site-packages/airflow/example_dags/example_branch_operator.py took 0.326 seconds
[2026-06-08T13:53:31.175+0000] {processor.py:157} INFO - Started process (PID=1663) to work on /home/airflow/.local/lib/python3.10/site-packages/airflow/example_dags/example_branch_operator.py
[2026-06-08T13:53:31.176+0000] {processor.py:829} INFO - Processing file /home/airflow/.local/lib/python3.10/site-packages/airflow/example_dags/example_branch_operator.py for tasks to queue
[2026-06-08T13:53:31.181+0000] {logging_mixin.py:154} INFO - [2026-06-08T13:53:31.181+0000] {dagbag.py:536} INFO - Filling up the DagBag from /home/airflow/.local/lib/python3.10/site-packages/airflow/example_dags/example_branch_operator.py
[2026-06-08T13:53:31.212+0000] {processor.py:839} INFO - DAG(s) dict_keys(['example_branch_operator']) retrieved from /home/airflow/.local/lib/python3.10/site-packages/airflow/example_dags/example_branch_operator.py
[2026-06-08T13:53:31.292+0000] {logging_mixin.py:154} INFO - [2026-06-08T13:53:31.291+0000] {dag.py:2941} INFO - Sync 1 DAGs
[2026-06-08T13:53:31.332+0000] {logging_mixin.py:154} INFO - [2026-06-08T13:53:31.332+0000] {dag.py:3722} INFO - Setting next_dagrun for example_branch_operator to 2026-06-07T00:00:00+00:00, run_after=2026-06-08T00:00:00+00:00
[2026-06-08T13:53:31.375+0000] {processor.py:179} INFO - Processing /home/airflow/.local/lib/python3.10/site-packages/airflow/example_dags/example_branch_operator.py took 0.219 seconds
[2026-06-08T13:54:02.084+0000] {processor.py:157} INFO - Started process (PID=1712) to work on /home/airflow/.local/lib/python3.10/site-packages/airflow/example_dags/example_branch_operator.py
[2026-06-08T13:54:02.089+0000] {processor.py:829} INFO - Processing file /home/airflow/.local/lib/python3.10/site-packages/airflow/example_dags/example_branch_operator.py for tasks to queue
[2026-06-08T13:54:02.090+0000] {logging_mixin.py:154} INFO - [2026-06-08T13:54:02.090+0000] {dagbag.py:536} INFO - Filling up the DagBag from /home/airflow/.local/lib/python3.10/site-packages/airflow/example_dags/example_branch_operator.py
[2026-06-08T13:54:02.108+0000] {processor.py:839} INFO - DAG(s) dict_keys(['example_branch_operator']) retrieved from /home/airflow/.local/lib/python3.10/site-packages/airflow/example_dags/example_branch_operator.py
[2026-06-08T13:54:02.141+0000] {logging_mixin.py:154} INFO - [2026-06-08T13:54:02.141+0000] {dag.py:2941} INFO - Sync 1 DAGs
[2026-06-08T13:54:02.176+0000] {logging_mixin.py:154} INFO - [2026-06-08T13:54:02.176+0000] {dag.py:3722} INFO - Setting next_dagrun for example_branch_operator to 2026-06-07T00:00:00+00:00, run_after=2026-06-08T00:00:00+00:00
[2026-06-08T13:54:02.206+0000] {processor.py:179} INFO - Processing /home/airflow/.local/lib/python3.10/site-packages/airflow/example_dags/example_branch_operator.py took 0.128 seconds
[2026-06-08T13:54:32.425+0000] {processor.py:157} INFO - Started process (PID=1761) to work on /home/airflow/.local/lib/python3.10/site-packages/airflow/example_dags/example_branch_operator.py
[2026-06-08T13:54:32.428+0000] {processor.py:829} INFO - Processing file /home/airflow/.local/lib/python3.10/site-packages/airflow/example_dags/example_branch_operator.py for tasks to queue
[2026-06-08T13:54:32.429+0000] {logging_mixin.py:154} INFO - [2026-06-08T13:54:32.429+0000] {dagbag.py:536} INFO - Filling up the DagBag from /home/airflow/.local/lib/python3.10/site-packages/airflow/example_dags/example_branch_operator.py
[2026-06-08T13:54:32.475+0000] {processor.py:839} INFO - DAG(s) dict_keys(['example_branch_operator']) retrieved from /home/airflow/.local/lib/python3.10/site-packages/airflow/example_dags/example_branch_operator.py
[2026-06-08T13:54:32.578+0000] {logging_mixin.py:154} INFO - [2026-06-08T13:54:32.578+0000] {dag.py:2941} INFO - Sync 1 DAGs
[2026-06-08T13:54:32.647+0000] {logging_mixin.py:154} INFO - [2026-06-08T13:54:32.647+0000] {dag.py:3722} INFO - Setting next_dagrun for example_branch_operator to 2026-06-07T00:00:00+00:00, run_after=2026-06-08T00:00:00+00:00
[2026-06-08T13:54:32.712+0000] {processor.py:179} INFO - Processing /home/airflow/.local/lib/python3.10/site-packages/airflow/example_dags/example_branch_operator.py took 0.323 seconds
[2026-06-08T13:55:03.635+0000] {processor.py:157} INFO - Started process (PID=1810) to work on /home/airflow/.local/lib/python3.10/site-packages/airflow/example_dags/example_branch_operator.py
[2026-06-08T13:55:03.650+0000] {processor.py:829} INFO - Processing file /home/airflow/.local/lib/python3.10/site-packages/airflow/example_dags/example_branch_operator.py for tasks to queue
[2026-06-08T13:55:03.651+0000] {logging_mixin.py:154} INFO - [2026-06-08T13:55:03.651+0000] {dagbag.py:536} INFO - Filling up the DagBag from /home/airflow/.local/lib/python3.10/site-packages/airflow/example_dags/example_branch_operator.py
[2026-06-08T13:55:03.676+0000] {processor.py:839} INFO - DAG(s) dict_keys(['example_branch_operator']) retrieved from /home/airflow/.local/lib/python3.10/site-packages/airflow/example_dags/example_branch_operator.py
[2026-06-08T13:55:03.738+0000] {logging_mixin.py:154} INFO - [2026-06-08T13:55:03.738+0000] {dag.py:2941} INFO - Sync 1 DAGs
[2026-06-08T13:55:03.806+0000] {logging_mixin.py:154} INFO - [2026-06-08T13:55:03.805+0000] {dag.py:3722} INFO - Setting next_dagrun for example_branch_operator to 2026-06-07T00:00:00+00:00, run_after=2026-06-08T00:00:00+00:00
[2026-06-08T13:55:03.846+0000] {processor.py:179} INFO - Processing /home/airflow/.local/lib/python3.10/site-packages/airflow/example_dags/example_branch_operator.py took 0.224 seconds
[2026-06-08T13:55:34.574+0000] {processor.py:157} INFO - Started process (PID=1859) to work on /home/airflow/.local/lib/python3.10/site-packages/airflow/example_dags/example_branch_operator.py
[2026-06-08T13:55:34.579+0000] {processor.py:829} INFO - Processing file /home/airflow/.local/lib/python3.10/site-packages/airflow/example_dags/example_branch_operator.py for tasks to queue
[2026-06-08T13:55:34.580+0000] {logging_mixin.py:154} INFO - [2026-06-08T13:55:34.580+0000] {dagbag.py:536} INFO - Filling up the DagBag from /home/airflow/.local/lib/python3.10/site-packages/airflow/example_dags/example_branch_operator.py
[2026-06-08T13:55:34.596+0000] {processor.py:839} INFO - DAG(s) dict_keys(['example_branch_operator']) retrieved from /home/airflow/.local/lib/python3.10/site-packages/airflow/example_dags/example_branch_operator.py
[2026-06-08T13:55:34.628+0000] {logging_mixin.py:154} INFO - [2026-06-08T13:55:34.628+0000] {dag.py:2941} INFO - Sync 1 DAGs
[2026-06-08T13:55:34.664+0000] {logging_mixin.py:154} INFO - [2026-06-08T13:55:34.664+0000] {dag.py:3722} INFO - Setting next_dagrun for example_branch_operator to 2026-06-07T00:00:00+00:00, run_after=2026-06-08T00:00:00+00:00
[2026-06-08T13:55:34.689+0000] {processor.py:179} INFO - Processing /home/airflow/.local/lib/python3.10/site-packages/airflow/example_dags/example_branch_operator.py took 0.121 seconds
[2026-06-08T13:56:05.616+0000] {processor.py:157} INFO - Started process (PID=1908) to work on /home/airflow/.local/lib/python3.10/site-packages/airflow/example_dags/example_branch_operator.py
[2026-06-08T13:56:05.624+0000] {processor.py:829} INFO - Processing file /home/airflow/.local/lib/python3.10/site-packages/airflow/example_dags/example_branch_operator.py for tasks to queue
[2026-06-08T13:56:05.625+0000] {logging_mixin.py:154} INFO - [2026-06-08T13:56:05.625+0000] {dagbag.py:536} INFO - Filling up the DagBag from /home/airflow/.local/lib/python3.10/site-packages/airflow/example_dags/example_branch_operator.py
[2026-06-08T13:56:05.646+0000] {processor.py:839} INFO - DAG(s) dict_keys(['example_branch_operator']) retrieved from /home/airflow/.local/lib/python3.10/site-packages/airflow/example_dags/example_branch_operator.py
[2026-06-08T13:56:05.681+0000] {logging_mixin.py:154} INFO - [2026-06-08T13:56:05.680+0000] {dag.py:2941} INFO - Sync 1 DAGs
[2026-06-08T13:56:05.716+0000] {logging_mixin.py:154} INFO - [2026-06-08T13:56:05.716+0000] {dag.py:3722} INFO - Setting next_dagrun for example_branch_operator to 2026-06-07T00:00:00+00:00, run_after=2026-06-08T00:00:00+00:00
[2026-06-08T13:56:05.741+0000] {processor.py:179} INFO - Processing /home/airflow/.local/lib/python3.10/site-packages/airflow/example_dags/example_branch_operator.py took 0.139 seconds
[2026-06-08T13:56:36.320+0000] {processor.py:157} INFO - Started process (PID=1957) to work on /home/airflow/.local/lib/python3.10/site-packages/airflow/example_dags/example_branch_operator.py
[2026-06-08T13:56:36.321+0000] {processor.py:829} INFO - Processing file /home/airflow/.local/lib/python3.10/site-packages/airflow/example_dags/example_branch_operator.py for tasks to queue
[2026-06-08T13:56:36.322+0000] {logging_mixin.py:154} INFO - [2026-06-08T13:56:36.321+0000] {dagbag.py:536} INFO - Filling up the DagBag from /home/airflow/.local/lib/python3.10/site-packages/airflow/example_dags/example_branch_operator.py
[2026-06-08T13:56:36.337+0000] {processor.py:839} INFO - DAG(s) dict_keys(['example_branch_operator']) retrieved from /home/airflow/.local/lib/python3.10/site-packages/airflow/example_dags/example_branch_operator.py
[2026-06-08T13:56:36.372+0000] {logging_mixin.py:154} INFO - [2026-06-08T13:56:36.372+0000] {dag.py:2941} INFO - Sync 1 DAGs
[2026-06-08T13:56:36.408+0000] {logging_mixin.py:154} INFO - [2026-06-08T13:56:36.408+0000] {dag.py:3722} INFO - Setting next_dagrun for example_branch_operator to 2026-06-07T00:00:00+00:00, run_after=2026-06-08T00:00:00+00:00
[2026-06-08T13:56:36.433+0000] {processor.py:179} INFO - Processing /home/airflow/.local/lib/python3.10/site-packages/airflow/example_dags/example_branch_operator.py took 0.118 seconds
[2026-06-08T13:57:06.770+0000] {processor.py:157} INFO - Started process (PID=2006) to work on /home/airflow/.local/lib/python3.10/site-packages/airflow/example_dags/example_branch_operator.py
[2026-06-08T13:57:06.777+0000] {processor.py:829} INFO - Processing file /home/airflow/.local/lib/python3.10/site-packages/airflow/example_dags/example_branch_operator.py for tasks to queue
[2026-06-08T13:57:06.778+0000] {logging_mixin.py:154} INFO - [2026-06-08T13:57:06.778+0000] {dagbag.py:536} INFO - Filling up the DagBag from /home/airflow/.local/lib/python3.10/site-packages/airflow/example_dags/example_branch_operator.py
[2026-06-08T13:57:06.814+0000] {processor.py:839} INFO - DAG(s) dict_keys(['example_branch_operator']) retrieved from /home/airflow/.local/lib/python3.10/site-packages/airflow/example_dags/example_branch_operator.py
[2026-06-08T13:57:06.881+0000] {logging_mixin.py:154} INFO - [2026-06-08T13:57:06.881+0000] {dag.py:2941} INFO - Sync 1 DAGs
[2026-06-08T13:57:06.945+0000] {logging_mixin.py:154} INFO - [2026-06-08T13:57:06.945+0000] {dag.py:3722} INFO - Setting next_dagrun for example_branch_operator to 2026-06-07T00:00:00+00:00, run_after=2026-06-08T00:00:00+00:00
[2026-06-08T13:57:07.019+0000] {processor.py:179} INFO - Processing /home/airflow/.local/lib/python3.10/site-packages/airflow/example_dags/example_branch_operator.py took 0.260 seconds
[2026-06-08T13:57:37.334+0000] {processor.py:157} INFO - Started process (PID=2055) to work on /home/airflow/.local/lib/python3.10/site-packages/airflow/example_dags/example_branch_operator.py
[2026-06-08T13:57:37.335+0000] {processor.py:829} INFO - Processing file /home/airflow/.local/lib/python3.10/site-packages/airflow/example_dags/example_branch_operator.py for tasks to queue
[2026-06-08T13:57:37.336+0000] {logging_mixin.py:154} INFO - [2026-06-08T13:57:37.336+0000] {dagbag.py:536} INFO - Filling up the DagBag from /home/airflow/.local/lib/python3.10/site-packages/airflow/example_dags/example_branch_operator.py
[2026-06-08T13:57:37.351+0000] {processor.py:839} INFO - DAG(s) dict_keys(['example_branch_operator']) retrieved from /home/airflow/.local/lib/python3.10/site-packages/airflow/example_dags/example_branch_operator.py
[2026-06-08T13:57:37.385+0000] {logging_mixin.py:154} INFO - [2026-06-08T13:57:37.385+0000] {dag.py:2941} INFO - Sync 1 DAGs
[2026-06-08T13:57:37.421+0000] {logging_mixin.py:154} INFO - [2026-06-08T13:57:37.421+0000] {dag.py:3722} INFO - Setting next_dagrun for example_branch_operator to 2026-06-07T00:00:00+00:00, run_after=2026-06-08T00:00:00+00:00
[2026-06-08T13:57:37.446+0000] {processor.py:179} INFO - Processing /home/airflow/.local/lib/python3.10/site-packages/airflow/example_dags/example_branch_operator.py took 0.118 seconds
[2026-06-08T13:58:07.737+0000] {processor.py:157} INFO - Started process (PID=2104) to work on /home/airflow/.local/lib/python3.10/site-packages/airflow/example_dags/example_branch_operator.py
[2026-06-08T13:58:07.741+0000] {processor.py:829} INFO - Processing file /home/airflow/.local/lib/python3.10/site-packages/airflow/example_dags/example_branch_operator.py for tasks to queue
[2026-06-08T13:58:07.743+0000] {logging_mixin.py:154} INFO - [2026-06-08T13:58:07.742+0000] {dagbag.py:536} INFO - Filling up the DagBag from /home/airflow/.local/lib/python3.10/site-packages/airflow/example_dags/example_branch_operator.py
[2026-06-08T13:58:07.772+0000] {processor.py:839} INFO - DAG(s) dict_keys(['example_branch_operator']) retrieved from /home/airflow/.local/lib/python3.10/site-packages/airflow/example_dags/example_branch_operator.py
[2026-06-08T13:58:07.834+0000] {logging_mixin.py:154} INFO - [2026-06-08T13:58:07.834+0000] {dag.py:2941} INFO - Sync 1 DAGs
[2026-06-08T13:58:07.882+0000] {logging_mixin.py:154} INFO - [2026-06-08T13:58:07.877+0000] {dag.py:3722} INFO - Setting next_dagrun for example_branch_operator to 2026-06-07T00:00:00+00:00, run_after=2026-06-08T00:00:00+00:00
[2026-06-08T13:58:07.952+0000] {processor.py:179} INFO - Processing /home/airflow/.local/lib/python3.10/site-packages/airflow/example_dags/example_branch_operator.py took 0.239 seconds
[2026-06-08T13:58:38.314+0000] {processor.py:157} INFO - Started process (PID=2153) to work on /home/airflow/.local/lib/python3.10/site-packages/airflow/example_dags/example_branch_operator.py
[2026-06-08T13:58:38.322+0000] {processor.py:829} INFO - Processing file /home/airflow/.local/lib/python3.10/site-packages/airflow/example_dags/example_branch_operator.py for tasks to queue
[2026-06-08T13:58:38.323+0000] {logging_mixin.py:154} INFO - [2026-06-08T13:58:38.323+0000] {dagbag.py:536} INFO - Filling up the DagBag from /home/airflow/.local/lib/python3.10/site-packages/airflow/example_dags/example_branch_operator.py
[2026-06-08T13:58:38.345+0000] {processor.py:839} INFO - DAG(s) dict_keys(['example_branch_operator']) retrieved from /home/airflow/.local/lib/python3.10/site-packages/airflow/example_dags/example_branch_operator.py
[2026-06-08T13:58:38.381+0000] {logging_mixin.py:154} INFO - [2026-06-08T13:58:38.381+0000] {dag.py:2941} INFO - Sync 1 DAGs
[2026-06-08T13:58:38.422+0000] {logging_mixin.py:154} INFO - [2026-06-08T13:58:38.422+0000] {dag.py:3722} INFO - Setting next_dagrun for example_branch_operator to 2026-06-07T00:00:00+00:00, run_after=2026-06-08T00:00:00+00:00
[2026-06-08T13:58:38.449+0000] {processor.py:179} INFO - Processing /home/airflow/.local/lib/python3.10/site-packages/airflow/example_dags/example_branch_operator.py took 0.140 seconds
[2026-06-08T13:59:08.554+0000] {processor.py:157} INFO - Started process (PID=2201) to work on /home/airflow/.local/lib/python3.10/site-packages/airflow/example_dags/example_branch_operator.py
[2026-06-08T13:59:08.557+0000] {processor.py:829} INFO - Processing file /home/airflow/.local/lib/python3.10/site-packages/airflow/example_dags/example_branch_operator.py for tasks to queue
[2026-06-08T13:59:08.557+0000] {logging_mixin.py:154} INFO - [2026-06-08T13:59:08.557+0000] {dagbag.py:536} INFO - Filling up the DagBag from /home/airflow/.local/lib/python3.10/site-packages/airflow/example_dags/example_branch_operator.py
[2026-06-08T13:59:08.573+0000] {processor.py:839} INFO - DAG(s) dict_keys(['example_branch_operator']) retrieved from /home/airflow/.local/lib/python3.10/site-packages/airflow/example_dags/example_branch_operator.py
[2026-06-08T13:59:08.602+0000] {logging_mixin.py:154} INFO - [2026-06-08T13:59:08.601+0000] {dag.py:2941} INFO - Sync 1 DAGs
[2026-06-08T13:59:08.629+0000] {logging_mixin.py:154} INFO - [2026-06-08T13:59:08.629+0000] {dag.py:3722} INFO - Setting next_dagrun for example_branch_operator to 2026-06-07T00:00:00+00:00, run_after=2026-06-08T00:00:00+00:00
[2026-06-08T13:59:08.651+0000] {processor.py:179} INFO - Processing /home/airflow/.local/lib/python3.10/site-packages/airflow/example_dags/example_branch_operator.py took 0.101 seconds
[2026-06-08T13:59:39.114+0000] {processor.py:157} INFO - Started process (PID=2251) to work on /home/airflow/.local/lib/python3.10/site-packages/airflow/example_dags/example_branch_operator.py
[2026-06-08T13:59:39.115+0000] {processor.py:829} INFO - Processing file /home/airflow/.local/lib/python3.10/site-packages/airflow/example_dags/example_branch_operator.py for tasks to queue
[2026-06-08T13:59:39.116+0000] {logging_mixin.py:154} INFO - [2026-06-08T13:59:39.116+0000] {dagbag.py:536} INFO - Filling up the DagBag from /home/airflow/.local/lib/python3.10/site-packages/airflow/example_dags/example_branch_operator.py
[2026-06-08T13:59:39.132+0000] {processor.py:839} INFO - DAG(s) dict_keys(['example_branch_operator']) retrieved from /home/airflow/.local/lib/python3.10/site-packages/airflow/example_dags/example_branch_operator.py
[2026-06-08T13:59:39.168+0000] {logging_mixin.py:154} INFO - [2026-06-08T13:59:39.168+0000] {dag.py:2941} INFO - Sync 1 DAGs
[2026-06-08T13:59:39.203+0000] {logging_mixin.py:154} INFO - [2026-06-08T13:59:39.203+0000] {dag.py:3722} INFO - Setting next_dagrun for example_branch_operator to 2026-06-07T00:00:00+00:00, run_after=2026-06-08T00:00:00+00:00
[2026-06-08T13:59:39.234+0000] {processor.py:179} INFO - Processing /home/airflow/.local/lib/python3.10/site-packages/airflow/example_dags/example_branch_operator.py took 0.126 seconds
[2026-06-08T14:00:10.172+0000] {processor.py:157} INFO - Started process (PID=2300) to work on /home/airflow/.local/lib/python3.10/site-packages/airflow/example_dags/example_branch_operator.py
[2026-06-08T14:00:10.174+0000] {processor.py:829} INFO - Processing file /home/airflow/.local/lib/python3.10/site-packages/airflow/example_dags/example_branch_operator.py for tasks to queue
[2026-06-08T14:00:10.175+0000] {logging_mixin.py:154} INFO - [2026-06-08T14:00:10.175+0000] {dagbag.py:536} INFO - Filling up the DagBag from /home/airflow/.local/lib/python3.10/site-packages/airflow/example_dags/example_branch_operator.py
[2026-06-08T14:00:10.226+0000] {processor.py:839} INFO - DAG(s) dict_keys(['example_branch_operator']) retrieved from /home/airflow/.local/lib/python3.10/site-packages/airflow/example_dags/example_branch_operator.py
[2026-06-08T14:00:10.348+0000] {logging_mixin.py:154} INFO - [2026-06-08T14:00:10.348+0000] {dag.py:2941} INFO - Sync 1 DAGs
[2026-06-08T14:00:10.406+0000] {logging_mixin.py:154} INFO - [2026-06-08T14:00:10.406+0000] {dag.py:3722} INFO - Setting next_dagrun for example_branch_operator to 2026-06-07T00:00:00+00:00, run_after=2026-06-08T00:00:00+00:00
[2026-06-08T14:00:10.456+0000] {processor.py:179} INFO - Processing /home/airflow/.local/lib/python3.10/site-packages/airflow/example_dags/example_branch_operator.py took 0.291 seconds
[2026-06-08T14:00:40.713+0000] {processor.py:157} INFO - Started process (PID=2349) to work on /home/airflow/.local/lib/python3.10/site-packages/airflow/example_dags/example_branch_operator.py
[2026-06-08T14:00:40.722+0000] {processor.py:829} INFO - Processing file /home/airflow/.local/lib/python3.10/site-packages/airflow/example_dags/example_branch_operator.py for tasks to queue
[2026-06-08T14:00:40.723+0000] {logging_mixin.py:154} INFO - [2026-06-08T14:00:40.723+0000] {dagbag.py:536} INFO - Filling up the DagBag from /home/airflow/.local/lib/python3.10/site-packages/airflow/example_dags/example_branch_operator.py
[2026-06-08T14:00:40.797+0000] {processor.py:839} INFO - DAG(s) dict_keys(['example_branch_operator']) retrieved from /home/airflow/.local/lib/python3.10/site-packages/airflow/example_dags/example_branch_operator.py
[2026-06-08T14:00:40.854+0000] {logging_mixin.py:154} INFO - [2026-06-08T14:00:40.853+0000] {dag.py:2941} INFO - Sync 1 DAGs
[2026-06-08T14:00:40.897+0000] {logging_mixin.py:154} INFO - [2026-06-08T14:00:40.896+0000] {dag.py:3722} INFO - Setting next_dagrun for example_branch_operator to 2026-06-07T00:00:00+00:00, run_after=2026-06-08T00:00:00+00:00
[2026-06-08T14:00:40.953+0000] {processor.py:179} INFO - Processing /home/airflow/.local/lib/python3.10/site-packages/airflow/example_dags/example_branch_operator.py took 0.262 seconds
[2026-06-08T14:01:10.993+0000] {processor.py:157} INFO - Started process (PID=2397) to work on /home/airflow/.local/lib/python3.10/site-packages/airflow/example_dags/example_branch_operator.py
[2026-06-08T14:01:10.994+0000] {processor.py:829} INFO - Processing file /home/airflow/.local/lib/python3.10/site-packages/airflow/example_dags/example_branch_operator.py for tasks to queue
[2026-06-08T14:01:10.995+0000] {logging_mixin.py:154} INFO - [2026-06-08T14:01:10.995+0000] {dagbag.py:536} INFO - Filling up the DagBag from /home/airflow/.local/lib/python3.10/site-packages/airflow/example_dags/example_branch_operator.py
[2026-06-08T14:01:11.007+0000] {processor.py:839} INFO - DAG(s) dict_keys(['example_branch_operator']) retrieved from /home/airflow/.local/lib/python3.10/site-packages/airflow/example_dags/example_branch_operator.py
[2026-06-08T14:01:11.038+0000] {logging_mixin.py:154} INFO - [2026-06-08T14:01:11.038+0000] {dag.py:2941} INFO - Sync 1 DAGs
[2026-06-08T14:01:11.066+0000] {logging_mixin.py:154} INFO - [2026-06-08T14:01:11.066+0000] {dag.py:3722} INFO - Setting next_dagrun for example_branch_operator to 2026-06-07T00:00:00+00:00, run_after=2026-06-08T00:00:00+00:00
[2026-06-08T14:01:11.084+0000] {processor.py:179} INFO - Processing /home/airflow/.local/lib/python3.10/site-packages/airflow/example_dags/example_branch_operator.py took 0.096 seconds
[2026-06-08T14:01:41.816+0000] {processor.py:157} INFO - Started process (PID=2447) to work on /home/airflow/.local/lib/python3.10/site-packages/airflow/example_dags/example_branch_operator.py
[2026-06-08T14:01:41.839+0000] {processor.py:829} INFO - Processing file /home/airflow/.local/lib/python3.10/site-packages/airflow/example_dags/example_branch_operator.py for tasks to queue
[2026-06-08T14:01:41.840+0000] {logging_mixin.py:154} INFO - [2026-06-08T14:01:41.840+0000] {dagbag.py:536} INFO - Filling up the DagBag from /home/airflow/.local/lib/python3.10/site-packages/airflow/example_dags/example_branch_operator.py
[2026-06-08T14:01:41.922+0000] {processor.py:839} INFO - DAG(s) dict_keys(['example_branch_operator']) retrieved from /home/airflow/.local/lib/python3.10/site-packages/airflow/example_dags/example_branch_operator.py
[2026-06-08T14:01:41.995+0000] {logging_mixin.py:154} INFO - [2026-06-08T14:01:41.995+0000] {dag.py:2941} INFO - Sync 1 DAGs
[2026-06-08T14:01:42.045+0000] {logging_mixin.py:154} INFO - [2026-06-08T14:01:42.045+0000] {dag.py:3722} INFO - Setting next_dagrun for example_branch_operator to 2026-06-07T00:00:00+00:00, run_after=2026-06-08T00:00:00+00:00
[2026-06-08T14:01:42.063+0000] {processor.py:179} INFO - Processing /home/airflow/.local/lib/python3.10/site-packages/airflow/example_dags/example_branch_operator.py took 0.272 seconds
[2026-06-08T14:02:12.996+0000] {processor.py:157} INFO - Started process (PID=2496) to work on /home/airflow/.local/lib/python3.10/site-packages/airflow/example_dags/example_branch_operator.py
[2026-06-08T14:02:13.002+0000] {processor.py:829} INFO - Processing file /home/airflow/.local/lib/python3.10/site-packages/airflow/example_dags/example_branch_operator.py for tasks to queue
[2026-06-08T14:02:13.006+0000] {logging_mixin.py:154} INFO - [2026-06-08T14:02:13.003+0000] {dagbag.py:536} INFO - Filling up the DagBag from /home/airflow/.local/lib/python3.10/site-packages/airflow/example_dags/example_branch_operator.py
[2026-06-08T14:02:13.044+0000] {processor.py:839} INFO - DAG(s) dict_keys(['example_branch_operator']) retrieved from /home/airflow/.local/lib/python3.10/site-packages/airflow/example_dags/example_branch_operator.py
[2026-06-08T14:02:13.094+0000] {logging_mixin.py:154} INFO - [2026-06-08T14:02:13.094+0000] {dag.py:2941} INFO - Sync 1 DAGs
[2026-06-08T14:02:13.131+0000] {logging_mixin.py:154} INFO - [2026-06-08T14:02:13.131+0000] {dag.py:3722} INFO - Setting next_dagrun for example_branch_operator to 2026-06-07T00:00:00+00:00, run_after=2026-06-08T00:00:00+00:00
[2026-06-08T14:02:13.184+0000] {processor.py:179} INFO - Processing /home/airflow/.local/lib/python3.10/site-packages/airflow/example_dags/example_branch_operator.py took 0.195 seconds
[2026-06-08T14:02:43.852+0000] {processor.py:157} INFO - Started process (PID=2545) to work on /home/airflow/.local/lib/python3.10/site-packages/airflow/example_dags/example_branch_operator.py
[2026-06-08T14:02:43.857+0000] {processor.py:829} INFO - Processing file /home/airflow/.local/lib/python3.10/site-packages/airflow/example_dags/example_branch_operator.py for tasks to queue
[2026-06-08T14:02:43.861+0000] {logging_mixin.py:154} INFO - [2026-06-08T14:02:43.861+0000] {dagbag.py:536} INFO - Filling up the DagBag from /home/airflow/.local/lib/python3.10/site-packages/airflow/example_dags/example_branch_operator.py
[2026-06-08T14:02:43.907+0000] {processor.py:839} INFO - DAG(s) dict_keys(['example_branch_operator']) retrieved from /home/airflow/.local/lib/python3.10/site-packages/airflow/example_dags/example_branch_operator.py
[2026-06-08T14:02:44.003+0000] {logging_mixin.py:154} INFO - [2026-06-08T14:02:44.002+0000] {dag.py:2941} INFO - Sync 1 DAGs
[2026-06-08T14:02:44.053+0000] {logging_mixin.py:154} INFO - [2026-06-08T14:02:44.053+0000] {dag.py:3722} INFO - Setting next_dagrun for example_branch_operator to 2026-06-07T00:00:00+00:00, run_after=2026-06-08T00:00:00+00:00
[2026-06-08T14:02:44.088+0000] {processor.py:179} INFO - Processing /home/airflow/.local/lib/python3.10/site-packages/airflow/example_dags/example_branch_operator.py took 0.265 seconds
[2026-06-08T14:03:14.845+0000] {processor.py:157} INFO - Started process (PID=2594) to work on /home/airflow/.local/lib/python3.10/site-packages/airflow/example_dags/example_branch_operator.py
[2026-06-08T14:03:14.850+0000] {processor.py:829} INFO - Processing file /home/airflow/.local/lib/python3.10/site-packages/airflow/example_dags/example_branch_operator.py for tasks to queue
[2026-06-08T14:03:14.858+0000] {logging_mixin.py:154} INFO - [2026-06-08T14:03:14.858+0000] {dagbag.py:536} INFO - Filling up the DagBag from /home/airflow/.local/lib/python3.10/site-packages/airflow/example_dags/example_branch_operator.py
[2026-06-08T14:03:14.914+0000] {processor.py:839} INFO - DAG(s) dict_keys(['example_branch_operator']) retrieved from /home/airflow/.local/lib/python3.10/site-packages/airflow/example_dags/example_branch_operator.py
[2026-06-08T14:03:14.984+0000] {logging_mixin.py:154} INFO - [2026-06-08T14:03:14.984+0000] {dag.py:2941} INFO - Sync 1 DAGs
[2026-06-08T14:03:15.026+0000] {logging_mixin.py:154} INFO - [2026-06-08T14:03:15.026+0000] {dag.py:3722} INFO - Setting next_dagrun for example_branch_operator to 2026-06-07T00:00:00+00:00, run_after=2026-06-08T00:00:00+00:00
[2026-06-08T14:03:15.082+0000] {processor.py:179} INFO - Processing /home/airflow/.local/lib/python3.10/site-packages/airflow/example_dags/example_branch_operator.py took 0.242 seconds
[2026-06-08T14:03:45.412+0000] {processor.py:157} INFO - Started process (PID=2643) to work on /home/airflow/.local/lib/python3.10/site-packages/airflow/example_dags/example_branch_operator.py
[2026-06-08T14:03:45.414+0000] {processor.py:829} INFO - Processing file /home/airflow/.local/lib/python3.10/site-packages/airflow/example_dags/example_branch_operator.py for tasks to queue
[2026-06-08T14:03:45.415+0000] {logging_mixin.py:154} INFO - [2026-06-08T14:03:45.415+0000] {dagbag.py:536} INFO - Filling up the DagBag from /home/airflow/.local/lib/python3.10/site-packages/airflow/example_dags/example_branch_operator.py
[2026-06-08T14:03:45.430+0000] {processor.py:839} INFO - DAG(s) dict_keys(['example_branch_operator']) retrieved from /home/airflow/.local/lib/python3.10/site-packages/airflow/example_dags/example_branch_operator.py
[2026-06-08T14:03:45.473+0000] {logging_mixin.py:154} INFO - [2026-06-08T14:03:45.473+0000] {dag.py:2941} INFO - Sync 1 DAGs
[2026-06-08T14:03:45.509+0000] {logging_mixin.py:154} INFO - [2026-06-08T14:03:45.509+0000] {dag.py:3722} INFO - Setting next_dagrun for example_branch_operator to 2026-06-07T00:00:00+00:00, run_after=2026-06-08T00:00:00+00:00
[2026-06-08T14:03:45.533+0000] {processor.py:179} INFO - Processing /home/airflow/.local/lib/python3.10/site-packages/airflow/example_dags/example_branch_operator.py took 0.134 seconds
