[2026-06-08T12:43:30.387+0000] {processor.py:157} INFO - Started process (PID=60) to work on /home/airflow/.local/lib/python3.8/site-packages/airflow/example_dags/example_sensors.py
[2026-06-08T12:43:30.399+0000] {processor.py:829} INFO - Processing file /home/airflow/.local/lib/python3.8/site-packages/airflow/example_dags/example_sensors.py for tasks to queue
[2026-06-08T12:43:30.422+0000] {logging_mixin.py:154} INFO - [2026-06-08T12:43:30.401+0000] {dagbag.py:536} INFO - Filling up the DagBag from /home/airflow/.local/lib/python3.8/site-packages/airflow/example_dags/example_sensors.py
[2026-06-08T12:43:30.518+0000] {processor.py:839} INFO - DAG(s) dict_keys(['example_sensors']) retrieved from /home/airflow/.local/lib/python3.8/site-packages/airflow/example_dags/example_sensors.py
[2026-06-08T12:43:30.922+0000] {logging_mixin.py:154} INFO - [2026-06-08T12:43:30.922+0000] {dag.py:2941} INFO - Sync 1 DAGs
[2026-06-08T12:43:31.016+0000] {logging_mixin.py:154} INFO - [2026-06-08T12:43:31.015+0000] {dag.py:3722} INFO - Setting next_dagrun for example_sensors to None, run_after=None
[2026-06-08T12:43:31.139+0000] {processor.py:179} INFO - Processing /home/airflow/.local/lib/python3.8/site-packages/airflow/example_dags/example_sensors.py took 0.786 seconds
[2026-06-08T12:44:01.413+0000] {processor.py:157} INFO - Started process (PID=108) to work on /home/airflow/.local/lib/python3.8/site-packages/airflow/example_dags/example_sensors.py
[2026-06-08T12:44:01.426+0000] {processor.py:829} INFO - Processing file /home/airflow/.local/lib/python3.8/site-packages/airflow/example_dags/example_sensors.py for tasks to queue
[2026-06-08T12:44:01.429+0000] {logging_mixin.py:154} INFO - [2026-06-08T12:44:01.429+0000] {dagbag.py:536} INFO - Filling up the DagBag from /home/airflow/.local/lib/python3.8/site-packages/airflow/example_dags/example_sensors.py
[2026-06-08T12:44:01.472+0000] {processor.py:839} INFO - DAG(s) dict_keys(['example_sensors']) retrieved from /home/airflow/.local/lib/python3.8/site-packages/airflow/example_dags/example_sensors.py
[2026-06-08T12:44:01.566+0000] {logging_mixin.py:154} INFO - [2026-06-08T12:44:01.566+0000] {dag.py:2941} INFO - Sync 1 DAGs
[2026-06-08T12:44:01.619+0000] {logging_mixin.py:154} INFO - [2026-06-08T12:44:01.618+0000] {dag.py:3722} INFO - Setting next_dagrun for example_sensors to None, run_after=None
[2026-06-08T12:44:01.698+0000] {processor.py:179} INFO - Processing /home/airflow/.local/lib/python3.8/site-packages/airflow/example_dags/example_sensors.py took 0.289 seconds
[2026-06-08T12:44:32.182+0000] {processor.py:157} INFO - Started process (PID=156) to work on /home/airflow/.local/lib/python3.8/site-packages/airflow/example_dags/example_sensors.py
[2026-06-08T12:44:32.187+0000] {processor.py:829} INFO - Processing file /home/airflow/.local/lib/python3.8/site-packages/airflow/example_dags/example_sensors.py for tasks to queue
[2026-06-08T12:44:32.188+0000] {logging_mixin.py:154} INFO - [2026-06-08T12:44:32.187+0000] {dagbag.py:536} INFO - Filling up the DagBag from /home/airflow/.local/lib/python3.8/site-packages/airflow/example_dags/example_sensors.py
[2026-06-08T12:44:32.225+0000] {processor.py:839} INFO - DAG(s) dict_keys(['example_sensors']) retrieved from /home/airflow/.local/lib/python3.8/site-packages/airflow/example_dags/example_sensors.py
[2026-06-08T12:44:32.313+0000] {logging_mixin.py:154} INFO - [2026-06-08T12:44:32.313+0000] {dag.py:2941} INFO - Sync 1 DAGs
[2026-06-08T12:44:32.379+0000] {logging_mixin.py:154} INFO - [2026-06-08T12:44:32.379+0000] {dag.py:3722} INFO - Setting next_dagrun for example_sensors to None, run_after=None
[2026-06-08T12:44:32.442+0000] {processor.py:179} INFO - Processing /home/airflow/.local/lib/python3.8/site-packages/airflow/example_dags/example_sensors.py took 0.274 seconds
[2026-06-08T12:45:03.056+0000] {processor.py:157} INFO - Started process (PID=204) to work on /home/airflow/.local/lib/python3.8/site-packages/airflow/example_dags/example_sensors.py
[2026-06-08T12:45:03.062+0000] {processor.py:829} INFO - Processing file /home/airflow/.local/lib/python3.8/site-packages/airflow/example_dags/example_sensors.py for tasks to queue
[2026-06-08T12:45:03.063+0000] {logging_mixin.py:154} INFO - [2026-06-08T12:45:03.063+0000] {dagbag.py:536} INFO - Filling up the DagBag from /home/airflow/.local/lib/python3.8/site-packages/airflow/example_dags/example_sensors.py
[2026-06-08T12:45:03.082+0000] {processor.py:839} INFO - DAG(s) dict_keys(['example_sensors']) retrieved from /home/airflow/.local/lib/python3.8/site-packages/airflow/example_dags/example_sensors.py
[2026-06-08T12:45:03.145+0000] {logging_mixin.py:154} INFO - [2026-06-08T12:45:03.141+0000] {dag.py:2941} INFO - Sync 1 DAGs
[2026-06-08T12:45:03.187+0000] {logging_mixin.py:154} INFO - [2026-06-08T12:45:03.186+0000] {dag.py:3722} INFO - Setting next_dagrun for example_sensors to None, run_after=None
[2026-06-08T12:45:03.241+0000] {processor.py:179} INFO - Processing /home/airflow/.local/lib/python3.8/site-packages/airflow/example_dags/example_sensors.py took 0.189 seconds
[2026-06-08T12:45:33.764+0000] {processor.py:157} INFO - Started process (PID=252) to work on /home/airflow/.local/lib/python3.8/site-packages/airflow/example_dags/example_sensors.py
[2026-06-08T12:45:33.765+0000] {processor.py:829} INFO - Processing file /home/airflow/.local/lib/python3.8/site-packages/airflow/example_dags/example_sensors.py for tasks to queue
[2026-06-08T12:45:33.766+0000] {logging_mixin.py:154} INFO - [2026-06-08T12:45:33.766+0000] {dagbag.py:536} INFO - Filling up the DagBag from /home/airflow/.local/lib/python3.8/site-packages/airflow/example_dags/example_sensors.py
[2026-06-08T12:45:33.808+0000] {processor.py:839} INFO - DAG(s) dict_keys(['example_sensors']) retrieved from /home/airflow/.local/lib/python3.8/site-packages/airflow/example_dags/example_sensors.py
[2026-06-08T12:45:33.878+0000] {logging_mixin.py:154} INFO - [2026-06-08T12:45:33.878+0000] {dag.py:2941} INFO - Sync 1 DAGs
[2026-06-08T12:45:33.913+0000] {logging_mixin.py:154} INFO - [2026-06-08T12:45:33.912+0000] {dag.py:3722} INFO - Setting next_dagrun for example_sensors to None, run_after=None
[2026-06-08T12:45:33.975+0000] {processor.py:179} INFO - Processing /home/airflow/.local/lib/python3.8/site-packages/airflow/example_dags/example_sensors.py took 0.218 seconds
[2026-06-08T12:48:12.563+0000] {processor.py:157} INFO - Started process (PID=60) to work on /home/airflow/.local/lib/python3.8/site-packages/airflow/example_dags/example_sensors.py
[2026-06-08T12:48:12.578+0000] {processor.py:829} INFO - Processing file /home/airflow/.local/lib/python3.8/site-packages/airflow/example_dags/example_sensors.py for tasks to queue
[2026-06-08T12:48:12.586+0000] {logging_mixin.py:154} INFO - [2026-06-08T12:48:12.586+0000] {dagbag.py:536} INFO - Filling up the DagBag from /home/airflow/.local/lib/python3.8/site-packages/airflow/example_dags/example_sensors.py
[2026-06-08T12:48:12.657+0000] {processor.py:839} INFO - DAG(s) dict_keys(['example_sensors']) retrieved from /home/airflow/.local/lib/python3.8/site-packages/airflow/example_dags/example_sensors.py
[2026-06-08T12:48:12.926+0000] {logging_mixin.py:154} INFO - [2026-06-08T12:48:12.925+0000] {dag.py:2941} INFO - Sync 1 DAGs
[2026-06-08T12:48:13.060+0000] {logging_mixin.py:154} INFO - [2026-06-08T12:48:13.060+0000] {dag.py:3722} INFO - Setting next_dagrun for example_sensors to None, run_after=None
[2026-06-08T12:48:13.257+0000] {processor.py:179} INFO - Processing /home/airflow/.local/lib/python3.8/site-packages/airflow/example_dags/example_sensors.py took 0.717 seconds
[2026-06-08T12:48:43.372+0000] {processor.py:157} INFO - Started process (PID=108) to work on /home/airflow/.local/lib/python3.8/site-packages/airflow/example_dags/example_sensors.py
[2026-06-08T12:48:43.376+0000] {processor.py:829} INFO - Processing file /home/airflow/.local/lib/python3.8/site-packages/airflow/example_dags/example_sensors.py for tasks to queue
[2026-06-08T12:48:43.379+0000] {logging_mixin.py:154} INFO - [2026-06-08T12:48:43.379+0000] {dagbag.py:536} INFO - Filling up the DagBag from /home/airflow/.local/lib/python3.8/site-packages/airflow/example_dags/example_sensors.py
[2026-06-08T12:48:43.395+0000] {processor.py:839} INFO - DAG(s) dict_keys(['example_sensors']) retrieved from /home/airflow/.local/lib/python3.8/site-packages/airflow/example_dags/example_sensors.py
[2026-06-08T12:48:43.439+0000] {logging_mixin.py:154} INFO - [2026-06-08T12:48:43.438+0000] {dag.py:2941} INFO - Sync 1 DAGs
[2026-06-08T12:48:43.459+0000] {logging_mixin.py:154} INFO - [2026-06-08T12:48:43.459+0000] {dag.py:3722} INFO - Setting next_dagrun for example_sensors to None, run_after=None
[2026-06-08T12:48:43.482+0000] {processor.py:179} INFO - Processing /home/airflow/.local/lib/python3.8/site-packages/airflow/example_dags/example_sensors.py took 0.120 seconds
[2026-06-08T12:49:14.170+0000] {processor.py:157} INFO - Started process (PID=156) to work on /home/airflow/.local/lib/python3.8/site-packages/airflow/example_dags/example_sensors.py
[2026-06-08T12:49:14.172+0000] {processor.py:829} INFO - Processing file /home/airflow/.local/lib/python3.8/site-packages/airflow/example_dags/example_sensors.py for tasks to queue
[2026-06-08T12:49:14.175+0000] {logging_mixin.py:154} INFO - [2026-06-08T12:49:14.174+0000] {dagbag.py:536} INFO - Filling up the DagBag from /home/airflow/.local/lib/python3.8/site-packages/airflow/example_dags/example_sensors.py
[2026-06-08T12:49:14.197+0000] {processor.py:839} INFO - DAG(s) dict_keys(['example_sensors']) retrieved from /home/airflow/.local/lib/python3.8/site-packages/airflow/example_dags/example_sensors.py
[2026-06-08T12:49:14.235+0000] {logging_mixin.py:154} INFO - [2026-06-08T12:49:14.234+0000] {dag.py:2941} INFO - Sync 1 DAGs
[2026-06-08T12:49:14.253+0000] {logging_mixin.py:154} INFO - [2026-06-08T12:49:14.253+0000] {dag.py:3722} INFO - Setting next_dagrun for example_sensors to None, run_after=None
[2026-06-08T12:49:14.275+0000] {processor.py:179} INFO - Processing /home/airflow/.local/lib/python3.8/site-packages/airflow/example_dags/example_sensors.py took 0.111 seconds
[2026-06-08T12:49:45.069+0000] {processor.py:157} INFO - Started process (PID=204) to work on /home/airflow/.local/lib/python3.8/site-packages/airflow/example_dags/example_sensors.py
[2026-06-08T12:49:45.074+0000] {processor.py:829} INFO - Processing file /home/airflow/.local/lib/python3.8/site-packages/airflow/example_dags/example_sensors.py for tasks to queue
[2026-06-08T12:49:45.082+0000] {logging_mixin.py:154} INFO - [2026-06-08T12:49:45.081+0000] {dagbag.py:536} INFO - Filling up the DagBag from /home/airflow/.local/lib/python3.8/site-packages/airflow/example_dags/example_sensors.py
[2026-06-08T12:49:45.102+0000] {processor.py:839} INFO - DAG(s) dict_keys(['example_sensors']) retrieved from /home/airflow/.local/lib/python3.8/site-packages/airflow/example_dags/example_sensors.py
[2026-06-08T12:49:45.139+0000] {logging_mixin.py:154} INFO - [2026-06-08T12:49:45.139+0000] {dag.py:2941} INFO - Sync 1 DAGs
[2026-06-08T12:49:45.156+0000] {logging_mixin.py:154} INFO - [2026-06-08T12:49:45.156+0000] {dag.py:3722} INFO - Setting next_dagrun for example_sensors to None, run_after=None
[2026-06-08T12:49:45.180+0000] {processor.py:179} INFO - Processing /home/airflow/.local/lib/python3.8/site-packages/airflow/example_dags/example_sensors.py took 0.119 seconds
[2026-06-08T12:50:15.483+0000] {processor.py:157} INFO - Started process (PID=252) to work on /home/airflow/.local/lib/python3.8/site-packages/airflow/example_dags/example_sensors.py
[2026-06-08T12:50:15.485+0000] {processor.py:829} INFO - Processing file /home/airflow/.local/lib/python3.8/site-packages/airflow/example_dags/example_sensors.py for tasks to queue
[2026-06-08T12:50:15.488+0000] {logging_mixin.py:154} INFO - [2026-06-08T12:50:15.488+0000] {dagbag.py:536} INFO - Filling up the DagBag from /home/airflow/.local/lib/python3.8/site-packages/airflow/example_dags/example_sensors.py
[2026-06-08T12:50:15.502+0000] {processor.py:839} INFO - DAG(s) dict_keys(['example_sensors']) retrieved from /home/airflow/.local/lib/python3.8/site-packages/airflow/example_dags/example_sensors.py
[2026-06-08T12:50:15.542+0000] {logging_mixin.py:154} INFO - [2026-06-08T12:50:15.542+0000] {dag.py:2941} INFO - Sync 1 DAGs
[2026-06-08T12:50:15.560+0000] {logging_mixin.py:154} INFO - [2026-06-08T12:50:15.560+0000] {dag.py:3722} INFO - Setting next_dagrun for example_sensors to None, run_after=None
[2026-06-08T12:50:15.580+0000] {processor.py:179} INFO - Processing /home/airflow/.local/lib/python3.8/site-packages/airflow/example_dags/example_sensors.py took 0.103 seconds
[2026-06-08T12:50:45.943+0000] {processor.py:157} INFO - Started process (PID=300) to work on /home/airflow/.local/lib/python3.8/site-packages/airflow/example_dags/example_sensors.py
[2026-06-08T12:50:45.945+0000] {processor.py:829} INFO - Processing file /home/airflow/.local/lib/python3.8/site-packages/airflow/example_dags/example_sensors.py for tasks to queue
[2026-06-08T12:50:45.948+0000] {logging_mixin.py:154} INFO - [2026-06-08T12:50:45.947+0000] {dagbag.py:536} INFO - Filling up the DagBag from /home/airflow/.local/lib/python3.8/site-packages/airflow/example_dags/example_sensors.py
[2026-06-08T12:50:45.962+0000] {processor.py:839} INFO - DAG(s) dict_keys(['example_sensors']) retrieved from /home/airflow/.local/lib/python3.8/site-packages/airflow/example_dags/example_sensors.py
[2026-06-08T12:50:46.000+0000] {logging_mixin.py:154} INFO - [2026-06-08T12:50:46.000+0000] {dag.py:2941} INFO - Sync 1 DAGs
[2026-06-08T12:50:46.021+0000] {logging_mixin.py:154} INFO - [2026-06-08T12:50:46.021+0000] {dag.py:3722} INFO - Setting next_dagrun for example_sensors to None, run_after=None
[2026-06-08T12:50:46.071+0000] {processor.py:179} INFO - Processing /home/airflow/.local/lib/python3.8/site-packages/airflow/example_dags/example_sensors.py took 0.133 seconds
[2026-06-08T12:51:16.323+0000] {processor.py:157} INFO - Started process (PID=347) to work on /home/airflow/.local/lib/python3.8/site-packages/airflow/example_dags/example_sensors.py
[2026-06-08T12:51:16.324+0000] {processor.py:829} INFO - Processing file /home/airflow/.local/lib/python3.8/site-packages/airflow/example_dags/example_sensors.py for tasks to queue
[2026-06-08T12:51:16.326+0000] {logging_mixin.py:154} INFO - [2026-06-08T12:51:16.326+0000] {dagbag.py:536} INFO - Filling up the DagBag from /home/airflow/.local/lib/python3.8/site-packages/airflow/example_dags/example_sensors.py
[2026-06-08T12:51:16.336+0000] {processor.py:839} INFO - DAG(s) dict_keys(['example_sensors']) retrieved from /home/airflow/.local/lib/python3.8/site-packages/airflow/example_dags/example_sensors.py
[2026-06-08T12:51:16.364+0000] {logging_mixin.py:154} INFO - [2026-06-08T12:51:16.364+0000] {dag.py:2941} INFO - Sync 1 DAGs
[2026-06-08T12:51:16.378+0000] {logging_mixin.py:154} INFO - [2026-06-08T12:51:16.378+0000] {dag.py:3722} INFO - Setting next_dagrun for example_sensors to None, run_after=None
[2026-06-08T12:51:16.401+0000] {processor.py:179} INFO - Processing /home/airflow/.local/lib/python3.8/site-packages/airflow/example_dags/example_sensors.py took 0.082 seconds
[2026-06-08T12:51:48.013+0000] {processor.py:157} INFO - Started process (PID=396) to work on /home/airflow/.local/lib/python3.8/site-packages/airflow/example_dags/example_sensors.py
[2026-06-08T12:51:48.024+0000] {processor.py:829} INFO - Processing file /home/airflow/.local/lib/python3.8/site-packages/airflow/example_dags/example_sensors.py for tasks to queue
[2026-06-08T12:51:48.040+0000] {logging_mixin.py:154} INFO - [2026-06-08T12:51:48.040+0000] {dagbag.py:536} INFO - Filling up the DagBag from /home/airflow/.local/lib/python3.8/site-packages/airflow/example_dags/example_sensors.py
[2026-06-08T12:51:48.096+0000] {processor.py:839} INFO - DAG(s) dict_keys(['example_sensors']) retrieved from /home/airflow/.local/lib/python3.8/site-packages/airflow/example_dags/example_sensors.py
[2026-06-08T12:51:48.272+0000] {logging_mixin.py:154} INFO - [2026-06-08T12:51:48.271+0000] {dag.py:2941} INFO - Sync 1 DAGs
[2026-06-08T12:51:48.365+0000] {logging_mixin.py:154} INFO - [2026-06-08T12:51:48.364+0000] {dag.py:3722} INFO - Setting next_dagrun for example_sensors to None, run_after=None
[2026-06-08T12:51:48.514+0000] {processor.py:179} INFO - Processing /home/airflow/.local/lib/python3.8/site-packages/airflow/example_dags/example_sensors.py took 0.518 seconds
[2026-06-08T12:52:19.082+0000] {processor.py:157} INFO - Started process (PID=444) to work on /home/airflow/.local/lib/python3.8/site-packages/airflow/example_dags/example_sensors.py
[2026-06-08T12:52:19.086+0000] {processor.py:829} INFO - Processing file /home/airflow/.local/lib/python3.8/site-packages/airflow/example_dags/example_sensors.py for tasks to queue
[2026-06-08T12:52:19.093+0000] {logging_mixin.py:154} INFO - [2026-06-08T12:52:19.089+0000] {dagbag.py:536} INFO - Filling up the DagBag from /home/airflow/.local/lib/python3.8/site-packages/airflow/example_dags/example_sensors.py
[2026-06-08T12:52:19.126+0000] {processor.py:839} INFO - DAG(s) dict_keys(['example_sensors']) retrieved from /home/airflow/.local/lib/python3.8/site-packages/airflow/example_dags/example_sensors.py
[2026-06-08T12:52:19.197+0000] {logging_mixin.py:154} INFO - [2026-06-08T12:52:19.197+0000] {dag.py:2941} INFO - Sync 1 DAGs
[2026-06-08T12:52:19.224+0000] {logging_mixin.py:154} INFO - [2026-06-08T12:52:19.224+0000] {dag.py:3722} INFO - Setting next_dagrun for example_sensors to None, run_after=None
[2026-06-08T12:52:19.268+0000] {processor.py:179} INFO - Processing /home/airflow/.local/lib/python3.8/site-packages/airflow/example_dags/example_sensors.py took 0.190 seconds
[2026-06-08T12:52:52.823+0000] {processor.py:157} INFO - Started process (PID=492) to work on /home/airflow/.local/lib/python3.8/site-packages/airflow/example_dags/example_sensors.py
[2026-06-08T12:52:52.825+0000] {processor.py:829} INFO - Processing file /home/airflow/.local/lib/python3.8/site-packages/airflow/example_dags/example_sensors.py for tasks to queue
[2026-06-08T12:52:52.828+0000] {logging_mixin.py:154} INFO - [2026-06-08T12:52:52.827+0000] {dagbag.py:536} INFO - Filling up the DagBag from /home/airflow/.local/lib/python3.8/site-packages/airflow/example_dags/example_sensors.py
[2026-06-08T12:52:52.859+0000] {processor.py:839} INFO - DAG(s) dict_keys(['example_sensors']) retrieved from /home/airflow/.local/lib/python3.8/site-packages/airflow/example_dags/example_sensors.py
[2026-06-08T12:52:52.970+0000] {logging_mixin.py:154} INFO - [2026-06-08T12:52:52.970+0000] {dag.py:2941} INFO - Sync 1 DAGs
[2026-06-08T12:52:53.046+0000] {logging_mixin.py:154} INFO - [2026-06-08T12:52:53.043+0000] {dag.py:3722} INFO - Setting next_dagrun for example_sensors to None, run_after=None
[2026-06-08T12:52:53.232+0000] {processor.py:179} INFO - Processing /home/airflow/.local/lib/python3.8/site-packages/airflow/example_dags/example_sensors.py took 0.423 seconds
[2026-06-08T12:53:24.191+0000] {processor.py:157} INFO - Started process (PID=540) to work on /home/airflow/.local/lib/python3.8/site-packages/airflow/example_dags/example_sensors.py
[2026-06-08T12:53:24.201+0000] {processor.py:829} INFO - Processing file /home/airflow/.local/lib/python3.8/site-packages/airflow/example_dags/example_sensors.py for tasks to queue
[2026-06-08T12:53:24.204+0000] {logging_mixin.py:154} INFO - [2026-06-08T12:53:24.204+0000] {dagbag.py:536} INFO - Filling up the DagBag from /home/airflow/.local/lib/python3.8/site-packages/airflow/example_dags/example_sensors.py
[2026-06-08T12:53:24.223+0000] {processor.py:839} INFO - DAG(s) dict_keys(['example_sensors']) retrieved from /home/airflow/.local/lib/python3.8/site-packages/airflow/example_dags/example_sensors.py
[2026-06-08T12:53:24.264+0000] {logging_mixin.py:154} INFO - [2026-06-08T12:53:24.264+0000] {dag.py:2941} INFO - Sync 1 DAGs
[2026-06-08T12:53:24.283+0000] {logging_mixin.py:154} INFO - [2026-06-08T12:53:24.283+0000] {dag.py:3722} INFO - Setting next_dagrun for example_sensors to None, run_after=None
[2026-06-08T12:53:24.347+0000] {processor.py:179} INFO - Processing /home/airflow/.local/lib/python3.8/site-packages/airflow/example_dags/example_sensors.py took 0.161 seconds
[2026-06-08T12:54:02.597+0000] {processor.py:157} INFO - Started process (PID=588) to work on /home/airflow/.local/lib/python3.8/site-packages/airflow/example_dags/example_sensors.py
[2026-06-08T12:54:02.609+0000] {processor.py:829} INFO - Processing file /home/airflow/.local/lib/python3.8/site-packages/airflow/example_dags/example_sensors.py for tasks to queue
[2026-06-08T12:54:02.615+0000] {logging_mixin.py:154} INFO - [2026-06-08T12:54:02.614+0000] {dagbag.py:536} INFO - Filling up the DagBag from /home/airflow/.local/lib/python3.8/site-packages/airflow/example_dags/example_sensors.py
[2026-06-08T12:54:02.659+0000] {processor.py:839} INFO - DAG(s) dict_keys(['example_sensors']) retrieved from /home/airflow/.local/lib/python3.8/site-packages/airflow/example_dags/example_sensors.py
[2026-06-08T12:54:02.733+0000] {logging_mixin.py:154} INFO - [2026-06-08T12:54:02.732+0000] {dag.py:2941} INFO - Sync 1 DAGs
[2026-06-08T12:54:02.765+0000] {logging_mixin.py:154} INFO - [2026-06-08T12:54:02.764+0000] {dag.py:3722} INFO - Setting next_dagrun for example_sensors to None, run_after=None
[2026-06-08T12:54:02.810+0000] {processor.py:179} INFO - Processing /home/airflow/.local/lib/python3.8/site-packages/airflow/example_dags/example_sensors.py took 0.218 seconds
[2026-06-08T13:00:19.576+0000] {processor.py:157} INFO - Started process (PID=61) to work on /home/airflow/.local/lib/python3.8/site-packages/airflow/example_dags/example_sensors.py
[2026-06-08T13:00:19.594+0000] {processor.py:829} INFO - Processing file /home/airflow/.local/lib/python3.8/site-packages/airflow/example_dags/example_sensors.py for tasks to queue
[2026-06-08T13:00:19.620+0000] {logging_mixin.py:154} INFO - [2026-06-08T13:00:19.597+0000] {dagbag.py:536} INFO - Filling up the DagBag from /home/airflow/.local/lib/python3.8/site-packages/airflow/example_dags/example_sensors.py
[2026-06-08T13:00:19.704+0000] {processor.py:839} INFO - DAG(s) dict_keys(['example_sensors']) retrieved from /home/airflow/.local/lib/python3.8/site-packages/airflow/example_dags/example_sensors.py
[2026-06-08T13:00:19.915+0000] {logging_mixin.py:154} INFO - [2026-06-08T13:00:19.914+0000] {dag.py:2941} INFO - Sync 1 DAGs
[2026-06-08T13:00:20.002+0000] {logging_mixin.py:154} INFO - [2026-06-08T13:00:20.002+0000] {dag.py:3722} INFO - Setting next_dagrun for example_sensors to None, run_after=None
[2026-06-08T13:00:20.146+0000] {processor.py:179} INFO - Processing /home/airflow/.local/lib/python3.8/site-packages/airflow/example_dags/example_sensors.py took 0.599 seconds
[2026-06-08T13:00:50.291+0000] {processor.py:157} INFO - Started process (PID=109) to work on /home/airflow/.local/lib/python3.8/site-packages/airflow/example_dags/example_sensors.py
[2026-06-08T13:00:50.300+0000] {processor.py:829} INFO - Processing file /home/airflow/.local/lib/python3.8/site-packages/airflow/example_dags/example_sensors.py for tasks to queue
[2026-06-08T13:00:50.303+0000] {logging_mixin.py:154} INFO - [2026-06-08T13:00:50.303+0000] {dagbag.py:536} INFO - Filling up the DagBag from /home/airflow/.local/lib/python3.8/site-packages/airflow/example_dags/example_sensors.py
[2026-06-08T13:00:50.321+0000] {processor.py:839} INFO - DAG(s) dict_keys(['example_sensors']) retrieved from /home/airflow/.local/lib/python3.8/site-packages/airflow/example_dags/example_sensors.py
[2026-06-08T13:00:50.362+0000] {logging_mixin.py:154} INFO - [2026-06-08T13:00:50.361+0000] {dag.py:2941} INFO - Sync 1 DAGs
[2026-06-08T13:00:50.382+0000] {logging_mixin.py:154} INFO - [2026-06-08T13:00:50.382+0000] {dag.py:3722} INFO - Setting next_dagrun for example_sensors to None, run_after=None
[2026-06-08T13:00:50.411+0000] {processor.py:179} INFO - Processing /home/airflow/.local/lib/python3.8/site-packages/airflow/example_dags/example_sensors.py took 0.124 seconds
[2026-06-08T13:01:21.251+0000] {processor.py:157} INFO - Started process (PID=157) to work on /home/airflow/.local/lib/python3.8/site-packages/airflow/example_dags/example_sensors.py
[2026-06-08T13:01:21.258+0000] {processor.py:829} INFO - Processing file /home/airflow/.local/lib/python3.8/site-packages/airflow/example_dags/example_sensors.py for tasks to queue
[2026-06-08T13:01:21.268+0000] {logging_mixin.py:154} INFO - [2026-06-08T13:01:21.267+0000] {dagbag.py:536} INFO - Filling up the DagBag from /home/airflow/.local/lib/python3.8/site-packages/airflow/example_dags/example_sensors.py
[2026-06-08T13:01:21.358+0000] {processor.py:839} INFO - DAG(s) dict_keys(['example_sensors']) retrieved from /home/airflow/.local/lib/python3.8/site-packages/airflow/example_dags/example_sensors.py
[2026-06-08T13:01:21.435+0000] {logging_mixin.py:154} INFO - [2026-06-08T13:01:21.435+0000] {dag.py:2941} INFO - Sync 1 DAGs
[2026-06-08T13:01:21.476+0000] {logging_mixin.py:154} INFO - [2026-06-08T13:01:21.475+0000] {dag.py:3722} INFO - Setting next_dagrun for example_sensors to None, run_after=None
[2026-06-08T13:01:21.518+0000] {processor.py:179} INFO - Processing /home/airflow/.local/lib/python3.8/site-packages/airflow/example_dags/example_sensors.py took 0.272 seconds
[2026-06-08T13:01:51.969+0000] {processor.py:157} INFO - Started process (PID=205) to work on /home/airflow/.local/lib/python3.8/site-packages/airflow/example_dags/example_sensors.py
[2026-06-08T13:01:51.971+0000] {processor.py:829} INFO - Processing file /home/airflow/.local/lib/python3.8/site-packages/airflow/example_dags/example_sensors.py for tasks to queue
[2026-06-08T13:01:51.978+0000] {logging_mixin.py:154} INFO - [2026-06-08T13:01:51.977+0000] {dagbag.py:536} INFO - Filling up the DagBag from /home/airflow/.local/lib/python3.8/site-packages/airflow/example_dags/example_sensors.py
[2026-06-08T13:01:52.004+0000] {processor.py:839} INFO - DAG(s) dict_keys(['example_sensors']) retrieved from /home/airflow/.local/lib/python3.8/site-packages/airflow/example_dags/example_sensors.py
[2026-06-08T13:01:52.076+0000] {logging_mixin.py:154} INFO - [2026-06-08T13:01:52.076+0000] {dag.py:2941} INFO - Sync 1 DAGs
[2026-06-08T13:01:52.095+0000] {logging_mixin.py:154} INFO - [2026-06-08T13:01:52.095+0000] {dag.py:3722} INFO - Setting next_dagrun for example_sensors to None, run_after=None
[2026-06-08T13:01:52.135+0000] {processor.py:179} INFO - Processing /home/airflow/.local/lib/python3.8/site-packages/airflow/example_dags/example_sensors.py took 0.176 seconds
[2026-06-08T13:02:22.861+0000] {processor.py:157} INFO - Started process (PID=253) to work on /home/airflow/.local/lib/python3.8/site-packages/airflow/example_dags/example_sensors.py
[2026-06-08T13:02:22.867+0000] {processor.py:829} INFO - Processing file /home/airflow/.local/lib/python3.8/site-packages/airflow/example_dags/example_sensors.py for tasks to queue
[2026-06-08T13:02:22.874+0000] {logging_mixin.py:154} INFO - [2026-06-08T13:02:22.873+0000] {dagbag.py:536} INFO - Filling up the DagBag from /home/airflow/.local/lib/python3.8/site-packages/airflow/example_dags/example_sensors.py
[2026-06-08T13:02:22.906+0000] {processor.py:839} INFO - DAG(s) dict_keys(['example_sensors']) retrieved from /home/airflow/.local/lib/python3.8/site-packages/airflow/example_dags/example_sensors.py
[2026-06-08T13:02:22.963+0000] {logging_mixin.py:154} INFO - [2026-06-08T13:02:22.963+0000] {dag.py:2941} INFO - Sync 1 DAGs
[2026-06-08T13:02:22.982+0000] {logging_mixin.py:154} INFO - [2026-06-08T13:02:22.982+0000] {dag.py:3722} INFO - Setting next_dagrun for example_sensors to None, run_after=None
[2026-06-08T13:02:23.007+0000] {processor.py:179} INFO - Processing /home/airflow/.local/lib/python3.8/site-packages/airflow/example_dags/example_sensors.py took 0.160 seconds
[2026-06-08T13:02:53.353+0000] {processor.py:157} INFO - Started process (PID=301) to work on /home/airflow/.local/lib/python3.8/site-packages/airflow/example_dags/example_sensors.py
[2026-06-08T13:02:53.367+0000] {processor.py:829} INFO - Processing file /home/airflow/.local/lib/python3.8/site-packages/airflow/example_dags/example_sensors.py for tasks to queue
[2026-06-08T13:02:53.370+0000] {logging_mixin.py:154} INFO - [2026-06-08T13:02:53.369+0000] {dagbag.py:536} INFO - Filling up the DagBag from /home/airflow/.local/lib/python3.8/site-packages/airflow/example_dags/example_sensors.py
[2026-06-08T13:02:53.388+0000] {processor.py:839} INFO - DAG(s) dict_keys(['example_sensors']) retrieved from /home/airflow/.local/lib/python3.8/site-packages/airflow/example_dags/example_sensors.py
[2026-06-08T13:02:53.426+0000] {logging_mixin.py:154} INFO - [2026-06-08T13:02:53.426+0000] {dag.py:2941} INFO - Sync 1 DAGs
[2026-06-08T13:02:53.446+0000] {logging_mixin.py:154} INFO - [2026-06-08T13:02:53.445+0000] {dag.py:3722} INFO - Setting next_dagrun for example_sensors to None, run_after=None
[2026-06-08T13:02:53.473+0000] {processor.py:179} INFO - Processing /home/airflow/.local/lib/python3.8/site-packages/airflow/example_dags/example_sensors.py took 0.145 seconds
[2026-06-08T13:03:24.286+0000] {processor.py:157} INFO - Started process (PID=349) to work on /home/airflow/.local/lib/python3.8/site-packages/airflow/example_dags/example_sensors.py
[2026-06-08T13:03:24.288+0000] {processor.py:829} INFO - Processing file /home/airflow/.local/lib/python3.8/site-packages/airflow/example_dags/example_sensors.py for tasks to queue
[2026-06-08T13:03:24.291+0000] {logging_mixin.py:154} INFO - [2026-06-08T13:03:24.291+0000] {dagbag.py:536} INFO - Filling up the DagBag from /home/airflow/.local/lib/python3.8/site-packages/airflow/example_dags/example_sensors.py
[2026-06-08T13:03:24.305+0000] {processor.py:839} INFO - DAG(s) dict_keys(['example_sensors']) retrieved from /home/airflow/.local/lib/python3.8/site-packages/airflow/example_dags/example_sensors.py
[2026-06-08T13:03:24.343+0000] {logging_mixin.py:154} INFO - [2026-06-08T13:03:24.342+0000] {dag.py:2941} INFO - Sync 1 DAGs
[2026-06-08T13:03:24.364+0000] {logging_mixin.py:154} INFO - [2026-06-08T13:03:24.363+0000] {dag.py:3722} INFO - Setting next_dagrun for example_sensors to None, run_after=None
[2026-06-08T13:03:24.388+0000] {processor.py:179} INFO - Processing /home/airflow/.local/lib/python3.8/site-packages/airflow/example_dags/example_sensors.py took 0.108 seconds
[2026-06-08T13:03:55.066+0000] {processor.py:157} INFO - Started process (PID=397) to work on /home/airflow/.local/lib/python3.8/site-packages/airflow/example_dags/example_sensors.py
[2026-06-08T13:03:55.067+0000] {processor.py:829} INFO - Processing file /home/airflow/.local/lib/python3.8/site-packages/airflow/example_dags/example_sensors.py for tasks to queue
[2026-06-08T13:03:55.070+0000] {logging_mixin.py:154} INFO - [2026-06-08T13:03:55.070+0000] {dagbag.py:536} INFO - Filling up the DagBag from /home/airflow/.local/lib/python3.8/site-packages/airflow/example_dags/example_sensors.py
[2026-06-08T13:03:55.087+0000] {processor.py:839} INFO - DAG(s) dict_keys(['example_sensors']) retrieved from /home/airflow/.local/lib/python3.8/site-packages/airflow/example_dags/example_sensors.py
[2026-06-08T13:03:55.142+0000] {logging_mixin.py:154} INFO - [2026-06-08T13:03:55.142+0000] {dag.py:2941} INFO - Sync 1 DAGs
[2026-06-08T13:03:55.164+0000] {logging_mixin.py:154} INFO - [2026-06-08T13:03:55.164+0000] {dag.py:3722} INFO - Setting next_dagrun for example_sensors to None, run_after=None
[2026-06-08T13:03:55.196+0000] {processor.py:179} INFO - Processing /home/airflow/.local/lib/python3.8/site-packages/airflow/example_dags/example_sensors.py took 0.137 seconds
[2026-06-08T13:11:05.134+0000] {processor.py:157} INFO - Started process (PID=59) to work on /home/airflow/.local/lib/python3.8/site-packages/airflow/example_dags/example_sensors.py
[2026-06-08T13:11:05.145+0000] {processor.py:829} INFO - Processing file /home/airflow/.local/lib/python3.8/site-packages/airflow/example_dags/example_sensors.py for tasks to queue
[2026-06-08T13:11:05.158+0000] {logging_mixin.py:154} INFO - [2026-06-08T13:11:05.158+0000] {dagbag.py:536} INFO - Filling up the DagBag from /home/airflow/.local/lib/python3.8/site-packages/airflow/example_dags/example_sensors.py
[2026-06-08T13:11:05.278+0000] {processor.py:839} INFO - DAG(s) dict_keys(['example_sensors']) retrieved from /home/airflow/.local/lib/python3.8/site-packages/airflow/example_dags/example_sensors.py
[2026-06-08T13:11:05.537+0000] {logging_mixin.py:154} INFO - [2026-06-08T13:11:05.536+0000] {dag.py:2941} INFO - Sync 1 DAGs
[2026-06-08T13:11:05.648+0000] {logging_mixin.py:154} INFO - [2026-06-08T13:11:05.648+0000] {dag.py:3722} INFO - Setting next_dagrun for example_sensors to None, run_after=None
[2026-06-08T13:11:05.794+0000] {processor.py:179} INFO - Processing /home/airflow/.local/lib/python3.8/site-packages/airflow/example_dags/example_sensors.py took 0.714 seconds
[2026-06-08T13:11:36.033+0000] {processor.py:157} INFO - Started process (PID=107) to work on /home/airflow/.local/lib/python3.8/site-packages/airflow/example_dags/example_sensors.py
[2026-06-08T13:11:36.042+0000] {processor.py:829} INFO - Processing file /home/airflow/.local/lib/python3.8/site-packages/airflow/example_dags/example_sensors.py for tasks to queue
[2026-06-08T13:11:36.046+0000] {logging_mixin.py:154} INFO - [2026-06-08T13:11:36.045+0000] {dagbag.py:536} INFO - Filling up the DagBag from /home/airflow/.local/lib/python3.8/site-packages/airflow/example_dags/example_sensors.py
[2026-06-08T13:11:36.060+0000] {processor.py:839} INFO - DAG(s) dict_keys(['example_sensors']) retrieved from /home/airflow/.local/lib/python3.8/site-packages/airflow/example_dags/example_sensors.py
[2026-06-08T13:11:36.088+0000] {logging_mixin.py:154} INFO - [2026-06-08T13:11:36.088+0000] {dag.py:2941} INFO - Sync 1 DAGs
[2026-06-08T13:11:36.102+0000] {logging_mixin.py:154} INFO - [2026-06-08T13:11:36.102+0000] {dag.py:3722} INFO - Setting next_dagrun for example_sensors to None, run_after=None
[2026-06-08T13:11:36.121+0000] {processor.py:179} INFO - Processing /home/airflow/.local/lib/python3.8/site-packages/airflow/example_dags/example_sensors.py took 0.093 seconds
[2026-06-08T13:12:06.530+0000] {processor.py:157} INFO - Started process (PID=155) to work on /home/airflow/.local/lib/python3.8/site-packages/airflow/example_dags/example_sensors.py
[2026-06-08T13:12:06.531+0000] {processor.py:829} INFO - Processing file /home/airflow/.local/lib/python3.8/site-packages/airflow/example_dags/example_sensors.py for tasks to queue
[2026-06-08T13:12:06.534+0000] {logging_mixin.py:154} INFO - [2026-06-08T13:12:06.534+0000] {dagbag.py:536} INFO - Filling up the DagBag from /home/airflow/.local/lib/python3.8/site-packages/airflow/example_dags/example_sensors.py
[2026-06-08T13:12:06.553+0000] {processor.py:839} INFO - DAG(s) dict_keys(['example_sensors']) retrieved from /home/airflow/.local/lib/python3.8/site-packages/airflow/example_dags/example_sensors.py
[2026-06-08T13:12:06.582+0000] {logging_mixin.py:154} INFO - [2026-06-08T13:12:06.581+0000] {dag.py:2941} INFO - Sync 1 DAGs
[2026-06-08T13:12:06.597+0000] {logging_mixin.py:154} INFO - [2026-06-08T13:12:06.596+0000] {dag.py:3722} INFO - Setting next_dagrun for example_sensors to None, run_after=None
[2026-06-08T13:12:06.616+0000] {processor.py:179} INFO - Processing /home/airflow/.local/lib/python3.8/site-packages/airflow/example_dags/example_sensors.py took 0.092 seconds
[2026-06-08T13:12:36.835+0000] {processor.py:157} INFO - Started process (PID=203) to work on /home/airflow/.local/lib/python3.8/site-packages/airflow/example_dags/example_sensors.py
[2026-06-08T13:12:36.843+0000] {processor.py:829} INFO - Processing file /home/airflow/.local/lib/python3.8/site-packages/airflow/example_dags/example_sensors.py for tasks to queue
[2026-06-08T13:12:36.861+0000] {logging_mixin.py:154} INFO - [2026-06-08T13:12:36.860+0000] {dagbag.py:536} INFO - Filling up the DagBag from /home/airflow/.local/lib/python3.8/site-packages/airflow/example_dags/example_sensors.py
[2026-06-08T13:12:36.911+0000] {processor.py:839} INFO - DAG(s) dict_keys(['example_sensors']) retrieved from /home/airflow/.local/lib/python3.8/site-packages/airflow/example_dags/example_sensors.py
[2026-06-08T13:12:37.057+0000] {logging_mixin.py:154} INFO - [2026-06-08T13:12:37.056+0000] {dag.py:2941} INFO - Sync 1 DAGs
[2026-06-08T13:12:37.111+0000] {logging_mixin.py:154} INFO - [2026-06-08T13:12:37.111+0000] {dag.py:3722} INFO - Setting next_dagrun for example_sensors to None, run_after=None
[2026-06-08T13:12:37.139+0000] {processor.py:179} INFO - Processing /home/airflow/.local/lib/python3.8/site-packages/airflow/example_dags/example_sensors.py took 0.330 seconds
[2026-06-08T13:13:07.463+0000] {processor.py:157} INFO - Started process (PID=251) to work on /home/airflow/.local/lib/python3.8/site-packages/airflow/example_dags/example_sensors.py
[2026-06-08T13:13:07.464+0000] {processor.py:829} INFO - Processing file /home/airflow/.local/lib/python3.8/site-packages/airflow/example_dags/example_sensors.py for tasks to queue
[2026-06-08T13:13:07.484+0000] {logging_mixin.py:154} INFO - [2026-06-08T13:13:07.484+0000] {dagbag.py:536} INFO - Filling up the DagBag from /home/airflow/.local/lib/python3.8/site-packages/airflow/example_dags/example_sensors.py
[2026-06-08T13:13:07.527+0000] {processor.py:839} INFO - DAG(s) dict_keys(['example_sensors']) retrieved from /home/airflow/.local/lib/python3.8/site-packages/airflow/example_dags/example_sensors.py
[2026-06-08T13:13:07.640+0000] {logging_mixin.py:154} INFO - [2026-06-08T13:13:07.640+0000] {dag.py:2941} INFO - Sync 1 DAGs
[2026-06-08T13:13:07.691+0000] {logging_mixin.py:154} INFO - [2026-06-08T13:13:07.691+0000] {dag.py:3722} INFO - Setting next_dagrun for example_sensors to None, run_after=None
[2026-06-08T13:13:07.741+0000] {processor.py:179} INFO - Processing /home/airflow/.local/lib/python3.8/site-packages/airflow/example_dags/example_sensors.py took 0.309 seconds
[2026-06-08T13:13:38.145+0000] {processor.py:157} INFO - Started process (PID=299) to work on /home/airflow/.local/lib/python3.8/site-packages/airflow/example_dags/example_sensors.py
[2026-06-08T13:13:38.146+0000] {processor.py:829} INFO - Processing file /home/airflow/.local/lib/python3.8/site-packages/airflow/example_dags/example_sensors.py for tasks to queue
[2026-06-08T13:13:38.149+0000] {logging_mixin.py:154} INFO - [2026-06-08T13:13:38.149+0000] {dagbag.py:536} INFO - Filling up the DagBag from /home/airflow/.local/lib/python3.8/site-packages/airflow/example_dags/example_sensors.py
[2026-06-08T13:13:38.163+0000] {processor.py:839} INFO - DAG(s) dict_keys(['example_sensors']) retrieved from /home/airflow/.local/lib/python3.8/site-packages/airflow/example_dags/example_sensors.py
[2026-06-08T13:13:38.202+0000] {logging_mixin.py:154} INFO - [2026-06-08T13:13:38.202+0000] {dag.py:2941} INFO - Sync 1 DAGs
[2026-06-08T13:13:38.219+0000] {logging_mixin.py:154} INFO - [2026-06-08T13:13:38.218+0000] {dag.py:3722} INFO - Setting next_dagrun for example_sensors to None, run_after=None
[2026-06-08T13:13:38.241+0000] {processor.py:179} INFO - Processing /home/airflow/.local/lib/python3.8/site-packages/airflow/example_dags/example_sensors.py took 0.102 seconds
[2026-06-08T13:14:08.554+0000] {processor.py:157} INFO - Started process (PID=347) to work on /home/airflow/.local/lib/python3.8/site-packages/airflow/example_dags/example_sensors.py
[2026-06-08T13:14:08.556+0000] {processor.py:829} INFO - Processing file /home/airflow/.local/lib/python3.8/site-packages/airflow/example_dags/example_sensors.py for tasks to queue
[2026-06-08T13:14:08.559+0000] {logging_mixin.py:154} INFO - [2026-06-08T13:14:08.559+0000] {dagbag.py:536} INFO - Filling up the DagBag from /home/airflow/.local/lib/python3.8/site-packages/airflow/example_dags/example_sensors.py
[2026-06-08T13:14:08.573+0000] {processor.py:839} INFO - DAG(s) dict_keys(['example_sensors']) retrieved from /home/airflow/.local/lib/python3.8/site-packages/airflow/example_dags/example_sensors.py
[2026-06-08T13:14:08.628+0000] {logging_mixin.py:154} INFO - [2026-06-08T13:14:08.628+0000] {dag.py:2941} INFO - Sync 1 DAGs
[2026-06-08T13:14:08.645+0000] {logging_mixin.py:154} INFO - [2026-06-08T13:14:08.645+0000] {dag.py:3722} INFO - Setting next_dagrun for example_sensors to None, run_after=None
[2026-06-08T13:14:08.668+0000] {processor.py:179} INFO - Processing /home/airflow/.local/lib/python3.8/site-packages/airflow/example_dags/example_sensors.py took 0.119 seconds
[2026-06-08T13:14:40.435+0000] {processor.py:157} INFO - Started process (PID=395) to work on /home/airflow/.local/lib/python3.8/site-packages/airflow/example_dags/example_sensors.py
[2026-06-08T13:14:40.446+0000] {processor.py:829} INFO - Processing file /home/airflow/.local/lib/python3.8/site-packages/airflow/example_dags/example_sensors.py for tasks to queue
[2026-06-08T13:14:40.449+0000] {logging_mixin.py:154} INFO - [2026-06-08T13:14:40.449+0000] {dagbag.py:536} INFO - Filling up the DagBag from /home/airflow/.local/lib/python3.8/site-packages/airflow/example_dags/example_sensors.py
[2026-06-08T13:14:40.466+0000] {processor.py:839} INFO - DAG(s) dict_keys(['example_sensors']) retrieved from /home/airflow/.local/lib/python3.8/site-packages/airflow/example_dags/example_sensors.py
[2026-06-08T13:14:40.542+0000] {logging_mixin.py:154} INFO - [2026-06-08T13:14:40.542+0000] {dag.py:2941} INFO - Sync 1 DAGs
[2026-06-08T13:14:40.563+0000] {logging_mixin.py:154} INFO - [2026-06-08T13:14:40.563+0000] {dag.py:3722} INFO - Setting next_dagrun for example_sensors to None, run_after=None
[2026-06-08T13:14:40.611+0000] {processor.py:179} INFO - Processing /home/airflow/.local/lib/python3.8/site-packages/airflow/example_dags/example_sensors.py took 0.189 seconds
[2026-06-08T13:15:10.783+0000] {processor.py:157} INFO - Started process (PID=443) to work on /home/airflow/.local/lib/python3.8/site-packages/airflow/example_dags/example_sensors.py
[2026-06-08T13:15:10.785+0000] {processor.py:829} INFO - Processing file /home/airflow/.local/lib/python3.8/site-packages/airflow/example_dags/example_sensors.py for tasks to queue
[2026-06-08T13:15:10.787+0000] {logging_mixin.py:154} INFO - [2026-06-08T13:15:10.787+0000] {dagbag.py:536} INFO - Filling up the DagBag from /home/airflow/.local/lib/python3.8/site-packages/airflow/example_dags/example_sensors.py
[2026-06-08T13:15:10.797+0000] {processor.py:839} INFO - DAG(s) dict_keys(['example_sensors']) retrieved from /home/airflow/.local/lib/python3.8/site-packages/airflow/example_dags/example_sensors.py
[2026-06-08T13:15:10.832+0000] {logging_mixin.py:154} INFO - [2026-06-08T13:15:10.832+0000] {dag.py:2941} INFO - Sync 1 DAGs
[2026-06-08T13:15:10.847+0000] {logging_mixin.py:154} INFO - [2026-06-08T13:15:10.846+0000] {dag.py:3722} INFO - Setting next_dagrun for example_sensors to None, run_after=None
[2026-06-08T13:15:10.866+0000] {processor.py:179} INFO - Processing /home/airflow/.local/lib/python3.8/site-packages/airflow/example_dags/example_sensors.py took 0.087 seconds
[2026-06-08T13:15:41.373+0000] {processor.py:157} INFO - Started process (PID=491) to work on /home/airflow/.local/lib/python3.8/site-packages/airflow/example_dags/example_sensors.py
[2026-06-08T13:15:41.375+0000] {processor.py:829} INFO - Processing file /home/airflow/.local/lib/python3.8/site-packages/airflow/example_dags/example_sensors.py for tasks to queue
[2026-06-08T13:15:41.378+0000] {logging_mixin.py:154} INFO - [2026-06-08T13:15:41.378+0000] {dagbag.py:536} INFO - Filling up the DagBag from /home/airflow/.local/lib/python3.8/site-packages/airflow/example_dags/example_sensors.py
[2026-06-08T13:15:41.392+0000] {processor.py:839} INFO - DAG(s) dict_keys(['example_sensors']) retrieved from /home/airflow/.local/lib/python3.8/site-packages/airflow/example_dags/example_sensors.py
[2026-06-08T13:15:41.431+0000] {logging_mixin.py:154} INFO - [2026-06-08T13:15:41.431+0000] {dag.py:2941} INFO - Sync 1 DAGs
[2026-06-08T13:15:41.450+0000] {logging_mixin.py:154} INFO - [2026-06-08T13:15:41.449+0000] {dag.py:3722} INFO - Setting next_dagrun for example_sensors to None, run_after=None
[2026-06-08T13:15:41.473+0000] {processor.py:179} INFO - Processing /home/airflow/.local/lib/python3.8/site-packages/airflow/example_dags/example_sensors.py took 0.106 seconds
[2026-06-08T13:16:11.715+0000] {processor.py:157} INFO - Started process (PID=539) to work on /home/airflow/.local/lib/python3.8/site-packages/airflow/example_dags/example_sensors.py
[2026-06-08T13:16:11.716+0000] {processor.py:829} INFO - Processing file /home/airflow/.local/lib/python3.8/site-packages/airflow/example_dags/example_sensors.py for tasks to queue
[2026-06-08T13:16:11.721+0000] {logging_mixin.py:154} INFO - [2026-06-08T13:16:11.721+0000] {dagbag.py:536} INFO - Filling up the DagBag from /home/airflow/.local/lib/python3.8/site-packages/airflow/example_dags/example_sensors.py
[2026-06-08T13:16:11.735+0000] {processor.py:839} INFO - DAG(s) dict_keys(['example_sensors']) retrieved from /home/airflow/.local/lib/python3.8/site-packages/airflow/example_dags/example_sensors.py
[2026-06-08T13:16:11.774+0000] {logging_mixin.py:154} INFO - [2026-06-08T13:16:11.774+0000] {dag.py:2941} INFO - Sync 1 DAGs
[2026-06-08T13:16:11.793+0000] {logging_mixin.py:154} INFO - [2026-06-08T13:16:11.793+0000] {dag.py:3722} INFO - Setting next_dagrun for example_sensors to None, run_after=None
[2026-06-08T13:16:11.820+0000] {processor.py:179} INFO - Processing /home/airflow/.local/lib/python3.8/site-packages/airflow/example_dags/example_sensors.py took 0.110 seconds
[2026-06-08T13:16:42.293+0000] {processor.py:157} INFO - Started process (PID=587) to work on /home/airflow/.local/lib/python3.8/site-packages/airflow/example_dags/example_sensors.py
[2026-06-08T13:16:42.311+0000] {processor.py:829} INFO - Processing file /home/airflow/.local/lib/python3.8/site-packages/airflow/example_dags/example_sensors.py for tasks to queue
[2026-06-08T13:16:42.319+0000] {logging_mixin.py:154} INFO - [2026-06-08T13:16:42.319+0000] {dagbag.py:536} INFO - Filling up the DagBag from /home/airflow/.local/lib/python3.8/site-packages/airflow/example_dags/example_sensors.py
[2026-06-08T13:16:42.350+0000] {processor.py:839} INFO - DAG(s) dict_keys(['example_sensors']) retrieved from /home/airflow/.local/lib/python3.8/site-packages/airflow/example_dags/example_sensors.py
[2026-06-08T13:16:42.441+0000] {logging_mixin.py:154} INFO - [2026-06-08T13:16:42.441+0000] {dag.py:2941} INFO - Sync 1 DAGs
[2026-06-08T13:16:42.460+0000] {logging_mixin.py:154} INFO - [2026-06-08T13:16:42.460+0000] {dag.py:3722} INFO - Setting next_dagrun for example_sensors to None, run_after=None
[2026-06-08T13:16:42.484+0000] {processor.py:179} INFO - Processing /home/airflow/.local/lib/python3.8/site-packages/airflow/example_dags/example_sensors.py took 0.196 seconds
[2026-06-08T13:17:12.601+0000] {processor.py:157} INFO - Started process (PID=635) to work on /home/airflow/.local/lib/python3.8/site-packages/airflow/example_dags/example_sensors.py
[2026-06-08T13:17:12.602+0000] {processor.py:829} INFO - Processing file /home/airflow/.local/lib/python3.8/site-packages/airflow/example_dags/example_sensors.py for tasks to queue
[2026-06-08T13:17:12.605+0000] {logging_mixin.py:154} INFO - [2026-06-08T13:17:12.604+0000] {dagbag.py:536} INFO - Filling up the DagBag from /home/airflow/.local/lib/python3.8/site-packages/airflow/example_dags/example_sensors.py
[2026-06-08T13:17:12.615+0000] {processor.py:839} INFO - DAG(s) dict_keys(['example_sensors']) retrieved from /home/airflow/.local/lib/python3.8/site-packages/airflow/example_dags/example_sensors.py
[2026-06-08T13:17:12.644+0000] {logging_mixin.py:154} INFO - [2026-06-08T13:17:12.643+0000] {dag.py:2941} INFO - Sync 1 DAGs
[2026-06-08T13:17:12.657+0000] {logging_mixin.py:154} INFO - [2026-06-08T13:17:12.657+0000] {dag.py:3722} INFO - Setting next_dagrun for example_sensors to None, run_after=None
[2026-06-08T13:17:12.676+0000] {processor.py:179} INFO - Processing /home/airflow/.local/lib/python3.8/site-packages/airflow/example_dags/example_sensors.py took 0.079 seconds
[2026-06-08T13:17:43.021+0000] {processor.py:157} INFO - Started process (PID=683) to work on /home/airflow/.local/lib/python3.8/site-packages/airflow/example_dags/example_sensors.py
[2026-06-08T13:17:43.023+0000] {processor.py:829} INFO - Processing file /home/airflow/.local/lib/python3.8/site-packages/airflow/example_dags/example_sensors.py for tasks to queue
[2026-06-08T13:17:43.027+0000] {logging_mixin.py:154} INFO - [2026-06-08T13:17:43.026+0000] {dagbag.py:536} INFO - Filling up the DagBag from /home/airflow/.local/lib/python3.8/site-packages/airflow/example_dags/example_sensors.py
[2026-06-08T13:17:43.041+0000] {processor.py:839} INFO - DAG(s) dict_keys(['example_sensors']) retrieved from /home/airflow/.local/lib/python3.8/site-packages/airflow/example_dags/example_sensors.py
[2026-06-08T13:17:43.079+0000] {logging_mixin.py:154} INFO - [2026-06-08T13:17:43.079+0000] {dag.py:2941} INFO - Sync 1 DAGs
[2026-06-08T13:17:43.097+0000] {logging_mixin.py:154} INFO - [2026-06-08T13:17:43.097+0000] {dag.py:3722} INFO - Setting next_dagrun for example_sensors to None, run_after=None
[2026-06-08T13:17:43.119+0000] {processor.py:179} INFO - Processing /home/airflow/.local/lib/python3.8/site-packages/airflow/example_dags/example_sensors.py took 0.103 seconds
[2026-06-08T13:18:14.125+0000] {processor.py:157} INFO - Started process (PID=731) to work on /home/airflow/.local/lib/python3.8/site-packages/airflow/example_dags/example_sensors.py
[2026-06-08T13:18:14.127+0000] {processor.py:829} INFO - Processing file /home/airflow/.local/lib/python3.8/site-packages/airflow/example_dags/example_sensors.py for tasks to queue
[2026-06-08T13:18:14.130+0000] {logging_mixin.py:154} INFO - [2026-06-08T13:18:14.129+0000] {dagbag.py:536} INFO - Filling up the DagBag from /home/airflow/.local/lib/python3.8/site-packages/airflow/example_dags/example_sensors.py
[2026-06-08T13:18:14.144+0000] {processor.py:839} INFO - DAG(s) dict_keys(['example_sensors']) retrieved from /home/airflow/.local/lib/python3.8/site-packages/airflow/example_dags/example_sensors.py
[2026-06-08T13:18:14.182+0000] {logging_mixin.py:154} INFO - [2026-06-08T13:18:14.182+0000] {dag.py:2941} INFO - Sync 1 DAGs
[2026-06-08T13:18:14.200+0000] {logging_mixin.py:154} INFO - [2026-06-08T13:18:14.199+0000] {dag.py:3722} INFO - Setting next_dagrun for example_sensors to None, run_after=None
[2026-06-08T13:18:14.222+0000] {processor.py:179} INFO - Processing /home/airflow/.local/lib/python3.8/site-packages/airflow/example_dags/example_sensors.py took 0.102 seconds
[2026-06-08T13:18:46.371+0000] {processor.py:157} INFO - Started process (PID=779) to work on /home/airflow/.local/lib/python3.8/site-packages/airflow/example_dags/example_sensors.py
[2026-06-08T13:18:46.386+0000] {processor.py:829} INFO - Processing file /home/airflow/.local/lib/python3.8/site-packages/airflow/example_dags/example_sensors.py for tasks to queue
[2026-06-08T13:18:46.389+0000] {logging_mixin.py:154} INFO - [2026-06-08T13:18:46.389+0000] {dagbag.py:536} INFO - Filling up the DagBag from /home/airflow/.local/lib/python3.8/site-packages/airflow/example_dags/example_sensors.py
[2026-06-08T13:18:46.416+0000] {processor.py:839} INFO - DAG(s) dict_keys(['example_sensors']) retrieved from /home/airflow/.local/lib/python3.8/site-packages/airflow/example_dags/example_sensors.py
[2026-06-08T13:18:46.470+0000] {logging_mixin.py:154} INFO - [2026-06-08T13:18:46.470+0000] {dag.py:2941} INFO - Sync 1 DAGs
[2026-06-08T13:18:46.489+0000] {logging_mixin.py:154} INFO - [2026-06-08T13:18:46.489+0000] {dag.py:3722} INFO - Setting next_dagrun for example_sensors to None, run_after=None
[2026-06-08T13:18:46.541+0000] {processor.py:179} INFO - Processing /home/airflow/.local/lib/python3.8/site-packages/airflow/example_dags/example_sensors.py took 0.179 seconds
[2026-06-08T13:21:17.224+0000] {processor.py:157} INFO - Started process (PID=59) to work on /home/airflow/.local/lib/python3.8/site-packages/airflow/example_dags/example_sensors.py
[2026-06-08T13:21:17.230+0000] {processor.py:829} INFO - Processing file /home/airflow/.local/lib/python3.8/site-packages/airflow/example_dags/example_sensors.py for tasks to queue
[2026-06-08T13:21:17.250+0000] {logging_mixin.py:154} INFO - [2026-06-08T13:21:17.241+0000] {dagbag.py:536} INFO - Filling up the DagBag from /home/airflow/.local/lib/python3.8/site-packages/airflow/example_dags/example_sensors.py
[2026-06-08T13:21:17.341+0000] {processor.py:839} INFO - DAG(s) dict_keys(['example_sensors']) retrieved from /home/airflow/.local/lib/python3.8/site-packages/airflow/example_dags/example_sensors.py
[2026-06-08T13:21:17.625+0000] {logging_mixin.py:154} INFO - [2026-06-08T13:21:17.624+0000] {dag.py:2941} INFO - Sync 1 DAGs
[2026-06-08T13:21:17.856+0000] {logging_mixin.py:154} INFO - [2026-06-08T13:21:17.856+0000] {dag.py:3722} INFO - Setting next_dagrun for example_sensors to None, run_after=None
[2026-06-08T13:21:18.044+0000] {processor.py:179} INFO - Processing /home/airflow/.local/lib/python3.8/site-packages/airflow/example_dags/example_sensors.py took 0.842 seconds
[2026-06-08T13:21:48.415+0000] {processor.py:157} INFO - Started process (PID=107) to work on /home/airflow/.local/lib/python3.8/site-packages/airflow/example_dags/example_sensors.py
[2026-06-08T13:21:48.417+0000] {processor.py:829} INFO - Processing file /home/airflow/.local/lib/python3.8/site-packages/airflow/example_dags/example_sensors.py for tasks to queue
[2026-06-08T13:21:48.420+0000] {logging_mixin.py:154} INFO - [2026-06-08T13:21:48.420+0000] {dagbag.py:536} INFO - Filling up the DagBag from /home/airflow/.local/lib/python3.8/site-packages/airflow/example_dags/example_sensors.py
[2026-06-08T13:21:48.435+0000] {processor.py:839} INFO - DAG(s) dict_keys(['example_sensors']) retrieved from /home/airflow/.local/lib/python3.8/site-packages/airflow/example_dags/example_sensors.py
[2026-06-08T13:21:48.479+0000] {logging_mixin.py:154} INFO - [2026-06-08T13:21:48.479+0000] {dag.py:2941} INFO - Sync 1 DAGs
[2026-06-08T13:21:48.532+0000] {logging_mixin.py:154} INFO - [2026-06-08T13:21:48.531+0000] {dag.py:3722} INFO - Setting next_dagrun for example_sensors to None, run_after=None
[2026-06-08T13:21:48.580+0000] {processor.py:179} INFO - Processing /home/airflow/.local/lib/python3.8/site-packages/airflow/example_dags/example_sensors.py took 0.169 seconds
[2026-06-08T13:22:19.149+0000] {processor.py:157} INFO - Started process (PID=155) to work on /home/airflow/.local/lib/python3.8/site-packages/airflow/example_dags/example_sensors.py
[2026-06-08T13:22:19.155+0000] {processor.py:829} INFO - Processing file /home/airflow/.local/lib/python3.8/site-packages/airflow/example_dags/example_sensors.py for tasks to queue
[2026-06-08T13:22:19.169+0000] {logging_mixin.py:154} INFO - [2026-06-08T13:22:19.168+0000] {dagbag.py:536} INFO - Filling up the DagBag from /home/airflow/.local/lib/python3.8/site-packages/airflow/example_dags/example_sensors.py
[2026-06-08T13:22:19.226+0000] {processor.py:839} INFO - DAG(s) dict_keys(['example_sensors']) retrieved from /home/airflow/.local/lib/python3.8/site-packages/airflow/example_dags/example_sensors.py
[2026-06-08T13:22:19.345+0000] {logging_mixin.py:154} INFO - [2026-06-08T13:22:19.345+0000] {dag.py:2941} INFO - Sync 1 DAGs
[2026-06-08T13:22:19.409+0000] {logging_mixin.py:154} INFO - [2026-06-08T13:22:19.408+0000] {dag.py:3722} INFO - Setting next_dagrun for example_sensors to None, run_after=None
[2026-06-08T13:22:19.477+0000] {processor.py:179} INFO - Processing /home/airflow/.local/lib/python3.8/site-packages/airflow/example_dags/example_sensors.py took 0.333 seconds
[2026-06-08T13:22:49.639+0000] {processor.py:157} INFO - Started process (PID=203) to work on /home/airflow/.local/lib/python3.8/site-packages/airflow/example_dags/example_sensors.py
[2026-06-08T13:22:49.640+0000] {processor.py:829} INFO - Processing file /home/airflow/.local/lib/python3.8/site-packages/airflow/example_dags/example_sensors.py for tasks to queue
[2026-06-08T13:22:49.643+0000] {logging_mixin.py:154} INFO - [2026-06-08T13:22:49.643+0000] {dagbag.py:536} INFO - Filling up the DagBag from /home/airflow/.local/lib/python3.8/site-packages/airflow/example_dags/example_sensors.py
[2026-06-08T13:22:49.656+0000] {processor.py:839} INFO - DAG(s) dict_keys(['example_sensors']) retrieved from /home/airflow/.local/lib/python3.8/site-packages/airflow/example_dags/example_sensors.py
[2026-06-08T13:22:49.683+0000] {logging_mixin.py:154} INFO - [2026-06-08T13:22:49.682+0000] {dag.py:2941} INFO - Sync 1 DAGs
[2026-06-08T13:22:49.697+0000] {logging_mixin.py:154} INFO - [2026-06-08T13:22:49.696+0000] {dag.py:3722} INFO - Setting next_dagrun for example_sensors to None, run_after=None
[2026-06-08T13:22:49.716+0000] {processor.py:179} INFO - Processing /home/airflow/.local/lib/python3.8/site-packages/airflow/example_dags/example_sensors.py took 0.097 seconds
[2026-06-08T13:23:20.473+0000] {processor.py:157} INFO - Started process (PID=251) to work on /home/airflow/.local/lib/python3.8/site-packages/airflow/example_dags/example_sensors.py
[2026-06-08T13:23:20.474+0000] {processor.py:829} INFO - Processing file /home/airflow/.local/lib/python3.8/site-packages/airflow/example_dags/example_sensors.py for tasks to queue
[2026-06-08T13:23:20.480+0000] {logging_mixin.py:154} INFO - [2026-06-08T13:23:20.479+0000] {dagbag.py:536} INFO - Filling up the DagBag from /home/airflow/.local/lib/python3.8/site-packages/airflow/example_dags/example_sensors.py
[2026-06-08T13:23:20.494+0000] {processor.py:839} INFO - DAG(s) dict_keys(['example_sensors']) retrieved from /home/airflow/.local/lib/python3.8/site-packages/airflow/example_dags/example_sensors.py
[2026-06-08T13:23:20.564+0000] {logging_mixin.py:154} INFO - [2026-06-08T13:23:20.564+0000] {dag.py:2941} INFO - Sync 1 DAGs
[2026-06-08T13:23:20.599+0000] {logging_mixin.py:154} INFO - [2026-06-08T13:23:20.599+0000] {dag.py:3722} INFO - Setting next_dagrun for example_sensors to None, run_after=None
[2026-06-08T13:23:20.654+0000] {processor.py:179} INFO - Processing /home/airflow/.local/lib/python3.8/site-packages/airflow/example_dags/example_sensors.py took 0.190 seconds
[2026-06-08T13:23:50.794+0000] {processor.py:157} INFO - Started process (PID=299) to work on /home/airflow/.local/lib/python3.8/site-packages/airflow/example_dags/example_sensors.py
[2026-06-08T13:23:50.795+0000] {processor.py:829} INFO - Processing file /home/airflow/.local/lib/python3.8/site-packages/airflow/example_dags/example_sensors.py for tasks to queue
[2026-06-08T13:23:50.798+0000] {logging_mixin.py:154} INFO - [2026-06-08T13:23:50.798+0000] {dagbag.py:536} INFO - Filling up the DagBag from /home/airflow/.local/lib/python3.8/site-packages/airflow/example_dags/example_sensors.py
[2026-06-08T13:23:50.814+0000] {processor.py:839} INFO - DAG(s) dict_keys(['example_sensors']) retrieved from /home/airflow/.local/lib/python3.8/site-packages/airflow/example_dags/example_sensors.py
[2026-06-08T13:23:50.852+0000] {logging_mixin.py:154} INFO - [2026-06-08T13:23:50.852+0000] {dag.py:2941} INFO - Sync 1 DAGs
[2026-06-08T13:23:50.872+0000] {logging_mixin.py:154} INFO - [2026-06-08T13:23:50.871+0000] {dag.py:3722} INFO - Setting next_dagrun for example_sensors to None, run_after=None
[2026-06-08T13:23:50.895+0000] {processor.py:179} INFO - Processing /home/airflow/.local/lib/python3.8/site-packages/airflow/example_dags/example_sensors.py took 0.107 seconds
[2026-06-08T13:24:22.864+0000] {processor.py:157} INFO - Started process (PID=347) to work on /home/airflow/.local/lib/python3.8/site-packages/airflow/example_dags/example_sensors.py
[2026-06-08T13:24:22.882+0000] {processor.py:829} INFO - Processing file /home/airflow/.local/lib/python3.8/site-packages/airflow/example_dags/example_sensors.py for tasks to queue
[2026-06-08T13:24:22.890+0000] {logging_mixin.py:154} INFO - [2026-06-08T13:24:22.890+0000] {dagbag.py:536} INFO - Filling up the DagBag from /home/airflow/.local/lib/python3.8/site-packages/airflow/example_dags/example_sensors.py
[2026-06-08T13:24:22.950+0000] {processor.py:839} INFO - DAG(s) dict_keys(['example_sensors']) retrieved from /home/airflow/.local/lib/python3.8/site-packages/airflow/example_dags/example_sensors.py
[2026-06-08T13:24:23.127+0000] {logging_mixin.py:154} INFO - [2026-06-08T13:24:23.127+0000] {dag.py:2941} INFO - Sync 1 DAGs
[2026-06-08T13:24:23.187+0000] {logging_mixin.py:154} INFO - [2026-06-08T13:24:23.187+0000] {dag.py:3722} INFO - Setting next_dagrun for example_sensors to None, run_after=None
[2026-06-08T13:24:23.278+0000] {processor.py:179} INFO - Processing /home/airflow/.local/lib/python3.8/site-packages/airflow/example_dags/example_sensors.py took 0.437 seconds
[2026-06-08T13:24:53.798+0000] {processor.py:157} INFO - Started process (PID=395) to work on /home/airflow/.local/lib/python3.8/site-packages/airflow/example_dags/example_sensors.py
[2026-06-08T13:24:53.818+0000] {processor.py:829} INFO - Processing file /home/airflow/.local/lib/python3.8/site-packages/airflow/example_dags/example_sensors.py for tasks to queue
[2026-06-08T13:24:53.822+0000] {logging_mixin.py:154} INFO - [2026-06-08T13:24:53.821+0000] {dagbag.py:536} INFO - Filling up the DagBag from /home/airflow/.local/lib/python3.8/site-packages/airflow/example_dags/example_sensors.py
[2026-06-08T13:24:53.850+0000] {processor.py:839} INFO - DAG(s) dict_keys(['example_sensors']) retrieved from /home/airflow/.local/lib/python3.8/site-packages/airflow/example_dags/example_sensors.py
[2026-06-08T13:24:53.918+0000] {logging_mixin.py:154} INFO - [2026-06-08T13:24:53.918+0000] {dag.py:2941} INFO - Sync 1 DAGs
[2026-06-08T13:24:53.985+0000] {logging_mixin.py:154} INFO - [2026-06-08T13:24:53.985+0000] {dag.py:3722} INFO - Setting next_dagrun for example_sensors to None, run_after=None
[2026-06-08T13:24:54.050+0000] {processor.py:179} INFO - Processing /home/airflow/.local/lib/python3.8/site-packages/airflow/example_dags/example_sensors.py took 0.267 seconds
[2026-06-08T13:25:24.133+0000] {processor.py:157} INFO - Started process (PID=443) to work on /home/airflow/.local/lib/python3.8/site-packages/airflow/example_dags/example_sensors.py
[2026-06-08T13:25:24.134+0000] {processor.py:829} INFO - Processing file /home/airflow/.local/lib/python3.8/site-packages/airflow/example_dags/example_sensors.py for tasks to queue
[2026-06-08T13:25:24.136+0000] {logging_mixin.py:154} INFO - [2026-06-08T13:25:24.136+0000] {dagbag.py:536} INFO - Filling up the DagBag from /home/airflow/.local/lib/python3.8/site-packages/airflow/example_dags/example_sensors.py
[2026-06-08T13:25:24.146+0000] {processor.py:839} INFO - DAG(s) dict_keys(['example_sensors']) retrieved from /home/airflow/.local/lib/python3.8/site-packages/airflow/example_dags/example_sensors.py
[2026-06-08T13:25:24.174+0000] {logging_mixin.py:154} INFO - [2026-06-08T13:25:24.174+0000] {dag.py:2941} INFO - Sync 1 DAGs
[2026-06-08T13:25:24.188+0000] {logging_mixin.py:154} INFO - [2026-06-08T13:25:24.188+0000] {dag.py:3722} INFO - Setting next_dagrun for example_sensors to None, run_after=None
[2026-06-08T13:25:24.211+0000] {processor.py:179} INFO - Processing /home/airflow/.local/lib/python3.8/site-packages/airflow/example_dags/example_sensors.py took 0.082 seconds
[2026-06-08T13:25:54.283+0000] {processor.py:157} INFO - Started process (PID=491) to work on /home/airflow/.local/lib/python3.8/site-packages/airflow/example_dags/example_sensors.py
[2026-06-08T13:25:54.290+0000] {processor.py:829} INFO - Processing file /home/airflow/.local/lib/python3.8/site-packages/airflow/example_dags/example_sensors.py for tasks to queue
[2026-06-08T13:25:54.302+0000] {logging_mixin.py:154} INFO - [2026-06-08T13:25:54.302+0000] {dagbag.py:536} INFO - Filling up the DagBag from /home/airflow/.local/lib/python3.8/site-packages/airflow/example_dags/example_sensors.py
[2026-06-08T13:25:54.347+0000] {processor.py:839} INFO - DAG(s) dict_keys(['example_sensors']) retrieved from /home/airflow/.local/lib/python3.8/site-packages/airflow/example_dags/example_sensors.py
[2026-06-08T13:25:54.521+0000] {logging_mixin.py:154} INFO - [2026-06-08T13:25:54.521+0000] {dag.py:2941} INFO - Sync 1 DAGs
[2026-06-08T13:25:54.585+0000] {logging_mixin.py:154} INFO - [2026-06-08T13:25:54.584+0000] {dag.py:3722} INFO - Setting next_dagrun for example_sensors to None, run_after=None
[2026-06-08T13:25:54.667+0000] {processor.py:179} INFO - Processing /home/airflow/.local/lib/python3.8/site-packages/airflow/example_dags/example_sensors.py took 0.392 seconds
[2026-06-08T13:26:24.769+0000] {processor.py:157} INFO - Started process (PID=538) to work on /home/airflow/.local/lib/python3.8/site-packages/airflow/example_dags/example_sensors.py
[2026-06-08T13:26:24.770+0000] {processor.py:829} INFO - Processing file /home/airflow/.local/lib/python3.8/site-packages/airflow/example_dags/example_sensors.py for tasks to queue
[2026-06-08T13:26:24.772+0000] {logging_mixin.py:154} INFO - [2026-06-08T13:26:24.772+0000] {dagbag.py:536} INFO - Filling up the DagBag from /home/airflow/.local/lib/python3.8/site-packages/airflow/example_dags/example_sensors.py
[2026-06-08T13:26:24.783+0000] {processor.py:839} INFO - DAG(s) dict_keys(['example_sensors']) retrieved from /home/airflow/.local/lib/python3.8/site-packages/airflow/example_dags/example_sensors.py
[2026-06-08T13:26:24.811+0000] {logging_mixin.py:154} INFO - [2026-06-08T13:26:24.811+0000] {dag.py:2941} INFO - Sync 1 DAGs
[2026-06-08T13:26:24.825+0000] {logging_mixin.py:154} INFO - [2026-06-08T13:26:24.825+0000] {dag.py:3722} INFO - Setting next_dagrun for example_sensors to None, run_after=None
[2026-06-08T13:26:24.845+0000] {processor.py:179} INFO - Processing /home/airflow/.local/lib/python3.8/site-packages/airflow/example_dags/example_sensors.py took 0.080 seconds
[2026-06-08T13:26:55.281+0000] {processor.py:157} INFO - Started process (PID=587) to work on /home/airflow/.local/lib/python3.8/site-packages/airflow/example_dags/example_sensors.py
[2026-06-08T13:26:55.291+0000] {processor.py:829} INFO - Processing file /home/airflow/.local/lib/python3.8/site-packages/airflow/example_dags/example_sensors.py for tasks to queue
[2026-06-08T13:26:55.295+0000] {logging_mixin.py:154} INFO - [2026-06-08T13:26:55.294+0000] {dagbag.py:536} INFO - Filling up the DagBag from /home/airflow/.local/lib/python3.8/site-packages/airflow/example_dags/example_sensors.py
[2026-06-08T13:26:55.305+0000] {processor.py:839} INFO - DAG(s) dict_keys(['example_sensors']) retrieved from /home/airflow/.local/lib/python3.8/site-packages/airflow/example_dags/example_sensors.py
[2026-06-08T13:26:55.332+0000] {logging_mixin.py:154} INFO - [2026-06-08T13:26:55.332+0000] {dag.py:2941} INFO - Sync 1 DAGs
[2026-06-08T13:26:55.346+0000] {logging_mixin.py:154} INFO - [2026-06-08T13:26:55.346+0000] {dag.py:3722} INFO - Setting next_dagrun for example_sensors to None, run_after=None
[2026-06-08T13:26:55.366+0000] {processor.py:179} INFO - Processing /home/airflow/.local/lib/python3.8/site-packages/airflow/example_dags/example_sensors.py took 0.090 seconds
[2026-06-08T13:27:25.543+0000] {processor.py:157} INFO - Started process (PID=635) to work on /home/airflow/.local/lib/python3.8/site-packages/airflow/example_dags/example_sensors.py
[2026-06-08T13:27:25.549+0000] {processor.py:829} INFO - Processing file /home/airflow/.local/lib/python3.8/site-packages/airflow/example_dags/example_sensors.py for tasks to queue
[2026-06-08T13:27:25.552+0000] {logging_mixin.py:154} INFO - [2026-06-08T13:27:25.552+0000] {dagbag.py:536} INFO - Filling up the DagBag from /home/airflow/.local/lib/python3.8/site-packages/airflow/example_dags/example_sensors.py
[2026-06-08T13:27:25.566+0000] {processor.py:839} INFO - DAG(s) dict_keys(['example_sensors']) retrieved from /home/airflow/.local/lib/python3.8/site-packages/airflow/example_dags/example_sensors.py
[2026-06-08T13:27:25.593+0000] {logging_mixin.py:154} INFO - [2026-06-08T13:27:25.592+0000] {dag.py:2941} INFO - Sync 1 DAGs
[2026-06-08T13:27:25.606+0000] {logging_mixin.py:154} INFO - [2026-06-08T13:27:25.606+0000] {dag.py:3722} INFO - Setting next_dagrun for example_sensors to None, run_after=None
[2026-06-08T13:27:25.630+0000] {processor.py:179} INFO - Processing /home/airflow/.local/lib/python3.8/site-packages/airflow/example_dags/example_sensors.py took 0.092 seconds
[2026-06-08T13:27:56.473+0000] {processor.py:157} INFO - Started process (PID=683) to work on /home/airflow/.local/lib/python3.8/site-packages/airflow/example_dags/example_sensors.py
[2026-06-08T13:27:56.476+0000] {processor.py:829} INFO - Processing file /home/airflow/.local/lib/python3.8/site-packages/airflow/example_dags/example_sensors.py for tasks to queue
[2026-06-08T13:27:56.486+0000] {logging_mixin.py:154} INFO - [2026-06-08T13:27:56.486+0000] {dagbag.py:536} INFO - Filling up the DagBag from /home/airflow/.local/lib/python3.8/site-packages/airflow/example_dags/example_sensors.py
[2026-06-08T13:27:56.507+0000] {processor.py:839} INFO - DAG(s) dict_keys(['example_sensors']) retrieved from /home/airflow/.local/lib/python3.8/site-packages/airflow/example_dags/example_sensors.py
[2026-06-08T13:27:56.558+0000] {logging_mixin.py:154} INFO - [2026-06-08T13:27:56.558+0000] {dag.py:2941} INFO - Sync 1 DAGs
[2026-06-08T13:27:56.571+0000] {logging_mixin.py:154} INFO - [2026-06-08T13:27:56.571+0000] {dag.py:3722} INFO - Setting next_dagrun for example_sensors to None, run_after=None
[2026-06-08T13:27:56.590+0000] {processor.py:179} INFO - Processing /home/airflow/.local/lib/python3.8/site-packages/airflow/example_dags/example_sensors.py took 0.129 seconds
[2026-06-08T13:32:29.653+0000] {processor.py:157} INFO - Started process (PID=57) to work on /home/airflow/.local/lib/python3.10/site-packages/airflow/example_dags/example_sensors.py
[2026-06-08T13:32:29.693+0000] {processor.py:829} INFO - Processing file /home/airflow/.local/lib/python3.10/site-packages/airflow/example_dags/example_sensors.py for tasks to queue
[2026-06-08T13:32:29.696+0000] {logging_mixin.py:154} INFO - [2026-06-08T13:32:29.695+0000] {dagbag.py:536} INFO - Filling up the DagBag from /home/airflow/.local/lib/python3.10/site-packages/airflow/example_dags/example_sensors.py
[2026-06-08T13:32:29.757+0000] {processor.py:839} INFO - DAG(s) dict_keys(['example_sensors']) retrieved from /home/airflow/.local/lib/python3.10/site-packages/airflow/example_dags/example_sensors.py
[2026-06-08T13:32:29.998+0000] {logging_mixin.py:154} INFO - [2026-06-08T13:32:29.988+0000] {dag.py:2941} INFO - Sync 1 DAGs
[2026-06-08T13:32:30.092+0000] {logging_mixin.py:154} INFO - [2026-06-08T13:32:30.092+0000] {dag.py:3722} INFO - Setting next_dagrun for example_sensors to None, run_after=None
[2026-06-08T13:32:30.255+0000] {processor.py:179} INFO - Processing /home/airflow/.local/lib/python3.10/site-packages/airflow/example_dags/example_sensors.py took 0.635 seconds
[2026-06-08T13:33:01.124+0000] {processor.py:157} INFO - Started process (PID=106) to work on /home/airflow/.local/lib/python3.10/site-packages/airflow/example_dags/example_sensors.py
[2026-06-08T13:33:01.127+0000] {processor.py:829} INFO - Processing file /home/airflow/.local/lib/python3.10/site-packages/airflow/example_dags/example_sensors.py for tasks to queue
[2026-06-08T13:33:01.129+0000] {logging_mixin.py:154} INFO - [2026-06-08T13:33:01.129+0000] {dagbag.py:536} INFO - Filling up the DagBag from /home/airflow/.local/lib/python3.10/site-packages/airflow/example_dags/example_sensors.py
[2026-06-08T13:33:01.147+0000] {processor.py:839} INFO - DAG(s) dict_keys(['example_sensors']) retrieved from /home/airflow/.local/lib/python3.10/site-packages/airflow/example_dags/example_sensors.py
[2026-06-08T13:33:01.184+0000] {logging_mixin.py:154} INFO - [2026-06-08T13:33:01.183+0000] {dag.py:2941} INFO - Sync 1 DAGs
[2026-06-08T13:33:01.203+0000] {logging_mixin.py:154} INFO - [2026-06-08T13:33:01.202+0000] {dag.py:3722} INFO - Setting next_dagrun for example_sensors to None, run_after=None
[2026-06-08T13:33:01.227+0000] {processor.py:179} INFO - Processing /home/airflow/.local/lib/python3.10/site-packages/airflow/example_dags/example_sensors.py took 0.107 seconds
[2026-06-08T13:33:32.263+0000] {processor.py:157} INFO - Started process (PID=155) to work on /home/airflow/.local/lib/python3.10/site-packages/airflow/example_dags/example_sensors.py
[2026-06-08T13:33:32.274+0000] {processor.py:829} INFO - Processing file /home/airflow/.local/lib/python3.10/site-packages/airflow/example_dags/example_sensors.py for tasks to queue
[2026-06-08T13:33:32.277+0000] {logging_mixin.py:154} INFO - [2026-06-08T13:33:32.276+0000] {dagbag.py:536} INFO - Filling up the DagBag from /home/airflow/.local/lib/python3.10/site-packages/airflow/example_dags/example_sensors.py
[2026-06-08T13:33:32.324+0000] {processor.py:839} INFO - DAG(s) dict_keys(['example_sensors']) retrieved from /home/airflow/.local/lib/python3.10/site-packages/airflow/example_dags/example_sensors.py
[2026-06-08T13:33:32.405+0000] {logging_mixin.py:154} INFO - [2026-06-08T13:33:32.405+0000] {dag.py:2941} INFO - Sync 1 DAGs
[2026-06-08T13:33:32.440+0000] {logging_mixin.py:154} INFO - [2026-06-08T13:33:32.440+0000] {dag.py:3722} INFO - Setting next_dagrun for example_sensors to None, run_after=None
[2026-06-08T13:33:32.501+0000] {processor.py:179} INFO - Processing /home/airflow/.local/lib/python3.10/site-packages/airflow/example_dags/example_sensors.py took 0.256 seconds
[2026-06-08T13:34:03.365+0000] {processor.py:157} INFO - Started process (PID=204) to work on /home/airflow/.local/lib/python3.10/site-packages/airflow/example_dags/example_sensors.py
[2026-06-08T13:34:03.382+0000] {processor.py:829} INFO - Processing file /home/airflow/.local/lib/python3.10/site-packages/airflow/example_dags/example_sensors.py for tasks to queue
[2026-06-08T13:34:03.384+0000] {logging_mixin.py:154} INFO - [2026-06-08T13:34:03.384+0000] {dagbag.py:536} INFO - Filling up the DagBag from /home/airflow/.local/lib/python3.10/site-packages/airflow/example_dags/example_sensors.py
[2026-06-08T13:34:03.449+0000] {processor.py:839} INFO - DAG(s) dict_keys(['example_sensors']) retrieved from /home/airflow/.local/lib/python3.10/site-packages/airflow/example_dags/example_sensors.py
[2026-06-08T13:34:03.563+0000] {logging_mixin.py:154} INFO - [2026-06-08T13:34:03.562+0000] {dag.py:2941} INFO - Sync 1 DAGs
[2026-06-08T13:34:03.599+0000] {logging_mixin.py:154} INFO - [2026-06-08T13:34:03.599+0000] {dag.py:3722} INFO - Setting next_dagrun for example_sensors to None, run_after=None
[2026-06-08T13:34:03.670+0000] {processor.py:179} INFO - Processing /home/airflow/.local/lib/python3.10/site-packages/airflow/example_dags/example_sensors.py took 0.321 seconds
[2026-06-08T13:34:34.609+0000] {processor.py:157} INFO - Started process (PID=253) to work on /home/airflow/.local/lib/python3.10/site-packages/airflow/example_dags/example_sensors.py
[2026-06-08T13:34:34.614+0000] {processor.py:829} INFO - Processing file /home/airflow/.local/lib/python3.10/site-packages/airflow/example_dags/example_sensors.py for tasks to queue
[2026-06-08T13:34:34.617+0000] {logging_mixin.py:154} INFO - [2026-06-08T13:34:34.616+0000] {dagbag.py:536} INFO - Filling up the DagBag from /home/airflow/.local/lib/python3.10/site-packages/airflow/example_dags/example_sensors.py
[2026-06-08T13:34:34.650+0000] {processor.py:839} INFO - DAG(s) dict_keys(['example_sensors']) retrieved from /home/airflow/.local/lib/python3.10/site-packages/airflow/example_dags/example_sensors.py
[2026-06-08T13:34:34.749+0000] {logging_mixin.py:154} INFO - [2026-06-08T13:34:34.749+0000] {dag.py:2941} INFO - Sync 1 DAGs
[2026-06-08T13:34:34.785+0000] {logging_mixin.py:154} INFO - [2026-06-08T13:34:34.784+0000] {dag.py:3722} INFO - Setting next_dagrun for example_sensors to None, run_after=None
[2026-06-08T13:34:34.834+0000] {processor.py:179} INFO - Processing /home/airflow/.local/lib/python3.10/site-packages/airflow/example_dags/example_sensors.py took 0.235 seconds
[2026-06-08T13:35:14.644+0000] {processor.py:157} INFO - Started process (PID=302) to work on /home/airflow/.local/lib/python3.10/site-packages/airflow/example_dags/example_sensors.py
[2026-06-08T13:35:14.717+0000] {processor.py:829} INFO - Processing file /home/airflow/.local/lib/python3.10/site-packages/airflow/example_dags/example_sensors.py for tasks to queue
[2026-06-08T13:35:14.745+0000] {logging_mixin.py:154} INFO - [2026-06-08T13:35:14.719+0000] {dagbag.py:536} INFO - Filling up the DagBag from /home/airflow/.local/lib/python3.10/site-packages/airflow/example_dags/example_sensors.py
[2026-06-08T13:35:15.127+0000] {processor.py:839} INFO - DAG(s) dict_keys(['example_sensors']) retrieved from /home/airflow/.local/lib/python3.10/site-packages/airflow/example_dags/example_sensors.py
[2026-06-08T13:35:22.004+0000] {logging_mixin.py:154} INFO - [2026-06-08T13:35:21.936+0000] {dag.py:2941} INFO - Sync 1 DAGs
[2026-06-08T13:35:23.699+0000] {logging_mixin.py:154} INFO - [2026-06-08T13:35:23.302+0000] {dag.py:3722} INFO - Setting next_dagrun for example_sensors to None, run_after=None
[2026-06-08T13:39:14.482+0000] {processor.py:179} INFO - Processing /home/airflow/.local/lib/python3.10/site-packages/airflow/example_dags/example_sensors.py took 239.915 seconds
[2026-06-08T13:39:47.787+0000] {processor.py:157} INFO - Started process (PID=350) to work on /home/airflow/.local/lib/python3.10/site-packages/airflow/example_dags/example_sensors.py
[2026-06-08T13:39:47.789+0000] {processor.py:829} INFO - Processing file /home/airflow/.local/lib/python3.10/site-packages/airflow/example_dags/example_sensors.py for tasks to queue
[2026-06-08T13:39:47.792+0000] {logging_mixin.py:154} INFO - [2026-06-08T13:39:47.791+0000] {dagbag.py:536} INFO - Filling up the DagBag from /home/airflow/.local/lib/python3.10/site-packages/airflow/example_dags/example_sensors.py
[2026-06-08T13:39:47.820+0000] {processor.py:839} INFO - DAG(s) dict_keys(['example_sensors']) retrieved from /home/airflow/.local/lib/python3.10/site-packages/airflow/example_dags/example_sensors.py
[2026-06-08T13:39:48.829+0000] {logging_mixin.py:154} INFO - [2026-06-08T13:39:48.828+0000] {dag.py:2941} INFO - Sync 1 DAGs
[2026-06-08T13:39:48.875+0000] {logging_mixin.py:154} INFO - [2026-06-08T13:39:48.874+0000] {dag.py:3722} INFO - Setting next_dagrun for example_sensors to None, run_after=None
[2026-06-08T13:39:49.575+0000] {processor.py:179} INFO - Processing /home/airflow/.local/lib/python3.10/site-packages/airflow/example_dags/example_sensors.py took 1.793 seconds
[2026-06-08T13:40:19.672+0000] {processor.py:157} INFO - Started process (PID=398) to work on /home/airflow/.local/lib/python3.10/site-packages/airflow/example_dags/example_sensors.py
[2026-06-08T13:40:19.674+0000] {processor.py:829} INFO - Processing file /home/airflow/.local/lib/python3.10/site-packages/airflow/example_dags/example_sensors.py for tasks to queue
[2026-06-08T13:40:19.676+0000] {logging_mixin.py:154} INFO - [2026-06-08T13:40:19.675+0000] {dagbag.py:536} INFO - Filling up the DagBag from /home/airflow/.local/lib/python3.10/site-packages/airflow/example_dags/example_sensors.py
[2026-06-08T13:40:19.690+0000] {processor.py:839} INFO - DAG(s) dict_keys(['example_sensors']) retrieved from /home/airflow/.local/lib/python3.10/site-packages/airflow/example_dags/example_sensors.py
[2026-06-08T13:40:19.723+0000] {logging_mixin.py:154} INFO - [2026-06-08T13:40:19.723+0000] {dag.py:2941} INFO - Sync 1 DAGs
[2026-06-08T13:40:19.742+0000] {logging_mixin.py:154} INFO - [2026-06-08T13:40:19.742+0000] {dag.py:3722} INFO - Setting next_dagrun for example_sensors to None, run_after=None
[2026-06-08T13:40:19.765+0000] {processor.py:179} INFO - Processing /home/airflow/.local/lib/python3.10/site-packages/airflow/example_dags/example_sensors.py took 0.098 seconds
[2026-06-08T13:40:50.165+0000] {processor.py:157} INFO - Started process (PID=447) to work on /home/airflow/.local/lib/python3.10/site-packages/airflow/example_dags/example_sensors.py
[2026-06-08T13:40:50.203+0000] {processor.py:829} INFO - Processing file /home/airflow/.local/lib/python3.10/site-packages/airflow/example_dags/example_sensors.py for tasks to queue
[2026-06-08T13:40:50.204+0000] {logging_mixin.py:154} INFO - [2026-06-08T13:40:50.204+0000] {dagbag.py:536} INFO - Filling up the DagBag from /home/airflow/.local/lib/python3.10/site-packages/airflow/example_dags/example_sensors.py
[2026-06-08T13:40:50.313+0000] {processor.py:839} INFO - DAG(s) dict_keys(['example_sensors']) retrieved from /home/airflow/.local/lib/python3.10/site-packages/airflow/example_dags/example_sensors.py
[2026-06-08T13:40:50.470+0000] {logging_mixin.py:154} INFO - [2026-06-08T13:40:50.469+0000] {dag.py:2941} INFO - Sync 1 DAGs
[2026-06-08T13:40:50.488+0000] {logging_mixin.py:154} INFO - [2026-06-08T13:40:50.488+0000] {dag.py:3722} INFO - Setting next_dagrun for example_sensors to None, run_after=None
[2026-06-08T13:40:50.568+0000] {processor.py:179} INFO - Processing /home/airflow/.local/lib/python3.10/site-packages/airflow/example_dags/example_sensors.py took 0.408 seconds
[2026-06-08T13:41:21.163+0000] {processor.py:157} INFO - Started process (PID=494) to work on /home/airflow/.local/lib/python3.10/site-packages/airflow/example_dags/example_sensors.py
[2026-06-08T13:41:21.166+0000] {processor.py:829} INFO - Processing file /home/airflow/.local/lib/python3.10/site-packages/airflow/example_dags/example_sensors.py for tasks to queue
[2026-06-08T13:41:21.167+0000] {logging_mixin.py:154} INFO - [2026-06-08T13:41:21.166+0000] {dagbag.py:536} INFO - Filling up the DagBag from /home/airflow/.local/lib/python3.10/site-packages/airflow/example_dags/example_sensors.py
[2026-06-08T13:41:21.181+0000] {processor.py:839} INFO - DAG(s) dict_keys(['example_sensors']) retrieved from /home/airflow/.local/lib/python3.10/site-packages/airflow/example_dags/example_sensors.py
[2026-06-08T13:41:21.208+0000] {logging_mixin.py:154} INFO - [2026-06-08T13:41:21.208+0000] {dag.py:2941} INFO - Sync 1 DAGs
[2026-06-08T13:41:21.222+0000] {logging_mixin.py:154} INFO - [2026-06-08T13:41:21.222+0000] {dag.py:3722} INFO - Setting next_dagrun for example_sensors to None, run_after=None
[2026-06-08T13:41:21.242+0000] {processor.py:179} INFO - Processing /home/airflow/.local/lib/python3.10/site-packages/airflow/example_dags/example_sensors.py took 0.083 seconds
[2026-06-08T13:41:51.836+0000] {processor.py:157} INFO - Started process (PID=549) to work on /home/airflow/.local/lib/python3.10/site-packages/airflow/example_dags/example_sensors.py
[2026-06-08T13:41:51.843+0000] {processor.py:829} INFO - Processing file /home/airflow/.local/lib/python3.10/site-packages/airflow/example_dags/example_sensors.py for tasks to queue
[2026-06-08T13:41:51.845+0000] {logging_mixin.py:154} INFO - [2026-06-08T13:41:51.844+0000] {dagbag.py:536} INFO - Filling up the DagBag from /home/airflow/.local/lib/python3.10/site-packages/airflow/example_dags/example_sensors.py
[2026-06-08T13:41:51.859+0000] {processor.py:839} INFO - DAG(s) dict_keys(['example_sensors']) retrieved from /home/airflow/.local/lib/python3.10/site-packages/airflow/example_dags/example_sensors.py
[2026-06-08T13:41:51.901+0000] {logging_mixin.py:154} INFO - [2026-06-08T13:41:51.901+0000] {dag.py:2941} INFO - Sync 1 DAGs
[2026-06-08T13:41:51.921+0000] {logging_mixin.py:154} INFO - [2026-06-08T13:41:51.919+0000] {dag.py:3722} INFO - Setting next_dagrun for example_sensors to None, run_after=None
[2026-06-08T13:41:51.959+0000] {processor.py:179} INFO - Processing /home/airflow/.local/lib/python3.10/site-packages/airflow/example_dags/example_sensors.py took 0.128 seconds
[2026-06-08T13:42:22.325+0000] {processor.py:157} INFO - Started process (PID=598) to work on /home/airflow/.local/lib/python3.10/site-packages/airflow/example_dags/example_sensors.py
[2026-06-08T13:42:22.326+0000] {processor.py:829} INFO - Processing file /home/airflow/.local/lib/python3.10/site-packages/airflow/example_dags/example_sensors.py for tasks to queue
[2026-06-08T13:42:22.327+0000] {logging_mixin.py:154} INFO - [2026-06-08T13:42:22.327+0000] {dagbag.py:536} INFO - Filling up the DagBag from /home/airflow/.local/lib/python3.10/site-packages/airflow/example_dags/example_sensors.py
[2026-06-08T13:42:22.340+0000] {processor.py:839} INFO - DAG(s) dict_keys(['example_sensors']) retrieved from /home/airflow/.local/lib/python3.10/site-packages/airflow/example_dags/example_sensors.py
[2026-06-08T13:42:22.365+0000] {logging_mixin.py:154} INFO - [2026-06-08T13:42:22.365+0000] {dag.py:2941} INFO - Sync 1 DAGs
[2026-06-08T13:42:22.382+0000] {logging_mixin.py:154} INFO - [2026-06-08T13:42:22.381+0000] {dag.py:3722} INFO - Setting next_dagrun for example_sensors to None, run_after=None
[2026-06-08T13:42:22.400+0000] {processor.py:179} INFO - Processing /home/airflow/.local/lib/python3.10/site-packages/airflow/example_dags/example_sensors.py took 0.078 seconds
[2026-06-08T13:42:52.579+0000] {processor.py:157} INFO - Started process (PID=647) to work on /home/airflow/.local/lib/python3.10/site-packages/airflow/example_dags/example_sensors.py
[2026-06-08T13:42:52.583+0000] {processor.py:829} INFO - Processing file /home/airflow/.local/lib/python3.10/site-packages/airflow/example_dags/example_sensors.py for tasks to queue
[2026-06-08T13:42:52.583+0000] {logging_mixin.py:154} INFO - [2026-06-08T13:42:52.583+0000] {dagbag.py:536} INFO - Filling up the DagBag from /home/airflow/.local/lib/python3.10/site-packages/airflow/example_dags/example_sensors.py
[2026-06-08T13:42:52.594+0000] {processor.py:839} INFO - DAG(s) dict_keys(['example_sensors']) retrieved from /home/airflow/.local/lib/python3.10/site-packages/airflow/example_dags/example_sensors.py
[2026-06-08T13:42:52.626+0000] {logging_mixin.py:154} INFO - [2026-06-08T13:42:52.626+0000] {dag.py:2941} INFO - Sync 1 DAGs
[2026-06-08T13:42:52.639+0000] {logging_mixin.py:154} INFO - [2026-06-08T13:42:52.639+0000] {dag.py:3722} INFO - Setting next_dagrun for example_sensors to None, run_after=None
[2026-06-08T13:42:52.659+0000] {processor.py:179} INFO - Processing /home/airflow/.local/lib/python3.10/site-packages/airflow/example_dags/example_sensors.py took 0.084 seconds
[2026-06-08T13:43:23.530+0000] {processor.py:157} INFO - Started process (PID=696) to work on /home/airflow/.local/lib/python3.10/site-packages/airflow/example_dags/example_sensors.py
[2026-06-08T13:43:23.531+0000] {processor.py:829} INFO - Processing file /home/airflow/.local/lib/python3.10/site-packages/airflow/example_dags/example_sensors.py for tasks to queue
[2026-06-08T13:43:23.531+0000] {logging_mixin.py:154} INFO - [2026-06-08T13:43:23.531+0000] {dagbag.py:536} INFO - Filling up the DagBag from /home/airflow/.local/lib/python3.10/site-packages/airflow/example_dags/example_sensors.py
[2026-06-08T13:43:23.544+0000] {processor.py:839} INFO - DAG(s) dict_keys(['example_sensors']) retrieved from /home/airflow/.local/lib/python3.10/site-packages/airflow/example_dags/example_sensors.py
[2026-06-08T13:43:23.577+0000] {logging_mixin.py:154} INFO - [2026-06-08T13:43:23.576+0000] {dag.py:2941} INFO - Sync 1 DAGs
[2026-06-08T13:43:23.592+0000] {logging_mixin.py:154} INFO - [2026-06-08T13:43:23.592+0000] {dag.py:3722} INFO - Setting next_dagrun for example_sensors to None, run_after=None
[2026-06-08T13:43:23.611+0000] {processor.py:179} INFO - Processing /home/airflow/.local/lib/python3.10/site-packages/airflow/example_dags/example_sensors.py took 0.085 seconds
[2026-06-08T13:43:54.509+0000] {processor.py:157} INFO - Started process (PID=745) to work on /home/airflow/.local/lib/python3.10/site-packages/airflow/example_dags/example_sensors.py
[2026-06-08T13:43:54.511+0000] {processor.py:829} INFO - Processing file /home/airflow/.local/lib/python3.10/site-packages/airflow/example_dags/example_sensors.py for tasks to queue
[2026-06-08T13:43:54.512+0000] {logging_mixin.py:154} INFO - [2026-06-08T13:43:54.511+0000] {dagbag.py:536} INFO - Filling up the DagBag from /home/airflow/.local/lib/python3.10/site-packages/airflow/example_dags/example_sensors.py
[2026-06-08T13:43:54.525+0000] {processor.py:839} INFO - DAG(s) dict_keys(['example_sensors']) retrieved from /home/airflow/.local/lib/python3.10/site-packages/airflow/example_dags/example_sensors.py
[2026-06-08T13:43:54.562+0000] {logging_mixin.py:154} INFO - [2026-06-08T13:43:54.561+0000] {dag.py:2941} INFO - Sync 1 DAGs
[2026-06-08T13:43:54.580+0000] {logging_mixin.py:154} INFO - [2026-06-08T13:43:54.580+0000] {dag.py:3722} INFO - Setting next_dagrun for example_sensors to None, run_after=None
[2026-06-08T13:43:54.605+0000] {processor.py:179} INFO - Processing /home/airflow/.local/lib/python3.10/site-packages/airflow/example_dags/example_sensors.py took 0.101 seconds
[2026-06-08T13:44:25.202+0000] {processor.py:157} INFO - Started process (PID=794) to work on /home/airflow/.local/lib/python3.10/site-packages/airflow/example_dags/example_sensors.py
[2026-06-08T13:44:25.203+0000] {processor.py:829} INFO - Processing file /home/airflow/.local/lib/python3.10/site-packages/airflow/example_dags/example_sensors.py for tasks to queue
[2026-06-08T13:44:25.204+0000] {logging_mixin.py:154} INFO - [2026-06-08T13:44:25.204+0000] {dagbag.py:536} INFO - Filling up the DagBag from /home/airflow/.local/lib/python3.10/site-packages/airflow/example_dags/example_sensors.py
[2026-06-08T13:44:25.242+0000] {processor.py:839} INFO - DAG(s) dict_keys(['example_sensors']) retrieved from /home/airflow/.local/lib/python3.10/site-packages/airflow/example_dags/example_sensors.py
[2026-06-08T13:44:25.314+0000] {logging_mixin.py:154} INFO - [2026-06-08T13:44:25.314+0000] {dag.py:2941} INFO - Sync 1 DAGs
[2026-06-08T13:44:25.351+0000] {logging_mixin.py:154} INFO - [2026-06-08T13:44:25.351+0000] {dag.py:3722} INFO - Setting next_dagrun for example_sensors to None, run_after=None
[2026-06-08T13:44:25.406+0000] {processor.py:179} INFO - Processing /home/airflow/.local/lib/python3.10/site-packages/airflow/example_dags/example_sensors.py took 0.217 seconds
[2026-06-08T13:44:56.254+0000] {processor.py:157} INFO - Started process (PID=843) to work on /home/airflow/.local/lib/python3.10/site-packages/airflow/example_dags/example_sensors.py
[2026-06-08T13:44:56.257+0000] {processor.py:829} INFO - Processing file /home/airflow/.local/lib/python3.10/site-packages/airflow/example_dags/example_sensors.py for tasks to queue
[2026-06-08T13:44:56.258+0000] {logging_mixin.py:154} INFO - [2026-06-08T13:44:56.258+0000] {dagbag.py:536} INFO - Filling up the DagBag from /home/airflow/.local/lib/python3.10/site-packages/airflow/example_dags/example_sensors.py
[2026-06-08T13:44:56.269+0000] {processor.py:839} INFO - DAG(s) dict_keys(['example_sensors']) retrieved from /home/airflow/.local/lib/python3.10/site-packages/airflow/example_dags/example_sensors.py
[2026-06-08T13:44:56.297+0000] {logging_mixin.py:154} INFO - [2026-06-08T13:44:56.296+0000] {dag.py:2941} INFO - Sync 1 DAGs
[2026-06-08T13:44:56.310+0000] {logging_mixin.py:154} INFO - [2026-06-08T13:44:56.310+0000] {dag.py:3722} INFO - Setting next_dagrun for example_sensors to None, run_after=None
[2026-06-08T13:44:56.330+0000] {processor.py:179} INFO - Processing /home/airflow/.local/lib/python3.10/site-packages/airflow/example_dags/example_sensors.py took 0.080 seconds
[2026-06-08T13:45:26.803+0000] {processor.py:157} INFO - Started process (PID=892) to work on /home/airflow/.local/lib/python3.10/site-packages/airflow/example_dags/example_sensors.py
[2026-06-08T13:45:26.804+0000] {processor.py:829} INFO - Processing file /home/airflow/.local/lib/python3.10/site-packages/airflow/example_dags/example_sensors.py for tasks to queue
[2026-06-08T13:45:26.804+0000] {logging_mixin.py:154} INFO - [2026-06-08T13:45:26.804+0000] {dagbag.py:536} INFO - Filling up the DagBag from /home/airflow/.local/lib/python3.10/site-packages/airflow/example_dags/example_sensors.py
[2026-06-08T13:45:26.815+0000] {processor.py:839} INFO - DAG(s) dict_keys(['example_sensors']) retrieved from /home/airflow/.local/lib/python3.10/site-packages/airflow/example_dags/example_sensors.py
[2026-06-08T13:45:26.841+0000] {logging_mixin.py:154} INFO - [2026-06-08T13:45:26.841+0000] {dag.py:2941} INFO - Sync 1 DAGs
[2026-06-08T13:45:27.026+0000] {logging_mixin.py:154} INFO - [2026-06-08T13:45:27.026+0000] {dag.py:3722} INFO - Setting next_dagrun for example_sensors to None, run_after=None
[2026-06-08T13:45:27.044+0000] {processor.py:179} INFO - Processing /home/airflow/.local/lib/python3.10/site-packages/airflow/example_dags/example_sensors.py took 0.246 seconds
[2026-06-08T13:45:57.189+0000] {processor.py:157} INFO - Started process (PID=941) to work on /home/airflow/.local/lib/python3.10/site-packages/airflow/example_dags/example_sensors.py
[2026-06-08T13:45:57.191+0000] {processor.py:829} INFO - Processing file /home/airflow/.local/lib/python3.10/site-packages/airflow/example_dags/example_sensors.py for tasks to queue
[2026-06-08T13:45:57.192+0000] {logging_mixin.py:154} INFO - [2026-06-08T13:45:57.191+0000] {dagbag.py:536} INFO - Filling up the DagBag from /home/airflow/.local/lib/python3.10/site-packages/airflow/example_dags/example_sensors.py
[2026-06-08T13:45:57.203+0000] {processor.py:839} INFO - DAG(s) dict_keys(['example_sensors']) retrieved from /home/airflow/.local/lib/python3.10/site-packages/airflow/example_dags/example_sensors.py
[2026-06-08T13:45:57.232+0000] {logging_mixin.py:154} INFO - [2026-06-08T13:45:57.232+0000] {dag.py:2941} INFO - Sync 1 DAGs
[2026-06-08T13:45:57.245+0000] {logging_mixin.py:154} INFO - [2026-06-08T13:45:57.245+0000] {dag.py:3722} INFO - Setting next_dagrun for example_sensors to None, run_after=None
[2026-06-08T13:45:57.266+0000] {processor.py:179} INFO - Processing /home/airflow/.local/lib/python3.10/site-packages/airflow/example_dags/example_sensors.py took 0.081 seconds
[2026-06-08T13:46:27.321+0000] {processor.py:157} INFO - Started process (PID=990) to work on /home/airflow/.local/lib/python3.10/site-packages/airflow/example_dags/example_sensors.py
[2026-06-08T13:46:27.322+0000] {processor.py:829} INFO - Processing file /home/airflow/.local/lib/python3.10/site-packages/airflow/example_dags/example_sensors.py for tasks to queue
[2026-06-08T13:46:27.323+0000] {logging_mixin.py:154} INFO - [2026-06-08T13:46:27.323+0000] {dagbag.py:536} INFO - Filling up the DagBag from /home/airflow/.local/lib/python3.10/site-packages/airflow/example_dags/example_sensors.py
[2026-06-08T13:46:27.337+0000] {processor.py:839} INFO - DAG(s) dict_keys(['example_sensors']) retrieved from /home/airflow/.local/lib/python3.10/site-packages/airflow/example_dags/example_sensors.py
[2026-06-08T13:46:27.373+0000] {logging_mixin.py:154} INFO - [2026-06-08T13:46:27.373+0000] {dag.py:2941} INFO - Sync 1 DAGs
[2026-06-08T13:46:27.391+0000] {logging_mixin.py:154} INFO - [2026-06-08T13:46:27.391+0000] {dag.py:3722} INFO - Setting next_dagrun for example_sensors to None, run_after=None
[2026-06-08T13:46:27.417+0000] {processor.py:179} INFO - Processing /home/airflow/.local/lib/python3.10/site-packages/airflow/example_dags/example_sensors.py took 0.105 seconds
[2026-06-08T13:46:57.511+0000] {processor.py:157} INFO - Started process (PID=1039) to work on /home/airflow/.local/lib/python3.10/site-packages/airflow/example_dags/example_sensors.py
[2026-06-08T13:46:57.512+0000] {processor.py:829} INFO - Processing file /home/airflow/.local/lib/python3.10/site-packages/airflow/example_dags/example_sensors.py for tasks to queue
[2026-06-08T13:46:57.514+0000] {logging_mixin.py:154} INFO - [2026-06-08T13:46:57.513+0000] {dagbag.py:536} INFO - Filling up the DagBag from /home/airflow/.local/lib/python3.10/site-packages/airflow/example_dags/example_sensors.py
[2026-06-08T13:46:57.528+0000] {processor.py:839} INFO - DAG(s) dict_keys(['example_sensors']) retrieved from /home/airflow/.local/lib/python3.10/site-packages/airflow/example_dags/example_sensors.py
[2026-06-08T13:46:57.566+0000] {logging_mixin.py:154} INFO - [2026-06-08T13:46:57.565+0000] {dag.py:2941} INFO - Sync 1 DAGs
[2026-06-08T13:46:57.584+0000] {logging_mixin.py:154} INFO - [2026-06-08T13:46:57.584+0000] {dag.py:3722} INFO - Setting next_dagrun for example_sensors to None, run_after=None
[2026-06-08T13:46:57.610+0000] {processor.py:179} INFO - Processing /home/airflow/.local/lib/python3.10/site-packages/airflow/example_dags/example_sensors.py took 0.104 seconds
[2026-06-08T13:47:28.368+0000] {processor.py:157} INFO - Started process (PID=1088) to work on /home/airflow/.local/lib/python3.10/site-packages/airflow/example_dags/example_sensors.py
[2026-06-08T13:47:28.369+0000] {processor.py:829} INFO - Processing file /home/airflow/.local/lib/python3.10/site-packages/airflow/example_dags/example_sensors.py for tasks to queue
[2026-06-08T13:47:28.370+0000] {logging_mixin.py:154} INFO - [2026-06-08T13:47:28.370+0000] {dagbag.py:536} INFO - Filling up the DagBag from /home/airflow/.local/lib/python3.10/site-packages/airflow/example_dags/example_sensors.py
[2026-06-08T13:47:28.383+0000] {processor.py:839} INFO - DAG(s) dict_keys(['example_sensors']) retrieved from /home/airflow/.local/lib/python3.10/site-packages/airflow/example_dags/example_sensors.py
[2026-06-08T13:47:28.411+0000] {logging_mixin.py:154} INFO - [2026-06-08T13:47:28.410+0000] {dag.py:2941} INFO - Sync 1 DAGs
[2026-06-08T13:47:28.424+0000] {logging_mixin.py:154} INFO - [2026-06-08T13:47:28.423+0000] {dag.py:3722} INFO - Setting next_dagrun for example_sensors to None, run_after=None
[2026-06-08T13:47:28.442+0000] {processor.py:179} INFO - Processing /home/airflow/.local/lib/python3.10/site-packages/airflow/example_dags/example_sensors.py took 0.078 seconds
[2026-06-08T13:47:58.940+0000] {processor.py:157} INFO - Started process (PID=1137) to work on /home/airflow/.local/lib/python3.10/site-packages/airflow/example_dags/example_sensors.py
[2026-06-08T13:47:58.942+0000] {processor.py:829} INFO - Processing file /home/airflow/.local/lib/python3.10/site-packages/airflow/example_dags/example_sensors.py for tasks to queue
[2026-06-08T13:47:58.942+0000] {logging_mixin.py:154} INFO - [2026-06-08T13:47:58.942+0000] {dagbag.py:536} INFO - Filling up the DagBag from /home/airflow/.local/lib/python3.10/site-packages/airflow/example_dags/example_sensors.py
[2026-06-08T13:47:58.953+0000] {processor.py:839} INFO - DAG(s) dict_keys(['example_sensors']) retrieved from /home/airflow/.local/lib/python3.10/site-packages/airflow/example_dags/example_sensors.py
[2026-06-08T13:47:58.980+0000] {logging_mixin.py:154} INFO - [2026-06-08T13:47:58.979+0000] {dag.py:2941} INFO - Sync 1 DAGs
[2026-06-08T13:47:58.993+0000] {logging_mixin.py:154} INFO - [2026-06-08T13:47:58.993+0000] {dag.py:3722} INFO - Setting next_dagrun for example_sensors to None, run_after=None
[2026-06-08T13:47:59.012+0000] {processor.py:179} INFO - Processing /home/airflow/.local/lib/python3.10/site-packages/airflow/example_dags/example_sensors.py took 0.077 seconds
[2026-06-08T13:48:29.768+0000] {processor.py:157} INFO - Started process (PID=1186) to work on /home/airflow/.local/lib/python3.10/site-packages/airflow/example_dags/example_sensors.py
[2026-06-08T13:48:29.769+0000] {processor.py:829} INFO - Processing file /home/airflow/.local/lib/python3.10/site-packages/airflow/example_dags/example_sensors.py for tasks to queue
[2026-06-08T13:48:29.770+0000] {logging_mixin.py:154} INFO - [2026-06-08T13:48:29.769+0000] {dagbag.py:536} INFO - Filling up the DagBag from /home/airflow/.local/lib/python3.10/site-packages/airflow/example_dags/example_sensors.py
[2026-06-08T13:48:29.782+0000] {processor.py:839} INFO - DAG(s) dict_keys(['example_sensors']) retrieved from /home/airflow/.local/lib/python3.10/site-packages/airflow/example_dags/example_sensors.py
[2026-06-08T13:48:29.809+0000] {logging_mixin.py:154} INFO - [2026-06-08T13:48:29.808+0000] {dag.py:2941} INFO - Sync 1 DAGs
[2026-06-08T13:48:29.822+0000] {logging_mixin.py:154} INFO - [2026-06-08T13:48:29.822+0000] {dag.py:3722} INFO - Setting next_dagrun for example_sensors to None, run_after=None
[2026-06-08T13:48:29.841+0000] {processor.py:179} INFO - Processing /home/airflow/.local/lib/python3.10/site-packages/airflow/example_dags/example_sensors.py took 0.077 seconds
[2026-06-08T13:49:00.229+0000] {processor.py:157} INFO - Started process (PID=1235) to work on /home/airflow/.local/lib/python3.10/site-packages/airflow/example_dags/example_sensors.py
[2026-06-08T13:49:00.231+0000] {processor.py:829} INFO - Processing file /home/airflow/.local/lib/python3.10/site-packages/airflow/example_dags/example_sensors.py for tasks to queue
[2026-06-08T13:49:00.232+0000] {logging_mixin.py:154} INFO - [2026-06-08T13:49:00.232+0000] {dagbag.py:536} INFO - Filling up the DagBag from /home/airflow/.local/lib/python3.10/site-packages/airflow/example_dags/example_sensors.py
[2026-06-08T13:49:00.246+0000] {processor.py:839} INFO - DAG(s) dict_keys(['example_sensors']) retrieved from /home/airflow/.local/lib/python3.10/site-packages/airflow/example_dags/example_sensors.py
[2026-06-08T13:49:00.285+0000] {logging_mixin.py:154} INFO - [2026-06-08T13:49:00.284+0000] {dag.py:2941} INFO - Sync 1 DAGs
[2026-06-08T13:49:00.304+0000] {logging_mixin.py:154} INFO - [2026-06-08T13:49:00.304+0000] {dag.py:3722} INFO - Setting next_dagrun for example_sensors to None, run_after=None
[2026-06-08T13:49:00.330+0000] {processor.py:179} INFO - Processing /home/airflow/.local/lib/python3.10/site-packages/airflow/example_dags/example_sensors.py took 0.106 seconds
[2026-06-08T13:49:30.440+0000] {processor.py:157} INFO - Started process (PID=1284) to work on /home/airflow/.local/lib/python3.10/site-packages/airflow/example_dags/example_sensors.py
[2026-06-08T13:49:30.441+0000] {processor.py:829} INFO - Processing file /home/airflow/.local/lib/python3.10/site-packages/airflow/example_dags/example_sensors.py for tasks to queue
[2026-06-08T13:49:30.442+0000] {logging_mixin.py:154} INFO - [2026-06-08T13:49:30.441+0000] {dagbag.py:536} INFO - Filling up the DagBag from /home/airflow/.local/lib/python3.10/site-packages/airflow/example_dags/example_sensors.py
[2026-06-08T13:49:30.454+0000] {processor.py:839} INFO - DAG(s) dict_keys(['example_sensors']) retrieved from /home/airflow/.local/lib/python3.10/site-packages/airflow/example_dags/example_sensors.py
[2026-06-08T13:49:30.483+0000] {logging_mixin.py:154} INFO - [2026-06-08T13:49:30.483+0000] {dag.py:2941} INFO - Sync 1 DAGs
[2026-06-08T13:49:30.497+0000] {logging_mixin.py:154} INFO - [2026-06-08T13:49:30.496+0000] {dag.py:3722} INFO - Setting next_dagrun for example_sensors to None, run_after=None
[2026-06-08T13:49:30.523+0000] {processor.py:179} INFO - Processing /home/airflow/.local/lib/python3.10/site-packages/airflow/example_dags/example_sensors.py took 0.088 seconds
[2026-06-08T13:50:00.745+0000] {processor.py:157} INFO - Started process (PID=1333) to work on /home/airflow/.local/lib/python3.10/site-packages/airflow/example_dags/example_sensors.py
[2026-06-08T13:50:00.747+0000] {processor.py:829} INFO - Processing file /home/airflow/.local/lib/python3.10/site-packages/airflow/example_dags/example_sensors.py for tasks to queue
[2026-06-08T13:50:00.748+0000] {logging_mixin.py:154} INFO - [2026-06-08T13:50:00.747+0000] {dagbag.py:536} INFO - Filling up the DagBag from /home/airflow/.local/lib/python3.10/site-packages/airflow/example_dags/example_sensors.py
[2026-06-08T13:50:00.763+0000] {processor.py:839} INFO - DAG(s) dict_keys(['example_sensors']) retrieved from /home/airflow/.local/lib/python3.10/site-packages/airflow/example_dags/example_sensors.py
[2026-06-08T13:50:00.802+0000] {logging_mixin.py:154} INFO - [2026-06-08T13:50:00.802+0000] {dag.py:2941} INFO - Sync 1 DAGs
[2026-06-08T13:50:00.820+0000] {logging_mixin.py:154} INFO - [2026-06-08T13:50:00.820+0000] {dag.py:3722} INFO - Setting next_dagrun for example_sensors to None, run_after=None
[2026-06-08T13:50:00.846+0000] {processor.py:179} INFO - Processing /home/airflow/.local/lib/python3.10/site-packages/airflow/example_dags/example_sensors.py took 0.107 seconds
[2026-06-08T13:50:30.971+0000] {processor.py:157} INFO - Started process (PID=1382) to work on /home/airflow/.local/lib/python3.10/site-packages/airflow/example_dags/example_sensors.py
[2026-06-08T13:50:30.972+0000] {processor.py:829} INFO - Processing file /home/airflow/.local/lib/python3.10/site-packages/airflow/example_dags/example_sensors.py for tasks to queue
[2026-06-08T13:50:30.972+0000] {logging_mixin.py:154} INFO - [2026-06-08T13:50:30.972+0000] {dagbag.py:536} INFO - Filling up the DagBag from /home/airflow/.local/lib/python3.10/site-packages/airflow/example_dags/example_sensors.py
[2026-06-08T13:50:30.984+0000] {processor.py:839} INFO - DAG(s) dict_keys(['example_sensors']) retrieved from /home/airflow/.local/lib/python3.10/site-packages/airflow/example_dags/example_sensors.py
[2026-06-08T13:50:31.012+0000] {logging_mixin.py:154} INFO - [2026-06-08T13:50:31.011+0000] {dag.py:2941} INFO - Sync 1 DAGs
[2026-06-08T13:50:31.026+0000] {logging_mixin.py:154} INFO - [2026-06-08T13:50:31.025+0000] {dag.py:3722} INFO - Setting next_dagrun for example_sensors to None, run_after=None
[2026-06-08T13:50:31.045+0000] {processor.py:179} INFO - Processing /home/airflow/.local/lib/python3.10/site-packages/airflow/example_dags/example_sensors.py took 0.078 seconds
[2026-06-08T13:51:01.251+0000] {processor.py:157} INFO - Started process (PID=1431) to work on /home/airflow/.local/lib/python3.10/site-packages/airflow/example_dags/example_sensors.py
[2026-06-08T13:51:01.253+0000] {processor.py:829} INFO - Processing file /home/airflow/.local/lib/python3.10/site-packages/airflow/example_dags/example_sensors.py for tasks to queue
[2026-06-08T13:51:01.254+0000] {logging_mixin.py:154} INFO - [2026-06-08T13:51:01.254+0000] {dagbag.py:536} INFO - Filling up the DagBag from /home/airflow/.local/lib/python3.10/site-packages/airflow/example_dags/example_sensors.py
[2026-06-08T13:51:01.265+0000] {processor.py:839} INFO - DAG(s) dict_keys(['example_sensors']) retrieved from /home/airflow/.local/lib/python3.10/site-packages/airflow/example_dags/example_sensors.py
[2026-06-08T13:51:01.293+0000] {logging_mixin.py:154} INFO - [2026-06-08T13:51:01.293+0000] {dag.py:2941} INFO - Sync 1 DAGs
[2026-06-08T13:51:01.307+0000] {logging_mixin.py:154} INFO - [2026-06-08T13:51:01.307+0000] {dag.py:3722} INFO - Setting next_dagrun for example_sensors to None, run_after=None
[2026-06-08T13:51:01.328+0000] {processor.py:179} INFO - Processing /home/airflow/.local/lib/python3.10/site-packages/airflow/example_dags/example_sensors.py took 0.081 seconds
[2026-06-08T13:51:31.735+0000] {processor.py:157} INFO - Started process (PID=1480) to work on /home/airflow/.local/lib/python3.10/site-packages/airflow/example_dags/example_sensors.py
[2026-06-08T13:51:31.736+0000] {processor.py:829} INFO - Processing file /home/airflow/.local/lib/python3.10/site-packages/airflow/example_dags/example_sensors.py for tasks to queue
[2026-06-08T13:51:31.736+0000] {logging_mixin.py:154} INFO - [2026-06-08T13:51:31.736+0000] {dagbag.py:536} INFO - Filling up the DagBag from /home/airflow/.local/lib/python3.10/site-packages/airflow/example_dags/example_sensors.py
[2026-06-08T13:51:31.748+0000] {processor.py:839} INFO - DAG(s) dict_keys(['example_sensors']) retrieved from /home/airflow/.local/lib/python3.10/site-packages/airflow/example_dags/example_sensors.py
[2026-06-08T13:51:31.776+0000] {logging_mixin.py:154} INFO - [2026-06-08T13:51:31.776+0000] {dag.py:2941} INFO - Sync 1 DAGs
[2026-06-08T13:51:31.790+0000] {logging_mixin.py:154} INFO - [2026-06-08T13:51:31.789+0000] {dag.py:3722} INFO - Setting next_dagrun for example_sensors to None, run_after=None
[2026-06-08T13:51:31.821+0000] {processor.py:179} INFO - Processing /home/airflow/.local/lib/python3.10/site-packages/airflow/example_dags/example_sensors.py took 0.091 seconds
[2026-06-08T13:52:01.918+0000] {processor.py:157} INFO - Started process (PID=1528) to work on /home/airflow/.local/lib/python3.10/site-packages/airflow/example_dags/example_sensors.py
[2026-06-08T13:52:01.933+0000] {processor.py:829} INFO - Processing file /home/airflow/.local/lib/python3.10/site-packages/airflow/example_dags/example_sensors.py for tasks to queue
[2026-06-08T13:52:01.935+0000] {logging_mixin.py:154} INFO - [2026-06-08T13:52:01.934+0000] {dagbag.py:536} INFO - Filling up the DagBag from /home/airflow/.local/lib/python3.10/site-packages/airflow/example_dags/example_sensors.py
[2026-06-08T13:52:01.975+0000] {processor.py:839} INFO - DAG(s) dict_keys(['example_sensors']) retrieved from /home/airflow/.local/lib/python3.10/site-packages/airflow/example_dags/example_sensors.py
[2026-06-08T13:52:02.106+0000] {logging_mixin.py:154} INFO - [2026-06-08T13:52:02.106+0000] {dag.py:2941} INFO - Sync 1 DAGs
[2026-06-08T13:52:02.160+0000] {logging_mixin.py:154} INFO - [2026-06-08T13:52:02.160+0000] {dag.py:3722} INFO - Setting next_dagrun for example_sensors to None, run_after=None
[2026-06-08T13:52:02.247+0000] {processor.py:179} INFO - Processing /home/airflow/.local/lib/python3.10/site-packages/airflow/example_dags/example_sensors.py took 0.348 seconds
[2026-06-08T13:52:32.688+0000] {processor.py:157} INFO - Started process (PID=1576) to work on /home/airflow/.local/lib/python3.10/site-packages/airflow/example_dags/example_sensors.py
[2026-06-08T13:52:32.689+0000] {processor.py:829} INFO - Processing file /home/airflow/.local/lib/python3.10/site-packages/airflow/example_dags/example_sensors.py for tasks to queue
[2026-06-08T13:52:32.690+0000] {logging_mixin.py:154} INFO - [2026-06-08T13:52:32.690+0000] {dagbag.py:536} INFO - Filling up the DagBag from /home/airflow/.local/lib/python3.10/site-packages/airflow/example_dags/example_sensors.py
[2026-06-08T13:52:32.705+0000] {processor.py:839} INFO - DAG(s) dict_keys(['example_sensors']) retrieved from /home/airflow/.local/lib/python3.10/site-packages/airflow/example_dags/example_sensors.py
[2026-06-08T13:52:32.744+0000] {logging_mixin.py:154} INFO - [2026-06-08T13:52:32.744+0000] {dag.py:2941} INFO - Sync 1 DAGs
[2026-06-08T13:52:32.766+0000] {logging_mixin.py:154} INFO - [2026-06-08T13:52:32.766+0000] {dag.py:3722} INFO - Setting next_dagrun for example_sensors to None, run_after=None
[2026-06-08T13:52:32.800+0000] {processor.py:179} INFO - Processing /home/airflow/.local/lib/python3.10/site-packages/airflow/example_dags/example_sensors.py took 0.117 seconds
[2026-06-08T13:53:02.895+0000] {processor.py:157} INFO - Started process (PID=1623) to work on /home/airflow/.local/lib/python3.10/site-packages/airflow/example_dags/example_sensors.py
[2026-06-08T13:53:02.905+0000] {processor.py:829} INFO - Processing file /home/airflow/.local/lib/python3.10/site-packages/airflow/example_dags/example_sensors.py for tasks to queue
[2026-06-08T13:53:02.907+0000] {logging_mixin.py:154} INFO - [2026-06-08T13:53:02.906+0000] {dagbag.py:536} INFO - Filling up the DagBag from /home/airflow/.local/lib/python3.10/site-packages/airflow/example_dags/example_sensors.py
[2026-06-08T13:53:02.946+0000] {processor.py:839} INFO - DAG(s) dict_keys(['example_sensors']) retrieved from /home/airflow/.local/lib/python3.10/site-packages/airflow/example_dags/example_sensors.py
[2026-06-08T13:53:03.030+0000] {logging_mixin.py:154} INFO - [2026-06-08T13:53:03.030+0000] {dag.py:2941} INFO - Sync 1 DAGs
[2026-06-08T13:53:03.088+0000] {logging_mixin.py:154} INFO - [2026-06-08T13:53:03.087+0000] {dag.py:3722} INFO - Setting next_dagrun for example_sensors to None, run_after=None
[2026-06-08T13:53:03.175+0000] {processor.py:179} INFO - Processing /home/airflow/.local/lib/python3.10/site-packages/airflow/example_dags/example_sensors.py took 0.285 seconds
[2026-06-08T13:53:33.978+0000] {processor.py:157} INFO - Started process (PID=1672) to work on /home/airflow/.local/lib/python3.10/site-packages/airflow/example_dags/example_sensors.py
[2026-06-08T13:53:33.980+0000] {processor.py:829} INFO - Processing file /home/airflow/.local/lib/python3.10/site-packages/airflow/example_dags/example_sensors.py for tasks to queue
[2026-06-08T13:53:33.986+0000] {logging_mixin.py:154} INFO - [2026-06-08T13:53:33.981+0000] {dagbag.py:536} INFO - Filling up the DagBag from /home/airflow/.local/lib/python3.10/site-packages/airflow/example_dags/example_sensors.py
[2026-06-08T13:53:34.001+0000] {processor.py:839} INFO - DAG(s) dict_keys(['example_sensors']) retrieved from /home/airflow/.local/lib/python3.10/site-packages/airflow/example_dags/example_sensors.py
[2026-06-08T13:53:34.037+0000] {logging_mixin.py:154} INFO - [2026-06-08T13:53:34.037+0000] {dag.py:2941} INFO - Sync 1 DAGs
[2026-06-08T13:53:34.055+0000] {logging_mixin.py:154} INFO - [2026-06-08T13:53:34.055+0000] {dag.py:3722} INFO - Setting next_dagrun for example_sensors to None, run_after=None
[2026-06-08T13:53:34.080+0000] {processor.py:179} INFO - Processing /home/airflow/.local/lib/python3.10/site-packages/airflow/example_dags/example_sensors.py took 0.110 seconds
[2026-06-08T13:54:04.733+0000] {processor.py:157} INFO - Started process (PID=1721) to work on /home/airflow/.local/lib/python3.10/site-packages/airflow/example_dags/example_sensors.py
[2026-06-08T13:54:04.736+0000] {processor.py:829} INFO - Processing file /home/airflow/.local/lib/python3.10/site-packages/airflow/example_dags/example_sensors.py for tasks to queue
[2026-06-08T13:54:04.737+0000] {logging_mixin.py:154} INFO - [2026-06-08T13:54:04.737+0000] {dagbag.py:536} INFO - Filling up the DagBag from /home/airflow/.local/lib/python3.10/site-packages/airflow/example_dags/example_sensors.py
[2026-06-08T13:54:04.753+0000] {processor.py:839} INFO - DAG(s) dict_keys(['example_sensors']) retrieved from /home/airflow/.local/lib/python3.10/site-packages/airflow/example_dags/example_sensors.py
[2026-06-08T13:54:04.790+0000] {logging_mixin.py:154} INFO - [2026-06-08T13:54:04.790+0000] {dag.py:2941} INFO - Sync 1 DAGs
[2026-06-08T13:54:04.809+0000] {logging_mixin.py:154} INFO - [2026-06-08T13:54:04.809+0000] {dag.py:3722} INFO - Setting next_dagrun for example_sensors to None, run_after=None
[2026-06-08T13:54:04.834+0000] {processor.py:179} INFO - Processing /home/airflow/.local/lib/python3.10/site-packages/airflow/example_dags/example_sensors.py took 0.106 seconds
[2026-06-08T13:54:35.442+0000] {processor.py:157} INFO - Started process (PID=1770) to work on /home/airflow/.local/lib/python3.10/site-packages/airflow/example_dags/example_sensors.py
[2026-06-08T13:54:35.443+0000] {processor.py:829} INFO - Processing file /home/airflow/.local/lib/python3.10/site-packages/airflow/example_dags/example_sensors.py for tasks to queue
[2026-06-08T13:54:35.444+0000] {logging_mixin.py:154} INFO - [2026-06-08T13:54:35.444+0000] {dagbag.py:536} INFO - Filling up the DagBag from /home/airflow/.local/lib/python3.10/site-packages/airflow/example_dags/example_sensors.py
[2026-06-08T13:54:35.459+0000] {processor.py:839} INFO - DAG(s) dict_keys(['example_sensors']) retrieved from /home/airflow/.local/lib/python3.10/site-packages/airflow/example_dags/example_sensors.py
[2026-06-08T13:54:35.495+0000] {logging_mixin.py:154} INFO - [2026-06-08T13:54:35.495+0000] {dag.py:2941} INFO - Sync 1 DAGs
[2026-06-08T13:54:35.513+0000] {logging_mixin.py:154} INFO - [2026-06-08T13:54:35.513+0000] {dag.py:3722} INFO - Setting next_dagrun for example_sensors to None, run_after=None
[2026-06-08T13:54:35.540+0000] {processor.py:179} INFO - Processing /home/airflow/.local/lib/python3.10/site-packages/airflow/example_dags/example_sensors.py took 0.103 seconds
[2026-06-08T13:55:05.631+0000] {processor.py:157} INFO - Started process (PID=1819) to work on /home/airflow/.local/lib/python3.10/site-packages/airflow/example_dags/example_sensors.py
[2026-06-08T13:55:05.638+0000] {processor.py:829} INFO - Processing file /home/airflow/.local/lib/python3.10/site-packages/airflow/example_dags/example_sensors.py for tasks to queue
[2026-06-08T13:55:05.639+0000] {logging_mixin.py:154} INFO - [2026-06-08T13:55:05.639+0000] {dagbag.py:536} INFO - Filling up the DagBag from /home/airflow/.local/lib/python3.10/site-packages/airflow/example_dags/example_sensors.py
[2026-06-08T13:55:05.661+0000] {processor.py:839} INFO - DAG(s) dict_keys(['example_sensors']) retrieved from /home/airflow/.local/lib/python3.10/site-packages/airflow/example_dags/example_sensors.py
[2026-06-08T13:55:05.697+0000] {logging_mixin.py:154} INFO - [2026-06-08T13:55:05.697+0000] {dag.py:2941} INFO - Sync 1 DAGs
[2026-06-08T13:55:05.716+0000] {logging_mixin.py:154} INFO - [2026-06-08T13:55:05.716+0000] {dag.py:3722} INFO - Setting next_dagrun for example_sensors to None, run_after=None
[2026-06-08T13:55:05.740+0000] {processor.py:179} INFO - Processing /home/airflow/.local/lib/python3.10/site-packages/airflow/example_dags/example_sensors.py took 0.114 seconds
[2026-06-08T13:55:35.900+0000] {processor.py:157} INFO - Started process (PID=1863) to work on /home/airflow/.local/lib/python3.10/site-packages/airflow/example_dags/example_sensors.py
[2026-06-08T13:55:35.901+0000] {processor.py:829} INFO - Processing file /home/airflow/.local/lib/python3.10/site-packages/airflow/example_dags/example_sensors.py for tasks to queue
[2026-06-08T13:55:35.902+0000] {logging_mixin.py:154} INFO - [2026-06-08T13:55:35.902+0000] {dagbag.py:536} INFO - Filling up the DagBag from /home/airflow/.local/lib/python3.10/site-packages/airflow/example_dags/example_sensors.py
[2026-06-08T13:55:35.917+0000] {processor.py:839} INFO - DAG(s) dict_keys(['example_sensors']) retrieved from /home/airflow/.local/lib/python3.10/site-packages/airflow/example_dags/example_sensors.py
[2026-06-08T13:55:35.954+0000] {logging_mixin.py:154} INFO - [2026-06-08T13:55:35.953+0000] {dag.py:2941} INFO - Sync 1 DAGs
[2026-06-08T13:55:35.972+0000] {logging_mixin.py:154} INFO - [2026-06-08T13:55:35.972+0000] {dag.py:3722} INFO - Setting next_dagrun for example_sensors to None, run_after=None
[2026-06-08T13:55:36.001+0000] {processor.py:179} INFO - Processing /home/airflow/.local/lib/python3.10/site-packages/airflow/example_dags/example_sensors.py took 0.105 seconds
[2026-06-08T13:56:06.960+0000] {processor.py:157} INFO - Started process (PID=1912) to work on /home/airflow/.local/lib/python3.10/site-packages/airflow/example_dags/example_sensors.py
[2026-06-08T13:56:06.965+0000] {processor.py:829} INFO - Processing file /home/airflow/.local/lib/python3.10/site-packages/airflow/example_dags/example_sensors.py for tasks to queue
[2026-06-08T13:56:06.966+0000] {logging_mixin.py:154} INFO - [2026-06-08T13:56:06.965+0000] {dagbag.py:536} INFO - Filling up the DagBag from /home/airflow/.local/lib/python3.10/site-packages/airflow/example_dags/example_sensors.py
[2026-06-08T13:56:06.987+0000] {processor.py:839} INFO - DAG(s) dict_keys(['example_sensors']) retrieved from /home/airflow/.local/lib/python3.10/site-packages/airflow/example_dags/example_sensors.py
[2026-06-08T13:56:07.032+0000] {logging_mixin.py:154} INFO - [2026-06-08T13:56:07.032+0000] {dag.py:2941} INFO - Sync 1 DAGs
[2026-06-08T13:56:07.050+0000] {logging_mixin.py:154} INFO - [2026-06-08T13:56:07.050+0000] {dag.py:3722} INFO - Setting next_dagrun for example_sensors to None, run_after=None
[2026-06-08T13:56:07.076+0000] {processor.py:179} INFO - Processing /home/airflow/.local/lib/python3.10/site-packages/airflow/example_dags/example_sensors.py took 0.127 seconds
[2026-06-08T13:56:37.590+0000] {processor.py:157} INFO - Started process (PID=1961) to work on /home/airflow/.local/lib/python3.10/site-packages/airflow/example_dags/example_sensors.py
[2026-06-08T13:56:37.591+0000] {processor.py:829} INFO - Processing file /home/airflow/.local/lib/python3.10/site-packages/airflow/example_dags/example_sensors.py for tasks to queue
[2026-06-08T13:56:37.592+0000] {logging_mixin.py:154} INFO - [2026-06-08T13:56:37.592+0000] {dagbag.py:536} INFO - Filling up the DagBag from /home/airflow/.local/lib/python3.10/site-packages/airflow/example_dags/example_sensors.py
[2026-06-08T13:56:37.608+0000] {processor.py:839} INFO - DAG(s) dict_keys(['example_sensors']) retrieved from /home/airflow/.local/lib/python3.10/site-packages/airflow/example_dags/example_sensors.py
[2026-06-08T13:56:37.645+0000] {logging_mixin.py:154} INFO - [2026-06-08T13:56:37.645+0000] {dag.py:2941} INFO - Sync 1 DAGs
[2026-06-08T13:56:37.664+0000] {logging_mixin.py:154} INFO - [2026-06-08T13:56:37.664+0000] {dag.py:3722} INFO - Setting next_dagrun for example_sensors to None, run_after=None
[2026-06-08T13:56:37.688+0000] {processor.py:179} INFO - Processing /home/airflow/.local/lib/python3.10/site-packages/airflow/example_dags/example_sensors.py took 0.103 seconds
[2026-06-08T13:57:08.470+0000] {processor.py:157} INFO - Started process (PID=2010) to work on /home/airflow/.local/lib/python3.10/site-packages/airflow/example_dags/example_sensors.py
[2026-06-08T13:57:08.474+0000] {processor.py:829} INFO - Processing file /home/airflow/.local/lib/python3.10/site-packages/airflow/example_dags/example_sensors.py for tasks to queue
[2026-06-08T13:57:08.475+0000] {logging_mixin.py:154} INFO - [2026-06-08T13:57:08.475+0000] {dagbag.py:536} INFO - Filling up the DagBag from /home/airflow/.local/lib/python3.10/site-packages/airflow/example_dags/example_sensors.py
[2026-06-08T13:57:08.512+0000] {processor.py:839} INFO - DAG(s) dict_keys(['example_sensors']) retrieved from /home/airflow/.local/lib/python3.10/site-packages/airflow/example_dags/example_sensors.py
[2026-06-08T13:57:08.558+0000] {logging_mixin.py:154} INFO - [2026-06-08T13:57:08.557+0000] {dag.py:2941} INFO - Sync 1 DAGs
[2026-06-08T13:57:08.576+0000] {logging_mixin.py:154} INFO - [2026-06-08T13:57:08.575+0000] {dag.py:3722} INFO - Setting next_dagrun for example_sensors to None, run_after=None
[2026-06-08T13:57:08.636+0000] {processor.py:179} INFO - Processing /home/airflow/.local/lib/python3.10/site-packages/airflow/example_dags/example_sensors.py took 0.171 seconds
[2026-06-08T13:57:38.738+0000] {processor.py:157} INFO - Started process (PID=2059) to work on /home/airflow/.local/lib/python3.10/site-packages/airflow/example_dags/example_sensors.py
[2026-06-08T13:57:38.739+0000] {processor.py:829} INFO - Processing file /home/airflow/.local/lib/python3.10/site-packages/airflow/example_dags/example_sensors.py for tasks to queue
[2026-06-08T13:57:38.740+0000] {logging_mixin.py:154} INFO - [2026-06-08T13:57:38.739+0000] {dagbag.py:536} INFO - Filling up the DagBag from /home/airflow/.local/lib/python3.10/site-packages/airflow/example_dags/example_sensors.py
[2026-06-08T13:57:38.751+0000] {processor.py:839} INFO - DAG(s) dict_keys(['example_sensors']) retrieved from /home/airflow/.local/lib/python3.10/site-packages/airflow/example_dags/example_sensors.py
[2026-06-08T13:57:38.778+0000] {logging_mixin.py:154} INFO - [2026-06-08T13:57:38.778+0000] {dag.py:2941} INFO - Sync 1 DAGs
[2026-06-08T13:57:38.792+0000] {logging_mixin.py:154} INFO - [2026-06-08T13:57:38.792+0000] {dag.py:3722} INFO - Setting next_dagrun for example_sensors to None, run_after=None
[2026-06-08T13:57:38.812+0000] {processor.py:179} INFO - Processing /home/airflow/.local/lib/python3.10/site-packages/airflow/example_dags/example_sensors.py took 0.079 seconds
[2026-06-08T13:58:09.215+0000] {processor.py:157} INFO - Started process (PID=2108) to work on /home/airflow/.local/lib/python3.10/site-packages/airflow/example_dags/example_sensors.py
[2026-06-08T13:58:09.216+0000] {processor.py:829} INFO - Processing file /home/airflow/.local/lib/python3.10/site-packages/airflow/example_dags/example_sensors.py for tasks to queue
[2026-06-08T13:58:09.217+0000] {logging_mixin.py:154} INFO - [2026-06-08T13:58:09.217+0000] {dagbag.py:536} INFO - Filling up the DagBag from /home/airflow/.local/lib/python3.10/site-packages/airflow/example_dags/example_sensors.py
[2026-06-08T13:58:09.238+0000] {processor.py:839} INFO - DAG(s) dict_keys(['example_sensors']) retrieved from /home/airflow/.local/lib/python3.10/site-packages/airflow/example_dags/example_sensors.py
[2026-06-08T13:58:09.291+0000] {logging_mixin.py:154} INFO - [2026-06-08T13:58:09.291+0000] {dag.py:2941} INFO - Sync 1 DAGs
[2026-06-08T13:58:09.321+0000] {logging_mixin.py:154} INFO - [2026-06-08T13:58:09.321+0000] {dag.py:3722} INFO - Setting next_dagrun for example_sensors to None, run_after=None
[2026-06-08T13:58:09.363+0000] {processor.py:179} INFO - Processing /home/airflow/.local/lib/python3.10/site-packages/airflow/example_dags/example_sensors.py took 0.154 seconds
[2026-06-08T13:58:39.829+0000] {processor.py:157} INFO - Started process (PID=2157) to work on /home/airflow/.local/lib/python3.10/site-packages/airflow/example_dags/example_sensors.py
[2026-06-08T13:58:39.833+0000] {processor.py:829} INFO - Processing file /home/airflow/.local/lib/python3.10/site-packages/airflow/example_dags/example_sensors.py for tasks to queue
[2026-06-08T13:58:39.834+0000] {logging_mixin.py:154} INFO - [2026-06-08T13:58:39.834+0000] {dagbag.py:536} INFO - Filling up the DagBag from /home/airflow/.local/lib/python3.10/site-packages/airflow/example_dags/example_sensors.py
[2026-06-08T13:58:39.856+0000] {processor.py:839} INFO - DAG(s) dict_keys(['example_sensors']) retrieved from /home/airflow/.local/lib/python3.10/site-packages/airflow/example_dags/example_sensors.py
[2026-06-08T13:58:39.910+0000] {logging_mixin.py:154} INFO - [2026-06-08T13:58:39.908+0000] {dag.py:2941} INFO - Sync 1 DAGs
[2026-06-08T13:58:39.940+0000] {logging_mixin.py:154} INFO - [2026-06-08T13:58:39.940+0000] {dag.py:3722} INFO - Setting next_dagrun for example_sensors to None, run_after=None
[2026-06-08T13:58:39.988+0000] {processor.py:179} INFO - Processing /home/airflow/.local/lib/python3.10/site-packages/airflow/example_dags/example_sensors.py took 0.164 seconds
[2026-06-08T13:59:10.171+0000] {processor.py:157} INFO - Started process (PID=2207) to work on /home/airflow/.local/lib/python3.10/site-packages/airflow/example_dags/example_sensors.py
[2026-06-08T13:59:10.179+0000] {processor.py:829} INFO - Processing file /home/airflow/.local/lib/python3.10/site-packages/airflow/example_dags/example_sensors.py for tasks to queue
[2026-06-08T13:59:10.181+0000] {logging_mixin.py:154} INFO - [2026-06-08T13:59:10.180+0000] {dagbag.py:536} INFO - Filling up the DagBag from /home/airflow/.local/lib/python3.10/site-packages/airflow/example_dags/example_sensors.py
[2026-06-08T13:59:10.202+0000] {processor.py:839} INFO - DAG(s) dict_keys(['example_sensors']) retrieved from /home/airflow/.local/lib/python3.10/site-packages/airflow/example_dags/example_sensors.py
[2026-06-08T13:59:10.239+0000] {logging_mixin.py:154} INFO - [2026-06-08T13:59:10.239+0000] {dag.py:2941} INFO - Sync 1 DAGs
[2026-06-08T13:59:10.257+0000] {logging_mixin.py:154} INFO - [2026-06-08T13:59:10.257+0000] {dag.py:3722} INFO - Setting next_dagrun for example_sensors to None, run_after=None
[2026-06-08T13:59:10.281+0000] {processor.py:179} INFO - Processing /home/airflow/.local/lib/python3.10/site-packages/airflow/example_dags/example_sensors.py took 0.120 seconds
[2026-06-08T13:59:40.664+0000] {processor.py:157} INFO - Started process (PID=2255) to work on /home/airflow/.local/lib/python3.10/site-packages/airflow/example_dags/example_sensors.py
[2026-06-08T13:59:40.671+0000] {processor.py:829} INFO - Processing file /home/airflow/.local/lib/python3.10/site-packages/airflow/example_dags/example_sensors.py for tasks to queue
[2026-06-08T13:59:40.678+0000] {logging_mixin.py:154} INFO - [2026-06-08T13:59:40.678+0000] {dagbag.py:536} INFO - Filling up the DagBag from /home/airflow/.local/lib/python3.10/site-packages/airflow/example_dags/example_sensors.py
[2026-06-08T13:59:40.721+0000] {processor.py:839} INFO - DAG(s) dict_keys(['example_sensors']) retrieved from /home/airflow/.local/lib/python3.10/site-packages/airflow/example_dags/example_sensors.py
[2026-06-08T13:59:40.853+0000] {logging_mixin.py:154} INFO - [2026-06-08T13:59:40.853+0000] {dag.py:2941} INFO - Sync 1 DAGs
[2026-06-08T13:59:40.912+0000] {logging_mixin.py:154} INFO - [2026-06-08T13:59:40.912+0000] {dag.py:3722} INFO - Setting next_dagrun for example_sensors to None, run_after=None
[2026-06-08T13:59:40.955+0000] {processor.py:179} INFO - Processing /home/airflow/.local/lib/python3.10/site-packages/airflow/example_dags/example_sensors.py took 0.296 seconds
[2026-06-08T14:00:11.775+0000] {processor.py:157} INFO - Started process (PID=2304) to work on /home/airflow/.local/lib/python3.10/site-packages/airflow/example_dags/example_sensors.py
[2026-06-08T14:00:11.776+0000] {processor.py:829} INFO - Processing file /home/airflow/.local/lib/python3.10/site-packages/airflow/example_dags/example_sensors.py for tasks to queue
[2026-06-08T14:00:11.778+0000] {logging_mixin.py:154} INFO - [2026-06-08T14:00:11.777+0000] {dagbag.py:536} INFO - Filling up the DagBag from /home/airflow/.local/lib/python3.10/site-packages/airflow/example_dags/example_sensors.py
[2026-06-08T14:00:11.812+0000] {processor.py:839} INFO - DAG(s) dict_keys(['example_sensors']) retrieved from /home/airflow/.local/lib/python3.10/site-packages/airflow/example_dags/example_sensors.py
[2026-06-08T14:00:11.924+0000] {logging_mixin.py:154} INFO - [2026-06-08T14:00:11.924+0000] {dag.py:2941} INFO - Sync 1 DAGs
[2026-06-08T14:00:11.952+0000] {logging_mixin.py:154} INFO - [2026-06-08T14:00:11.952+0000] {dag.py:3722} INFO - Setting next_dagrun for example_sensors to None, run_after=None
[2026-06-08T14:00:12.030+0000] {processor.py:179} INFO - Processing /home/airflow/.local/lib/python3.10/site-packages/airflow/example_dags/example_sensors.py took 0.261 seconds
[2026-06-08T14:00:42.505+0000] {processor.py:157} INFO - Started process (PID=2354) to work on /home/airflow/.local/lib/python3.10/site-packages/airflow/example_dags/example_sensors.py
[2026-06-08T14:00:42.518+0000] {processor.py:829} INFO - Processing file /home/airflow/.local/lib/python3.10/site-packages/airflow/example_dags/example_sensors.py for tasks to queue
[2026-06-08T14:00:42.519+0000] {logging_mixin.py:154} INFO - [2026-06-08T14:00:42.518+0000] {dagbag.py:536} INFO - Filling up the DagBag from /home/airflow/.local/lib/python3.10/site-packages/airflow/example_dags/example_sensors.py
[2026-06-08T14:00:42.543+0000] {processor.py:839} INFO - DAG(s) dict_keys(['example_sensors']) retrieved from /home/airflow/.local/lib/python3.10/site-packages/airflow/example_dags/example_sensors.py
[2026-06-08T14:00:42.610+0000] {logging_mixin.py:154} INFO - [2026-06-08T14:00:42.610+0000] {dag.py:2941} INFO - Sync 1 DAGs
[2026-06-08T14:00:42.646+0000] {logging_mixin.py:154} INFO - [2026-06-08T14:00:42.646+0000] {dag.py:3722} INFO - Setting next_dagrun for example_sensors to None, run_after=None
[2026-06-08T14:00:42.683+0000] {processor.py:179} INFO - Processing /home/airflow/.local/lib/python3.10/site-packages/airflow/example_dags/example_sensors.py took 0.187 seconds
[2026-06-08T14:01:13.453+0000] {processor.py:157} INFO - Started process (PID=2403) to work on /home/airflow/.local/lib/python3.10/site-packages/airflow/example_dags/example_sensors.py
[2026-06-08T14:01:13.462+0000] {processor.py:829} INFO - Processing file /home/airflow/.local/lib/python3.10/site-packages/airflow/example_dags/example_sensors.py for tasks to queue
[2026-06-08T14:01:13.471+0000] {logging_mixin.py:154} INFO - [2026-06-08T14:01:13.469+0000] {dagbag.py:536} INFO - Filling up the DagBag from /home/airflow/.local/lib/python3.10/site-packages/airflow/example_dags/example_sensors.py
[2026-06-08T14:01:13.535+0000] {processor.py:839} INFO - DAG(s) dict_keys(['example_sensors']) retrieved from /home/airflow/.local/lib/python3.10/site-packages/airflow/example_dags/example_sensors.py
[2026-06-08T14:01:13.631+0000] {logging_mixin.py:154} INFO - [2026-06-08T14:01:13.631+0000] {dag.py:2941} INFO - Sync 1 DAGs
[2026-06-08T14:01:13.649+0000] {logging_mixin.py:154} INFO - [2026-06-08T14:01:13.649+0000] {dag.py:3722} INFO - Setting next_dagrun for example_sensors to None, run_after=None
[2026-06-08T14:01:13.697+0000] {processor.py:179} INFO - Processing /home/airflow/.local/lib/python3.10/site-packages/airflow/example_dags/example_sensors.py took 0.300 seconds
[2026-06-08T14:01:44.254+0000] {processor.py:157} INFO - Started process (PID=2452) to work on /home/airflow/.local/lib/python3.10/site-packages/airflow/example_dags/example_sensors.py
[2026-06-08T14:01:44.256+0000] {processor.py:829} INFO - Processing file /home/airflow/.local/lib/python3.10/site-packages/airflow/example_dags/example_sensors.py for tasks to queue
[2026-06-08T14:01:44.257+0000] {logging_mixin.py:154} INFO - [2026-06-08T14:01:44.257+0000] {dagbag.py:536} INFO - Filling up the DagBag from /home/airflow/.local/lib/python3.10/site-packages/airflow/example_dags/example_sensors.py
[2026-06-08T14:01:44.272+0000] {processor.py:839} INFO - DAG(s) dict_keys(['example_sensors']) retrieved from /home/airflow/.local/lib/python3.10/site-packages/airflow/example_dags/example_sensors.py
[2026-06-08T14:01:44.311+0000] {logging_mixin.py:154} INFO - [2026-06-08T14:01:44.311+0000] {dag.py:2941} INFO - Sync 1 DAGs
[2026-06-08T14:01:44.329+0000] {logging_mixin.py:154} INFO - [2026-06-08T14:01:44.329+0000] {dag.py:3722} INFO - Setting next_dagrun for example_sensors to None, run_after=None
[2026-06-08T14:01:44.352+0000] {processor.py:179} INFO - Processing /home/airflow/.local/lib/python3.10/site-packages/airflow/example_dags/example_sensors.py took 0.104 seconds
[2026-06-08T14:02:14.595+0000] {processor.py:157} INFO - Started process (PID=2501) to work on /home/airflow/.local/lib/python3.10/site-packages/airflow/example_dags/example_sensors.py
[2026-06-08T14:02:14.605+0000] {processor.py:829} INFO - Processing file /home/airflow/.local/lib/python3.10/site-packages/airflow/example_dags/example_sensors.py for tasks to queue
[2026-06-08T14:02:14.606+0000] {logging_mixin.py:154} INFO - [2026-06-08T14:02:14.606+0000] {dagbag.py:536} INFO - Filling up the DagBag from /home/airflow/.local/lib/python3.10/site-packages/airflow/example_dags/example_sensors.py
[2026-06-08T14:02:14.637+0000] {processor.py:839} INFO - DAG(s) dict_keys(['example_sensors']) retrieved from /home/airflow/.local/lib/python3.10/site-packages/airflow/example_dags/example_sensors.py
[2026-06-08T14:02:14.674+0000] {logging_mixin.py:154} INFO - [2026-06-08T14:02:14.674+0000] {dag.py:2941} INFO - Sync 1 DAGs
[2026-06-08T14:02:14.692+0000] {logging_mixin.py:154} INFO - [2026-06-08T14:02:14.692+0000] {dag.py:3722} INFO - Setting next_dagrun for example_sensors to None, run_after=None
[2026-06-08T14:02:14.717+0000] {processor.py:179} INFO - Processing /home/airflow/.local/lib/python3.10/site-packages/airflow/example_dags/example_sensors.py took 0.132 seconds
[2026-06-08T14:02:45.042+0000] {processor.py:157} INFO - Started process (PID=2550) to work on /home/airflow/.local/lib/python3.10/site-packages/airflow/example_dags/example_sensors.py
[2026-06-08T14:02:45.054+0000] {processor.py:829} INFO - Processing file /home/airflow/.local/lib/python3.10/site-packages/airflow/example_dags/example_sensors.py for tasks to queue
[2026-06-08T14:02:45.055+0000] {logging_mixin.py:154} INFO - [2026-06-08T14:02:45.055+0000] {dagbag.py:536} INFO - Filling up the DagBag from /home/airflow/.local/lib/python3.10/site-packages/airflow/example_dags/example_sensors.py
[2026-06-08T14:02:45.125+0000] {processor.py:839} INFO - DAG(s) dict_keys(['example_sensors']) retrieved from /home/airflow/.local/lib/python3.10/site-packages/airflow/example_dags/example_sensors.py
[2026-06-08T14:02:45.295+0000] {logging_mixin.py:154} INFO - [2026-06-08T14:02:45.294+0000] {dag.py:2941} INFO - Sync 1 DAGs
[2026-06-08T14:02:45.365+0000] {logging_mixin.py:154} INFO - [2026-06-08T14:02:45.365+0000] {dag.py:3722} INFO - Setting next_dagrun for example_sensors to None, run_after=None
[2026-06-08T14:02:45.470+0000] {processor.py:179} INFO - Processing /home/airflow/.local/lib/python3.10/site-packages/airflow/example_dags/example_sensors.py took 0.444 seconds
[2026-06-08T14:03:15.958+0000] {processor.py:157} INFO - Started process (PID=2600) to work on /home/airflow/.local/lib/python3.10/site-packages/airflow/example_dags/example_sensors.py
[2026-06-08T14:03:15.962+0000] {processor.py:829} INFO - Processing file /home/airflow/.local/lib/python3.10/site-packages/airflow/example_dags/example_sensors.py for tasks to queue
[2026-06-08T14:03:15.963+0000] {logging_mixin.py:154} INFO - [2026-06-08T14:03:15.963+0000] {dagbag.py:536} INFO - Filling up the DagBag from /home/airflow/.local/lib/python3.10/site-packages/airflow/example_dags/example_sensors.py
[2026-06-08T14:03:15.981+0000] {processor.py:839} INFO - DAG(s) dict_keys(['example_sensors']) retrieved from /home/airflow/.local/lib/python3.10/site-packages/airflow/example_dags/example_sensors.py
[2026-06-08T14:03:16.032+0000] {logging_mixin.py:154} INFO - [2026-06-08T14:03:16.032+0000] {dag.py:2941} INFO - Sync 1 DAGs
[2026-06-08T14:03:16.065+0000] {logging_mixin.py:154} INFO - [2026-06-08T14:03:16.065+0000] {dag.py:3722} INFO - Setting next_dagrun for example_sensors to None, run_after=None
[2026-06-08T14:03:16.094+0000] {processor.py:179} INFO - Processing /home/airflow/.local/lib/python3.10/site-packages/airflow/example_dags/example_sensors.py took 0.151 seconds
[2026-06-08T14:03:46.940+0000] {processor.py:157} INFO - Started process (PID=2649) to work on /home/airflow/.local/lib/python3.10/site-packages/airflow/example_dags/example_sensors.py
[2026-06-08T14:03:46.942+0000] {processor.py:829} INFO - Processing file /home/airflow/.local/lib/python3.10/site-packages/airflow/example_dags/example_sensors.py for tasks to queue
[2026-06-08T14:03:46.943+0000] {logging_mixin.py:154} INFO - [2026-06-08T14:03:46.942+0000] {dagbag.py:536} INFO - Filling up the DagBag from /home/airflow/.local/lib/python3.10/site-packages/airflow/example_dags/example_sensors.py
[2026-06-08T14:03:46.959+0000] {processor.py:839} INFO - DAG(s) dict_keys(['example_sensors']) retrieved from /home/airflow/.local/lib/python3.10/site-packages/airflow/example_dags/example_sensors.py
[2026-06-08T14:03:47.043+0000] {logging_mixin.py:154} INFO - [2026-06-08T14:03:47.043+0000] {dag.py:2941} INFO - Sync 1 DAGs
[2026-06-08T14:03:47.063+0000] {logging_mixin.py:154} INFO - [2026-06-08T14:03:47.062+0000] {dag.py:3722} INFO - Setting next_dagrun for example_sensors to None, run_after=None
[2026-06-08T14:03:47.089+0000] {processor.py:179} INFO - Processing /home/airflow/.local/lib/python3.10/site-packages/airflow/example_dags/example_sensors.py took 0.153 seconds
