[2026-06-08T12:43:20.744+0000] {processor.py:157} INFO - Started process (PID=42) to work on /home/airflow/.local/lib/python3.8/site-packages/airflow/example_dags/example_dynamic_task_mapping.py
[2026-06-08T12:43:20.745+0000] {processor.py:829} INFO - Processing file /home/airflow/.local/lib/python3.8/site-packages/airflow/example_dags/example_dynamic_task_mapping.py for tasks to queue
[2026-06-08T12:43:20.792+0000] {logging_mixin.py:154} INFO - [2026-06-08T12:43:20.791+0000] {dagbag.py:536} INFO - Filling up the DagBag from /home/airflow/.local/lib/python3.8/site-packages/airflow/example_dags/example_dynamic_task_mapping.py
[2026-06-08T12:43:20.882+0000] {processor.py:839} INFO - DAG(s) dict_keys(['example_dynamic_task_mapping']) retrieved from /home/airflow/.local/lib/python3.8/site-packages/airflow/example_dags/example_dynamic_task_mapping.py
[2026-06-08T12:43:21.054+0000] {logging_mixin.py:154} INFO - [2026-06-08T12:43:21.054+0000] {dag.py:2941} INFO - Sync 1 DAGs
[2026-06-08T12:43:21.247+0000] {logging_mixin.py:154} INFO - [2026-06-08T12:43:21.247+0000] {dag.py:3722} INFO - Setting next_dagrun for example_dynamic_task_mapping to 2022-03-04T00:00:00+00:00, run_after=2022-03-05T00:00:00+00:00
[2026-06-08T12:43:21.420+0000] {processor.py:179} INFO - Processing /home/airflow/.local/lib/python3.8/site-packages/airflow/example_dags/example_dynamic_task_mapping.py took 0.745 seconds
[2026-06-08T12:43:51.805+0000] {processor.py:157} INFO - Started process (PID=90) to work on /home/airflow/.local/lib/python3.8/site-packages/airflow/example_dags/example_dynamic_task_mapping.py
[2026-06-08T12:43:51.811+0000] {processor.py:829} INFO - Processing file /home/airflow/.local/lib/python3.8/site-packages/airflow/example_dags/example_dynamic_task_mapping.py for tasks to queue
[2026-06-08T12:43:51.815+0000] {logging_mixin.py:154} INFO - [2026-06-08T12:43:51.814+0000] {dagbag.py:536} INFO - Filling up the DagBag from /home/airflow/.local/lib/python3.8/site-packages/airflow/example_dags/example_dynamic_task_mapping.py
[2026-06-08T12:43:51.824+0000] {processor.py:839} INFO - DAG(s) dict_keys(['example_dynamic_task_mapping']) retrieved from /home/airflow/.local/lib/python3.8/site-packages/airflow/example_dags/example_dynamic_task_mapping.py
[2026-06-08T12:43:51.948+0000] {logging_mixin.py:154} INFO - [2026-06-08T12:43:51.948+0000] {dag.py:2941} INFO - Sync 1 DAGs
[2026-06-08T12:43:52.060+0000] {logging_mixin.py:154} INFO - [2026-06-08T12:43:52.060+0000] {dag.py:3722} INFO - Setting next_dagrun for example_dynamic_task_mapping to 2022-03-04T00:00:00+00:00, run_after=2022-03-05T00:00:00+00:00
[2026-06-08T12:43:52.130+0000] {processor.py:179} INFO - Processing /home/airflow/.local/lib/python3.8/site-packages/airflow/example_dags/example_dynamic_task_mapping.py took 0.330 seconds
[2026-06-08T12:44:22.815+0000] {processor.py:157} INFO - Started process (PID=138) to work on /home/airflow/.local/lib/python3.8/site-packages/airflow/example_dags/example_dynamic_task_mapping.py
[2026-06-08T12:44:22.821+0000] {processor.py:829} INFO - Processing file /home/airflow/.local/lib/python3.8/site-packages/airflow/example_dags/example_dynamic_task_mapping.py for tasks to queue
[2026-06-08T12:44:22.823+0000] {logging_mixin.py:154} INFO - [2026-06-08T12:44:22.822+0000] {dagbag.py:536} INFO - Filling up the DagBag from /home/airflow/.local/lib/python3.8/site-packages/airflow/example_dags/example_dynamic_task_mapping.py
[2026-06-08T12:44:22.852+0000] {processor.py:839} INFO - DAG(s) dict_keys(['example_dynamic_task_mapping']) retrieved from /home/airflow/.local/lib/python3.8/site-packages/airflow/example_dags/example_dynamic_task_mapping.py
[2026-06-08T12:44:22.966+0000] {logging_mixin.py:154} INFO - [2026-06-08T12:44:22.966+0000] {dag.py:2941} INFO - Sync 1 DAGs
[2026-06-08T12:44:23.073+0000] {logging_mixin.py:154} INFO - [2026-06-08T12:44:23.073+0000] {dag.py:3722} INFO - Setting next_dagrun for example_dynamic_task_mapping to 2022-03-04T00:00:00+00:00, run_after=2022-03-05T00:00:00+00:00
[2026-06-08T12:44:23.119+0000] {processor.py:179} INFO - Processing /home/airflow/.local/lib/python3.8/site-packages/airflow/example_dags/example_dynamic_task_mapping.py took 0.310 seconds
[2026-06-08T12:44:53.696+0000] {processor.py:157} INFO - Started process (PID=186) to work on /home/airflow/.local/lib/python3.8/site-packages/airflow/example_dags/example_dynamic_task_mapping.py
[2026-06-08T12:44:53.697+0000] {processor.py:829} INFO - Processing file /home/airflow/.local/lib/python3.8/site-packages/airflow/example_dags/example_dynamic_task_mapping.py for tasks to queue
[2026-06-08T12:44:53.711+0000] {logging_mixin.py:154} INFO - [2026-06-08T12:44:53.710+0000] {dagbag.py:536} INFO - Filling up the DagBag from /home/airflow/.local/lib/python3.8/site-packages/airflow/example_dags/example_dynamic_task_mapping.py
[2026-06-08T12:44:53.762+0000] {processor.py:839} INFO - DAG(s) dict_keys(['example_dynamic_task_mapping']) retrieved from /home/airflow/.local/lib/python3.8/site-packages/airflow/example_dags/example_dynamic_task_mapping.py
[2026-06-08T12:44:53.838+0000] {logging_mixin.py:154} INFO - [2026-06-08T12:44:53.838+0000] {dag.py:2941} INFO - Sync 1 DAGs
[2026-06-08T12:44:53.897+0000] {logging_mixin.py:154} INFO - [2026-06-08T12:44:53.897+0000] {dag.py:3722} INFO - Setting next_dagrun for example_dynamic_task_mapping to 2022-03-04T00:00:00+00:00, run_after=2022-03-05T00:00:00+00:00
[2026-06-08T12:44:53.942+0000] {processor.py:179} INFO - Processing /home/airflow/.local/lib/python3.8/site-packages/airflow/example_dags/example_dynamic_task_mapping.py took 0.264 seconds
[2026-06-08T12:45:24.664+0000] {processor.py:157} INFO - Started process (PID=234) to work on /home/airflow/.local/lib/python3.8/site-packages/airflow/example_dags/example_dynamic_task_mapping.py
[2026-06-08T12:45:24.669+0000] {processor.py:829} INFO - Processing file /home/airflow/.local/lib/python3.8/site-packages/airflow/example_dags/example_dynamic_task_mapping.py for tasks to queue
[2026-06-08T12:45:24.670+0000] {logging_mixin.py:154} INFO - [2026-06-08T12:45:24.670+0000] {dagbag.py:536} INFO - Filling up the DagBag from /home/airflow/.local/lib/python3.8/site-packages/airflow/example_dags/example_dynamic_task_mapping.py
[2026-06-08T12:45:24.704+0000] {processor.py:839} INFO - DAG(s) dict_keys(['example_dynamic_task_mapping']) retrieved from /home/airflow/.local/lib/python3.8/site-packages/airflow/example_dags/example_dynamic_task_mapping.py
[2026-06-08T12:45:24.822+0000] {logging_mixin.py:154} INFO - [2026-06-08T12:45:24.822+0000] {dag.py:2941} INFO - Sync 1 DAGs
[2026-06-08T12:45:24.929+0000] {logging_mixin.py:154} INFO - [2026-06-08T12:45:24.928+0000] {dag.py:3722} INFO - Setting next_dagrun for example_dynamic_task_mapping to 2022-03-04T00:00:00+00:00, run_after=2022-03-05T00:00:00+00:00
[2026-06-08T12:45:25.130+0000] {processor.py:179} INFO - Processing /home/airflow/.local/lib/python3.8/site-packages/airflow/example_dags/example_dynamic_task_mapping.py took 0.479 seconds
[2026-06-08T12:48:04.459+0000] {processor.py:157} INFO - Started process (PID=42) to work on /home/airflow/.local/lib/python3.8/site-packages/airflow/example_dags/example_dynamic_task_mapping.py
[2026-06-08T12:48:04.465+0000] {processor.py:829} INFO - Processing file /home/airflow/.local/lib/python3.8/site-packages/airflow/example_dags/example_dynamic_task_mapping.py for tasks to queue
[2026-06-08T12:48:04.491+0000] {logging_mixin.py:154} INFO - [2026-06-08T12:48:04.491+0000] {dagbag.py:536} INFO - Filling up the DagBag from /home/airflow/.local/lib/python3.8/site-packages/airflow/example_dags/example_dynamic_task_mapping.py
[2026-06-08T12:48:04.548+0000] {processor.py:839} INFO - DAG(s) dict_keys(['example_dynamic_task_mapping']) retrieved from /home/airflow/.local/lib/python3.8/site-packages/airflow/example_dags/example_dynamic_task_mapping.py
[2026-06-08T12:48:04.802+0000] {logging_mixin.py:154} INFO - [2026-06-08T12:48:04.802+0000] {dag.py:2941} INFO - Sync 1 DAGs
[2026-06-08T12:48:04.966+0000] {logging_mixin.py:154} INFO - [2026-06-08T12:48:04.966+0000] {dag.py:3722} INFO - Setting next_dagrun for example_dynamic_task_mapping to 2022-03-04T00:00:00+00:00, run_after=2022-03-05T00:00:00+00:00
[2026-06-08T12:48:05.065+0000] {processor.py:179} INFO - Processing /home/airflow/.local/lib/python3.8/site-packages/airflow/example_dags/example_dynamic_task_mapping.py took 0.667 seconds
[2026-06-08T12:48:35.933+0000] {processor.py:157} INFO - Started process (PID=90) to work on /home/airflow/.local/lib/python3.8/site-packages/airflow/example_dags/example_dynamic_task_mapping.py
[2026-06-08T12:48:35.941+0000] {processor.py:829} INFO - Processing file /home/airflow/.local/lib/python3.8/site-packages/airflow/example_dags/example_dynamic_task_mapping.py for tasks to queue
[2026-06-08T12:48:35.944+0000] {logging_mixin.py:154} INFO - [2026-06-08T12:48:35.944+0000] {dagbag.py:536} INFO - Filling up the DagBag from /home/airflow/.local/lib/python3.8/site-packages/airflow/example_dags/example_dynamic_task_mapping.py
[2026-06-08T12:48:35.978+0000] {processor.py:839} INFO - DAG(s) dict_keys(['example_dynamic_task_mapping']) retrieved from /home/airflow/.local/lib/python3.8/site-packages/airflow/example_dags/example_dynamic_task_mapping.py
[2026-06-08T12:48:36.067+0000] {logging_mixin.py:154} INFO - [2026-06-08T12:48:36.067+0000] {dag.py:2941} INFO - Sync 1 DAGs
[2026-06-08T12:48:36.125+0000] {logging_mixin.py:154} INFO - [2026-06-08T12:48:36.124+0000] {dag.py:3722} INFO - Setting next_dagrun for example_dynamic_task_mapping to 2022-03-04T00:00:00+00:00, run_after=2022-03-05T00:00:00+00:00
[2026-06-08T12:48:36.172+0000] {processor.py:179} INFO - Processing /home/airflow/.local/lib/python3.8/site-packages/airflow/example_dags/example_dynamic_task_mapping.py took 0.252 seconds
[2026-06-08T12:49:06.838+0000] {processor.py:157} INFO - Started process (PID=138) to work on /home/airflow/.local/lib/python3.8/site-packages/airflow/example_dags/example_dynamic_task_mapping.py
[2026-06-08T12:49:06.842+0000] {processor.py:829} INFO - Processing file /home/airflow/.local/lib/python3.8/site-packages/airflow/example_dags/example_dynamic_task_mapping.py for tasks to queue
[2026-06-08T12:49:06.845+0000] {logging_mixin.py:154} INFO - [2026-06-08T12:49:06.844+0000] {dagbag.py:536} INFO - Filling up the DagBag from /home/airflow/.local/lib/python3.8/site-packages/airflow/example_dags/example_dynamic_task_mapping.py
[2026-06-08T12:49:06.854+0000] {processor.py:839} INFO - DAG(s) dict_keys(['example_dynamic_task_mapping']) retrieved from /home/airflow/.local/lib/python3.8/site-packages/airflow/example_dags/example_dynamic_task_mapping.py
[2026-06-08T12:49:06.883+0000] {logging_mixin.py:154} INFO - [2026-06-08T12:49:06.883+0000] {dag.py:2941} INFO - Sync 1 DAGs
[2026-06-08T12:49:06.917+0000] {logging_mixin.py:154} INFO - [2026-06-08T12:49:06.916+0000] {dag.py:3722} INFO - Setting next_dagrun for example_dynamic_task_mapping to 2022-03-04T00:00:00+00:00, run_after=2022-03-05T00:00:00+00:00
[2026-06-08T12:49:06.948+0000] {processor.py:179} INFO - Processing /home/airflow/.local/lib/python3.8/site-packages/airflow/example_dags/example_dynamic_task_mapping.py took 0.115 seconds
[2026-06-08T12:49:37.189+0000] {processor.py:157} INFO - Started process (PID=186) to work on /home/airflow/.local/lib/python3.8/site-packages/airflow/example_dags/example_dynamic_task_mapping.py
[2026-06-08T12:49:37.192+0000] {processor.py:829} INFO - Processing file /home/airflow/.local/lib/python3.8/site-packages/airflow/example_dags/example_dynamic_task_mapping.py for tasks to queue
[2026-06-08T12:49:37.198+0000] {logging_mixin.py:154} INFO - [2026-06-08T12:49:37.198+0000] {dagbag.py:536} INFO - Filling up the DagBag from /home/airflow/.local/lib/python3.8/site-packages/airflow/example_dags/example_dynamic_task_mapping.py
[2026-06-08T12:49:37.220+0000] {processor.py:839} INFO - DAG(s) dict_keys(['example_dynamic_task_mapping']) retrieved from /home/airflow/.local/lib/python3.8/site-packages/airflow/example_dags/example_dynamic_task_mapping.py
[2026-06-08T12:49:37.268+0000] {logging_mixin.py:154} INFO - [2026-06-08T12:49:37.268+0000] {dag.py:2941} INFO - Sync 1 DAGs
[2026-06-08T12:49:37.335+0000] {logging_mixin.py:154} INFO - [2026-06-08T12:49:37.334+0000] {dag.py:3722} INFO - Setting next_dagrun for example_dynamic_task_mapping to 2022-03-04T00:00:00+00:00, run_after=2022-03-05T00:00:00+00:00
[2026-06-08T12:49:37.379+0000] {processor.py:179} INFO - Processing /home/airflow/.local/lib/python3.8/site-packages/airflow/example_dags/example_dynamic_task_mapping.py took 0.199 seconds
[2026-06-08T12:50:07.452+0000] {processor.py:157} INFO - Started process (PID=234) to work on /home/airflow/.local/lib/python3.8/site-packages/airflow/example_dags/example_dynamic_task_mapping.py
[2026-06-08T12:50:07.454+0000] {processor.py:829} INFO - Processing file /home/airflow/.local/lib/python3.8/site-packages/airflow/example_dags/example_dynamic_task_mapping.py for tasks to queue
[2026-06-08T12:50:07.457+0000] {logging_mixin.py:154} INFO - [2026-06-08T12:50:07.456+0000] {dagbag.py:536} INFO - Filling up the DagBag from /home/airflow/.local/lib/python3.8/site-packages/airflow/example_dags/example_dynamic_task_mapping.py
[2026-06-08T12:50:07.466+0000] {processor.py:839} INFO - DAG(s) dict_keys(['example_dynamic_task_mapping']) retrieved from /home/airflow/.local/lib/python3.8/site-packages/airflow/example_dags/example_dynamic_task_mapping.py
[2026-06-08T12:50:07.494+0000] {logging_mixin.py:154} INFO - [2026-06-08T12:50:07.494+0000] {dag.py:2941} INFO - Sync 1 DAGs
[2026-06-08T12:50:07.529+0000] {logging_mixin.py:154} INFO - [2026-06-08T12:50:07.528+0000] {dag.py:3722} INFO - Setting next_dagrun for example_dynamic_task_mapping to 2022-03-04T00:00:00+00:00, run_after=2022-03-05T00:00:00+00:00
[2026-06-08T12:50:07.561+0000] {processor.py:179} INFO - Processing /home/airflow/.local/lib/python3.8/site-packages/airflow/example_dags/example_dynamic_task_mapping.py took 0.114 seconds
[2026-06-08T12:50:38.866+0000] {processor.py:157} INFO - Started process (PID=282) to work on /home/airflow/.local/lib/python3.8/site-packages/airflow/example_dags/example_dynamic_task_mapping.py
[2026-06-08T12:50:38.870+0000] {processor.py:829} INFO - Processing file /home/airflow/.local/lib/python3.8/site-packages/airflow/example_dags/example_dynamic_task_mapping.py for tasks to queue
[2026-06-08T12:50:38.873+0000] {logging_mixin.py:154} INFO - [2026-06-08T12:50:38.872+0000] {dagbag.py:536} INFO - Filling up the DagBag from /home/airflow/.local/lib/python3.8/site-packages/airflow/example_dags/example_dynamic_task_mapping.py
[2026-06-08T12:50:38.882+0000] {processor.py:839} INFO - DAG(s) dict_keys(['example_dynamic_task_mapping']) retrieved from /home/airflow/.local/lib/python3.8/site-packages/airflow/example_dags/example_dynamic_task_mapping.py
[2026-06-08T12:50:38.910+0000] {logging_mixin.py:154} INFO - [2026-06-08T12:50:38.910+0000] {dag.py:2941} INFO - Sync 1 DAGs
[2026-06-08T12:50:38.943+0000] {logging_mixin.py:154} INFO - [2026-06-08T12:50:38.942+0000] {dag.py:3722} INFO - Setting next_dagrun for example_dynamic_task_mapping to 2022-03-04T00:00:00+00:00, run_after=2022-03-05T00:00:00+00:00
[2026-06-08T12:50:38.966+0000] {processor.py:179} INFO - Processing /home/airflow/.local/lib/python3.8/site-packages/airflow/example_dags/example_dynamic_task_mapping.py took 0.123 seconds
[2026-06-08T12:51:10.912+0000] {processor.py:157} INFO - Started process (PID=330) to work on /home/airflow/.local/lib/python3.8/site-packages/airflow/example_dags/example_dynamic_task_mapping.py
[2026-06-08T12:51:10.938+0000] {processor.py:829} INFO - Processing file /home/airflow/.local/lib/python3.8/site-packages/airflow/example_dags/example_dynamic_task_mapping.py for tasks to queue
[2026-06-08T12:51:10.976+0000] {logging_mixin.py:154} INFO - [2026-06-08T12:51:10.975+0000] {dagbag.py:536} INFO - Filling up the DagBag from /home/airflow/.local/lib/python3.8/site-packages/airflow/example_dags/example_dynamic_task_mapping.py
[2026-06-08T12:51:11.020+0000] {processor.py:839} INFO - DAG(s) dict_keys(['example_dynamic_task_mapping']) retrieved from /home/airflow/.local/lib/python3.8/site-packages/airflow/example_dags/example_dynamic_task_mapping.py
[2026-06-08T12:51:11.151+0000] {logging_mixin.py:154} INFO - [2026-06-08T12:51:11.151+0000] {dag.py:2941} INFO - Sync 1 DAGs
[2026-06-08T12:51:11.360+0000] {logging_mixin.py:154} INFO - [2026-06-08T12:51:11.360+0000] {dag.py:3722} INFO - Setting next_dagrun for example_dynamic_task_mapping to 2022-03-04T00:00:00+00:00, run_after=2022-03-05T00:00:00+00:00
[2026-06-08T12:51:11.466+0000] {processor.py:179} INFO - Processing /home/airflow/.local/lib/python3.8/site-packages/airflow/example_dags/example_dynamic_task_mapping.py took 0.617 seconds
[2026-06-08T12:51:42.299+0000] {processor.py:157} INFO - Started process (PID=377) to work on /home/airflow/.local/lib/python3.8/site-packages/airflow/example_dags/example_dynamic_task_mapping.py
[2026-06-08T12:51:42.303+0000] {processor.py:829} INFO - Processing file /home/airflow/.local/lib/python3.8/site-packages/airflow/example_dags/example_dynamic_task_mapping.py for tasks to queue
[2026-06-08T12:51:42.308+0000] {logging_mixin.py:154} INFO - [2026-06-08T12:51:42.307+0000] {dagbag.py:536} INFO - Filling up the DagBag from /home/airflow/.local/lib/python3.8/site-packages/airflow/example_dags/example_dynamic_task_mapping.py
[2026-06-08T12:51:42.330+0000] {processor.py:839} INFO - DAG(s) dict_keys(['example_dynamic_task_mapping']) retrieved from /home/airflow/.local/lib/python3.8/site-packages/airflow/example_dags/example_dynamic_task_mapping.py
[2026-06-08T12:51:42.384+0000] {logging_mixin.py:154} INFO - [2026-06-08T12:51:42.383+0000] {dag.py:2941} INFO - Sync 1 DAGs
[2026-06-08T12:51:42.451+0000] {logging_mixin.py:154} INFO - [2026-06-08T12:51:42.451+0000] {dag.py:3722} INFO - Setting next_dagrun for example_dynamic_task_mapping to 2022-03-04T00:00:00+00:00, run_after=2022-03-05T00:00:00+00:00
[2026-06-08T12:51:42.491+0000] {processor.py:179} INFO - Processing /home/airflow/.local/lib/python3.8/site-packages/airflow/example_dags/example_dynamic_task_mapping.py took 0.205 seconds
[2026-06-08T12:52:12.920+0000] {processor.py:157} INFO - Started process (PID=425) to work on /home/airflow/.local/lib/python3.8/site-packages/airflow/example_dags/example_dynamic_task_mapping.py
[2026-06-08T12:52:12.925+0000] {processor.py:829} INFO - Processing file /home/airflow/.local/lib/python3.8/site-packages/airflow/example_dags/example_dynamic_task_mapping.py for tasks to queue
[2026-06-08T12:52:12.933+0000] {logging_mixin.py:154} INFO - [2026-06-08T12:52:12.932+0000] {dagbag.py:536} INFO - Filling up the DagBag from /home/airflow/.local/lib/python3.8/site-packages/airflow/example_dags/example_dynamic_task_mapping.py
[2026-06-08T12:52:12.953+0000] {processor.py:839} INFO - DAG(s) dict_keys(['example_dynamic_task_mapping']) retrieved from /home/airflow/.local/lib/python3.8/site-packages/airflow/example_dags/example_dynamic_task_mapping.py
[2026-06-08T12:52:13.009+0000] {logging_mixin.py:154} INFO - [2026-06-08T12:52:13.009+0000] {dag.py:2941} INFO - Sync 1 DAGs
[2026-06-08T12:52:13.084+0000] {logging_mixin.py:154} INFO - [2026-06-08T12:52:13.084+0000] {dag.py:3722} INFO - Setting next_dagrun for example_dynamic_task_mapping to 2022-03-04T00:00:00+00:00, run_after=2022-03-05T00:00:00+00:00
[2026-06-08T12:52:13.123+0000] {processor.py:179} INFO - Processing /home/airflow/.local/lib/python3.8/site-packages/airflow/example_dags/example_dynamic_task_mapping.py took 0.215 seconds
[2026-06-08T12:52:43.211+0000] {processor.py:157} INFO - Started process (PID=473) to work on /home/airflow/.local/lib/python3.8/site-packages/airflow/example_dags/example_dynamic_task_mapping.py
[2026-06-08T12:52:43.216+0000] {processor.py:829} INFO - Processing file /home/airflow/.local/lib/python3.8/site-packages/airflow/example_dags/example_dynamic_task_mapping.py for tasks to queue
[2026-06-08T12:52:43.220+0000] {logging_mixin.py:154} INFO - [2026-06-08T12:52:43.219+0000] {dagbag.py:536} INFO - Filling up the DagBag from /home/airflow/.local/lib/python3.8/site-packages/airflow/example_dags/example_dynamic_task_mapping.py
[2026-06-08T12:52:43.230+0000] {processor.py:839} INFO - DAG(s) dict_keys(['example_dynamic_task_mapping']) retrieved from /home/airflow/.local/lib/python3.8/site-packages/airflow/example_dags/example_dynamic_task_mapping.py
[2026-06-08T12:52:43.261+0000] {logging_mixin.py:154} INFO - [2026-06-08T12:52:43.261+0000] {dag.py:2941} INFO - Sync 1 DAGs
[2026-06-08T12:52:43.335+0000] {logging_mixin.py:154} INFO - [2026-06-08T12:52:43.334+0000] {dag.py:3722} INFO - Setting next_dagrun for example_dynamic_task_mapping to 2022-03-04T00:00:00+00:00, run_after=2022-03-05T00:00:00+00:00
[2026-06-08T12:52:43.367+0000] {processor.py:179} INFO - Processing /home/airflow/.local/lib/python3.8/site-packages/airflow/example_dags/example_dynamic_task_mapping.py took 0.161 seconds
[2026-06-08T12:53:17.164+0000] {processor.py:157} INFO - Started process (PID=521) to work on /home/airflow/.local/lib/python3.8/site-packages/airflow/example_dags/example_dynamic_task_mapping.py
[2026-06-08T12:53:17.175+0000] {processor.py:829} INFO - Processing file /home/airflow/.local/lib/python3.8/site-packages/airflow/example_dags/example_dynamic_task_mapping.py for tasks to queue
[2026-06-08T12:53:17.206+0000] {logging_mixin.py:154} INFO - [2026-06-08T12:53:17.201+0000] {dagbag.py:536} INFO - Filling up the DagBag from /home/airflow/.local/lib/python3.8/site-packages/airflow/example_dags/example_dynamic_task_mapping.py
[2026-06-08T12:53:17.255+0000] {processor.py:839} INFO - DAG(s) dict_keys(['example_dynamic_task_mapping']) retrieved from /home/airflow/.local/lib/python3.8/site-packages/airflow/example_dags/example_dynamic_task_mapping.py
[2026-06-08T12:53:17.320+0000] {logging_mixin.py:154} INFO - [2026-06-08T12:53:17.319+0000] {dag.py:2941} INFO - Sync 1 DAGs
[2026-06-08T12:53:17.388+0000] {logging_mixin.py:154} INFO - [2026-06-08T12:53:17.388+0000] {dag.py:3722} INFO - Setting next_dagrun for example_dynamic_task_mapping to 2022-03-04T00:00:00+00:00, run_after=2022-03-05T00:00:00+00:00
[2026-06-08T12:53:17.533+0000] {processor.py:179} INFO - Processing /home/airflow/.local/lib/python3.8/site-packages/airflow/example_dags/example_dynamic_task_mapping.py took 0.404 seconds
[2026-06-08T12:53:48.092+0000] {processor.py:157} INFO - Started process (PID=567) to work on /home/airflow/.local/lib/python3.8/site-packages/airflow/example_dags/example_dynamic_task_mapping.py
[2026-06-08T12:53:48.106+0000] {processor.py:829} INFO - Processing file /home/airflow/.local/lib/python3.8/site-packages/airflow/example_dags/example_dynamic_task_mapping.py for tasks to queue
[2026-06-08T12:53:48.111+0000] {logging_mixin.py:154} INFO - [2026-06-08T12:53:48.111+0000] {dagbag.py:536} INFO - Filling up the DagBag from /home/airflow/.local/lib/python3.8/site-packages/airflow/example_dags/example_dynamic_task_mapping.py
[2026-06-08T12:53:48.141+0000] {processor.py:839} INFO - DAG(s) dict_keys(['example_dynamic_task_mapping']) retrieved from /home/airflow/.local/lib/python3.8/site-packages/airflow/example_dags/example_dynamic_task_mapping.py
[2026-06-08T12:53:48.243+0000] {logging_mixin.py:154} INFO - [2026-06-08T12:53:48.241+0000] {dag.py:2941} INFO - Sync 1 DAGs
[2026-06-08T12:53:48.374+0000] {logging_mixin.py:154} INFO - [2026-06-08T12:53:48.372+0000] {dag.py:3722} INFO - Setting next_dagrun for example_dynamic_task_mapping to 2022-03-04T00:00:00+00:00, run_after=2022-03-05T00:00:00+00:00
[2026-06-08T12:53:48.442+0000] {processor.py:179} INFO - Processing /home/airflow/.local/lib/python3.8/site-packages/airflow/example_dags/example_dynamic_task_mapping.py took 0.355 seconds
[2026-06-08T12:54:18.528+0000] {processor.py:157} INFO - Started process (PID=614) to work on /home/airflow/.local/lib/python3.8/site-packages/airflow/example_dags/example_dynamic_task_mapping.py
[2026-06-08T12:54:18.533+0000] {processor.py:829} INFO - Processing file /home/airflow/.local/lib/python3.8/site-packages/airflow/example_dags/example_dynamic_task_mapping.py for tasks to queue
[2026-06-08T12:54:18.536+0000] {logging_mixin.py:154} INFO - [2026-06-08T12:54:18.536+0000] {dagbag.py:536} INFO - Filling up the DagBag from /home/airflow/.local/lib/python3.8/site-packages/airflow/example_dags/example_dynamic_task_mapping.py
[2026-06-08T12:54:18.548+0000] {processor.py:839} INFO - DAG(s) dict_keys(['example_dynamic_task_mapping']) retrieved from /home/airflow/.local/lib/python3.8/site-packages/airflow/example_dags/example_dynamic_task_mapping.py
[2026-06-08T12:54:18.578+0000] {logging_mixin.py:154} INFO - [2026-06-08T12:54:18.578+0000] {dag.py:2941} INFO - Sync 1 DAGs
[2026-06-08T12:54:18.610+0000] {logging_mixin.py:154} INFO - [2026-06-08T12:54:18.610+0000] {dag.py:3722} INFO - Setting next_dagrun for example_dynamic_task_mapping to 2022-03-04T00:00:00+00:00, run_after=2022-03-05T00:00:00+00:00
[2026-06-08T12:54:18.636+0000] {processor.py:179} INFO - Processing /home/airflow/.local/lib/python3.8/site-packages/airflow/example_dags/example_dynamic_task_mapping.py took 0.112 seconds
[2026-06-08T13:00:11.749+0000] {processor.py:157} INFO - Started process (PID=43) to work on /home/airflow/.local/lib/python3.8/site-packages/airflow/example_dags/example_dynamic_task_mapping.py
[2026-06-08T13:00:11.775+0000] {processor.py:829} INFO - Processing file /home/airflow/.local/lib/python3.8/site-packages/airflow/example_dags/example_dynamic_task_mapping.py for tasks to queue
[2026-06-08T13:00:11.778+0000] {logging_mixin.py:154} INFO - [2026-06-08T13:00:11.778+0000] {dagbag.py:536} INFO - Filling up the DagBag from /home/airflow/.local/lib/python3.8/site-packages/airflow/example_dags/example_dynamic_task_mapping.py
[2026-06-08T13:00:11.833+0000] {processor.py:839} INFO - DAG(s) dict_keys(['example_dynamic_task_mapping']) retrieved from /home/airflow/.local/lib/python3.8/site-packages/airflow/example_dags/example_dynamic_task_mapping.py
[2026-06-08T13:00:11.969+0000] {logging_mixin.py:154} INFO - [2026-06-08T13:00:11.969+0000] {dag.py:2941} INFO - Sync 1 DAGs
[2026-06-08T13:00:12.127+0000] {logging_mixin.py:154} INFO - [2026-06-08T13:00:12.126+0000] {dag.py:3722} INFO - Setting next_dagrun for example_dynamic_task_mapping to 2022-03-04T00:00:00+00:00, run_after=2022-03-05T00:00:00+00:00
[2026-06-08T13:00:12.231+0000] {processor.py:179} INFO - Processing /home/airflow/.local/lib/python3.8/site-packages/airflow/example_dags/example_dynamic_task_mapping.py took 0.502 seconds
[2026-06-08T13:00:43.031+0000] {processor.py:157} INFO - Started process (PID=91) to work on /home/airflow/.local/lib/python3.8/site-packages/airflow/example_dags/example_dynamic_task_mapping.py
[2026-06-08T13:00:43.044+0000] {processor.py:829} INFO - Processing file /home/airflow/.local/lib/python3.8/site-packages/airflow/example_dags/example_dynamic_task_mapping.py for tasks to queue
[2026-06-08T13:00:43.054+0000] {logging_mixin.py:154} INFO - [2026-06-08T13:00:43.054+0000] {dagbag.py:536} INFO - Filling up the DagBag from /home/airflow/.local/lib/python3.8/site-packages/airflow/example_dags/example_dynamic_task_mapping.py
[2026-06-08T13:00:43.101+0000] {processor.py:839} INFO - DAG(s) dict_keys(['example_dynamic_task_mapping']) retrieved from /home/airflow/.local/lib/python3.8/site-packages/airflow/example_dags/example_dynamic_task_mapping.py
[2026-06-08T13:00:43.214+0000] {logging_mixin.py:154} INFO - [2026-06-08T13:00:43.213+0000] {dag.py:2941} INFO - Sync 1 DAGs
[2026-06-08T13:00:43.312+0000] {logging_mixin.py:154} INFO - [2026-06-08T13:00:43.312+0000] {dag.py:3722} INFO - Setting next_dagrun for example_dynamic_task_mapping to 2022-03-04T00:00:00+00:00, run_after=2022-03-05T00:00:00+00:00
[2026-06-08T13:00:43.387+0000] {processor.py:179} INFO - Processing /home/airflow/.local/lib/python3.8/site-packages/airflow/example_dags/example_dynamic_task_mapping.py took 0.388 seconds
[2026-06-08T13:01:14.101+0000] {processor.py:157} INFO - Started process (PID=139) to work on /home/airflow/.local/lib/python3.8/site-packages/airflow/example_dags/example_dynamic_task_mapping.py
[2026-06-08T13:01:14.104+0000] {processor.py:829} INFO - Processing file /home/airflow/.local/lib/python3.8/site-packages/airflow/example_dags/example_dynamic_task_mapping.py for tasks to queue
[2026-06-08T13:01:14.107+0000] {logging_mixin.py:154} INFO - [2026-06-08T13:01:14.106+0000] {dagbag.py:536} INFO - Filling up the DagBag from /home/airflow/.local/lib/python3.8/site-packages/airflow/example_dags/example_dynamic_task_mapping.py
[2026-06-08T13:01:14.116+0000] {processor.py:839} INFO - DAG(s) dict_keys(['example_dynamic_task_mapping']) retrieved from /home/airflow/.local/lib/python3.8/site-packages/airflow/example_dags/example_dynamic_task_mapping.py
[2026-06-08T13:01:14.144+0000] {logging_mixin.py:154} INFO - [2026-06-08T13:01:14.144+0000] {dag.py:2941} INFO - Sync 1 DAGs
[2026-06-08T13:01:14.178+0000] {logging_mixin.py:154} INFO - [2026-06-08T13:01:14.178+0000] {dag.py:3722} INFO - Setting next_dagrun for example_dynamic_task_mapping to 2022-03-04T00:00:00+00:00, run_after=2022-03-05T00:00:00+00:00
[2026-06-08T13:01:14.203+0000] {processor.py:179} INFO - Processing /home/airflow/.local/lib/python3.8/site-packages/airflow/example_dags/example_dynamic_task_mapping.py took 0.106 seconds
[2026-06-08T13:01:44.419+0000] {processor.py:157} INFO - Started process (PID=186) to work on /home/airflow/.local/lib/python3.8/site-packages/airflow/example_dags/example_dynamic_task_mapping.py
[2026-06-08T13:01:44.420+0000] {processor.py:829} INFO - Processing file /home/airflow/.local/lib/python3.8/site-packages/airflow/example_dags/example_dynamic_task_mapping.py for tasks to queue
[2026-06-08T13:01:44.422+0000] {logging_mixin.py:154} INFO - [2026-06-08T13:01:44.422+0000] {dagbag.py:536} INFO - Filling up the DagBag from /home/airflow/.local/lib/python3.8/site-packages/airflow/example_dags/example_dynamic_task_mapping.py
[2026-06-08T13:01:44.430+0000] {processor.py:839} INFO - DAG(s) dict_keys(['example_dynamic_task_mapping']) retrieved from /home/airflow/.local/lib/python3.8/site-packages/airflow/example_dags/example_dynamic_task_mapping.py
[2026-06-08T13:01:44.450+0000] {logging_mixin.py:154} INFO - [2026-06-08T13:01:44.450+0000] {dag.py:2941} INFO - Sync 1 DAGs
[2026-06-08T13:01:44.483+0000] {logging_mixin.py:154} INFO - [2026-06-08T13:01:44.482+0000] {dag.py:3722} INFO - Setting next_dagrun for example_dynamic_task_mapping to 2022-03-04T00:00:00+00:00, run_after=2022-03-05T00:00:00+00:00
[2026-06-08T13:01:44.501+0000] {processor.py:179} INFO - Processing /home/airflow/.local/lib/python3.8/site-packages/airflow/example_dags/example_dynamic_task_mapping.py took 0.086 seconds
[2026-06-08T13:02:14.795+0000] {processor.py:157} INFO - Started process (PID=234) to work on /home/airflow/.local/lib/python3.8/site-packages/airflow/example_dags/example_dynamic_task_mapping.py
[2026-06-08T13:02:14.797+0000] {processor.py:829} INFO - Processing file /home/airflow/.local/lib/python3.8/site-packages/airflow/example_dags/example_dynamic_task_mapping.py for tasks to queue
[2026-06-08T13:02:14.800+0000] {logging_mixin.py:154} INFO - [2026-06-08T13:02:14.800+0000] {dagbag.py:536} INFO - Filling up the DagBag from /home/airflow/.local/lib/python3.8/site-packages/airflow/example_dags/example_dynamic_task_mapping.py
[2026-06-08T13:02:14.810+0000] {processor.py:839} INFO - DAG(s) dict_keys(['example_dynamic_task_mapping']) retrieved from /home/airflow/.local/lib/python3.8/site-packages/airflow/example_dags/example_dynamic_task_mapping.py
[2026-06-08T13:02:14.840+0000] {logging_mixin.py:154} INFO - [2026-06-08T13:02:14.840+0000] {dag.py:2941} INFO - Sync 1 DAGs
[2026-06-08T13:02:14.876+0000] {logging_mixin.py:154} INFO - [2026-06-08T13:02:14.876+0000] {dag.py:3722} INFO - Setting next_dagrun for example_dynamic_task_mapping to 2022-03-04T00:00:00+00:00, run_after=2022-03-05T00:00:00+00:00
[2026-06-08T13:02:14.899+0000] {processor.py:179} INFO - Processing /home/airflow/.local/lib/python3.8/site-packages/airflow/example_dags/example_dynamic_task_mapping.py took 0.109 seconds
[2026-06-08T13:02:45.438+0000] {processor.py:157} INFO - Started process (PID=282) to work on /home/airflow/.local/lib/python3.8/site-packages/airflow/example_dags/example_dynamic_task_mapping.py
[2026-06-08T13:02:45.439+0000] {processor.py:829} INFO - Processing file /home/airflow/.local/lib/python3.8/site-packages/airflow/example_dags/example_dynamic_task_mapping.py for tasks to queue
[2026-06-08T13:02:45.443+0000] {logging_mixin.py:154} INFO - [2026-06-08T13:02:45.442+0000] {dagbag.py:536} INFO - Filling up the DagBag from /home/airflow/.local/lib/python3.8/site-packages/airflow/example_dags/example_dynamic_task_mapping.py
[2026-06-08T13:02:45.453+0000] {processor.py:839} INFO - DAG(s) dict_keys(['example_dynamic_task_mapping']) retrieved from /home/airflow/.local/lib/python3.8/site-packages/airflow/example_dags/example_dynamic_task_mapping.py
[2026-06-08T13:02:45.485+0000] {logging_mixin.py:154} INFO - [2026-06-08T13:02:45.485+0000] {dag.py:2941} INFO - Sync 1 DAGs
[2026-06-08T13:02:45.520+0000] {logging_mixin.py:154} INFO - [2026-06-08T13:02:45.520+0000] {dag.py:3722} INFO - Setting next_dagrun for example_dynamic_task_mapping to 2022-03-04T00:00:00+00:00, run_after=2022-03-05T00:00:00+00:00
[2026-06-08T13:02:45.544+0000] {processor.py:179} INFO - Processing /home/airflow/.local/lib/python3.8/site-packages/airflow/example_dags/example_dynamic_task_mapping.py took 0.114 seconds
[2026-06-08T13:03:15.835+0000] {processor.py:157} INFO - Started process (PID=330) to work on /home/airflow/.local/lib/python3.8/site-packages/airflow/example_dags/example_dynamic_task_mapping.py
[2026-06-08T13:03:15.851+0000] {processor.py:829} INFO - Processing file /home/airflow/.local/lib/python3.8/site-packages/airflow/example_dags/example_dynamic_task_mapping.py for tasks to queue
[2026-06-08T13:03:15.871+0000] {logging_mixin.py:154} INFO - [2026-06-08T13:03:15.870+0000] {dagbag.py:536} INFO - Filling up the DagBag from /home/airflow/.local/lib/python3.8/site-packages/airflow/example_dags/example_dynamic_task_mapping.py
[2026-06-08T13:03:15.907+0000] {processor.py:839} INFO - DAG(s) dict_keys(['example_dynamic_task_mapping']) retrieved from /home/airflow/.local/lib/python3.8/site-packages/airflow/example_dags/example_dynamic_task_mapping.py
[2026-06-08T13:03:16.006+0000] {logging_mixin.py:154} INFO - [2026-06-08T13:03:16.006+0000] {dag.py:2941} INFO - Sync 1 DAGs
[2026-06-08T13:03:16.144+0000] {logging_mixin.py:154} INFO - [2026-06-08T13:03:16.143+0000] {dag.py:3722} INFO - Setting next_dagrun for example_dynamic_task_mapping to 2022-03-04T00:00:00+00:00, run_after=2022-03-05T00:00:00+00:00
[2026-06-08T13:03:16.247+0000] {processor.py:179} INFO - Processing /home/airflow/.local/lib/python3.8/site-packages/airflow/example_dags/example_dynamic_task_mapping.py took 0.445 seconds
[2026-06-08T13:03:46.961+0000] {processor.py:157} INFO - Started process (PID=378) to work on /home/airflow/.local/lib/python3.8/site-packages/airflow/example_dags/example_dynamic_task_mapping.py
[2026-06-08T13:03:46.970+0000] {processor.py:829} INFO - Processing file /home/airflow/.local/lib/python3.8/site-packages/airflow/example_dags/example_dynamic_task_mapping.py for tasks to queue
[2026-06-08T13:03:46.982+0000] {logging_mixin.py:154} INFO - [2026-06-08T13:03:46.982+0000] {dagbag.py:536} INFO - Filling up the DagBag from /home/airflow/.local/lib/python3.8/site-packages/airflow/example_dags/example_dynamic_task_mapping.py
[2026-06-08T13:03:47.005+0000] {processor.py:839} INFO - DAG(s) dict_keys(['example_dynamic_task_mapping']) retrieved from /home/airflow/.local/lib/python3.8/site-packages/airflow/example_dags/example_dynamic_task_mapping.py
[2026-06-08T13:03:47.104+0000] {logging_mixin.py:154} INFO - [2026-06-08T13:03:47.103+0000] {dag.py:2941} INFO - Sync 1 DAGs
[2026-06-08T13:03:47.251+0000] {logging_mixin.py:154} INFO - [2026-06-08T13:03:47.250+0000] {dag.py:3722} INFO - Setting next_dagrun for example_dynamic_task_mapping to 2022-03-04T00:00:00+00:00, run_after=2022-03-05T00:00:00+00:00
[2026-06-08T13:03:47.324+0000] {processor.py:179} INFO - Processing /home/airflow/.local/lib/python3.8/site-packages/airflow/example_dags/example_dynamic_task_mapping.py took 0.368 seconds
[2026-06-08T13:10:57.289+0000] {processor.py:157} INFO - Started process (PID=41) to work on /home/airflow/.local/lib/python3.8/site-packages/airflow/example_dags/example_dynamic_task_mapping.py
[2026-06-08T13:10:57.343+0000] {processor.py:829} INFO - Processing file /home/airflow/.local/lib/python3.8/site-packages/airflow/example_dags/example_dynamic_task_mapping.py for tasks to queue
[2026-06-08T13:10:57.362+0000] {logging_mixin.py:154} INFO - [2026-06-08T13:10:57.362+0000] {dagbag.py:536} INFO - Filling up the DagBag from /home/airflow/.local/lib/python3.8/site-packages/airflow/example_dags/example_dynamic_task_mapping.py
[2026-06-08T13:10:57.428+0000] {processor.py:839} INFO - DAG(s) dict_keys(['example_dynamic_task_mapping']) retrieved from /home/airflow/.local/lib/python3.8/site-packages/airflow/example_dags/example_dynamic_task_mapping.py
[2026-06-08T13:10:57.524+0000] {logging_mixin.py:154} INFO - [2026-06-08T13:10:57.524+0000] {dag.py:2941} INFO - Sync 1 DAGs
[2026-06-08T13:10:57.635+0000] {logging_mixin.py:154} INFO - [2026-06-08T13:10:57.634+0000] {dag.py:3722} INFO - Setting next_dagrun for example_dynamic_task_mapping to 2022-03-04T00:00:00+00:00, run_after=2022-03-05T00:00:00+00:00
[2026-06-08T13:10:57.739+0000] {processor.py:179} INFO - Processing /home/airflow/.local/lib/python3.8/site-packages/airflow/example_dags/example_dynamic_task_mapping.py took 0.477 seconds
[2026-06-08T13:11:28.125+0000] {processor.py:157} INFO - Started process (PID=89) to work on /home/airflow/.local/lib/python3.8/site-packages/airflow/example_dags/example_dynamic_task_mapping.py
[2026-06-08T13:11:28.129+0000] {processor.py:829} INFO - Processing file /home/airflow/.local/lib/python3.8/site-packages/airflow/example_dags/example_dynamic_task_mapping.py for tasks to queue
[2026-06-08T13:11:28.133+0000] {logging_mixin.py:154} INFO - [2026-06-08T13:11:28.132+0000] {dagbag.py:536} INFO - Filling up the DagBag from /home/airflow/.local/lib/python3.8/site-packages/airflow/example_dags/example_dynamic_task_mapping.py
[2026-06-08T13:11:28.159+0000] {processor.py:839} INFO - DAG(s) dict_keys(['example_dynamic_task_mapping']) retrieved from /home/airflow/.local/lib/python3.8/site-packages/airflow/example_dags/example_dynamic_task_mapping.py
[2026-06-08T13:11:28.194+0000] {logging_mixin.py:154} INFO - [2026-06-08T13:11:28.194+0000] {dag.py:2941} INFO - Sync 1 DAGs
[2026-06-08T13:11:28.239+0000] {logging_mixin.py:154} INFO - [2026-06-08T13:11:28.238+0000] {dag.py:3722} INFO - Setting next_dagrun for example_dynamic_task_mapping to 2022-03-04T00:00:00+00:00, run_after=2022-03-05T00:00:00+00:00
[2026-06-08T13:11:28.276+0000] {processor.py:179} INFO - Processing /home/airflow/.local/lib/python3.8/site-packages/airflow/example_dags/example_dynamic_task_mapping.py took 0.167 seconds
[2026-06-08T13:11:59.155+0000] {processor.py:157} INFO - Started process (PID=137) to work on /home/airflow/.local/lib/python3.8/site-packages/airflow/example_dags/example_dynamic_task_mapping.py
[2026-06-08T13:11:59.157+0000] {processor.py:829} INFO - Processing file /home/airflow/.local/lib/python3.8/site-packages/airflow/example_dags/example_dynamic_task_mapping.py for tasks to queue
[2026-06-08T13:11:59.160+0000] {logging_mixin.py:154} INFO - [2026-06-08T13:11:59.160+0000] {dagbag.py:536} INFO - Filling up the DagBag from /home/airflow/.local/lib/python3.8/site-packages/airflow/example_dags/example_dynamic_task_mapping.py
[2026-06-08T13:11:59.169+0000] {processor.py:839} INFO - DAG(s) dict_keys(['example_dynamic_task_mapping']) retrieved from /home/airflow/.local/lib/python3.8/site-packages/airflow/example_dags/example_dynamic_task_mapping.py
[2026-06-08T13:11:59.198+0000] {logging_mixin.py:154} INFO - [2026-06-08T13:11:59.198+0000] {dag.py:2941} INFO - Sync 1 DAGs
[2026-06-08T13:11:59.233+0000] {logging_mixin.py:154} INFO - [2026-06-08T13:11:59.233+0000] {dag.py:3722} INFO - Setting next_dagrun for example_dynamic_task_mapping to 2022-03-04T00:00:00+00:00, run_after=2022-03-05T00:00:00+00:00
[2026-06-08T13:11:59.258+0000] {processor.py:179} INFO - Processing /home/airflow/.local/lib/python3.8/site-packages/airflow/example_dags/example_dynamic_task_mapping.py took 0.107 seconds
[2026-06-08T13:12:29.713+0000] {processor.py:157} INFO - Started process (PID=185) to work on /home/airflow/.local/lib/python3.8/site-packages/airflow/example_dags/example_dynamic_task_mapping.py
[2026-06-08T13:12:29.714+0000] {processor.py:829} INFO - Processing file /home/airflow/.local/lib/python3.8/site-packages/airflow/example_dags/example_dynamic_task_mapping.py for tasks to queue
[2026-06-08T13:12:29.717+0000] {logging_mixin.py:154} INFO - [2026-06-08T13:12:29.717+0000] {dagbag.py:536} INFO - Filling up the DagBag from /home/airflow/.local/lib/python3.8/site-packages/airflow/example_dags/example_dynamic_task_mapping.py
[2026-06-08T13:12:29.725+0000] {processor.py:839} INFO - DAG(s) dict_keys(['example_dynamic_task_mapping']) retrieved from /home/airflow/.local/lib/python3.8/site-packages/airflow/example_dags/example_dynamic_task_mapping.py
[2026-06-08T13:12:29.754+0000] {logging_mixin.py:154} INFO - [2026-06-08T13:12:29.754+0000] {dag.py:2941} INFO - Sync 1 DAGs
[2026-06-08T13:12:29.791+0000] {logging_mixin.py:154} INFO - [2026-06-08T13:12:29.791+0000] {dag.py:3722} INFO - Setting next_dagrun for example_dynamic_task_mapping to 2022-03-04T00:00:00+00:00, run_after=2022-03-05T00:00:00+00:00
[2026-06-08T13:12:29.814+0000] {processor.py:179} INFO - Processing /home/airflow/.local/lib/python3.8/site-packages/airflow/example_dags/example_dynamic_task_mapping.py took 0.106 seconds
[2026-06-08T13:12:59.934+0000] {processor.py:157} INFO - Started process (PID=233) to work on /home/airflow/.local/lib/python3.8/site-packages/airflow/example_dags/example_dynamic_task_mapping.py
[2026-06-08T13:12:59.939+0000] {processor.py:829} INFO - Processing file /home/airflow/.local/lib/python3.8/site-packages/airflow/example_dags/example_dynamic_task_mapping.py for tasks to queue
[2026-06-08T13:12:59.942+0000] {logging_mixin.py:154} INFO - [2026-06-08T13:12:59.942+0000] {dagbag.py:536} INFO - Filling up the DagBag from /home/airflow/.local/lib/python3.8/site-packages/airflow/example_dags/example_dynamic_task_mapping.py
[2026-06-08T13:12:59.951+0000] {processor.py:839} INFO - DAG(s) dict_keys(['example_dynamic_task_mapping']) retrieved from /home/airflow/.local/lib/python3.8/site-packages/airflow/example_dags/example_dynamic_task_mapping.py
[2026-06-08T13:12:59.980+0000] {logging_mixin.py:154} INFO - [2026-06-08T13:12:59.980+0000] {dag.py:2941} INFO - Sync 1 DAGs
[2026-06-08T13:13:00.015+0000] {logging_mixin.py:154} INFO - [2026-06-08T13:13:00.015+0000] {dag.py:3722} INFO - Setting next_dagrun for example_dynamic_task_mapping to 2022-03-04T00:00:00+00:00, run_after=2022-03-05T00:00:00+00:00
[2026-06-08T13:13:00.052+0000] {processor.py:179} INFO - Processing /home/airflow/.local/lib/python3.8/site-packages/airflow/example_dags/example_dynamic_task_mapping.py took 0.123 seconds
[2026-06-08T13:13:30.371+0000] {processor.py:157} INFO - Started process (PID=281) to work on /home/airflow/.local/lib/python3.8/site-packages/airflow/example_dags/example_dynamic_task_mapping.py
[2026-06-08T13:13:30.390+0000] {processor.py:829} INFO - Processing file /home/airflow/.local/lib/python3.8/site-packages/airflow/example_dags/example_dynamic_task_mapping.py for tasks to queue
[2026-06-08T13:13:30.395+0000] {logging_mixin.py:154} INFO - [2026-06-08T13:13:30.395+0000] {dagbag.py:536} INFO - Filling up the DagBag from /home/airflow/.local/lib/python3.8/site-packages/airflow/example_dags/example_dynamic_task_mapping.py
[2026-06-08T13:13:30.438+0000] {processor.py:839} INFO - DAG(s) dict_keys(['example_dynamic_task_mapping']) retrieved from /home/airflow/.local/lib/python3.8/site-packages/airflow/example_dags/example_dynamic_task_mapping.py
[2026-06-08T13:13:30.522+0000] {logging_mixin.py:154} INFO - [2026-06-08T13:13:30.522+0000] {dag.py:2941} INFO - Sync 1 DAGs
[2026-06-08T13:13:30.625+0000] {logging_mixin.py:154} INFO - [2026-06-08T13:13:30.624+0000] {dag.py:3722} INFO - Setting next_dagrun for example_dynamic_task_mapping to 2022-03-04T00:00:00+00:00, run_after=2022-03-05T00:00:00+00:00
[2026-06-08T13:13:30.753+0000] {processor.py:179} INFO - Processing /home/airflow/.local/lib/python3.8/site-packages/airflow/example_dags/example_dynamic_task_mapping.py took 0.411 seconds
[2026-06-08T13:14:01.373+0000] {processor.py:157} INFO - Started process (PID=328) to work on /home/airflow/.local/lib/python3.8/site-packages/airflow/example_dags/example_dynamic_task_mapping.py
[2026-06-08T13:14:01.384+0000] {processor.py:829} INFO - Processing file /home/airflow/.local/lib/python3.8/site-packages/airflow/example_dags/example_dynamic_task_mapping.py for tasks to queue
[2026-06-08T13:14:01.387+0000] {logging_mixin.py:154} INFO - [2026-06-08T13:14:01.386+0000] {dagbag.py:536} INFO - Filling up the DagBag from /home/airflow/.local/lib/python3.8/site-packages/airflow/example_dags/example_dynamic_task_mapping.py
[2026-06-08T13:14:01.397+0000] {processor.py:839} INFO - DAG(s) dict_keys(['example_dynamic_task_mapping']) retrieved from /home/airflow/.local/lib/python3.8/site-packages/airflow/example_dags/example_dynamic_task_mapping.py
[2026-06-08T13:14:01.426+0000] {logging_mixin.py:154} INFO - [2026-06-08T13:14:01.426+0000] {dag.py:2941} INFO - Sync 1 DAGs
[2026-06-08T13:14:01.472+0000] {logging_mixin.py:154} INFO - [2026-06-08T13:14:01.472+0000] {dag.py:3722} INFO - Setting next_dagrun for example_dynamic_task_mapping to 2022-03-04T00:00:00+00:00, run_after=2022-03-05T00:00:00+00:00
[2026-06-08T13:14:01.513+0000] {processor.py:179} INFO - Processing /home/airflow/.local/lib/python3.8/site-packages/airflow/example_dags/example_dynamic_task_mapping.py took 0.145 seconds
[2026-06-08T13:14:31.624+0000] {processor.py:157} INFO - Started process (PID=376) to work on /home/airflow/.local/lib/python3.8/site-packages/airflow/example_dags/example_dynamic_task_mapping.py
[2026-06-08T13:14:31.627+0000] {processor.py:829} INFO - Processing file /home/airflow/.local/lib/python3.8/site-packages/airflow/example_dags/example_dynamic_task_mapping.py for tasks to queue
[2026-06-08T13:14:31.631+0000] {logging_mixin.py:154} INFO - [2026-06-08T13:14:31.630+0000] {dagbag.py:536} INFO - Filling up the DagBag from /home/airflow/.local/lib/python3.8/site-packages/airflow/example_dags/example_dynamic_task_mapping.py
[2026-06-08T13:14:31.640+0000] {processor.py:839} INFO - DAG(s) dict_keys(['example_dynamic_task_mapping']) retrieved from /home/airflow/.local/lib/python3.8/site-packages/airflow/example_dags/example_dynamic_task_mapping.py
[2026-06-08T13:14:31.668+0000] {logging_mixin.py:154} INFO - [2026-06-08T13:14:31.667+0000] {dag.py:2941} INFO - Sync 1 DAGs
[2026-06-08T13:14:31.701+0000] {logging_mixin.py:154} INFO - [2026-06-08T13:14:31.701+0000] {dag.py:3722} INFO - Setting next_dagrun for example_dynamic_task_mapping to 2022-03-04T00:00:00+00:00, run_after=2022-03-05T00:00:00+00:00
[2026-06-08T13:14:31.726+0000] {processor.py:179} INFO - Processing /home/airflow/.local/lib/python3.8/site-packages/airflow/example_dags/example_dynamic_task_mapping.py took 0.106 seconds
[2026-06-08T13:15:02.648+0000] {processor.py:157} INFO - Started process (PID=424) to work on /home/airflow/.local/lib/python3.8/site-packages/airflow/example_dags/example_dynamic_task_mapping.py
[2026-06-08T13:15:02.655+0000] {processor.py:829} INFO - Processing file /home/airflow/.local/lib/python3.8/site-packages/airflow/example_dags/example_dynamic_task_mapping.py for tasks to queue
[2026-06-08T13:15:02.666+0000] {logging_mixin.py:154} INFO - [2026-06-08T13:15:02.666+0000] {dagbag.py:536} INFO - Filling up the DagBag from /home/airflow/.local/lib/python3.8/site-packages/airflow/example_dags/example_dynamic_task_mapping.py
[2026-06-08T13:15:02.697+0000] {processor.py:839} INFO - DAG(s) dict_keys(['example_dynamic_task_mapping']) retrieved from /home/airflow/.local/lib/python3.8/site-packages/airflow/example_dags/example_dynamic_task_mapping.py
[2026-06-08T13:15:02.778+0000] {logging_mixin.py:154} INFO - [2026-06-08T13:15:02.778+0000] {dag.py:2941} INFO - Sync 1 DAGs
[2026-06-08T13:15:02.914+0000] {logging_mixin.py:154} INFO - [2026-06-08T13:15:02.914+0000] {dag.py:3722} INFO - Setting next_dagrun for example_dynamic_task_mapping to 2022-03-04T00:00:00+00:00, run_after=2022-03-05T00:00:00+00:00
[2026-06-08T13:15:02.979+0000] {processor.py:179} INFO - Processing /home/airflow/.local/lib/python3.8/site-packages/airflow/example_dags/example_dynamic_task_mapping.py took 0.346 seconds
[2026-06-08T13:15:33.192+0000] {processor.py:157} INFO - Started process (PID=472) to work on /home/airflow/.local/lib/python3.8/site-packages/airflow/example_dags/example_dynamic_task_mapping.py
[2026-06-08T13:15:33.198+0000] {processor.py:829} INFO - Processing file /home/airflow/.local/lib/python3.8/site-packages/airflow/example_dags/example_dynamic_task_mapping.py for tasks to queue
[2026-06-08T13:15:33.211+0000] {logging_mixin.py:154} INFO - [2026-06-08T13:15:33.211+0000] {dagbag.py:536} INFO - Filling up the DagBag from /home/airflow/.local/lib/python3.8/site-packages/airflow/example_dags/example_dynamic_task_mapping.py
[2026-06-08T13:15:33.240+0000] {processor.py:839} INFO - DAG(s) dict_keys(['example_dynamic_task_mapping']) retrieved from /home/airflow/.local/lib/python3.8/site-packages/airflow/example_dags/example_dynamic_task_mapping.py
[2026-06-08T13:15:33.267+0000] {logging_mixin.py:154} INFO - [2026-06-08T13:15:33.267+0000] {dag.py:2941} INFO - Sync 1 DAGs
[2026-06-08T13:15:33.300+0000] {logging_mixin.py:154} INFO - [2026-06-08T13:15:33.300+0000] {dag.py:3722} INFO - Setting next_dagrun for example_dynamic_task_mapping to 2022-03-04T00:00:00+00:00, run_after=2022-03-05T00:00:00+00:00
[2026-06-08T13:15:33.328+0000] {processor.py:179} INFO - Processing /home/airflow/.local/lib/python3.8/site-packages/airflow/example_dags/example_dynamic_task_mapping.py took 0.144 seconds
[2026-06-08T13:16:03.516+0000] {processor.py:157} INFO - Started process (PID=520) to work on /home/airflow/.local/lib/python3.8/site-packages/airflow/example_dags/example_dynamic_task_mapping.py
[2026-06-08T13:16:03.519+0000] {processor.py:829} INFO - Processing file /home/airflow/.local/lib/python3.8/site-packages/airflow/example_dags/example_dynamic_task_mapping.py for tasks to queue
[2026-06-08T13:16:03.522+0000] {logging_mixin.py:154} INFO - [2026-06-08T13:16:03.521+0000] {dagbag.py:536} INFO - Filling up the DagBag from /home/airflow/.local/lib/python3.8/site-packages/airflow/example_dags/example_dynamic_task_mapping.py
[2026-06-08T13:16:03.531+0000] {processor.py:839} INFO - DAG(s) dict_keys(['example_dynamic_task_mapping']) retrieved from /home/airflow/.local/lib/python3.8/site-packages/airflow/example_dags/example_dynamic_task_mapping.py
[2026-06-08T13:16:03.560+0000] {logging_mixin.py:154} INFO - [2026-06-08T13:16:03.560+0000] {dag.py:2941} INFO - Sync 1 DAGs
[2026-06-08T13:16:03.594+0000] {logging_mixin.py:154} INFO - [2026-06-08T13:16:03.594+0000] {dag.py:3722} INFO - Setting next_dagrun for example_dynamic_task_mapping to 2022-03-04T00:00:00+00:00, run_after=2022-03-05T00:00:00+00:00
[2026-06-08T13:16:03.624+0000] {processor.py:179} INFO - Processing /home/airflow/.local/lib/python3.8/site-packages/airflow/example_dags/example_dynamic_task_mapping.py took 0.113 seconds
[2026-06-08T13:16:34.486+0000] {processor.py:157} INFO - Started process (PID=568) to work on /home/airflow/.local/lib/python3.8/site-packages/airflow/example_dags/example_dynamic_task_mapping.py
[2026-06-08T13:16:34.487+0000] {processor.py:829} INFO - Processing file /home/airflow/.local/lib/python3.8/site-packages/airflow/example_dags/example_dynamic_task_mapping.py for tasks to queue
[2026-06-08T13:16:34.490+0000] {logging_mixin.py:154} INFO - [2026-06-08T13:16:34.490+0000] {dagbag.py:536} INFO - Filling up the DagBag from /home/airflow/.local/lib/python3.8/site-packages/airflow/example_dags/example_dynamic_task_mapping.py
[2026-06-08T13:16:34.500+0000] {processor.py:839} INFO - DAG(s) dict_keys(['example_dynamic_task_mapping']) retrieved from /home/airflow/.local/lib/python3.8/site-packages/airflow/example_dags/example_dynamic_task_mapping.py
[2026-06-08T13:16:34.531+0000] {logging_mixin.py:154} INFO - [2026-06-08T13:16:34.530+0000] {dag.py:2941} INFO - Sync 1 DAGs
[2026-06-08T13:16:34.564+0000] {logging_mixin.py:154} INFO - [2026-06-08T13:16:34.564+0000] {dag.py:3722} INFO - Setting next_dagrun for example_dynamic_task_mapping to 2022-03-04T00:00:00+00:00, run_after=2022-03-05T00:00:00+00:00
[2026-06-08T13:16:34.589+0000] {processor.py:179} INFO - Processing /home/airflow/.local/lib/python3.8/site-packages/airflow/example_dags/example_dynamic_task_mapping.py took 0.108 seconds
[2026-06-08T13:17:04.983+0000] {processor.py:157} INFO - Started process (PID=616) to work on /home/airflow/.local/lib/python3.8/site-packages/airflow/example_dags/example_dynamic_task_mapping.py
[2026-06-08T13:17:04.985+0000] {processor.py:829} INFO - Processing file /home/airflow/.local/lib/python3.8/site-packages/airflow/example_dags/example_dynamic_task_mapping.py for tasks to queue
[2026-06-08T13:17:04.988+0000] {logging_mixin.py:154} INFO - [2026-06-08T13:17:04.988+0000] {dagbag.py:536} INFO - Filling up the DagBag from /home/airflow/.local/lib/python3.8/site-packages/airflow/example_dags/example_dynamic_task_mapping.py
[2026-06-08T13:17:04.998+0000] {processor.py:839} INFO - DAG(s) dict_keys(['example_dynamic_task_mapping']) retrieved from /home/airflow/.local/lib/python3.8/site-packages/airflow/example_dags/example_dynamic_task_mapping.py
[2026-06-08T13:17:05.028+0000] {logging_mixin.py:154} INFO - [2026-06-08T13:17:05.027+0000] {dag.py:2941} INFO - Sync 1 DAGs
[2026-06-08T13:17:05.061+0000] {logging_mixin.py:154} INFO - [2026-06-08T13:17:05.060+0000] {dag.py:3722} INFO - Setting next_dagrun for example_dynamic_task_mapping to 2022-03-04T00:00:00+00:00, run_after=2022-03-05T00:00:00+00:00
[2026-06-08T13:17:05.087+0000] {processor.py:179} INFO - Processing /home/airflow/.local/lib/python3.8/site-packages/airflow/example_dags/example_dynamic_task_mapping.py took 0.108 seconds
[2026-06-08T13:17:35.232+0000] {processor.py:157} INFO - Started process (PID=664) to work on /home/airflow/.local/lib/python3.8/site-packages/airflow/example_dags/example_dynamic_task_mapping.py
[2026-06-08T13:17:35.233+0000] {processor.py:829} INFO - Processing file /home/airflow/.local/lib/python3.8/site-packages/airflow/example_dags/example_dynamic_task_mapping.py for tasks to queue
[2026-06-08T13:17:35.261+0000] {logging_mixin.py:154} INFO - [2026-06-08T13:17:35.260+0000] {dagbag.py:536} INFO - Filling up the DagBag from /home/airflow/.local/lib/python3.8/site-packages/airflow/example_dags/example_dynamic_task_mapping.py
[2026-06-08T13:17:35.306+0000] {processor.py:839} INFO - DAG(s) dict_keys(['example_dynamic_task_mapping']) retrieved from /home/airflow/.local/lib/python3.8/site-packages/airflow/example_dags/example_dynamic_task_mapping.py
[2026-06-08T13:17:35.386+0000] {logging_mixin.py:154} INFO - [2026-06-08T13:17:35.386+0000] {dag.py:2941} INFO - Sync 1 DAGs
[2026-06-08T13:17:35.507+0000] {logging_mixin.py:154} INFO - [2026-06-08T13:17:35.506+0000] {dag.py:3722} INFO - Setting next_dagrun for example_dynamic_task_mapping to 2022-03-04T00:00:00+00:00, run_after=2022-03-05T00:00:00+00:00
[2026-06-08T13:17:35.607+0000] {processor.py:179} INFO - Processing /home/airflow/.local/lib/python3.8/site-packages/airflow/example_dags/example_dynamic_task_mapping.py took 0.399 seconds
[2026-06-08T13:18:06.222+0000] {processor.py:157} INFO - Started process (PID=712) to work on /home/airflow/.local/lib/python3.8/site-packages/airflow/example_dags/example_dynamic_task_mapping.py
[2026-06-08T13:18:06.226+0000] {processor.py:829} INFO - Processing file /home/airflow/.local/lib/python3.8/site-packages/airflow/example_dags/example_dynamic_task_mapping.py for tasks to queue
[2026-06-08T13:18:06.241+0000] {logging_mixin.py:154} INFO - [2026-06-08T13:18:06.241+0000] {dagbag.py:536} INFO - Filling up the DagBag from /home/airflow/.local/lib/python3.8/site-packages/airflow/example_dags/example_dynamic_task_mapping.py
[2026-06-08T13:18:06.314+0000] {processor.py:839} INFO - DAG(s) dict_keys(['example_dynamic_task_mapping']) retrieved from /home/airflow/.local/lib/python3.8/site-packages/airflow/example_dags/example_dynamic_task_mapping.py
[2026-06-08T13:18:06.370+0000] {logging_mixin.py:154} INFO - [2026-06-08T13:18:06.370+0000] {dag.py:2941} INFO - Sync 1 DAGs
[2026-06-08T13:18:06.489+0000] {logging_mixin.py:154} INFO - [2026-06-08T13:18:06.489+0000] {dag.py:3722} INFO - Setting next_dagrun for example_dynamic_task_mapping to 2022-03-04T00:00:00+00:00, run_after=2022-03-05T00:00:00+00:00
[2026-06-08T13:18:06.569+0000] {processor.py:179} INFO - Processing /home/airflow/.local/lib/python3.8/site-packages/airflow/example_dags/example_dynamic_task_mapping.py took 0.385 seconds
[2026-06-08T13:18:37.051+0000] {processor.py:157} INFO - Started process (PID=760) to work on /home/airflow/.local/lib/python3.8/site-packages/airflow/example_dags/example_dynamic_task_mapping.py
[2026-06-08T13:18:37.054+0000] {processor.py:829} INFO - Processing file /home/airflow/.local/lib/python3.8/site-packages/airflow/example_dags/example_dynamic_task_mapping.py for tasks to queue
[2026-06-08T13:18:37.058+0000] {logging_mixin.py:154} INFO - [2026-06-08T13:18:37.058+0000] {dagbag.py:536} INFO - Filling up the DagBag from /home/airflow/.local/lib/python3.8/site-packages/airflow/example_dags/example_dynamic_task_mapping.py
[2026-06-08T13:18:37.109+0000] {processor.py:839} INFO - DAG(s) dict_keys(['example_dynamic_task_mapping']) retrieved from /home/airflow/.local/lib/python3.8/site-packages/airflow/example_dags/example_dynamic_task_mapping.py
[2026-06-08T13:18:37.179+0000] {logging_mixin.py:154} INFO - [2026-06-08T13:18:37.179+0000] {dag.py:2941} INFO - Sync 1 DAGs
[2026-06-08T13:18:37.242+0000] {logging_mixin.py:154} INFO - [2026-06-08T13:18:37.241+0000] {dag.py:3722} INFO - Setting next_dagrun for example_dynamic_task_mapping to 2022-03-04T00:00:00+00:00, run_after=2022-03-05T00:00:00+00:00
[2026-06-08T13:18:37.281+0000] {processor.py:179} INFO - Processing /home/airflow/.local/lib/python3.8/site-packages/airflow/example_dags/example_dynamic_task_mapping.py took 0.241 seconds
[2026-06-08T13:21:09.314+0000] {processor.py:157} INFO - Started process (PID=41) to work on /home/airflow/.local/lib/python3.8/site-packages/airflow/example_dags/example_dynamic_task_mapping.py
[2026-06-08T13:21:09.322+0000] {processor.py:829} INFO - Processing file /home/airflow/.local/lib/python3.8/site-packages/airflow/example_dags/example_dynamic_task_mapping.py for tasks to queue
[2026-06-08T13:21:09.325+0000] {logging_mixin.py:154} INFO - [2026-06-08T13:21:09.325+0000] {dagbag.py:536} INFO - Filling up the DagBag from /home/airflow/.local/lib/python3.8/site-packages/airflow/example_dags/example_dynamic_task_mapping.py
[2026-06-08T13:21:09.359+0000] {processor.py:839} INFO - DAG(s) dict_keys(['example_dynamic_task_mapping']) retrieved from /home/airflow/.local/lib/python3.8/site-packages/airflow/example_dags/example_dynamic_task_mapping.py
[2026-06-08T13:21:09.510+0000] {logging_mixin.py:154} INFO - [2026-06-08T13:21:09.510+0000] {dag.py:2941} INFO - Sync 1 DAGs
[2026-06-08T13:21:09.642+0000] {logging_mixin.py:154} INFO - [2026-06-08T13:21:09.642+0000] {dag.py:3722} INFO - Setting next_dagrun for example_dynamic_task_mapping to 2022-03-04T00:00:00+00:00, run_after=2022-03-05T00:00:00+00:00
[2026-06-08T13:21:09.737+0000] {processor.py:179} INFO - Processing /home/airflow/.local/lib/python3.8/site-packages/airflow/example_dags/example_dynamic_task_mapping.py took 0.444 seconds
[2026-06-08T13:21:39.805+0000] {processor.py:157} INFO - Started process (PID=88) to work on /home/airflow/.local/lib/python3.8/site-packages/airflow/example_dags/example_dynamic_task_mapping.py
[2026-06-08T13:21:39.806+0000] {processor.py:829} INFO - Processing file /home/airflow/.local/lib/python3.8/site-packages/airflow/example_dags/example_dynamic_task_mapping.py for tasks to queue
[2026-06-08T13:21:39.808+0000] {logging_mixin.py:154} INFO - [2026-06-08T13:21:39.808+0000] {dagbag.py:536} INFO - Filling up the DagBag from /home/airflow/.local/lib/python3.8/site-packages/airflow/example_dags/example_dynamic_task_mapping.py
[2026-06-08T13:21:39.815+0000] {processor.py:839} INFO - DAG(s) dict_keys(['example_dynamic_task_mapping']) retrieved from /home/airflow/.local/lib/python3.8/site-packages/airflow/example_dags/example_dynamic_task_mapping.py
[2026-06-08T13:21:39.838+0000] {logging_mixin.py:154} INFO - [2026-06-08T13:21:39.838+0000] {dag.py:2941} INFO - Sync 1 DAGs
[2026-06-08T13:21:39.862+0000] {logging_mixin.py:154} INFO - [2026-06-08T13:21:39.862+0000] {dag.py:3722} INFO - Setting next_dagrun for example_dynamic_task_mapping to 2022-03-04T00:00:00+00:00, run_after=2022-03-05T00:00:00+00:00
[2026-06-08T13:21:39.880+0000] {processor.py:179} INFO - Processing /home/airflow/.local/lib/python3.8/site-packages/airflow/example_dags/example_dynamic_task_mapping.py took 0.080 seconds
[2026-06-08T13:22:09.946+0000] {processor.py:157} INFO - Started process (PID=136) to work on /home/airflow/.local/lib/python3.8/site-packages/airflow/example_dags/example_dynamic_task_mapping.py
[2026-06-08T13:22:09.949+0000] {processor.py:829} INFO - Processing file /home/airflow/.local/lib/python3.8/site-packages/airflow/example_dags/example_dynamic_task_mapping.py for tasks to queue
[2026-06-08T13:22:09.955+0000] {logging_mixin.py:154} INFO - [2026-06-08T13:22:09.954+0000] {dagbag.py:536} INFO - Filling up the DagBag from /home/airflow/.local/lib/python3.8/site-packages/airflow/example_dags/example_dynamic_task_mapping.py
[2026-06-08T13:22:09.972+0000] {processor.py:839} INFO - DAG(s) dict_keys(['example_dynamic_task_mapping']) retrieved from /home/airflow/.local/lib/python3.8/site-packages/airflow/example_dags/example_dynamic_task_mapping.py
[2026-06-08T13:22:10.003+0000] {logging_mixin.py:154} INFO - [2026-06-08T13:22:10.003+0000] {dag.py:2941} INFO - Sync 1 DAGs
[2026-06-08T13:22:10.037+0000] {logging_mixin.py:154} INFO - [2026-06-08T13:22:10.037+0000] {dag.py:3722} INFO - Setting next_dagrun for example_dynamic_task_mapping to 2022-03-04T00:00:00+00:00, run_after=2022-03-05T00:00:00+00:00
[2026-06-08T13:22:10.060+0000] {processor.py:179} INFO - Processing /home/airflow/.local/lib/python3.8/site-packages/airflow/example_dags/example_dynamic_task_mapping.py took 0.120 seconds
[2026-06-08T13:22:41.045+0000] {processor.py:157} INFO - Started process (PID=185) to work on /home/airflow/.local/lib/python3.8/site-packages/airflow/example_dags/example_dynamic_task_mapping.py
[2026-06-08T13:22:41.046+0000] {processor.py:829} INFO - Processing file /home/airflow/.local/lib/python3.8/site-packages/airflow/example_dags/example_dynamic_task_mapping.py for tasks to queue
[2026-06-08T13:22:41.049+0000] {logging_mixin.py:154} INFO - [2026-06-08T13:22:41.049+0000] {dagbag.py:536} INFO - Filling up the DagBag from /home/airflow/.local/lib/python3.8/site-packages/airflow/example_dags/example_dynamic_task_mapping.py
[2026-06-08T13:22:41.059+0000] {processor.py:839} INFO - DAG(s) dict_keys(['example_dynamic_task_mapping']) retrieved from /home/airflow/.local/lib/python3.8/site-packages/airflow/example_dags/example_dynamic_task_mapping.py
[2026-06-08T13:22:41.087+0000] {logging_mixin.py:154} INFO - [2026-06-08T13:22:41.086+0000] {dag.py:2941} INFO - Sync 1 DAGs
[2026-06-08T13:22:41.122+0000] {logging_mixin.py:154} INFO - [2026-06-08T13:22:41.121+0000] {dag.py:3722} INFO - Setting next_dagrun for example_dynamic_task_mapping to 2022-03-04T00:00:00+00:00, run_after=2022-03-05T00:00:00+00:00
[2026-06-08T13:22:41.147+0000] {processor.py:179} INFO - Processing /home/airflow/.local/lib/python3.8/site-packages/airflow/example_dags/example_dynamic_task_mapping.py took 0.106 seconds
[2026-06-08T13:23:11.492+0000] {processor.py:157} INFO - Started process (PID=233) to work on /home/airflow/.local/lib/python3.8/site-packages/airflow/example_dags/example_dynamic_task_mapping.py
[2026-06-08T13:23:11.502+0000] {processor.py:829} INFO - Processing file /home/airflow/.local/lib/python3.8/site-packages/airflow/example_dags/example_dynamic_task_mapping.py for tasks to queue
[2026-06-08T13:23:11.505+0000] {logging_mixin.py:154} INFO - [2026-06-08T13:23:11.505+0000] {dagbag.py:536} INFO - Filling up the DagBag from /home/airflow/.local/lib/python3.8/site-packages/airflow/example_dags/example_dynamic_task_mapping.py
[2026-06-08T13:23:11.530+0000] {processor.py:839} INFO - DAG(s) dict_keys(['example_dynamic_task_mapping']) retrieved from /home/airflow/.local/lib/python3.8/site-packages/airflow/example_dags/example_dynamic_task_mapping.py
[2026-06-08T13:23:11.611+0000] {logging_mixin.py:154} INFO - [2026-06-08T13:23:11.610+0000] {dag.py:2941} INFO - Sync 1 DAGs
[2026-06-08T13:23:11.703+0000] {logging_mixin.py:154} INFO - [2026-06-08T13:23:11.702+0000] {dag.py:3722} INFO - Setting next_dagrun for example_dynamic_task_mapping to 2022-03-04T00:00:00+00:00, run_after=2022-03-05T00:00:00+00:00
[2026-06-08T13:23:11.784+0000] {processor.py:179} INFO - Processing /home/airflow/.local/lib/python3.8/site-packages/airflow/example_dags/example_dynamic_task_mapping.py took 0.297 seconds
[2026-06-08T13:23:42.120+0000] {processor.py:157} INFO - Started process (PID=280) to work on /home/airflow/.local/lib/python3.8/site-packages/airflow/example_dags/example_dynamic_task_mapping.py
[2026-06-08T13:23:42.121+0000] {processor.py:829} INFO - Processing file /home/airflow/.local/lib/python3.8/site-packages/airflow/example_dags/example_dynamic_task_mapping.py for tasks to queue
[2026-06-08T13:23:42.124+0000] {logging_mixin.py:154} INFO - [2026-06-08T13:23:42.124+0000] {dagbag.py:536} INFO - Filling up the DagBag from /home/airflow/.local/lib/python3.8/site-packages/airflow/example_dags/example_dynamic_task_mapping.py
[2026-06-08T13:23:42.133+0000] {processor.py:839} INFO - DAG(s) dict_keys(['example_dynamic_task_mapping']) retrieved from /home/airflow/.local/lib/python3.8/site-packages/airflow/example_dags/example_dynamic_task_mapping.py
[2026-06-08T13:23:42.171+0000] {logging_mixin.py:154} INFO - [2026-06-08T13:23:42.171+0000] {dag.py:2941} INFO - Sync 1 DAGs
[2026-06-08T13:23:42.205+0000] {logging_mixin.py:154} INFO - [2026-06-08T13:23:42.205+0000] {dag.py:3722} INFO - Setting next_dagrun for example_dynamic_task_mapping to 2022-03-04T00:00:00+00:00, run_after=2022-03-05T00:00:00+00:00
[2026-06-08T13:23:42.229+0000] {processor.py:179} INFO - Processing /home/airflow/.local/lib/python3.8/site-packages/airflow/example_dags/example_dynamic_task_mapping.py took 0.127 seconds
[2026-06-08T13:24:12.653+0000] {processor.py:157} INFO - Started process (PID=328) to work on /home/airflow/.local/lib/python3.8/site-packages/airflow/example_dags/example_dynamic_task_mapping.py
[2026-06-08T13:24:12.674+0000] {processor.py:829} INFO - Processing file /home/airflow/.local/lib/python3.8/site-packages/airflow/example_dags/example_dynamic_task_mapping.py for tasks to queue
[2026-06-08T13:24:12.677+0000] {logging_mixin.py:154} INFO - [2026-06-08T13:24:12.677+0000] {dagbag.py:536} INFO - Filling up the DagBag from /home/airflow/.local/lib/python3.8/site-packages/airflow/example_dags/example_dynamic_task_mapping.py
[2026-06-08T13:24:12.694+0000] {processor.py:839} INFO - DAG(s) dict_keys(['example_dynamic_task_mapping']) retrieved from /home/airflow/.local/lib/python3.8/site-packages/airflow/example_dags/example_dynamic_task_mapping.py
[2026-06-08T13:24:12.760+0000] {logging_mixin.py:154} INFO - [2026-06-08T13:24:12.760+0000] {dag.py:2941} INFO - Sync 1 DAGs
[2026-06-08T13:24:12.847+0000] {logging_mixin.py:154} INFO - [2026-06-08T13:24:12.846+0000] {dag.py:3722} INFO - Setting next_dagrun for example_dynamic_task_mapping to 2022-03-04T00:00:00+00:00, run_after=2022-03-05T00:00:00+00:00
[2026-06-08T13:24:12.897+0000] {processor.py:179} INFO - Processing /home/airflow/.local/lib/python3.8/site-packages/airflow/example_dags/example_dynamic_task_mapping.py took 0.249 seconds
[2026-06-08T13:24:43.704+0000] {processor.py:157} INFO - Started process (PID=376) to work on /home/airflow/.local/lib/python3.8/site-packages/airflow/example_dags/example_dynamic_task_mapping.py
[2026-06-08T13:24:43.705+0000] {processor.py:829} INFO - Processing file /home/airflow/.local/lib/python3.8/site-packages/airflow/example_dags/example_dynamic_task_mapping.py for tasks to queue
[2026-06-08T13:24:43.709+0000] {logging_mixin.py:154} INFO - [2026-06-08T13:24:43.709+0000] {dagbag.py:536} INFO - Filling up the DagBag from /home/airflow/.local/lib/python3.8/site-packages/airflow/example_dags/example_dynamic_task_mapping.py
[2026-06-08T13:24:43.717+0000] {processor.py:839} INFO - DAG(s) dict_keys(['example_dynamic_task_mapping']) retrieved from /home/airflow/.local/lib/python3.8/site-packages/airflow/example_dags/example_dynamic_task_mapping.py
[2026-06-08T13:24:43.744+0000] {logging_mixin.py:154} INFO - [2026-06-08T13:24:43.744+0000] {dag.py:2941} INFO - Sync 1 DAGs
[2026-06-08T13:24:43.778+0000] {logging_mixin.py:154} INFO - [2026-06-08T13:24:43.777+0000] {dag.py:3722} INFO - Setting next_dagrun for example_dynamic_task_mapping to 2022-03-04T00:00:00+00:00, run_after=2022-03-05T00:00:00+00:00
[2026-06-08T13:24:43.799+0000] {processor.py:179} INFO - Processing /home/airflow/.local/lib/python3.8/site-packages/airflow/example_dags/example_dynamic_task_mapping.py took 0.100 seconds
[2026-06-08T13:25:14.002+0000] {processor.py:157} INFO - Started process (PID=424) to work on /home/airflow/.local/lib/python3.8/site-packages/airflow/example_dags/example_dynamic_task_mapping.py
[2026-06-08T13:25:14.003+0000] {processor.py:829} INFO - Processing file /home/airflow/.local/lib/python3.8/site-packages/airflow/example_dags/example_dynamic_task_mapping.py for tasks to queue
[2026-06-08T13:25:14.006+0000] {logging_mixin.py:154} INFO - [2026-06-08T13:25:14.006+0000] {dagbag.py:536} INFO - Filling up the DagBag from /home/airflow/.local/lib/python3.8/site-packages/airflow/example_dags/example_dynamic_task_mapping.py
[2026-06-08T13:25:14.014+0000] {processor.py:839} INFO - DAG(s) dict_keys(['example_dynamic_task_mapping']) retrieved from /home/airflow/.local/lib/python3.8/site-packages/airflow/example_dags/example_dynamic_task_mapping.py
[2026-06-08T13:25:14.036+0000] {logging_mixin.py:154} INFO - [2026-06-08T13:25:14.035+0000] {dag.py:2941} INFO - Sync 1 DAGs
[2026-06-08T13:25:14.061+0000] {logging_mixin.py:154} INFO - [2026-06-08T13:25:14.061+0000] {dag.py:3722} INFO - Setting next_dagrun for example_dynamic_task_mapping to 2022-03-04T00:00:00+00:00, run_after=2022-03-05T00:00:00+00:00
[2026-06-08T13:25:14.079+0000] {processor.py:179} INFO - Processing /home/airflow/.local/lib/python3.8/site-packages/airflow/example_dags/example_dynamic_task_mapping.py took 0.083 seconds
[2026-06-08T13:25:44.974+0000] {processor.py:157} INFO - Started process (PID=472) to work on /home/airflow/.local/lib/python3.8/site-packages/airflow/example_dags/example_dynamic_task_mapping.py
[2026-06-08T13:25:44.975+0000] {processor.py:829} INFO - Processing file /home/airflow/.local/lib/python3.8/site-packages/airflow/example_dags/example_dynamic_task_mapping.py for tasks to queue
[2026-06-08T13:25:44.978+0000] {logging_mixin.py:154} INFO - [2026-06-08T13:25:44.977+0000] {dagbag.py:536} INFO - Filling up the DagBag from /home/airflow/.local/lib/python3.8/site-packages/airflow/example_dags/example_dynamic_task_mapping.py
[2026-06-08T13:25:44.985+0000] {processor.py:839} INFO - DAG(s) dict_keys(['example_dynamic_task_mapping']) retrieved from /home/airflow/.local/lib/python3.8/site-packages/airflow/example_dags/example_dynamic_task_mapping.py
[2026-06-08T13:25:45.007+0000] {logging_mixin.py:154} INFO - [2026-06-08T13:25:45.007+0000] {dag.py:2941} INFO - Sync 1 DAGs
[2026-06-08T13:25:45.032+0000] {logging_mixin.py:154} INFO - [2026-06-08T13:25:45.032+0000] {dag.py:3722} INFO - Setting next_dagrun for example_dynamic_task_mapping to 2022-03-04T00:00:00+00:00, run_after=2022-03-05T00:00:00+00:00
[2026-06-08T13:25:45.051+0000] {processor.py:179} INFO - Processing /home/airflow/.local/lib/python3.8/site-packages/airflow/example_dags/example_dynamic_task_mapping.py took 0.081 seconds
[2026-06-08T13:26:15.155+0000] {processor.py:157} INFO - Started process (PID=520) to work on /home/airflow/.local/lib/python3.8/site-packages/airflow/example_dags/example_dynamic_task_mapping.py
[2026-06-08T13:26:15.157+0000] {processor.py:829} INFO - Processing file /home/airflow/.local/lib/python3.8/site-packages/airflow/example_dags/example_dynamic_task_mapping.py for tasks to queue
[2026-06-08T13:26:15.160+0000] {logging_mixin.py:154} INFO - [2026-06-08T13:26:15.159+0000] {dagbag.py:536} INFO - Filling up the DagBag from /home/airflow/.local/lib/python3.8/site-packages/airflow/example_dags/example_dynamic_task_mapping.py
[2026-06-08T13:26:15.168+0000] {processor.py:839} INFO - DAG(s) dict_keys(['example_dynamic_task_mapping']) retrieved from /home/airflow/.local/lib/python3.8/site-packages/airflow/example_dags/example_dynamic_task_mapping.py
[2026-06-08T13:26:15.188+0000] {logging_mixin.py:154} INFO - [2026-06-08T13:26:15.188+0000] {dag.py:2941} INFO - Sync 1 DAGs
[2026-06-08T13:26:15.218+0000] {logging_mixin.py:154} INFO - [2026-06-08T13:26:15.217+0000] {dag.py:3722} INFO - Setting next_dagrun for example_dynamic_task_mapping to 2022-03-04T00:00:00+00:00, run_after=2022-03-05T00:00:00+00:00
[2026-06-08T13:26:15.238+0000] {processor.py:179} INFO - Processing /home/airflow/.local/lib/python3.8/site-packages/airflow/example_dags/example_dynamic_task_mapping.py took 0.088 seconds
[2026-06-08T13:26:45.529+0000] {processor.py:157} INFO - Started process (PID=568) to work on /home/airflow/.local/lib/python3.8/site-packages/airflow/example_dags/example_dynamic_task_mapping.py
[2026-06-08T13:26:45.546+0000] {processor.py:829} INFO - Processing file /home/airflow/.local/lib/python3.8/site-packages/airflow/example_dags/example_dynamic_task_mapping.py for tasks to queue
[2026-06-08T13:26:45.550+0000] {logging_mixin.py:154} INFO - [2026-06-08T13:26:45.549+0000] {dagbag.py:536} INFO - Filling up the DagBag from /home/airflow/.local/lib/python3.8/site-packages/airflow/example_dags/example_dynamic_task_mapping.py
[2026-06-08T13:26:45.561+0000] {processor.py:839} INFO - DAG(s) dict_keys(['example_dynamic_task_mapping']) retrieved from /home/airflow/.local/lib/python3.8/site-packages/airflow/example_dags/example_dynamic_task_mapping.py
[2026-06-08T13:26:45.587+0000] {logging_mixin.py:154} INFO - [2026-06-08T13:26:45.587+0000] {dag.py:2941} INFO - Sync 1 DAGs
[2026-06-08T13:26:45.620+0000] {logging_mixin.py:154} INFO - [2026-06-08T13:26:45.620+0000] {dag.py:3722} INFO - Setting next_dagrun for example_dynamic_task_mapping to 2022-03-04T00:00:00+00:00, run_after=2022-03-05T00:00:00+00:00
[2026-06-08T13:26:45.656+0000] {processor.py:179} INFO - Processing /home/airflow/.local/lib/python3.8/site-packages/airflow/example_dags/example_dynamic_task_mapping.py took 0.132 seconds
[2026-06-08T13:27:16.217+0000] {processor.py:157} INFO - Started process (PID=616) to work on /home/airflow/.local/lib/python3.8/site-packages/airflow/example_dags/example_dynamic_task_mapping.py
[2026-06-08T13:27:16.219+0000] {processor.py:829} INFO - Processing file /home/airflow/.local/lib/python3.8/site-packages/airflow/example_dags/example_dynamic_task_mapping.py for tasks to queue
[2026-06-08T13:27:16.223+0000] {logging_mixin.py:154} INFO - [2026-06-08T13:27:16.222+0000] {dagbag.py:536} INFO - Filling up the DagBag from /home/airflow/.local/lib/python3.8/site-packages/airflow/example_dags/example_dynamic_task_mapping.py
[2026-06-08T13:27:16.235+0000] {processor.py:839} INFO - DAG(s) dict_keys(['example_dynamic_task_mapping']) retrieved from /home/airflow/.local/lib/python3.8/site-packages/airflow/example_dags/example_dynamic_task_mapping.py
[2026-06-08T13:27:16.264+0000] {logging_mixin.py:154} INFO - [2026-06-08T13:27:16.264+0000] {dag.py:2941} INFO - Sync 1 DAGs
[2026-06-08T13:27:16.314+0000] {logging_mixin.py:154} INFO - [2026-06-08T13:27:16.314+0000] {dag.py:3722} INFO - Setting next_dagrun for example_dynamic_task_mapping to 2022-03-04T00:00:00+00:00, run_after=2022-03-05T00:00:00+00:00
[2026-06-08T13:27:16.341+0000] {processor.py:179} INFO - Processing /home/airflow/.local/lib/python3.8/site-packages/airflow/example_dags/example_dynamic_task_mapping.py took 0.129 seconds
[2026-06-08T13:27:46.860+0000] {processor.py:157} INFO - Started process (PID=664) to work on /home/airflow/.local/lib/python3.8/site-packages/airflow/example_dags/example_dynamic_task_mapping.py
[2026-06-08T13:27:46.861+0000] {processor.py:829} INFO - Processing file /home/airflow/.local/lib/python3.8/site-packages/airflow/example_dags/example_dynamic_task_mapping.py for tasks to queue
[2026-06-08T13:27:46.864+0000] {logging_mixin.py:154} INFO - [2026-06-08T13:27:46.864+0000] {dagbag.py:536} INFO - Filling up the DagBag from /home/airflow/.local/lib/python3.8/site-packages/airflow/example_dags/example_dynamic_task_mapping.py
[2026-06-08T13:27:46.874+0000] {processor.py:839} INFO - DAG(s) dict_keys(['example_dynamic_task_mapping']) retrieved from /home/airflow/.local/lib/python3.8/site-packages/airflow/example_dags/example_dynamic_task_mapping.py
[2026-06-08T13:27:46.903+0000] {logging_mixin.py:154} INFO - [2026-06-08T13:27:46.903+0000] {dag.py:2941} INFO - Sync 1 DAGs
[2026-06-08T13:27:46.937+0000] {logging_mixin.py:154} INFO - [2026-06-08T13:27:46.937+0000] {dag.py:3722} INFO - Setting next_dagrun for example_dynamic_task_mapping to 2022-03-04T00:00:00+00:00, run_after=2022-03-05T00:00:00+00:00
[2026-06-08T13:27:46.961+0000] {processor.py:179} INFO - Processing /home/airflow/.local/lib/python3.8/site-packages/airflow/example_dags/example_dynamic_task_mapping.py took 0.116 seconds
[2026-06-08T13:28:17.719+0000] {processor.py:157} INFO - Started process (PID=712) to work on /home/airflow/.local/lib/python3.8/site-packages/airflow/example_dags/example_dynamic_task_mapping.py
[2026-06-08T13:28:17.721+0000] {processor.py:829} INFO - Processing file /home/airflow/.local/lib/python3.8/site-packages/airflow/example_dags/example_dynamic_task_mapping.py for tasks to queue
[2026-06-08T13:28:17.723+0000] {logging_mixin.py:154} INFO - [2026-06-08T13:28:17.723+0000] {dagbag.py:536} INFO - Filling up the DagBag from /home/airflow/.local/lib/python3.8/site-packages/airflow/example_dags/example_dynamic_task_mapping.py
[2026-06-08T13:28:17.732+0000] {processor.py:839} INFO - DAG(s) dict_keys(['example_dynamic_task_mapping']) retrieved from /home/airflow/.local/lib/python3.8/site-packages/airflow/example_dags/example_dynamic_task_mapping.py
[2026-06-08T13:28:17.757+0000] {logging_mixin.py:154} INFO - [2026-06-08T13:28:17.757+0000] {dag.py:2941} INFO - Sync 1 DAGs
[2026-06-08T13:28:17.782+0000] {logging_mixin.py:154} INFO - [2026-06-08T13:28:17.781+0000] {dag.py:3722} INFO - Setting next_dagrun for example_dynamic_task_mapping to 2022-03-04T00:00:00+00:00, run_after=2022-03-05T00:00:00+00:00
[2026-06-08T13:28:17.802+0000] {processor.py:179} INFO - Processing /home/airflow/.local/lib/python3.8/site-packages/airflow/example_dags/example_dynamic_task_mapping.py took 0.087 seconds
[2026-06-08T13:32:24.416+0000] {processor.py:157} INFO - Started process (PID=39) to work on /home/airflow/.local/lib/python3.10/site-packages/airflow/example_dags/example_dynamic_task_mapping.py
[2026-06-08T13:32:24.422+0000] {processor.py:829} INFO - Processing file /home/airflow/.local/lib/python3.10/site-packages/airflow/example_dags/example_dynamic_task_mapping.py for tasks to queue
[2026-06-08T13:32:24.426+0000] {logging_mixin.py:154} INFO - [2026-06-08T13:32:24.426+0000] {dagbag.py:536} INFO - Filling up the DagBag from /home/airflow/.local/lib/python3.10/site-packages/airflow/example_dags/example_dynamic_task_mapping.py
[2026-06-08T13:32:24.464+0000] {processor.py:839} INFO - DAG(s) dict_keys(['example_dynamic_task_mapping']) retrieved from /home/airflow/.local/lib/python3.10/site-packages/airflow/example_dags/example_dynamic_task_mapping.py
[2026-06-08T13:32:24.578+0000] {logging_mixin.py:154} INFO - [2026-06-08T13:32:24.578+0000] {dag.py:2941} INFO - Sync 1 DAGs
[2026-06-08T13:32:24.691+0000] {logging_mixin.py:154} INFO - [2026-06-08T13:32:24.690+0000] {dag.py:3722} INFO - Setting next_dagrun for example_dynamic_task_mapping to 2022-03-04T00:00:00+00:00, run_after=2022-03-05T00:00:00+00:00
[2026-06-08T13:32:24.747+0000] {processor.py:179} INFO - Processing /home/airflow/.local/lib/python3.10/site-packages/airflow/example_dags/example_dynamic_task_mapping.py took 0.337 seconds
[2026-06-08T13:32:55.588+0000] {processor.py:157} INFO - Started process (PID=88) to work on /home/airflow/.local/lib/python3.10/site-packages/airflow/example_dags/example_dynamic_task_mapping.py
[2026-06-08T13:32:55.594+0000] {processor.py:829} INFO - Processing file /home/airflow/.local/lib/python3.10/site-packages/airflow/example_dags/example_dynamic_task_mapping.py for tasks to queue
[2026-06-08T13:32:55.596+0000] {logging_mixin.py:154} INFO - [2026-06-08T13:32:55.596+0000] {dagbag.py:536} INFO - Filling up the DagBag from /home/airflow/.local/lib/python3.10/site-packages/airflow/example_dags/example_dynamic_task_mapping.py
[2026-06-08T13:32:55.606+0000] {processor.py:839} INFO - DAG(s) dict_keys(['example_dynamic_task_mapping']) retrieved from /home/airflow/.local/lib/python3.10/site-packages/airflow/example_dags/example_dynamic_task_mapping.py
[2026-06-08T13:32:55.631+0000] {logging_mixin.py:154} INFO - [2026-06-08T13:32:55.630+0000] {dag.py:2941} INFO - Sync 1 DAGs
[2026-06-08T13:32:55.663+0000] {logging_mixin.py:154} INFO - [2026-06-08T13:32:55.662+0000] {dag.py:3722} INFO - Setting next_dagrun for example_dynamic_task_mapping to 2022-03-04T00:00:00+00:00, run_after=2022-03-05T00:00:00+00:00
[2026-06-08T13:32:55.686+0000] {processor.py:179} INFO - Processing /home/airflow/.local/lib/python3.10/site-packages/airflow/example_dags/example_dynamic_task_mapping.py took 0.103 seconds
[2026-06-08T13:33:28.151+0000] {processor.py:157} INFO - Started process (PID=137) to work on /home/airflow/.local/lib/python3.10/site-packages/airflow/example_dags/example_dynamic_task_mapping.py
[2026-06-08T13:33:28.155+0000] {processor.py:829} INFO - Processing file /home/airflow/.local/lib/python3.10/site-packages/airflow/example_dags/example_dynamic_task_mapping.py for tasks to queue
[2026-06-08T13:33:28.164+0000] {logging_mixin.py:154} INFO - [2026-06-08T13:33:28.161+0000] {dagbag.py:536} INFO - Filling up the DagBag from /home/airflow/.local/lib/python3.10/site-packages/airflow/example_dags/example_dynamic_task_mapping.py
[2026-06-08T13:33:28.177+0000] {processor.py:839} INFO - DAG(s) dict_keys(['example_dynamic_task_mapping']) retrieved from /home/airflow/.local/lib/python3.10/site-packages/airflow/example_dags/example_dynamic_task_mapping.py
[2026-06-08T13:33:28.223+0000] {logging_mixin.py:154} INFO - [2026-06-08T13:33:28.223+0000] {dag.py:2941} INFO - Sync 1 DAGs
[2026-06-08T13:33:28.315+0000] {logging_mixin.py:154} INFO - [2026-06-08T13:33:28.314+0000] {dag.py:3722} INFO - Setting next_dagrun for example_dynamic_task_mapping to 2022-03-04T00:00:00+00:00, run_after=2022-03-05T00:00:00+00:00
[2026-06-08T13:33:28.387+0000] {processor.py:179} INFO - Processing /home/airflow/.local/lib/python3.10/site-packages/airflow/example_dags/example_dynamic_task_mapping.py took 0.242 seconds
[2026-06-08T13:33:58.975+0000] {processor.py:157} INFO - Started process (PID=186) to work on /home/airflow/.local/lib/python3.10/site-packages/airflow/example_dags/example_dynamic_task_mapping.py
[2026-06-08T13:33:58.976+0000] {processor.py:829} INFO - Processing file /home/airflow/.local/lib/python3.10/site-packages/airflow/example_dags/example_dynamic_task_mapping.py for tasks to queue
[2026-06-08T13:33:58.979+0000] {logging_mixin.py:154} INFO - [2026-06-08T13:33:58.979+0000] {dagbag.py:536} INFO - Filling up the DagBag from /home/airflow/.local/lib/python3.10/site-packages/airflow/example_dags/example_dynamic_task_mapping.py
[2026-06-08T13:33:58.988+0000] {processor.py:839} INFO - DAG(s) dict_keys(['example_dynamic_task_mapping']) retrieved from /home/airflow/.local/lib/python3.10/site-packages/airflow/example_dags/example_dynamic_task_mapping.py
[2026-06-08T13:33:59.016+0000] {logging_mixin.py:154} INFO - [2026-06-08T13:33:59.015+0000] {dag.py:2941} INFO - Sync 1 DAGs
[2026-06-08T13:33:59.048+0000] {logging_mixin.py:154} INFO - [2026-06-08T13:33:59.047+0000] {dag.py:3722} INFO - Setting next_dagrun for example_dynamic_task_mapping to 2022-03-04T00:00:00+00:00, run_after=2022-03-05T00:00:00+00:00
[2026-06-08T13:33:59.104+0000] {processor.py:179} INFO - Processing /home/airflow/.local/lib/python3.10/site-packages/airflow/example_dags/example_dynamic_task_mapping.py took 0.134 seconds
[2026-06-08T13:34:30.081+0000] {processor.py:157} INFO - Started process (PID=235) to work on /home/airflow/.local/lib/python3.10/site-packages/airflow/example_dags/example_dynamic_task_mapping.py
[2026-06-08T13:34:30.084+0000] {processor.py:829} INFO - Processing file /home/airflow/.local/lib/python3.10/site-packages/airflow/example_dags/example_dynamic_task_mapping.py for tasks to queue
[2026-06-08T13:34:30.096+0000] {logging_mixin.py:154} INFO - [2026-06-08T13:34:30.096+0000] {dagbag.py:536} INFO - Filling up the DagBag from /home/airflow/.local/lib/python3.10/site-packages/airflow/example_dags/example_dynamic_task_mapping.py
[2026-06-08T13:34:30.111+0000] {processor.py:839} INFO - DAG(s) dict_keys(['example_dynamic_task_mapping']) retrieved from /home/airflow/.local/lib/python3.10/site-packages/airflow/example_dags/example_dynamic_task_mapping.py
[2026-06-08T13:34:30.146+0000] {logging_mixin.py:154} INFO - [2026-06-08T13:34:30.146+0000] {dag.py:2941} INFO - Sync 1 DAGs
[2026-06-08T13:34:30.178+0000] {logging_mixin.py:154} INFO - [2026-06-08T13:34:30.178+0000] {dag.py:3722} INFO - Setting next_dagrun for example_dynamic_task_mapping to 2022-03-04T00:00:00+00:00, run_after=2022-03-05T00:00:00+00:00
[2026-06-08T13:34:30.204+0000] {processor.py:179} INFO - Processing /home/airflow/.local/lib/python3.10/site-packages/airflow/example_dags/example_dynamic_task_mapping.py took 0.130 seconds
[2026-06-08T13:35:00.383+0000] {processor.py:157} INFO - Started process (PID=282) to work on /home/airflow/.local/lib/python3.10/site-packages/airflow/example_dags/example_dynamic_task_mapping.py
[2026-06-08T13:35:00.387+0000] {processor.py:829} INFO - Processing file /home/airflow/.local/lib/python3.10/site-packages/airflow/example_dags/example_dynamic_task_mapping.py for tasks to queue
[2026-06-08T13:35:00.393+0000] {logging_mixin.py:154} INFO - [2026-06-08T13:35:00.392+0000] {dagbag.py:536} INFO - Filling up the DagBag from /home/airflow/.local/lib/python3.10/site-packages/airflow/example_dags/example_dynamic_task_mapping.py
[2026-06-08T13:35:00.419+0000] {processor.py:839} INFO - DAG(s) dict_keys(['example_dynamic_task_mapping']) retrieved from /home/airflow/.local/lib/python3.10/site-packages/airflow/example_dags/example_dynamic_task_mapping.py
[2026-06-08T13:35:00.455+0000] {logging_mixin.py:154} INFO - [2026-06-08T13:35:00.455+0000] {dag.py:2941} INFO - Sync 1 DAGs
[2026-06-08T13:35:00.487+0000] {logging_mixin.py:154} INFO - [2026-06-08T13:35:00.486+0000] {dag.py:3722} INFO - Setting next_dagrun for example_dynamic_task_mapping to 2022-03-04T00:00:00+00:00, run_after=2022-03-05T00:00:00+00:00
[2026-06-08T13:35:00.526+0000] {processor.py:179} INFO - Processing /home/airflow/.local/lib/python3.10/site-packages/airflow/example_dags/example_dynamic_task_mapping.py took 0.154 seconds
[2026-06-08T13:39:24.908+0000] {processor.py:157} INFO - Started process (PID=316) to work on /home/airflow/.local/lib/python3.10/site-packages/airflow/example_dags/example_dynamic_task_mapping.py
[2026-06-08T13:39:24.936+0000] {processor.py:829} INFO - Processing file /home/airflow/.local/lib/python3.10/site-packages/airflow/example_dags/example_dynamic_task_mapping.py for tasks to queue
[2026-06-08T13:39:24.938+0000] {logging_mixin.py:154} INFO - [2026-06-08T13:39:24.937+0000] {dagbag.py:536} INFO - Filling up the DagBag from /home/airflow/.local/lib/python3.10/site-packages/airflow/example_dags/example_dynamic_task_mapping.py
[2026-06-08T13:39:25.022+0000] {processor.py:839} INFO - DAG(s) dict_keys(['example_dynamic_task_mapping']) retrieved from /home/airflow/.local/lib/python3.10/site-packages/airflow/example_dags/example_dynamic_task_mapping.py
[2026-06-08T13:39:25.274+0000] {logging_mixin.py:154} INFO - [2026-06-08T13:39:25.274+0000] {dag.py:2941} INFO - Sync 1 DAGs
[2026-06-08T13:39:25.426+0000] {logging_mixin.py:154} INFO - [2026-06-08T13:39:25.426+0000] {dag.py:3722} INFO - Setting next_dagrun for example_dynamic_task_mapping to 2022-03-04T00:00:00+00:00, run_after=2022-03-05T00:00:00+00:00
[2026-06-08T13:39:25.599+0000] {processor.py:179} INFO - Processing /home/airflow/.local/lib/python3.10/site-packages/airflow/example_dags/example_dynamic_task_mapping.py took 0.768 seconds
[2026-06-08T13:39:55.772+0000] {processor.py:157} INFO - Started process (PID=365) to work on /home/airflow/.local/lib/python3.10/site-packages/airflow/example_dags/example_dynamic_task_mapping.py
[2026-06-08T13:39:55.779+0000] {processor.py:829} INFO - Processing file /home/airflow/.local/lib/python3.10/site-packages/airflow/example_dags/example_dynamic_task_mapping.py for tasks to queue
[2026-06-08T13:39:55.783+0000] {logging_mixin.py:154} INFO - [2026-06-08T13:39:55.781+0000] {dagbag.py:536} INFO - Filling up the DagBag from /home/airflow/.local/lib/python3.10/site-packages/airflow/example_dags/example_dynamic_task_mapping.py
[2026-06-08T13:39:55.801+0000] {processor.py:839} INFO - DAG(s) dict_keys(['example_dynamic_task_mapping']) retrieved from /home/airflow/.local/lib/python3.10/site-packages/airflow/example_dags/example_dynamic_task_mapping.py
[2026-06-08T13:39:55.881+0000] {logging_mixin.py:154} INFO - [2026-06-08T13:39:55.881+0000] {dag.py:2941} INFO - Sync 1 DAGs
[2026-06-08T13:39:55.949+0000] {logging_mixin.py:154} INFO - [2026-06-08T13:39:55.949+0000] {dag.py:3722} INFO - Setting next_dagrun for example_dynamic_task_mapping to 2022-03-04T00:00:00+00:00, run_after=2022-03-05T00:00:00+00:00
[2026-06-08T13:39:56.017+0000] {processor.py:179} INFO - Processing /home/airflow/.local/lib/python3.10/site-packages/airflow/example_dags/example_dynamic_task_mapping.py took 0.255 seconds
[2026-06-08T13:40:26.552+0000] {processor.py:157} INFO - Started process (PID=414) to work on /home/airflow/.local/lib/python3.10/site-packages/airflow/example_dags/example_dynamic_task_mapping.py
[2026-06-08T13:40:26.566+0000] {processor.py:829} INFO - Processing file /home/airflow/.local/lib/python3.10/site-packages/airflow/example_dags/example_dynamic_task_mapping.py for tasks to queue
[2026-06-08T13:40:26.568+0000] {logging_mixin.py:154} INFO - [2026-06-08T13:40:26.567+0000] {dagbag.py:536} INFO - Filling up the DagBag from /home/airflow/.local/lib/python3.10/site-packages/airflow/example_dags/example_dynamic_task_mapping.py
[2026-06-08T13:40:26.582+0000] {processor.py:839} INFO - DAG(s) dict_keys(['example_dynamic_task_mapping']) retrieved from /home/airflow/.local/lib/python3.10/site-packages/airflow/example_dags/example_dynamic_task_mapping.py
[2026-06-08T13:40:26.628+0000] {logging_mixin.py:154} INFO - [2026-06-08T13:40:26.627+0000] {dag.py:2941} INFO - Sync 1 DAGs
[2026-06-08T13:40:26.676+0000] {logging_mixin.py:154} INFO - [2026-06-08T13:40:26.675+0000] {dag.py:3722} INFO - Setting next_dagrun for example_dynamic_task_mapping to 2022-03-04T00:00:00+00:00, run_after=2022-03-05T00:00:00+00:00
[2026-06-08T13:40:26.721+0000] {processor.py:179} INFO - Processing /home/airflow/.local/lib/python3.10/site-packages/airflow/example_dags/example_dynamic_task_mapping.py took 0.181 seconds
[2026-06-08T13:41:00.327+0000] {processor.py:157} INFO - Started process (PID=463) to work on /home/airflow/.local/lib/python3.10/site-packages/airflow/example_dags/example_dynamic_task_mapping.py
[2026-06-08T13:41:00.334+0000] {processor.py:829} INFO - Processing file /home/airflow/.local/lib/python3.10/site-packages/airflow/example_dags/example_dynamic_task_mapping.py for tasks to queue
[2026-06-08T13:41:00.336+0000] {logging_mixin.py:154} INFO - [2026-06-08T13:41:00.335+0000] {dagbag.py:536} INFO - Filling up the DagBag from /home/airflow/.local/lib/python3.10/site-packages/airflow/example_dags/example_dynamic_task_mapping.py
[2026-06-08T13:41:00.359+0000] {processor.py:839} INFO - DAG(s) dict_keys(['example_dynamic_task_mapping']) retrieved from /home/airflow/.local/lib/python3.10/site-packages/airflow/example_dags/example_dynamic_task_mapping.py
[2026-06-08T13:41:00.389+0000] {logging_mixin.py:154} INFO - [2026-06-08T13:41:00.389+0000] {dag.py:2941} INFO - Sync 1 DAGs
[2026-06-08T13:41:00.422+0000] {logging_mixin.py:154} INFO - [2026-06-08T13:41:00.421+0000] {dag.py:3722} INFO - Setting next_dagrun for example_dynamic_task_mapping to 2022-03-04T00:00:00+00:00, run_after=2022-03-05T00:00:00+00:00
[2026-06-08T13:41:00.461+0000] {processor.py:179} INFO - Processing /home/airflow/.local/lib/python3.10/site-packages/airflow/example_dags/example_dynamic_task_mapping.py took 0.143 seconds
[2026-06-08T13:41:32.084+0000] {processor.py:157} INFO - Started process (PID=513) to work on /home/airflow/.local/lib/python3.10/site-packages/airflow/example_dags/example_dynamic_task_mapping.py
[2026-06-08T13:41:32.087+0000] {processor.py:829} INFO - Processing file /home/airflow/.local/lib/python3.10/site-packages/airflow/example_dags/example_dynamic_task_mapping.py for tasks to queue
[2026-06-08T13:41:32.088+0000] {logging_mixin.py:154} INFO - [2026-06-08T13:41:32.088+0000] {dagbag.py:536} INFO - Filling up the DagBag from /home/airflow/.local/lib/python3.10/site-packages/airflow/example_dags/example_dynamic_task_mapping.py
[2026-06-08T13:41:32.104+0000] {processor.py:839} INFO - DAG(s) dict_keys(['example_dynamic_task_mapping']) retrieved from /home/airflow/.local/lib/python3.10/site-packages/airflow/example_dags/example_dynamic_task_mapping.py
[2026-06-08T13:41:32.133+0000] {logging_mixin.py:154} INFO - [2026-06-08T13:41:32.133+0000] {dag.py:2941} INFO - Sync 1 DAGs
[2026-06-08T13:41:32.163+0000] {logging_mixin.py:154} INFO - [2026-06-08T13:41:32.163+0000] {dag.py:3722} INFO - Setting next_dagrun for example_dynamic_task_mapping to 2022-03-04T00:00:00+00:00, run_after=2022-03-05T00:00:00+00:00
[2026-06-08T13:41:32.203+0000] {processor.py:179} INFO - Processing /home/airflow/.local/lib/python3.10/site-packages/airflow/example_dags/example_dynamic_task_mapping.py took 0.137 seconds
[2026-06-08T13:42:02.598+0000] {processor.py:157} INFO - Started process (PID=565) to work on /home/airflow/.local/lib/python3.10/site-packages/airflow/example_dags/example_dynamic_task_mapping.py
[2026-06-08T13:42:02.600+0000] {processor.py:829} INFO - Processing file /home/airflow/.local/lib/python3.10/site-packages/airflow/example_dags/example_dynamic_task_mapping.py for tasks to queue
[2026-06-08T13:42:02.601+0000] {logging_mixin.py:154} INFO - [2026-06-08T13:42:02.601+0000] {dagbag.py:536} INFO - Filling up the DagBag from /home/airflow/.local/lib/python3.10/site-packages/airflow/example_dags/example_dynamic_task_mapping.py
[2026-06-08T13:42:02.630+0000] {processor.py:839} INFO - DAG(s) dict_keys(['example_dynamic_task_mapping']) retrieved from /home/airflow/.local/lib/python3.10/site-packages/airflow/example_dags/example_dynamic_task_mapping.py
[2026-06-08T13:42:02.670+0000] {logging_mixin.py:154} INFO - [2026-06-08T13:42:02.669+0000] {dag.py:2941} INFO - Sync 1 DAGs
[2026-06-08T13:42:02.702+0000] {logging_mixin.py:154} INFO - [2026-06-08T13:42:02.702+0000] {dag.py:3722} INFO - Setting next_dagrun for example_dynamic_task_mapping to 2022-03-04T00:00:00+00:00, run_after=2022-03-05T00:00:00+00:00
[2026-06-08T13:42:03.018+0000] {processor.py:179} INFO - Processing /home/airflow/.local/lib/python3.10/site-packages/airflow/example_dags/example_dynamic_task_mapping.py took 0.426 seconds
[2026-06-08T13:42:33.771+0000] {processor.py:157} INFO - Started process (PID=614) to work on /home/airflow/.local/lib/python3.10/site-packages/airflow/example_dags/example_dynamic_task_mapping.py
[2026-06-08T13:42:33.773+0000] {processor.py:829} INFO - Processing file /home/airflow/.local/lib/python3.10/site-packages/airflow/example_dags/example_dynamic_task_mapping.py for tasks to queue
[2026-06-08T13:42:33.774+0000] {logging_mixin.py:154} INFO - [2026-06-08T13:42:33.774+0000] {dagbag.py:536} INFO - Filling up the DagBag from /home/airflow/.local/lib/python3.10/site-packages/airflow/example_dags/example_dynamic_task_mapping.py
[2026-06-08T13:42:33.785+0000] {processor.py:839} INFO - DAG(s) dict_keys(['example_dynamic_task_mapping']) retrieved from /home/airflow/.local/lib/python3.10/site-packages/airflow/example_dags/example_dynamic_task_mapping.py
[2026-06-08T13:42:33.813+0000] {logging_mixin.py:154} INFO - [2026-06-08T13:42:33.813+0000] {dag.py:2941} INFO - Sync 1 DAGs
[2026-06-08T13:42:33.847+0000] {logging_mixin.py:154} INFO - [2026-06-08T13:42:33.846+0000] {dag.py:3722} INFO - Setting next_dagrun for example_dynamic_task_mapping to 2022-03-04T00:00:00+00:00, run_after=2022-03-05T00:00:00+00:00
[2026-06-08T13:42:33.871+0000] {processor.py:179} INFO - Processing /home/airflow/.local/lib/python3.10/site-packages/airflow/example_dags/example_dynamic_task_mapping.py took 0.105 seconds
[2026-06-08T13:43:03.962+0000] {processor.py:157} INFO - Started process (PID=663) to work on /home/airflow/.local/lib/python3.10/site-packages/airflow/example_dags/example_dynamic_task_mapping.py
[2026-06-08T13:43:03.963+0000] {processor.py:829} INFO - Processing file /home/airflow/.local/lib/python3.10/site-packages/airflow/example_dags/example_dynamic_task_mapping.py for tasks to queue
[2026-06-08T13:43:03.965+0000] {logging_mixin.py:154} INFO - [2026-06-08T13:43:03.964+0000] {dagbag.py:536} INFO - Filling up the DagBag from /home/airflow/.local/lib/python3.10/site-packages/airflow/example_dags/example_dynamic_task_mapping.py
[2026-06-08T13:43:03.976+0000] {processor.py:839} INFO - DAG(s) dict_keys(['example_dynamic_task_mapping']) retrieved from /home/airflow/.local/lib/python3.10/site-packages/airflow/example_dags/example_dynamic_task_mapping.py
[2026-06-08T13:43:04.003+0000] {logging_mixin.py:154} INFO - [2026-06-08T13:43:04.003+0000] {dag.py:2941} INFO - Sync 1 DAGs
[2026-06-08T13:43:04.035+0000] {logging_mixin.py:154} INFO - [2026-06-08T13:43:04.035+0000] {dag.py:3722} INFO - Setting next_dagrun for example_dynamic_task_mapping to 2022-03-04T00:00:00+00:00, run_after=2022-03-05T00:00:00+00:00
[2026-06-08T13:43:04.068+0000] {processor.py:179} INFO - Processing /home/airflow/.local/lib/python3.10/site-packages/airflow/example_dags/example_dynamic_task_mapping.py took 0.111 seconds
[2026-06-08T13:43:36.361+0000] {processor.py:157} INFO - Started process (PID=712) to work on /home/airflow/.local/lib/python3.10/site-packages/airflow/example_dags/example_dynamic_task_mapping.py
[2026-06-08T13:43:36.364+0000] {processor.py:829} INFO - Processing file /home/airflow/.local/lib/python3.10/site-packages/airflow/example_dags/example_dynamic_task_mapping.py for tasks to queue
[2026-06-08T13:43:36.366+0000] {logging_mixin.py:154} INFO - [2026-06-08T13:43:36.365+0000] {dagbag.py:536} INFO - Filling up the DagBag from /home/airflow/.local/lib/python3.10/site-packages/airflow/example_dags/example_dynamic_task_mapping.py
[2026-06-08T13:43:36.391+0000] {processor.py:839} INFO - DAG(s) dict_keys(['example_dynamic_task_mapping']) retrieved from /home/airflow/.local/lib/python3.10/site-packages/airflow/example_dags/example_dynamic_task_mapping.py
[2026-06-08T13:43:36.443+0000] {logging_mixin.py:154} INFO - [2026-06-08T13:43:36.443+0000] {dag.py:2941} INFO - Sync 1 DAGs
[2026-06-08T13:43:36.502+0000] {logging_mixin.py:154} INFO - [2026-06-08T13:43:36.502+0000] {dag.py:3722} INFO - Setting next_dagrun for example_dynamic_task_mapping to 2022-03-04T00:00:00+00:00, run_after=2022-03-05T00:00:00+00:00
[2026-06-08T13:43:36.567+0000] {processor.py:179} INFO - Processing /home/airflow/.local/lib/python3.10/site-packages/airflow/example_dags/example_dynamic_task_mapping.py took 0.216 seconds
[2026-06-08T13:44:06.927+0000] {processor.py:157} INFO - Started process (PID=759) to work on /home/airflow/.local/lib/python3.10/site-packages/airflow/example_dags/example_dynamic_task_mapping.py
[2026-06-08T13:44:06.936+0000] {processor.py:829} INFO - Processing file /home/airflow/.local/lib/python3.10/site-packages/airflow/example_dags/example_dynamic_task_mapping.py for tasks to queue
[2026-06-08T13:44:06.938+0000] {logging_mixin.py:154} INFO - [2026-06-08T13:44:06.937+0000] {dagbag.py:536} INFO - Filling up the DagBag from /home/airflow/.local/lib/python3.10/site-packages/airflow/example_dags/example_dynamic_task_mapping.py
[2026-06-08T13:44:06.957+0000] {processor.py:839} INFO - DAG(s) dict_keys(['example_dynamic_task_mapping']) retrieved from /home/airflow/.local/lib/python3.10/site-packages/airflow/example_dags/example_dynamic_task_mapping.py
[2026-06-08T13:44:07.003+0000] {logging_mixin.py:154} INFO - [2026-06-08T13:44:07.003+0000] {dag.py:2941} INFO - Sync 1 DAGs
[2026-06-08T13:44:07.424+0000] {logging_mixin.py:154} INFO - [2026-06-08T13:44:07.423+0000] {dag.py:3722} INFO - Setting next_dagrun for example_dynamic_task_mapping to 2022-03-04T00:00:00+00:00, run_after=2022-03-05T00:00:00+00:00
[2026-06-08T13:44:07.470+0000] {processor.py:179} INFO - Processing /home/airflow/.local/lib/python3.10/site-packages/airflow/example_dags/example_dynamic_task_mapping.py took 0.548 seconds
[2026-06-08T13:44:38.142+0000] {processor.py:157} INFO - Started process (PID=808) to work on /home/airflow/.local/lib/python3.10/site-packages/airflow/example_dags/example_dynamic_task_mapping.py
[2026-06-08T13:44:38.144+0000] {processor.py:829} INFO - Processing file /home/airflow/.local/lib/python3.10/site-packages/airflow/example_dags/example_dynamic_task_mapping.py for tasks to queue
[2026-06-08T13:44:38.145+0000] {logging_mixin.py:154} INFO - [2026-06-08T13:44:38.145+0000] {dagbag.py:536} INFO - Filling up the DagBag from /home/airflow/.local/lib/python3.10/site-packages/airflow/example_dags/example_dynamic_task_mapping.py
[2026-06-08T13:44:38.159+0000] {processor.py:839} INFO - DAG(s) dict_keys(['example_dynamic_task_mapping']) retrieved from /home/airflow/.local/lib/python3.10/site-packages/airflow/example_dags/example_dynamic_task_mapping.py
[2026-06-08T13:44:38.188+0000] {logging_mixin.py:154} INFO - [2026-06-08T13:44:38.188+0000] {dag.py:2941} INFO - Sync 1 DAGs
[2026-06-08T13:44:38.221+0000] {logging_mixin.py:154} INFO - [2026-06-08T13:44:38.220+0000] {dag.py:3722} INFO - Setting next_dagrun for example_dynamic_task_mapping to 2022-03-04T00:00:00+00:00, run_after=2022-03-05T00:00:00+00:00
[2026-06-08T13:44:38.244+0000] {processor.py:179} INFO - Processing /home/airflow/.local/lib/python3.10/site-packages/airflow/example_dags/example_dynamic_task_mapping.py took 0.109 seconds
[2026-06-08T13:45:08.310+0000] {processor.py:157} INFO - Started process (PID=857) to work on /home/airflow/.local/lib/python3.10/site-packages/airflow/example_dags/example_dynamic_task_mapping.py
[2026-06-08T13:45:08.311+0000] {processor.py:829} INFO - Processing file /home/airflow/.local/lib/python3.10/site-packages/airflow/example_dags/example_dynamic_task_mapping.py for tasks to queue
[2026-06-08T13:45:08.312+0000] {logging_mixin.py:154} INFO - [2026-06-08T13:45:08.312+0000] {dagbag.py:536} INFO - Filling up the DagBag from /home/airflow/.local/lib/python3.10/site-packages/airflow/example_dags/example_dynamic_task_mapping.py
[2026-06-08T13:45:08.329+0000] {processor.py:839} INFO - DAG(s) dict_keys(['example_dynamic_task_mapping']) retrieved from /home/airflow/.local/lib/python3.10/site-packages/airflow/example_dags/example_dynamic_task_mapping.py
[2026-06-08T13:45:08.356+0000] {logging_mixin.py:154} INFO - [2026-06-08T13:45:08.356+0000] {dag.py:2941} INFO - Sync 1 DAGs
[2026-06-08T13:45:08.387+0000] {logging_mixin.py:154} INFO - [2026-06-08T13:45:08.387+0000] {dag.py:3722} INFO - Setting next_dagrun for example_dynamic_task_mapping to 2022-03-04T00:00:00+00:00, run_after=2022-03-05T00:00:00+00:00
[2026-06-08T13:45:08.409+0000] {processor.py:179} INFO - Processing /home/airflow/.local/lib/python3.10/site-packages/airflow/example_dags/example_dynamic_task_mapping.py took 0.113 seconds
[2026-06-08T13:45:38.477+0000] {processor.py:157} INFO - Started process (PID=905) to work on /home/airflow/.local/lib/python3.10/site-packages/airflow/example_dags/example_dynamic_task_mapping.py
[2026-06-08T13:45:38.479+0000] {processor.py:829} INFO - Processing file /home/airflow/.local/lib/python3.10/site-packages/airflow/example_dags/example_dynamic_task_mapping.py for tasks to queue
[2026-06-08T13:45:38.480+0000] {logging_mixin.py:154} INFO - [2026-06-08T13:45:38.480+0000] {dagbag.py:536} INFO - Filling up the DagBag from /home/airflow/.local/lib/python3.10/site-packages/airflow/example_dags/example_dynamic_task_mapping.py
[2026-06-08T13:45:38.489+0000] {processor.py:839} INFO - DAG(s) dict_keys(['example_dynamic_task_mapping']) retrieved from /home/airflow/.local/lib/python3.10/site-packages/airflow/example_dags/example_dynamic_task_mapping.py
[2026-06-08T13:45:38.511+0000] {logging_mixin.py:154} INFO - [2026-06-08T13:45:38.510+0000] {dag.py:2941} INFO - Sync 1 DAGs
[2026-06-08T13:45:38.693+0000] {logging_mixin.py:154} INFO - [2026-06-08T13:45:38.693+0000] {dag.py:3722} INFO - Setting next_dagrun for example_dynamic_task_mapping to 2022-03-04T00:00:00+00:00, run_after=2022-03-05T00:00:00+00:00
[2026-06-08T13:45:38.714+0000] {processor.py:179} INFO - Processing /home/airflow/.local/lib/python3.10/site-packages/airflow/example_dags/example_dynamic_task_mapping.py took 0.241 seconds
[2026-06-08T13:46:09.995+0000] {processor.py:157} INFO - Started process (PID=955) to work on /home/airflow/.local/lib/python3.10/site-packages/airflow/example_dags/example_dynamic_task_mapping.py
[2026-06-08T13:46:10.005+0000] {processor.py:829} INFO - Processing file /home/airflow/.local/lib/python3.10/site-packages/airflow/example_dags/example_dynamic_task_mapping.py for tasks to queue
[2026-06-08T13:46:10.030+0000] {logging_mixin.py:154} INFO - [2026-06-08T13:46:10.020+0000] {dagbag.py:536} INFO - Filling up the DagBag from /home/airflow/.local/lib/python3.10/site-packages/airflow/example_dags/example_dynamic_task_mapping.py
[2026-06-08T13:46:10.097+0000] {processor.py:839} INFO - DAG(s) dict_keys(['example_dynamic_task_mapping']) retrieved from /home/airflow/.local/lib/python3.10/site-packages/airflow/example_dags/example_dynamic_task_mapping.py
[2026-06-08T13:46:10.178+0000] {logging_mixin.py:154} INFO - [2026-06-08T13:46:10.174+0000] {dag.py:2941} INFO - Sync 1 DAGs
[2026-06-08T13:46:10.653+0000] {logging_mixin.py:154} INFO - [2026-06-08T13:46:10.653+0000] {dag.py:3722} INFO - Setting next_dagrun for example_dynamic_task_mapping to 2022-03-04T00:00:00+00:00, run_after=2022-03-05T00:00:00+00:00
[2026-06-08T13:46:10.715+0000] {processor.py:179} INFO - Processing /home/airflow/.local/lib/python3.10/site-packages/airflow/example_dags/example_dynamic_task_mapping.py took 0.743 seconds
[2026-06-08T13:46:40.842+0000] {processor.py:157} INFO - Started process (PID=1004) to work on /home/airflow/.local/lib/python3.10/site-packages/airflow/example_dags/example_dynamic_task_mapping.py
[2026-06-08T13:46:40.850+0000] {processor.py:829} INFO - Processing file /home/airflow/.local/lib/python3.10/site-packages/airflow/example_dags/example_dynamic_task_mapping.py for tasks to queue
[2026-06-08T13:46:40.852+0000] {logging_mixin.py:154} INFO - [2026-06-08T13:46:40.851+0000] {dagbag.py:536} INFO - Filling up the DagBag from /home/airflow/.local/lib/python3.10/site-packages/airflow/example_dags/example_dynamic_task_mapping.py
[2026-06-08T13:46:40.869+0000] {processor.py:839} INFO - DAG(s) dict_keys(['example_dynamic_task_mapping']) retrieved from /home/airflow/.local/lib/python3.10/site-packages/airflow/example_dags/example_dynamic_task_mapping.py
[2026-06-08T13:46:40.931+0000] {logging_mixin.py:154} INFO - [2026-06-08T13:46:40.931+0000] {dag.py:2941} INFO - Sync 1 DAGs
[2026-06-08T13:46:40.995+0000] {logging_mixin.py:154} INFO - [2026-06-08T13:46:40.994+0000] {dag.py:3722} INFO - Setting next_dagrun for example_dynamic_task_mapping to 2022-03-04T00:00:00+00:00, run_after=2022-03-05T00:00:00+00:00
[2026-06-08T13:46:41.064+0000] {processor.py:179} INFO - Processing /home/airflow/.local/lib/python3.10/site-packages/airflow/example_dags/example_dynamic_task_mapping.py took 0.232 seconds
[2026-06-08T13:47:11.391+0000] {processor.py:157} INFO - Started process (PID=1053) to work on /home/airflow/.local/lib/python3.10/site-packages/airflow/example_dags/example_dynamic_task_mapping.py
[2026-06-08T13:47:11.392+0000] {processor.py:829} INFO - Processing file /home/airflow/.local/lib/python3.10/site-packages/airflow/example_dags/example_dynamic_task_mapping.py for tasks to queue
[2026-06-08T13:47:11.393+0000] {logging_mixin.py:154} INFO - [2026-06-08T13:47:11.393+0000] {dagbag.py:536} INFO - Filling up the DagBag from /home/airflow/.local/lib/python3.10/site-packages/airflow/example_dags/example_dynamic_task_mapping.py
[2026-06-08T13:47:11.404+0000] {processor.py:839} INFO - DAG(s) dict_keys(['example_dynamic_task_mapping']) retrieved from /home/airflow/.local/lib/python3.10/site-packages/airflow/example_dags/example_dynamic_task_mapping.py
[2026-06-08T13:47:11.431+0000] {logging_mixin.py:154} INFO - [2026-06-08T13:47:11.431+0000] {dag.py:2941} INFO - Sync 1 DAGs
[2026-06-08T13:47:11.461+0000] {logging_mixin.py:154} INFO - [2026-06-08T13:47:11.461+0000] {dag.py:3722} INFO - Setting next_dagrun for example_dynamic_task_mapping to 2022-03-04T00:00:00+00:00, run_after=2022-03-05T00:00:00+00:00
[2026-06-08T13:47:11.483+0000] {processor.py:179} INFO - Processing /home/airflow/.local/lib/python3.10/site-packages/airflow/example_dags/example_dynamic_task_mapping.py took 0.097 seconds
[2026-06-08T13:47:42.327+0000] {processor.py:157} INFO - Started process (PID=1102) to work on /home/airflow/.local/lib/python3.10/site-packages/airflow/example_dags/example_dynamic_task_mapping.py
[2026-06-08T13:47:42.329+0000] {processor.py:829} INFO - Processing file /home/airflow/.local/lib/python3.10/site-packages/airflow/example_dags/example_dynamic_task_mapping.py for tasks to queue
[2026-06-08T13:47:42.330+0000] {logging_mixin.py:154} INFO - [2026-06-08T13:47:42.330+0000] {dagbag.py:536} INFO - Filling up the DagBag from /home/airflow/.local/lib/python3.10/site-packages/airflow/example_dags/example_dynamic_task_mapping.py
[2026-06-08T13:47:42.341+0000] {processor.py:839} INFO - DAG(s) dict_keys(['example_dynamic_task_mapping']) retrieved from /home/airflow/.local/lib/python3.10/site-packages/airflow/example_dags/example_dynamic_task_mapping.py
[2026-06-08T13:47:42.370+0000] {logging_mixin.py:154} INFO - [2026-06-08T13:47:42.370+0000] {dag.py:2941} INFO - Sync 1 DAGs
[2026-06-08T13:47:42.401+0000] {logging_mixin.py:154} INFO - [2026-06-08T13:47:42.401+0000] {dag.py:3722} INFO - Setting next_dagrun for example_dynamic_task_mapping to 2022-03-04T00:00:00+00:00, run_after=2022-03-05T00:00:00+00:00
[2026-06-08T13:47:42.425+0000] {processor.py:179} INFO - Processing /home/airflow/.local/lib/python3.10/site-packages/airflow/example_dags/example_dynamic_task_mapping.py took 0.104 seconds
[2026-06-08T13:48:13.000+0000] {processor.py:157} INFO - Started process (PID=1151) to work on /home/airflow/.local/lib/python3.10/site-packages/airflow/example_dags/example_dynamic_task_mapping.py
[2026-06-08T13:48:13.002+0000] {processor.py:829} INFO - Processing file /home/airflow/.local/lib/python3.10/site-packages/airflow/example_dags/example_dynamic_task_mapping.py for tasks to queue
[2026-06-08T13:48:13.003+0000] {logging_mixin.py:154} INFO - [2026-06-08T13:48:13.002+0000] {dagbag.py:536} INFO - Filling up the DagBag from /home/airflow/.local/lib/python3.10/site-packages/airflow/example_dags/example_dynamic_task_mapping.py
[2026-06-08T13:48:13.014+0000] {processor.py:839} INFO - DAG(s) dict_keys(['example_dynamic_task_mapping']) retrieved from /home/airflow/.local/lib/python3.10/site-packages/airflow/example_dags/example_dynamic_task_mapping.py
[2026-06-08T13:48:13.039+0000] {logging_mixin.py:154} INFO - [2026-06-08T13:48:13.039+0000] {dag.py:2941} INFO - Sync 1 DAGs
[2026-06-08T13:48:13.074+0000] {logging_mixin.py:154} INFO - [2026-06-08T13:48:13.074+0000] {dag.py:3722} INFO - Setting next_dagrun for example_dynamic_task_mapping to 2022-03-04T00:00:00+00:00, run_after=2022-03-05T00:00:00+00:00
[2026-06-08T13:48:13.099+0000] {processor.py:179} INFO - Processing /home/airflow/.local/lib/python3.10/site-packages/airflow/example_dags/example_dynamic_task_mapping.py took 0.104 seconds
[2026-06-08T13:48:43.873+0000] {processor.py:157} INFO - Started process (PID=1200) to work on /home/airflow/.local/lib/python3.10/site-packages/airflow/example_dags/example_dynamic_task_mapping.py
[2026-06-08T13:48:43.903+0000] {processor.py:829} INFO - Processing file /home/airflow/.local/lib/python3.10/site-packages/airflow/example_dags/example_dynamic_task_mapping.py for tasks to queue
[2026-06-08T13:48:43.904+0000] {logging_mixin.py:154} INFO - [2026-06-08T13:48:43.903+0000] {dagbag.py:536} INFO - Filling up the DagBag from /home/airflow/.local/lib/python3.10/site-packages/airflow/example_dags/example_dynamic_task_mapping.py
[2026-06-08T13:48:43.913+0000] {processor.py:839} INFO - DAG(s) dict_keys(['example_dynamic_task_mapping']) retrieved from /home/airflow/.local/lib/python3.10/site-packages/airflow/example_dags/example_dynamic_task_mapping.py
[2026-06-08T13:48:43.941+0000] {logging_mixin.py:154} INFO - [2026-06-08T13:48:43.941+0000] {dag.py:2941} INFO - Sync 1 DAGs
[2026-06-08T13:48:43.974+0000] {logging_mixin.py:154} INFO - [2026-06-08T13:48:43.973+0000] {dag.py:3722} INFO - Setting next_dagrun for example_dynamic_task_mapping to 2022-03-04T00:00:00+00:00, run_after=2022-03-05T00:00:00+00:00
[2026-06-08T13:48:43.997+0000] {processor.py:179} INFO - Processing /home/airflow/.local/lib/python3.10/site-packages/airflow/example_dags/example_dynamic_task_mapping.py took 0.130 seconds
[2026-06-08T13:49:14.403+0000] {processor.py:157} INFO - Started process (PID=1249) to work on /home/airflow/.local/lib/python3.10/site-packages/airflow/example_dags/example_dynamic_task_mapping.py
[2026-06-08T13:49:14.404+0000] {processor.py:829} INFO - Processing file /home/airflow/.local/lib/python3.10/site-packages/airflow/example_dags/example_dynamic_task_mapping.py for tasks to queue
[2026-06-08T13:49:14.405+0000] {logging_mixin.py:154} INFO - [2026-06-08T13:49:14.405+0000] {dagbag.py:536} INFO - Filling up the DagBag from /home/airflow/.local/lib/python3.10/site-packages/airflow/example_dags/example_dynamic_task_mapping.py
[2026-06-08T13:49:14.417+0000] {processor.py:839} INFO - DAG(s) dict_keys(['example_dynamic_task_mapping']) retrieved from /home/airflow/.local/lib/python3.10/site-packages/airflow/example_dags/example_dynamic_task_mapping.py
[2026-06-08T13:49:14.446+0000] {logging_mixin.py:154} INFO - [2026-06-08T13:49:14.446+0000] {dag.py:2941} INFO - Sync 1 DAGs
[2026-06-08T13:49:14.481+0000] {logging_mixin.py:154} INFO - [2026-06-08T13:49:14.481+0000] {dag.py:3722} INFO - Setting next_dagrun for example_dynamic_task_mapping to 2022-03-04T00:00:00+00:00, run_after=2022-03-05T00:00:00+00:00
[2026-06-08T13:49:14.527+0000] {processor.py:179} INFO - Processing /home/airflow/.local/lib/python3.10/site-packages/airflow/example_dags/example_dynamic_task_mapping.py took 0.131 seconds
[2026-06-08T13:49:45.033+0000] {processor.py:157} INFO - Started process (PID=1298) to work on /home/airflow/.local/lib/python3.10/site-packages/airflow/example_dags/example_dynamic_task_mapping.py
[2026-06-08T13:49:45.035+0000] {processor.py:829} INFO - Processing file /home/airflow/.local/lib/python3.10/site-packages/airflow/example_dags/example_dynamic_task_mapping.py for tasks to queue
[2026-06-08T13:49:45.036+0000] {logging_mixin.py:154} INFO - [2026-06-08T13:49:45.036+0000] {dagbag.py:536} INFO - Filling up the DagBag from /home/airflow/.local/lib/python3.10/site-packages/airflow/example_dags/example_dynamic_task_mapping.py
[2026-06-08T13:49:45.048+0000] {processor.py:839} INFO - DAG(s) dict_keys(['example_dynamic_task_mapping']) retrieved from /home/airflow/.local/lib/python3.10/site-packages/airflow/example_dags/example_dynamic_task_mapping.py
[2026-06-08T13:49:45.074+0000] {logging_mixin.py:154} INFO - [2026-06-08T13:49:45.074+0000] {dag.py:2941} INFO - Sync 1 DAGs
[2026-06-08T13:49:45.104+0000] {logging_mixin.py:154} INFO - [2026-06-08T13:49:45.104+0000] {dag.py:3722} INFO - Setting next_dagrun for example_dynamic_task_mapping to 2022-03-04T00:00:00+00:00, run_after=2022-03-05T00:00:00+00:00
[2026-06-08T13:49:45.127+0000] {processor.py:179} INFO - Processing /home/airflow/.local/lib/python3.10/site-packages/airflow/example_dags/example_dynamic_task_mapping.py took 0.099 seconds
[2026-06-08T13:50:16.080+0000] {processor.py:157} INFO - Started process (PID=1347) to work on /home/airflow/.local/lib/python3.10/site-packages/airflow/example_dags/example_dynamic_task_mapping.py
[2026-06-08T13:50:16.094+0000] {processor.py:829} INFO - Processing file /home/airflow/.local/lib/python3.10/site-packages/airflow/example_dags/example_dynamic_task_mapping.py for tasks to queue
[2026-06-08T13:50:16.096+0000] {logging_mixin.py:154} INFO - [2026-06-08T13:50:16.095+0000] {dagbag.py:536} INFO - Filling up the DagBag from /home/airflow/.local/lib/python3.10/site-packages/airflow/example_dags/example_dynamic_task_mapping.py
[2026-06-08T13:50:16.119+0000] {processor.py:839} INFO - DAG(s) dict_keys(['example_dynamic_task_mapping']) retrieved from /home/airflow/.local/lib/python3.10/site-packages/airflow/example_dags/example_dynamic_task_mapping.py
[2026-06-08T13:50:16.149+0000] {logging_mixin.py:154} INFO - [2026-06-08T13:50:16.149+0000] {dag.py:2941} INFO - Sync 1 DAGs
[2026-06-08T13:50:16.207+0000] {logging_mixin.py:154} INFO - [2026-06-08T13:50:16.207+0000] {dag.py:3722} INFO - Setting next_dagrun for example_dynamic_task_mapping to 2022-03-04T00:00:00+00:00, run_after=2022-03-05T00:00:00+00:00
[2026-06-08T13:50:16.247+0000] {processor.py:179} INFO - Processing /home/airflow/.local/lib/python3.10/site-packages/airflow/example_dags/example_dynamic_task_mapping.py took 0.176 seconds
[2026-06-08T13:50:47.126+0000] {processor.py:157} INFO - Started process (PID=1396) to work on /home/airflow/.local/lib/python3.10/site-packages/airflow/example_dags/example_dynamic_task_mapping.py
[2026-06-08T13:50:47.127+0000] {processor.py:829} INFO - Processing file /home/airflow/.local/lib/python3.10/site-packages/airflow/example_dags/example_dynamic_task_mapping.py for tasks to queue
[2026-06-08T13:50:47.128+0000] {logging_mixin.py:154} INFO - [2026-06-08T13:50:47.128+0000] {dagbag.py:536} INFO - Filling up the DagBag from /home/airflow/.local/lib/python3.10/site-packages/airflow/example_dags/example_dynamic_task_mapping.py
[2026-06-08T13:50:47.148+0000] {processor.py:839} INFO - DAG(s) dict_keys(['example_dynamic_task_mapping']) retrieved from /home/airflow/.local/lib/python3.10/site-packages/airflow/example_dags/example_dynamic_task_mapping.py
[2026-06-08T13:50:47.196+0000] {logging_mixin.py:154} INFO - [2026-06-08T13:50:47.196+0000] {dag.py:2941} INFO - Sync 1 DAGs
[2026-06-08T13:50:47.281+0000] {logging_mixin.py:154} INFO - [2026-06-08T13:50:47.281+0000] {dag.py:3722} INFO - Setting next_dagrun for example_dynamic_task_mapping to 2022-03-04T00:00:00+00:00, run_after=2022-03-05T00:00:00+00:00
[2026-06-08T13:50:47.370+0000] {processor.py:179} INFO - Processing /home/airflow/.local/lib/python3.10/site-packages/airflow/example_dags/example_dynamic_task_mapping.py took 0.263 seconds
[2026-06-08T13:51:17.449+0000] {processor.py:157} INFO - Started process (PID=1445) to work on /home/airflow/.local/lib/python3.10/site-packages/airflow/example_dags/example_dynamic_task_mapping.py
[2026-06-08T13:51:17.451+0000] {processor.py:829} INFO - Processing file /home/airflow/.local/lib/python3.10/site-packages/airflow/example_dags/example_dynamic_task_mapping.py for tasks to queue
[2026-06-08T13:51:17.452+0000] {logging_mixin.py:154} INFO - [2026-06-08T13:51:17.451+0000] {dagbag.py:536} INFO - Filling up the DagBag from /home/airflow/.local/lib/python3.10/site-packages/airflow/example_dags/example_dynamic_task_mapping.py
[2026-06-08T13:51:17.462+0000] {processor.py:839} INFO - DAG(s) dict_keys(['example_dynamic_task_mapping']) retrieved from /home/airflow/.local/lib/python3.10/site-packages/airflow/example_dags/example_dynamic_task_mapping.py
[2026-06-08T13:51:17.490+0000] {logging_mixin.py:154} INFO - [2026-06-08T13:51:17.490+0000] {dag.py:2941} INFO - Sync 1 DAGs
[2026-06-08T13:51:17.540+0000] {logging_mixin.py:154} INFO - [2026-06-08T13:51:17.540+0000] {dag.py:3722} INFO - Setting next_dagrun for example_dynamic_task_mapping to 2022-03-04T00:00:00+00:00, run_after=2022-03-05T00:00:00+00:00
[2026-06-08T13:51:17.572+0000] {processor.py:179} INFO - Processing /home/airflow/.local/lib/python3.10/site-packages/airflow/example_dags/example_dynamic_task_mapping.py took 0.128 seconds
[2026-06-08T13:51:47.664+0000] {processor.py:157} INFO - Started process (PID=1494) to work on /home/airflow/.local/lib/python3.10/site-packages/airflow/example_dags/example_dynamic_task_mapping.py
[2026-06-08T13:51:47.665+0000] {processor.py:829} INFO - Processing file /home/airflow/.local/lib/python3.10/site-packages/airflow/example_dags/example_dynamic_task_mapping.py for tasks to queue
[2026-06-08T13:51:47.667+0000] {logging_mixin.py:154} INFO - [2026-06-08T13:51:47.666+0000] {dagbag.py:536} INFO - Filling up the DagBag from /home/airflow/.local/lib/python3.10/site-packages/airflow/example_dags/example_dynamic_task_mapping.py
[2026-06-08T13:51:47.677+0000] {processor.py:839} INFO - DAG(s) dict_keys(['example_dynamic_task_mapping']) retrieved from /home/airflow/.local/lib/python3.10/site-packages/airflow/example_dags/example_dynamic_task_mapping.py
[2026-06-08T13:51:47.705+0000] {logging_mixin.py:154} INFO - [2026-06-08T13:51:47.704+0000] {dag.py:2941} INFO - Sync 1 DAGs
[2026-06-08T13:51:47.736+0000] {logging_mixin.py:154} INFO - [2026-06-08T13:51:47.736+0000] {dag.py:3722} INFO - Setting next_dagrun for example_dynamic_task_mapping to 2022-03-04T00:00:00+00:00, run_after=2022-03-05T00:00:00+00:00
[2026-06-08T13:51:47.759+0000] {processor.py:179} INFO - Processing /home/airflow/.local/lib/python3.10/site-packages/airflow/example_dags/example_dynamic_task_mapping.py took 0.100 seconds
[2026-06-08T13:52:18.233+0000] {processor.py:157} INFO - Started process (PID=1543) to work on /home/airflow/.local/lib/python3.10/site-packages/airflow/example_dags/example_dynamic_task_mapping.py
[2026-06-08T13:52:18.246+0000] {processor.py:829} INFO - Processing file /home/airflow/.local/lib/python3.10/site-packages/airflow/example_dags/example_dynamic_task_mapping.py for tasks to queue
[2026-06-08T13:52:18.247+0000] {logging_mixin.py:154} INFO - [2026-06-08T13:52:18.247+0000] {dagbag.py:536} INFO - Filling up the DagBag from /home/airflow/.local/lib/python3.10/site-packages/airflow/example_dags/example_dynamic_task_mapping.py
[2026-06-08T13:52:18.281+0000] {processor.py:839} INFO - DAG(s) dict_keys(['example_dynamic_task_mapping']) retrieved from /home/airflow/.local/lib/python3.10/site-packages/airflow/example_dags/example_dynamic_task_mapping.py
[2026-06-08T13:52:18.310+0000] {logging_mixin.py:154} INFO - [2026-06-08T13:52:18.310+0000] {dag.py:2941} INFO - Sync 1 DAGs
[2026-06-08T13:52:18.361+0000] {logging_mixin.py:154} INFO - [2026-06-08T13:52:18.361+0000] {dag.py:3722} INFO - Setting next_dagrun for example_dynamic_task_mapping to 2022-03-04T00:00:00+00:00, run_after=2022-03-05T00:00:00+00:00
[2026-06-08T13:52:18.403+0000] {processor.py:179} INFO - Processing /home/airflow/.local/lib/python3.10/site-packages/airflow/example_dags/example_dynamic_task_mapping.py took 0.184 seconds
[2026-06-08T13:52:48.715+0000] {processor.py:157} INFO - Started process (PID=1592) to work on /home/airflow/.local/lib/python3.10/site-packages/airflow/example_dags/example_dynamic_task_mapping.py
[2026-06-08T13:52:48.720+0000] {processor.py:829} INFO - Processing file /home/airflow/.local/lib/python3.10/site-packages/airflow/example_dags/example_dynamic_task_mapping.py for tasks to queue
[2026-06-08T13:52:48.725+0000] {logging_mixin.py:154} INFO - [2026-06-08T13:52:48.725+0000] {dagbag.py:536} INFO - Filling up the DagBag from /home/airflow/.local/lib/python3.10/site-packages/airflow/example_dags/example_dynamic_task_mapping.py
[2026-06-08T13:52:48.746+0000] {processor.py:839} INFO - DAG(s) dict_keys(['example_dynamic_task_mapping']) retrieved from /home/airflow/.local/lib/python3.10/site-packages/airflow/example_dags/example_dynamic_task_mapping.py
[2026-06-08T13:52:48.774+0000] {logging_mixin.py:154} INFO - [2026-06-08T13:52:48.773+0000] {dag.py:2941} INFO - Sync 1 DAGs
[2026-06-08T13:52:48.810+0000] {logging_mixin.py:154} INFO - [2026-06-08T13:52:48.809+0000] {dag.py:3722} INFO - Setting next_dagrun for example_dynamic_task_mapping to 2022-03-04T00:00:00+00:00, run_after=2022-03-05T00:00:00+00:00
[2026-06-08T13:52:48.833+0000] {processor.py:179} INFO - Processing /home/airflow/.local/lib/python3.10/site-packages/airflow/example_dags/example_dynamic_task_mapping.py took 0.124 seconds
[2026-06-08T13:53:18.990+0000] {processor.py:157} INFO - Started process (PID=1641) to work on /home/airflow/.local/lib/python3.10/site-packages/airflow/example_dags/example_dynamic_task_mapping.py
[2026-06-08T13:53:18.992+0000] {processor.py:829} INFO - Processing file /home/airflow/.local/lib/python3.10/site-packages/airflow/example_dags/example_dynamic_task_mapping.py for tasks to queue
[2026-06-08T13:53:18.994+0000] {logging_mixin.py:154} INFO - [2026-06-08T13:53:18.993+0000] {dagbag.py:536} INFO - Filling up the DagBag from /home/airflow/.local/lib/python3.10/site-packages/airflow/example_dags/example_dynamic_task_mapping.py
[2026-06-08T13:53:19.005+0000] {processor.py:839} INFO - DAG(s) dict_keys(['example_dynamic_task_mapping']) retrieved from /home/airflow/.local/lib/python3.10/site-packages/airflow/example_dags/example_dynamic_task_mapping.py
[2026-06-08T13:53:19.052+0000] {logging_mixin.py:154} INFO - [2026-06-08T13:53:19.052+0000] {dag.py:2941} INFO - Sync 1 DAGs
[2026-06-08T13:53:19.082+0000] {logging_mixin.py:154} INFO - [2026-06-08T13:53:19.081+0000] {dag.py:3722} INFO - Setting next_dagrun for example_dynamic_task_mapping to 2022-03-04T00:00:00+00:00, run_after=2022-03-05T00:00:00+00:00
[2026-06-08T13:53:19.104+0000] {processor.py:179} INFO - Processing /home/airflow/.local/lib/python3.10/site-packages/airflow/example_dags/example_dynamic_task_mapping.py took 0.120 seconds
[2026-06-08T13:53:49.649+0000] {processor.py:157} INFO - Started process (PID=1690) to work on /home/airflow/.local/lib/python3.10/site-packages/airflow/example_dags/example_dynamic_task_mapping.py
[2026-06-08T13:53:49.650+0000] {processor.py:829} INFO - Processing file /home/airflow/.local/lib/python3.10/site-packages/airflow/example_dags/example_dynamic_task_mapping.py for tasks to queue
[2026-06-08T13:53:49.651+0000] {logging_mixin.py:154} INFO - [2026-06-08T13:53:49.651+0000] {dagbag.py:536} INFO - Filling up the DagBag from /home/airflow/.local/lib/python3.10/site-packages/airflow/example_dags/example_dynamic_task_mapping.py
[2026-06-08T13:53:49.673+0000] {processor.py:839} INFO - DAG(s) dict_keys(['example_dynamic_task_mapping']) retrieved from /home/airflow/.local/lib/python3.10/site-packages/airflow/example_dags/example_dynamic_task_mapping.py
[2026-06-08T13:53:49.733+0000] {logging_mixin.py:154} INFO - [2026-06-08T13:53:49.732+0000] {dag.py:2941} INFO - Sync 1 DAGs
[2026-06-08T13:53:49.825+0000] {logging_mixin.py:154} INFO - [2026-06-08T13:53:49.824+0000] {dag.py:3722} INFO - Setting next_dagrun for example_dynamic_task_mapping to 2022-03-04T00:00:00+00:00, run_after=2022-03-05T00:00:00+00:00
[2026-06-08T13:53:49.937+0000] {processor.py:179} INFO - Processing /home/airflow/.local/lib/python3.10/site-packages/airflow/example_dags/example_dynamic_task_mapping.py took 0.304 seconds
[2026-06-08T13:54:20.034+0000] {processor.py:157} INFO - Started process (PID=1739) to work on /home/airflow/.local/lib/python3.10/site-packages/airflow/example_dags/example_dynamic_task_mapping.py
[2026-06-08T13:54:20.036+0000] {processor.py:829} INFO - Processing file /home/airflow/.local/lib/python3.10/site-packages/airflow/example_dags/example_dynamic_task_mapping.py for tasks to queue
[2026-06-08T13:54:20.037+0000] {logging_mixin.py:154} INFO - [2026-06-08T13:54:20.037+0000] {dagbag.py:536} INFO - Filling up the DagBag from /home/airflow/.local/lib/python3.10/site-packages/airflow/example_dags/example_dynamic_task_mapping.py
[2026-06-08T13:54:20.049+0000] {processor.py:839} INFO - DAG(s) dict_keys(['example_dynamic_task_mapping']) retrieved from /home/airflow/.local/lib/python3.10/site-packages/airflow/example_dags/example_dynamic_task_mapping.py
[2026-06-08T13:54:20.078+0000] {logging_mixin.py:154} INFO - [2026-06-08T13:54:20.078+0000] {dag.py:2941} INFO - Sync 1 DAGs
[2026-06-08T13:54:20.107+0000] {logging_mixin.py:154} INFO - [2026-06-08T13:54:20.107+0000] {dag.py:3722} INFO - Setting next_dagrun for example_dynamic_task_mapping to 2022-03-04T00:00:00+00:00, run_after=2022-03-05T00:00:00+00:00
[2026-06-08T13:54:20.124+0000] {processor.py:179} INFO - Processing /home/airflow/.local/lib/python3.10/site-packages/airflow/example_dags/example_dynamic_task_mapping.py took 0.095 seconds
[2026-06-08T13:54:50.495+0000] {processor.py:157} INFO - Started process (PID=1788) to work on /home/airflow/.local/lib/python3.10/site-packages/airflow/example_dags/example_dynamic_task_mapping.py
[2026-06-08T13:54:50.497+0000] {processor.py:829} INFO - Processing file /home/airflow/.local/lib/python3.10/site-packages/airflow/example_dags/example_dynamic_task_mapping.py for tasks to queue
[2026-06-08T13:54:50.501+0000] {logging_mixin.py:154} INFO - [2026-06-08T13:54:50.498+0000] {dagbag.py:536} INFO - Filling up the DagBag from /home/airflow/.local/lib/python3.10/site-packages/airflow/example_dags/example_dynamic_task_mapping.py
[2026-06-08T13:54:50.516+0000] {processor.py:839} INFO - DAG(s) dict_keys(['example_dynamic_task_mapping']) retrieved from /home/airflow/.local/lib/python3.10/site-packages/airflow/example_dags/example_dynamic_task_mapping.py
[2026-06-08T13:54:50.563+0000] {logging_mixin.py:154} INFO - [2026-06-08T13:54:50.562+0000] {dag.py:2941} INFO - Sync 1 DAGs
[2026-06-08T13:54:50.596+0000] {logging_mixin.py:154} INFO - [2026-06-08T13:54:50.596+0000] {dag.py:3722} INFO - Setting next_dagrun for example_dynamic_task_mapping to 2022-03-04T00:00:00+00:00, run_after=2022-03-05T00:00:00+00:00
[2026-06-08T13:54:50.621+0000] {processor.py:179} INFO - Processing /home/airflow/.local/lib/python3.10/site-packages/airflow/example_dags/example_dynamic_task_mapping.py took 0.136 seconds
[2026-06-08T13:55:21.308+0000] {processor.py:157} INFO - Started process (PID=1837) to work on /home/airflow/.local/lib/python3.10/site-packages/airflow/example_dags/example_dynamic_task_mapping.py
[2026-06-08T13:55:21.314+0000] {processor.py:829} INFO - Processing file /home/airflow/.local/lib/python3.10/site-packages/airflow/example_dags/example_dynamic_task_mapping.py for tasks to queue
[2026-06-08T13:55:21.315+0000] {logging_mixin.py:154} INFO - [2026-06-08T13:55:21.315+0000] {dagbag.py:536} INFO - Filling up the DagBag from /home/airflow/.local/lib/python3.10/site-packages/airflow/example_dags/example_dynamic_task_mapping.py
[2026-06-08T13:55:21.348+0000] {processor.py:839} INFO - DAG(s) dict_keys(['example_dynamic_task_mapping']) retrieved from /home/airflow/.local/lib/python3.10/site-packages/airflow/example_dags/example_dynamic_task_mapping.py
[2026-06-08T13:55:21.386+0000] {logging_mixin.py:154} INFO - [2026-06-08T13:55:21.386+0000] {dag.py:2941} INFO - Sync 1 DAGs
[2026-06-08T13:55:21.475+0000] {logging_mixin.py:154} INFO - [2026-06-08T13:55:21.474+0000] {dag.py:3722} INFO - Setting next_dagrun for example_dynamic_task_mapping to 2022-03-04T00:00:00+00:00, run_after=2022-03-05T00:00:00+00:00
[2026-06-08T13:55:21.562+0000] {processor.py:179} INFO - Processing /home/airflow/.local/lib/python3.10/site-packages/airflow/example_dags/example_dynamic_task_mapping.py took 0.269 seconds
[2026-06-08T13:55:52.394+0000] {processor.py:157} INFO - Started process (PID=1886) to work on /home/airflow/.local/lib/python3.10/site-packages/airflow/example_dags/example_dynamic_task_mapping.py
[2026-06-08T13:55:52.395+0000] {processor.py:829} INFO - Processing file /home/airflow/.local/lib/python3.10/site-packages/airflow/example_dags/example_dynamic_task_mapping.py for tasks to queue
[2026-06-08T13:55:52.396+0000] {logging_mixin.py:154} INFO - [2026-06-08T13:55:52.396+0000] {dagbag.py:536} INFO - Filling up the DagBag from /home/airflow/.local/lib/python3.10/site-packages/airflow/example_dags/example_dynamic_task_mapping.py
[2026-06-08T13:55:52.408+0000] {processor.py:839} INFO - DAG(s) dict_keys(['example_dynamic_task_mapping']) retrieved from /home/airflow/.local/lib/python3.10/site-packages/airflow/example_dags/example_dynamic_task_mapping.py
[2026-06-08T13:55:52.435+0000] {logging_mixin.py:154} INFO - [2026-06-08T13:55:52.435+0000] {dag.py:2941} INFO - Sync 1 DAGs
[2026-06-08T13:55:52.466+0000] {logging_mixin.py:154} INFO - [2026-06-08T13:55:52.465+0000] {dag.py:3722} INFO - Setting next_dagrun for example_dynamic_task_mapping to 2022-03-04T00:00:00+00:00, run_after=2022-03-05T00:00:00+00:00
[2026-06-08T13:55:52.495+0000] {processor.py:179} INFO - Processing /home/airflow/.local/lib/python3.10/site-packages/airflow/example_dags/example_dynamic_task_mapping.py took 0.106 seconds
[2026-06-08T13:56:22.846+0000] {processor.py:157} INFO - Started process (PID=1935) to work on /home/airflow/.local/lib/python3.10/site-packages/airflow/example_dags/example_dynamic_task_mapping.py
[2026-06-08T13:56:22.851+0000] {processor.py:829} INFO - Processing file /home/airflow/.local/lib/python3.10/site-packages/airflow/example_dags/example_dynamic_task_mapping.py for tasks to queue
[2026-06-08T13:56:22.852+0000] {logging_mixin.py:154} INFO - [2026-06-08T13:56:22.852+0000] {dagbag.py:536} INFO - Filling up the DagBag from /home/airflow/.local/lib/python3.10/site-packages/airflow/example_dags/example_dynamic_task_mapping.py
[2026-06-08T13:56:22.886+0000] {processor.py:839} INFO - DAG(s) dict_keys(['example_dynamic_task_mapping']) retrieved from /home/airflow/.local/lib/python3.10/site-packages/airflow/example_dags/example_dynamic_task_mapping.py
[2026-06-08T13:56:22.919+0000] {logging_mixin.py:154} INFO - [2026-06-08T13:56:22.919+0000] {dag.py:2941} INFO - Sync 1 DAGs
[2026-06-08T13:56:22.968+0000] {logging_mixin.py:154} INFO - [2026-06-08T13:56:22.968+0000] {dag.py:3722} INFO - Setting next_dagrun for example_dynamic_task_mapping to 2022-03-04T00:00:00+00:00, run_after=2022-03-05T00:00:00+00:00
[2026-06-08T13:56:23.019+0000] {processor.py:179} INFO - Processing /home/airflow/.local/lib/python3.10/site-packages/airflow/example_dags/example_dynamic_task_mapping.py took 0.186 seconds
[2026-06-08T13:56:53.347+0000] {processor.py:157} INFO - Started process (PID=1984) to work on /home/airflow/.local/lib/python3.10/site-packages/airflow/example_dags/example_dynamic_task_mapping.py
[2026-06-08T13:56:53.350+0000] {processor.py:829} INFO - Processing file /home/airflow/.local/lib/python3.10/site-packages/airflow/example_dags/example_dynamic_task_mapping.py for tasks to queue
[2026-06-08T13:56:53.353+0000] {logging_mixin.py:154} INFO - [2026-06-08T13:56:53.352+0000] {dagbag.py:536} INFO - Filling up the DagBag from /home/airflow/.local/lib/python3.10/site-packages/airflow/example_dags/example_dynamic_task_mapping.py
[2026-06-08T13:56:53.380+0000] {processor.py:839} INFO - DAG(s) dict_keys(['example_dynamic_task_mapping']) retrieved from /home/airflow/.local/lib/python3.10/site-packages/airflow/example_dags/example_dynamic_task_mapping.py
[2026-06-08T13:56:53.440+0000] {logging_mixin.py:154} INFO - [2026-06-08T13:56:53.440+0000] {dag.py:2941} INFO - Sync 1 DAGs
[2026-06-08T13:56:53.519+0000] {logging_mixin.py:154} INFO - [2026-06-08T13:56:53.518+0000] {dag.py:3722} INFO - Setting next_dagrun for example_dynamic_task_mapping to 2022-03-04T00:00:00+00:00, run_after=2022-03-05T00:00:00+00:00
[2026-06-08T13:56:53.584+0000] {processor.py:179} INFO - Processing /home/airflow/.local/lib/python3.10/site-packages/airflow/example_dags/example_dynamic_task_mapping.py took 0.251 seconds
[2026-06-08T13:57:23.913+0000] {processor.py:157} INFO - Started process (PID=2033) to work on /home/airflow/.local/lib/python3.10/site-packages/airflow/example_dags/example_dynamic_task_mapping.py
[2026-06-08T13:57:23.917+0000] {processor.py:829} INFO - Processing file /home/airflow/.local/lib/python3.10/site-packages/airflow/example_dags/example_dynamic_task_mapping.py for tasks to queue
[2026-06-08T13:57:23.919+0000] {logging_mixin.py:154} INFO - [2026-06-08T13:57:23.918+0000] {dagbag.py:536} INFO - Filling up the DagBag from /home/airflow/.local/lib/python3.10/site-packages/airflow/example_dags/example_dynamic_task_mapping.py
[2026-06-08T13:57:23.931+0000] {processor.py:839} INFO - DAG(s) dict_keys(['example_dynamic_task_mapping']) retrieved from /home/airflow/.local/lib/python3.10/site-packages/airflow/example_dags/example_dynamic_task_mapping.py
[2026-06-08T13:57:23.967+0000] {logging_mixin.py:154} INFO - [2026-06-08T13:57:23.966+0000] {dag.py:2941} INFO - Sync 1 DAGs
[2026-06-08T13:57:23.999+0000] {logging_mixin.py:154} INFO - [2026-06-08T13:57:23.998+0000] {dag.py:3722} INFO - Setting next_dagrun for example_dynamic_task_mapping to 2022-03-04T00:00:00+00:00, run_after=2022-03-05T00:00:00+00:00
[2026-06-08T13:57:24.048+0000] {processor.py:179} INFO - Processing /home/airflow/.local/lib/python3.10/site-packages/airflow/example_dags/example_dynamic_task_mapping.py took 0.140 seconds
[2026-06-08T13:57:54.097+0000] {processor.py:157} INFO - Started process (PID=2081) to work on /home/airflow/.local/lib/python3.10/site-packages/airflow/example_dags/example_dynamic_task_mapping.py
[2026-06-08T13:57:54.099+0000] {processor.py:829} INFO - Processing file /home/airflow/.local/lib/python3.10/site-packages/airflow/example_dags/example_dynamic_task_mapping.py for tasks to queue
[2026-06-08T13:57:54.100+0000] {logging_mixin.py:154} INFO - [2026-06-08T13:57:54.099+0000] {dagbag.py:536} INFO - Filling up the DagBag from /home/airflow/.local/lib/python3.10/site-packages/airflow/example_dags/example_dynamic_task_mapping.py
[2026-06-08T13:57:54.110+0000] {processor.py:839} INFO - DAG(s) dict_keys(['example_dynamic_task_mapping']) retrieved from /home/airflow/.local/lib/python3.10/site-packages/airflow/example_dags/example_dynamic_task_mapping.py
[2026-06-08T13:57:54.131+0000] {logging_mixin.py:154} INFO - [2026-06-08T13:57:54.131+0000] {dag.py:2941} INFO - Sync 1 DAGs
[2026-06-08T13:57:54.154+0000] {logging_mixin.py:154} INFO - [2026-06-08T13:57:54.154+0000] {dag.py:3722} INFO - Setting next_dagrun for example_dynamic_task_mapping to 2022-03-04T00:00:00+00:00, run_after=2022-03-05T00:00:00+00:00
[2026-06-08T13:57:54.172+0000] {processor.py:179} INFO - Processing /home/airflow/.local/lib/python3.10/site-packages/airflow/example_dags/example_dynamic_task_mapping.py took 0.079 seconds
[2026-06-08T13:58:25.102+0000] {processor.py:157} INFO - Started process (PID=2131) to work on /home/airflow/.local/lib/python3.10/site-packages/airflow/example_dags/example_dynamic_task_mapping.py
[2026-06-08T13:58:25.110+0000] {processor.py:829} INFO - Processing file /home/airflow/.local/lib/python3.10/site-packages/airflow/example_dags/example_dynamic_task_mapping.py for tasks to queue
[2026-06-08T13:58:25.111+0000] {logging_mixin.py:154} INFO - [2026-06-08T13:58:25.111+0000] {dagbag.py:536} INFO - Filling up the DagBag from /home/airflow/.local/lib/python3.10/site-packages/airflow/example_dags/example_dynamic_task_mapping.py
[2026-06-08T13:58:25.123+0000] {processor.py:839} INFO - DAG(s) dict_keys(['example_dynamic_task_mapping']) retrieved from /home/airflow/.local/lib/python3.10/site-packages/airflow/example_dags/example_dynamic_task_mapping.py
[2026-06-08T13:58:25.146+0000] {logging_mixin.py:154} INFO - [2026-06-08T13:58:25.146+0000] {dag.py:2941} INFO - Sync 1 DAGs
[2026-06-08T13:58:25.175+0000] {logging_mixin.py:154} INFO - [2026-06-08T13:58:25.174+0000] {dag.py:3722} INFO - Setting next_dagrun for example_dynamic_task_mapping to 2022-03-04T00:00:00+00:00, run_after=2022-03-05T00:00:00+00:00
[2026-06-08T13:58:25.194+0000] {processor.py:179} INFO - Processing /home/airflow/.local/lib/python3.10/site-packages/airflow/example_dags/example_dynamic_task_mapping.py took 0.100 seconds
[2026-06-08T13:58:55.454+0000] {processor.py:157} INFO - Started process (PID=2180) to work on /home/airflow/.local/lib/python3.10/site-packages/airflow/example_dags/example_dynamic_task_mapping.py
[2026-06-08T13:58:55.455+0000] {processor.py:829} INFO - Processing file /home/airflow/.local/lib/python3.10/site-packages/airflow/example_dags/example_dynamic_task_mapping.py for tasks to queue
[2026-06-08T13:58:55.456+0000] {logging_mixin.py:154} INFO - [2026-06-08T13:58:55.456+0000] {dagbag.py:536} INFO - Filling up the DagBag from /home/airflow/.local/lib/python3.10/site-packages/airflow/example_dags/example_dynamic_task_mapping.py
[2026-06-08T13:58:55.467+0000] {processor.py:839} INFO - DAG(s) dict_keys(['example_dynamic_task_mapping']) retrieved from /home/airflow/.local/lib/python3.10/site-packages/airflow/example_dags/example_dynamic_task_mapping.py
[2026-06-08T13:58:55.493+0000] {logging_mixin.py:154} INFO - [2026-06-08T13:58:55.493+0000] {dag.py:2941} INFO - Sync 1 DAGs
[2026-06-08T13:58:55.534+0000] {logging_mixin.py:154} INFO - [2026-06-08T13:58:55.534+0000] {dag.py:3722} INFO - Setting next_dagrun for example_dynamic_task_mapping to 2022-03-04T00:00:00+00:00, run_after=2022-03-05T00:00:00+00:00
[2026-06-08T13:58:55.561+0000] {processor.py:179} INFO - Processing /home/airflow/.local/lib/python3.10/site-packages/airflow/example_dags/example_dynamic_task_mapping.py took 0.112 seconds
[2026-06-08T13:59:26.356+0000] {processor.py:157} INFO - Started process (PID=2229) to work on /home/airflow/.local/lib/python3.10/site-packages/airflow/example_dags/example_dynamic_task_mapping.py
[2026-06-08T13:59:26.358+0000] {processor.py:829} INFO - Processing file /home/airflow/.local/lib/python3.10/site-packages/airflow/example_dags/example_dynamic_task_mapping.py for tasks to queue
[2026-06-08T13:59:26.359+0000] {logging_mixin.py:154} INFO - [2026-06-08T13:59:26.359+0000] {dagbag.py:536} INFO - Filling up the DagBag from /home/airflow/.local/lib/python3.10/site-packages/airflow/example_dags/example_dynamic_task_mapping.py
[2026-06-08T13:59:26.407+0000] {processor.py:839} INFO - DAG(s) dict_keys(['example_dynamic_task_mapping']) retrieved from /home/airflow/.local/lib/python3.10/site-packages/airflow/example_dags/example_dynamic_task_mapping.py
[2026-06-08T13:59:26.452+0000] {logging_mixin.py:154} INFO - [2026-06-08T13:59:26.452+0000] {dag.py:2941} INFO - Sync 1 DAGs
[2026-06-08T13:59:26.507+0000] {logging_mixin.py:154} INFO - [2026-06-08T13:59:26.507+0000] {dag.py:3722} INFO - Setting next_dagrun for example_dynamic_task_mapping to 2022-03-04T00:00:00+00:00, run_after=2022-03-05T00:00:00+00:00
[2026-06-08T13:59:26.553+0000] {processor.py:179} INFO - Processing /home/airflow/.local/lib/python3.10/site-packages/airflow/example_dags/example_dynamic_task_mapping.py took 0.219 seconds
[2026-06-08T13:59:57.496+0000] {processor.py:157} INFO - Started process (PID=2278) to work on /home/airflow/.local/lib/python3.10/site-packages/airflow/example_dags/example_dynamic_task_mapping.py
[2026-06-08T13:59:57.499+0000] {processor.py:829} INFO - Processing file /home/airflow/.local/lib/python3.10/site-packages/airflow/example_dags/example_dynamic_task_mapping.py for tasks to queue
[2026-06-08T13:59:57.502+0000] {logging_mixin.py:154} INFO - [2026-06-08T13:59:57.501+0000] {dagbag.py:536} INFO - Filling up the DagBag from /home/airflow/.local/lib/python3.10/site-packages/airflow/example_dags/example_dynamic_task_mapping.py
[2026-06-08T13:59:57.544+0000] {processor.py:839} INFO - DAG(s) dict_keys(['example_dynamic_task_mapping']) retrieved from /home/airflow/.local/lib/python3.10/site-packages/airflow/example_dags/example_dynamic_task_mapping.py
[2026-06-08T13:59:57.599+0000] {logging_mixin.py:154} INFO - [2026-06-08T13:59:57.599+0000] {dag.py:2941} INFO - Sync 1 DAGs
[2026-06-08T13:59:57.626+0000] {logging_mixin.py:154} INFO - [2026-06-08T13:59:57.625+0000] {dag.py:3722} INFO - Setting next_dagrun for example_dynamic_task_mapping to 2022-03-04T00:00:00+00:00, run_after=2022-03-05T00:00:00+00:00
[2026-06-08T13:59:57.655+0000] {processor.py:179} INFO - Processing /home/airflow/.local/lib/python3.10/site-packages/airflow/example_dags/example_dynamic_task_mapping.py took 0.168 seconds
[2026-06-08T14:00:28.013+0000] {processor.py:157} INFO - Started process (PID=2327) to work on /home/airflow/.local/lib/python3.10/site-packages/airflow/example_dags/example_dynamic_task_mapping.py
[2026-06-08T14:00:28.027+0000] {processor.py:829} INFO - Processing file /home/airflow/.local/lib/python3.10/site-packages/airflow/example_dags/example_dynamic_task_mapping.py for tasks to queue
[2026-06-08T14:00:28.028+0000] {logging_mixin.py:154} INFO - [2026-06-08T14:00:28.028+0000] {dagbag.py:536} INFO - Filling up the DagBag from /home/airflow/.local/lib/python3.10/site-packages/airflow/example_dags/example_dynamic_task_mapping.py
[2026-06-08T14:00:28.042+0000] {processor.py:839} INFO - DAG(s) dict_keys(['example_dynamic_task_mapping']) retrieved from /home/airflow/.local/lib/python3.10/site-packages/airflow/example_dags/example_dynamic_task_mapping.py
[2026-06-08T14:00:28.066+0000] {logging_mixin.py:154} INFO - [2026-06-08T14:00:28.066+0000] {dag.py:2941} INFO - Sync 1 DAGs
[2026-06-08T14:00:28.093+0000] {logging_mixin.py:154} INFO - [2026-06-08T14:00:28.092+0000] {dag.py:3722} INFO - Setting next_dagrun for example_dynamic_task_mapping to 2022-03-04T00:00:00+00:00, run_after=2022-03-05T00:00:00+00:00
[2026-06-08T14:00:28.114+0000] {processor.py:179} INFO - Processing /home/airflow/.local/lib/python3.10/site-packages/airflow/example_dags/example_dynamic_task_mapping.py took 0.106 seconds
[2026-06-08T14:00:58.872+0000] {processor.py:157} INFO - Started process (PID=2376) to work on /home/airflow/.local/lib/python3.10/site-packages/airflow/example_dags/example_dynamic_task_mapping.py
[2026-06-08T14:00:58.878+0000] {processor.py:829} INFO - Processing file /home/airflow/.local/lib/python3.10/site-packages/airflow/example_dags/example_dynamic_task_mapping.py for tasks to queue
[2026-06-08T14:00:58.879+0000] {logging_mixin.py:154} INFO - [2026-06-08T14:00:58.878+0000] {dagbag.py:536} INFO - Filling up the DagBag from /home/airflow/.local/lib/python3.10/site-packages/airflow/example_dags/example_dynamic_task_mapping.py
[2026-06-08T14:00:58.911+0000] {processor.py:839} INFO - DAG(s) dict_keys(['example_dynamic_task_mapping']) retrieved from /home/airflow/.local/lib/python3.10/site-packages/airflow/example_dags/example_dynamic_task_mapping.py
[2026-06-08T14:00:58.963+0000] {logging_mixin.py:154} INFO - [2026-06-08T14:00:58.963+0000] {dag.py:2941} INFO - Sync 1 DAGs
[2026-06-08T14:00:59.052+0000] {logging_mixin.py:154} INFO - [2026-06-08T14:00:59.051+0000] {dag.py:3722} INFO - Setting next_dagrun for example_dynamic_task_mapping to 2022-03-04T00:00:00+00:00, run_after=2022-03-05T00:00:00+00:00
[2026-06-08T14:00:59.133+0000] {processor.py:179} INFO - Processing /home/airflow/.local/lib/python3.10/site-packages/airflow/example_dags/example_dynamic_task_mapping.py took 0.270 seconds
[2026-06-08T14:01:29.999+0000] {processor.py:157} INFO - Started process (PID=2425) to work on /home/airflow/.local/lib/python3.10/site-packages/airflow/example_dags/example_dynamic_task_mapping.py
[2026-06-08T14:01:30.006+0000] {processor.py:829} INFO - Processing file /home/airflow/.local/lib/python3.10/site-packages/airflow/example_dags/example_dynamic_task_mapping.py for tasks to queue
[2026-06-08T14:01:30.007+0000] {logging_mixin.py:154} INFO - [2026-06-08T14:01:30.007+0000] {dagbag.py:536} INFO - Filling up the DagBag from /home/airflow/.local/lib/python3.10/site-packages/airflow/example_dags/example_dynamic_task_mapping.py
[2026-06-08T14:01:30.024+0000] {processor.py:839} INFO - DAG(s) dict_keys(['example_dynamic_task_mapping']) retrieved from /home/airflow/.local/lib/python3.10/site-packages/airflow/example_dags/example_dynamic_task_mapping.py
[2026-06-08T14:01:30.055+0000] {logging_mixin.py:154} INFO - [2026-06-08T14:01:30.055+0000] {dag.py:2941} INFO - Sync 1 DAGs
[2026-06-08T14:01:30.128+0000] {logging_mixin.py:154} INFO - [2026-06-08T14:01:30.127+0000] {dag.py:3722} INFO - Setting next_dagrun for example_dynamic_task_mapping to 2022-03-04T00:00:00+00:00, run_after=2022-03-05T00:00:00+00:00
[2026-06-08T14:01:30.199+0000] {processor.py:179} INFO - Processing /home/airflow/.local/lib/python3.10/site-packages/airflow/example_dags/example_dynamic_task_mapping.py took 0.207 seconds
[2026-06-08T14:02:01.053+0000] {processor.py:157} INFO - Started process (PID=2474) to work on /home/airflow/.local/lib/python3.10/site-packages/airflow/example_dags/example_dynamic_task_mapping.py
[2026-06-08T14:02:01.055+0000] {processor.py:829} INFO - Processing file /home/airflow/.local/lib/python3.10/site-packages/airflow/example_dags/example_dynamic_task_mapping.py for tasks to queue
[2026-06-08T14:02:01.056+0000] {logging_mixin.py:154} INFO - [2026-06-08T14:02:01.056+0000] {dagbag.py:536} INFO - Filling up the DagBag from /home/airflow/.local/lib/python3.10/site-packages/airflow/example_dags/example_dynamic_task_mapping.py
[2026-06-08T14:02:01.074+0000] {processor.py:839} INFO - DAG(s) dict_keys(['example_dynamic_task_mapping']) retrieved from /home/airflow/.local/lib/python3.10/site-packages/airflow/example_dags/example_dynamic_task_mapping.py
[2026-06-08T14:02:01.097+0000] {logging_mixin.py:154} INFO - [2026-06-08T14:02:01.097+0000] {dag.py:2941} INFO - Sync 1 DAGs
[2026-06-08T14:02:01.133+0000] {logging_mixin.py:154} INFO - [2026-06-08T14:02:01.133+0000] {dag.py:3722} INFO - Setting next_dagrun for example_dynamic_task_mapping to 2022-03-04T00:00:00+00:00, run_after=2022-03-05T00:00:00+00:00
[2026-06-08T14:02:01.168+0000] {processor.py:179} INFO - Processing /home/airflow/.local/lib/python3.10/site-packages/airflow/example_dags/example_dynamic_task_mapping.py took 0.120 seconds
[2026-06-08T14:02:33.157+0000] {processor.py:157} INFO - Started process (PID=2523) to work on /home/airflow/.local/lib/python3.10/site-packages/airflow/example_dags/example_dynamic_task_mapping.py
[2026-06-08T14:02:33.166+0000] {processor.py:829} INFO - Processing file /home/airflow/.local/lib/python3.10/site-packages/airflow/example_dags/example_dynamic_task_mapping.py for tasks to queue
[2026-06-08T14:02:33.168+0000] {logging_mixin.py:154} INFO - [2026-06-08T14:02:33.168+0000] {dagbag.py:536} INFO - Filling up the DagBag from /home/airflow/.local/lib/python3.10/site-packages/airflow/example_dags/example_dynamic_task_mapping.py
[2026-06-08T14:02:33.202+0000] {processor.py:839} INFO - DAG(s) dict_keys(['example_dynamic_task_mapping']) retrieved from /home/airflow/.local/lib/python3.10/site-packages/airflow/example_dags/example_dynamic_task_mapping.py
[2026-06-08T14:02:33.321+0000] {logging_mixin.py:154} INFO - [2026-06-08T14:02:33.321+0000] {dag.py:2941} INFO - Sync 1 DAGs
[2026-06-08T14:02:33.435+0000] {logging_mixin.py:154} INFO - [2026-06-08T14:02:33.434+0000] {dag.py:3722} INFO - Setting next_dagrun for example_dynamic_task_mapping to 2022-03-04T00:00:00+00:00, run_after=2022-03-05T00:00:00+00:00
[2026-06-08T14:02:33.493+0000] {processor.py:179} INFO - Processing /home/airflow/.local/lib/python3.10/site-packages/airflow/example_dags/example_dynamic_task_mapping.py took 0.348 seconds
[2026-06-08T14:03:04.763+0000] {processor.py:157} INFO - Started process (PID=2572) to work on /home/airflow/.local/lib/python3.10/site-packages/airflow/example_dags/example_dynamic_task_mapping.py
[2026-06-08T14:03:04.765+0000] {processor.py:829} INFO - Processing file /home/airflow/.local/lib/python3.10/site-packages/airflow/example_dags/example_dynamic_task_mapping.py for tasks to queue
[2026-06-08T14:03:04.766+0000] {logging_mixin.py:154} INFO - [2026-06-08T14:03:04.766+0000] {dagbag.py:536} INFO - Filling up the DagBag from /home/airflow/.local/lib/python3.10/site-packages/airflow/example_dags/example_dynamic_task_mapping.py
[2026-06-08T14:03:04.778+0000] {processor.py:839} INFO - DAG(s) dict_keys(['example_dynamic_task_mapping']) retrieved from /home/airflow/.local/lib/python3.10/site-packages/airflow/example_dags/example_dynamic_task_mapping.py
[2026-06-08T14:03:04.813+0000] {logging_mixin.py:154} INFO - [2026-06-08T14:03:04.812+0000] {dag.py:2941} INFO - Sync 1 DAGs
[2026-06-08T14:03:04.846+0000] {logging_mixin.py:154} INFO - [2026-06-08T14:03:04.846+0000] {dag.py:3722} INFO - Setting next_dagrun for example_dynamic_task_mapping to 2022-03-04T00:00:00+00:00, run_after=2022-03-05T00:00:00+00:00
[2026-06-08T14:03:04.898+0000] {processor.py:179} INFO - Processing /home/airflow/.local/lib/python3.10/site-packages/airflow/example_dags/example_dynamic_task_mapping.py took 0.140 seconds
[2026-06-08T14:03:37.246+0000] {processor.py:157} INFO - Started process (PID=2620) to work on /home/airflow/.local/lib/python3.10/site-packages/airflow/example_dags/example_dynamic_task_mapping.py
[2026-06-08T14:03:37.248+0000] {processor.py:829} INFO - Processing file /home/airflow/.local/lib/python3.10/site-packages/airflow/example_dags/example_dynamic_task_mapping.py for tasks to queue
[2026-06-08T14:03:37.252+0000] {logging_mixin.py:154} INFO - [2026-06-08T14:03:37.251+0000] {dagbag.py:536} INFO - Filling up the DagBag from /home/airflow/.local/lib/python3.10/site-packages/airflow/example_dags/example_dynamic_task_mapping.py
[2026-06-08T14:03:37.273+0000] {processor.py:839} INFO - DAG(s) dict_keys(['example_dynamic_task_mapping']) retrieved from /home/airflow/.local/lib/python3.10/site-packages/airflow/example_dags/example_dynamic_task_mapping.py
[2026-06-08T14:03:37.400+0000] {logging_mixin.py:154} INFO - [2026-06-08T14:03:37.400+0000] {dag.py:2941} INFO - Sync 1 DAGs
[2026-06-08T14:03:37.497+0000] {logging_mixin.py:154} INFO - [2026-06-08T14:03:37.496+0000] {dag.py:3722} INFO - Setting next_dagrun for example_dynamic_task_mapping to 2022-03-04T00:00:00+00:00, run_after=2022-03-05T00:00:00+00:00
[2026-06-08T14:03:37.540+0000] {processor.py:179} INFO - Processing /home/airflow/.local/lib/python3.10/site-packages/airflow/example_dags/example_dynamic_task_mapping.py took 0.309 seconds
