[2026-06-08T12:43:15.635+0000] {processor.py:157} INFO - Started process (PID=32) to work on /home/airflow/.local/lib/python3.8/site-packages/airflow/example_dags/example_xcom.py
[2026-06-08T12:43:15.642+0000] {processor.py:829} INFO - Processing file /home/airflow/.local/lib/python3.8/site-packages/airflow/example_dags/example_xcom.py for tasks to queue
[2026-06-08T12:43:15.660+0000] {logging_mixin.py:154} INFO - [2026-06-08T12:43:15.660+0000] {dagbag.py:536} INFO - Filling up the DagBag from /home/airflow/.local/lib/python3.8/site-packages/airflow/example_dags/example_xcom.py
[2026-06-08T12:43:15.763+0000] {processor.py:839} INFO - DAG(s) dict_keys(['example_xcom']) retrieved from /home/airflow/.local/lib/python3.8/site-packages/airflow/example_dags/example_xcom.py
[2026-06-08T12:43:15.901+0000] {logging_mixin.py:154} INFO - [2026-06-08T12:43:15.900+0000] {dag.py:2941} INFO - Sync 1 DAGs
[2026-06-08T12:43:16.073+0000] {logging_mixin.py:154} INFO - [2026-06-08T12:43:16.072+0000] {dag.py:3722} INFO - Setting next_dagrun for example_xcom to 2021-01-01T00:00:00+00:00, run_after=2021-01-01T00:00:00+00:00
[2026-06-08T12:43:16.179+0000] {processor.py:179} INFO - Processing /home/airflow/.local/lib/python3.8/site-packages/airflow/example_dags/example_xcom.py took 0.566 seconds
[2026-06-08T12:43:46.452+0000] {processor.py:157} INFO - Started process (PID=80) to work on /home/airflow/.local/lib/python3.8/site-packages/airflow/example_dags/example_xcom.py
[2026-06-08T12:43:46.455+0000] {processor.py:829} INFO - Processing file /home/airflow/.local/lib/python3.8/site-packages/airflow/example_dags/example_xcom.py for tasks to queue
[2026-06-08T12:43:46.465+0000] {logging_mixin.py:154} INFO - [2026-06-08T12:43:46.462+0000] {dagbag.py:536} INFO - Filling up the DagBag from /home/airflow/.local/lib/python3.8/site-packages/airflow/example_dags/example_xcom.py
[2026-06-08T12:43:46.497+0000] {processor.py:839} INFO - DAG(s) dict_keys(['example_xcom']) retrieved from /home/airflow/.local/lib/python3.8/site-packages/airflow/example_dags/example_xcom.py
[2026-06-08T12:43:46.565+0000] {logging_mixin.py:154} INFO - [2026-06-08T12:43:46.564+0000] {dag.py:2941} INFO - Sync 1 DAGs
[2026-06-08T12:43:46.600+0000] {logging_mixin.py:154} INFO - [2026-06-08T12:43:46.599+0000] {dag.py:3722} INFO - Setting next_dagrun for example_xcom to 2021-01-01T00:00:00+00:00, run_after=2021-01-01T00:00:00+00:00
[2026-06-08T12:43:46.622+0000] {processor.py:179} INFO - Processing /home/airflow/.local/lib/python3.8/site-packages/airflow/example_dags/example_xcom.py took 0.175 seconds
[2026-06-08T12:44:16.835+0000] {processor.py:157} INFO - Started process (PID=128) to work on /home/airflow/.local/lib/python3.8/site-packages/airflow/example_dags/example_xcom.py
[2026-06-08T12:44:16.846+0000] {processor.py:829} INFO - Processing file /home/airflow/.local/lib/python3.8/site-packages/airflow/example_dags/example_xcom.py for tasks to queue
[2026-06-08T12:44:16.847+0000] {logging_mixin.py:154} INFO - [2026-06-08T12:44:16.847+0000] {dagbag.py:536} INFO - Filling up the DagBag from /home/airflow/.local/lib/python3.8/site-packages/airflow/example_dags/example_xcom.py
[2026-06-08T12:44:16.864+0000] {processor.py:839} INFO - DAG(s) dict_keys(['example_xcom']) retrieved from /home/airflow/.local/lib/python3.8/site-packages/airflow/example_dags/example_xcom.py
[2026-06-08T12:44:16.950+0000] {logging_mixin.py:154} INFO - [2026-06-08T12:44:16.950+0000] {dag.py:2941} INFO - Sync 1 DAGs
[2026-06-08T12:44:17.014+0000] {logging_mixin.py:154} INFO - [2026-06-08T12:44:17.013+0000] {dag.py:3722} INFO - Setting next_dagrun for example_xcom to 2021-01-01T00:00:00+00:00, run_after=2021-01-01T00:00:00+00:00
[2026-06-08T12:44:17.067+0000] {processor.py:179} INFO - Processing /home/airflow/.local/lib/python3.8/site-packages/airflow/example_dags/example_xcom.py took 0.242 seconds
[2026-06-08T12:44:47.463+0000] {processor.py:157} INFO - Started process (PID=176) to work on /home/airflow/.local/lib/python3.8/site-packages/airflow/example_dags/example_xcom.py
[2026-06-08T12:44:47.465+0000] {processor.py:829} INFO - Processing file /home/airflow/.local/lib/python3.8/site-packages/airflow/example_dags/example_xcom.py for tasks to queue
[2026-06-08T12:44:47.466+0000] {logging_mixin.py:154} INFO - [2026-06-08T12:44:47.466+0000] {dagbag.py:536} INFO - Filling up the DagBag from /home/airflow/.local/lib/python3.8/site-packages/airflow/example_dags/example_xcom.py
[2026-06-08T12:44:47.496+0000] {processor.py:839} INFO - DAG(s) dict_keys(['example_xcom']) retrieved from /home/airflow/.local/lib/python3.8/site-packages/airflow/example_dags/example_xcom.py
[2026-06-08T12:44:47.622+0000] {logging_mixin.py:154} INFO - [2026-06-08T12:44:47.621+0000] {dag.py:2941} INFO - Sync 1 DAGs
[2026-06-08T12:44:47.738+0000] {logging_mixin.py:154} INFO - [2026-06-08T12:44:47.737+0000] {dag.py:3722} INFO - Setting next_dagrun for example_xcom to 2021-01-01T00:00:00+00:00, run_after=2021-01-01T00:00:00+00:00
[2026-06-08T12:44:47.831+0000] {processor.py:179} INFO - Processing /home/airflow/.local/lib/python3.8/site-packages/airflow/example_dags/example_xcom.py took 0.396 seconds
[2026-06-08T12:45:18.891+0000] {processor.py:157} INFO - Started process (PID=224) to work on /home/airflow/.local/lib/python3.8/site-packages/airflow/example_dags/example_xcom.py
[2026-06-08T12:45:18.898+0000] {processor.py:829} INFO - Processing file /home/airflow/.local/lib/python3.8/site-packages/airflow/example_dags/example_xcom.py for tasks to queue
[2026-06-08T12:45:18.899+0000] {logging_mixin.py:154} INFO - [2026-06-08T12:45:18.899+0000] {dagbag.py:536} INFO - Filling up the DagBag from /home/airflow/.local/lib/python3.8/site-packages/airflow/example_dags/example_xcom.py
[2026-06-08T12:45:18.944+0000] {processor.py:839} INFO - DAG(s) dict_keys(['example_xcom']) retrieved from /home/airflow/.local/lib/python3.8/site-packages/airflow/example_dags/example_xcom.py
[2026-06-08T12:45:19.032+0000] {logging_mixin.py:154} INFO - [2026-06-08T12:45:19.032+0000] {dag.py:2941} INFO - Sync 1 DAGs
[2026-06-08T12:45:19.178+0000] {logging_mixin.py:154} INFO - [2026-06-08T12:45:19.178+0000] {dag.py:3722} INFO - Setting next_dagrun for example_xcom to 2021-01-01T00:00:00+00:00, run_after=2021-01-01T00:00:00+00:00
[2026-06-08T12:45:19.275+0000] {processor.py:179} INFO - Processing /home/airflow/.local/lib/python3.8/site-packages/airflow/example_dags/example_xcom.py took 0.393 seconds
[2026-06-08T12:48:00.004+0000] {processor.py:157} INFO - Started process (PID=32) to work on /home/airflow/.local/lib/python3.8/site-packages/airflow/example_dags/example_xcom.py
[2026-06-08T12:48:00.034+0000] {processor.py:829} INFO - Processing file /home/airflow/.local/lib/python3.8/site-packages/airflow/example_dags/example_xcom.py for tasks to queue
[2026-06-08T12:48:00.042+0000] {logging_mixin.py:154} INFO - [2026-06-08T12:48:00.041+0000] {dagbag.py:536} INFO - Filling up the DagBag from /home/airflow/.local/lib/python3.8/site-packages/airflow/example_dags/example_xcom.py
[2026-06-08T12:48:00.138+0000] {processor.py:839} INFO - DAG(s) dict_keys(['example_xcom']) retrieved from /home/airflow/.local/lib/python3.8/site-packages/airflow/example_dags/example_xcom.py
[2026-06-08T12:48:00.343+0000] {logging_mixin.py:154} INFO - [2026-06-08T12:48:00.342+0000] {dag.py:2941} INFO - Sync 1 DAGs
[2026-06-08T12:48:00.459+0000] {logging_mixin.py:154} INFO - [2026-06-08T12:48:00.458+0000] {dag.py:3722} INFO - Setting next_dagrun for example_xcom to 2021-01-01T00:00:00+00:00, run_after=2021-01-01T00:00:00+00:00
[2026-06-08T12:48:00.566+0000] {processor.py:179} INFO - Processing /home/airflow/.local/lib/python3.8/site-packages/airflow/example_dags/example_xcom.py took 0.567 seconds
[2026-06-08T12:48:30.924+0000] {processor.py:157} INFO - Started process (PID=80) to work on /home/airflow/.local/lib/python3.8/site-packages/airflow/example_dags/example_xcom.py
[2026-06-08T12:48:30.942+0000] {processor.py:829} INFO - Processing file /home/airflow/.local/lib/python3.8/site-packages/airflow/example_dags/example_xcom.py for tasks to queue
[2026-06-08T12:48:30.945+0000] {logging_mixin.py:154} INFO - [2026-06-08T12:48:30.945+0000] {dagbag.py:536} INFO - Filling up the DagBag from /home/airflow/.local/lib/python3.8/site-packages/airflow/example_dags/example_xcom.py
[2026-06-08T12:48:30.991+0000] {processor.py:839} INFO - DAG(s) dict_keys(['example_xcom']) retrieved from /home/airflow/.local/lib/python3.8/site-packages/airflow/example_dags/example_xcom.py
[2026-06-08T12:48:31.097+0000] {logging_mixin.py:154} INFO - [2026-06-08T12:48:31.096+0000] {dag.py:2941} INFO - Sync 1 DAGs
[2026-06-08T12:48:31.250+0000] {logging_mixin.py:154} INFO - [2026-06-08T12:48:31.250+0000] {dag.py:3722} INFO - Setting next_dagrun for example_xcom to 2021-01-01T00:00:00+00:00, run_after=2021-01-01T00:00:00+00:00
[2026-06-08T12:48:31.354+0000] {processor.py:179} INFO - Processing /home/airflow/.local/lib/python3.8/site-packages/airflow/example_dags/example_xcom.py took 0.461 seconds
[2026-06-08T12:49:01.620+0000] {processor.py:157} INFO - Started process (PID=128) to work on /home/airflow/.local/lib/python3.8/site-packages/airflow/example_dags/example_xcom.py
[2026-06-08T12:49:01.622+0000] {processor.py:829} INFO - Processing file /home/airflow/.local/lib/python3.8/site-packages/airflow/example_dags/example_xcom.py for tasks to queue
[2026-06-08T12:49:01.626+0000] {logging_mixin.py:154} INFO - [2026-06-08T12:49:01.626+0000] {dagbag.py:536} INFO - Filling up the DagBag from /home/airflow/.local/lib/python3.8/site-packages/airflow/example_dags/example_xcom.py
[2026-06-08T12:49:01.638+0000] {processor.py:839} INFO - DAG(s) dict_keys(['example_xcom']) retrieved from /home/airflow/.local/lib/python3.8/site-packages/airflow/example_dags/example_xcom.py
[2026-06-08T12:49:01.668+0000] {logging_mixin.py:154} INFO - [2026-06-08T12:49:01.668+0000] {dag.py:2941} INFO - Sync 1 DAGs
[2026-06-08T12:49:01.700+0000] {logging_mixin.py:154} INFO - [2026-06-08T12:49:01.699+0000] {dag.py:3722} INFO - Setting next_dagrun for example_xcom to 2021-01-01T00:00:00+00:00, run_after=2021-01-01T00:00:00+00:00
[2026-06-08T12:49:01.724+0000] {processor.py:179} INFO - Processing /home/airflow/.local/lib/python3.8/site-packages/airflow/example_dags/example_xcom.py took 0.110 seconds
[2026-06-08T12:49:31.916+0000] {processor.py:157} INFO - Started process (PID=176) to work on /home/airflow/.local/lib/python3.8/site-packages/airflow/example_dags/example_xcom.py
[2026-06-08T12:49:31.917+0000] {processor.py:829} INFO - Processing file /home/airflow/.local/lib/python3.8/site-packages/airflow/example_dags/example_xcom.py for tasks to queue
[2026-06-08T12:49:31.920+0000] {logging_mixin.py:154} INFO - [2026-06-08T12:49:31.920+0000] {dagbag.py:536} INFO - Filling up the DagBag from /home/airflow/.local/lib/python3.8/site-packages/airflow/example_dags/example_xcom.py
[2026-06-08T12:49:31.931+0000] {processor.py:839} INFO - DAG(s) dict_keys(['example_xcom']) retrieved from /home/airflow/.local/lib/python3.8/site-packages/airflow/example_dags/example_xcom.py
[2026-06-08T12:49:31.963+0000] {logging_mixin.py:154} INFO - [2026-06-08T12:49:31.962+0000] {dag.py:2941} INFO - Sync 1 DAGs
[2026-06-08T12:49:31.995+0000] {logging_mixin.py:154} INFO - [2026-06-08T12:49:31.995+0000] {dag.py:3722} INFO - Setting next_dagrun for example_xcom to 2021-01-01T00:00:00+00:00, run_after=2021-01-01T00:00:00+00:00
[2026-06-08T12:49:32.018+0000] {processor.py:179} INFO - Processing /home/airflow/.local/lib/python3.8/site-packages/airflow/example_dags/example_xcom.py took 0.107 seconds
[2026-06-08T12:50:02.420+0000] {processor.py:157} INFO - Started process (PID=224) to work on /home/airflow/.local/lib/python3.8/site-packages/airflow/example_dags/example_xcom.py
[2026-06-08T12:50:02.424+0000] {processor.py:829} INFO - Processing file /home/airflow/.local/lib/python3.8/site-packages/airflow/example_dags/example_xcom.py for tasks to queue
[2026-06-08T12:50:02.428+0000] {logging_mixin.py:154} INFO - [2026-06-08T12:50:02.427+0000] {dagbag.py:536} INFO - Filling up the DagBag from /home/airflow/.local/lib/python3.8/site-packages/airflow/example_dags/example_xcom.py
[2026-06-08T12:50:02.450+0000] {processor.py:839} INFO - DAG(s) dict_keys(['example_xcom']) retrieved from /home/airflow/.local/lib/python3.8/site-packages/airflow/example_dags/example_xcom.py
[2026-06-08T12:50:02.515+0000] {logging_mixin.py:154} INFO - [2026-06-08T12:50:02.515+0000] {dag.py:2941} INFO - Sync 1 DAGs
[2026-06-08T12:50:02.581+0000] {logging_mixin.py:154} INFO - [2026-06-08T12:50:02.580+0000] {dag.py:3722} INFO - Setting next_dagrun for example_xcom to 2021-01-01T00:00:00+00:00, run_after=2021-01-01T00:00:00+00:00
[2026-06-08T12:50:02.619+0000] {processor.py:179} INFO - Processing /home/airflow/.local/lib/python3.8/site-packages/airflow/example_dags/example_xcom.py took 0.204 seconds
[2026-06-08T12:50:33.117+0000] {processor.py:157} INFO - Started process (PID=272) to work on /home/airflow/.local/lib/python3.8/site-packages/airflow/example_dags/example_xcom.py
[2026-06-08T12:50:33.134+0000] {processor.py:829} INFO - Processing file /home/airflow/.local/lib/python3.8/site-packages/airflow/example_dags/example_xcom.py for tasks to queue
[2026-06-08T12:50:33.137+0000] {logging_mixin.py:154} INFO - [2026-06-08T12:50:33.137+0000] {dagbag.py:536} INFO - Filling up the DagBag from /home/airflow/.local/lib/python3.8/site-packages/airflow/example_dags/example_xcom.py
[2026-06-08T12:50:33.226+0000] {processor.py:839} INFO - DAG(s) dict_keys(['example_xcom']) retrieved from /home/airflow/.local/lib/python3.8/site-packages/airflow/example_dags/example_xcom.py
[2026-06-08T12:50:33.421+0000] {logging_mixin.py:154} INFO - [2026-06-08T12:50:33.421+0000] {dag.py:2941} INFO - Sync 1 DAGs
[2026-06-08T12:50:33.604+0000] {logging_mixin.py:154} INFO - [2026-06-08T12:50:33.604+0000] {dag.py:3722} INFO - Setting next_dagrun for example_xcom to 2021-01-01T00:00:00+00:00, run_after=2021-01-01T00:00:00+00:00
[2026-06-08T12:50:33.753+0000] {processor.py:179} INFO - Processing /home/airflow/.local/lib/python3.8/site-packages/airflow/example_dags/example_xcom.py took 0.650 seconds
[2026-06-08T12:51:04.005+0000] {processor.py:157} INFO - Started process (PID=320) to work on /home/airflow/.local/lib/python3.8/site-packages/airflow/example_dags/example_xcom.py
[2026-06-08T12:51:04.006+0000] {processor.py:829} INFO - Processing file /home/airflow/.local/lib/python3.8/site-packages/airflow/example_dags/example_xcom.py for tasks to queue
[2026-06-08T12:51:04.010+0000] {logging_mixin.py:154} INFO - [2026-06-08T12:51:04.009+0000] {dagbag.py:536} INFO - Filling up the DagBag from /home/airflow/.local/lib/python3.8/site-packages/airflow/example_dags/example_xcom.py
[2026-06-08T12:51:04.021+0000] {processor.py:839} INFO - DAG(s) dict_keys(['example_xcom']) retrieved from /home/airflow/.local/lib/python3.8/site-packages/airflow/example_dags/example_xcom.py
[2026-06-08T12:51:04.054+0000] {logging_mixin.py:154} INFO - [2026-06-08T12:51:04.054+0000] {dag.py:2941} INFO - Sync 1 DAGs
[2026-06-08T12:51:04.092+0000] {logging_mixin.py:154} INFO - [2026-06-08T12:51:04.092+0000] {dag.py:3722} INFO - Setting next_dagrun for example_xcom to 2021-01-01T00:00:00+00:00, run_after=2021-01-01T00:00:00+00:00
[2026-06-08T12:51:04.118+0000] {processor.py:179} INFO - Processing /home/airflow/.local/lib/python3.8/site-packages/airflow/example_dags/example_xcom.py took 0.118 seconds
[2026-06-08T12:51:34.430+0000] {processor.py:157} INFO - Started process (PID=368) to work on /home/airflow/.local/lib/python3.8/site-packages/airflow/example_dags/example_xcom.py
[2026-06-08T12:51:34.439+0000] {processor.py:829} INFO - Processing file /home/airflow/.local/lib/python3.8/site-packages/airflow/example_dags/example_xcom.py for tasks to queue
[2026-06-08T12:51:34.448+0000] {logging_mixin.py:154} INFO - [2026-06-08T12:51:34.442+0000] {dagbag.py:536} INFO - Filling up the DagBag from /home/airflow/.local/lib/python3.8/site-packages/airflow/example_dags/example_xcom.py
[2026-06-08T12:51:34.468+0000] {processor.py:839} INFO - DAG(s) dict_keys(['example_xcom']) retrieved from /home/airflow/.local/lib/python3.8/site-packages/airflow/example_dags/example_xcom.py
[2026-06-08T12:51:34.499+0000] {logging_mixin.py:154} INFO - [2026-06-08T12:51:34.499+0000] {dag.py:2941} INFO - Sync 1 DAGs
[2026-06-08T12:51:34.532+0000] {logging_mixin.py:154} INFO - [2026-06-08T12:51:34.531+0000] {dag.py:3722} INFO - Setting next_dagrun for example_xcom to 2021-01-01T00:00:00+00:00, run_after=2021-01-01T00:00:00+00:00
[2026-06-08T12:51:34.555+0000] {processor.py:179} INFO - Processing /home/airflow/.local/lib/python3.8/site-packages/airflow/example_dags/example_xcom.py took 0.135 seconds
[2026-06-08T12:52:04.812+0000] {processor.py:157} INFO - Started process (PID=414) to work on /home/airflow/.local/lib/python3.8/site-packages/airflow/example_dags/example_xcom.py
[2026-06-08T12:52:04.814+0000] {processor.py:829} INFO - Processing file /home/airflow/.local/lib/python3.8/site-packages/airflow/example_dags/example_xcom.py for tasks to queue
[2026-06-08T12:52:04.817+0000] {logging_mixin.py:154} INFO - [2026-06-08T12:52:04.817+0000] {dagbag.py:536} INFO - Filling up the DagBag from /home/airflow/.local/lib/python3.8/site-packages/airflow/example_dags/example_xcom.py
[2026-06-08T12:52:04.827+0000] {processor.py:839} INFO - DAG(s) dict_keys(['example_xcom']) retrieved from /home/airflow/.local/lib/python3.8/site-packages/airflow/example_dags/example_xcom.py
[2026-06-08T12:52:04.857+0000] {logging_mixin.py:154} INFO - [2026-06-08T12:52:04.856+0000] {dag.py:2941} INFO - Sync 1 DAGs
[2026-06-08T12:52:04.888+0000] {logging_mixin.py:154} INFO - [2026-06-08T12:52:04.888+0000] {dag.py:3722} INFO - Setting next_dagrun for example_xcom to 2021-01-01T00:00:00+00:00, run_after=2021-01-01T00:00:00+00:00
[2026-06-08T12:52:04.915+0000] {processor.py:179} INFO - Processing /home/airflow/.local/lib/python3.8/site-packages/airflow/example_dags/example_xcom.py took 0.108 seconds
[2026-06-08T12:52:35.435+0000] {processor.py:157} INFO - Started process (PID=462) to work on /home/airflow/.local/lib/python3.8/site-packages/airflow/example_dags/example_xcom.py
[2026-06-08T12:52:35.438+0000] {processor.py:829} INFO - Processing file /home/airflow/.local/lib/python3.8/site-packages/airflow/example_dags/example_xcom.py for tasks to queue
[2026-06-08T12:52:35.445+0000] {logging_mixin.py:154} INFO - [2026-06-08T12:52:35.445+0000] {dagbag.py:536} INFO - Filling up the DagBag from /home/airflow/.local/lib/python3.8/site-packages/airflow/example_dags/example_xcom.py
[2026-06-08T12:52:35.456+0000] {processor.py:839} INFO - DAG(s) dict_keys(['example_xcom']) retrieved from /home/airflow/.local/lib/python3.8/site-packages/airflow/example_dags/example_xcom.py
[2026-06-08T12:52:35.500+0000] {logging_mixin.py:154} INFO - [2026-06-08T12:52:35.500+0000] {dag.py:2941} INFO - Sync 1 DAGs
[2026-06-08T12:52:35.536+0000] {logging_mixin.py:154} INFO - [2026-06-08T12:52:35.536+0000] {dag.py:3722} INFO - Setting next_dagrun for example_xcom to 2021-01-01T00:00:00+00:00, run_after=2021-01-01T00:00:00+00:00
[2026-06-08T12:52:35.568+0000] {processor.py:179} INFO - Processing /home/airflow/.local/lib/python3.8/site-packages/airflow/example_dags/example_xcom.py took 0.142 seconds
[2026-06-08T12:53:06.936+0000] {processor.py:157} INFO - Started process (PID=510) to work on /home/airflow/.local/lib/python3.8/site-packages/airflow/example_dags/example_xcom.py
[2026-06-08T12:53:06.950+0000] {processor.py:829} INFO - Processing file /home/airflow/.local/lib/python3.8/site-packages/airflow/example_dags/example_xcom.py for tasks to queue
[2026-06-08T12:53:06.960+0000] {logging_mixin.py:154} INFO - [2026-06-08T12:53:06.959+0000] {dagbag.py:536} INFO - Filling up the DagBag from /home/airflow/.local/lib/python3.8/site-packages/airflow/example_dags/example_xcom.py
[2026-06-08T12:53:07.090+0000] {processor.py:839} INFO - DAG(s) dict_keys(['example_xcom']) retrieved from /home/airflow/.local/lib/python3.8/site-packages/airflow/example_dags/example_xcom.py
[2026-06-08T12:53:07.264+0000] {logging_mixin.py:154} INFO - [2026-06-08T12:53:07.263+0000] {dag.py:2941} INFO - Sync 1 DAGs
[2026-06-08T12:53:07.640+0000] {logging_mixin.py:154} INFO - [2026-06-08T12:53:07.639+0000] {dag.py:3722} INFO - Setting next_dagrun for example_xcom to 2021-01-01T00:00:00+00:00, run_after=2021-01-01T00:00:00+00:00
[2026-06-08T12:53:07.800+0000] {processor.py:179} INFO - Processing /home/airflow/.local/lib/python3.8/site-packages/airflow/example_dags/example_xcom.py took 0.901 seconds
[2026-06-08T12:53:38.362+0000] {processor.py:157} INFO - Started process (PID=558) to work on /home/airflow/.local/lib/python3.8/site-packages/airflow/example_dags/example_xcom.py
[2026-06-08T12:53:38.436+0000] {processor.py:829} INFO - Processing file /home/airflow/.local/lib/python3.8/site-packages/airflow/example_dags/example_xcom.py for tasks to queue
[2026-06-08T12:53:38.451+0000] {logging_mixin.py:154} INFO - [2026-06-08T12:53:38.451+0000] {dagbag.py:536} INFO - Filling up the DagBag from /home/airflow/.local/lib/python3.8/site-packages/airflow/example_dags/example_xcom.py
[2026-06-08T12:53:38.556+0000] {processor.py:839} INFO - DAG(s) dict_keys(['example_xcom']) retrieved from /home/airflow/.local/lib/python3.8/site-packages/airflow/example_dags/example_xcom.py
[2026-06-08T12:53:38.686+0000] {logging_mixin.py:154} INFO - [2026-06-08T12:53:38.686+0000] {dag.py:2941} INFO - Sync 1 DAGs
[2026-06-08T12:53:38.751+0000] {logging_mixin.py:154} INFO - [2026-06-08T12:53:38.750+0000] {dag.py:3722} INFO - Setting next_dagrun for example_xcom to 2021-01-01T00:00:00+00:00, run_after=2021-01-01T00:00:00+00:00
[2026-06-08T12:53:38.849+0000] {processor.py:179} INFO - Processing /home/airflow/.local/lib/python3.8/site-packages/airflow/example_dags/example_xcom.py took 0.493 seconds
[2026-06-08T12:54:09.721+0000] {processor.py:157} INFO - Started process (PID=606) to work on /home/airflow/.local/lib/python3.8/site-packages/airflow/example_dags/example_xcom.py
[2026-06-08T12:54:09.725+0000] {processor.py:829} INFO - Processing file /home/airflow/.local/lib/python3.8/site-packages/airflow/example_dags/example_xcom.py for tasks to queue
[2026-06-08T12:54:09.730+0000] {logging_mixin.py:154} INFO - [2026-06-08T12:54:09.730+0000] {dagbag.py:536} INFO - Filling up the DagBag from /home/airflow/.local/lib/python3.8/site-packages/airflow/example_dags/example_xcom.py
[2026-06-08T12:54:09.744+0000] {processor.py:839} INFO - DAG(s) dict_keys(['example_xcom']) retrieved from /home/airflow/.local/lib/python3.8/site-packages/airflow/example_dags/example_xcom.py
[2026-06-08T12:54:09.783+0000] {logging_mixin.py:154} INFO - [2026-06-08T12:54:09.782+0000] {dag.py:2941} INFO - Sync 1 DAGs
[2026-06-08T12:54:09.822+0000] {logging_mixin.py:154} INFO - [2026-06-08T12:54:09.821+0000] {dag.py:3722} INFO - Setting next_dagrun for example_xcom to 2021-01-01T00:00:00+00:00, run_after=2021-01-01T00:00:00+00:00
[2026-06-08T12:54:09.854+0000] {processor.py:179} INFO - Processing /home/airflow/.local/lib/python3.8/site-packages/airflow/example_dags/example_xcom.py took 0.138 seconds
[2026-06-08T13:00:04.704+0000] {processor.py:157} INFO - Started process (PID=33) to work on /home/airflow/.local/lib/python3.8/site-packages/airflow/example_dags/example_xcom.py
[2026-06-08T13:00:04.731+0000] {processor.py:829} INFO - Processing file /home/airflow/.local/lib/python3.8/site-packages/airflow/example_dags/example_xcom.py for tasks to queue
[2026-06-08T13:00:04.738+0000] {logging_mixin.py:154} INFO - [2026-06-08T13:00:04.737+0000] {dagbag.py:536} INFO - Filling up the DagBag from /home/airflow/.local/lib/python3.8/site-packages/airflow/example_dags/example_xcom.py
[2026-06-08T13:00:04.837+0000] {processor.py:839} INFO - DAG(s) dict_keys(['example_xcom']) retrieved from /home/airflow/.local/lib/python3.8/site-packages/airflow/example_dags/example_xcom.py
[2026-06-08T13:00:05.084+0000] {logging_mixin.py:154} INFO - [2026-06-08T13:00:05.083+0000] {dag.py:2941} INFO - Sync 1 DAGs
[2026-06-08T13:00:05.270+0000] {logging_mixin.py:154} INFO - [2026-06-08T13:00:05.269+0000] {dag.py:3722} INFO - Setting next_dagrun for example_xcom to 2021-01-01T00:00:00+00:00, run_after=2021-01-01T00:00:00+00:00
[2026-06-08T13:00:05.463+0000] {processor.py:179} INFO - Processing /home/airflow/.local/lib/python3.8/site-packages/airflow/example_dags/example_xcom.py took 0.785 seconds
[2026-06-08T13:00:35.919+0000] {processor.py:157} INFO - Started process (PID=81) to work on /home/airflow/.local/lib/python3.8/site-packages/airflow/example_dags/example_xcom.py
[2026-06-08T13:00:35.921+0000] {processor.py:829} INFO - Processing file /home/airflow/.local/lib/python3.8/site-packages/airflow/example_dags/example_xcom.py for tasks to queue
[2026-06-08T13:00:35.925+0000] {logging_mixin.py:154} INFO - [2026-06-08T13:00:35.924+0000] {dagbag.py:536} INFO - Filling up the DagBag from /home/airflow/.local/lib/python3.8/site-packages/airflow/example_dags/example_xcom.py
[2026-06-08T13:00:35.943+0000] {processor.py:839} INFO - DAG(s) dict_keys(['example_xcom']) retrieved from /home/airflow/.local/lib/python3.8/site-packages/airflow/example_dags/example_xcom.py
[2026-06-08T13:00:36.028+0000] {logging_mixin.py:154} INFO - [2026-06-08T13:00:36.028+0000] {dag.py:2941} INFO - Sync 1 DAGs
[2026-06-08T13:00:36.128+0000] {logging_mixin.py:154} INFO - [2026-06-08T13:00:36.128+0000] {dag.py:3722} INFO - Setting next_dagrun for example_xcom to 2021-01-01T00:00:00+00:00, run_after=2021-01-01T00:00:00+00:00
[2026-06-08T13:00:36.179+0000] {processor.py:179} INFO - Processing /home/airflow/.local/lib/python3.8/site-packages/airflow/example_dags/example_xcom.py took 0.265 seconds
[2026-06-08T13:01:06.377+0000] {processor.py:157} INFO - Started process (PID=129) to work on /home/airflow/.local/lib/python3.8/site-packages/airflow/example_dags/example_xcom.py
[2026-06-08T13:01:06.388+0000] {processor.py:829} INFO - Processing file /home/airflow/.local/lib/python3.8/site-packages/airflow/example_dags/example_xcom.py for tasks to queue
[2026-06-08T13:01:06.391+0000] {logging_mixin.py:154} INFO - [2026-06-08T13:01:06.390+0000] {dagbag.py:536} INFO - Filling up the DagBag from /home/airflow/.local/lib/python3.8/site-packages/airflow/example_dags/example_xcom.py
[2026-06-08T13:01:06.408+0000] {processor.py:839} INFO - DAG(s) dict_keys(['example_xcom']) retrieved from /home/airflow/.local/lib/python3.8/site-packages/airflow/example_dags/example_xcom.py
[2026-06-08T13:01:06.441+0000] {logging_mixin.py:154} INFO - [2026-06-08T13:01:06.441+0000] {dag.py:2941} INFO - Sync 1 DAGs
[2026-06-08T13:01:06.474+0000] {logging_mixin.py:154} INFO - [2026-06-08T13:01:06.473+0000] {dag.py:3722} INFO - Setting next_dagrun for example_xcom to 2021-01-01T00:00:00+00:00, run_after=2021-01-01T00:00:00+00:00
[2026-06-08T13:01:06.519+0000] {processor.py:179} INFO - Processing /home/airflow/.local/lib/python3.8/site-packages/airflow/example_dags/example_xcom.py took 0.146 seconds
[2026-06-08T13:01:36.788+0000] {processor.py:157} INFO - Started process (PID=177) to work on /home/airflow/.local/lib/python3.8/site-packages/airflow/example_dags/example_xcom.py
[2026-06-08T13:01:36.789+0000] {processor.py:829} INFO - Processing file /home/airflow/.local/lib/python3.8/site-packages/airflow/example_dags/example_xcom.py for tasks to queue
[2026-06-08T13:01:36.793+0000] {logging_mixin.py:154} INFO - [2026-06-08T13:01:36.792+0000] {dagbag.py:536} INFO - Filling up the DagBag from /home/airflow/.local/lib/python3.8/site-packages/airflow/example_dags/example_xcom.py
[2026-06-08T13:01:36.808+0000] {processor.py:839} INFO - DAG(s) dict_keys(['example_xcom']) retrieved from /home/airflow/.local/lib/python3.8/site-packages/airflow/example_dags/example_xcom.py
[2026-06-08T13:01:36.841+0000] {logging_mixin.py:154} INFO - [2026-06-08T13:01:36.840+0000] {dag.py:2941} INFO - Sync 1 DAGs
[2026-06-08T13:01:36.886+0000] {logging_mixin.py:154} INFO - [2026-06-08T13:01:36.886+0000] {dag.py:3722} INFO - Setting next_dagrun for example_xcom to 2021-01-01T00:00:00+00:00, run_after=2021-01-01T00:00:00+00:00
[2026-06-08T13:01:36.911+0000] {processor.py:179} INFO - Processing /home/airflow/.local/lib/python3.8/site-packages/airflow/example_dags/example_xcom.py took 0.128 seconds
[2026-06-08T13:02:07.139+0000] {processor.py:157} INFO - Started process (PID=225) to work on /home/airflow/.local/lib/python3.8/site-packages/airflow/example_dags/example_xcom.py
[2026-06-08T13:02:07.150+0000] {processor.py:829} INFO - Processing file /home/airflow/.local/lib/python3.8/site-packages/airflow/example_dags/example_xcom.py for tasks to queue
[2026-06-08T13:02:07.153+0000] {logging_mixin.py:154} INFO - [2026-06-08T13:02:07.152+0000] {dagbag.py:536} INFO - Filling up the DagBag from /home/airflow/.local/lib/python3.8/site-packages/airflow/example_dags/example_xcom.py
[2026-06-08T13:02:07.180+0000] {processor.py:839} INFO - DAG(s) dict_keys(['example_xcom']) retrieved from /home/airflow/.local/lib/python3.8/site-packages/airflow/example_dags/example_xcom.py
[2026-06-08T13:02:07.279+0000] {logging_mixin.py:154} INFO - [2026-06-08T13:02:07.278+0000] {dag.py:2941} INFO - Sync 1 DAGs
[2026-06-08T13:02:07.379+0000] {logging_mixin.py:154} INFO - [2026-06-08T13:02:07.379+0000] {dag.py:3722} INFO - Setting next_dagrun for example_xcom to 2021-01-01T00:00:00+00:00, run_after=2021-01-01T00:00:00+00:00
[2026-06-08T13:02:07.467+0000] {processor.py:179} INFO - Processing /home/airflow/.local/lib/python3.8/site-packages/airflow/example_dags/example_xcom.py took 0.345 seconds
[2026-06-08T13:02:38.234+0000] {processor.py:157} INFO - Started process (PID=273) to work on /home/airflow/.local/lib/python3.8/site-packages/airflow/example_dags/example_xcom.py
[2026-06-08T13:02:38.235+0000] {processor.py:829} INFO - Processing file /home/airflow/.local/lib/python3.8/site-packages/airflow/example_dags/example_xcom.py for tasks to queue
[2026-06-08T13:02:38.238+0000] {logging_mixin.py:154} INFO - [2026-06-08T13:02:38.238+0000] {dagbag.py:536} INFO - Filling up the DagBag from /home/airflow/.local/lib/python3.8/site-packages/airflow/example_dags/example_xcom.py
[2026-06-08T13:02:38.249+0000] {processor.py:839} INFO - DAG(s) dict_keys(['example_xcom']) retrieved from /home/airflow/.local/lib/python3.8/site-packages/airflow/example_dags/example_xcom.py
[2026-06-08T13:02:38.286+0000] {logging_mixin.py:154} INFO - [2026-06-08T13:02:38.285+0000] {dag.py:2941} INFO - Sync 1 DAGs
[2026-06-08T13:02:38.317+0000] {logging_mixin.py:154} INFO - [2026-06-08T13:02:38.317+0000] {dag.py:3722} INFO - Setting next_dagrun for example_xcom to 2021-01-01T00:00:00+00:00, run_after=2021-01-01T00:00:00+00:00
[2026-06-08T13:02:38.341+0000] {processor.py:179} INFO - Processing /home/airflow/.local/lib/python3.8/site-packages/airflow/example_dags/example_xcom.py took 0.112 seconds
[2026-06-08T13:03:08.396+0000] {processor.py:157} INFO - Started process (PID=321) to work on /home/airflow/.local/lib/python3.8/site-packages/airflow/example_dags/example_xcom.py
[2026-06-08T13:03:08.399+0000] {processor.py:829} INFO - Processing file /home/airflow/.local/lib/python3.8/site-packages/airflow/example_dags/example_xcom.py for tasks to queue
[2026-06-08T13:03:08.402+0000] {logging_mixin.py:154} INFO - [2026-06-08T13:03:08.402+0000] {dagbag.py:536} INFO - Filling up the DagBag from /home/airflow/.local/lib/python3.8/site-packages/airflow/example_dags/example_xcom.py
[2026-06-08T13:03:08.414+0000] {processor.py:839} INFO - DAG(s) dict_keys(['example_xcom']) retrieved from /home/airflow/.local/lib/python3.8/site-packages/airflow/example_dags/example_xcom.py
[2026-06-08T13:03:08.447+0000] {logging_mixin.py:154} INFO - [2026-06-08T13:03:08.446+0000] {dag.py:2941} INFO - Sync 1 DAGs
[2026-06-08T13:03:08.486+0000] {logging_mixin.py:154} INFO - [2026-06-08T13:03:08.486+0000] {dag.py:3722} INFO - Setting next_dagrun for example_xcom to 2021-01-01T00:00:00+00:00, run_after=2021-01-01T00:00:00+00:00
[2026-06-08T13:03:08.561+0000] {processor.py:179} INFO - Processing /home/airflow/.local/lib/python3.8/site-packages/airflow/example_dags/example_xcom.py took 0.170 seconds
[2026-06-08T13:03:38.959+0000] {processor.py:157} INFO - Started process (PID=369) to work on /home/airflow/.local/lib/python3.8/site-packages/airflow/example_dags/example_xcom.py
[2026-06-08T13:03:38.960+0000] {processor.py:829} INFO - Processing file /home/airflow/.local/lib/python3.8/site-packages/airflow/example_dags/example_xcom.py for tasks to queue
[2026-06-08T13:03:38.963+0000] {logging_mixin.py:154} INFO - [2026-06-08T13:03:38.963+0000] {dagbag.py:536} INFO - Filling up the DagBag from /home/airflow/.local/lib/python3.8/site-packages/airflow/example_dags/example_xcom.py
[2026-06-08T13:03:38.975+0000] {processor.py:839} INFO - DAG(s) dict_keys(['example_xcom']) retrieved from /home/airflow/.local/lib/python3.8/site-packages/airflow/example_dags/example_xcom.py
[2026-06-08T13:03:39.007+0000] {logging_mixin.py:154} INFO - [2026-06-08T13:03:39.007+0000] {dag.py:2941} INFO - Sync 1 DAGs
[2026-06-08T13:03:39.041+0000] {logging_mixin.py:154} INFO - [2026-06-08T13:03:39.041+0000] {dag.py:3722} INFO - Setting next_dagrun for example_xcom to 2021-01-01T00:00:00+00:00, run_after=2021-01-01T00:00:00+00:00
[2026-06-08T13:03:39.064+0000] {processor.py:179} INFO - Processing /home/airflow/.local/lib/python3.8/site-packages/airflow/example_dags/example_xcom.py took 0.110 seconds
[2026-06-08T13:04:09.355+0000] {processor.py:157} INFO - Started process (PID=417) to work on /home/airflow/.local/lib/python3.8/site-packages/airflow/example_dags/example_xcom.py
[2026-06-08T13:04:09.374+0000] {processor.py:829} INFO - Processing file /home/airflow/.local/lib/python3.8/site-packages/airflow/example_dags/example_xcom.py for tasks to queue
[2026-06-08T13:04:09.377+0000] {logging_mixin.py:154} INFO - [2026-06-08T13:04:09.377+0000] {dagbag.py:536} INFO - Filling up the DagBag from /home/airflow/.local/lib/python3.8/site-packages/airflow/example_dags/example_xcom.py
[2026-06-08T13:04:09.416+0000] {processor.py:839} INFO - DAG(s) dict_keys(['example_xcom']) retrieved from /home/airflow/.local/lib/python3.8/site-packages/airflow/example_dags/example_xcom.py
[2026-06-08T13:04:09.480+0000] {logging_mixin.py:154} INFO - [2026-06-08T13:04:09.479+0000] {dag.py:2941} INFO - Sync 1 DAGs
[2026-06-08T13:04:09.594+0000] {logging_mixin.py:154} INFO - [2026-06-08T13:04:09.593+0000] {dag.py:3722} INFO - Setting next_dagrun for example_xcom to 2021-01-01T00:00:00+00:00, run_after=2021-01-01T00:00:00+00:00
[2026-06-08T13:04:09.796+0000] {processor.py:179} INFO - Processing /home/airflow/.local/lib/python3.8/site-packages/airflow/example_dags/example_xcom.py took 0.474 seconds
[2026-06-08T13:10:52.853+0000] {processor.py:157} INFO - Started process (PID=31) to work on /home/airflow/.local/lib/python3.8/site-packages/airflow/example_dags/example_xcom.py
[2026-06-08T13:10:52.861+0000] {processor.py:829} INFO - Processing file /home/airflow/.local/lib/python3.8/site-packages/airflow/example_dags/example_xcom.py for tasks to queue
[2026-06-08T13:10:52.870+0000] {logging_mixin.py:154} INFO - [2026-06-08T13:10:52.870+0000] {dagbag.py:536} INFO - Filling up the DagBag from /home/airflow/.local/lib/python3.8/site-packages/airflow/example_dags/example_xcom.py
[2026-06-08T13:10:52.924+0000] {processor.py:839} INFO - DAG(s) dict_keys(['example_xcom']) retrieved from /home/airflow/.local/lib/python3.8/site-packages/airflow/example_dags/example_xcom.py
[2026-06-08T13:10:53.106+0000] {logging_mixin.py:154} INFO - [2026-06-08T13:10:53.106+0000] {dag.py:2941} INFO - Sync 1 DAGs
[2026-06-08T13:10:53.252+0000] {logging_mixin.py:154} INFO - [2026-06-08T13:10:53.252+0000] {dag.py:3722} INFO - Setting next_dagrun for example_xcom to 2021-01-01T00:00:00+00:00, run_after=2021-01-01T00:00:00+00:00
[2026-06-08T13:10:53.386+0000] {processor.py:179} INFO - Processing /home/airflow/.local/lib/python3.8/site-packages/airflow/example_dags/example_xcom.py took 0.549 seconds
[2026-06-08T13:11:23.543+0000] {processor.py:157} INFO - Started process (PID=79) to work on /home/airflow/.local/lib/python3.8/site-packages/airflow/example_dags/example_xcom.py
[2026-06-08T13:11:23.561+0000] {processor.py:829} INFO - Processing file /home/airflow/.local/lib/python3.8/site-packages/airflow/example_dags/example_xcom.py for tasks to queue
[2026-06-08T13:11:23.584+0000] {logging_mixin.py:154} INFO - [2026-06-08T13:11:23.583+0000] {dagbag.py:536} INFO - Filling up the DagBag from /home/airflow/.local/lib/python3.8/site-packages/airflow/example_dags/example_xcom.py
[2026-06-08T13:11:23.615+0000] {processor.py:839} INFO - DAG(s) dict_keys(['example_xcom']) retrieved from /home/airflow/.local/lib/python3.8/site-packages/airflow/example_dags/example_xcom.py
[2026-06-08T13:11:23.727+0000] {logging_mixin.py:154} INFO - [2026-06-08T13:11:23.727+0000] {dag.py:2941} INFO - Sync 1 DAGs
[2026-06-08T13:11:23.823+0000] {logging_mixin.py:154} INFO - [2026-06-08T13:11:23.823+0000] {dag.py:3722} INFO - Setting next_dagrun for example_xcom to 2021-01-01T00:00:00+00:00, run_after=2021-01-01T00:00:00+00:00
[2026-06-08T13:11:23.866+0000] {processor.py:179} INFO - Processing /home/airflow/.local/lib/python3.8/site-packages/airflow/example_dags/example_xcom.py took 0.348 seconds
[2026-06-08T13:11:54.072+0000] {processor.py:157} INFO - Started process (PID=127) to work on /home/airflow/.local/lib/python3.8/site-packages/airflow/example_dags/example_xcom.py
[2026-06-08T13:11:54.079+0000] {processor.py:829} INFO - Processing file /home/airflow/.local/lib/python3.8/site-packages/airflow/example_dags/example_xcom.py for tasks to queue
[2026-06-08T13:11:54.082+0000] {logging_mixin.py:154} INFO - [2026-06-08T13:11:54.081+0000] {dagbag.py:536} INFO - Filling up the DagBag from /home/airflow/.local/lib/python3.8/site-packages/airflow/example_dags/example_xcom.py
[2026-06-08T13:11:54.090+0000] {processor.py:839} INFO - DAG(s) dict_keys(['example_xcom']) retrieved from /home/airflow/.local/lib/python3.8/site-packages/airflow/example_dags/example_xcom.py
[2026-06-08T13:11:54.113+0000] {logging_mixin.py:154} INFO - [2026-06-08T13:11:54.113+0000] {dag.py:2941} INFO - Sync 1 DAGs
[2026-06-08T13:11:54.138+0000] {logging_mixin.py:154} INFO - [2026-06-08T13:11:54.137+0000] {dag.py:3722} INFO - Setting next_dagrun for example_xcom to 2021-01-01T00:00:00+00:00, run_after=2021-01-01T00:00:00+00:00
[2026-06-08T13:11:54.155+0000] {processor.py:179} INFO - Processing /home/airflow/.local/lib/python3.8/site-packages/airflow/example_dags/example_xcom.py took 0.089 seconds
[2026-06-08T13:12:24.613+0000] {processor.py:157} INFO - Started process (PID=175) to work on /home/airflow/.local/lib/python3.8/site-packages/airflow/example_dags/example_xcom.py
[2026-06-08T13:12:24.614+0000] {processor.py:829} INFO - Processing file /home/airflow/.local/lib/python3.8/site-packages/airflow/example_dags/example_xcom.py for tasks to queue
[2026-06-08T13:12:24.617+0000] {logging_mixin.py:154} INFO - [2026-06-08T13:12:24.616+0000] {dagbag.py:536} INFO - Filling up the DagBag from /home/airflow/.local/lib/python3.8/site-packages/airflow/example_dags/example_xcom.py
[2026-06-08T13:12:24.625+0000] {processor.py:839} INFO - DAG(s) dict_keys(['example_xcom']) retrieved from /home/airflow/.local/lib/python3.8/site-packages/airflow/example_dags/example_xcom.py
[2026-06-08T13:12:24.647+0000] {logging_mixin.py:154} INFO - [2026-06-08T13:12:24.647+0000] {dag.py:2941} INFO - Sync 1 DAGs
[2026-06-08T13:12:24.672+0000] {logging_mixin.py:154} INFO - [2026-06-08T13:12:24.672+0000] {dag.py:3722} INFO - Setting next_dagrun for example_xcom to 2021-01-01T00:00:00+00:00, run_after=2021-01-01T00:00:00+00:00
[2026-06-08T13:12:24.692+0000] {processor.py:179} INFO - Processing /home/airflow/.local/lib/python3.8/site-packages/airflow/example_dags/example_xcom.py took 0.083 seconds
[2026-06-08T13:12:55.479+0000] {processor.py:157} INFO - Started process (PID=223) to work on /home/airflow/.local/lib/python3.8/site-packages/airflow/example_dags/example_xcom.py
[2026-06-08T13:12:55.490+0000] {processor.py:829} INFO - Processing file /home/airflow/.local/lib/python3.8/site-packages/airflow/example_dags/example_xcom.py for tasks to queue
[2026-06-08T13:12:55.493+0000] {logging_mixin.py:154} INFO - [2026-06-08T13:12:55.493+0000] {dagbag.py:536} INFO - Filling up the DagBag from /home/airflow/.local/lib/python3.8/site-packages/airflow/example_dags/example_xcom.py
[2026-06-08T13:12:55.520+0000] {processor.py:839} INFO - DAG(s) dict_keys(['example_xcom']) retrieved from /home/airflow/.local/lib/python3.8/site-packages/airflow/example_dags/example_xcom.py
[2026-06-08T13:12:55.620+0000] {logging_mixin.py:154} INFO - [2026-06-08T13:12:55.620+0000] {dag.py:2941} INFO - Sync 1 DAGs
[2026-06-08T13:12:55.729+0000] {logging_mixin.py:154} INFO - [2026-06-08T13:12:55.728+0000] {dag.py:3722} INFO - Setting next_dagrun for example_xcom to 2021-01-01T00:00:00+00:00, run_after=2021-01-01T00:00:00+00:00
[2026-06-08T13:12:55.866+0000] {processor.py:179} INFO - Processing /home/airflow/.local/lib/python3.8/site-packages/airflow/example_dags/example_xcom.py took 0.414 seconds
[2026-06-08T13:13:26.631+0000] {processor.py:157} INFO - Started process (PID=271) to work on /home/airflow/.local/lib/python3.8/site-packages/airflow/example_dags/example_xcom.py
[2026-06-08T13:13:26.632+0000] {processor.py:829} INFO - Processing file /home/airflow/.local/lib/python3.8/site-packages/airflow/example_dags/example_xcom.py for tasks to queue
[2026-06-08T13:13:26.635+0000] {logging_mixin.py:154} INFO - [2026-06-08T13:13:26.635+0000] {dagbag.py:536} INFO - Filling up the DagBag from /home/airflow/.local/lib/python3.8/site-packages/airflow/example_dags/example_xcom.py
[2026-06-08T13:13:26.662+0000] {processor.py:839} INFO - DAG(s) dict_keys(['example_xcom']) retrieved from /home/airflow/.local/lib/python3.8/site-packages/airflow/example_dags/example_xcom.py
[2026-06-08T13:13:26.705+0000] {logging_mixin.py:154} INFO - [2026-06-08T13:13:26.694+0000] {dag.py:2941} INFO - Sync 1 DAGs
[2026-06-08T13:13:26.749+0000] {logging_mixin.py:154} INFO - [2026-06-08T13:13:26.748+0000] {dag.py:3722} INFO - Setting next_dagrun for example_xcom to 2021-01-01T00:00:00+00:00, run_after=2021-01-01T00:00:00+00:00
[2026-06-08T13:13:26.813+0000] {processor.py:179} INFO - Processing /home/airflow/.local/lib/python3.8/site-packages/airflow/example_dags/example_xcom.py took 0.208 seconds
[2026-06-08T13:13:57.747+0000] {processor.py:157} INFO - Started process (PID=319) to work on /home/airflow/.local/lib/python3.8/site-packages/airflow/example_dags/example_xcom.py
[2026-06-08T13:13:57.748+0000] {processor.py:829} INFO - Processing file /home/airflow/.local/lib/python3.8/site-packages/airflow/example_dags/example_xcom.py for tasks to queue
[2026-06-08T13:13:57.752+0000] {logging_mixin.py:154} INFO - [2026-06-08T13:13:57.751+0000] {dagbag.py:536} INFO - Filling up the DagBag from /home/airflow/.local/lib/python3.8/site-packages/airflow/example_dags/example_xcom.py
[2026-06-08T13:13:57.762+0000] {processor.py:839} INFO - DAG(s) dict_keys(['example_xcom']) retrieved from /home/airflow/.local/lib/python3.8/site-packages/airflow/example_dags/example_xcom.py
[2026-06-08T13:13:57.794+0000] {logging_mixin.py:154} INFO - [2026-06-08T13:13:57.794+0000] {dag.py:2941} INFO - Sync 1 DAGs
[2026-06-08T13:13:57.827+0000] {logging_mixin.py:154} INFO - [2026-06-08T13:13:57.827+0000] {dag.py:3722} INFO - Setting next_dagrun for example_xcom to 2021-01-01T00:00:00+00:00, run_after=2021-01-01T00:00:00+00:00
[2026-06-08T13:13:57.851+0000] {processor.py:179} INFO - Processing /home/airflow/.local/lib/python3.8/site-packages/airflow/example_dags/example_xcom.py took 0.109 seconds
[2026-06-08T13:14:28.434+0000] {processor.py:157} INFO - Started process (PID=367) to work on /home/airflow/.local/lib/python3.8/site-packages/airflow/example_dags/example_xcom.py
[2026-06-08T13:14:28.443+0000] {processor.py:829} INFO - Processing file /home/airflow/.local/lib/python3.8/site-packages/airflow/example_dags/example_xcom.py for tasks to queue
[2026-06-08T13:14:28.457+0000] {logging_mixin.py:154} INFO - [2026-06-08T13:14:28.456+0000] {dagbag.py:536} INFO - Filling up the DagBag from /home/airflow/.local/lib/python3.8/site-packages/airflow/example_dags/example_xcom.py
[2026-06-08T13:14:28.489+0000] {processor.py:839} INFO - DAG(s) dict_keys(['example_xcom']) retrieved from /home/airflow/.local/lib/python3.8/site-packages/airflow/example_dags/example_xcom.py
[2026-06-08T13:14:28.609+0000] {logging_mixin.py:154} INFO - [2026-06-08T13:14:28.609+0000] {dag.py:2941} INFO - Sync 1 DAGs
[2026-06-08T13:14:28.708+0000] {logging_mixin.py:154} INFO - [2026-06-08T13:14:28.707+0000] {dag.py:3722} INFO - Setting next_dagrun for example_xcom to 2021-01-01T00:00:00+00:00, run_after=2021-01-01T00:00:00+00:00
[2026-06-08T13:14:28.905+0000] {processor.py:179} INFO - Processing /home/airflow/.local/lib/python3.8/site-packages/airflow/example_dags/example_xcom.py took 0.500 seconds
[2026-06-08T13:14:59.067+0000] {processor.py:157} INFO - Started process (PID=415) to work on /home/airflow/.local/lib/python3.8/site-packages/airflow/example_dags/example_xcom.py
[2026-06-08T13:14:59.069+0000] {processor.py:829} INFO - Processing file /home/airflow/.local/lib/python3.8/site-packages/airflow/example_dags/example_xcom.py for tasks to queue
[2026-06-08T13:14:59.072+0000] {logging_mixin.py:154} INFO - [2026-06-08T13:14:59.071+0000] {dagbag.py:536} INFO - Filling up the DagBag from /home/airflow/.local/lib/python3.8/site-packages/airflow/example_dags/example_xcom.py
[2026-06-08T13:14:59.086+0000] {processor.py:839} INFO - DAG(s) dict_keys(['example_xcom']) retrieved from /home/airflow/.local/lib/python3.8/site-packages/airflow/example_dags/example_xcom.py
[2026-06-08T13:14:59.119+0000] {logging_mixin.py:154} INFO - [2026-06-08T13:14:59.118+0000] {dag.py:2941} INFO - Sync 1 DAGs
[2026-06-08T13:14:59.153+0000] {logging_mixin.py:154} INFO - [2026-06-08T13:14:59.153+0000] {dag.py:3722} INFO - Setting next_dagrun for example_xcom to 2021-01-01T00:00:00+00:00, run_after=2021-01-01T00:00:00+00:00
[2026-06-08T13:14:59.201+0000] {processor.py:179} INFO - Processing /home/airflow/.local/lib/python3.8/site-packages/airflow/example_dags/example_xcom.py took 0.138 seconds
[2026-06-08T13:15:29.338+0000] {processor.py:157} INFO - Started process (PID=463) to work on /home/airflow/.local/lib/python3.8/site-packages/airflow/example_dags/example_xcom.py
[2026-06-08T13:15:29.339+0000] {processor.py:829} INFO - Processing file /home/airflow/.local/lib/python3.8/site-packages/airflow/example_dags/example_xcom.py for tasks to queue
[2026-06-08T13:15:29.343+0000] {logging_mixin.py:154} INFO - [2026-06-08T13:15:29.342+0000] {dagbag.py:536} INFO - Filling up the DagBag from /home/airflow/.local/lib/python3.8/site-packages/airflow/example_dags/example_xcom.py
[2026-06-08T13:15:29.354+0000] {processor.py:839} INFO - DAG(s) dict_keys(['example_xcom']) retrieved from /home/airflow/.local/lib/python3.8/site-packages/airflow/example_dags/example_xcom.py
[2026-06-08T13:15:29.385+0000] {logging_mixin.py:154} INFO - [2026-06-08T13:15:29.384+0000] {dag.py:2941} INFO - Sync 1 DAGs
[2026-06-08T13:15:29.419+0000] {logging_mixin.py:154} INFO - [2026-06-08T13:15:29.419+0000] {dag.py:3722} INFO - Setting next_dagrun for example_xcom to 2021-01-01T00:00:00+00:00, run_after=2021-01-01T00:00:00+00:00
[2026-06-08T13:15:29.442+0000] {processor.py:179} INFO - Processing /home/airflow/.local/lib/python3.8/site-packages/airflow/example_dags/example_xcom.py took 0.109 seconds
[2026-06-08T13:15:59.909+0000] {processor.py:157} INFO - Started process (PID=511) to work on /home/airflow/.local/lib/python3.8/site-packages/airflow/example_dags/example_xcom.py
[2026-06-08T13:15:59.911+0000] {processor.py:829} INFO - Processing file /home/airflow/.local/lib/python3.8/site-packages/airflow/example_dags/example_xcom.py for tasks to queue
[2026-06-08T13:15:59.915+0000] {logging_mixin.py:154} INFO - [2026-06-08T13:15:59.914+0000] {dagbag.py:536} INFO - Filling up the DagBag from /home/airflow/.local/lib/python3.8/site-packages/airflow/example_dags/example_xcom.py
[2026-06-08T13:15:59.928+0000] {processor.py:839} INFO - DAG(s) dict_keys(['example_xcom']) retrieved from /home/airflow/.local/lib/python3.8/site-packages/airflow/example_dags/example_xcom.py
[2026-06-08T13:15:59.959+0000] {logging_mixin.py:154} INFO - [2026-06-08T13:15:59.959+0000] {dag.py:2941} INFO - Sync 1 DAGs
[2026-06-08T13:16:00.015+0000] {logging_mixin.py:154} INFO - [2026-06-08T13:16:00.015+0000] {dag.py:3722} INFO - Setting next_dagrun for example_xcom to 2021-01-01T00:00:00+00:00, run_after=2021-01-01T00:00:00+00:00
[2026-06-08T13:16:00.059+0000] {processor.py:179} INFO - Processing /home/airflow/.local/lib/python3.8/site-packages/airflow/example_dags/example_xcom.py took 0.154 seconds
[2026-06-08T13:16:30.576+0000] {processor.py:157} INFO - Started process (PID=559) to work on /home/airflow/.local/lib/python3.8/site-packages/airflow/example_dags/example_xcom.py
[2026-06-08T13:16:30.577+0000] {processor.py:829} INFO - Processing file /home/airflow/.local/lib/python3.8/site-packages/airflow/example_dags/example_xcom.py for tasks to queue
[2026-06-08T13:16:30.580+0000] {logging_mixin.py:154} INFO - [2026-06-08T13:16:30.579+0000] {dagbag.py:536} INFO - Filling up the DagBag from /home/airflow/.local/lib/python3.8/site-packages/airflow/example_dags/example_xcom.py
[2026-06-08T13:16:30.591+0000] {processor.py:839} INFO - DAG(s) dict_keys(['example_xcom']) retrieved from /home/airflow/.local/lib/python3.8/site-packages/airflow/example_dags/example_xcom.py
[2026-06-08T13:16:30.626+0000] {logging_mixin.py:154} INFO - [2026-06-08T13:16:30.626+0000] {dag.py:2941} INFO - Sync 1 DAGs
[2026-06-08T13:16:30.665+0000] {logging_mixin.py:154} INFO - [2026-06-08T13:16:30.664+0000] {dag.py:3722} INFO - Setting next_dagrun for example_xcom to 2021-01-01T00:00:00+00:00, run_after=2021-01-01T00:00:00+00:00
[2026-06-08T13:16:30.700+0000] {processor.py:179} INFO - Processing /home/airflow/.local/lib/python3.8/site-packages/airflow/example_dags/example_xcom.py took 0.129 seconds
[2026-06-08T13:17:00.934+0000] {processor.py:157} INFO - Started process (PID=607) to work on /home/airflow/.local/lib/python3.8/site-packages/airflow/example_dags/example_xcom.py
[2026-06-08T13:17:00.938+0000] {processor.py:829} INFO - Processing file /home/airflow/.local/lib/python3.8/site-packages/airflow/example_dags/example_xcom.py for tasks to queue
[2026-06-08T13:17:00.955+0000] {logging_mixin.py:154} INFO - [2026-06-08T13:17:00.954+0000] {dagbag.py:536} INFO - Filling up the DagBag from /home/airflow/.local/lib/python3.8/site-packages/airflow/example_dags/example_xcom.py
[2026-06-08T13:17:00.995+0000] {processor.py:839} INFO - DAG(s) dict_keys(['example_xcom']) retrieved from /home/airflow/.local/lib/python3.8/site-packages/airflow/example_dags/example_xcom.py
[2026-06-08T13:17:01.103+0000] {logging_mixin.py:154} INFO - [2026-06-08T13:17:01.100+0000] {dag.py:2941} INFO - Sync 1 DAGs
[2026-06-08T13:17:01.229+0000] {logging_mixin.py:154} INFO - [2026-06-08T13:17:01.228+0000] {dag.py:3722} INFO - Setting next_dagrun for example_xcom to 2021-01-01T00:00:00+00:00, run_after=2021-01-01T00:00:00+00:00
[2026-06-08T13:17:01.303+0000] {processor.py:179} INFO - Processing /home/airflow/.local/lib/python3.8/site-packages/airflow/example_dags/example_xcom.py took 0.381 seconds
[2026-06-08T13:17:31.596+0000] {processor.py:157} INFO - Started process (PID=655) to work on /home/airflow/.local/lib/python3.8/site-packages/airflow/example_dags/example_xcom.py
[2026-06-08T13:17:31.601+0000] {processor.py:829} INFO - Processing file /home/airflow/.local/lib/python3.8/site-packages/airflow/example_dags/example_xcom.py for tasks to queue
[2026-06-08T13:17:31.610+0000] {logging_mixin.py:154} INFO - [2026-06-08T13:17:31.610+0000] {dagbag.py:536} INFO - Filling up the DagBag from /home/airflow/.local/lib/python3.8/site-packages/airflow/example_dags/example_xcom.py
[2026-06-08T13:17:31.630+0000] {processor.py:839} INFO - DAG(s) dict_keys(['example_xcom']) retrieved from /home/airflow/.local/lib/python3.8/site-packages/airflow/example_dags/example_xcom.py
[2026-06-08T13:17:31.711+0000] {logging_mixin.py:154} INFO - [2026-06-08T13:17:31.711+0000] {dag.py:2941} INFO - Sync 1 DAGs
[2026-06-08T13:17:31.813+0000] {logging_mixin.py:154} INFO - [2026-06-08T13:17:31.813+0000] {dag.py:3722} INFO - Setting next_dagrun for example_xcom to 2021-01-01T00:00:00+00:00, run_after=2021-01-01T00:00:00+00:00
[2026-06-08T13:17:31.865+0000] {processor.py:179} INFO - Processing /home/airflow/.local/lib/python3.8/site-packages/airflow/example_dags/example_xcom.py took 0.295 seconds
[2026-06-08T13:18:02.574+0000] {processor.py:157} INFO - Started process (PID=701) to work on /home/airflow/.local/lib/python3.8/site-packages/airflow/example_dags/example_xcom.py
[2026-06-08T13:18:02.576+0000] {processor.py:829} INFO - Processing file /home/airflow/.local/lib/python3.8/site-packages/airflow/example_dags/example_xcom.py for tasks to queue
[2026-06-08T13:18:02.580+0000] {logging_mixin.py:154} INFO - [2026-06-08T13:18:02.579+0000] {dagbag.py:536} INFO - Filling up the DagBag from /home/airflow/.local/lib/python3.8/site-packages/airflow/example_dags/example_xcom.py
[2026-06-08T13:18:02.591+0000] {processor.py:839} INFO - DAG(s) dict_keys(['example_xcom']) retrieved from /home/airflow/.local/lib/python3.8/site-packages/airflow/example_dags/example_xcom.py
[2026-06-08T13:18:02.622+0000] {logging_mixin.py:154} INFO - [2026-06-08T13:18:02.622+0000] {dag.py:2941} INFO - Sync 1 DAGs
[2026-06-08T13:18:02.706+0000] {logging_mixin.py:154} INFO - [2026-06-08T13:18:02.706+0000] {dag.py:3722} INFO - Setting next_dagrun for example_xcom to 2021-01-01T00:00:00+00:00, run_after=2021-01-01T00:00:00+00:00
[2026-06-08T13:18:02.758+0000] {processor.py:179} INFO - Processing /home/airflow/.local/lib/python3.8/site-packages/airflow/example_dags/example_xcom.py took 0.189 seconds
[2026-06-08T13:18:33.602+0000] {processor.py:157} INFO - Started process (PID=749) to work on /home/airflow/.local/lib/python3.8/site-packages/airflow/example_dags/example_xcom.py
[2026-06-08T13:18:33.611+0000] {processor.py:829} INFO - Processing file /home/airflow/.local/lib/python3.8/site-packages/airflow/example_dags/example_xcom.py for tasks to queue
[2026-06-08T13:18:33.615+0000] {logging_mixin.py:154} INFO - [2026-06-08T13:18:33.614+0000] {dagbag.py:536} INFO - Filling up the DagBag from /home/airflow/.local/lib/python3.8/site-packages/airflow/example_dags/example_xcom.py
[2026-06-08T13:18:33.635+0000] {processor.py:839} INFO - DAG(s) dict_keys(['example_xcom']) retrieved from /home/airflow/.local/lib/python3.8/site-packages/airflow/example_dags/example_xcom.py
[2026-06-08T13:18:33.740+0000] {logging_mixin.py:154} INFO - [2026-06-08T13:18:33.739+0000] {dag.py:2941} INFO - Sync 1 DAGs
[2026-06-08T13:18:33.802+0000] {logging_mixin.py:154} INFO - [2026-06-08T13:18:33.802+0000] {dag.py:3722} INFO - Setting next_dagrun for example_xcom to 2021-01-01T00:00:00+00:00, run_after=2021-01-01T00:00:00+00:00
[2026-06-08T13:18:33.855+0000] {processor.py:179} INFO - Processing /home/airflow/.local/lib/python3.8/site-packages/airflow/example_dags/example_xcom.py took 0.265 seconds
[2026-06-08T13:21:03.853+0000] {processor.py:157} INFO - Started process (PID=31) to work on /home/airflow/.local/lib/python3.8/site-packages/airflow/example_dags/example_xcom.py
[2026-06-08T13:21:03.866+0000] {processor.py:829} INFO - Processing file /home/airflow/.local/lib/python3.8/site-packages/airflow/example_dags/example_xcom.py for tasks to queue
[2026-06-08T13:21:03.869+0000] {logging_mixin.py:154} INFO - [2026-06-08T13:21:03.868+0000] {dagbag.py:536} INFO - Filling up the DagBag from /home/airflow/.local/lib/python3.8/site-packages/airflow/example_dags/example_xcom.py
[2026-06-08T13:21:03.939+0000] {processor.py:839} INFO - DAG(s) dict_keys(['example_xcom']) retrieved from /home/airflow/.local/lib/python3.8/site-packages/airflow/example_dags/example_xcom.py
[2026-06-08T13:21:04.138+0000] {logging_mixin.py:154} INFO - [2026-06-08T13:21:04.136+0000] {dag.py:2941} INFO - Sync 1 DAGs
[2026-06-08T13:21:04.279+0000] {logging_mixin.py:154} INFO - [2026-06-08T13:21:04.279+0000] {dag.py:3722} INFO - Setting next_dagrun for example_xcom to 2021-01-01T00:00:00+00:00, run_after=2021-01-01T00:00:00+00:00
[2026-06-08T13:21:04.393+0000] {processor.py:179} INFO - Processing /home/airflow/.local/lib/python3.8/site-packages/airflow/example_dags/example_xcom.py took 0.560 seconds
[2026-06-08T13:21:34.749+0000] {processor.py:157} INFO - Started process (PID=79) to work on /home/airflow/.local/lib/python3.8/site-packages/airflow/example_dags/example_xcom.py
[2026-06-08T13:21:34.756+0000] {processor.py:829} INFO - Processing file /home/airflow/.local/lib/python3.8/site-packages/airflow/example_dags/example_xcom.py for tasks to queue
[2026-06-08T13:21:34.763+0000] {logging_mixin.py:154} INFO - [2026-06-08T13:21:34.762+0000] {dagbag.py:536} INFO - Filling up the DagBag from /home/airflow/.local/lib/python3.8/site-packages/airflow/example_dags/example_xcom.py
[2026-06-08T13:21:34.780+0000] {processor.py:839} INFO - DAG(s) dict_keys(['example_xcom']) retrieved from /home/airflow/.local/lib/python3.8/site-packages/airflow/example_dags/example_xcom.py
[2026-06-08T13:21:34.814+0000] {logging_mixin.py:154} INFO - [2026-06-08T13:21:34.813+0000] {dag.py:2941} INFO - Sync 1 DAGs
[2026-06-08T13:21:34.847+0000] {logging_mixin.py:154} INFO - [2026-06-08T13:21:34.846+0000] {dag.py:3722} INFO - Setting next_dagrun for example_xcom to 2021-01-01T00:00:00+00:00, run_after=2021-01-01T00:00:00+00:00
[2026-06-08T13:21:34.873+0000] {processor.py:179} INFO - Processing /home/airflow/.local/lib/python3.8/site-packages/airflow/example_dags/example_xcom.py took 0.129 seconds
[2026-06-08T13:22:05.287+0000] {processor.py:157} INFO - Started process (PID=127) to work on /home/airflow/.local/lib/python3.8/site-packages/airflow/example_dags/example_xcom.py
[2026-06-08T13:22:05.298+0000] {processor.py:829} INFO - Processing file /home/airflow/.local/lib/python3.8/site-packages/airflow/example_dags/example_xcom.py for tasks to queue
[2026-06-08T13:22:05.301+0000] {logging_mixin.py:154} INFO - [2026-06-08T13:22:05.300+0000] {dagbag.py:536} INFO - Filling up the DagBag from /home/airflow/.local/lib/python3.8/site-packages/airflow/example_dags/example_xcom.py
[2026-06-08T13:22:05.330+0000] {processor.py:839} INFO - DAG(s) dict_keys(['example_xcom']) retrieved from /home/airflow/.local/lib/python3.8/site-packages/airflow/example_dags/example_xcom.py
[2026-06-08T13:22:05.366+0000] {logging_mixin.py:154} INFO - [2026-06-08T13:22:05.365+0000] {dag.py:2941} INFO - Sync 1 DAGs
[2026-06-08T13:22:05.416+0000] {logging_mixin.py:154} INFO - [2026-06-08T13:22:05.416+0000] {dag.py:3722} INFO - Setting next_dagrun for example_xcom to 2021-01-01T00:00:00+00:00, run_after=2021-01-01T00:00:00+00:00
[2026-06-08T13:22:05.464+0000] {processor.py:179} INFO - Processing /home/airflow/.local/lib/python3.8/site-packages/airflow/example_dags/example_xcom.py took 0.183 seconds
[2026-06-08T13:22:36.000+0000] {processor.py:157} INFO - Started process (PID=175) to work on /home/airflow/.local/lib/python3.8/site-packages/airflow/example_dags/example_xcom.py
[2026-06-08T13:22:36.001+0000] {processor.py:829} INFO - Processing file /home/airflow/.local/lib/python3.8/site-packages/airflow/example_dags/example_xcom.py for tasks to queue
[2026-06-08T13:22:36.004+0000] {logging_mixin.py:154} INFO - [2026-06-08T13:22:36.004+0000] {dagbag.py:536} INFO - Filling up the DagBag from /home/airflow/.local/lib/python3.8/site-packages/airflow/example_dags/example_xcom.py
[2026-06-08T13:22:36.015+0000] {processor.py:839} INFO - DAG(s) dict_keys(['example_xcom']) retrieved from /home/airflow/.local/lib/python3.8/site-packages/airflow/example_dags/example_xcom.py
[2026-06-08T13:22:36.045+0000] {logging_mixin.py:154} INFO - [2026-06-08T13:22:36.044+0000] {dag.py:2941} INFO - Sync 1 DAGs
[2026-06-08T13:22:36.079+0000] {logging_mixin.py:154} INFO - [2026-06-08T13:22:36.079+0000] {dag.py:3722} INFO - Setting next_dagrun for example_xcom to 2021-01-01T00:00:00+00:00, run_after=2021-01-01T00:00:00+00:00
[2026-06-08T13:22:36.118+0000] {processor.py:179} INFO - Processing /home/airflow/.local/lib/python3.8/site-packages/airflow/example_dags/example_xcom.py took 0.123 seconds
[2026-06-08T13:23:06.788+0000] {processor.py:157} INFO - Started process (PID=223) to work on /home/airflow/.local/lib/python3.8/site-packages/airflow/example_dags/example_xcom.py
[2026-06-08T13:23:06.815+0000] {processor.py:829} INFO - Processing file /home/airflow/.local/lib/python3.8/site-packages/airflow/example_dags/example_xcom.py for tasks to queue
[2026-06-08T13:23:06.839+0000] {logging_mixin.py:154} INFO - [2026-06-08T13:23:06.827+0000] {dagbag.py:536} INFO - Filling up the DagBag from /home/airflow/.local/lib/python3.8/site-packages/airflow/example_dags/example_xcom.py
[2026-06-08T13:23:06.915+0000] {processor.py:839} INFO - DAG(s) dict_keys(['example_xcom']) retrieved from /home/airflow/.local/lib/python3.8/site-packages/airflow/example_dags/example_xcom.py
[2026-06-08T13:23:07.055+0000] {logging_mixin.py:154} INFO - [2026-06-08T13:23:07.055+0000] {dag.py:2941} INFO - Sync 1 DAGs
[2026-06-08T13:23:07.187+0000] {logging_mixin.py:154} INFO - [2026-06-08T13:23:07.186+0000] {dag.py:3722} INFO - Setting next_dagrun for example_xcom to 2021-01-01T00:00:00+00:00, run_after=2021-01-01T00:00:00+00:00
[2026-06-08T13:23:07.295+0000] {processor.py:179} INFO - Processing /home/airflow/.local/lib/python3.8/site-packages/airflow/example_dags/example_xcom.py took 0.541 seconds
[2026-06-08T13:23:37.617+0000] {processor.py:157} INFO - Started process (PID=271) to work on /home/airflow/.local/lib/python3.8/site-packages/airflow/example_dags/example_xcom.py
[2026-06-08T13:23:37.618+0000] {processor.py:829} INFO - Processing file /home/airflow/.local/lib/python3.8/site-packages/airflow/example_dags/example_xcom.py for tasks to queue
[2026-06-08T13:23:37.621+0000] {logging_mixin.py:154} INFO - [2026-06-08T13:23:37.620+0000] {dagbag.py:536} INFO - Filling up the DagBag from /home/airflow/.local/lib/python3.8/site-packages/airflow/example_dags/example_xcom.py
[2026-06-08T13:23:37.631+0000] {processor.py:839} INFO - DAG(s) dict_keys(['example_xcom']) retrieved from /home/airflow/.local/lib/python3.8/site-packages/airflow/example_dags/example_xcom.py
[2026-06-08T13:23:37.702+0000] {logging_mixin.py:154} INFO - [2026-06-08T13:23:37.702+0000] {dag.py:2941} INFO - Sync 1 DAGs
[2026-06-08T13:23:37.783+0000] {logging_mixin.py:154} INFO - [2026-06-08T13:23:37.782+0000] {dag.py:3722} INFO - Setting next_dagrun for example_xcom to 2021-01-01T00:00:00+00:00, run_after=2021-01-01T00:00:00+00:00
[2026-06-08T13:23:37.834+0000] {processor.py:179} INFO - Processing /home/airflow/.local/lib/python3.8/site-packages/airflow/example_dags/example_xcom.py took 0.222 seconds
[2026-06-08T13:24:08.710+0000] {processor.py:157} INFO - Started process (PID=319) to work on /home/airflow/.local/lib/python3.8/site-packages/airflow/example_dags/example_xcom.py
[2026-06-08T13:24:08.712+0000] {processor.py:829} INFO - Processing file /home/airflow/.local/lib/python3.8/site-packages/airflow/example_dags/example_xcom.py for tasks to queue
[2026-06-08T13:24:08.715+0000] {logging_mixin.py:154} INFO - [2026-06-08T13:24:08.715+0000] {dagbag.py:536} INFO - Filling up the DagBag from /home/airflow/.local/lib/python3.8/site-packages/airflow/example_dags/example_xcom.py
[2026-06-08T13:24:08.725+0000] {processor.py:839} INFO - DAG(s) dict_keys(['example_xcom']) retrieved from /home/airflow/.local/lib/python3.8/site-packages/airflow/example_dags/example_xcom.py
[2026-06-08T13:24:08.756+0000] {logging_mixin.py:154} INFO - [2026-06-08T13:24:08.756+0000] {dag.py:2941} INFO - Sync 1 DAGs
[2026-06-08T13:24:08.796+0000] {logging_mixin.py:154} INFO - [2026-06-08T13:24:08.796+0000] {dag.py:3722} INFO - Setting next_dagrun for example_xcom to 2021-01-01T00:00:00+00:00, run_after=2021-01-01T00:00:00+00:00
[2026-06-08T13:24:08.826+0000] {processor.py:179} INFO - Processing /home/airflow/.local/lib/python3.8/site-packages/airflow/example_dags/example_xcom.py took 0.121 seconds
[2026-06-08T13:24:38.984+0000] {processor.py:157} INFO - Started process (PID=367) to work on /home/airflow/.local/lib/python3.8/site-packages/airflow/example_dags/example_xcom.py
[2026-06-08T13:24:38.988+0000] {processor.py:829} INFO - Processing file /home/airflow/.local/lib/python3.8/site-packages/airflow/example_dags/example_xcom.py for tasks to queue
[2026-06-08T13:24:38.991+0000] {logging_mixin.py:154} INFO - [2026-06-08T13:24:38.991+0000] {dagbag.py:536} INFO - Filling up the DagBag from /home/airflow/.local/lib/python3.8/site-packages/airflow/example_dags/example_xcom.py
[2026-06-08T13:24:39.005+0000] {processor.py:839} INFO - DAG(s) dict_keys(['example_xcom']) retrieved from /home/airflow/.local/lib/python3.8/site-packages/airflow/example_dags/example_xcom.py
[2026-06-08T13:24:39.050+0000] {logging_mixin.py:154} INFO - [2026-06-08T13:24:39.050+0000] {dag.py:2941} INFO - Sync 1 DAGs
[2026-06-08T13:24:39.086+0000] {logging_mixin.py:154} INFO - [2026-06-08T13:24:39.085+0000] {dag.py:3722} INFO - Setting next_dagrun for example_xcom to 2021-01-01T00:00:00+00:00, run_after=2021-01-01T00:00:00+00:00
[2026-06-08T13:24:39.131+0000] {processor.py:179} INFO - Processing /home/airflow/.local/lib/python3.8/site-packages/airflow/example_dags/example_xcom.py took 0.152 seconds
[2026-06-08T13:25:09.394+0000] {processor.py:157} INFO - Started process (PID=415) to work on /home/airflow/.local/lib/python3.8/site-packages/airflow/example_dags/example_xcom.py
[2026-06-08T13:25:09.395+0000] {processor.py:829} INFO - Processing file /home/airflow/.local/lib/python3.8/site-packages/airflow/example_dags/example_xcom.py for tasks to queue
[2026-06-08T13:25:09.398+0000] {logging_mixin.py:154} INFO - [2026-06-08T13:25:09.398+0000] {dagbag.py:536} INFO - Filling up the DagBag from /home/airflow/.local/lib/python3.8/site-packages/airflow/example_dags/example_xcom.py
[2026-06-08T13:25:09.409+0000] {processor.py:839} INFO - DAG(s) dict_keys(['example_xcom']) retrieved from /home/airflow/.local/lib/python3.8/site-packages/airflow/example_dags/example_xcom.py
[2026-06-08T13:25:09.441+0000] {logging_mixin.py:154} INFO - [2026-06-08T13:25:09.441+0000] {dag.py:2941} INFO - Sync 1 DAGs
[2026-06-08T13:25:09.479+0000] {logging_mixin.py:154} INFO - [2026-06-08T13:25:09.479+0000] {dag.py:3722} INFO - Setting next_dagrun for example_xcom to 2021-01-01T00:00:00+00:00, run_after=2021-01-01T00:00:00+00:00
[2026-06-08T13:25:09.525+0000] {processor.py:179} INFO - Processing /home/airflow/.local/lib/python3.8/site-packages/airflow/example_dags/example_xcom.py took 0.135 seconds
[2026-06-08T13:25:40.133+0000] {processor.py:157} INFO - Started process (PID=463) to work on /home/airflow/.local/lib/python3.8/site-packages/airflow/example_dags/example_xcom.py
[2026-06-08T13:25:40.142+0000] {processor.py:829} INFO - Processing file /home/airflow/.local/lib/python3.8/site-packages/airflow/example_dags/example_xcom.py for tasks to queue
[2026-06-08T13:25:40.145+0000] {logging_mixin.py:154} INFO - [2026-06-08T13:25:40.145+0000] {dagbag.py:536} INFO - Filling up the DagBag from /home/airflow/.local/lib/python3.8/site-packages/airflow/example_dags/example_xcom.py
[2026-06-08T13:25:40.191+0000] {processor.py:839} INFO - DAG(s) dict_keys(['example_xcom']) retrieved from /home/airflow/.local/lib/python3.8/site-packages/airflow/example_dags/example_xcom.py
[2026-06-08T13:25:40.248+0000] {logging_mixin.py:154} INFO - [2026-06-08T13:25:40.248+0000] {dag.py:2941} INFO - Sync 1 DAGs
[2026-06-08T13:25:40.326+0000] {logging_mixin.py:154} INFO - [2026-06-08T13:25:40.326+0000] {dag.py:3722} INFO - Setting next_dagrun for example_xcom to 2021-01-01T00:00:00+00:00, run_after=2021-01-01T00:00:00+00:00
[2026-06-08T13:25:40.409+0000] {processor.py:179} INFO - Processing /home/airflow/.local/lib/python3.8/site-packages/airflow/example_dags/example_xcom.py took 0.288 seconds
[2026-06-08T13:26:10.679+0000] {processor.py:157} INFO - Started process (PID=511) to work on /home/airflow/.local/lib/python3.8/site-packages/airflow/example_dags/example_xcom.py
[2026-06-08T13:26:10.681+0000] {processor.py:829} INFO - Processing file /home/airflow/.local/lib/python3.8/site-packages/airflow/example_dags/example_xcom.py for tasks to queue
[2026-06-08T13:26:10.684+0000] {logging_mixin.py:154} INFO - [2026-06-08T13:26:10.684+0000] {dagbag.py:536} INFO - Filling up the DagBag from /home/airflow/.local/lib/python3.8/site-packages/airflow/example_dags/example_xcom.py
[2026-06-08T13:26:10.696+0000] {processor.py:839} INFO - DAG(s) dict_keys(['example_xcom']) retrieved from /home/airflow/.local/lib/python3.8/site-packages/airflow/example_dags/example_xcom.py
[2026-06-08T13:26:10.729+0000] {logging_mixin.py:154} INFO - [2026-06-08T13:26:10.728+0000] {dag.py:2941} INFO - Sync 1 DAGs
[2026-06-08T13:26:10.764+0000] {logging_mixin.py:154} INFO - [2026-06-08T13:26:10.763+0000] {dag.py:3722} INFO - Setting next_dagrun for example_xcom to 2021-01-01T00:00:00+00:00, run_after=2021-01-01T00:00:00+00:00
[2026-06-08T13:26:10.790+0000] {processor.py:179} INFO - Processing /home/airflow/.local/lib/python3.8/site-packages/airflow/example_dags/example_xcom.py took 0.115 seconds
[2026-06-08T13:26:41.399+0000] {processor.py:157} INFO - Started process (PID=559) to work on /home/airflow/.local/lib/python3.8/site-packages/airflow/example_dags/example_xcom.py
[2026-06-08T13:26:41.400+0000] {processor.py:829} INFO - Processing file /home/airflow/.local/lib/python3.8/site-packages/airflow/example_dags/example_xcom.py for tasks to queue
[2026-06-08T13:26:41.404+0000] {logging_mixin.py:154} INFO - [2026-06-08T13:26:41.404+0000] {dagbag.py:536} INFO - Filling up the DagBag from /home/airflow/.local/lib/python3.8/site-packages/airflow/example_dags/example_xcom.py
[2026-06-08T13:26:41.434+0000] {processor.py:839} INFO - DAG(s) dict_keys(['example_xcom']) retrieved from /home/airflow/.local/lib/python3.8/site-packages/airflow/example_dags/example_xcom.py
[2026-06-08T13:26:41.490+0000] {logging_mixin.py:154} INFO - [2026-06-08T13:26:41.490+0000] {dag.py:2941} INFO - Sync 1 DAGs
[2026-06-08T13:26:41.555+0000] {logging_mixin.py:154} INFO - [2026-06-08T13:26:41.554+0000] {dag.py:3722} INFO - Setting next_dagrun for example_xcom to 2021-01-01T00:00:00+00:00, run_after=2021-01-01T00:00:00+00:00
[2026-06-08T13:26:41.606+0000] {processor.py:179} INFO - Processing /home/airflow/.local/lib/python3.8/site-packages/airflow/example_dags/example_xcom.py took 0.225 seconds
[2026-06-08T13:27:11.715+0000] {processor.py:157} INFO - Started process (PID=605) to work on /home/airflow/.local/lib/python3.8/site-packages/airflow/example_dags/example_xcom.py
[2026-06-08T13:27:11.718+0000] {processor.py:829} INFO - Processing file /home/airflow/.local/lib/python3.8/site-packages/airflow/example_dags/example_xcom.py for tasks to queue
[2026-06-08T13:27:11.725+0000] {logging_mixin.py:154} INFO - [2026-06-08T13:27:11.721+0000] {dagbag.py:536} INFO - Filling up the DagBag from /home/airflow/.local/lib/python3.8/site-packages/airflow/example_dags/example_xcom.py
[2026-06-08T13:27:11.746+0000] {processor.py:839} INFO - DAG(s) dict_keys(['example_xcom']) retrieved from /home/airflow/.local/lib/python3.8/site-packages/airflow/example_dags/example_xcom.py
[2026-06-08T13:27:11.834+0000] {logging_mixin.py:154} INFO - [2026-06-08T13:27:11.834+0000] {dag.py:2941} INFO - Sync 1 DAGs
[2026-06-08T13:27:11.898+0000] {logging_mixin.py:154} INFO - [2026-06-08T13:27:11.898+0000] {dag.py:3722} INFO - Setting next_dagrun for example_xcom to 2021-01-01T00:00:00+00:00, run_after=2021-01-01T00:00:00+00:00
[2026-06-08T13:27:11.947+0000] {processor.py:179} INFO - Processing /home/airflow/.local/lib/python3.8/site-packages/airflow/example_dags/example_xcom.py took 0.244 seconds
[2026-06-08T13:27:42.795+0000] {processor.py:157} INFO - Started process (PID=653) to work on /home/airflow/.local/lib/python3.8/site-packages/airflow/example_dags/example_xcom.py
[2026-06-08T13:27:42.796+0000] {processor.py:829} INFO - Processing file /home/airflow/.local/lib/python3.8/site-packages/airflow/example_dags/example_xcom.py for tasks to queue
[2026-06-08T13:27:42.799+0000] {logging_mixin.py:154} INFO - [2026-06-08T13:27:42.799+0000] {dagbag.py:536} INFO - Filling up the DagBag from /home/airflow/.local/lib/python3.8/site-packages/airflow/example_dags/example_xcom.py
[2026-06-08T13:27:42.810+0000] {processor.py:839} INFO - DAG(s) dict_keys(['example_xcom']) retrieved from /home/airflow/.local/lib/python3.8/site-packages/airflow/example_dags/example_xcom.py
[2026-06-08T13:27:42.849+0000] {logging_mixin.py:154} INFO - [2026-06-08T13:27:42.849+0000] {dag.py:2941} INFO - Sync 1 DAGs
[2026-06-08T13:27:42.883+0000] {logging_mixin.py:154} INFO - [2026-06-08T13:27:42.882+0000] {dag.py:3722} INFO - Setting next_dagrun for example_xcom to 2021-01-01T00:00:00+00:00, run_after=2021-01-01T00:00:00+00:00
[2026-06-08T13:27:42.906+0000] {processor.py:179} INFO - Processing /home/airflow/.local/lib/python3.8/site-packages/airflow/example_dags/example_xcom.py took 0.116 seconds
[2026-06-08T13:28:13.466+0000] {processor.py:157} INFO - Started process (PID=701) to work on /home/airflow/.local/lib/python3.8/site-packages/airflow/example_dags/example_xcom.py
[2026-06-08T13:28:13.488+0000] {processor.py:829} INFO - Processing file /home/airflow/.local/lib/python3.8/site-packages/airflow/example_dags/example_xcom.py for tasks to queue
[2026-06-08T13:28:13.492+0000] {logging_mixin.py:154} INFO - [2026-06-08T13:28:13.491+0000] {dagbag.py:536} INFO - Filling up the DagBag from /home/airflow/.local/lib/python3.8/site-packages/airflow/example_dags/example_xcom.py
[2026-06-08T13:28:13.503+0000] {processor.py:839} INFO - DAG(s) dict_keys(['example_xcom']) retrieved from /home/airflow/.local/lib/python3.8/site-packages/airflow/example_dags/example_xcom.py
[2026-06-08T13:28:13.555+0000] {logging_mixin.py:154} INFO - [2026-06-08T13:28:13.555+0000] {dag.py:2941} INFO - Sync 1 DAGs
[2026-06-08T13:28:13.600+0000] {logging_mixin.py:154} INFO - [2026-06-08T13:28:13.600+0000] {dag.py:3722} INFO - Setting next_dagrun for example_xcom to 2021-01-01T00:00:00+00:00, run_after=2021-01-01T00:00:00+00:00
[2026-06-08T13:28:13.652+0000] {processor.py:179} INFO - Processing /home/airflow/.local/lib/python3.8/site-packages/airflow/example_dags/example_xcom.py took 0.190 seconds
[2026-06-08T13:32:18.060+0000] {processor.py:157} INFO - Started process (PID=29) to work on /home/airflow/.local/lib/python3.10/site-packages/airflow/example_dags/example_xcom.py
[2026-06-08T13:32:18.088+0000] {processor.py:829} INFO - Processing file /home/airflow/.local/lib/python3.10/site-packages/airflow/example_dags/example_xcom.py for tasks to queue
[2026-06-08T13:32:18.110+0000] {logging_mixin.py:154} INFO - [2026-06-08T13:32:18.105+0000] {dagbag.py:536} INFO - Filling up the DagBag from /home/airflow/.local/lib/python3.10/site-packages/airflow/example_dags/example_xcom.py
[2026-06-08T13:32:18.244+0000] {processor.py:839} INFO - DAG(s) dict_keys(['example_xcom']) retrieved from /home/airflow/.local/lib/python3.10/site-packages/airflow/example_dags/example_xcom.py
[2026-06-08T13:32:18.530+0000] {logging_mixin.py:154} INFO - [2026-06-08T13:32:18.530+0000] {dag.py:2941} INFO - Sync 1 DAGs
[2026-06-08T13:32:18.730+0000] {logging_mixin.py:154} INFO - [2026-06-08T13:32:18.730+0000] {dag.py:3722} INFO - Setting next_dagrun for example_xcom to 2021-01-01T00:00:00+00:00, run_after=2021-01-01T00:00:00+00:00
[2026-06-08T13:32:18.886+0000] {processor.py:179} INFO - Processing /home/airflow/.local/lib/python3.10/site-packages/airflow/example_dags/example_xcom.py took 0.862 seconds
[2026-06-08T13:32:49.130+0000] {processor.py:157} INFO - Started process (PID=76) to work on /home/airflow/.local/lib/python3.10/site-packages/airflow/example_dags/example_xcom.py
[2026-06-08T13:32:49.134+0000] {processor.py:829} INFO - Processing file /home/airflow/.local/lib/python3.10/site-packages/airflow/example_dags/example_xcom.py for tasks to queue
[2026-06-08T13:32:49.147+0000] {logging_mixin.py:154} INFO - [2026-06-08T13:32:49.139+0000] {dagbag.py:536} INFO - Filling up the DagBag from /home/airflow/.local/lib/python3.10/site-packages/airflow/example_dags/example_xcom.py
[2026-06-08T13:32:49.216+0000] {processor.py:839} INFO - DAG(s) dict_keys(['example_xcom']) retrieved from /home/airflow/.local/lib/python3.10/site-packages/airflow/example_dags/example_xcom.py
[2026-06-08T13:32:49.299+0000] {logging_mixin.py:154} INFO - [2026-06-08T13:32:49.299+0000] {dag.py:2941} INFO - Sync 1 DAGs
[2026-06-08T13:32:49.377+0000] {logging_mixin.py:154} INFO - [2026-06-08T13:32:49.377+0000] {dag.py:3722} INFO - Setting next_dagrun for example_xcom to 2021-01-01T00:00:00+00:00, run_after=2021-01-01T00:00:00+00:00
[2026-06-08T13:32:49.406+0000] {processor.py:179} INFO - Processing /home/airflow/.local/lib/python3.10/site-packages/airflow/example_dags/example_xcom.py took 0.300 seconds
[2026-06-08T13:33:20.279+0000] {processor.py:157} INFO - Started process (PID=125) to work on /home/airflow/.local/lib/python3.10/site-packages/airflow/example_dags/example_xcom.py
[2026-06-08T13:33:20.286+0000] {processor.py:829} INFO - Processing file /home/airflow/.local/lib/python3.10/site-packages/airflow/example_dags/example_xcom.py for tasks to queue
[2026-06-08T13:33:20.289+0000] {logging_mixin.py:154} INFO - [2026-06-08T13:33:20.288+0000] {dagbag.py:536} INFO - Filling up the DagBag from /home/airflow/.local/lib/python3.10/site-packages/airflow/example_dags/example_xcom.py
[2026-06-08T13:33:20.307+0000] {processor.py:839} INFO - DAG(s) dict_keys(['example_xcom']) retrieved from /home/airflow/.local/lib/python3.10/site-packages/airflow/example_dags/example_xcom.py
[2026-06-08T13:33:20.347+0000] {logging_mixin.py:154} INFO - [2026-06-08T13:33:20.347+0000] {dag.py:2941} INFO - Sync 1 DAGs
[2026-06-08T13:33:20.378+0000] {logging_mixin.py:154} INFO - [2026-06-08T13:33:20.378+0000] {dag.py:3722} INFO - Setting next_dagrun for example_xcom to 2021-01-01T00:00:00+00:00, run_after=2021-01-01T00:00:00+00:00
[2026-06-08T13:33:20.398+0000] {processor.py:179} INFO - Processing /home/airflow/.local/lib/python3.10/site-packages/airflow/example_dags/example_xcom.py took 0.124 seconds
[2026-06-08T13:33:50.793+0000] {processor.py:157} INFO - Started process (PID=174) to work on /home/airflow/.local/lib/python3.10/site-packages/airflow/example_dags/example_xcom.py
[2026-06-08T13:33:50.794+0000] {processor.py:829} INFO - Processing file /home/airflow/.local/lib/python3.10/site-packages/airflow/example_dags/example_xcom.py for tasks to queue
[2026-06-08T13:33:50.796+0000] {logging_mixin.py:154} INFO - [2026-06-08T13:33:50.796+0000] {dagbag.py:536} INFO - Filling up the DagBag from /home/airflow/.local/lib/python3.10/site-packages/airflow/example_dags/example_xcom.py
[2026-06-08T13:33:50.809+0000] {processor.py:839} INFO - DAG(s) dict_keys(['example_xcom']) retrieved from /home/airflow/.local/lib/python3.10/site-packages/airflow/example_dags/example_xcom.py
[2026-06-08T13:33:50.841+0000] {logging_mixin.py:154} INFO - [2026-06-08T13:33:50.840+0000] {dag.py:2941} INFO - Sync 1 DAGs
[2026-06-08T13:33:50.864+0000] {logging_mixin.py:154} INFO - [2026-06-08T13:33:50.864+0000] {dag.py:3722} INFO - Setting next_dagrun for example_xcom to 2021-01-01T00:00:00+00:00, run_after=2021-01-01T00:00:00+00:00
[2026-06-08T13:33:50.884+0000] {processor.py:179} INFO - Processing /home/airflow/.local/lib/python3.10/site-packages/airflow/example_dags/example_xcom.py took 0.096 seconds
[2026-06-08T13:34:21.155+0000] {processor.py:157} INFO - Started process (PID=223) to work on /home/airflow/.local/lib/python3.10/site-packages/airflow/example_dags/example_xcom.py
[2026-06-08T13:34:21.157+0000] {processor.py:829} INFO - Processing file /home/airflow/.local/lib/python3.10/site-packages/airflow/example_dags/example_xcom.py for tasks to queue
[2026-06-08T13:34:21.160+0000] {logging_mixin.py:154} INFO - [2026-06-08T13:34:21.159+0000] {dagbag.py:536} INFO - Filling up the DagBag from /home/airflow/.local/lib/python3.10/site-packages/airflow/example_dags/example_xcom.py
[2026-06-08T13:34:21.170+0000] {processor.py:839} INFO - DAG(s) dict_keys(['example_xcom']) retrieved from /home/airflow/.local/lib/python3.10/site-packages/airflow/example_dags/example_xcom.py
[2026-06-08T13:34:21.200+0000] {logging_mixin.py:154} INFO - [2026-06-08T13:34:21.200+0000] {dag.py:2941} INFO - Sync 1 DAGs
[2026-06-08T13:34:21.233+0000] {logging_mixin.py:154} INFO - [2026-06-08T13:34:21.233+0000] {dag.py:3722} INFO - Setting next_dagrun for example_xcom to 2021-01-01T00:00:00+00:00, run_after=2021-01-01T00:00:00+00:00
[2026-06-08T13:34:21.292+0000] {processor.py:179} INFO - Processing /home/airflow/.local/lib/python3.10/site-packages/airflow/example_dags/example_xcom.py took 0.144 seconds
[2026-06-08T13:34:51.632+0000] {processor.py:157} INFO - Started process (PID=272) to work on /home/airflow/.local/lib/python3.10/site-packages/airflow/example_dags/example_xcom.py
[2026-06-08T13:34:51.636+0000] {processor.py:829} INFO - Processing file /home/airflow/.local/lib/python3.10/site-packages/airflow/example_dags/example_xcom.py for tasks to queue
[2026-06-08T13:34:51.638+0000] {logging_mixin.py:154} INFO - [2026-06-08T13:34:51.637+0000] {dagbag.py:536} INFO - Filling up the DagBag from /home/airflow/.local/lib/python3.10/site-packages/airflow/example_dags/example_xcom.py
[2026-06-08T13:34:51.647+0000] {processor.py:839} INFO - DAG(s) dict_keys(['example_xcom']) retrieved from /home/airflow/.local/lib/python3.10/site-packages/airflow/example_dags/example_xcom.py
[2026-06-08T13:34:51.670+0000] {logging_mixin.py:154} INFO - [2026-06-08T13:34:51.670+0000] {dag.py:2941} INFO - Sync 1 DAGs
[2026-06-08T13:34:51.693+0000] {logging_mixin.py:154} INFO - [2026-06-08T13:34:51.693+0000] {dag.py:3722} INFO - Setting next_dagrun for example_xcom to 2021-01-01T00:00:00+00:00, run_after=2021-01-01T00:00:00+00:00
[2026-06-08T13:34:51.712+0000] {processor.py:179} INFO - Processing /home/airflow/.local/lib/python3.10/site-packages/airflow/example_dags/example_xcom.py took 0.084 seconds
[2026-06-08T13:39:19.471+0000] {processor.py:157} INFO - Started process (PID=306) to work on /home/airflow/.local/lib/python3.10/site-packages/airflow/example_dags/example_xcom.py
[2026-06-08T13:39:19.496+0000] {processor.py:829} INFO - Processing file /home/airflow/.local/lib/python3.10/site-packages/airflow/example_dags/example_xcom.py for tasks to queue
[2026-06-08T13:39:19.511+0000] {logging_mixin.py:154} INFO - [2026-06-08T13:39:19.511+0000] {dagbag.py:536} INFO - Filling up the DagBag from /home/airflow/.local/lib/python3.10/site-packages/airflow/example_dags/example_xcom.py
[2026-06-08T13:39:19.584+0000] {processor.py:839} INFO - DAG(s) dict_keys(['example_xcom']) retrieved from /home/airflow/.local/lib/python3.10/site-packages/airflow/example_dags/example_xcom.py
[2026-06-08T13:39:19.878+0000] {logging_mixin.py:154} INFO - [2026-06-08T13:39:19.878+0000] {dag.py:2941} INFO - Sync 1 DAGs
[2026-06-08T13:39:20.010+0000] {logging_mixin.py:154} INFO - [2026-06-08T13:39:20.010+0000] {dag.py:3722} INFO - Setting next_dagrun for example_xcom to 2021-01-01T00:00:00+00:00, run_after=2021-01-01T00:00:00+00:00
[2026-06-08T13:39:20.111+0000] {processor.py:179} INFO - Processing /home/airflow/.local/lib/python3.10/site-packages/airflow/example_dags/example_xcom.py took 0.645 seconds
[2026-06-08T13:39:51.750+0000] {processor.py:157} INFO - Started process (PID=355) to work on /home/airflow/.local/lib/python3.10/site-packages/airflow/example_dags/example_xcom.py
[2026-06-08T13:39:51.783+0000] {processor.py:829} INFO - Processing file /home/airflow/.local/lib/python3.10/site-packages/airflow/example_dags/example_xcom.py for tasks to queue
[2026-06-08T13:39:51.786+0000] {logging_mixin.py:154} INFO - [2026-06-08T13:39:51.785+0000] {dagbag.py:536} INFO - Filling up the DagBag from /home/airflow/.local/lib/python3.10/site-packages/airflow/example_dags/example_xcom.py
[2026-06-08T13:39:51.838+0000] {processor.py:839} INFO - DAG(s) dict_keys(['example_xcom']) retrieved from /home/airflow/.local/lib/python3.10/site-packages/airflow/example_dags/example_xcom.py
[2026-06-08T13:39:51.904+0000] {logging_mixin.py:154} INFO - [2026-06-08T13:39:51.904+0000] {dag.py:2941} INFO - Sync 1 DAGs
[2026-06-08T13:39:51.968+0000] {logging_mixin.py:154} INFO - [2026-06-08T13:39:51.968+0000] {dag.py:3722} INFO - Setting next_dagrun for example_xcom to 2021-01-01T00:00:00+00:00, run_after=2021-01-01T00:00:00+00:00
[2026-06-08T13:39:52.096+0000] {processor.py:179} INFO - Processing /home/airflow/.local/lib/python3.10/site-packages/airflow/example_dags/example_xcom.py took 0.362 seconds
[2026-06-08T13:40:22.983+0000] {processor.py:157} INFO - Started process (PID=402) to work on /home/airflow/.local/lib/python3.10/site-packages/airflow/example_dags/example_xcom.py
[2026-06-08T13:40:22.986+0000] {processor.py:829} INFO - Processing file /home/airflow/.local/lib/python3.10/site-packages/airflow/example_dags/example_xcom.py for tasks to queue
[2026-06-08T13:40:22.989+0000] {logging_mixin.py:154} INFO - [2026-06-08T13:40:22.988+0000] {dagbag.py:536} INFO - Filling up the DagBag from /home/airflow/.local/lib/python3.10/site-packages/airflow/example_dags/example_xcom.py
[2026-06-08T13:40:23.012+0000] {processor.py:839} INFO - DAG(s) dict_keys(['example_xcom']) retrieved from /home/airflow/.local/lib/python3.10/site-packages/airflow/example_dags/example_xcom.py
[2026-06-08T13:40:23.043+0000] {logging_mixin.py:154} INFO - [2026-06-08T13:40:23.043+0000] {dag.py:2941} INFO - Sync 1 DAGs
[2026-06-08T13:40:23.087+0000] {logging_mixin.py:154} INFO - [2026-06-08T13:40:23.086+0000] {dag.py:3722} INFO - Setting next_dagrun for example_xcom to 2021-01-01T00:00:00+00:00, run_after=2021-01-01T00:00:00+00:00
[2026-06-08T13:40:23.140+0000] {processor.py:179} INFO - Processing /home/airflow/.local/lib/python3.10/site-packages/airflow/example_dags/example_xcom.py took 0.162 seconds
[2026-06-08T13:40:56.638+0000] {processor.py:157} INFO - Started process (PID=453) to work on /home/airflow/.local/lib/python3.10/site-packages/airflow/example_dags/example_xcom.py
[2026-06-08T13:40:56.645+0000] {processor.py:829} INFO - Processing file /home/airflow/.local/lib/python3.10/site-packages/airflow/example_dags/example_xcom.py for tasks to queue
[2026-06-08T13:40:56.646+0000] {logging_mixin.py:154} INFO - [2026-06-08T13:40:56.646+0000] {dagbag.py:536} INFO - Filling up the DagBag from /home/airflow/.local/lib/python3.10/site-packages/airflow/example_dags/example_xcom.py
[2026-06-08T13:40:56.667+0000] {processor.py:839} INFO - DAG(s) dict_keys(['example_xcom']) retrieved from /home/airflow/.local/lib/python3.10/site-packages/airflow/example_dags/example_xcom.py
[2026-06-08T13:40:56.767+0000] {logging_mixin.py:154} INFO - [2026-06-08T13:40:56.767+0000] {dag.py:2941} INFO - Sync 1 DAGs
[2026-06-08T13:40:56.831+0000] {logging_mixin.py:154} INFO - [2026-06-08T13:40:56.830+0000] {dag.py:3722} INFO - Setting next_dagrun for example_xcom to 2021-01-01T00:00:00+00:00, run_after=2021-01-01T00:00:00+00:00
[2026-06-08T13:40:56.890+0000] {processor.py:179} INFO - Processing /home/airflow/.local/lib/python3.10/site-packages/airflow/example_dags/example_xcom.py took 0.262 seconds
[2026-06-08T13:41:27.581+0000] {processor.py:157} INFO - Started process (PID=498) to work on /home/airflow/.local/lib/python3.10/site-packages/airflow/example_dags/example_xcom.py
[2026-06-08T13:41:27.583+0000] {processor.py:829} INFO - Processing file /home/airflow/.local/lib/python3.10/site-packages/airflow/example_dags/example_xcom.py for tasks to queue
[2026-06-08T13:41:27.584+0000] {logging_mixin.py:154} INFO - [2026-06-08T13:41:27.583+0000] {dagbag.py:536} INFO - Filling up the DagBag from /home/airflow/.local/lib/python3.10/site-packages/airflow/example_dags/example_xcom.py
[2026-06-08T13:41:27.629+0000] {processor.py:839} INFO - DAG(s) dict_keys(['example_xcom']) retrieved from /home/airflow/.local/lib/python3.10/site-packages/airflow/example_dags/example_xcom.py
[2026-06-08T13:41:27.848+0000] {logging_mixin.py:154} INFO - [2026-06-08T13:41:27.848+0000] {dag.py:2941} INFO - Sync 1 DAGs
[2026-06-08T13:41:28.149+0000] {logging_mixin.py:154} INFO - [2026-06-08T13:41:28.142+0000] {dag.py:3722} INFO - Setting next_dagrun for example_xcom to 2021-01-01T00:00:00+00:00, run_after=2021-01-01T00:00:00+00:00
[2026-06-08T13:41:28.320+0000] {processor.py:179} INFO - Processing /home/airflow/.local/lib/python3.10/site-packages/airflow/example_dags/example_xcom.py took 0.754 seconds
[2026-06-08T13:41:59.084+0000] {processor.py:157} INFO - Started process (PID=553) to work on /home/airflow/.local/lib/python3.10/site-packages/airflow/example_dags/example_xcom.py
[2026-06-08T13:41:59.089+0000] {processor.py:829} INFO - Processing file /home/airflow/.local/lib/python3.10/site-packages/airflow/example_dags/example_xcom.py for tasks to queue
[2026-06-08T13:41:59.090+0000] {logging_mixin.py:154} INFO - [2026-06-08T13:41:59.090+0000] {dagbag.py:536} INFO - Filling up the DagBag from /home/airflow/.local/lib/python3.10/site-packages/airflow/example_dags/example_xcom.py
[2026-06-08T13:41:59.109+0000] {processor.py:839} INFO - DAG(s) dict_keys(['example_xcom']) retrieved from /home/airflow/.local/lib/python3.10/site-packages/airflow/example_dags/example_xcom.py
[2026-06-08T13:41:59.169+0000] {logging_mixin.py:154} INFO - [2026-06-08T13:41:59.169+0000] {dag.py:2941} INFO - Sync 1 DAGs
[2026-06-08T13:41:59.201+0000] {logging_mixin.py:154} INFO - [2026-06-08T13:41:59.201+0000] {dag.py:3722} INFO - Setting next_dagrun for example_xcom to 2021-01-01T00:00:00+00:00, run_after=2021-01-01T00:00:00+00:00
[2026-06-08T13:41:59.226+0000] {processor.py:179} INFO - Processing /home/airflow/.local/lib/python3.10/site-packages/airflow/example_dags/example_xcom.py took 0.152 seconds
[2026-06-08T13:42:29.891+0000] {processor.py:157} INFO - Started process (PID=602) to work on /home/airflow/.local/lib/python3.10/site-packages/airflow/example_dags/example_xcom.py
[2026-06-08T13:42:29.892+0000] {processor.py:829} INFO - Processing file /home/airflow/.local/lib/python3.10/site-packages/airflow/example_dags/example_xcom.py for tasks to queue
[2026-06-08T13:42:29.893+0000] {logging_mixin.py:154} INFO - [2026-06-08T13:42:29.893+0000] {dagbag.py:536} INFO - Filling up the DagBag from /home/airflow/.local/lib/python3.10/site-packages/airflow/example_dags/example_xcom.py
[2026-06-08T13:42:29.922+0000] {processor.py:839} INFO - DAG(s) dict_keys(['example_xcom']) retrieved from /home/airflow/.local/lib/python3.10/site-packages/airflow/example_dags/example_xcom.py
[2026-06-08T13:42:29.979+0000] {logging_mixin.py:154} INFO - [2026-06-08T13:42:29.979+0000] {dag.py:2941} INFO - Sync 1 DAGs
[2026-06-08T13:42:30.037+0000] {logging_mixin.py:154} INFO - [2026-06-08T13:42:30.036+0000] {dag.py:3722} INFO - Setting next_dagrun for example_xcom to 2021-01-01T00:00:00+00:00, run_after=2021-01-01T00:00:00+00:00
[2026-06-08T13:42:30.085+0000] {processor.py:179} INFO - Processing /home/airflow/.local/lib/python3.10/site-packages/airflow/example_dags/example_xcom.py took 0.203 seconds
[2026-06-08T13:43:01.011+0000] {processor.py:157} INFO - Started process (PID=651) to work on /home/airflow/.local/lib/python3.10/site-packages/airflow/example_dags/example_xcom.py
[2026-06-08T13:43:01.026+0000] {processor.py:829} INFO - Processing file /home/airflow/.local/lib/python3.10/site-packages/airflow/example_dags/example_xcom.py for tasks to queue
[2026-06-08T13:43:01.028+0000] {logging_mixin.py:154} INFO - [2026-06-08T13:43:01.027+0000] {dagbag.py:536} INFO - Filling up the DagBag from /home/airflow/.local/lib/python3.10/site-packages/airflow/example_dags/example_xcom.py
[2026-06-08T13:43:01.068+0000] {processor.py:839} INFO - DAG(s) dict_keys(['example_xcom']) retrieved from /home/airflow/.local/lib/python3.10/site-packages/airflow/example_dags/example_xcom.py
[2026-06-08T13:43:01.250+0000] {logging_mixin.py:154} INFO - [2026-06-08T13:43:01.250+0000] {dag.py:2941} INFO - Sync 1 DAGs
[2026-06-08T13:43:01.346+0000] {logging_mixin.py:154} INFO - [2026-06-08T13:43:01.346+0000] {dag.py:3722} INFO - Setting next_dagrun for example_xcom to 2021-01-01T00:00:00+00:00, run_after=2021-01-01T00:00:00+00:00
[2026-06-08T13:43:01.417+0000] {processor.py:179} INFO - Processing /home/airflow/.local/lib/python3.10/site-packages/airflow/example_dags/example_xcom.py took 0.419 seconds
[2026-06-08T13:43:31.740+0000] {processor.py:157} INFO - Started process (PID=700) to work on /home/airflow/.local/lib/python3.10/site-packages/airflow/example_dags/example_xcom.py
[2026-06-08T13:43:31.751+0000] {processor.py:829} INFO - Processing file /home/airflow/.local/lib/python3.10/site-packages/airflow/example_dags/example_xcom.py for tasks to queue
[2026-06-08T13:43:31.757+0000] {logging_mixin.py:154} INFO - [2026-06-08T13:43:31.756+0000] {dagbag.py:536} INFO - Filling up the DagBag from /home/airflow/.local/lib/python3.10/site-packages/airflow/example_dags/example_xcom.py
[2026-06-08T13:43:31.784+0000] {processor.py:839} INFO - DAG(s) dict_keys(['example_xcom']) retrieved from /home/airflow/.local/lib/python3.10/site-packages/airflow/example_dags/example_xcom.py
[2026-06-08T13:43:31.894+0000] {logging_mixin.py:154} INFO - [2026-06-08T13:43:31.886+0000] {dag.py:2941} INFO - Sync 1 DAGs
[2026-06-08T13:43:31.973+0000] {logging_mixin.py:154} INFO - [2026-06-08T13:43:31.973+0000] {dag.py:3722} INFO - Setting next_dagrun for example_xcom to 2021-01-01T00:00:00+00:00, run_after=2021-01-01T00:00:00+00:00
[2026-06-08T13:43:32.040+0000] {processor.py:179} INFO - Processing /home/airflow/.local/lib/python3.10/site-packages/airflow/example_dags/example_xcom.py took 0.307 seconds
[2026-06-08T13:44:02.836+0000] {processor.py:157} INFO - Started process (PID=749) to work on /home/airflow/.local/lib/python3.10/site-packages/airflow/example_dags/example_xcom.py
[2026-06-08T13:44:02.838+0000] {processor.py:829} INFO - Processing file /home/airflow/.local/lib/python3.10/site-packages/airflow/example_dags/example_xcom.py for tasks to queue
[2026-06-08T13:44:02.839+0000] {logging_mixin.py:154} INFO - [2026-06-08T13:44:02.839+0000] {dagbag.py:536} INFO - Filling up the DagBag from /home/airflow/.local/lib/python3.10/site-packages/airflow/example_dags/example_xcom.py
[2026-06-08T13:44:02.851+0000] {processor.py:839} INFO - DAG(s) dict_keys(['example_xcom']) retrieved from /home/airflow/.local/lib/python3.10/site-packages/airflow/example_dags/example_xcom.py
[2026-06-08T13:44:02.883+0000] {logging_mixin.py:154} INFO - [2026-06-08T13:44:02.883+0000] {dag.py:2941} INFO - Sync 1 DAGs
[2026-06-08T13:44:02.916+0000] {logging_mixin.py:154} INFO - [2026-06-08T13:44:02.916+0000] {dag.py:3722} INFO - Setting next_dagrun for example_xcom to 2021-01-01T00:00:00+00:00, run_after=2021-01-01T00:00:00+00:00
[2026-06-08T13:44:03.189+0000] {processor.py:179} INFO - Processing /home/airflow/.local/lib/python3.10/site-packages/airflow/example_dags/example_xcom.py took 0.357 seconds
[2026-06-08T13:44:33.517+0000] {processor.py:157} INFO - Started process (PID=798) to work on /home/airflow/.local/lib/python3.10/site-packages/airflow/example_dags/example_xcom.py
[2026-06-08T13:44:33.518+0000] {processor.py:829} INFO - Processing file /home/airflow/.local/lib/python3.10/site-packages/airflow/example_dags/example_xcom.py for tasks to queue
[2026-06-08T13:44:33.519+0000] {logging_mixin.py:154} INFO - [2026-06-08T13:44:33.519+0000] {dagbag.py:536} INFO - Filling up the DagBag from /home/airflow/.local/lib/python3.10/site-packages/airflow/example_dags/example_xcom.py
[2026-06-08T13:44:33.530+0000] {processor.py:839} INFO - DAG(s) dict_keys(['example_xcom']) retrieved from /home/airflow/.local/lib/python3.10/site-packages/airflow/example_dags/example_xcom.py
[2026-06-08T13:44:33.561+0000] {logging_mixin.py:154} INFO - [2026-06-08T13:44:33.560+0000] {dag.py:2941} INFO - Sync 1 DAGs
[2026-06-08T13:44:33.593+0000] {logging_mixin.py:154} INFO - [2026-06-08T13:44:33.593+0000] {dag.py:3722} INFO - Setting next_dagrun for example_xcom to 2021-01-01T00:00:00+00:00, run_after=2021-01-01T00:00:00+00:00
[2026-06-08T13:44:33.618+0000] {processor.py:179} INFO - Processing /home/airflow/.local/lib/python3.10/site-packages/airflow/example_dags/example_xcom.py took 0.106 seconds
[2026-06-08T13:45:03.664+0000] {processor.py:157} INFO - Started process (PID=847) to work on /home/airflow/.local/lib/python3.10/site-packages/airflow/example_dags/example_xcom.py
[2026-06-08T13:45:03.666+0000] {processor.py:829} INFO - Processing file /home/airflow/.local/lib/python3.10/site-packages/airflow/example_dags/example_xcom.py for tasks to queue
[2026-06-08T13:45:03.667+0000] {logging_mixin.py:154} INFO - [2026-06-08T13:45:03.667+0000] {dagbag.py:536} INFO - Filling up the DagBag from /home/airflow/.local/lib/python3.10/site-packages/airflow/example_dags/example_xcom.py
[2026-06-08T13:45:03.678+0000] {processor.py:839} INFO - DAG(s) dict_keys(['example_xcom']) retrieved from /home/airflow/.local/lib/python3.10/site-packages/airflow/example_dags/example_xcom.py
[2026-06-08T13:45:03.711+0000] {logging_mixin.py:154} INFO - [2026-06-08T13:45:03.710+0000] {dag.py:2941} INFO - Sync 1 DAGs
[2026-06-08T13:45:03.742+0000] {logging_mixin.py:154} INFO - [2026-06-08T13:45:03.742+0000] {dag.py:3722} INFO - Setting next_dagrun for example_xcom to 2021-01-01T00:00:00+00:00, run_after=2021-01-01T00:00:00+00:00
[2026-06-08T13:45:03.769+0000] {processor.py:179} INFO - Processing /home/airflow/.local/lib/python3.10/site-packages/airflow/example_dags/example_xcom.py took 0.110 seconds
[2026-06-08T13:45:34.609+0000] {processor.py:157} INFO - Started process (PID=896) to work on /home/airflow/.local/lib/python3.10/site-packages/airflow/example_dags/example_xcom.py
[2026-06-08T13:45:34.614+0000] {processor.py:829} INFO - Processing file /home/airflow/.local/lib/python3.10/site-packages/airflow/example_dags/example_xcom.py for tasks to queue
[2026-06-08T13:45:34.616+0000] {logging_mixin.py:154} INFO - [2026-06-08T13:45:34.616+0000] {dagbag.py:536} INFO - Filling up the DagBag from /home/airflow/.local/lib/python3.10/site-packages/airflow/example_dags/example_xcom.py
[2026-06-08T13:45:34.639+0000] {processor.py:839} INFO - DAG(s) dict_keys(['example_xcom']) retrieved from /home/airflow/.local/lib/python3.10/site-packages/airflow/example_dags/example_xcom.py
[2026-06-08T13:45:34.753+0000] {logging_mixin.py:154} INFO - [2026-06-08T13:45:34.753+0000] {dag.py:2941} INFO - Sync 1 DAGs
[2026-06-08T13:45:35.183+0000] {logging_mixin.py:154} INFO - [2026-06-08T13:45:35.182+0000] {dag.py:3722} INFO - Setting next_dagrun for example_xcom to 2021-01-01T00:00:00+00:00, run_after=2021-01-01T00:00:00+00:00
[2026-06-08T13:45:35.226+0000] {processor.py:179} INFO - Processing /home/airflow/.local/lib/python3.10/site-packages/airflow/example_dags/example_xcom.py took 0.630 seconds
[2026-06-08T13:46:05.748+0000] {processor.py:157} INFO - Started process (PID=945) to work on /home/airflow/.local/lib/python3.10/site-packages/airflow/example_dags/example_xcom.py
[2026-06-08T13:46:05.753+0000] {processor.py:829} INFO - Processing file /home/airflow/.local/lib/python3.10/site-packages/airflow/example_dags/example_xcom.py for tasks to queue
[2026-06-08T13:46:05.755+0000] {logging_mixin.py:154} INFO - [2026-06-08T13:46:05.754+0000] {dagbag.py:536} INFO - Filling up the DagBag from /home/airflow/.local/lib/python3.10/site-packages/airflow/example_dags/example_xcom.py
[2026-06-08T13:46:05.772+0000] {processor.py:839} INFO - DAG(s) dict_keys(['example_xcom']) retrieved from /home/airflow/.local/lib/python3.10/site-packages/airflow/example_dags/example_xcom.py
[2026-06-08T13:46:05.806+0000] {logging_mixin.py:154} INFO - [2026-06-08T13:46:05.806+0000] {dag.py:2941} INFO - Sync 1 DAGs
[2026-06-08T13:46:05.839+0000] {logging_mixin.py:154} INFO - [2026-06-08T13:46:05.839+0000] {dag.py:3722} INFO - Setting next_dagrun for example_xcom to 2021-01-01T00:00:00+00:00, run_after=2021-01-01T00:00:00+00:00
[2026-06-08T13:46:06.232+0000] {processor.py:179} INFO - Processing /home/airflow/.local/lib/python3.10/site-packages/airflow/example_dags/example_xcom.py took 0.495 seconds
[2026-06-08T13:46:36.756+0000] {processor.py:157} INFO - Started process (PID=994) to work on /home/airflow/.local/lib/python3.10/site-packages/airflow/example_dags/example_xcom.py
[2026-06-08T13:46:36.758+0000] {processor.py:829} INFO - Processing file /home/airflow/.local/lib/python3.10/site-packages/airflow/example_dags/example_xcom.py for tasks to queue
[2026-06-08T13:46:36.759+0000] {logging_mixin.py:154} INFO - [2026-06-08T13:46:36.758+0000] {dagbag.py:536} INFO - Filling up the DagBag from /home/airflow/.local/lib/python3.10/site-packages/airflow/example_dags/example_xcom.py
[2026-06-08T13:46:36.771+0000] {processor.py:839} INFO - DAG(s) dict_keys(['example_xcom']) retrieved from /home/airflow/.local/lib/python3.10/site-packages/airflow/example_dags/example_xcom.py
[2026-06-08T13:46:36.803+0000] {logging_mixin.py:154} INFO - [2026-06-08T13:46:36.803+0000] {dag.py:2941} INFO - Sync 1 DAGs
[2026-06-08T13:46:36.863+0000] {logging_mixin.py:154} INFO - [2026-06-08T13:46:36.863+0000] {dag.py:3722} INFO - Setting next_dagrun for example_xcom to 2021-01-01T00:00:00+00:00, run_after=2021-01-01T00:00:00+00:00
[2026-06-08T13:46:36.902+0000] {processor.py:179} INFO - Processing /home/airflow/.local/lib/python3.10/site-packages/airflow/example_dags/example_xcom.py took 0.152 seconds
[2026-06-08T13:47:07.713+0000] {processor.py:157} INFO - Started process (PID=1043) to work on /home/airflow/.local/lib/python3.10/site-packages/airflow/example_dags/example_xcom.py
[2026-06-08T13:47:07.714+0000] {processor.py:829} INFO - Processing file /home/airflow/.local/lib/python3.10/site-packages/airflow/example_dags/example_xcom.py for tasks to queue
[2026-06-08T13:47:07.715+0000] {logging_mixin.py:154} INFO - [2026-06-08T13:47:07.715+0000] {dagbag.py:536} INFO - Filling up the DagBag from /home/airflow/.local/lib/python3.10/site-packages/airflow/example_dags/example_xcom.py
[2026-06-08T13:47:07.726+0000] {processor.py:839} INFO - DAG(s) dict_keys(['example_xcom']) retrieved from /home/airflow/.local/lib/python3.10/site-packages/airflow/example_dags/example_xcom.py
[2026-06-08T13:47:07.759+0000] {logging_mixin.py:154} INFO - [2026-06-08T13:47:07.759+0000] {dag.py:2941} INFO - Sync 1 DAGs
[2026-06-08T13:47:07.790+0000] {logging_mixin.py:154} INFO - [2026-06-08T13:47:07.790+0000] {dag.py:3722} INFO - Setting next_dagrun for example_xcom to 2021-01-01T00:00:00+00:00, run_after=2021-01-01T00:00:00+00:00
[2026-06-08T13:47:07.819+0000] {processor.py:179} INFO - Processing /home/airflow/.local/lib/python3.10/site-packages/airflow/example_dags/example_xcom.py took 0.111 seconds
[2026-06-08T13:47:38.683+0000] {processor.py:157} INFO - Started process (PID=1092) to work on /home/airflow/.local/lib/python3.10/site-packages/airflow/example_dags/example_xcom.py
[2026-06-08T13:47:38.688+0000] {processor.py:829} INFO - Processing file /home/airflow/.local/lib/python3.10/site-packages/airflow/example_dags/example_xcom.py for tasks to queue
[2026-06-08T13:47:38.689+0000] {logging_mixin.py:154} INFO - [2026-06-08T13:47:38.688+0000] {dagbag.py:536} INFO - Filling up the DagBag from /home/airflow/.local/lib/python3.10/site-packages/airflow/example_dags/example_xcom.py
[2026-06-08T13:47:38.700+0000] {processor.py:839} INFO - DAG(s) dict_keys(['example_xcom']) retrieved from /home/airflow/.local/lib/python3.10/site-packages/airflow/example_dags/example_xcom.py
[2026-06-08T13:47:38.732+0000] {logging_mixin.py:154} INFO - [2026-06-08T13:47:38.732+0000] {dag.py:2941} INFO - Sync 1 DAGs
[2026-06-08T13:47:38.765+0000] {logging_mixin.py:154} INFO - [2026-06-08T13:47:38.765+0000] {dag.py:3722} INFO - Setting next_dagrun for example_xcom to 2021-01-01T00:00:00+00:00, run_after=2021-01-01T00:00:00+00:00
[2026-06-08T13:47:38.788+0000] {processor.py:179} INFO - Processing /home/airflow/.local/lib/python3.10/site-packages/airflow/example_dags/example_xcom.py took 0.110 seconds
[2026-06-08T13:48:09.332+0000] {processor.py:157} INFO - Started process (PID=1141) to work on /home/airflow/.local/lib/python3.10/site-packages/airflow/example_dags/example_xcom.py
[2026-06-08T13:48:09.333+0000] {processor.py:829} INFO - Processing file /home/airflow/.local/lib/python3.10/site-packages/airflow/example_dags/example_xcom.py for tasks to queue
[2026-06-08T13:48:09.334+0000] {logging_mixin.py:154} INFO - [2026-06-08T13:48:09.334+0000] {dagbag.py:536} INFO - Filling up the DagBag from /home/airflow/.local/lib/python3.10/site-packages/airflow/example_dags/example_xcom.py
[2026-06-08T13:48:09.346+0000] {processor.py:839} INFO - DAG(s) dict_keys(['example_xcom']) retrieved from /home/airflow/.local/lib/python3.10/site-packages/airflow/example_dags/example_xcom.py
[2026-06-08T13:48:09.378+0000] {logging_mixin.py:154} INFO - [2026-06-08T13:48:09.378+0000] {dag.py:2941} INFO - Sync 1 DAGs
[2026-06-08T13:48:09.410+0000] {logging_mixin.py:154} INFO - [2026-06-08T13:48:09.409+0000] {dag.py:3722} INFO - Setting next_dagrun for example_xcom to 2021-01-01T00:00:00+00:00, run_after=2021-01-01T00:00:00+00:00
[2026-06-08T13:48:09.433+0000] {processor.py:179} INFO - Processing /home/airflow/.local/lib/python3.10/site-packages/airflow/example_dags/example_xcom.py took 0.106 seconds
[2026-06-08T13:48:39.972+0000] {processor.py:157} INFO - Started process (PID=1190) to work on /home/airflow/.local/lib/python3.10/site-packages/airflow/example_dags/example_xcom.py
[2026-06-08T13:48:39.974+0000] {processor.py:829} INFO - Processing file /home/airflow/.local/lib/python3.10/site-packages/airflow/example_dags/example_xcom.py for tasks to queue
[2026-06-08T13:48:39.976+0000] {logging_mixin.py:154} INFO - [2026-06-08T13:48:39.975+0000] {dagbag.py:536} INFO - Filling up the DagBag from /home/airflow/.local/lib/python3.10/site-packages/airflow/example_dags/example_xcom.py
[2026-06-08T13:48:39.997+0000] {processor.py:839} INFO - DAG(s) dict_keys(['example_xcom']) retrieved from /home/airflow/.local/lib/python3.10/site-packages/airflow/example_dags/example_xcom.py
[2026-06-08T13:48:40.068+0000] {logging_mixin.py:154} INFO - [2026-06-08T13:48:40.067+0000] {dag.py:2941} INFO - Sync 1 DAGs
[2026-06-08T13:48:40.126+0000] {logging_mixin.py:154} INFO - [2026-06-08T13:48:40.126+0000] {dag.py:3722} INFO - Setting next_dagrun for example_xcom to 2021-01-01T00:00:00+00:00, run_after=2021-01-01T00:00:00+00:00
[2026-06-08T13:48:40.180+0000] {processor.py:179} INFO - Processing /home/airflow/.local/lib/python3.10/site-packages/airflow/example_dags/example_xcom.py took 0.222 seconds
[2026-06-08T13:49:10.397+0000] {processor.py:157} INFO - Started process (PID=1239) to work on /home/airflow/.local/lib/python3.10/site-packages/airflow/example_dags/example_xcom.py
[2026-06-08T13:49:10.398+0000] {processor.py:829} INFO - Processing file /home/airflow/.local/lib/python3.10/site-packages/airflow/example_dags/example_xcom.py for tasks to queue
[2026-06-08T13:49:10.400+0000] {logging_mixin.py:154} INFO - [2026-06-08T13:49:10.399+0000] {dagbag.py:536} INFO - Filling up the DagBag from /home/airflow/.local/lib/python3.10/site-packages/airflow/example_dags/example_xcom.py
[2026-06-08T13:49:10.411+0000] {processor.py:839} INFO - DAG(s) dict_keys(['example_xcom']) retrieved from /home/airflow/.local/lib/python3.10/site-packages/airflow/example_dags/example_xcom.py
[2026-06-08T13:49:10.443+0000] {logging_mixin.py:154} INFO - [2026-06-08T13:49:10.443+0000] {dag.py:2941} INFO - Sync 1 DAGs
[2026-06-08T13:49:10.475+0000] {logging_mixin.py:154} INFO - [2026-06-08T13:49:10.475+0000] {dag.py:3722} INFO - Setting next_dagrun for example_xcom to 2021-01-01T00:00:00+00:00, run_after=2021-01-01T00:00:00+00:00
[2026-06-08T13:49:10.501+0000] {processor.py:179} INFO - Processing /home/airflow/.local/lib/python3.10/site-packages/airflow/example_dags/example_xcom.py took 0.108 seconds
[2026-06-08T13:49:40.696+0000] {processor.py:157} INFO - Started process (PID=1287) to work on /home/airflow/.local/lib/python3.10/site-packages/airflow/example_dags/example_xcom.py
[2026-06-08T13:49:40.716+0000] {processor.py:829} INFO - Processing file /home/airflow/.local/lib/python3.10/site-packages/airflow/example_dags/example_xcom.py for tasks to queue
[2026-06-08T13:49:40.717+0000] {logging_mixin.py:154} INFO - [2026-06-08T13:49:40.717+0000] {dagbag.py:536} INFO - Filling up the DagBag from /home/airflow/.local/lib/python3.10/site-packages/airflow/example_dags/example_xcom.py
[2026-06-08T13:49:40.760+0000] {processor.py:839} INFO - DAG(s) dict_keys(['example_xcom']) retrieved from /home/airflow/.local/lib/python3.10/site-packages/airflow/example_dags/example_xcom.py
[2026-06-08T13:49:40.857+0000] {logging_mixin.py:154} INFO - [2026-06-08T13:49:40.857+0000] {dag.py:2941} INFO - Sync 1 DAGs
[2026-06-08T13:49:40.887+0000] {logging_mixin.py:154} INFO - [2026-06-08T13:49:40.887+0000] {dag.py:3722} INFO - Setting next_dagrun for example_xcom to 2021-01-01T00:00:00+00:00, run_after=2021-01-01T00:00:00+00:00
[2026-06-08T13:49:40.938+0000] {processor.py:179} INFO - Processing /home/airflow/.local/lib/python3.10/site-packages/airflow/example_dags/example_xcom.py took 0.267 seconds
[2026-06-08T13:50:11.831+0000] {processor.py:157} INFO - Started process (PID=1336) to work on /home/airflow/.local/lib/python3.10/site-packages/airflow/example_dags/example_xcom.py
[2026-06-08T13:50:11.832+0000] {processor.py:829} INFO - Processing file /home/airflow/.local/lib/python3.10/site-packages/airflow/example_dags/example_xcom.py for tasks to queue
[2026-06-08T13:50:11.833+0000] {logging_mixin.py:154} INFO - [2026-06-08T13:50:11.833+0000] {dagbag.py:536} INFO - Filling up the DagBag from /home/airflow/.local/lib/python3.10/site-packages/airflow/example_dags/example_xcom.py
[2026-06-08T13:50:11.844+0000] {processor.py:839} INFO - DAG(s) dict_keys(['example_xcom']) retrieved from /home/airflow/.local/lib/python3.10/site-packages/airflow/example_dags/example_xcom.py
[2026-06-08T13:50:11.876+0000] {logging_mixin.py:154} INFO - [2026-06-08T13:50:11.875+0000] {dag.py:2941} INFO - Sync 1 DAGs
[2026-06-08T13:50:11.905+0000] {logging_mixin.py:154} INFO - [2026-06-08T13:50:11.905+0000] {dag.py:3722} INFO - Setting next_dagrun for example_xcom to 2021-01-01T00:00:00+00:00, run_after=2021-01-01T00:00:00+00:00
[2026-06-08T13:50:11.927+0000] {processor.py:179} INFO - Processing /home/airflow/.local/lib/python3.10/site-packages/airflow/example_dags/example_xcom.py took 0.102 seconds
[2026-06-08T13:50:42.144+0000] {processor.py:157} INFO - Started process (PID=1385) to work on /home/airflow/.local/lib/python3.10/site-packages/airflow/example_dags/example_xcom.py
[2026-06-08T13:50:42.146+0000] {processor.py:829} INFO - Processing file /home/airflow/.local/lib/python3.10/site-packages/airflow/example_dags/example_xcom.py for tasks to queue
[2026-06-08T13:50:42.147+0000] {logging_mixin.py:154} INFO - [2026-06-08T13:50:42.147+0000] {dagbag.py:536} INFO - Filling up the DagBag from /home/airflow/.local/lib/python3.10/site-packages/airflow/example_dags/example_xcom.py
[2026-06-08T13:50:42.159+0000] {processor.py:839} INFO - DAG(s) dict_keys(['example_xcom']) retrieved from /home/airflow/.local/lib/python3.10/site-packages/airflow/example_dags/example_xcom.py
[2026-06-08T13:50:42.191+0000] {logging_mixin.py:154} INFO - [2026-06-08T13:50:42.191+0000] {dag.py:2941} INFO - Sync 1 DAGs
[2026-06-08T13:50:42.222+0000] {logging_mixin.py:154} INFO - [2026-06-08T13:50:42.222+0000] {dag.py:3722} INFO - Setting next_dagrun for example_xcom to 2021-01-01T00:00:00+00:00, run_after=2021-01-01T00:00:00+00:00
[2026-06-08T13:50:42.258+0000] {processor.py:179} INFO - Processing /home/airflow/.local/lib/python3.10/site-packages/airflow/example_dags/example_xcom.py took 0.119 seconds
[2026-06-08T13:51:12.452+0000] {processor.py:157} INFO - Started process (PID=1434) to work on /home/airflow/.local/lib/python3.10/site-packages/airflow/example_dags/example_xcom.py
[2026-06-08T13:51:12.453+0000] {processor.py:829} INFO - Processing file /home/airflow/.local/lib/python3.10/site-packages/airflow/example_dags/example_xcom.py for tasks to queue
[2026-06-08T13:51:12.455+0000] {logging_mixin.py:154} INFO - [2026-06-08T13:51:12.454+0000] {dagbag.py:536} INFO - Filling up the DagBag from /home/airflow/.local/lib/python3.10/site-packages/airflow/example_dags/example_xcom.py
[2026-06-08T13:51:12.466+0000] {processor.py:839} INFO - DAG(s) dict_keys(['example_xcom']) retrieved from /home/airflow/.local/lib/python3.10/site-packages/airflow/example_dags/example_xcom.py
[2026-06-08T13:51:12.496+0000] {logging_mixin.py:154} INFO - [2026-06-08T13:51:12.496+0000] {dag.py:2941} INFO - Sync 1 DAGs
[2026-06-08T13:51:12.528+0000] {logging_mixin.py:154} INFO - [2026-06-08T13:51:12.528+0000] {dag.py:3722} INFO - Setting next_dagrun for example_xcom to 2021-01-01T00:00:00+00:00, run_after=2021-01-01T00:00:00+00:00
[2026-06-08T13:51:12.557+0000] {processor.py:179} INFO - Processing /home/airflow/.local/lib/python3.10/site-packages/airflow/example_dags/example_xcom.py took 0.128 seconds
[2026-06-08T13:51:42.942+0000] {processor.py:157} INFO - Started process (PID=1483) to work on /home/airflow/.local/lib/python3.10/site-packages/airflow/example_dags/example_xcom.py
[2026-06-08T13:51:42.950+0000] {processor.py:829} INFO - Processing file /home/airflow/.local/lib/python3.10/site-packages/airflow/example_dags/example_xcom.py for tasks to queue
[2026-06-08T13:51:42.951+0000] {logging_mixin.py:154} INFO - [2026-06-08T13:51:42.951+0000] {dagbag.py:536} INFO - Filling up the DagBag from /home/airflow/.local/lib/python3.10/site-packages/airflow/example_dags/example_xcom.py
[2026-06-08T13:51:42.968+0000] {processor.py:839} INFO - DAG(s) dict_keys(['example_xcom']) retrieved from /home/airflow/.local/lib/python3.10/site-packages/airflow/example_dags/example_xcom.py
[2026-06-08T13:51:43.050+0000] {logging_mixin.py:154} INFO - [2026-06-08T13:51:43.050+0000] {dag.py:2941} INFO - Sync 1 DAGs
[2026-06-08T13:51:43.082+0000] {logging_mixin.py:154} INFO - [2026-06-08T13:51:43.081+0000] {dag.py:3722} INFO - Setting next_dagrun for example_xcom to 2021-01-01T00:00:00+00:00, run_after=2021-01-01T00:00:00+00:00
[2026-06-08T13:51:43.144+0000] {processor.py:179} INFO - Processing /home/airflow/.local/lib/python3.10/site-packages/airflow/example_dags/example_xcom.py took 0.223 seconds
[2026-06-08T13:52:14.027+0000] {processor.py:157} INFO - Started process (PID=1532) to work on /home/airflow/.local/lib/python3.10/site-packages/airflow/example_dags/example_xcom.py
[2026-06-08T13:52:14.029+0000] {processor.py:829} INFO - Processing file /home/airflow/.local/lib/python3.10/site-packages/airflow/example_dags/example_xcom.py for tasks to queue
[2026-06-08T13:52:14.030+0000] {logging_mixin.py:154} INFO - [2026-06-08T13:52:14.030+0000] {dagbag.py:536} INFO - Filling up the DagBag from /home/airflow/.local/lib/python3.10/site-packages/airflow/example_dags/example_xcom.py
[2026-06-08T13:52:14.059+0000] {processor.py:839} INFO - DAG(s) dict_keys(['example_xcom']) retrieved from /home/airflow/.local/lib/python3.10/site-packages/airflow/example_dags/example_xcom.py
[2026-06-08T13:52:14.102+0000] {logging_mixin.py:154} INFO - [2026-06-08T13:52:14.101+0000] {dag.py:2941} INFO - Sync 1 DAGs
[2026-06-08T13:52:14.131+0000] {logging_mixin.py:154} INFO - [2026-06-08T13:52:14.131+0000] {dag.py:3722} INFO - Setting next_dagrun for example_xcom to 2021-01-01T00:00:00+00:00, run_after=2021-01-01T00:00:00+00:00
[2026-06-08T13:52:14.153+0000] {processor.py:179} INFO - Processing /home/airflow/.local/lib/python3.10/site-packages/airflow/example_dags/example_xcom.py took 0.131 seconds
[2026-06-08T13:52:44.296+0000] {processor.py:157} INFO - Started process (PID=1581) to work on /home/airflow/.local/lib/python3.10/site-packages/airflow/example_dags/example_xcom.py
[2026-06-08T13:52:44.304+0000] {processor.py:829} INFO - Processing file /home/airflow/.local/lib/python3.10/site-packages/airflow/example_dags/example_xcom.py for tasks to queue
[2026-06-08T13:52:44.305+0000] {logging_mixin.py:154} INFO - [2026-06-08T13:52:44.304+0000] {dagbag.py:536} INFO - Filling up the DagBag from /home/airflow/.local/lib/python3.10/site-packages/airflow/example_dags/example_xcom.py
[2026-06-08T13:52:44.333+0000] {processor.py:839} INFO - DAG(s) dict_keys(['example_xcom']) retrieved from /home/airflow/.local/lib/python3.10/site-packages/airflow/example_dags/example_xcom.py
[2026-06-08T13:52:44.364+0000] {logging_mixin.py:154} INFO - [2026-06-08T13:52:44.364+0000] {dag.py:2941} INFO - Sync 1 DAGs
[2026-06-08T13:52:44.414+0000] {logging_mixin.py:154} INFO - [2026-06-08T13:52:44.414+0000] {dag.py:3722} INFO - Setting next_dagrun for example_xcom to 2021-01-01T00:00:00+00:00, run_after=2021-01-01T00:00:00+00:00
[2026-06-08T13:52:44.460+0000] {processor.py:179} INFO - Processing /home/airflow/.local/lib/python3.10/site-packages/airflow/example_dags/example_xcom.py took 0.175 seconds
[2026-06-08T13:53:14.620+0000] {processor.py:157} INFO - Started process (PID=1630) to work on /home/airflow/.local/lib/python3.10/site-packages/airflow/example_dags/example_xcom.py
[2026-06-08T13:53:14.626+0000] {processor.py:829} INFO - Processing file /home/airflow/.local/lib/python3.10/site-packages/airflow/example_dags/example_xcom.py for tasks to queue
[2026-06-08T13:53:14.627+0000] {logging_mixin.py:154} INFO - [2026-06-08T13:53:14.627+0000] {dagbag.py:536} INFO - Filling up the DagBag from /home/airflow/.local/lib/python3.10/site-packages/airflow/example_dags/example_xcom.py
[2026-06-08T13:53:14.650+0000] {processor.py:839} INFO - DAG(s) dict_keys(['example_xcom']) retrieved from /home/airflow/.local/lib/python3.10/site-packages/airflow/example_dags/example_xcom.py
[2026-06-08T13:53:14.718+0000] {logging_mixin.py:154} INFO - [2026-06-08T13:53:14.718+0000] {dag.py:2941} INFO - Sync 1 DAGs
[2026-06-08T13:53:14.775+0000] {logging_mixin.py:154} INFO - [2026-06-08T13:53:14.774+0000] {dag.py:3722} INFO - Setting next_dagrun for example_xcom to 2021-01-01T00:00:00+00:00, run_after=2021-01-01T00:00:00+00:00
[2026-06-08T13:53:14.862+0000] {processor.py:179} INFO - Processing /home/airflow/.local/lib/python3.10/site-packages/airflow/example_dags/example_xcom.py took 0.251 seconds
[2026-06-08T13:53:45.376+0000] {processor.py:157} INFO - Started process (PID=1679) to work on /home/airflow/.local/lib/python3.10/site-packages/airflow/example_dags/example_xcom.py
[2026-06-08T13:53:45.378+0000] {processor.py:829} INFO - Processing file /home/airflow/.local/lib/python3.10/site-packages/airflow/example_dags/example_xcom.py for tasks to queue
[2026-06-08T13:53:45.379+0000] {logging_mixin.py:154} INFO - [2026-06-08T13:53:45.378+0000] {dagbag.py:536} INFO - Filling up the DagBag from /home/airflow/.local/lib/python3.10/site-packages/airflow/example_dags/example_xcom.py
[2026-06-08T13:53:45.393+0000] {processor.py:839} INFO - DAG(s) dict_keys(['example_xcom']) retrieved from /home/airflow/.local/lib/python3.10/site-packages/airflow/example_dags/example_xcom.py
[2026-06-08T13:53:45.506+0000] {logging_mixin.py:154} INFO - [2026-06-08T13:53:45.506+0000] {dag.py:2941} INFO - Sync 1 DAGs
[2026-06-08T13:53:45.560+0000] {logging_mixin.py:154} INFO - [2026-06-08T13:53:45.560+0000] {dag.py:3722} INFO - Setting next_dagrun for example_xcom to 2021-01-01T00:00:00+00:00, run_after=2021-01-01T00:00:00+00:00
[2026-06-08T13:53:45.590+0000] {processor.py:179} INFO - Processing /home/airflow/.local/lib/python3.10/site-packages/airflow/example_dags/example_xcom.py took 0.219 seconds
[2026-06-08T13:54:16.127+0000] {processor.py:157} INFO - Started process (PID=1728) to work on /home/airflow/.local/lib/python3.10/site-packages/airflow/example_dags/example_xcom.py
[2026-06-08T13:54:16.130+0000] {processor.py:829} INFO - Processing file /home/airflow/.local/lib/python3.10/site-packages/airflow/example_dags/example_xcom.py for tasks to queue
[2026-06-08T13:54:16.131+0000] {logging_mixin.py:154} INFO - [2026-06-08T13:54:16.131+0000] {dagbag.py:536} INFO - Filling up the DagBag from /home/airflow/.local/lib/python3.10/site-packages/airflow/example_dags/example_xcom.py
[2026-06-08T13:54:16.152+0000] {processor.py:839} INFO - DAG(s) dict_keys(['example_xcom']) retrieved from /home/airflow/.local/lib/python3.10/site-packages/airflow/example_dags/example_xcom.py
[2026-06-08T13:54:16.218+0000] {logging_mixin.py:154} INFO - [2026-06-08T13:54:16.218+0000] {dag.py:2941} INFO - Sync 1 DAGs
[2026-06-08T13:54:16.276+0000] {logging_mixin.py:154} INFO - [2026-06-08T13:54:16.275+0000] {dag.py:3722} INFO - Setting next_dagrun for example_xcom to 2021-01-01T00:00:00+00:00, run_after=2021-01-01T00:00:00+00:00
[2026-06-08T13:54:16.330+0000] {processor.py:179} INFO - Processing /home/airflow/.local/lib/python3.10/site-packages/airflow/example_dags/example_xcom.py took 0.219 seconds
[2026-06-08T13:54:46.757+0000] {processor.py:157} INFO - Started process (PID=1777) to work on /home/airflow/.local/lib/python3.10/site-packages/airflow/example_dags/example_xcom.py
[2026-06-08T13:54:46.763+0000] {processor.py:829} INFO - Processing file /home/airflow/.local/lib/python3.10/site-packages/airflow/example_dags/example_xcom.py for tasks to queue
[2026-06-08T13:54:46.765+0000] {logging_mixin.py:154} INFO - [2026-06-08T13:54:46.764+0000] {dagbag.py:536} INFO - Filling up the DagBag from /home/airflow/.local/lib/python3.10/site-packages/airflow/example_dags/example_xcom.py
[2026-06-08T13:54:46.784+0000] {processor.py:839} INFO - DAG(s) dict_keys(['example_xcom']) retrieved from /home/airflow/.local/lib/python3.10/site-packages/airflow/example_dags/example_xcom.py
[2026-06-08T13:54:46.848+0000] {logging_mixin.py:154} INFO - [2026-06-08T13:54:46.847+0000] {dag.py:2941} INFO - Sync 1 DAGs
[2026-06-08T13:54:46.913+0000] {logging_mixin.py:154} INFO - [2026-06-08T13:54:46.913+0000] {dag.py:3722} INFO - Setting next_dagrun for example_xcom to 2021-01-01T00:00:00+00:00, run_after=2021-01-01T00:00:00+00:00
[2026-06-08T13:54:46.961+0000] {processor.py:179} INFO - Processing /home/airflow/.local/lib/python3.10/site-packages/airflow/example_dags/example_xcom.py took 0.219 seconds
[2026-06-08T13:55:17.193+0000] {processor.py:157} INFO - Started process (PID=1826) to work on /home/airflow/.local/lib/python3.10/site-packages/airflow/example_dags/example_xcom.py
[2026-06-08T13:55:17.194+0000] {processor.py:829} INFO - Processing file /home/airflow/.local/lib/python3.10/site-packages/airflow/example_dags/example_xcom.py for tasks to queue
[2026-06-08T13:55:17.195+0000] {logging_mixin.py:154} INFO - [2026-06-08T13:55:17.195+0000] {dagbag.py:536} INFO - Filling up the DagBag from /home/airflow/.local/lib/python3.10/site-packages/airflow/example_dags/example_xcom.py
[2026-06-08T13:55:17.208+0000] {processor.py:839} INFO - DAG(s) dict_keys(['example_xcom']) retrieved from /home/airflow/.local/lib/python3.10/site-packages/airflow/example_dags/example_xcom.py
[2026-06-08T13:55:17.240+0000] {logging_mixin.py:154} INFO - [2026-06-08T13:55:17.239+0000] {dag.py:2941} INFO - Sync 1 DAGs
[2026-06-08T13:55:17.271+0000] {logging_mixin.py:154} INFO - [2026-06-08T13:55:17.270+0000] {dag.py:3722} INFO - Setting next_dagrun for example_xcom to 2021-01-01T00:00:00+00:00, run_after=2021-01-01T00:00:00+00:00
[2026-06-08T13:55:17.293+0000] {processor.py:179} INFO - Processing /home/airflow/.local/lib/python3.10/site-packages/airflow/example_dags/example_xcom.py took 0.107 seconds
[2026-06-08T13:55:47.522+0000] {processor.py:157} INFO - Started process (PID=1875) to work on /home/airflow/.local/lib/python3.10/site-packages/airflow/example_dags/example_xcom.py
[2026-06-08T13:55:47.526+0000] {processor.py:829} INFO - Processing file /home/airflow/.local/lib/python3.10/site-packages/airflow/example_dags/example_xcom.py for tasks to queue
[2026-06-08T13:55:47.527+0000] {logging_mixin.py:154} INFO - [2026-06-08T13:55:47.527+0000] {dagbag.py:536} INFO - Filling up the DagBag from /home/airflow/.local/lib/python3.10/site-packages/airflow/example_dags/example_xcom.py
[2026-06-08T13:55:47.545+0000] {processor.py:839} INFO - DAG(s) dict_keys(['example_xcom']) retrieved from /home/airflow/.local/lib/python3.10/site-packages/airflow/example_dags/example_xcom.py
[2026-06-08T13:55:47.621+0000] {logging_mixin.py:154} INFO - [2026-06-08T13:55:47.620+0000] {dag.py:2941} INFO - Sync 1 DAGs
[2026-06-08T13:55:47.662+0000] {logging_mixin.py:154} INFO - [2026-06-08T13:55:47.662+0000] {dag.py:3722} INFO - Setting next_dagrun for example_xcom to 2021-01-01T00:00:00+00:00, run_after=2021-01-01T00:00:00+00:00
[2026-06-08T13:55:47.734+0000] {processor.py:179} INFO - Processing /home/airflow/.local/lib/python3.10/site-packages/airflow/example_dags/example_xcom.py took 0.225 seconds
[2026-06-08T13:56:17.823+0000] {processor.py:157} INFO - Started process (PID=1924) to work on /home/airflow/.local/lib/python3.10/site-packages/airflow/example_dags/example_xcom.py
[2026-06-08T13:56:17.824+0000] {processor.py:829} INFO - Processing file /home/airflow/.local/lib/python3.10/site-packages/airflow/example_dags/example_xcom.py for tasks to queue
[2026-06-08T13:56:17.825+0000] {logging_mixin.py:154} INFO - [2026-06-08T13:56:17.825+0000] {dagbag.py:536} INFO - Filling up the DagBag from /home/airflow/.local/lib/python3.10/site-packages/airflow/example_dags/example_xcom.py
[2026-06-08T13:56:17.837+0000] {processor.py:839} INFO - DAG(s) dict_keys(['example_xcom']) retrieved from /home/airflow/.local/lib/python3.10/site-packages/airflow/example_dags/example_xcom.py
[2026-06-08T13:56:17.884+0000] {logging_mixin.py:154} INFO - [2026-06-08T13:56:17.884+0000] {dag.py:2941} INFO - Sync 1 DAGs
[2026-06-08T13:56:17.915+0000] {logging_mixin.py:154} INFO - [2026-06-08T13:56:17.914+0000] {dag.py:3722} INFO - Setting next_dagrun for example_xcom to 2021-01-01T00:00:00+00:00, run_after=2021-01-01T00:00:00+00:00
[2026-06-08T13:56:17.938+0000] {processor.py:179} INFO - Processing /home/airflow/.local/lib/python3.10/site-packages/airflow/example_dags/example_xcom.py took 0.121 seconds
[2026-06-08T13:56:48.388+0000] {processor.py:157} INFO - Started process (PID=1973) to work on /home/airflow/.local/lib/python3.10/site-packages/airflow/example_dags/example_xcom.py
[2026-06-08T13:56:48.391+0000] {processor.py:829} INFO - Processing file /home/airflow/.local/lib/python3.10/site-packages/airflow/example_dags/example_xcom.py for tasks to queue
[2026-06-08T13:56:48.395+0000] {logging_mixin.py:154} INFO - [2026-06-08T13:56:48.394+0000] {dagbag.py:536} INFO - Filling up the DagBag from /home/airflow/.local/lib/python3.10/site-packages/airflow/example_dags/example_xcom.py
[2026-06-08T13:56:48.416+0000] {processor.py:839} INFO - DAG(s) dict_keys(['example_xcom']) retrieved from /home/airflow/.local/lib/python3.10/site-packages/airflow/example_dags/example_xcom.py
[2026-06-08T13:56:48.453+0000] {logging_mixin.py:154} INFO - [2026-06-08T13:56:48.452+0000] {dag.py:2941} INFO - Sync 1 DAGs
[2026-06-08T13:56:48.481+0000] {logging_mixin.py:154} INFO - [2026-06-08T13:56:48.481+0000] {dag.py:3722} INFO - Setting next_dagrun for example_xcom to 2021-01-01T00:00:00+00:00, run_after=2021-01-01T00:00:00+00:00
[2026-06-08T13:56:48.503+0000] {processor.py:179} INFO - Processing /home/airflow/.local/lib/python3.10/site-packages/airflow/example_dags/example_xcom.py took 0.120 seconds
[2026-06-08T13:57:18.953+0000] {processor.py:157} INFO - Started process (PID=2022) to work on /home/airflow/.local/lib/python3.10/site-packages/airflow/example_dags/example_xcom.py
[2026-06-08T13:57:18.966+0000] {processor.py:829} INFO - Processing file /home/airflow/.local/lib/python3.10/site-packages/airflow/example_dags/example_xcom.py for tasks to queue
[2026-06-08T13:57:18.967+0000] {logging_mixin.py:154} INFO - [2026-06-08T13:57:18.967+0000] {dagbag.py:536} INFO - Filling up the DagBag from /home/airflow/.local/lib/python3.10/site-packages/airflow/example_dags/example_xcom.py
[2026-06-08T13:57:18.995+0000] {processor.py:839} INFO - DAG(s) dict_keys(['example_xcom']) retrieved from /home/airflow/.local/lib/python3.10/site-packages/airflow/example_dags/example_xcom.py
[2026-06-08T13:57:19.072+0000] {logging_mixin.py:154} INFO - [2026-06-08T13:57:19.072+0000] {dag.py:2941} INFO - Sync 1 DAGs
[2026-06-08T13:57:19.166+0000] {logging_mixin.py:154} INFO - [2026-06-08T13:57:19.166+0000] {dag.py:3722} INFO - Setting next_dagrun for example_xcom to 2021-01-01T00:00:00+00:00, run_after=2021-01-01T00:00:00+00:00
[2026-06-08T13:57:19.210+0000] {processor.py:179} INFO - Processing /home/airflow/.local/lib/python3.10/site-packages/airflow/example_dags/example_xcom.py took 0.271 seconds
[2026-06-08T13:57:49.530+0000] {processor.py:157} INFO - Started process (PID=2071) to work on /home/airflow/.local/lib/python3.10/site-packages/airflow/example_dags/example_xcom.py
[2026-06-08T13:57:49.532+0000] {processor.py:829} INFO - Processing file /home/airflow/.local/lib/python3.10/site-packages/airflow/example_dags/example_xcom.py for tasks to queue
[2026-06-08T13:57:49.533+0000] {logging_mixin.py:154} INFO - [2026-06-08T13:57:49.533+0000] {dagbag.py:536} INFO - Filling up the DagBag from /home/airflow/.local/lib/python3.10/site-packages/airflow/example_dags/example_xcom.py
[2026-06-08T13:57:49.557+0000] {processor.py:839} INFO - DAG(s) dict_keys(['example_xcom']) retrieved from /home/airflow/.local/lib/python3.10/site-packages/airflow/example_dags/example_xcom.py
[2026-06-08T13:57:49.634+0000] {logging_mixin.py:154} INFO - [2026-06-08T13:57:49.633+0000] {dag.py:2941} INFO - Sync 1 DAGs
[2026-06-08T13:57:49.693+0000] {logging_mixin.py:154} INFO - [2026-06-08T13:57:49.692+0000] {dag.py:3722} INFO - Setting next_dagrun for example_xcom to 2021-01-01T00:00:00+00:00, run_after=2021-01-01T00:00:00+00:00
[2026-06-08T13:57:49.739+0000] {processor.py:179} INFO - Processing /home/airflow/.local/lib/python3.10/site-packages/airflow/example_dags/example_xcom.py took 0.231 seconds
[2026-06-08T13:58:19.880+0000] {processor.py:157} INFO - Started process (PID=2120) to work on /home/airflow/.local/lib/python3.10/site-packages/airflow/example_dags/example_xcom.py
[2026-06-08T13:58:19.883+0000] {processor.py:829} INFO - Processing file /home/airflow/.local/lib/python3.10/site-packages/airflow/example_dags/example_xcom.py for tasks to queue
[2026-06-08T13:58:19.885+0000] {logging_mixin.py:154} INFO - [2026-06-08T13:58:19.884+0000] {dagbag.py:536} INFO - Filling up the DagBag from /home/airflow/.local/lib/python3.10/site-packages/airflow/example_dags/example_xcom.py
[2026-06-08T13:58:19.897+0000] {processor.py:839} INFO - DAG(s) dict_keys(['example_xcom']) retrieved from /home/airflow/.local/lib/python3.10/site-packages/airflow/example_dags/example_xcom.py
[2026-06-08T13:58:19.947+0000] {logging_mixin.py:154} INFO - [2026-06-08T13:58:19.946+0000] {dag.py:2941} INFO - Sync 1 DAGs
[2026-06-08T13:58:19.983+0000] {logging_mixin.py:154} INFO - [2026-06-08T13:58:19.983+0000] {dag.py:3722} INFO - Setting next_dagrun for example_xcom to 2021-01-01T00:00:00+00:00, run_after=2021-01-01T00:00:00+00:00
[2026-06-08T13:58:20.016+0000] {processor.py:179} INFO - Processing /home/airflow/.local/lib/python3.10/site-packages/airflow/example_dags/example_xcom.py took 0.142 seconds
[2026-06-08T13:58:50.426+0000] {processor.py:157} INFO - Started process (PID=2169) to work on /home/airflow/.local/lib/python3.10/site-packages/airflow/example_dags/example_xcom.py
[2026-06-08T13:58:50.427+0000] {processor.py:829} INFO - Processing file /home/airflow/.local/lib/python3.10/site-packages/airflow/example_dags/example_xcom.py for tasks to queue
[2026-06-08T13:58:50.428+0000] {logging_mixin.py:154} INFO - [2026-06-08T13:58:50.428+0000] {dagbag.py:536} INFO - Filling up the DagBag from /home/airflow/.local/lib/python3.10/site-packages/airflow/example_dags/example_xcom.py
[2026-06-08T13:58:50.450+0000] {processor.py:839} INFO - DAG(s) dict_keys(['example_xcom']) retrieved from /home/airflow/.local/lib/python3.10/site-packages/airflow/example_dags/example_xcom.py
[2026-06-08T13:58:50.519+0000] {logging_mixin.py:154} INFO - [2026-06-08T13:58:50.519+0000] {dag.py:2941} INFO - Sync 1 DAGs
[2026-06-08T13:58:50.551+0000] {logging_mixin.py:154} INFO - [2026-06-08T13:58:50.551+0000] {dag.py:3722} INFO - Setting next_dagrun for example_xcom to 2021-01-01T00:00:00+00:00, run_after=2021-01-01T00:00:00+00:00
[2026-06-08T13:58:50.582+0000] {processor.py:179} INFO - Processing /home/airflow/.local/lib/python3.10/site-packages/airflow/example_dags/example_xcom.py took 0.161 seconds
[2026-06-08T13:59:21.197+0000] {processor.py:157} INFO - Started process (PID=2218) to work on /home/airflow/.local/lib/python3.10/site-packages/airflow/example_dags/example_xcom.py
[2026-06-08T13:59:21.234+0000] {processor.py:829} INFO - Processing file /home/airflow/.local/lib/python3.10/site-packages/airflow/example_dags/example_xcom.py for tasks to queue
[2026-06-08T13:59:21.235+0000] {logging_mixin.py:154} INFO - [2026-06-08T13:59:21.235+0000] {dagbag.py:536} INFO - Filling up the DagBag from /home/airflow/.local/lib/python3.10/site-packages/airflow/example_dags/example_xcom.py
[2026-06-08T13:59:21.273+0000] {processor.py:839} INFO - DAG(s) dict_keys(['example_xcom']) retrieved from /home/airflow/.local/lib/python3.10/site-packages/airflow/example_dags/example_xcom.py
[2026-06-08T13:59:21.417+0000] {logging_mixin.py:154} INFO - [2026-06-08T13:59:21.416+0000] {dag.py:2941} INFO - Sync 1 DAGs
[2026-06-08T13:59:21.506+0000] {logging_mixin.py:154} INFO - [2026-06-08T13:59:21.506+0000] {dag.py:3722} INFO - Setting next_dagrun for example_xcom to 2021-01-01T00:00:00+00:00, run_after=2021-01-01T00:00:00+00:00
[2026-06-08T13:59:21.584+0000] {processor.py:179} INFO - Processing /home/airflow/.local/lib/python3.10/site-packages/airflow/example_dags/example_xcom.py took 0.392 seconds
[2026-06-08T13:59:52.168+0000] {processor.py:157} INFO - Started process (PID=2267) to work on /home/airflow/.local/lib/python3.10/site-packages/airflow/example_dags/example_xcom.py
[2026-06-08T13:59:52.169+0000] {processor.py:829} INFO - Processing file /home/airflow/.local/lib/python3.10/site-packages/airflow/example_dags/example_xcom.py for tasks to queue
[2026-06-08T13:59:52.170+0000] {logging_mixin.py:154} INFO - [2026-06-08T13:59:52.170+0000] {dagbag.py:536} INFO - Filling up the DagBag from /home/airflow/.local/lib/python3.10/site-packages/airflow/example_dags/example_xcom.py
[2026-06-08T13:59:52.185+0000] {processor.py:839} INFO - DAG(s) dict_keys(['example_xcom']) retrieved from /home/airflow/.local/lib/python3.10/site-packages/airflow/example_dags/example_xcom.py
[2026-06-08T13:59:52.217+0000] {logging_mixin.py:154} INFO - [2026-06-08T13:59:52.217+0000] {dag.py:2941} INFO - Sync 1 DAGs
[2026-06-08T13:59:52.251+0000] {logging_mixin.py:154} INFO - [2026-06-08T13:59:52.250+0000] {dag.py:3722} INFO - Setting next_dagrun for example_xcom to 2021-01-01T00:00:00+00:00, run_after=2021-01-01T00:00:00+00:00
[2026-06-08T13:59:52.276+0000] {processor.py:179} INFO - Processing /home/airflow/.local/lib/python3.10/site-packages/airflow/example_dags/example_xcom.py took 0.114 seconds
[2026-06-08T14:00:23.205+0000] {processor.py:157} INFO - Started process (PID=2316) to work on /home/airflow/.local/lib/python3.10/site-packages/airflow/example_dags/example_xcom.py
[2026-06-08T14:00:23.206+0000] {processor.py:829} INFO - Processing file /home/airflow/.local/lib/python3.10/site-packages/airflow/example_dags/example_xcom.py for tasks to queue
[2026-06-08T14:00:23.207+0000] {logging_mixin.py:154} INFO - [2026-06-08T14:00:23.207+0000] {dagbag.py:536} INFO - Filling up the DagBag from /home/airflow/.local/lib/python3.10/site-packages/airflow/example_dags/example_xcom.py
[2026-06-08T14:00:23.221+0000] {processor.py:839} INFO - DAG(s) dict_keys(['example_xcom']) retrieved from /home/airflow/.local/lib/python3.10/site-packages/airflow/example_dags/example_xcom.py
[2026-06-08T14:00:23.252+0000] {logging_mixin.py:154} INFO - [2026-06-08T14:00:23.252+0000] {dag.py:2941} INFO - Sync 1 DAGs
[2026-06-08T14:00:23.292+0000] {logging_mixin.py:154} INFO - [2026-06-08T14:00:23.291+0000] {dag.py:3722} INFO - Setting next_dagrun for example_xcom to 2021-01-01T00:00:00+00:00, run_after=2021-01-01T00:00:00+00:00
[2026-06-08T14:00:23.362+0000] {processor.py:179} INFO - Processing /home/airflow/.local/lib/python3.10/site-packages/airflow/example_dags/example_xcom.py took 0.162 seconds
[2026-06-08T14:00:53.468+0000] {processor.py:157} INFO - Started process (PID=2365) to work on /home/airflow/.local/lib/python3.10/site-packages/airflow/example_dags/example_xcom.py
[2026-06-08T14:00:53.469+0000] {processor.py:829} INFO - Processing file /home/airflow/.local/lib/python3.10/site-packages/airflow/example_dags/example_xcom.py for tasks to queue
[2026-06-08T14:00:53.470+0000] {logging_mixin.py:154} INFO - [2026-06-08T14:00:53.470+0000] {dagbag.py:536} INFO - Filling up the DagBag from /home/airflow/.local/lib/python3.10/site-packages/airflow/example_dags/example_xcom.py
[2026-06-08T14:00:53.483+0000] {processor.py:839} INFO - DAG(s) dict_keys(['example_xcom']) retrieved from /home/airflow/.local/lib/python3.10/site-packages/airflow/example_dags/example_xcom.py
[2026-06-08T14:00:53.571+0000] {logging_mixin.py:154} INFO - [2026-06-08T14:00:53.565+0000] {dag.py:2941} INFO - Sync 1 DAGs
[2026-06-08T14:00:53.606+0000] {logging_mixin.py:154} INFO - [2026-06-08T14:00:53.605+0000] {dag.py:3722} INFO - Setting next_dagrun for example_xcom to 2021-01-01T00:00:00+00:00, run_after=2021-01-01T00:00:00+00:00
[2026-06-08T14:00:53.651+0000] {processor.py:179} INFO - Processing /home/airflow/.local/lib/python3.10/site-packages/airflow/example_dags/example_xcom.py took 0.188 seconds
[2026-06-08T14:01:24.197+0000] {processor.py:157} INFO - Started process (PID=2411) to work on /home/airflow/.local/lib/python3.10/site-packages/airflow/example_dags/example_xcom.py
[2026-06-08T14:01:24.200+0000] {processor.py:829} INFO - Processing file /home/airflow/.local/lib/python3.10/site-packages/airflow/example_dags/example_xcom.py for tasks to queue
[2026-06-08T14:01:24.201+0000] {logging_mixin.py:154} INFO - [2026-06-08T14:01:24.201+0000] {dagbag.py:536} INFO - Filling up the DagBag from /home/airflow/.local/lib/python3.10/site-packages/airflow/example_dags/example_xcom.py
[2026-06-08T14:01:24.213+0000] {processor.py:839} INFO - DAG(s) dict_keys(['example_xcom']) retrieved from /home/airflow/.local/lib/python3.10/site-packages/airflow/example_dags/example_xcom.py
[2026-06-08T14:01:24.240+0000] {logging_mixin.py:154} INFO - [2026-06-08T14:01:24.240+0000] {dag.py:2941} INFO - Sync 1 DAGs
[2026-06-08T14:01:24.273+0000] {logging_mixin.py:154} INFO - [2026-06-08T14:01:24.273+0000] {dag.py:3722} INFO - Setting next_dagrun for example_xcom to 2021-01-01T00:00:00+00:00, run_after=2021-01-01T00:00:00+00:00
[2026-06-08T14:01:24.296+0000] {processor.py:179} INFO - Processing /home/airflow/.local/lib/python3.10/site-packages/airflow/example_dags/example_xcom.py took 0.104 seconds
[2026-06-08T14:01:54.751+0000] {processor.py:157} INFO - Started process (PID=2459) to work on /home/airflow/.local/lib/python3.10/site-packages/airflow/example_dags/example_xcom.py
[2026-06-08T14:01:54.752+0000] {processor.py:829} INFO - Processing file /home/airflow/.local/lib/python3.10/site-packages/airflow/example_dags/example_xcom.py for tasks to queue
[2026-06-08T14:01:54.757+0000] {logging_mixin.py:154} INFO - [2026-06-08T14:01:54.756+0000] {dagbag.py:536} INFO - Filling up the DagBag from /home/airflow/.local/lib/python3.10/site-packages/airflow/example_dags/example_xcom.py
[2026-06-08T14:01:54.785+0000] {processor.py:839} INFO - DAG(s) dict_keys(['example_xcom']) retrieved from /home/airflow/.local/lib/python3.10/site-packages/airflow/example_dags/example_xcom.py
[2026-06-08T14:01:54.835+0000] {logging_mixin.py:154} INFO - [2026-06-08T14:01:54.835+0000] {dag.py:2941} INFO - Sync 1 DAGs
[2026-06-08T14:01:54.894+0000] {logging_mixin.py:154} INFO - [2026-06-08T14:01:54.894+0000] {dag.py:3722} INFO - Setting next_dagrun for example_xcom to 2021-01-01T00:00:00+00:00, run_after=2021-01-01T00:00:00+00:00
[2026-06-08T14:01:54.933+0000] {processor.py:179} INFO - Processing /home/airflow/.local/lib/python3.10/site-packages/airflow/example_dags/example_xcom.py took 0.191 seconds
[2026-06-08T14:02:25.030+0000] {processor.py:157} INFO - Started process (PID=2508) to work on /home/airflow/.local/lib/python3.10/site-packages/airflow/example_dags/example_xcom.py
[2026-06-08T14:02:25.032+0000] {processor.py:829} INFO - Processing file /home/airflow/.local/lib/python3.10/site-packages/airflow/example_dags/example_xcom.py for tasks to queue
[2026-06-08T14:02:25.034+0000] {logging_mixin.py:154} INFO - [2026-06-08T14:02:25.033+0000] {dagbag.py:536} INFO - Filling up the DagBag from /home/airflow/.local/lib/python3.10/site-packages/airflow/example_dags/example_xcom.py
[2026-06-08T14:02:25.055+0000] {processor.py:839} INFO - DAG(s) dict_keys(['example_xcom']) retrieved from /home/airflow/.local/lib/python3.10/site-packages/airflow/example_dags/example_xcom.py
[2026-06-08T14:02:25.103+0000] {logging_mixin.py:154} INFO - [2026-06-08T14:02:25.103+0000] {dag.py:2941} INFO - Sync 1 DAGs
[2026-06-08T14:02:25.133+0000] {logging_mixin.py:154} INFO - [2026-06-08T14:02:25.133+0000] {dag.py:3722} INFO - Setting next_dagrun for example_xcom to 2021-01-01T00:00:00+00:00, run_after=2021-01-01T00:00:00+00:00
[2026-06-08T14:02:25.155+0000] {processor.py:179} INFO - Processing /home/airflow/.local/lib/python3.10/site-packages/airflow/example_dags/example_xcom.py took 0.130 seconds
[2026-06-08T14:02:56.137+0000] {processor.py:157} INFO - Started process (PID=2557) to work on /home/airflow/.local/lib/python3.10/site-packages/airflow/example_dags/example_xcom.py
[2026-06-08T14:02:56.140+0000] {processor.py:829} INFO - Processing file /home/airflow/.local/lib/python3.10/site-packages/airflow/example_dags/example_xcom.py for tasks to queue
[2026-06-08T14:02:56.141+0000] {logging_mixin.py:154} INFO - [2026-06-08T14:02:56.140+0000] {dagbag.py:536} INFO - Filling up the DagBag from /home/airflow/.local/lib/python3.10/site-packages/airflow/example_dags/example_xcom.py
[2026-06-08T14:02:56.153+0000] {processor.py:839} INFO - DAG(s) dict_keys(['example_xcom']) retrieved from /home/airflow/.local/lib/python3.10/site-packages/airflow/example_dags/example_xcom.py
[2026-06-08T14:02:56.184+0000] {logging_mixin.py:154} INFO - [2026-06-08T14:02:56.183+0000] {dag.py:2941} INFO - Sync 1 DAGs
[2026-06-08T14:02:56.215+0000] {logging_mixin.py:154} INFO - [2026-06-08T14:02:56.215+0000] {dag.py:3722} INFO - Setting next_dagrun for example_xcom to 2021-01-01T00:00:00+00:00, run_after=2021-01-01T00:00:00+00:00
[2026-06-08T14:02:56.239+0000] {processor.py:179} INFO - Processing /home/airflow/.local/lib/python3.10/site-packages/airflow/example_dags/example_xcom.py took 0.106 seconds
[2026-06-08T14:03:26.388+0000] {processor.py:157} INFO - Started process (PID=2606) to work on /home/airflow/.local/lib/python3.10/site-packages/airflow/example_dags/example_xcom.py
[2026-06-08T14:03:26.393+0000] {processor.py:829} INFO - Processing file /home/airflow/.local/lib/python3.10/site-packages/airflow/example_dags/example_xcom.py for tasks to queue
[2026-06-08T14:03:26.402+0000] {logging_mixin.py:154} INFO - [2026-06-08T14:03:26.396+0000] {dagbag.py:536} INFO - Filling up the DagBag from /home/airflow/.local/lib/python3.10/site-packages/airflow/example_dags/example_xcom.py
[2026-06-08T14:03:26.451+0000] {processor.py:839} INFO - DAG(s) dict_keys(['example_xcom']) retrieved from /home/airflow/.local/lib/python3.10/site-packages/airflow/example_dags/example_xcom.py
[2026-06-08T14:03:26.632+0000] {logging_mixin.py:154} INFO - [2026-06-08T14:03:26.632+0000] {dag.py:2941} INFO - Sync 1 DAGs
[2026-06-08T14:03:26.697+0000] {logging_mixin.py:154} INFO - [2026-06-08T14:03:26.697+0000] {dag.py:3722} INFO - Setting next_dagrun for example_xcom to 2021-01-01T00:00:00+00:00, run_after=2021-01-01T00:00:00+00:00
[2026-06-08T14:03:26.774+0000] {processor.py:179} INFO - Processing /home/airflow/.local/lib/python3.10/site-packages/airflow/example_dags/example_xcom.py took 0.396 seconds
[2026-06-08T14:03:57.339+0000] {processor.py:157} INFO - Started process (PID=2655) to work on /home/airflow/.local/lib/python3.10/site-packages/airflow/example_dags/example_xcom.py
[2026-06-08T14:03:57.352+0000] {processor.py:829} INFO - Processing file /home/airflow/.local/lib/python3.10/site-packages/airflow/example_dags/example_xcom.py for tasks to queue
[2026-06-08T14:03:57.357+0000] {logging_mixin.py:154} INFO - [2026-06-08T14:03:57.357+0000] {dagbag.py:536} INFO - Filling up the DagBag from /home/airflow/.local/lib/python3.10/site-packages/airflow/example_dags/example_xcom.py
[2026-06-08T14:03:57.403+0000] {processor.py:839} INFO - DAG(s) dict_keys(['example_xcom']) retrieved from /home/airflow/.local/lib/python3.10/site-packages/airflow/example_dags/example_xcom.py
[2026-06-08T14:03:57.533+0000] {logging_mixin.py:154} INFO - [2026-06-08T14:03:57.533+0000] {dag.py:2941} INFO - Sync 1 DAGs
[2026-06-08T14:03:57.746+0000] {logging_mixin.py:154} INFO - [2026-06-08T14:03:57.744+0000] {dag.py:3722} INFO - Setting next_dagrun for example_xcom to 2021-01-01T00:00:00+00:00, run_after=2021-01-01T00:00:00+00:00
[2026-06-08T14:03:57.790+0000] {processor.py:179} INFO - Processing /home/airflow/.local/lib/python3.10/site-packages/airflow/example_dags/example_xcom.py took 0.490 seconds
