[2026-06-10T08:02:56.753+0000] {processor.py:157} INFO - Started process (PID=67) to work on /home/airflow/.local/lib/python3.10/site-packages/airflow/example_dags/example_external_task_marker_dag.py
[2026-06-10T08:02:56.754+0000] {processor.py:829} INFO - Processing file /home/airflow/.local/lib/python3.10/site-packages/airflow/example_dags/example_external_task_marker_dag.py for tasks to queue
[2026-06-10T08:02:56.790+0000] {logging_mixin.py:154} INFO - [2026-06-10T08:02:56.790+0000] {dagbag.py:536} INFO - Filling up the DagBag from /home/airflow/.local/lib/python3.10/site-packages/airflow/example_dags/example_external_task_marker_dag.py
[2026-06-10T08:02:56.839+0000] {processor.py:839} INFO - DAG(s) dict_keys(['example_external_task_marker_parent', 'example_external_task_marker_child']) retrieved from /home/airflow/.local/lib/python3.10/site-packages/airflow/example_dags/example_external_task_marker_dag.py
[2026-06-10T08:02:56.926+0000] {logging_mixin.py:154} INFO - [2026-06-10T08:02:56.924+0000] {dag.py:2941} INFO - Sync 2 DAGs
[2026-06-10T08:02:56.986+0000] {logging_mixin.py:154} INFO - [2026-06-10T08:02:56.985+0000] {dag.py:3722} INFO - Setting next_dagrun for example_external_task_marker_child to None, run_after=None
[2026-06-10T08:02:57.015+0000] {logging_mixin.py:154} INFO - [2026-06-10T08:02:57.015+0000] {dag.py:3722} INFO - Setting next_dagrun for example_external_task_marker_parent to None, run_after=None
[2026-06-10T08:02:57.098+0000] {processor.py:179} INFO - Processing /home/airflow/.local/lib/python3.10/site-packages/airflow/example_dags/example_external_task_marker_dag.py took 0.374 seconds
[2026-06-10T08:03:31.663+0000] {processor.py:157} INFO - Started process (PID=118) to work on /home/airflow/.local/lib/python3.10/site-packages/airflow/example_dags/example_external_task_marker_dag.py
[2026-06-10T08:03:31.675+0000] {processor.py:829} INFO - Processing file /home/airflow/.local/lib/python3.10/site-packages/airflow/example_dags/example_external_task_marker_dag.py for tasks to queue
[2026-06-10T08:03:31.711+0000] {logging_mixin.py:154} INFO - [2026-06-10T08:03:31.710+0000] {dagbag.py:536} INFO - Filling up the DagBag from /home/airflow/.local/lib/python3.10/site-packages/airflow/example_dags/example_external_task_marker_dag.py
[2026-06-10T08:03:31.825+0000] {processor.py:839} INFO - DAG(s) dict_keys(['example_external_task_marker_parent', 'example_external_task_marker_child']) retrieved from /home/airflow/.local/lib/python3.10/site-packages/airflow/example_dags/example_external_task_marker_dag.py
[2026-06-10T08:03:32.222+0000] {logging_mixin.py:154} INFO - [2026-06-10T08:03:32.222+0000] {dag.py:2941} INFO - Sync 2 DAGs
[2026-06-10T08:03:32.456+0000] {logging_mixin.py:154} INFO - [2026-06-10T08:03:32.455+0000] {dag.py:3722} INFO - Setting next_dagrun for example_external_task_marker_child to None, run_after=None
[2026-06-10T08:03:32.485+0000] {logging_mixin.py:154} INFO - [2026-06-10T08:03:32.480+0000] {dag.py:3722} INFO - Setting next_dagrun for example_external_task_marker_parent to None, run_after=None
[2026-06-10T08:03:32.907+0000] {processor.py:179} INFO - Processing /home/airflow/.local/lib/python3.10/site-packages/airflow/example_dags/example_external_task_marker_dag.py took 1.290 seconds
[2026-06-10T08:04:03.550+0000] {processor.py:157} INFO - Started process (PID=169) to work on /home/airflow/.local/lib/python3.10/site-packages/airflow/example_dags/example_external_task_marker_dag.py
[2026-06-10T08:04:03.551+0000] {processor.py:829} INFO - Processing file /home/airflow/.local/lib/python3.10/site-packages/airflow/example_dags/example_external_task_marker_dag.py for tasks to queue
[2026-06-10T08:04:03.591+0000] {logging_mixin.py:154} INFO - [2026-06-10T08:04:03.591+0000] {dagbag.py:536} INFO - Filling up the DagBag from /home/airflow/.local/lib/python3.10/site-packages/airflow/example_dags/example_external_task_marker_dag.py
[2026-06-10T08:04:03.609+0000] {processor.py:839} INFO - DAG(s) dict_keys(['example_external_task_marker_parent', 'example_external_task_marker_child']) retrieved from /home/airflow/.local/lib/python3.10/site-packages/airflow/example_dags/example_external_task_marker_dag.py
[2026-06-10T08:04:03.817+0000] {logging_mixin.py:154} INFO - [2026-06-10T08:04:03.817+0000] {dag.py:2941} INFO - Sync 2 DAGs
[2026-06-10T08:04:03.922+0000] {logging_mixin.py:154} INFO - [2026-06-10T08:04:03.922+0000] {dag.py:3722} INFO - Setting next_dagrun for example_external_task_marker_child to None, run_after=None
[2026-06-10T08:04:03.963+0000] {logging_mixin.py:154} INFO - [2026-06-10T08:04:03.963+0000] {dag.py:3722} INFO - Setting next_dagrun for example_external_task_marker_parent to None, run_after=None
[2026-06-10T08:04:04.108+0000] {processor.py:179} INFO - Processing /home/airflow/.local/lib/python3.10/site-packages/airflow/example_dags/example_external_task_marker_dag.py took 0.589 seconds
[2026-06-10T08:04:35.082+0000] {processor.py:157} INFO - Started process (PID=220) to work on /home/airflow/.local/lib/python3.10/site-packages/airflow/example_dags/example_external_task_marker_dag.py
[2026-06-10T08:04:35.084+0000] {processor.py:829} INFO - Processing file /home/airflow/.local/lib/python3.10/site-packages/airflow/example_dags/example_external_task_marker_dag.py for tasks to queue
[2026-06-10T08:04:35.087+0000] {logging_mixin.py:154} INFO - [2026-06-10T08:04:35.086+0000] {dagbag.py:536} INFO - Filling up the DagBag from /home/airflow/.local/lib/python3.10/site-packages/airflow/example_dags/example_external_task_marker_dag.py
[2026-06-10T08:04:35.095+0000] {processor.py:839} INFO - DAG(s) dict_keys(['example_external_task_marker_child', 'example_external_task_marker_parent']) retrieved from /home/airflow/.local/lib/python3.10/site-packages/airflow/example_dags/example_external_task_marker_dag.py
[2026-06-10T08:04:35.128+0000] {logging_mixin.py:154} INFO - [2026-06-10T08:04:35.127+0000] {dag.py:2941} INFO - Sync 2 DAGs
[2026-06-10T08:04:35.146+0000] {logging_mixin.py:154} INFO - [2026-06-10T08:04:35.146+0000] {dag.py:3722} INFO - Setting next_dagrun for example_external_task_marker_child to None, run_after=None
[2026-06-10T08:04:35.151+0000] {logging_mixin.py:154} INFO - [2026-06-10T08:04:35.150+0000] {dag.py:3722} INFO - Setting next_dagrun for example_external_task_marker_parent to None, run_after=None
[2026-06-10T08:04:35.173+0000] {processor.py:179} INFO - Processing /home/airflow/.local/lib/python3.10/site-packages/airflow/example_dags/example_external_task_marker_dag.py took 0.095 seconds
[2026-06-10T08:05:05.362+0000] {processor.py:157} INFO - Started process (PID=271) to work on /home/airflow/.local/lib/python3.10/site-packages/airflow/example_dags/example_external_task_marker_dag.py
[2026-06-10T08:05:05.365+0000] {processor.py:829} INFO - Processing file /home/airflow/.local/lib/python3.10/site-packages/airflow/example_dags/example_external_task_marker_dag.py for tasks to queue
[2026-06-10T08:05:05.368+0000] {logging_mixin.py:154} INFO - [2026-06-10T08:05:05.368+0000] {dagbag.py:536} INFO - Filling up the DagBag from /home/airflow/.local/lib/python3.10/site-packages/airflow/example_dags/example_external_task_marker_dag.py
[2026-06-10T08:05:05.376+0000] {processor.py:839} INFO - DAG(s) dict_keys(['example_external_task_marker_child', 'example_external_task_marker_parent']) retrieved from /home/airflow/.local/lib/python3.10/site-packages/airflow/example_dags/example_external_task_marker_dag.py
[2026-06-10T08:05:05.429+0000] {logging_mixin.py:154} INFO - [2026-06-10T08:05:05.421+0000] {dag.py:2941} INFO - Sync 2 DAGs
[2026-06-10T08:05:05.485+0000] {logging_mixin.py:154} INFO - [2026-06-10T08:05:05.485+0000] {dag.py:3722} INFO - Setting next_dagrun for example_external_task_marker_child to None, run_after=None
[2026-06-10T08:05:05.493+0000] {logging_mixin.py:154} INFO - [2026-06-10T08:05:05.493+0000] {dag.py:3722} INFO - Setting next_dagrun for example_external_task_marker_parent to None, run_after=None
[2026-06-10T08:05:05.557+0000] {processor.py:179} INFO - Processing /home/airflow/.local/lib/python3.10/site-packages/airflow/example_dags/example_external_task_marker_dag.py took 0.200 seconds
[2026-06-10T08:05:35.663+0000] {processor.py:157} INFO - Started process (PID=322) to work on /home/airflow/.local/lib/python3.10/site-packages/airflow/example_dags/example_external_task_marker_dag.py
[2026-06-10T08:05:35.664+0000] {processor.py:829} INFO - Processing file /home/airflow/.local/lib/python3.10/site-packages/airflow/example_dags/example_external_task_marker_dag.py for tasks to queue
[2026-06-10T08:05:35.667+0000] {logging_mixin.py:154} INFO - [2026-06-10T08:05:35.667+0000] {dagbag.py:536} INFO - Filling up the DagBag from /home/airflow/.local/lib/python3.10/site-packages/airflow/example_dags/example_external_task_marker_dag.py
[2026-06-10T08:05:35.677+0000] {processor.py:839} INFO - DAG(s) dict_keys(['example_external_task_marker_child', 'example_external_task_marker_parent']) retrieved from /home/airflow/.local/lib/python3.10/site-packages/airflow/example_dags/example_external_task_marker_dag.py
[2026-06-10T08:05:35.711+0000] {logging_mixin.py:154} INFO - [2026-06-10T08:05:35.710+0000] {dag.py:2941} INFO - Sync 2 DAGs
[2026-06-10T08:05:35.730+0000] {logging_mixin.py:154} INFO - [2026-06-10T08:05:35.729+0000] {dag.py:3722} INFO - Setting next_dagrun for example_external_task_marker_child to None, run_after=None
[2026-06-10T08:05:35.734+0000] {logging_mixin.py:154} INFO - [2026-06-10T08:05:35.734+0000] {dag.py:3722} INFO - Setting next_dagrun for example_external_task_marker_parent to None, run_after=None
[2026-06-10T08:05:35.767+0000] {processor.py:179} INFO - Processing /home/airflow/.local/lib/python3.10/site-packages/airflow/example_dags/example_external_task_marker_dag.py took 0.108 seconds
[2026-06-10T08:06:07.884+0000] {processor.py:157} INFO - Started process (PID=373) to work on /home/airflow/.local/lib/python3.10/site-packages/airflow/example_dags/example_external_task_marker_dag.py
[2026-06-10T08:06:07.899+0000] {processor.py:829} INFO - Processing file /home/airflow/.local/lib/python3.10/site-packages/airflow/example_dags/example_external_task_marker_dag.py for tasks to queue
[2026-06-10T08:06:07.902+0000] {logging_mixin.py:154} INFO - [2026-06-10T08:06:07.901+0000] {dagbag.py:536} INFO - Filling up the DagBag from /home/airflow/.local/lib/python3.10/site-packages/airflow/example_dags/example_external_task_marker_dag.py
[2026-06-10T08:06:07.935+0000] {processor.py:839} INFO - DAG(s) dict_keys(['example_external_task_marker_child', 'example_external_task_marker_parent']) retrieved from /home/airflow/.local/lib/python3.10/site-packages/airflow/example_dags/example_external_task_marker_dag.py
[2026-06-10T08:06:07.990+0000] {logging_mixin.py:154} INFO - [2026-06-10T08:06:07.989+0000] {dag.py:2941} INFO - Sync 2 DAGs
[2026-06-10T08:06:08.007+0000] {logging_mixin.py:154} INFO - [2026-06-10T08:06:08.007+0000] {dag.py:3722} INFO - Setting next_dagrun for example_external_task_marker_child to None, run_after=None
[2026-06-10T08:06:08.011+0000] {logging_mixin.py:154} INFO - [2026-06-10T08:06:08.011+0000] {dag.py:3722} INFO - Setting next_dagrun for example_external_task_marker_parent to None, run_after=None
[2026-06-10T08:06:08.046+0000] {processor.py:179} INFO - Processing /home/airflow/.local/lib/python3.10/site-packages/airflow/example_dags/example_external_task_marker_dag.py took 0.171 seconds
[2026-06-10T08:06:40.503+0000] {processor.py:157} INFO - Started process (PID=424) to work on /home/airflow/.local/lib/python3.10/site-packages/airflow/example_dags/example_external_task_marker_dag.py
[2026-06-10T08:06:40.504+0000] {processor.py:829} INFO - Processing file /home/airflow/.local/lib/python3.10/site-packages/airflow/example_dags/example_external_task_marker_dag.py for tasks to queue
[2026-06-10T08:06:40.512+0000] {logging_mixin.py:154} INFO - [2026-06-10T08:06:40.511+0000] {dagbag.py:536} INFO - Filling up the DagBag from /home/airflow/.local/lib/python3.10/site-packages/airflow/example_dags/example_external_task_marker_dag.py
[2026-06-10T08:06:40.545+0000] {processor.py:839} INFO - DAG(s) dict_keys(['example_external_task_marker_child', 'example_external_task_marker_parent']) retrieved from /home/airflow/.local/lib/python3.10/site-packages/airflow/example_dags/example_external_task_marker_dag.py
[2026-06-10T08:06:40.672+0000] {logging_mixin.py:154} INFO - [2026-06-10T08:06:40.671+0000] {dag.py:2941} INFO - Sync 2 DAGs
[2026-06-10T08:06:40.750+0000] {logging_mixin.py:154} INFO - [2026-06-10T08:06:40.750+0000] {dag.py:3722} INFO - Setting next_dagrun for example_external_task_marker_child to None, run_after=None
[2026-06-10T08:06:40.775+0000] {logging_mixin.py:154} INFO - [2026-06-10T08:06:40.774+0000] {dag.py:3722} INFO - Setting next_dagrun for example_external_task_marker_parent to None, run_after=None
[2026-06-10T08:06:40.855+0000] {processor.py:179} INFO - Processing /home/airflow/.local/lib/python3.10/site-packages/airflow/example_dags/example_external_task_marker_dag.py took 0.385 seconds
[2026-06-10T08:07:10.950+0000] {processor.py:157} INFO - Started process (PID=474) to work on /home/airflow/.local/lib/python3.10/site-packages/airflow/example_dags/example_external_task_marker_dag.py
[2026-06-10T08:07:10.952+0000] {processor.py:829} INFO - Processing file /home/airflow/.local/lib/python3.10/site-packages/airflow/example_dags/example_external_task_marker_dag.py for tasks to queue
[2026-06-10T08:07:10.954+0000] {logging_mixin.py:154} INFO - [2026-06-10T08:07:10.953+0000] {dagbag.py:536} INFO - Filling up the DagBag from /home/airflow/.local/lib/python3.10/site-packages/airflow/example_dags/example_external_task_marker_dag.py
[2026-06-10T08:07:10.960+0000] {processor.py:839} INFO - DAG(s) dict_keys(['example_external_task_marker_parent', 'example_external_task_marker_child']) retrieved from /home/airflow/.local/lib/python3.10/site-packages/airflow/example_dags/example_external_task_marker_dag.py
[2026-06-10T08:07:10.984+0000] {logging_mixin.py:154} INFO - [2026-06-10T08:07:10.984+0000] {dag.py:2941} INFO - Sync 2 DAGs
[2026-06-10T08:07:10.998+0000] {logging_mixin.py:154} INFO - [2026-06-10T08:07:10.998+0000] {dag.py:3722} INFO - Setting next_dagrun for example_external_task_marker_child to None, run_after=None
[2026-06-10T08:07:11.004+0000] {logging_mixin.py:154} INFO - [2026-06-10T08:07:11.003+0000] {dag.py:3722} INFO - Setting next_dagrun for example_external_task_marker_parent to None, run_after=None
[2026-06-10T08:07:11.024+0000] {processor.py:179} INFO - Processing /home/airflow/.local/lib/python3.10/site-packages/airflow/example_dags/example_external_task_marker_dag.py took 0.077 seconds
[2026-06-10T08:07:42.065+0000] {processor.py:157} INFO - Started process (PID=526) to work on /home/airflow/.local/lib/python3.10/site-packages/airflow/example_dags/example_external_task_marker_dag.py
[2026-06-10T08:07:42.066+0000] {processor.py:829} INFO - Processing file /home/airflow/.local/lib/python3.10/site-packages/airflow/example_dags/example_external_task_marker_dag.py for tasks to queue
[2026-06-10T08:07:42.069+0000] {logging_mixin.py:154} INFO - [2026-06-10T08:07:42.068+0000] {dagbag.py:536} INFO - Filling up the DagBag from /home/airflow/.local/lib/python3.10/site-packages/airflow/example_dags/example_external_task_marker_dag.py
[2026-06-10T08:07:42.084+0000] {processor.py:839} INFO - DAG(s) dict_keys(['example_external_task_marker_parent', 'example_external_task_marker_child']) retrieved from /home/airflow/.local/lib/python3.10/site-packages/airflow/example_dags/example_external_task_marker_dag.py
[2026-06-10T08:07:42.159+0000] {logging_mixin.py:154} INFO - [2026-06-10T08:07:42.159+0000] {dag.py:2941} INFO - Sync 2 DAGs
[2026-06-10T08:07:42.190+0000] {logging_mixin.py:154} INFO - [2026-06-10T08:07:42.189+0000] {dag.py:3722} INFO - Setting next_dagrun for example_external_task_marker_child to None, run_after=None
[2026-06-10T08:07:42.198+0000] {logging_mixin.py:154} INFO - [2026-06-10T08:07:42.198+0000] {dag.py:3722} INFO - Setting next_dagrun for example_external_task_marker_parent to None, run_after=None
[2026-06-10T08:07:42.238+0000] {processor.py:179} INFO - Processing /home/airflow/.local/lib/python3.10/site-packages/airflow/example_dags/example_external_task_marker_dag.py took 0.190 seconds
[2026-06-10T08:08:12.458+0000] {processor.py:157} INFO - Started process (PID=577) to work on /home/airflow/.local/lib/python3.10/site-packages/airflow/example_dags/example_external_task_marker_dag.py
[2026-06-10T08:08:12.459+0000] {processor.py:829} INFO - Processing file /home/airflow/.local/lib/python3.10/site-packages/airflow/example_dags/example_external_task_marker_dag.py for tasks to queue
[2026-06-10T08:08:12.462+0000] {logging_mixin.py:154} INFO - [2026-06-10T08:08:12.462+0000] {dagbag.py:536} INFO - Filling up the DagBag from /home/airflow/.local/lib/python3.10/site-packages/airflow/example_dags/example_external_task_marker_dag.py
[2026-06-10T08:08:12.471+0000] {processor.py:839} INFO - DAG(s) dict_keys(['example_external_task_marker_child', 'example_external_task_marker_parent']) retrieved from /home/airflow/.local/lib/python3.10/site-packages/airflow/example_dags/example_external_task_marker_dag.py
[2026-06-10T08:08:12.507+0000] {logging_mixin.py:154} INFO - [2026-06-10T08:08:12.506+0000] {dag.py:2941} INFO - Sync 2 DAGs
[2026-06-10T08:08:12.526+0000] {logging_mixin.py:154} INFO - [2026-06-10T08:08:12.525+0000] {dag.py:3722} INFO - Setting next_dagrun for example_external_task_marker_child to None, run_after=None
[2026-06-10T08:08:12.531+0000] {logging_mixin.py:154} INFO - [2026-06-10T08:08:12.531+0000] {dag.py:3722} INFO - Setting next_dagrun for example_external_task_marker_parent to None, run_after=None
[2026-06-10T08:08:12.551+0000] {processor.py:179} INFO - Processing /home/airflow/.local/lib/python3.10/site-packages/airflow/example_dags/example_external_task_marker_dag.py took 0.098 seconds
[2026-06-10T08:08:43.365+0000] {processor.py:157} INFO - Started process (PID=628) to work on /home/airflow/.local/lib/python3.10/site-packages/airflow/example_dags/example_external_task_marker_dag.py
[2026-06-10T08:08:43.366+0000] {processor.py:829} INFO - Processing file /home/airflow/.local/lib/python3.10/site-packages/airflow/example_dags/example_external_task_marker_dag.py for tasks to queue
[2026-06-10T08:08:43.368+0000] {logging_mixin.py:154} INFO - [2026-06-10T08:08:43.368+0000] {dagbag.py:536} INFO - Filling up the DagBag from /home/airflow/.local/lib/python3.10/site-packages/airflow/example_dags/example_external_task_marker_dag.py
[2026-06-10T08:08:43.374+0000] {processor.py:839} INFO - DAG(s) dict_keys(['example_external_task_marker_parent', 'example_external_task_marker_child']) retrieved from /home/airflow/.local/lib/python3.10/site-packages/airflow/example_dags/example_external_task_marker_dag.py
[2026-06-10T08:08:43.400+0000] {logging_mixin.py:154} INFO - [2026-06-10T08:08:43.400+0000] {dag.py:2941} INFO - Sync 2 DAGs
[2026-06-10T08:08:43.414+0000] {logging_mixin.py:154} INFO - [2026-06-10T08:08:43.414+0000] {dag.py:3722} INFO - Setting next_dagrun for example_external_task_marker_child to None, run_after=None
[2026-06-10T08:08:43.418+0000] {logging_mixin.py:154} INFO - [2026-06-10T08:08:43.417+0000] {dag.py:3722} INFO - Setting next_dagrun for example_external_task_marker_parent to None, run_after=None
[2026-06-10T08:08:43.435+0000] {processor.py:179} INFO - Processing /home/airflow/.local/lib/python3.10/site-packages/airflow/example_dags/example_external_task_marker_dag.py took 0.074 seconds
[2026-06-10T08:09:16.733+0000] {processor.py:157} INFO - Started process (PID=679) to work on /home/airflow/.local/lib/python3.10/site-packages/airflow/example_dags/example_external_task_marker_dag.py
[2026-06-10T08:09:16.745+0000] {processor.py:829} INFO - Processing file /home/airflow/.local/lib/python3.10/site-packages/airflow/example_dags/example_external_task_marker_dag.py for tasks to queue
[2026-06-10T08:09:16.749+0000] {logging_mixin.py:154} INFO - [2026-06-10T08:09:16.748+0000] {dagbag.py:536} INFO - Filling up the DagBag from /home/airflow/.local/lib/python3.10/site-packages/airflow/example_dags/example_external_task_marker_dag.py
[2026-06-10T08:09:16.770+0000] {processor.py:839} INFO - DAG(s) dict_keys(['example_external_task_marker_parent', 'example_external_task_marker_child']) retrieved from /home/airflow/.local/lib/python3.10/site-packages/airflow/example_dags/example_external_task_marker_dag.py
[2026-06-10T08:09:16.820+0000] {logging_mixin.py:154} INFO - [2026-06-10T08:09:16.820+0000] {dag.py:2941} INFO - Sync 2 DAGs
[2026-06-10T08:09:16.841+0000] {logging_mixin.py:154} INFO - [2026-06-10T08:09:16.841+0000] {dag.py:3722} INFO - Setting next_dagrun for example_external_task_marker_child to None, run_after=None
[2026-06-10T08:09:16.847+0000] {logging_mixin.py:154} INFO - [2026-06-10T08:09:16.846+0000] {dag.py:3722} INFO - Setting next_dagrun for example_external_task_marker_parent to None, run_after=None
[2026-06-10T08:09:16.880+0000] {processor.py:179} INFO - Processing /home/airflow/.local/lib/python3.10/site-packages/airflow/example_dags/example_external_task_marker_dag.py took 0.183 seconds
[2026-06-10T08:09:48.744+0000] {processor.py:157} INFO - Started process (PID=730) to work on /home/airflow/.local/lib/python3.10/site-packages/airflow/example_dags/example_external_task_marker_dag.py
[2026-06-10T08:09:48.755+0000] {processor.py:829} INFO - Processing file /home/airflow/.local/lib/python3.10/site-packages/airflow/example_dags/example_external_task_marker_dag.py for tasks to queue
[2026-06-10T08:09:48.767+0000] {logging_mixin.py:154} INFO - [2026-06-10T08:09:48.767+0000] {dagbag.py:536} INFO - Filling up the DagBag from /home/airflow/.local/lib/python3.10/site-packages/airflow/example_dags/example_external_task_marker_dag.py
[2026-06-10T08:09:48.777+0000] {processor.py:839} INFO - DAG(s) dict_keys(['example_external_task_marker_child', 'example_external_task_marker_parent']) retrieved from /home/airflow/.local/lib/python3.10/site-packages/airflow/example_dags/example_external_task_marker_dag.py
[2026-06-10T08:09:48.859+0000] {logging_mixin.py:154} INFO - [2026-06-10T08:09:48.859+0000] {dag.py:2941} INFO - Sync 2 DAGs
[2026-06-10T08:09:48.894+0000] {logging_mixin.py:154} INFO - [2026-06-10T08:09:48.893+0000] {dag.py:3722} INFO - Setting next_dagrun for example_external_task_marker_child to None, run_after=None
[2026-06-10T08:09:48.924+0000] {logging_mixin.py:154} INFO - [2026-06-10T08:09:48.923+0000] {dag.py:3722} INFO - Setting next_dagrun for example_external_task_marker_parent to None, run_after=None
[2026-06-10T08:09:48.983+0000] {processor.py:179} INFO - Processing /home/airflow/.local/lib/python3.10/site-packages/airflow/example_dags/example_external_task_marker_dag.py took 0.254 seconds
[2026-06-10T08:10:19.322+0000] {processor.py:157} INFO - Started process (PID=781) to work on /home/airflow/.local/lib/python3.10/site-packages/airflow/example_dags/example_external_task_marker_dag.py
[2026-06-10T08:10:19.327+0000] {processor.py:829} INFO - Processing file /home/airflow/.local/lib/python3.10/site-packages/airflow/example_dags/example_external_task_marker_dag.py for tasks to queue
[2026-06-10T08:10:19.332+0000] {logging_mixin.py:154} INFO - [2026-06-10T08:10:19.331+0000] {dagbag.py:536} INFO - Filling up the DagBag from /home/airflow/.local/lib/python3.10/site-packages/airflow/example_dags/example_external_task_marker_dag.py
[2026-06-10T08:10:19.368+0000] {processor.py:839} INFO - DAG(s) dict_keys(['example_external_task_marker_parent', 'example_external_task_marker_child']) retrieved from /home/airflow/.local/lib/python3.10/site-packages/airflow/example_dags/example_external_task_marker_dag.py
[2026-06-10T08:10:19.451+0000] {logging_mixin.py:154} INFO - [2026-06-10T08:10:19.451+0000] {dag.py:2941} INFO - Sync 2 DAGs
[2026-06-10T08:10:19.502+0000] {logging_mixin.py:154} INFO - [2026-06-10T08:10:19.501+0000] {dag.py:3722} INFO - Setting next_dagrun for example_external_task_marker_child to None, run_after=None
[2026-06-10T08:10:19.528+0000] {logging_mixin.py:154} INFO - [2026-06-10T08:10:19.527+0000] {dag.py:3722} INFO - Setting next_dagrun for example_external_task_marker_parent to None, run_after=None
[2026-06-10T08:10:19.624+0000] {processor.py:179} INFO - Processing /home/airflow/.local/lib/python3.10/site-packages/airflow/example_dags/example_external_task_marker_dag.py took 0.317 seconds
[2026-06-10T08:10:49.876+0000] {processor.py:157} INFO - Started process (PID=832) to work on /home/airflow/.local/lib/python3.10/site-packages/airflow/example_dags/example_external_task_marker_dag.py
[2026-06-10T08:10:49.877+0000] {processor.py:829} INFO - Processing file /home/airflow/.local/lib/python3.10/site-packages/airflow/example_dags/example_external_task_marker_dag.py for tasks to queue
[2026-06-10T08:10:49.880+0000] {logging_mixin.py:154} INFO - [2026-06-10T08:10:49.879+0000] {dagbag.py:536} INFO - Filling up the DagBag from /home/airflow/.local/lib/python3.10/site-packages/airflow/example_dags/example_external_task_marker_dag.py
[2026-06-10T08:10:49.888+0000] {processor.py:839} INFO - DAG(s) dict_keys(['example_external_task_marker_child', 'example_external_task_marker_parent']) retrieved from /home/airflow/.local/lib/python3.10/site-packages/airflow/example_dags/example_external_task_marker_dag.py
[2026-06-10T08:10:49.922+0000] {logging_mixin.py:154} INFO - [2026-06-10T08:10:49.922+0000] {dag.py:2941} INFO - Sync 2 DAGs
[2026-06-10T08:10:49.940+0000] {logging_mixin.py:154} INFO - [2026-06-10T08:10:49.940+0000] {dag.py:3722} INFO - Setting next_dagrun for example_external_task_marker_child to None, run_after=None
[2026-06-10T08:10:49.946+0000] {logging_mixin.py:154} INFO - [2026-06-10T08:10:49.946+0000] {dag.py:3722} INFO - Setting next_dagrun for example_external_task_marker_parent to None, run_after=None
[2026-06-10T08:10:49.968+0000] {processor.py:179} INFO - Processing /home/airflow/.local/lib/python3.10/site-packages/airflow/example_dags/example_external_task_marker_dag.py took 0.097 seconds
[2026-06-10T08:11:20.695+0000] {processor.py:157} INFO - Started process (PID=883) to work on /home/airflow/.local/lib/python3.10/site-packages/airflow/example_dags/example_external_task_marker_dag.py
[2026-06-10T08:11:20.697+0000] {processor.py:829} INFO - Processing file /home/airflow/.local/lib/python3.10/site-packages/airflow/example_dags/example_external_task_marker_dag.py for tasks to queue
[2026-06-10T08:11:20.699+0000] {logging_mixin.py:154} INFO - [2026-06-10T08:11:20.699+0000] {dagbag.py:536} INFO - Filling up the DagBag from /home/airflow/.local/lib/python3.10/site-packages/airflow/example_dags/example_external_task_marker_dag.py
[2026-06-10T08:11:20.709+0000] {processor.py:839} INFO - DAG(s) dict_keys(['example_external_task_marker_child', 'example_external_task_marker_parent']) retrieved from /home/airflow/.local/lib/python3.10/site-packages/airflow/example_dags/example_external_task_marker_dag.py
[2026-06-10T08:11:20.761+0000] {logging_mixin.py:154} INFO - [2026-06-10T08:11:20.761+0000] {dag.py:2941} INFO - Sync 2 DAGs
[2026-06-10T08:11:20.779+0000] {logging_mixin.py:154} INFO - [2026-06-10T08:11:20.779+0000] {dag.py:3722} INFO - Setting next_dagrun for example_external_task_marker_child to None, run_after=None
[2026-06-10T08:11:20.783+0000] {logging_mixin.py:154} INFO - [2026-06-10T08:11:20.783+0000] {dag.py:3722} INFO - Setting next_dagrun for example_external_task_marker_parent to None, run_after=None
[2026-06-10T08:11:20.806+0000] {processor.py:179} INFO - Processing /home/airflow/.local/lib/python3.10/site-packages/airflow/example_dags/example_external_task_marker_dag.py took 0.116 seconds
[2026-06-10T08:11:51.798+0000] {processor.py:157} INFO - Started process (PID=934) to work on /home/airflow/.local/lib/python3.10/site-packages/airflow/example_dags/example_external_task_marker_dag.py
[2026-06-10T08:11:51.809+0000] {processor.py:829} INFO - Processing file /home/airflow/.local/lib/python3.10/site-packages/airflow/example_dags/example_external_task_marker_dag.py for tasks to queue
[2026-06-10T08:11:51.812+0000] {logging_mixin.py:154} INFO - [2026-06-10T08:11:51.812+0000] {dagbag.py:536} INFO - Filling up the DagBag from /home/airflow/.local/lib/python3.10/site-packages/airflow/example_dags/example_external_task_marker_dag.py
[2026-06-10T08:11:51.821+0000] {processor.py:839} INFO - DAG(s) dict_keys(['example_external_task_marker_parent', 'example_external_task_marker_child']) retrieved from /home/airflow/.local/lib/python3.10/site-packages/airflow/example_dags/example_external_task_marker_dag.py
[2026-06-10T08:11:51.894+0000] {logging_mixin.py:154} INFO - [2026-06-10T08:11:51.893+0000] {dag.py:2941} INFO - Sync 2 DAGs
[2026-06-10T08:11:51.926+0000] {logging_mixin.py:154} INFO - [2026-06-10T08:11:51.926+0000] {dag.py:3722} INFO - Setting next_dagrun for example_external_task_marker_child to None, run_after=None
[2026-06-10T08:11:51.944+0000] {logging_mixin.py:154} INFO - [2026-06-10T08:11:51.944+0000] {dag.py:3722} INFO - Setting next_dagrun for example_external_task_marker_parent to None, run_after=None
[2026-06-10T08:11:52.040+0000] {processor.py:179} INFO - Processing /home/airflow/.local/lib/python3.10/site-packages/airflow/example_dags/example_external_task_marker_dag.py took 0.247 seconds
[2026-06-10T08:12:22.328+0000] {processor.py:157} INFO - Started process (PID=985) to work on /home/airflow/.local/lib/python3.10/site-packages/airflow/example_dags/example_external_task_marker_dag.py
[2026-06-10T08:12:22.329+0000] {processor.py:829} INFO - Processing file /home/airflow/.local/lib/python3.10/site-packages/airflow/example_dags/example_external_task_marker_dag.py for tasks to queue
[2026-06-10T08:12:22.332+0000] {logging_mixin.py:154} INFO - [2026-06-10T08:12:22.331+0000] {dagbag.py:536} INFO - Filling up the DagBag from /home/airflow/.local/lib/python3.10/site-packages/airflow/example_dags/example_external_task_marker_dag.py
[2026-06-10T08:12:22.341+0000] {processor.py:839} INFO - DAG(s) dict_keys(['example_external_task_marker_parent', 'example_external_task_marker_child']) retrieved from /home/airflow/.local/lib/python3.10/site-packages/airflow/example_dags/example_external_task_marker_dag.py
[2026-06-10T08:12:22.380+0000] {logging_mixin.py:154} INFO - [2026-06-10T08:12:22.380+0000] {dag.py:2941} INFO - Sync 2 DAGs
[2026-06-10T08:12:22.412+0000] {logging_mixin.py:154} INFO - [2026-06-10T08:12:22.411+0000] {dag.py:3722} INFO - Setting next_dagrun for example_external_task_marker_child to None, run_after=None
[2026-06-10T08:12:22.417+0000] {logging_mixin.py:154} INFO - [2026-06-10T08:12:22.416+0000] {dag.py:3722} INFO - Setting next_dagrun for example_external_task_marker_parent to None, run_after=None
[2026-06-10T08:12:22.437+0000] {processor.py:179} INFO - Processing /home/airflow/.local/lib/python3.10/site-packages/airflow/example_dags/example_external_task_marker_dag.py took 0.115 seconds
[2026-06-10T08:12:52.746+0000] {processor.py:157} INFO - Started process (PID=1036) to work on /home/airflow/.local/lib/python3.10/site-packages/airflow/example_dags/example_external_task_marker_dag.py
[2026-06-10T08:12:52.749+0000] {processor.py:829} INFO - Processing file /home/airflow/.local/lib/python3.10/site-packages/airflow/example_dags/example_external_task_marker_dag.py for tasks to queue
[2026-06-10T08:12:52.751+0000] {logging_mixin.py:154} INFO - [2026-06-10T08:12:52.751+0000] {dagbag.py:536} INFO - Filling up the DagBag from /home/airflow/.local/lib/python3.10/site-packages/airflow/example_dags/example_external_task_marker_dag.py
[2026-06-10T08:12:52.760+0000] {processor.py:839} INFO - DAG(s) dict_keys(['example_external_task_marker_child', 'example_external_task_marker_parent']) retrieved from /home/airflow/.local/lib/python3.10/site-packages/airflow/example_dags/example_external_task_marker_dag.py
[2026-06-10T08:12:52.791+0000] {logging_mixin.py:154} INFO - [2026-06-10T08:12:52.790+0000] {dag.py:2941} INFO - Sync 2 DAGs
[2026-06-10T08:12:52.809+0000] {logging_mixin.py:154} INFO - [2026-06-10T08:12:52.809+0000] {dag.py:3722} INFO - Setting next_dagrun for example_external_task_marker_child to None, run_after=None
[2026-06-10T08:12:52.814+0000] {logging_mixin.py:154} INFO - [2026-06-10T08:12:52.814+0000] {dag.py:3722} INFO - Setting next_dagrun for example_external_task_marker_parent to None, run_after=None
[2026-06-10T08:12:52.834+0000] {processor.py:179} INFO - Processing /home/airflow/.local/lib/python3.10/site-packages/airflow/example_dags/example_external_task_marker_dag.py took 0.093 seconds
[2026-06-10T08:13:23.467+0000] {processor.py:157} INFO - Started process (PID=1087) to work on /home/airflow/.local/lib/python3.10/site-packages/airflow/example_dags/example_external_task_marker_dag.py
[2026-06-10T08:13:23.469+0000] {processor.py:829} INFO - Processing file /home/airflow/.local/lib/python3.10/site-packages/airflow/example_dags/example_external_task_marker_dag.py for tasks to queue
[2026-06-10T08:13:23.471+0000] {logging_mixin.py:154} INFO - [2026-06-10T08:13:23.471+0000] {dagbag.py:536} INFO - Filling up the DagBag from /home/airflow/.local/lib/python3.10/site-packages/airflow/example_dags/example_external_task_marker_dag.py
[2026-06-10T08:13:23.480+0000] {processor.py:839} INFO - DAG(s) dict_keys(['example_external_task_marker_child', 'example_external_task_marker_parent']) retrieved from /home/airflow/.local/lib/python3.10/site-packages/airflow/example_dags/example_external_task_marker_dag.py
[2026-06-10T08:13:23.512+0000] {logging_mixin.py:154} INFO - [2026-06-10T08:13:23.511+0000] {dag.py:2941} INFO - Sync 2 DAGs
[2026-06-10T08:13:23.530+0000] {logging_mixin.py:154} INFO - [2026-06-10T08:13:23.530+0000] {dag.py:3722} INFO - Setting next_dagrun for example_external_task_marker_child to None, run_after=None
[2026-06-10T08:13:23.535+0000] {logging_mixin.py:154} INFO - [2026-06-10T08:13:23.535+0000] {dag.py:3722} INFO - Setting next_dagrun for example_external_task_marker_parent to None, run_after=None
[2026-06-10T08:13:23.562+0000] {processor.py:179} INFO - Processing /home/airflow/.local/lib/python3.10/site-packages/airflow/example_dags/example_external_task_marker_dag.py took 0.100 seconds
[2026-06-10T08:13:56.865+0000] {processor.py:157} INFO - Started process (PID=1140) to work on /home/airflow/.local/lib/python3.10/site-packages/airflow/example_dags/example_external_task_marker_dag.py
[2026-06-10T08:13:56.866+0000] {processor.py:829} INFO - Processing file /home/airflow/.local/lib/python3.10/site-packages/airflow/example_dags/example_external_task_marker_dag.py for tasks to queue
[2026-06-10T08:13:56.869+0000] {logging_mixin.py:154} INFO - [2026-06-10T08:13:56.868+0000] {dagbag.py:536} INFO - Filling up the DagBag from /home/airflow/.local/lib/python3.10/site-packages/airflow/example_dags/example_external_task_marker_dag.py
[2026-06-10T08:13:56.877+0000] {processor.py:839} INFO - DAG(s) dict_keys(['example_external_task_marker_child', 'example_external_task_marker_parent']) retrieved from /home/airflow/.local/lib/python3.10/site-packages/airflow/example_dags/example_external_task_marker_dag.py
[2026-06-10T08:13:56.935+0000] {logging_mixin.py:154} INFO - [2026-06-10T08:13:56.934+0000] {dag.py:2941} INFO - Sync 2 DAGs
[2026-06-10T08:13:56.997+0000] {logging_mixin.py:154} INFO - [2026-06-10T08:13:56.997+0000] {dag.py:3722} INFO - Setting next_dagrun for example_external_task_marker_child to None, run_after=None
[2026-06-10T08:13:57.027+0000] {logging_mixin.py:154} INFO - [2026-06-10T08:13:57.026+0000] {dag.py:3722} INFO - Setting next_dagrun for example_external_task_marker_parent to None, run_after=None
[2026-06-10T08:13:57.093+0000] {processor.py:179} INFO - Processing /home/airflow/.local/lib/python3.10/site-packages/airflow/example_dags/example_external_task_marker_dag.py took 0.232 seconds
[2026-06-10T08:14:28.745+0000] {processor.py:157} INFO - Started process (PID=1191) to work on /home/airflow/.local/lib/python3.10/site-packages/airflow/example_dags/example_external_task_marker_dag.py
[2026-06-10T08:14:28.747+0000] {processor.py:829} INFO - Processing file /home/airflow/.local/lib/python3.10/site-packages/airflow/example_dags/example_external_task_marker_dag.py for tasks to queue
[2026-06-10T08:14:28.749+0000] {logging_mixin.py:154} INFO - [2026-06-10T08:14:28.749+0000] {dagbag.py:536} INFO - Filling up the DagBag from /home/airflow/.local/lib/python3.10/site-packages/airflow/example_dags/example_external_task_marker_dag.py
[2026-06-10T08:14:28.757+0000] {processor.py:839} INFO - DAG(s) dict_keys(['example_external_task_marker_parent', 'example_external_task_marker_child']) retrieved from /home/airflow/.local/lib/python3.10/site-packages/airflow/example_dags/example_external_task_marker_dag.py
[2026-06-10T08:14:28.790+0000] {logging_mixin.py:154} INFO - [2026-06-10T08:14:28.790+0000] {dag.py:2941} INFO - Sync 2 DAGs
[2026-06-10T08:14:28.809+0000] {logging_mixin.py:154} INFO - [2026-06-10T08:14:28.808+0000] {dag.py:3722} INFO - Setting next_dagrun for example_external_task_marker_child to None, run_after=None
[2026-06-10T08:14:28.814+0000] {logging_mixin.py:154} INFO - [2026-06-10T08:14:28.813+0000] {dag.py:3722} INFO - Setting next_dagrun for example_external_task_marker_parent to None, run_after=None
[2026-06-10T08:14:28.844+0000] {processor.py:179} INFO - Processing /home/airflow/.local/lib/python3.10/site-packages/airflow/example_dags/example_external_task_marker_dag.py took 0.104 seconds
[2026-06-10T08:15:00.800+0000] {processor.py:157} INFO - Started process (PID=1242) to work on /home/airflow/.local/lib/python3.10/site-packages/airflow/example_dags/example_external_task_marker_dag.py
[2026-06-10T08:15:00.811+0000] {processor.py:829} INFO - Processing file /home/airflow/.local/lib/python3.10/site-packages/airflow/example_dags/example_external_task_marker_dag.py for tasks to queue
[2026-06-10T08:15:00.814+0000] {logging_mixin.py:154} INFO - [2026-06-10T08:15:00.813+0000] {dagbag.py:536} INFO - Filling up the DagBag from /home/airflow/.local/lib/python3.10/site-packages/airflow/example_dags/example_external_task_marker_dag.py
[2026-06-10T08:15:00.823+0000] {processor.py:839} INFO - DAG(s) dict_keys(['example_external_task_marker_parent', 'example_external_task_marker_child']) retrieved from /home/airflow/.local/lib/python3.10/site-packages/airflow/example_dags/example_external_task_marker_dag.py
[2026-06-10T08:15:00.890+0000] {logging_mixin.py:154} INFO - [2026-06-10T08:15:00.890+0000] {dag.py:2941} INFO - Sync 2 DAGs
[2026-06-10T08:15:00.913+0000] {logging_mixin.py:154} INFO - [2026-06-10T08:15:00.913+0000] {dag.py:3722} INFO - Setting next_dagrun for example_external_task_marker_child to None, run_after=None
[2026-06-10T08:15:00.917+0000] {logging_mixin.py:154} INFO - [2026-06-10T08:15:00.917+0000] {dag.py:3722} INFO - Setting next_dagrun for example_external_task_marker_parent to None, run_after=None
[2026-06-10T08:15:00.940+0000] {processor.py:179} INFO - Processing /home/airflow/.local/lib/python3.10/site-packages/airflow/example_dags/example_external_task_marker_dag.py took 0.145 seconds
[2026-06-10T08:15:32.910+0000] {processor.py:157} INFO - Started process (PID=1293) to work on /home/airflow/.local/lib/python3.10/site-packages/airflow/example_dags/example_external_task_marker_dag.py
[2026-06-10T08:15:32.928+0000] {processor.py:829} INFO - Processing file /home/airflow/.local/lib/python3.10/site-packages/airflow/example_dags/example_external_task_marker_dag.py for tasks to queue
[2026-06-10T08:15:32.938+0000] {logging_mixin.py:154} INFO - [2026-06-10T08:15:32.931+0000] {dagbag.py:536} INFO - Filling up the DagBag from /home/airflow/.local/lib/python3.10/site-packages/airflow/example_dags/example_external_task_marker_dag.py
[2026-06-10T08:15:32.948+0000] {processor.py:839} INFO - DAG(s) dict_keys(['example_external_task_marker_child', 'example_external_task_marker_parent']) retrieved from /home/airflow/.local/lib/python3.10/site-packages/airflow/example_dags/example_external_task_marker_dag.py
[2026-06-10T08:15:32.996+0000] {logging_mixin.py:154} INFO - [2026-06-10T08:15:32.996+0000] {dag.py:2941} INFO - Sync 2 DAGs
[2026-06-10T08:15:33.016+0000] {logging_mixin.py:154} INFO - [2026-06-10T08:15:33.016+0000] {dag.py:3722} INFO - Setting next_dagrun for example_external_task_marker_child to None, run_after=None
[2026-06-10T08:15:33.024+0000] {logging_mixin.py:154} INFO - [2026-06-10T08:15:33.024+0000] {dag.py:3722} INFO - Setting next_dagrun for example_external_task_marker_parent to None, run_after=None
[2026-06-10T08:15:33.068+0000] {processor.py:179} INFO - Processing /home/airflow/.local/lib/python3.10/site-packages/airflow/example_dags/example_external_task_marker_dag.py took 0.163 seconds
[2026-06-10T08:16:03.873+0000] {processor.py:157} INFO - Started process (PID=1344) to work on /home/airflow/.local/lib/python3.10/site-packages/airflow/example_dags/example_external_task_marker_dag.py
[2026-06-10T08:16:03.875+0000] {processor.py:829} INFO - Processing file /home/airflow/.local/lib/python3.10/site-packages/airflow/example_dags/example_external_task_marker_dag.py for tasks to queue
[2026-06-10T08:16:03.878+0000] {logging_mixin.py:154} INFO - [2026-06-10T08:16:03.878+0000] {dagbag.py:536} INFO - Filling up the DagBag from /home/airflow/.local/lib/python3.10/site-packages/airflow/example_dags/example_external_task_marker_dag.py
[2026-06-10T08:16:03.886+0000] {processor.py:839} INFO - DAG(s) dict_keys(['example_external_task_marker_parent', 'example_external_task_marker_child']) retrieved from /home/airflow/.local/lib/python3.10/site-packages/airflow/example_dags/example_external_task_marker_dag.py
[2026-06-10T08:16:03.919+0000] {logging_mixin.py:154} INFO - [2026-06-10T08:16:03.919+0000] {dag.py:2941} INFO - Sync 2 DAGs
[2026-06-10T08:16:04.191+0000] {logging_mixin.py:154} INFO - [2026-06-10T08:16:04.190+0000] {dag.py:3722} INFO - Setting next_dagrun for example_external_task_marker_child to None, run_after=None
[2026-06-10T08:16:04.195+0000] {logging_mixin.py:154} INFO - [2026-06-10T08:16:04.195+0000] {dag.py:3722} INFO - Setting next_dagrun for example_external_task_marker_parent to None, run_after=None
[2026-06-10T08:16:04.218+0000] {processor.py:179} INFO - Processing /home/airflow/.local/lib/python3.10/site-packages/airflow/example_dags/example_external_task_marker_dag.py took 0.350 seconds
[2026-06-10T08:16:34.863+0000] {processor.py:157} INFO - Started process (PID=1397) to work on /home/airflow/.local/lib/python3.10/site-packages/airflow/example_dags/example_external_task_marker_dag.py
[2026-06-10T08:16:34.864+0000] {processor.py:829} INFO - Processing file /home/airflow/.local/lib/python3.10/site-packages/airflow/example_dags/example_external_task_marker_dag.py for tasks to queue
[2026-06-10T08:16:34.867+0000] {logging_mixin.py:154} INFO - [2026-06-10T08:16:34.866+0000] {dagbag.py:536} INFO - Filling up the DagBag from /home/airflow/.local/lib/python3.10/site-packages/airflow/example_dags/example_external_task_marker_dag.py
[2026-06-10T08:16:34.876+0000] {processor.py:839} INFO - DAG(s) dict_keys(['example_external_task_marker_child', 'example_external_task_marker_parent']) retrieved from /home/airflow/.local/lib/python3.10/site-packages/airflow/example_dags/example_external_task_marker_dag.py
[2026-06-10T08:16:34.910+0000] {logging_mixin.py:154} INFO - [2026-06-10T08:16:34.909+0000] {dag.py:2941} INFO - Sync 2 DAGs
[2026-06-10T08:16:34.930+0000] {logging_mixin.py:154} INFO - [2026-06-10T08:16:34.929+0000] {dag.py:3722} INFO - Setting next_dagrun for example_external_task_marker_child to None, run_after=None
[2026-06-10T08:16:34.935+0000] {logging_mixin.py:154} INFO - [2026-06-10T08:16:34.935+0000] {dag.py:3722} INFO - Setting next_dagrun for example_external_task_marker_parent to None, run_after=None
[2026-06-10T08:16:34.959+0000] {processor.py:179} INFO - Processing /home/airflow/.local/lib/python3.10/site-packages/airflow/example_dags/example_external_task_marker_dag.py took 0.101 seconds
[2026-06-10T08:17:11.549+0000] {processor.py:157} INFO - Started process (PID=1450) to work on /home/airflow/.local/lib/python3.10/site-packages/airflow/example_dags/example_external_task_marker_dag.py
[2026-06-10T08:17:11.551+0000] {processor.py:829} INFO - Processing file /home/airflow/.local/lib/python3.10/site-packages/airflow/example_dags/example_external_task_marker_dag.py for tasks to queue
[2026-06-10T08:17:11.554+0000] {logging_mixin.py:154} INFO - [2026-06-10T08:17:11.554+0000] {dagbag.py:536} INFO - Filling up the DagBag from /home/airflow/.local/lib/python3.10/site-packages/airflow/example_dags/example_external_task_marker_dag.py
[2026-06-10T08:17:11.577+0000] {processor.py:839} INFO - DAG(s) dict_keys(['example_external_task_marker_child', 'example_external_task_marker_parent']) retrieved from /home/airflow/.local/lib/python3.10/site-packages/airflow/example_dags/example_external_task_marker_dag.py
[2026-06-10T08:17:11.628+0000] {logging_mixin.py:154} INFO - [2026-06-10T08:17:11.627+0000] {dag.py:2941} INFO - Sync 2 DAGs
[2026-06-10T08:17:11.647+0000] {logging_mixin.py:154} INFO - [2026-06-10T08:17:11.647+0000] {dag.py:3722} INFO - Setting next_dagrun for example_external_task_marker_child to None, run_after=None
[2026-06-10T08:17:11.663+0000] {logging_mixin.py:154} INFO - [2026-06-10T08:17:11.662+0000] {dag.py:3722} INFO - Setting next_dagrun for example_external_task_marker_parent to None, run_after=None
[2026-06-10T08:17:11.686+0000] {processor.py:179} INFO - Processing /home/airflow/.local/lib/python3.10/site-packages/airflow/example_dags/example_external_task_marker_dag.py took 0.151 seconds
[2026-06-10T08:19:59.347+0000] {processor.py:157} INFO - Started process (PID=69) to work on /home/airflow/.local/lib/python3.10/site-packages/airflow/example_dags/example_external_task_marker_dag.py
[2026-06-10T08:19:59.353+0000] {processor.py:829} INFO - Processing file /home/airflow/.local/lib/python3.10/site-packages/airflow/example_dags/example_external_task_marker_dag.py for tasks to queue
[2026-06-10T08:19:59.380+0000] {logging_mixin.py:154} INFO - [2026-06-10T08:19:59.379+0000] {dagbag.py:536} INFO - Filling up the DagBag from /home/airflow/.local/lib/python3.10/site-packages/airflow/example_dags/example_external_task_marker_dag.py
[2026-06-10T08:19:59.492+0000] {processor.py:839} INFO - DAG(s) dict_keys(['example_external_task_marker_child', 'example_external_task_marker_parent']) retrieved from /home/airflow/.local/lib/python3.10/site-packages/airflow/example_dags/example_external_task_marker_dag.py
[2026-06-10T08:19:59.892+0000] {logging_mixin.py:154} INFO - [2026-06-10T08:19:59.891+0000] {dag.py:2941} INFO - Sync 2 DAGs
[2026-06-10T08:20:00.040+0000] {logging_mixin.py:154} INFO - [2026-06-10T08:20:00.039+0000] {dag.py:3722} INFO - Setting next_dagrun for example_external_task_marker_child to None, run_after=None
[2026-06-10T08:20:00.075+0000] {logging_mixin.py:154} INFO - [2026-06-10T08:20:00.075+0000] {dag.py:3722} INFO - Setting next_dagrun for example_external_task_marker_parent to None, run_after=None
[2026-06-10T08:20:00.275+0000] {processor.py:179} INFO - Processing /home/airflow/.local/lib/python3.10/site-packages/airflow/example_dags/example_external_task_marker_dag.py took 1.002 seconds
[2026-06-10T08:20:30.869+0000] {processor.py:157} INFO - Started process (PID=120) to work on /home/airflow/.local/lib/python3.10/site-packages/airflow/example_dags/example_external_task_marker_dag.py
[2026-06-10T08:20:30.878+0000] {processor.py:829} INFO - Processing file /home/airflow/.local/lib/python3.10/site-packages/airflow/example_dags/example_external_task_marker_dag.py for tasks to queue
[2026-06-10T08:20:30.888+0000] {logging_mixin.py:154} INFO - [2026-06-10T08:20:30.881+0000] {dagbag.py:536} INFO - Filling up the DagBag from /home/airflow/.local/lib/python3.10/site-packages/airflow/example_dags/example_external_task_marker_dag.py
[2026-06-10T08:20:30.965+0000] {processor.py:839} INFO - DAG(s) dict_keys(['example_external_task_marker_child', 'example_external_task_marker_parent']) retrieved from /home/airflow/.local/lib/python3.10/site-packages/airflow/example_dags/example_external_task_marker_dag.py
[2026-06-10T08:20:31.315+0000] {logging_mixin.py:154} INFO - [2026-06-10T08:20:31.315+0000] {dag.py:2941} INFO - Sync 2 DAGs
[2026-06-10T08:20:31.468+0000] {logging_mixin.py:154} INFO - [2026-06-10T08:20:31.467+0000] {dag.py:3722} INFO - Setting next_dagrun for example_external_task_marker_child to None, run_after=None
[2026-06-10T08:20:31.521+0000] {logging_mixin.py:154} INFO - [2026-06-10T08:20:31.521+0000] {dag.py:3722} INFO - Setting next_dagrun for example_external_task_marker_parent to None, run_after=None
[2026-06-10T08:20:31.601+0000] {processor.py:179} INFO - Processing /home/airflow/.local/lib/python3.10/site-packages/airflow/example_dags/example_external_task_marker_dag.py took 0.750 seconds
[2026-06-10T08:21:02.172+0000] {processor.py:157} INFO - Started process (PID=171) to work on /home/airflow/.local/lib/python3.10/site-packages/airflow/example_dags/example_external_task_marker_dag.py
[2026-06-10T08:21:02.175+0000] {processor.py:829} INFO - Processing file /home/airflow/.local/lib/python3.10/site-packages/airflow/example_dags/example_external_task_marker_dag.py for tasks to queue
[2026-06-10T08:21:02.178+0000] {logging_mixin.py:154} INFO - [2026-06-10T08:21:02.178+0000] {dagbag.py:536} INFO - Filling up the DagBag from /home/airflow/.local/lib/python3.10/site-packages/airflow/example_dags/example_external_task_marker_dag.py
[2026-06-10T08:21:02.191+0000] {processor.py:839} INFO - DAG(s) dict_keys(['example_external_task_marker_child', 'example_external_task_marker_parent']) retrieved from /home/airflow/.local/lib/python3.10/site-packages/airflow/example_dags/example_external_task_marker_dag.py
[2026-06-10T08:21:02.228+0000] {logging_mixin.py:154} INFO - [2026-06-10T08:21:02.228+0000] {dag.py:2941} INFO - Sync 2 DAGs
[2026-06-10T08:21:02.248+0000] {logging_mixin.py:154} INFO - [2026-06-10T08:21:02.248+0000] {dag.py:3722} INFO - Setting next_dagrun for example_external_task_marker_child to None, run_after=None
[2026-06-10T08:21:02.254+0000] {logging_mixin.py:154} INFO - [2026-06-10T08:21:02.253+0000] {dag.py:3722} INFO - Setting next_dagrun for example_external_task_marker_parent to None, run_after=None
[2026-06-10T08:21:02.279+0000] {processor.py:179} INFO - Processing /home/airflow/.local/lib/python3.10/site-packages/airflow/example_dags/example_external_task_marker_dag.py took 0.115 seconds
[2026-06-10T08:21:32.892+0000] {processor.py:157} INFO - Started process (PID=222) to work on /home/airflow/.local/lib/python3.10/site-packages/airflow/example_dags/example_external_task_marker_dag.py
[2026-06-10T08:21:32.894+0000] {processor.py:829} INFO - Processing file /home/airflow/.local/lib/python3.10/site-packages/airflow/example_dags/example_external_task_marker_dag.py for tasks to queue
[2026-06-10T08:21:32.896+0000] {logging_mixin.py:154} INFO - [2026-06-10T08:21:32.896+0000] {dagbag.py:536} INFO - Filling up the DagBag from /home/airflow/.local/lib/python3.10/site-packages/airflow/example_dags/example_external_task_marker_dag.py
[2026-06-10T08:21:32.905+0000] {processor.py:839} INFO - DAG(s) dict_keys(['example_external_task_marker_child', 'example_external_task_marker_parent']) retrieved from /home/airflow/.local/lib/python3.10/site-packages/airflow/example_dags/example_external_task_marker_dag.py
[2026-06-10T08:21:32.940+0000] {logging_mixin.py:154} INFO - [2026-06-10T08:21:32.940+0000] {dag.py:2941} INFO - Sync 2 DAGs
[2026-06-10T08:21:32.959+0000] {logging_mixin.py:154} INFO - [2026-06-10T08:21:32.959+0000] {dag.py:3722} INFO - Setting next_dagrun for example_external_task_marker_child to None, run_after=None
[2026-06-10T08:21:32.965+0000] {logging_mixin.py:154} INFO - [2026-06-10T08:21:32.965+0000] {dag.py:3722} INFO - Setting next_dagrun for example_external_task_marker_parent to None, run_after=None
[2026-06-10T08:21:33.014+0000] {processor.py:179} INFO - Processing /home/airflow/.local/lib/python3.10/site-packages/airflow/example_dags/example_external_task_marker_dag.py took 0.127 seconds
[2026-06-10T08:22:03.941+0000] {processor.py:157} INFO - Started process (PID=273) to work on /home/airflow/.local/lib/python3.10/site-packages/airflow/example_dags/example_external_task_marker_dag.py
[2026-06-10T08:22:03.951+0000] {processor.py:829} INFO - Processing file /home/airflow/.local/lib/python3.10/site-packages/airflow/example_dags/example_external_task_marker_dag.py for tasks to queue
[2026-06-10T08:22:03.954+0000] {logging_mixin.py:154} INFO - [2026-06-10T08:22:03.953+0000] {dagbag.py:536} INFO - Filling up the DagBag from /home/airflow/.local/lib/python3.10/site-packages/airflow/example_dags/example_external_task_marker_dag.py
[2026-06-10T08:22:03.966+0000] {processor.py:839} INFO - DAG(s) dict_keys(['example_external_task_marker_parent', 'example_external_task_marker_child']) retrieved from /home/airflow/.local/lib/python3.10/site-packages/airflow/example_dags/example_external_task_marker_dag.py
[2026-06-10T08:22:04.074+0000] {logging_mixin.py:154} INFO - [2026-06-10T08:22:04.074+0000] {dag.py:2941} INFO - Sync 2 DAGs
[2026-06-10T08:22:04.154+0000] {logging_mixin.py:154} INFO - [2026-06-10T08:22:04.154+0000] {dag.py:3722} INFO - Setting next_dagrun for example_external_task_marker_child to None, run_after=None
[2026-06-10T08:22:04.176+0000] {logging_mixin.py:154} INFO - [2026-06-10T08:22:04.176+0000] {dag.py:3722} INFO - Setting next_dagrun for example_external_task_marker_parent to None, run_after=None
[2026-06-10T08:22:04.206+0000] {processor.py:179} INFO - Processing /home/airflow/.local/lib/python3.10/site-packages/airflow/example_dags/example_external_task_marker_dag.py took 0.275 seconds
[2026-06-10T08:22:37.518+0000] {processor.py:157} INFO - Started process (PID=324) to work on /home/airflow/.local/lib/python3.10/site-packages/airflow/example_dags/example_external_task_marker_dag.py
[2026-06-10T08:22:37.544+0000] {processor.py:829} INFO - Processing file /home/airflow/.local/lib/python3.10/site-packages/airflow/example_dags/example_external_task_marker_dag.py for tasks to queue
[2026-06-10T08:22:37.548+0000] {logging_mixin.py:154} INFO - [2026-06-10T08:22:37.547+0000] {dagbag.py:536} INFO - Filling up the DagBag from /home/airflow/.local/lib/python3.10/site-packages/airflow/example_dags/example_external_task_marker_dag.py
[2026-06-10T08:22:37.576+0000] {processor.py:839} INFO - DAG(s) dict_keys(['example_external_task_marker_parent', 'example_external_task_marker_child']) retrieved from /home/airflow/.local/lib/python3.10/site-packages/airflow/example_dags/example_external_task_marker_dag.py
[2026-06-10T08:22:37.647+0000] {logging_mixin.py:154} INFO - [2026-06-10T08:22:37.647+0000] {dag.py:2941} INFO - Sync 2 DAGs
[2026-06-10T08:22:37.685+0000] {logging_mixin.py:154} INFO - [2026-06-10T08:22:37.685+0000] {dag.py:3722} INFO - Setting next_dagrun for example_external_task_marker_child to None, run_after=None
[2026-06-10T08:22:37.697+0000] {logging_mixin.py:154} INFO - [2026-06-10T08:22:37.697+0000] {dag.py:3722} INFO - Setting next_dagrun for example_external_task_marker_parent to None, run_after=None
[2026-06-10T08:22:37.768+0000] {processor.py:179} INFO - Processing /home/airflow/.local/lib/python3.10/site-packages/airflow/example_dags/example_external_task_marker_dag.py took 0.283 seconds
[2026-06-10T08:23:08.294+0000] {processor.py:157} INFO - Started process (PID=375) to work on /home/airflow/.local/lib/python3.10/site-packages/airflow/example_dags/example_external_task_marker_dag.py
[2026-06-10T08:23:08.307+0000] {processor.py:829} INFO - Processing file /home/airflow/.local/lib/python3.10/site-packages/airflow/example_dags/example_external_task_marker_dag.py for tasks to queue
[2026-06-10T08:23:08.313+0000] {logging_mixin.py:154} INFO - [2026-06-10T08:23:08.313+0000] {dagbag.py:536} INFO - Filling up the DagBag from /home/airflow/.local/lib/python3.10/site-packages/airflow/example_dags/example_external_task_marker_dag.py
[2026-06-10T08:23:08.334+0000] {processor.py:839} INFO - DAG(s) dict_keys(['example_external_task_marker_parent', 'example_external_task_marker_child']) retrieved from /home/airflow/.local/lib/python3.10/site-packages/airflow/example_dags/example_external_task_marker_dag.py
[2026-06-10T08:23:08.435+0000] {logging_mixin.py:154} INFO - [2026-06-10T08:23:08.435+0000] {dag.py:2941} INFO - Sync 2 DAGs
[2026-06-10T08:23:08.498+0000] {logging_mixin.py:154} INFO - [2026-06-10T08:23:08.497+0000] {dag.py:3722} INFO - Setting next_dagrun for example_external_task_marker_child to None, run_after=None
[2026-06-10T08:23:08.502+0000] {logging_mixin.py:154} INFO - [2026-06-10T08:23:08.502+0000] {dag.py:3722} INFO - Setting next_dagrun for example_external_task_marker_parent to None, run_after=None
[2026-06-10T08:23:08.540+0000] {processor.py:179} INFO - Processing /home/airflow/.local/lib/python3.10/site-packages/airflow/example_dags/example_external_task_marker_dag.py took 0.269 seconds
[2026-06-10T08:23:39.558+0000] {processor.py:157} INFO - Started process (PID=426) to work on /home/airflow/.local/lib/python3.10/site-packages/airflow/example_dags/example_external_task_marker_dag.py
[2026-06-10T08:23:39.578+0000] {processor.py:829} INFO - Processing file /home/airflow/.local/lib/python3.10/site-packages/airflow/example_dags/example_external_task_marker_dag.py for tasks to queue
[2026-06-10T08:23:39.581+0000] {logging_mixin.py:154} INFO - [2026-06-10T08:23:39.581+0000] {dagbag.py:536} INFO - Filling up the DagBag from /home/airflow/.local/lib/python3.10/site-packages/airflow/example_dags/example_external_task_marker_dag.py
[2026-06-10T08:23:39.665+0000] {processor.py:839} INFO - DAG(s) dict_keys(['example_external_task_marker_child', 'example_external_task_marker_parent']) retrieved from /home/airflow/.local/lib/python3.10/site-packages/airflow/example_dags/example_external_task_marker_dag.py
[2026-06-10T08:23:39.876+0000] {logging_mixin.py:154} INFO - [2026-06-10T08:23:39.876+0000] {dag.py:2941} INFO - Sync 2 DAGs
[2026-06-10T08:23:39.969+0000] {logging_mixin.py:154} INFO - [2026-06-10T08:23:39.962+0000] {dag.py:3722} INFO - Setting next_dagrun for example_external_task_marker_child to None, run_after=None
[2026-06-10T08:23:39.993+0000] {logging_mixin.py:154} INFO - [2026-06-10T08:23:39.993+0000] {dag.py:3722} INFO - Setting next_dagrun for example_external_task_marker_parent to None, run_after=None
[2026-06-10T08:23:40.091+0000] {processor.py:179} INFO - Processing /home/airflow/.local/lib/python3.10/site-packages/airflow/example_dags/example_external_task_marker_dag.py took 0.563 seconds
[2026-06-10T08:24:11.373+0000] {processor.py:157} INFO - Started process (PID=481) to work on /home/airflow/.local/lib/python3.10/site-packages/airflow/example_dags/example_external_task_marker_dag.py
[2026-06-10T08:24:11.387+0000] {processor.py:829} INFO - Processing file /home/airflow/.local/lib/python3.10/site-packages/airflow/example_dags/example_external_task_marker_dag.py for tasks to queue
[2026-06-10T08:24:11.391+0000] {logging_mixin.py:154} INFO - [2026-06-10T08:24:11.391+0000] {dagbag.py:536} INFO - Filling up the DagBag from /home/airflow/.local/lib/python3.10/site-packages/airflow/example_dags/example_external_task_marker_dag.py
[2026-06-10T08:24:11.420+0000] {processor.py:839} INFO - DAG(s) dict_keys(['example_external_task_marker_parent', 'example_external_task_marker_child']) retrieved from /home/airflow/.local/lib/python3.10/site-packages/airflow/example_dags/example_external_task_marker_dag.py
[2026-06-10T08:24:11.507+0000] {logging_mixin.py:154} INFO - [2026-06-10T08:24:11.507+0000] {dag.py:2941} INFO - Sync 2 DAGs
[2026-06-10T08:24:11.566+0000] {logging_mixin.py:154} INFO - [2026-06-10T08:24:11.565+0000] {dag.py:3722} INFO - Setting next_dagrun for example_external_task_marker_child to None, run_after=None
[2026-06-10T08:24:11.590+0000] {logging_mixin.py:154} INFO - [2026-06-10T08:24:11.590+0000] {dag.py:3722} INFO - Setting next_dagrun for example_external_task_marker_parent to None, run_after=None
[2026-06-10T08:24:11.653+0000] {processor.py:179} INFO - Processing /home/airflow/.local/lib/python3.10/site-packages/airflow/example_dags/example_external_task_marker_dag.py took 0.285 seconds
[2026-06-10T08:24:41.725+0000] {processor.py:157} INFO - Started process (PID=531) to work on /home/airflow/.local/lib/python3.10/site-packages/airflow/example_dags/example_external_task_marker_dag.py
[2026-06-10T08:24:41.731+0000] {processor.py:829} INFO - Processing file /home/airflow/.local/lib/python3.10/site-packages/airflow/example_dags/example_external_task_marker_dag.py for tasks to queue
[2026-06-10T08:24:41.734+0000] {logging_mixin.py:154} INFO - [2026-06-10T08:24:41.733+0000] {dagbag.py:536} INFO - Filling up the DagBag from /home/airflow/.local/lib/python3.10/site-packages/airflow/example_dags/example_external_task_marker_dag.py
[2026-06-10T08:24:41.751+0000] {processor.py:839} INFO - DAG(s) dict_keys(['example_external_task_marker_child', 'example_external_task_marker_parent']) retrieved from /home/airflow/.local/lib/python3.10/site-packages/airflow/example_dags/example_external_task_marker_dag.py
[2026-06-10T08:24:41.843+0000] {logging_mixin.py:154} INFO - [2026-06-10T08:24:41.843+0000] {dag.py:2941} INFO - Sync 2 DAGs
[2026-06-10T08:24:41.876+0000] {logging_mixin.py:154} INFO - [2026-06-10T08:24:41.875+0000] {dag.py:3722} INFO - Setting next_dagrun for example_external_task_marker_child to None, run_after=None
[2026-06-10T08:24:41.881+0000] {logging_mixin.py:154} INFO - [2026-06-10T08:24:41.881+0000] {dag.py:3722} INFO - Setting next_dagrun for example_external_task_marker_parent to None, run_after=None
[2026-06-10T08:24:41.926+0000] {processor.py:179} INFO - Processing /home/airflow/.local/lib/python3.10/site-packages/airflow/example_dags/example_external_task_marker_dag.py took 0.215 seconds
[2026-06-10T08:27:26.258+0000] {processor.py:157} INFO - Started process (PID=68) to work on /home/airflow/.local/lib/python3.10/site-packages/airflow/example_dags/example_external_task_marker_dag.py
[2026-06-10T08:27:26.267+0000] {processor.py:829} INFO - Processing file /home/airflow/.local/lib/python3.10/site-packages/airflow/example_dags/example_external_task_marker_dag.py for tasks to queue
[2026-06-10T08:27:26.275+0000] {logging_mixin.py:154} INFO - [2026-06-10T08:27:26.275+0000] {dagbag.py:536} INFO - Filling up the DagBag from /home/airflow/.local/lib/python3.10/site-packages/airflow/example_dags/example_external_task_marker_dag.py
[2026-06-10T08:27:26.309+0000] {processor.py:839} INFO - DAG(s) dict_keys(['example_external_task_marker_child', 'example_external_task_marker_parent']) retrieved from /home/airflow/.local/lib/python3.10/site-packages/airflow/example_dags/example_external_task_marker_dag.py
[2026-06-10T08:27:26.455+0000] {logging_mixin.py:154} INFO - [2026-06-10T08:27:26.455+0000] {dag.py:2941} INFO - Sync 2 DAGs
[2026-06-10T08:27:26.558+0000] {logging_mixin.py:154} INFO - [2026-06-10T08:27:26.557+0000] {dag.py:3722} INFO - Setting next_dagrun for example_external_task_marker_child to None, run_after=None
[2026-06-10T08:27:26.606+0000] {logging_mixin.py:154} INFO - [2026-06-10T08:27:26.605+0000] {dag.py:3722} INFO - Setting next_dagrun for example_external_task_marker_parent to None, run_after=None
[2026-06-10T08:27:26.734+0000] {processor.py:179} INFO - Processing /home/airflow/.local/lib/python3.10/site-packages/airflow/example_dags/example_external_task_marker_dag.py took 0.505 seconds
[2026-06-10T08:27:57.267+0000] {processor.py:157} INFO - Started process (PID=119) to work on /home/airflow/.local/lib/python3.10/site-packages/airflow/example_dags/example_external_task_marker_dag.py
[2026-06-10T08:27:57.275+0000] {processor.py:829} INFO - Processing file /home/airflow/.local/lib/python3.10/site-packages/airflow/example_dags/example_external_task_marker_dag.py for tasks to queue
[2026-06-10T08:27:57.278+0000] {logging_mixin.py:154} INFO - [2026-06-10T08:27:57.278+0000] {dagbag.py:536} INFO - Filling up the DagBag from /home/airflow/.local/lib/python3.10/site-packages/airflow/example_dags/example_external_task_marker_dag.py
[2026-06-10T08:27:57.293+0000] {processor.py:839} INFO - DAG(s) dict_keys(['example_external_task_marker_parent', 'example_external_task_marker_child']) retrieved from /home/airflow/.local/lib/python3.10/site-packages/airflow/example_dags/example_external_task_marker_dag.py
[2026-06-10T08:27:57.463+0000] {logging_mixin.py:154} INFO - [2026-06-10T08:27:57.463+0000] {dag.py:2941} INFO - Sync 2 DAGs
[2026-06-10T08:27:57.543+0000] {logging_mixin.py:154} INFO - [2026-06-10T08:27:57.543+0000] {dag.py:3722} INFO - Setting next_dagrun for example_external_task_marker_child to None, run_after=None
[2026-06-10T08:27:57.560+0000] {logging_mixin.py:154} INFO - [2026-06-10T08:27:57.560+0000] {dag.py:3722} INFO - Setting next_dagrun for example_external_task_marker_parent to None, run_after=None
[2026-06-10T08:27:57.644+0000] {processor.py:179} INFO - Processing /home/airflow/.local/lib/python3.10/site-packages/airflow/example_dags/example_external_task_marker_dag.py took 0.398 seconds
[2026-06-10T08:28:28.503+0000] {processor.py:157} INFO - Started process (PID=170) to work on /home/airflow/.local/lib/python3.10/site-packages/airflow/example_dags/example_external_task_marker_dag.py
[2026-06-10T08:28:28.504+0000] {processor.py:829} INFO - Processing file /home/airflow/.local/lib/python3.10/site-packages/airflow/example_dags/example_external_task_marker_dag.py for tasks to queue
[2026-06-10T08:28:28.506+0000] {logging_mixin.py:154} INFO - [2026-06-10T08:28:28.506+0000] {dagbag.py:536} INFO - Filling up the DagBag from /home/airflow/.local/lib/python3.10/site-packages/airflow/example_dags/example_external_task_marker_dag.py
[2026-06-10T08:28:28.527+0000] {processor.py:839} INFO - DAG(s) dict_keys(['example_external_task_marker_parent', 'example_external_task_marker_child']) retrieved from /home/airflow/.local/lib/python3.10/site-packages/airflow/example_dags/example_external_task_marker_dag.py
[2026-06-10T08:28:28.586+0000] {logging_mixin.py:154} INFO - [2026-06-10T08:28:28.586+0000] {dag.py:2941} INFO - Sync 2 DAGs
[2026-06-10T08:28:28.623+0000] {logging_mixin.py:154} INFO - [2026-06-10T08:28:28.623+0000] {dag.py:3722} INFO - Setting next_dagrun for example_external_task_marker_child to None, run_after=None
[2026-06-10T08:28:28.635+0000] {logging_mixin.py:154} INFO - [2026-06-10T08:28:28.635+0000] {dag.py:3722} INFO - Setting next_dagrun for example_external_task_marker_parent to None, run_after=None
[2026-06-10T08:28:28.671+0000] {processor.py:179} INFO - Processing /home/airflow/.local/lib/python3.10/site-packages/airflow/example_dags/example_external_task_marker_dag.py took 0.180 seconds
[2026-06-10T08:28:59.247+0000] {processor.py:157} INFO - Started process (PID=221) to work on /home/airflow/.local/lib/python3.10/site-packages/airflow/example_dags/example_external_task_marker_dag.py
[2026-06-10T08:28:59.249+0000] {processor.py:829} INFO - Processing file /home/airflow/.local/lib/python3.10/site-packages/airflow/example_dags/example_external_task_marker_dag.py for tasks to queue
[2026-06-10T08:28:59.251+0000] {logging_mixin.py:154} INFO - [2026-06-10T08:28:59.251+0000] {dagbag.py:536} INFO - Filling up the DagBag from /home/airflow/.local/lib/python3.10/site-packages/airflow/example_dags/example_external_task_marker_dag.py
[2026-06-10T08:28:59.260+0000] {processor.py:839} INFO - DAG(s) dict_keys(['example_external_task_marker_child', 'example_external_task_marker_parent']) retrieved from /home/airflow/.local/lib/python3.10/site-packages/airflow/example_dags/example_external_task_marker_dag.py
[2026-06-10T08:28:59.298+0000] {logging_mixin.py:154} INFO - [2026-06-10T08:28:59.297+0000] {dag.py:2941} INFO - Sync 2 DAGs
[2026-06-10T08:28:59.317+0000] {logging_mixin.py:154} INFO - [2026-06-10T08:28:59.317+0000] {dag.py:3722} INFO - Setting next_dagrun for example_external_task_marker_child to None, run_after=None
[2026-06-10T08:28:59.322+0000] {logging_mixin.py:154} INFO - [2026-06-10T08:28:59.322+0000] {dag.py:3722} INFO - Setting next_dagrun for example_external_task_marker_parent to None, run_after=None
[2026-06-10T08:28:59.345+0000] {processor.py:179} INFO - Processing /home/airflow/.local/lib/python3.10/site-packages/airflow/example_dags/example_external_task_marker_dag.py took 0.103 seconds
[2026-06-10T08:29:29.702+0000] {processor.py:157} INFO - Started process (PID=272) to work on /home/airflow/.local/lib/python3.10/site-packages/airflow/example_dags/example_external_task_marker_dag.py
[2026-06-10T08:29:29.731+0000] {processor.py:829} INFO - Processing file /home/airflow/.local/lib/python3.10/site-packages/airflow/example_dags/example_external_task_marker_dag.py for tasks to queue
[2026-06-10T08:29:29.733+0000] {logging_mixin.py:154} INFO - [2026-06-10T08:29:29.733+0000] {dagbag.py:536} INFO - Filling up the DagBag from /home/airflow/.local/lib/python3.10/site-packages/airflow/example_dags/example_external_task_marker_dag.py
[2026-06-10T08:29:29.742+0000] {processor.py:839} INFO - DAG(s) dict_keys(['example_external_task_marker_parent', 'example_external_task_marker_child']) retrieved from /home/airflow/.local/lib/python3.10/site-packages/airflow/example_dags/example_external_task_marker_dag.py
[2026-06-10T08:29:29.779+0000] {logging_mixin.py:154} INFO - [2026-06-10T08:29:29.779+0000] {dag.py:2941} INFO - Sync 2 DAGs
[2026-06-10T08:29:29.812+0000] {logging_mixin.py:154} INFO - [2026-06-10T08:29:29.812+0000] {dag.py:3722} INFO - Setting next_dagrun for example_external_task_marker_child to None, run_after=None
[2026-06-10T08:29:29.828+0000] {logging_mixin.py:154} INFO - [2026-06-10T08:29:29.828+0000] {dag.py:3722} INFO - Setting next_dagrun for example_external_task_marker_parent to None, run_after=None
[2026-06-10T08:29:29.874+0000] {processor.py:179} INFO - Processing /home/airflow/.local/lib/python3.10/site-packages/airflow/example_dags/example_external_task_marker_dag.py took 0.176 seconds
[2026-06-10T08:30:01.076+0000] {processor.py:157} INFO - Started process (PID=323) to work on /home/airflow/.local/lib/python3.10/site-packages/airflow/example_dags/example_external_task_marker_dag.py
[2026-06-10T08:30:01.077+0000] {processor.py:829} INFO - Processing file /home/airflow/.local/lib/python3.10/site-packages/airflow/example_dags/example_external_task_marker_dag.py for tasks to queue
[2026-06-10T08:30:01.079+0000] {logging_mixin.py:154} INFO - [2026-06-10T08:30:01.079+0000] {dagbag.py:536} INFO - Filling up the DagBag from /home/airflow/.local/lib/python3.10/site-packages/airflow/example_dags/example_external_task_marker_dag.py
[2026-06-10T08:30:01.088+0000] {processor.py:839} INFO - DAG(s) dict_keys(['example_external_task_marker_child', 'example_external_task_marker_parent']) retrieved from /home/airflow/.local/lib/python3.10/site-packages/airflow/example_dags/example_external_task_marker_dag.py
[2026-06-10T08:30:01.119+0000] {logging_mixin.py:154} INFO - [2026-06-10T08:30:01.119+0000] {dag.py:2941} INFO - Sync 2 DAGs
[2026-06-10T08:30:01.181+0000] {logging_mixin.py:154} INFO - [2026-06-10T08:30:01.180+0000] {dag.py:3722} INFO - Setting next_dagrun for example_external_task_marker_child to None, run_after=None
[2026-06-10T08:30:01.188+0000] {logging_mixin.py:154} INFO - [2026-06-10T08:30:01.188+0000] {dag.py:3722} INFO - Setting next_dagrun for example_external_task_marker_parent to None, run_after=None
[2026-06-10T08:30:01.209+0000] {processor.py:179} INFO - Processing /home/airflow/.local/lib/python3.10/site-packages/airflow/example_dags/example_external_task_marker_dag.py took 0.139 seconds
[2026-06-10T08:30:34.121+0000] {processor.py:157} INFO - Started process (PID=374) to work on /home/airflow/.local/lib/python3.10/site-packages/airflow/example_dags/example_external_task_marker_dag.py
[2026-06-10T08:30:34.123+0000] {processor.py:829} INFO - Processing file /home/airflow/.local/lib/python3.10/site-packages/airflow/example_dags/example_external_task_marker_dag.py for tasks to queue
[2026-06-10T08:30:34.136+0000] {logging_mixin.py:154} INFO - [2026-06-10T08:30:34.135+0000] {dagbag.py:536} INFO - Filling up the DagBag from /home/airflow/.local/lib/python3.10/site-packages/airflow/example_dags/example_external_task_marker_dag.py
[2026-06-10T08:30:34.162+0000] {processor.py:839} INFO - DAG(s) dict_keys(['example_external_task_marker_parent', 'example_external_task_marker_child']) retrieved from /home/airflow/.local/lib/python3.10/site-packages/airflow/example_dags/example_external_task_marker_dag.py
[2026-06-10T08:30:34.304+0000] {logging_mixin.py:154} INFO - [2026-06-10T08:30:34.304+0000] {dag.py:2941} INFO - Sync 2 DAGs
[2026-06-10T08:30:34.363+0000] {logging_mixin.py:154} INFO - [2026-06-10T08:30:34.354+0000] {dag.py:3722} INFO - Setting next_dagrun for example_external_task_marker_child to None, run_after=None
[2026-06-10T08:30:34.376+0000] {logging_mixin.py:154} INFO - [2026-06-10T08:30:34.375+0000] {dag.py:3722} INFO - Setting next_dagrun for example_external_task_marker_parent to None, run_after=None
[2026-06-10T08:30:34.444+0000] {processor.py:179} INFO - Processing /home/airflow/.local/lib/python3.10/site-packages/airflow/example_dags/example_external_task_marker_dag.py took 0.369 seconds
[2026-06-10T08:31:05.057+0000] {processor.py:157} INFO - Started process (PID=425) to work on /home/airflow/.local/lib/python3.10/site-packages/airflow/example_dags/example_external_task_marker_dag.py
[2026-06-10T08:31:05.059+0000] {processor.py:829} INFO - Processing file /home/airflow/.local/lib/python3.10/site-packages/airflow/example_dags/example_external_task_marker_dag.py for tasks to queue
[2026-06-10T08:31:05.061+0000] {logging_mixin.py:154} INFO - [2026-06-10T08:31:05.060+0000] {dagbag.py:536} INFO - Filling up the DagBag from /home/airflow/.local/lib/python3.10/site-packages/airflow/example_dags/example_external_task_marker_dag.py
[2026-06-10T08:31:05.067+0000] {processor.py:839} INFO - DAG(s) dict_keys(['example_external_task_marker_child', 'example_external_task_marker_parent']) retrieved from /home/airflow/.local/lib/python3.10/site-packages/airflow/example_dags/example_external_task_marker_dag.py
[2026-06-10T08:31:05.093+0000] {logging_mixin.py:154} INFO - [2026-06-10T08:31:05.092+0000] {dag.py:2941} INFO - Sync 2 DAGs
[2026-06-10T08:31:05.107+0000] {logging_mixin.py:154} INFO - [2026-06-10T08:31:05.106+0000] {dag.py:3722} INFO - Setting next_dagrun for example_external_task_marker_child to None, run_after=None
[2026-06-10T08:31:05.110+0000] {logging_mixin.py:154} INFO - [2026-06-10T08:31:05.110+0000] {dag.py:3722} INFO - Setting next_dagrun for example_external_task_marker_parent to None, run_after=None
[2026-06-10T08:31:05.127+0000] {processor.py:179} INFO - Processing /home/airflow/.local/lib/python3.10/site-packages/airflow/example_dags/example_external_task_marker_dag.py took 0.073 seconds
[2026-06-10T08:31:36.211+0000] {processor.py:157} INFO - Started process (PID=476) to work on /home/airflow/.local/lib/python3.10/site-packages/airflow/example_dags/example_external_task_marker_dag.py
[2026-06-10T08:31:36.212+0000] {processor.py:829} INFO - Processing file /home/airflow/.local/lib/python3.10/site-packages/airflow/example_dags/example_external_task_marker_dag.py for tasks to queue
[2026-06-10T08:31:36.215+0000] {logging_mixin.py:154} INFO - [2026-06-10T08:31:36.214+0000] {dagbag.py:536} INFO - Filling up the DagBag from /home/airflow/.local/lib/python3.10/site-packages/airflow/example_dags/example_external_task_marker_dag.py
[2026-06-10T08:31:36.224+0000] {processor.py:839} INFO - DAG(s) dict_keys(['example_external_task_marker_child', 'example_external_task_marker_parent']) retrieved from /home/airflow/.local/lib/python3.10/site-packages/airflow/example_dags/example_external_task_marker_dag.py
[2026-06-10T08:31:36.257+0000] {logging_mixin.py:154} INFO - [2026-06-10T08:31:36.257+0000] {dag.py:2941} INFO - Sync 2 DAGs
[2026-06-10T08:31:36.276+0000] {logging_mixin.py:154} INFO - [2026-06-10T08:31:36.276+0000] {dag.py:3722} INFO - Setting next_dagrun for example_external_task_marker_child to None, run_after=None
[2026-06-10T08:31:36.281+0000] {logging_mixin.py:154} INFO - [2026-06-10T08:31:36.281+0000] {dag.py:3722} INFO - Setting next_dagrun for example_external_task_marker_parent to None, run_after=None
[2026-06-10T08:31:36.322+0000] {processor.py:179} INFO - Processing /home/airflow/.local/lib/python3.10/site-packages/airflow/example_dags/example_external_task_marker_dag.py took 0.117 seconds
[2026-06-10T08:32:06.907+0000] {processor.py:157} INFO - Started process (PID=527) to work on /home/airflow/.local/lib/python3.10/site-packages/airflow/example_dags/example_external_task_marker_dag.py
[2026-06-10T08:32:06.908+0000] {processor.py:829} INFO - Processing file /home/airflow/.local/lib/python3.10/site-packages/airflow/example_dags/example_external_task_marker_dag.py for tasks to queue
[2026-06-10T08:32:06.911+0000] {logging_mixin.py:154} INFO - [2026-06-10T08:32:06.910+0000] {dagbag.py:536} INFO - Filling up the DagBag from /home/airflow/.local/lib/python3.10/site-packages/airflow/example_dags/example_external_task_marker_dag.py
[2026-06-10T08:32:06.919+0000] {processor.py:839} INFO - DAG(s) dict_keys(['example_external_task_marker_child', 'example_external_task_marker_parent']) retrieved from /home/airflow/.local/lib/python3.10/site-packages/airflow/example_dags/example_external_task_marker_dag.py
[2026-06-10T08:32:06.952+0000] {logging_mixin.py:154} INFO - [2026-06-10T08:32:06.952+0000] {dag.py:2941} INFO - Sync 2 DAGs
[2026-06-10T08:32:06.975+0000] {logging_mixin.py:154} INFO - [2026-06-10T08:32:06.975+0000] {dag.py:3722} INFO - Setting next_dagrun for example_external_task_marker_child to None, run_after=None
[2026-06-10T08:32:06.980+0000] {logging_mixin.py:154} INFO - [2026-06-10T08:32:06.980+0000] {dag.py:3722} INFO - Setting next_dagrun for example_external_task_marker_parent to None, run_after=None
[2026-06-10T08:32:07.007+0000] {processor.py:179} INFO - Processing /home/airflow/.local/lib/python3.10/site-packages/airflow/example_dags/example_external_task_marker_dag.py took 0.106 seconds
[2026-06-10T08:32:37.832+0000] {processor.py:157} INFO - Started process (PID=578) to work on /home/airflow/.local/lib/python3.10/site-packages/airflow/example_dags/example_external_task_marker_dag.py
[2026-06-10T08:32:37.834+0000] {processor.py:829} INFO - Processing file /home/airflow/.local/lib/python3.10/site-packages/airflow/example_dags/example_external_task_marker_dag.py for tasks to queue
[2026-06-10T08:32:37.837+0000] {logging_mixin.py:154} INFO - [2026-06-10T08:32:37.836+0000] {dagbag.py:536} INFO - Filling up the DagBag from /home/airflow/.local/lib/python3.10/site-packages/airflow/example_dags/example_external_task_marker_dag.py
[2026-06-10T08:32:37.845+0000] {processor.py:839} INFO - DAG(s) dict_keys(['example_external_task_marker_child', 'example_external_task_marker_parent']) retrieved from /home/airflow/.local/lib/python3.10/site-packages/airflow/example_dags/example_external_task_marker_dag.py
[2026-06-10T08:32:37.879+0000] {logging_mixin.py:154} INFO - [2026-06-10T08:32:37.878+0000] {dag.py:2941} INFO - Sync 2 DAGs
[2026-06-10T08:32:37.920+0000] {logging_mixin.py:154} INFO - [2026-06-10T08:32:37.919+0000] {dag.py:3722} INFO - Setting next_dagrun for example_external_task_marker_child to None, run_after=None
[2026-06-10T08:32:37.934+0000] {logging_mixin.py:154} INFO - [2026-06-10T08:32:37.934+0000] {dag.py:3722} INFO - Setting next_dagrun for example_external_task_marker_parent to None, run_after=None
[2026-06-10T08:32:37.981+0000] {processor.py:179} INFO - Processing /home/airflow/.local/lib/python3.10/site-packages/airflow/example_dags/example_external_task_marker_dag.py took 0.153 seconds
[2026-06-10T08:33:08.666+0000] {processor.py:157} INFO - Started process (PID=629) to work on /home/airflow/.local/lib/python3.10/site-packages/airflow/example_dags/example_external_task_marker_dag.py
[2026-06-10T08:33:08.668+0000] {processor.py:829} INFO - Processing file /home/airflow/.local/lib/python3.10/site-packages/airflow/example_dags/example_external_task_marker_dag.py for tasks to queue
[2026-06-10T08:33:08.670+0000] {logging_mixin.py:154} INFO - [2026-06-10T08:33:08.670+0000] {dagbag.py:536} INFO - Filling up the DagBag from /home/airflow/.local/lib/python3.10/site-packages/airflow/example_dags/example_external_task_marker_dag.py
[2026-06-10T08:33:08.688+0000] {processor.py:839} INFO - DAG(s) dict_keys(['example_external_task_marker_parent', 'example_external_task_marker_child']) retrieved from /home/airflow/.local/lib/python3.10/site-packages/airflow/example_dags/example_external_task_marker_dag.py
[2026-06-10T08:33:08.773+0000] {logging_mixin.py:154} INFO - [2026-06-10T08:33:08.773+0000] {dag.py:2941} INFO - Sync 2 DAGs
[2026-06-10T08:33:08.814+0000] {logging_mixin.py:154} INFO - [2026-06-10T08:33:08.813+0000] {dag.py:3722} INFO - Setting next_dagrun for example_external_task_marker_child to None, run_after=None
[2026-06-10T08:33:08.827+0000] {logging_mixin.py:154} INFO - [2026-06-10T08:33:08.826+0000] {dag.py:3722} INFO - Setting next_dagrun for example_external_task_marker_parent to None, run_after=None
[2026-06-10T08:33:08.874+0000] {processor.py:179} INFO - Processing /home/airflow/.local/lib/python3.10/site-packages/airflow/example_dags/example_external_task_marker_dag.py took 0.233 seconds
[2026-06-10T08:33:39.236+0000] {processor.py:157} INFO - Started process (PID=680) to work on /home/airflow/.local/lib/python3.10/site-packages/airflow/example_dags/example_external_task_marker_dag.py
[2026-06-10T08:33:39.238+0000] {processor.py:829} INFO - Processing file /home/airflow/.local/lib/python3.10/site-packages/airflow/example_dags/example_external_task_marker_dag.py for tasks to queue
[2026-06-10T08:33:39.240+0000] {logging_mixin.py:154} INFO - [2026-06-10T08:33:39.240+0000] {dagbag.py:536} INFO - Filling up the DagBag from /home/airflow/.local/lib/python3.10/site-packages/airflow/example_dags/example_external_task_marker_dag.py
[2026-06-10T08:33:39.249+0000] {processor.py:839} INFO - DAG(s) dict_keys(['example_external_task_marker_parent', 'example_external_task_marker_child']) retrieved from /home/airflow/.local/lib/python3.10/site-packages/airflow/example_dags/example_external_task_marker_dag.py
[2026-06-10T08:33:39.283+0000] {logging_mixin.py:154} INFO - [2026-06-10T08:33:39.283+0000] {dag.py:2941} INFO - Sync 2 DAGs
[2026-06-10T08:33:39.302+0000] {logging_mixin.py:154} INFO - [2026-06-10T08:33:39.301+0000] {dag.py:3722} INFO - Setting next_dagrun for example_external_task_marker_child to None, run_after=None
[2026-06-10T08:33:39.306+0000] {logging_mixin.py:154} INFO - [2026-06-10T08:33:39.306+0000] {dag.py:3722} INFO - Setting next_dagrun for example_external_task_marker_parent to None, run_after=None
[2026-06-10T08:33:39.359+0000] {processor.py:179} INFO - Processing /home/airflow/.local/lib/python3.10/site-packages/airflow/example_dags/example_external_task_marker_dag.py took 0.127 seconds
[2026-06-10T08:34:14.402+0000] {processor.py:157} INFO - Started process (PID=731) to work on /home/airflow/.local/lib/python3.10/site-packages/airflow/example_dags/example_external_task_marker_dag.py
[2026-06-10T08:34:14.404+0000] {processor.py:829} INFO - Processing file /home/airflow/.local/lib/python3.10/site-packages/airflow/example_dags/example_external_task_marker_dag.py for tasks to queue
[2026-06-10T08:34:14.406+0000] {logging_mixin.py:154} INFO - [2026-06-10T08:34:14.406+0000] {dagbag.py:536} INFO - Filling up the DagBag from /home/airflow/.local/lib/python3.10/site-packages/airflow/example_dags/example_external_task_marker_dag.py
[2026-06-10T08:34:14.416+0000] {processor.py:839} INFO - DAG(s) dict_keys(['example_external_task_marker_parent', 'example_external_task_marker_child']) retrieved from /home/airflow/.local/lib/python3.10/site-packages/airflow/example_dags/example_external_task_marker_dag.py
[2026-06-10T08:34:14.451+0000] {logging_mixin.py:154} INFO - [2026-06-10T08:34:14.450+0000] {dag.py:2941} INFO - Sync 2 DAGs
[2026-06-10T08:34:14.472+0000] {logging_mixin.py:154} INFO - [2026-06-10T08:34:14.472+0000] {dag.py:3722} INFO - Setting next_dagrun for example_external_task_marker_child to None, run_after=None
[2026-06-10T08:34:14.477+0000] {logging_mixin.py:154} INFO - [2026-06-10T08:34:14.477+0000] {dag.py:3722} INFO - Setting next_dagrun for example_external_task_marker_parent to None, run_after=None
[2026-06-10T08:34:14.698+0000] {processor.py:179} INFO - Processing /home/airflow/.local/lib/python3.10/site-packages/airflow/example_dags/example_external_task_marker_dag.py took 0.301 seconds
[2026-06-10T08:34:45.645+0000] {processor.py:157} INFO - Started process (PID=782) to work on /home/airflow/.local/lib/python3.10/site-packages/airflow/example_dags/example_external_task_marker_dag.py
[2026-06-10T08:34:45.655+0000] {processor.py:829} INFO - Processing file /home/airflow/.local/lib/python3.10/site-packages/airflow/example_dags/example_external_task_marker_dag.py for tasks to queue
[2026-06-10T08:34:45.658+0000] {logging_mixin.py:154} INFO - [2026-06-10T08:34:45.657+0000] {dagbag.py:536} INFO - Filling up the DagBag from /home/airflow/.local/lib/python3.10/site-packages/airflow/example_dags/example_external_task_marker_dag.py
[2026-06-10T08:34:45.681+0000] {processor.py:839} INFO - DAG(s) dict_keys(['example_external_task_marker_parent', 'example_external_task_marker_child']) retrieved from /home/airflow/.local/lib/python3.10/site-packages/airflow/example_dags/example_external_task_marker_dag.py
[2026-06-10T08:34:45.751+0000] {logging_mixin.py:154} INFO - [2026-06-10T08:34:45.750+0000] {dag.py:2941} INFO - Sync 2 DAGs
[2026-06-10T08:34:45.788+0000] {logging_mixin.py:154} INFO - [2026-06-10T08:34:45.788+0000] {dag.py:3722} INFO - Setting next_dagrun for example_external_task_marker_child to None, run_after=None
[2026-06-10T08:34:45.796+0000] {logging_mixin.py:154} INFO - [2026-06-10T08:34:45.796+0000] {dag.py:3722} INFO - Setting next_dagrun for example_external_task_marker_parent to None, run_after=None
[2026-06-10T08:34:45.844+0000] {processor.py:179} INFO - Processing /home/airflow/.local/lib/python3.10/site-packages/airflow/example_dags/example_external_task_marker_dag.py took 0.205 seconds
[2026-06-10T08:35:16.439+0000] {processor.py:157} INFO - Started process (PID=833) to work on /home/airflow/.local/lib/python3.10/site-packages/airflow/example_dags/example_external_task_marker_dag.py
[2026-06-10T08:35:16.441+0000] {processor.py:829} INFO - Processing file /home/airflow/.local/lib/python3.10/site-packages/airflow/example_dags/example_external_task_marker_dag.py for tasks to queue
[2026-06-10T08:35:16.444+0000] {logging_mixin.py:154} INFO - [2026-06-10T08:35:16.443+0000] {dagbag.py:536} INFO - Filling up the DagBag from /home/airflow/.local/lib/python3.10/site-packages/airflow/example_dags/example_external_task_marker_dag.py
[2026-06-10T08:35:16.458+0000] {processor.py:839} INFO - DAG(s) dict_keys(['example_external_task_marker_child', 'example_external_task_marker_parent']) retrieved from /home/airflow/.local/lib/python3.10/site-packages/airflow/example_dags/example_external_task_marker_dag.py
[2026-06-10T08:35:16.530+0000] {logging_mixin.py:154} INFO - [2026-06-10T08:35:16.529+0000] {dag.py:2941} INFO - Sync 2 DAGs
[2026-06-10T08:35:16.590+0000] {logging_mixin.py:154} INFO - [2026-06-10T08:35:16.590+0000] {dag.py:3722} INFO - Setting next_dagrun for example_external_task_marker_child to None, run_after=None
[2026-06-10T08:35:16.604+0000] {logging_mixin.py:154} INFO - [2026-06-10T08:35:16.603+0000] {dag.py:3722} INFO - Setting next_dagrun for example_external_task_marker_parent to None, run_after=None
[2026-06-10T08:35:16.650+0000] {processor.py:179} INFO - Processing /home/airflow/.local/lib/python3.10/site-packages/airflow/example_dags/example_external_task_marker_dag.py took 0.227 seconds
[2026-06-10T08:35:47.399+0000] {processor.py:157} INFO - Started process (PID=884) to work on /home/airflow/.local/lib/python3.10/site-packages/airflow/example_dags/example_external_task_marker_dag.py
[2026-06-10T08:35:47.400+0000] {processor.py:829} INFO - Processing file /home/airflow/.local/lib/python3.10/site-packages/airflow/example_dags/example_external_task_marker_dag.py for tasks to queue
[2026-06-10T08:35:47.403+0000] {logging_mixin.py:154} INFO - [2026-06-10T08:35:47.402+0000] {dagbag.py:536} INFO - Filling up the DagBag from /home/airflow/.local/lib/python3.10/site-packages/airflow/example_dags/example_external_task_marker_dag.py
[2026-06-10T08:35:47.411+0000] {processor.py:839} INFO - DAG(s) dict_keys(['example_external_task_marker_parent', 'example_external_task_marker_child']) retrieved from /home/airflow/.local/lib/python3.10/site-packages/airflow/example_dags/example_external_task_marker_dag.py
[2026-06-10T08:35:47.445+0000] {logging_mixin.py:154} INFO - [2026-06-10T08:35:47.445+0000] {dag.py:2941} INFO - Sync 2 DAGs
[2026-06-10T08:35:47.685+0000] {logging_mixin.py:154} INFO - [2026-06-10T08:35:47.685+0000] {dag.py:3722} INFO - Setting next_dagrun for example_external_task_marker_child to None, run_after=None
[2026-06-10T08:35:47.690+0000] {logging_mixin.py:154} INFO - [2026-06-10T08:35:47.690+0000] {dag.py:3722} INFO - Setting next_dagrun for example_external_task_marker_parent to None, run_after=None
[2026-06-10T08:35:47.710+0000] {processor.py:179} INFO - Processing /home/airflow/.local/lib/python3.10/site-packages/airflow/example_dags/example_external_task_marker_dag.py took 0.317 seconds
[2026-06-10T08:36:17.974+0000] {processor.py:157} INFO - Started process (PID=935) to work on /home/airflow/.local/lib/python3.10/site-packages/airflow/example_dags/example_external_task_marker_dag.py
[2026-06-10T08:36:17.982+0000] {processor.py:829} INFO - Processing file /home/airflow/.local/lib/python3.10/site-packages/airflow/example_dags/example_external_task_marker_dag.py for tasks to queue
[2026-06-10T08:36:17.989+0000] {logging_mixin.py:154} INFO - [2026-06-10T08:36:17.988+0000] {dagbag.py:536} INFO - Filling up the DagBag from /home/airflow/.local/lib/python3.10/site-packages/airflow/example_dags/example_external_task_marker_dag.py
[2026-06-10T08:36:18.008+0000] {processor.py:839} INFO - DAG(s) dict_keys(['example_external_task_marker_child', 'example_external_task_marker_parent']) retrieved from /home/airflow/.local/lib/python3.10/site-packages/airflow/example_dags/example_external_task_marker_dag.py
[2026-06-10T08:36:18.075+0000] {logging_mixin.py:154} INFO - [2026-06-10T08:36:18.075+0000] {dag.py:2941} INFO - Sync 2 DAGs
[2026-06-10T08:36:18.112+0000] {logging_mixin.py:154} INFO - [2026-06-10T08:36:18.111+0000] {dag.py:3722} INFO - Setting next_dagrun for example_external_task_marker_child to None, run_after=None
[2026-06-10T08:36:18.123+0000] {logging_mixin.py:154} INFO - [2026-06-10T08:36:18.122+0000] {dag.py:3722} INFO - Setting next_dagrun for example_external_task_marker_parent to None, run_after=None
[2026-06-10T08:36:18.261+0000] {processor.py:179} INFO - Processing /home/airflow/.local/lib/python3.10/site-packages/airflow/example_dags/example_external_task_marker_dag.py took 0.297 seconds
[2026-06-10T08:36:55.226+0000] {processor.py:157} INFO - Started process (PID=986) to work on /home/airflow/.local/lib/python3.10/site-packages/airflow/example_dags/example_external_task_marker_dag.py
[2026-06-10T08:36:55.230+0000] {processor.py:829} INFO - Processing file /home/airflow/.local/lib/python3.10/site-packages/airflow/example_dags/example_external_task_marker_dag.py for tasks to queue
[2026-06-10T08:36:55.236+0000] {logging_mixin.py:154} INFO - [2026-06-10T08:36:55.236+0000] {dagbag.py:536} INFO - Filling up the DagBag from /home/airflow/.local/lib/python3.10/site-packages/airflow/example_dags/example_external_task_marker_dag.py
[2026-06-10T08:36:55.250+0000] {processor.py:839} INFO - DAG(s) dict_keys(['example_external_task_marker_child', 'example_external_task_marker_parent']) retrieved from /home/airflow/.local/lib/python3.10/site-packages/airflow/example_dags/example_external_task_marker_dag.py
[2026-06-10T08:36:55.291+0000] {logging_mixin.py:154} INFO - [2026-06-10T08:36:55.290+0000] {dag.py:2941} INFO - Sync 2 DAGs
[2026-06-10T08:36:55.310+0000] {logging_mixin.py:154} INFO - [2026-06-10T08:36:55.310+0000] {dag.py:3722} INFO - Setting next_dagrun for example_external_task_marker_child to None, run_after=None
[2026-06-10T08:36:55.315+0000] {logging_mixin.py:154} INFO - [2026-06-10T08:36:55.314+0000] {dag.py:3722} INFO - Setting next_dagrun for example_external_task_marker_parent to None, run_after=None
[2026-06-10T08:36:55.358+0000] {processor.py:179} INFO - Processing /home/airflow/.local/lib/python3.10/site-packages/airflow/example_dags/example_external_task_marker_dag.py took 0.137 seconds
[2026-06-10T08:37:29.219+0000] {processor.py:157} INFO - Started process (PID=1037) to work on /home/airflow/.local/lib/python3.10/site-packages/airflow/example_dags/example_external_task_marker_dag.py
[2026-06-10T08:37:29.226+0000] {processor.py:829} INFO - Processing file /home/airflow/.local/lib/python3.10/site-packages/airflow/example_dags/example_external_task_marker_dag.py for tasks to queue
[2026-06-10T08:37:29.229+0000] {logging_mixin.py:154} INFO - [2026-06-10T08:37:29.228+0000] {dagbag.py:536} INFO - Filling up the DagBag from /home/airflow/.local/lib/python3.10/site-packages/airflow/example_dags/example_external_task_marker_dag.py
[2026-06-10T08:37:29.250+0000] {processor.py:839} INFO - DAG(s) dict_keys(['example_external_task_marker_child', 'example_external_task_marker_parent']) retrieved from /home/airflow/.local/lib/python3.10/site-packages/airflow/example_dags/example_external_task_marker_dag.py
[2026-06-10T08:37:29.296+0000] {logging_mixin.py:154} INFO - [2026-06-10T08:37:29.295+0000] {dag.py:2941} INFO - Sync 2 DAGs
[2026-06-10T08:37:29.625+0000] {logging_mixin.py:154} INFO - [2026-06-10T08:37:29.625+0000] {dag.py:3722} INFO - Setting next_dagrun for example_external_task_marker_child to None, run_after=None
[2026-06-10T08:37:29.638+0000] {logging_mixin.py:154} INFO - [2026-06-10T08:37:29.637+0000] {dag.py:3722} INFO - Setting next_dagrun for example_external_task_marker_parent to None, run_after=None
[2026-06-10T08:37:29.681+0000] {processor.py:179} INFO - Processing /home/airflow/.local/lib/python3.10/site-packages/airflow/example_dags/example_external_task_marker_dag.py took 0.478 seconds
[2026-06-10T08:38:00.335+0000] {processor.py:157} INFO - Started process (PID=1088) to work on /home/airflow/.local/lib/python3.10/site-packages/airflow/example_dags/example_external_task_marker_dag.py
[2026-06-10T08:38:00.339+0000] {processor.py:829} INFO - Processing file /home/airflow/.local/lib/python3.10/site-packages/airflow/example_dags/example_external_task_marker_dag.py for tasks to queue
[2026-06-10T08:38:00.349+0000] {logging_mixin.py:154} INFO - [2026-06-10T08:38:00.348+0000] {dagbag.py:536} INFO - Filling up the DagBag from /home/airflow/.local/lib/python3.10/site-packages/airflow/example_dags/example_external_task_marker_dag.py
[2026-06-10T08:38:00.375+0000] {processor.py:839} INFO - DAG(s) dict_keys(['example_external_task_marker_child', 'example_external_task_marker_parent']) retrieved from /home/airflow/.local/lib/python3.10/site-packages/airflow/example_dags/example_external_task_marker_dag.py
[2026-06-10T08:38:00.471+0000] {logging_mixin.py:154} INFO - [2026-06-10T08:38:00.471+0000] {dag.py:2941} INFO - Sync 2 DAGs
[2026-06-10T08:38:00.530+0000] {logging_mixin.py:154} INFO - [2026-06-10T08:38:00.530+0000] {dag.py:3722} INFO - Setting next_dagrun for example_external_task_marker_child to None, run_after=None
[2026-06-10T08:38:00.556+0000] {logging_mixin.py:154} INFO - [2026-06-10T08:38:00.555+0000] {dag.py:3722} INFO - Setting next_dagrun for example_external_task_marker_parent to None, run_after=None
[2026-06-10T08:38:00.651+0000] {processor.py:179} INFO - Processing /home/airflow/.local/lib/python3.10/site-packages/airflow/example_dags/example_external_task_marker_dag.py took 0.335 seconds
[2026-06-10T08:38:31.196+0000] {processor.py:157} INFO - Started process (PID=1139) to work on /home/airflow/.local/lib/python3.10/site-packages/airflow/example_dags/example_external_task_marker_dag.py
[2026-06-10T08:38:31.197+0000] {processor.py:829} INFO - Processing file /home/airflow/.local/lib/python3.10/site-packages/airflow/example_dags/example_external_task_marker_dag.py for tasks to queue
[2026-06-10T08:38:31.199+0000] {logging_mixin.py:154} INFO - [2026-06-10T08:38:31.199+0000] {dagbag.py:536} INFO - Filling up the DagBag from /home/airflow/.local/lib/python3.10/site-packages/airflow/example_dags/example_external_task_marker_dag.py
[2026-06-10T08:38:31.206+0000] {processor.py:839} INFO - DAG(s) dict_keys(['example_external_task_marker_child', 'example_external_task_marker_parent']) retrieved from /home/airflow/.local/lib/python3.10/site-packages/airflow/example_dags/example_external_task_marker_dag.py
[2026-06-10T08:38:31.233+0000] {logging_mixin.py:154} INFO - [2026-06-10T08:38:31.232+0000] {dag.py:2941} INFO - Sync 2 DAGs
[2026-06-10T08:38:31.247+0000] {logging_mixin.py:154} INFO - [2026-06-10T08:38:31.247+0000] {dag.py:3722} INFO - Setting next_dagrun for example_external_task_marker_child to None, run_after=None
[2026-06-10T08:38:31.251+0000] {logging_mixin.py:154} INFO - [2026-06-10T08:38:31.251+0000] {dag.py:3722} INFO - Setting next_dagrun for example_external_task_marker_parent to None, run_after=None
[2026-06-10T08:38:31.268+0000] {processor.py:179} INFO - Processing /home/airflow/.local/lib/python3.10/site-packages/airflow/example_dags/example_external_task_marker_dag.py took 0.076 seconds
[2026-06-10T08:39:02.081+0000] {processor.py:157} INFO - Started process (PID=1190) to work on /home/airflow/.local/lib/python3.10/site-packages/airflow/example_dags/example_external_task_marker_dag.py
[2026-06-10T08:39:02.082+0000] {processor.py:829} INFO - Processing file /home/airflow/.local/lib/python3.10/site-packages/airflow/example_dags/example_external_task_marker_dag.py for tasks to queue
[2026-06-10T08:39:02.084+0000] {logging_mixin.py:154} INFO - [2026-06-10T08:39:02.084+0000] {dagbag.py:536} INFO - Filling up the DagBag from /home/airflow/.local/lib/python3.10/site-packages/airflow/example_dags/example_external_task_marker_dag.py
[2026-06-10T08:39:02.091+0000] {processor.py:839} INFO - DAG(s) dict_keys(['example_external_task_marker_parent', 'example_external_task_marker_child']) retrieved from /home/airflow/.local/lib/python3.10/site-packages/airflow/example_dags/example_external_task_marker_dag.py
[2026-06-10T08:39:02.118+0000] {logging_mixin.py:154} INFO - [2026-06-10T08:39:02.118+0000] {dag.py:2941} INFO - Sync 2 DAGs
[2026-06-10T08:39:02.132+0000] {logging_mixin.py:154} INFO - [2026-06-10T08:39:02.132+0000] {dag.py:3722} INFO - Setting next_dagrun for example_external_task_marker_child to None, run_after=None
[2026-06-10T08:39:02.136+0000] {logging_mixin.py:154} INFO - [2026-06-10T08:39:02.136+0000] {dag.py:3722} INFO - Setting next_dagrun for example_external_task_marker_parent to None, run_after=None
[2026-06-10T08:39:02.153+0000] {processor.py:179} INFO - Processing /home/airflow/.local/lib/python3.10/site-packages/airflow/example_dags/example_external_task_marker_dag.py took 0.076 seconds
[2026-06-10T08:39:34.045+0000] {processor.py:157} INFO - Started process (PID=1241) to work on /home/airflow/.local/lib/python3.10/site-packages/airflow/example_dags/example_external_task_marker_dag.py
[2026-06-10T08:39:34.050+0000] {processor.py:829} INFO - Processing file /home/airflow/.local/lib/python3.10/site-packages/airflow/example_dags/example_external_task_marker_dag.py for tasks to queue
[2026-06-10T08:39:34.053+0000] {logging_mixin.py:154} INFO - [2026-06-10T08:39:34.052+0000] {dagbag.py:536} INFO - Filling up the DagBag from /home/airflow/.local/lib/python3.10/site-packages/airflow/example_dags/example_external_task_marker_dag.py
[2026-06-10T08:39:34.066+0000] {processor.py:839} INFO - DAG(s) dict_keys(['example_external_task_marker_child', 'example_external_task_marker_parent']) retrieved from /home/airflow/.local/lib/python3.10/site-packages/airflow/example_dags/example_external_task_marker_dag.py
[2026-06-10T08:39:34.163+0000] {logging_mixin.py:154} INFO - [2026-06-10T08:39:34.163+0000] {dag.py:2941} INFO - Sync 2 DAGs
[2026-06-10T08:39:34.197+0000] {logging_mixin.py:154} INFO - [2026-06-10T08:39:34.197+0000] {dag.py:3722} INFO - Setting next_dagrun for example_external_task_marker_child to None, run_after=None
[2026-06-10T08:39:34.214+0000] {logging_mixin.py:154} INFO - [2026-06-10T08:39:34.214+0000] {dag.py:3722} INFO - Setting next_dagrun for example_external_task_marker_parent to None, run_after=None
[2026-06-10T08:39:34.293+0000] {processor.py:179} INFO - Processing /home/airflow/.local/lib/python3.10/site-packages/airflow/example_dags/example_external_task_marker_dag.py took 0.260 seconds
[2026-06-10T08:40:05.541+0000] {processor.py:157} INFO - Started process (PID=1292) to work on /home/airflow/.local/lib/python3.10/site-packages/airflow/example_dags/example_external_task_marker_dag.py
[2026-06-10T08:40:05.555+0000] {processor.py:829} INFO - Processing file /home/airflow/.local/lib/python3.10/site-packages/airflow/example_dags/example_external_task_marker_dag.py for tasks to queue
[2026-06-10T08:40:05.558+0000] {logging_mixin.py:154} INFO - [2026-06-10T08:40:05.557+0000] {dagbag.py:536} INFO - Filling up the DagBag from /home/airflow/.local/lib/python3.10/site-packages/airflow/example_dags/example_external_task_marker_dag.py
[2026-06-10T08:40:05.589+0000] {processor.py:839} INFO - DAG(s) dict_keys(['example_external_task_marker_child', 'example_external_task_marker_parent']) retrieved from /home/airflow/.local/lib/python3.10/site-packages/airflow/example_dags/example_external_task_marker_dag.py
[2026-06-10T08:40:05.727+0000] {logging_mixin.py:154} INFO - [2026-06-10T08:40:05.727+0000] {dag.py:2941} INFO - Sync 2 DAGs
[2026-06-10T08:40:05.786+0000] {logging_mixin.py:154} INFO - [2026-06-10T08:40:05.785+0000] {dag.py:3722} INFO - Setting next_dagrun for example_external_task_marker_child to None, run_after=None
[2026-06-10T08:40:05.816+0000] {logging_mixin.py:154} INFO - [2026-06-10T08:40:05.815+0000] {dag.py:3722} INFO - Setting next_dagrun for example_external_task_marker_parent to None, run_after=None
[2026-06-10T08:40:05.919+0000] {processor.py:179} INFO - Processing /home/airflow/.local/lib/python3.10/site-packages/airflow/example_dags/example_external_task_marker_dag.py took 0.395 seconds
[2026-06-10T08:40:36.029+0000] {processor.py:157} INFO - Started process (PID=1342) to work on /home/airflow/.local/lib/python3.10/site-packages/airflow/example_dags/example_external_task_marker_dag.py
[2026-06-10T08:40:36.032+0000] {processor.py:829} INFO - Processing file /home/airflow/.local/lib/python3.10/site-packages/airflow/example_dags/example_external_task_marker_dag.py for tasks to queue
[2026-06-10T08:40:36.034+0000] {logging_mixin.py:154} INFO - [2026-06-10T08:40:36.034+0000] {dagbag.py:536} INFO - Filling up the DagBag from /home/airflow/.local/lib/python3.10/site-packages/airflow/example_dags/example_external_task_marker_dag.py
[2026-06-10T08:40:36.044+0000] {processor.py:839} INFO - DAG(s) dict_keys(['example_external_task_marker_parent', 'example_external_task_marker_child']) retrieved from /home/airflow/.local/lib/python3.10/site-packages/airflow/example_dags/example_external_task_marker_dag.py
[2026-06-10T08:40:36.071+0000] {logging_mixin.py:154} INFO - [2026-06-10T08:40:36.071+0000] {dag.py:2941} INFO - Sync 2 DAGs
[2026-06-10T08:40:36.087+0000] {logging_mixin.py:154} INFO - [2026-06-10T08:40:36.087+0000] {dag.py:3722} INFO - Setting next_dagrun for example_external_task_marker_child to None, run_after=None
[2026-06-10T08:40:36.092+0000] {logging_mixin.py:154} INFO - [2026-06-10T08:40:36.091+0000] {dag.py:3722} INFO - Setting next_dagrun for example_external_task_marker_parent to None, run_after=None
[2026-06-10T08:40:36.121+0000] {processor.py:179} INFO - Processing /home/airflow/.local/lib/python3.10/site-packages/airflow/example_dags/example_external_task_marker_dag.py took 0.097 seconds
[2026-06-10T08:41:06.735+0000] {processor.py:157} INFO - Started process (PID=1392) to work on /home/airflow/.local/lib/python3.10/site-packages/airflow/example_dags/example_external_task_marker_dag.py
[2026-06-10T08:41:06.736+0000] {processor.py:829} INFO - Processing file /home/airflow/.local/lib/python3.10/site-packages/airflow/example_dags/example_external_task_marker_dag.py for tasks to queue
[2026-06-10T08:41:06.739+0000] {logging_mixin.py:154} INFO - [2026-06-10T08:41:06.738+0000] {dagbag.py:536} INFO - Filling up the DagBag from /home/airflow/.local/lib/python3.10/site-packages/airflow/example_dags/example_external_task_marker_dag.py
[2026-06-10T08:41:06.748+0000] {processor.py:839} INFO - DAG(s) dict_keys(['example_external_task_marker_child', 'example_external_task_marker_parent']) retrieved from /home/airflow/.local/lib/python3.10/site-packages/airflow/example_dags/example_external_task_marker_dag.py
[2026-06-10T08:41:06.781+0000] {logging_mixin.py:154} INFO - [2026-06-10T08:41:06.781+0000] {dag.py:2941} INFO - Sync 2 DAGs
[2026-06-10T08:41:06.800+0000] {logging_mixin.py:154} INFO - [2026-06-10T08:41:06.799+0000] {dag.py:3722} INFO - Setting next_dagrun for example_external_task_marker_child to None, run_after=None
[2026-06-10T08:41:06.812+0000] {logging_mixin.py:154} INFO - [2026-06-10T08:41:06.812+0000] {dag.py:3722} INFO - Setting next_dagrun for example_external_task_marker_parent to None, run_after=None
[2026-06-10T08:41:06.852+0000] {processor.py:179} INFO - Processing /home/airflow/.local/lib/python3.10/site-packages/airflow/example_dags/example_external_task_marker_dag.py took 0.122 seconds
[2026-06-10T08:41:37.944+0000] {processor.py:157} INFO - Started process (PID=1442) to work on /home/airflow/.local/lib/python3.10/site-packages/airflow/example_dags/example_external_task_marker_dag.py
[2026-06-10T08:41:37.951+0000] {processor.py:829} INFO - Processing file /home/airflow/.local/lib/python3.10/site-packages/airflow/example_dags/example_external_task_marker_dag.py for tasks to queue
[2026-06-10T08:41:37.952+0000] {logging_mixin.py:154} INFO - [2026-06-10T08:41:37.952+0000] {dagbag.py:536} INFO - Filling up the DagBag from /home/airflow/.local/lib/python3.10/site-packages/airflow/example_dags/example_external_task_marker_dag.py
[2026-06-10T08:41:37.973+0000] {processor.py:839} INFO - DAG(s) dict_keys(['example_external_task_marker_child', 'example_external_task_marker_parent']) retrieved from /home/airflow/.local/lib/python3.10/site-packages/airflow/example_dags/example_external_task_marker_dag.py
[2026-06-10T08:41:38.051+0000] {logging_mixin.py:154} INFO - [2026-06-10T08:41:38.051+0000] {dag.py:2941} INFO - Sync 2 DAGs
[2026-06-10T08:41:38.083+0000] {logging_mixin.py:154} INFO - [2026-06-10T08:41:38.083+0000] {dag.py:3722} INFO - Setting next_dagrun for example_external_task_marker_child to None, run_after=None
[2026-06-10T08:41:38.098+0000] {logging_mixin.py:154} INFO - [2026-06-10T08:41:38.098+0000] {dag.py:3722} INFO - Setting next_dagrun for example_external_task_marker_parent to None, run_after=None
[2026-06-10T08:41:38.140+0000] {processor.py:179} INFO - Processing /home/airflow/.local/lib/python3.10/site-packages/airflow/example_dags/example_external_task_marker_dag.py took 0.213 seconds
[2026-06-10T08:42:08.554+0000] {processor.py:157} INFO - Started process (PID=1493) to work on /home/airflow/.local/lib/python3.10/site-packages/airflow/example_dags/example_external_task_marker_dag.py
[2026-06-10T08:42:08.561+0000] {processor.py:829} INFO - Processing file /home/airflow/.local/lib/python3.10/site-packages/airflow/example_dags/example_external_task_marker_dag.py for tasks to queue
[2026-06-10T08:42:08.564+0000] {logging_mixin.py:154} INFO - [2026-06-10T08:42:08.563+0000] {dagbag.py:536} INFO - Filling up the DagBag from /home/airflow/.local/lib/python3.10/site-packages/airflow/example_dags/example_external_task_marker_dag.py
[2026-06-10T08:42:08.581+0000] {processor.py:839} INFO - DAG(s) dict_keys(['example_external_task_marker_parent', 'example_external_task_marker_child']) retrieved from /home/airflow/.local/lib/python3.10/site-packages/airflow/example_dags/example_external_task_marker_dag.py
[2026-06-10T08:42:08.667+0000] {logging_mixin.py:154} INFO - [2026-06-10T08:42:08.667+0000] {dag.py:2941} INFO - Sync 2 DAGs
[2026-06-10T08:42:08.712+0000] {logging_mixin.py:154} INFO - [2026-06-10T08:42:08.712+0000] {dag.py:3722} INFO - Setting next_dagrun for example_external_task_marker_child to None, run_after=None
[2026-06-10T08:42:08.724+0000] {logging_mixin.py:154} INFO - [2026-06-10T08:42:08.724+0000] {dag.py:3722} INFO - Setting next_dagrun for example_external_task_marker_parent to None, run_after=None
[2026-06-10T08:42:08.829+0000] {processor.py:179} INFO - Processing /home/airflow/.local/lib/python3.10/site-packages/airflow/example_dags/example_external_task_marker_dag.py took 0.306 seconds
[2026-06-10T08:42:39.318+0000] {processor.py:157} INFO - Started process (PID=1544) to work on /home/airflow/.local/lib/python3.10/site-packages/airflow/example_dags/example_external_task_marker_dag.py
[2026-06-10T08:42:39.319+0000] {processor.py:829} INFO - Processing file /home/airflow/.local/lib/python3.10/site-packages/airflow/example_dags/example_external_task_marker_dag.py for tasks to queue
[2026-06-10T08:42:39.320+0000] {logging_mixin.py:154} INFO - [2026-06-10T08:42:39.320+0000] {dagbag.py:536} INFO - Filling up the DagBag from /home/airflow/.local/lib/python3.10/site-packages/airflow/example_dags/example_external_task_marker_dag.py
[2026-06-10T08:42:39.331+0000] {processor.py:839} INFO - DAG(s) dict_keys(['example_external_task_marker_parent', 'example_external_task_marker_child']) retrieved from /home/airflow/.local/lib/python3.10/site-packages/airflow/example_dags/example_external_task_marker_dag.py
[2026-06-10T08:42:39.381+0000] {logging_mixin.py:154} INFO - [2026-06-10T08:42:39.380+0000] {dag.py:2941} INFO - Sync 2 DAGs
[2026-06-10T08:42:39.401+0000] {logging_mixin.py:154} INFO - [2026-06-10T08:42:39.400+0000] {dag.py:3722} INFO - Setting next_dagrun for example_external_task_marker_child to None, run_after=None
[2026-06-10T08:42:39.405+0000] {logging_mixin.py:154} INFO - [2026-06-10T08:42:39.405+0000] {dag.py:3722} INFO - Setting next_dagrun for example_external_task_marker_parent to None, run_after=None
[2026-06-10T08:42:39.429+0000] {processor.py:179} INFO - Processing /home/airflow/.local/lib/python3.10/site-packages/airflow/example_dags/example_external_task_marker_dag.py took 0.116 seconds
[2026-06-10T08:45:34.396+0000] {processor.py:157} INFO - Started process (PID=68) to work on /home/airflow/.local/lib/python3.10/site-packages/airflow/example_dags/example_external_task_marker_dag.py
[2026-06-10T08:45:34.406+0000] {processor.py:829} INFO - Processing file /home/airflow/.local/lib/python3.10/site-packages/airflow/example_dags/example_external_task_marker_dag.py for tasks to queue
[2026-06-10T08:45:34.409+0000] {logging_mixin.py:154} INFO - [2026-06-10T08:45:34.408+0000] {dagbag.py:536} INFO - Filling up the DagBag from /home/airflow/.local/lib/python3.10/site-packages/airflow/example_dags/example_external_task_marker_dag.py
[2026-06-10T08:45:34.518+0000] {processor.py:839} INFO - DAG(s) dict_keys(['example_external_task_marker_parent', 'example_external_task_marker_child']) retrieved from /home/airflow/.local/lib/python3.10/site-packages/airflow/example_dags/example_external_task_marker_dag.py
[2026-06-10T08:45:34.895+0000] {logging_mixin.py:154} INFO - [2026-06-10T08:45:34.895+0000] {dag.py:2941} INFO - Sync 2 DAGs
[2026-06-10T08:45:35.031+0000] {logging_mixin.py:154} INFO - [2026-06-10T08:45:35.031+0000] {dag.py:3722} INFO - Setting next_dagrun for example_external_task_marker_child to None, run_after=None
[2026-06-10T08:45:35.056+0000] {logging_mixin.py:154} INFO - [2026-06-10T08:45:35.055+0000] {dag.py:3722} INFO - Setting next_dagrun for example_external_task_marker_parent to None, run_after=None
[2026-06-10T08:45:35.175+0000] {processor.py:179} INFO - Processing /home/airflow/.local/lib/python3.10/site-packages/airflow/example_dags/example_external_task_marker_dag.py took 0.810 seconds
[2026-06-10T08:46:05.740+0000] {processor.py:157} INFO - Started process (PID=118) to work on /home/airflow/.local/lib/python3.10/site-packages/airflow/example_dags/example_external_task_marker_dag.py
[2026-06-10T08:46:05.751+0000] {processor.py:829} INFO - Processing file /home/airflow/.local/lib/python3.10/site-packages/airflow/example_dags/example_external_task_marker_dag.py for tasks to queue
[2026-06-10T08:46:05.752+0000] {logging_mixin.py:154} INFO - [2026-06-10T08:46:05.752+0000] {dagbag.py:536} INFO - Filling up the DagBag from /home/airflow/.local/lib/python3.10/site-packages/airflow/example_dags/example_external_task_marker_dag.py
[2026-06-10T08:46:05.762+0000] {processor.py:839} INFO - DAG(s) dict_keys(['example_external_task_marker_child', 'example_external_task_marker_parent']) retrieved from /home/airflow/.local/lib/python3.10/site-packages/airflow/example_dags/example_external_task_marker_dag.py
[2026-06-10T08:46:05.798+0000] {logging_mixin.py:154} INFO - [2026-06-10T08:46:05.798+0000] {dag.py:2941} INFO - Sync 2 DAGs
[2026-06-10T08:46:05.821+0000] {logging_mixin.py:154} INFO - [2026-06-10T08:46:05.821+0000] {dag.py:3722} INFO - Setting next_dagrun for example_external_task_marker_child to None, run_after=None
[2026-06-10T08:46:05.829+0000] {logging_mixin.py:154} INFO - [2026-06-10T08:46:05.828+0000] {dag.py:3722} INFO - Setting next_dagrun for example_external_task_marker_parent to None, run_after=None
[2026-06-10T08:46:05.854+0000] {processor.py:179} INFO - Processing /home/airflow/.local/lib/python3.10/site-packages/airflow/example_dags/example_external_task_marker_dag.py took 0.123 seconds
[2026-06-10T08:46:36.029+0000] {processor.py:157} INFO - Started process (PID=168) to work on /home/airflow/.local/lib/python3.10/site-packages/airflow/example_dags/example_external_task_marker_dag.py
[2026-06-10T08:46:36.030+0000] {processor.py:829} INFO - Processing file /home/airflow/.local/lib/python3.10/site-packages/airflow/example_dags/example_external_task_marker_dag.py for tasks to queue
[2026-06-10T08:46:36.031+0000] {logging_mixin.py:154} INFO - [2026-06-10T08:46:36.030+0000] {dagbag.py:536} INFO - Filling up the DagBag from /home/airflow/.local/lib/python3.10/site-packages/airflow/example_dags/example_external_task_marker_dag.py
[2026-06-10T08:46:36.041+0000] {processor.py:839} INFO - DAG(s) dict_keys(['example_external_task_marker_child', 'example_external_task_marker_parent']) retrieved from /home/airflow/.local/lib/python3.10/site-packages/airflow/example_dags/example_external_task_marker_dag.py
[2026-06-10T08:46:36.074+0000] {logging_mixin.py:154} INFO - [2026-06-10T08:46:36.074+0000] {dag.py:2941} INFO - Sync 2 DAGs
[2026-06-10T08:46:36.093+0000] {logging_mixin.py:154} INFO - [2026-06-10T08:46:36.093+0000] {dag.py:3722} INFO - Setting next_dagrun for example_external_task_marker_child to None, run_after=None
[2026-06-10T08:46:36.098+0000] {logging_mixin.py:154} INFO - [2026-06-10T08:46:36.097+0000] {dag.py:3722} INFO - Setting next_dagrun for example_external_task_marker_parent to None, run_after=None
[2026-06-10T08:46:36.121+0000] {processor.py:179} INFO - Processing /home/airflow/.local/lib/python3.10/site-packages/airflow/example_dags/example_external_task_marker_dag.py took 0.111 seconds
[2026-06-10T08:47:06.638+0000] {processor.py:157} INFO - Started process (PID=218) to work on /home/airflow/.local/lib/python3.10/site-packages/airflow/example_dags/example_external_task_marker_dag.py
[2026-06-10T08:47:06.643+0000] {processor.py:829} INFO - Processing file /home/airflow/.local/lib/python3.10/site-packages/airflow/example_dags/example_external_task_marker_dag.py for tasks to queue
[2026-06-10T08:47:06.644+0000] {logging_mixin.py:154} INFO - [2026-06-10T08:47:06.644+0000] {dagbag.py:536} INFO - Filling up the DagBag from /home/airflow/.local/lib/python3.10/site-packages/airflow/example_dags/example_external_task_marker_dag.py
[2026-06-10T08:47:06.655+0000] {processor.py:839} INFO - DAG(s) dict_keys(['example_external_task_marker_parent', 'example_external_task_marker_child']) retrieved from /home/airflow/.local/lib/python3.10/site-packages/airflow/example_dags/example_external_task_marker_dag.py
[2026-06-10T08:47:06.693+0000] {logging_mixin.py:154} INFO - [2026-06-10T08:47:06.692+0000] {dag.py:2941} INFO - Sync 2 DAGs
[2026-06-10T08:47:06.715+0000] {logging_mixin.py:154} INFO - [2026-06-10T08:47:06.715+0000] {dag.py:3722} INFO - Setting next_dagrun for example_external_task_marker_child to None, run_after=None
[2026-06-10T08:47:06.720+0000] {logging_mixin.py:154} INFO - [2026-06-10T08:47:06.720+0000] {dag.py:3722} INFO - Setting next_dagrun for example_external_task_marker_parent to None, run_after=None
[2026-06-10T08:47:06.742+0000] {processor.py:179} INFO - Processing /home/airflow/.local/lib/python3.10/site-packages/airflow/example_dags/example_external_task_marker_dag.py took 0.108 seconds
[2026-06-10T08:47:37.039+0000] {processor.py:157} INFO - Started process (PID=268) to work on /home/airflow/.local/lib/python3.10/site-packages/airflow/example_dags/example_external_task_marker_dag.py
[2026-06-10T08:47:37.041+0000] {processor.py:829} INFO - Processing file /home/airflow/.local/lib/python3.10/site-packages/airflow/example_dags/example_external_task_marker_dag.py for tasks to queue
[2026-06-10T08:47:37.042+0000] {logging_mixin.py:154} INFO - [2026-06-10T08:47:37.041+0000] {dagbag.py:536} INFO - Filling up the DagBag from /home/airflow/.local/lib/python3.10/site-packages/airflow/example_dags/example_external_task_marker_dag.py
[2026-06-10T08:47:37.051+0000] {processor.py:839} INFO - DAG(s) dict_keys(['example_external_task_marker_parent', 'example_external_task_marker_child']) retrieved from /home/airflow/.local/lib/python3.10/site-packages/airflow/example_dags/example_external_task_marker_dag.py
[2026-06-10T08:47:37.102+0000] {logging_mixin.py:154} INFO - [2026-06-10T08:47:37.102+0000] {dag.py:2941} INFO - Sync 2 DAGs
[2026-06-10T08:47:37.142+0000] {logging_mixin.py:154} INFO - [2026-06-10T08:47:37.141+0000] {dag.py:3722} INFO - Setting next_dagrun for example_external_task_marker_child to None, run_after=None
[2026-06-10T08:47:37.156+0000] {logging_mixin.py:154} INFO - [2026-06-10T08:47:37.155+0000] {dag.py:3722} INFO - Setting next_dagrun for example_external_task_marker_parent to None, run_after=None
[2026-06-10T08:47:37.204+0000] {processor.py:179} INFO - Processing /home/airflow/.local/lib/python3.10/site-packages/airflow/example_dags/example_external_task_marker_dag.py took 0.170 seconds
[2026-06-10T08:48:07.721+0000] {processor.py:157} INFO - Started process (PID=320) to work on /home/airflow/.local/lib/python3.10/site-packages/airflow/example_dags/example_external_task_marker_dag.py
[2026-06-10T08:48:07.731+0000] {processor.py:829} INFO - Processing file /home/airflow/.local/lib/python3.10/site-packages/airflow/example_dags/example_external_task_marker_dag.py for tasks to queue
[2026-06-10T08:48:07.732+0000] {logging_mixin.py:154} INFO - [2026-06-10T08:48:07.732+0000] {dagbag.py:536} INFO - Filling up the DagBag from /home/airflow/.local/lib/python3.10/site-packages/airflow/example_dags/example_external_task_marker_dag.py
[2026-06-10T08:48:07.753+0000] {processor.py:839} INFO - DAG(s) dict_keys(['example_external_task_marker_child', 'example_external_task_marker_parent']) retrieved from /home/airflow/.local/lib/python3.10/site-packages/airflow/example_dags/example_external_task_marker_dag.py
[2026-06-10T08:48:07.845+0000] {logging_mixin.py:154} INFO - [2026-06-10T08:48:07.844+0000] {dag.py:2941} INFO - Sync 2 DAGs
[2026-06-10T08:48:07.892+0000] {logging_mixin.py:154} INFO - [2026-06-10T08:48:07.892+0000] {dag.py:3722} INFO - Setting next_dagrun for example_external_task_marker_child to None, run_after=None
[2026-06-10T08:48:07.908+0000] {logging_mixin.py:154} INFO - [2026-06-10T08:48:07.907+0000] {dag.py:3722} INFO - Setting next_dagrun for example_external_task_marker_parent to None, run_after=None
[2026-06-10T08:48:07.958+0000] {processor.py:179} INFO - Processing /home/airflow/.local/lib/python3.10/site-packages/airflow/example_dags/example_external_task_marker_dag.py took 0.242 seconds
[2026-06-10T08:50:46.384+0000] {processor.py:157} INFO - Started process (PID=69) to work on /home/airflow/.local/lib/python3.10/site-packages/airflow/example_dags/example_external_task_marker_dag.py
[2026-06-10T08:50:46.403+0000] {processor.py:829} INFO - Processing file /home/airflow/.local/lib/python3.10/site-packages/airflow/example_dags/example_external_task_marker_dag.py for tasks to queue
[2026-06-10T08:50:46.420+0000] {logging_mixin.py:154} INFO - [2026-06-10T08:50:46.420+0000] {dagbag.py:536} INFO - Filling up the DagBag from /home/airflow/.local/lib/python3.10/site-packages/airflow/example_dags/example_external_task_marker_dag.py
[2026-06-10T08:50:46.494+0000] {processor.py:839} INFO - DAG(s) dict_keys(['example_external_task_marker_child', 'example_external_task_marker_parent']) retrieved from /home/airflow/.local/lib/python3.10/site-packages/airflow/example_dags/example_external_task_marker_dag.py
[2026-06-10T08:50:46.723+0000] {logging_mixin.py:154} INFO - [2026-06-10T08:50:46.723+0000] {dag.py:2941} INFO - Sync 2 DAGs
[2026-06-10T08:50:46.853+0000] {logging_mixin.py:154} INFO - [2026-06-10T08:50:46.853+0000] {dag.py:3722} INFO - Setting next_dagrun for example_external_task_marker_child to None, run_after=None
[2026-06-10T08:50:46.897+0000] {logging_mixin.py:154} INFO - [2026-06-10T08:50:46.897+0000] {dag.py:3722} INFO - Setting next_dagrun for example_external_task_marker_parent to None, run_after=None
[2026-06-10T08:50:47.005+0000] {processor.py:179} INFO - Processing /home/airflow/.local/lib/python3.10/site-packages/airflow/example_dags/example_external_task_marker_dag.py took 0.657 seconds
[2026-06-10T08:51:17.731+0000] {processor.py:157} INFO - Started process (PID=120) to work on /home/airflow/.local/lib/python3.10/site-packages/airflow/example_dags/example_external_task_marker_dag.py
[2026-06-10T08:51:17.733+0000] {processor.py:829} INFO - Processing file /home/airflow/.local/lib/python3.10/site-packages/airflow/example_dags/example_external_task_marker_dag.py for tasks to queue
[2026-06-10T08:51:17.735+0000] {logging_mixin.py:154} INFO - [2026-06-10T08:51:17.735+0000] {dagbag.py:536} INFO - Filling up the DagBag from /home/airflow/.local/lib/python3.10/site-packages/airflow/example_dags/example_external_task_marker_dag.py
[2026-06-10T08:51:17.749+0000] {processor.py:839} INFO - DAG(s) dict_keys(['example_external_task_marker_child', 'example_external_task_marker_parent']) retrieved from /home/airflow/.local/lib/python3.10/site-packages/airflow/example_dags/example_external_task_marker_dag.py
[2026-06-10T08:51:17.827+0000] {logging_mixin.py:154} INFO - [2026-06-10T08:51:17.827+0000] {dag.py:2941} INFO - Sync 2 DAGs
[2026-06-10T08:51:17.903+0000] {logging_mixin.py:154} INFO - [2026-06-10T08:51:17.903+0000] {dag.py:3722} INFO - Setting next_dagrun for example_external_task_marker_child to None, run_after=None
[2026-06-10T08:51:17.914+0000] {logging_mixin.py:154} INFO - [2026-06-10T08:51:17.913+0000] {dag.py:3722} INFO - Setting next_dagrun for example_external_task_marker_parent to None, run_after=None
[2026-06-10T08:51:17.985+0000] {processor.py:179} INFO - Processing /home/airflow/.local/lib/python3.10/site-packages/airflow/example_dags/example_external_task_marker_dag.py took 0.278 seconds
[2026-06-10T08:51:48.881+0000] {processor.py:157} INFO - Started process (PID=171) to work on /home/airflow/.local/lib/python3.10/site-packages/airflow/example_dags/example_external_task_marker_dag.py
[2026-06-10T08:51:48.888+0000] {processor.py:829} INFO - Processing file /home/airflow/.local/lib/python3.10/site-packages/airflow/example_dags/example_external_task_marker_dag.py for tasks to queue
[2026-06-10T08:51:48.902+0000] {logging_mixin.py:154} INFO - [2026-06-10T08:51:48.902+0000] {dagbag.py:536} INFO - Filling up the DagBag from /home/airflow/.local/lib/python3.10/site-packages/airflow/example_dags/example_external_task_marker_dag.py
[2026-06-10T08:51:48.917+0000] {processor.py:839} INFO - DAG(s) dict_keys(['example_external_task_marker_parent', 'example_external_task_marker_child']) retrieved from /home/airflow/.local/lib/python3.10/site-packages/airflow/example_dags/example_external_task_marker_dag.py
[2026-06-10T08:51:48.992+0000] {logging_mixin.py:154} INFO - [2026-06-10T08:51:48.992+0000] {dag.py:2941} INFO - Sync 2 DAGs
[2026-06-10T08:51:49.011+0000] {logging_mixin.py:154} INFO - [2026-06-10T08:51:49.010+0000] {dag.py:3722} INFO - Setting next_dagrun for example_external_task_marker_child to None, run_after=None
[2026-06-10T08:51:49.016+0000] {logging_mixin.py:154} INFO - [2026-06-10T08:51:49.015+0000] {dag.py:3722} INFO - Setting next_dagrun for example_external_task_marker_parent to None, run_after=None
[2026-06-10T08:51:49.037+0000] {processor.py:179} INFO - Processing /home/airflow/.local/lib/python3.10/site-packages/airflow/example_dags/example_external_task_marker_dag.py took 0.179 seconds
[2026-06-10T08:52:19.092+0000] {processor.py:157} INFO - Started process (PID=222) to work on /home/airflow/.local/lib/python3.10/site-packages/airflow/example_dags/example_external_task_marker_dag.py
[2026-06-10T08:52:19.093+0000] {processor.py:829} INFO - Processing file /home/airflow/.local/lib/python3.10/site-packages/airflow/example_dags/example_external_task_marker_dag.py for tasks to queue
[2026-06-10T08:52:19.095+0000] {logging_mixin.py:154} INFO - [2026-06-10T08:52:19.095+0000] {dagbag.py:536} INFO - Filling up the DagBag from /home/airflow/.local/lib/python3.10/site-packages/airflow/example_dags/example_external_task_marker_dag.py
[2026-06-10T08:52:19.104+0000] {processor.py:839} INFO - DAG(s) dict_keys(['example_external_task_marker_parent', 'example_external_task_marker_child']) retrieved from /home/airflow/.local/lib/python3.10/site-packages/airflow/example_dags/example_external_task_marker_dag.py
[2026-06-10T08:52:19.135+0000] {logging_mixin.py:154} INFO - [2026-06-10T08:52:19.134+0000] {dag.py:2941} INFO - Sync 2 DAGs
[2026-06-10T08:52:19.152+0000] {logging_mixin.py:154} INFO - [2026-06-10T08:52:19.152+0000] {dag.py:3722} INFO - Setting next_dagrun for example_external_task_marker_child to None, run_after=None
[2026-06-10T08:52:19.156+0000] {logging_mixin.py:154} INFO - [2026-06-10T08:52:19.156+0000] {dag.py:3722} INFO - Setting next_dagrun for example_external_task_marker_parent to None, run_after=None
[2026-06-10T08:52:19.187+0000] {processor.py:179} INFO - Processing /home/airflow/.local/lib/python3.10/site-packages/airflow/example_dags/example_external_task_marker_dag.py took 0.100 seconds
[2026-06-10T08:52:49.403+0000] {processor.py:157} INFO - Started process (PID=273) to work on /home/airflow/.local/lib/python3.10/site-packages/airflow/example_dags/example_external_task_marker_dag.py
[2026-06-10T08:52:49.405+0000] {processor.py:829} INFO - Processing file /home/airflow/.local/lib/python3.10/site-packages/airflow/example_dags/example_external_task_marker_dag.py for tasks to queue
[2026-06-10T08:52:49.407+0000] {logging_mixin.py:154} INFO - [2026-06-10T08:52:49.407+0000] {dagbag.py:536} INFO - Filling up the DagBag from /home/airflow/.local/lib/python3.10/site-packages/airflow/example_dags/example_external_task_marker_dag.py
[2026-06-10T08:52:49.417+0000] {processor.py:839} INFO - DAG(s) dict_keys(['example_external_task_marker_child', 'example_external_task_marker_parent']) retrieved from /home/airflow/.local/lib/python3.10/site-packages/airflow/example_dags/example_external_task_marker_dag.py
[2026-06-10T08:52:49.447+0000] {logging_mixin.py:154} INFO - [2026-06-10T08:52:49.447+0000] {dag.py:2941} INFO - Sync 2 DAGs
[2026-06-10T08:52:49.465+0000] {logging_mixin.py:154} INFO - [2026-06-10T08:52:49.465+0000] {dag.py:3722} INFO - Setting next_dagrun for example_external_task_marker_child to None, run_after=None
[2026-06-10T08:52:49.469+0000] {logging_mixin.py:154} INFO - [2026-06-10T08:52:49.469+0000] {dag.py:3722} INFO - Setting next_dagrun for example_external_task_marker_parent to None, run_after=None
[2026-06-10T08:52:49.489+0000] {processor.py:179} INFO - Processing /home/airflow/.local/lib/python3.10/site-packages/airflow/example_dags/example_external_task_marker_dag.py took 0.090 seconds
[2026-06-10T08:53:20.404+0000] {processor.py:157} INFO - Started process (PID=324) to work on /home/airflow/.local/lib/python3.10/site-packages/airflow/example_dags/example_external_task_marker_dag.py
[2026-06-10T08:53:20.412+0000] {processor.py:829} INFO - Processing file /home/airflow/.local/lib/python3.10/site-packages/airflow/example_dags/example_external_task_marker_dag.py for tasks to queue
[2026-06-10T08:53:20.414+0000] {logging_mixin.py:154} INFO - [2026-06-10T08:53:20.414+0000] {dagbag.py:536} INFO - Filling up the DagBag from /home/airflow/.local/lib/python3.10/site-packages/airflow/example_dags/example_external_task_marker_dag.py
[2026-06-10T08:53:20.431+0000] {processor.py:839} INFO - DAG(s) dict_keys(['example_external_task_marker_parent', 'example_external_task_marker_child']) retrieved from /home/airflow/.local/lib/python3.10/site-packages/airflow/example_dags/example_external_task_marker_dag.py
[2026-06-10T08:53:20.551+0000] {logging_mixin.py:154} INFO - [2026-06-10T08:53:20.551+0000] {dag.py:2941} INFO - Sync 2 DAGs
[2026-06-10T08:53:20.586+0000] {logging_mixin.py:154} INFO - [2026-06-10T08:53:20.585+0000] {dag.py:3722} INFO - Setting next_dagrun for example_external_task_marker_child to None, run_after=None
[2026-06-10T08:53:20.597+0000] {logging_mixin.py:154} INFO - [2026-06-10T08:53:20.597+0000] {dag.py:3722} INFO - Setting next_dagrun for example_external_task_marker_parent to None, run_after=None
[2026-06-10T08:53:20.669+0000] {processor.py:179} INFO - Processing /home/airflow/.local/lib/python3.10/site-packages/airflow/example_dags/example_external_task_marker_dag.py took 0.273 seconds
[2026-06-10T08:53:50.809+0000] {processor.py:157} INFO - Started process (PID=375) to work on /home/airflow/.local/lib/python3.10/site-packages/airflow/example_dags/example_external_task_marker_dag.py
[2026-06-10T08:53:50.810+0000] {processor.py:829} INFO - Processing file /home/airflow/.local/lib/python3.10/site-packages/airflow/example_dags/example_external_task_marker_dag.py for tasks to queue
[2026-06-10T08:53:50.813+0000] {logging_mixin.py:154} INFO - [2026-06-10T08:53:50.812+0000] {dagbag.py:536} INFO - Filling up the DagBag from /home/airflow/.local/lib/python3.10/site-packages/airflow/example_dags/example_external_task_marker_dag.py
[2026-06-10T08:53:50.823+0000] {processor.py:839} INFO - DAG(s) dict_keys(['example_external_task_marker_child', 'example_external_task_marker_parent']) retrieved from /home/airflow/.local/lib/python3.10/site-packages/airflow/example_dags/example_external_task_marker_dag.py
[2026-06-10T08:53:50.858+0000] {logging_mixin.py:154} INFO - [2026-06-10T08:53:50.858+0000] {dag.py:2941} INFO - Sync 2 DAGs
[2026-06-10T08:53:50.878+0000] {logging_mixin.py:154} INFO - [2026-06-10T08:53:50.878+0000] {dag.py:3722} INFO - Setting next_dagrun for example_external_task_marker_child to None, run_after=None
[2026-06-10T08:53:50.883+0000] {logging_mixin.py:154} INFO - [2026-06-10T08:53:50.883+0000] {dag.py:3722} INFO - Setting next_dagrun for example_external_task_marker_parent to None, run_after=None
[2026-06-10T08:53:50.905+0000] {processor.py:179} INFO - Processing /home/airflow/.local/lib/python3.10/site-packages/airflow/example_dags/example_external_task_marker_dag.py took 0.102 seconds
[2026-06-10T08:54:22.443+0000] {processor.py:157} INFO - Started process (PID=426) to work on /home/airflow/.local/lib/python3.10/site-packages/airflow/example_dags/example_external_task_marker_dag.py
[2026-06-10T08:54:22.447+0000] {processor.py:829} INFO - Processing file /home/airflow/.local/lib/python3.10/site-packages/airflow/example_dags/example_external_task_marker_dag.py for tasks to queue
[2026-06-10T08:54:22.450+0000] {logging_mixin.py:154} INFO - [2026-06-10T08:54:22.449+0000] {dagbag.py:536} INFO - Filling up the DagBag from /home/airflow/.local/lib/python3.10/site-packages/airflow/example_dags/example_external_task_marker_dag.py
[2026-06-10T08:54:22.502+0000] {processor.py:839} INFO - DAG(s) dict_keys(['example_external_task_marker_child', 'example_external_task_marker_parent']) retrieved from /home/airflow/.local/lib/python3.10/site-packages/airflow/example_dags/example_external_task_marker_dag.py
[2026-06-10T08:54:22.626+0000] {logging_mixin.py:154} INFO - [2026-06-10T08:54:22.626+0000] {dag.py:2941} INFO - Sync 2 DAGs
[2026-06-10T08:54:22.677+0000] {logging_mixin.py:154} INFO - [2026-06-10T08:54:22.677+0000] {dag.py:3722} INFO - Setting next_dagrun for example_external_task_marker_child to None, run_after=None
[2026-06-10T08:54:22.698+0000] {logging_mixin.py:154} INFO - [2026-06-10T08:54:22.698+0000] {dag.py:3722} INFO - Setting next_dagrun for example_external_task_marker_parent to None, run_after=None
[2026-06-10T08:54:22.784+0000] {processor.py:179} INFO - Processing /home/airflow/.local/lib/python3.10/site-packages/airflow/example_dags/example_external_task_marker_dag.py took 0.372 seconds
[2026-06-10T08:54:53.561+0000] {processor.py:157} INFO - Started process (PID=477) to work on /home/airflow/.local/lib/python3.10/site-packages/airflow/example_dags/example_external_task_marker_dag.py
[2026-06-10T08:54:53.567+0000] {processor.py:829} INFO - Processing file /home/airflow/.local/lib/python3.10/site-packages/airflow/example_dags/example_external_task_marker_dag.py for tasks to queue
[2026-06-10T08:54:53.575+0000] {logging_mixin.py:154} INFO - [2026-06-10T08:54:53.575+0000] {dagbag.py:536} INFO - Filling up the DagBag from /home/airflow/.local/lib/python3.10/site-packages/airflow/example_dags/example_external_task_marker_dag.py
[2026-06-10T08:54:53.607+0000] {processor.py:839} INFO - DAG(s) dict_keys(['example_external_task_marker_child', 'example_external_task_marker_parent']) retrieved from /home/airflow/.local/lib/python3.10/site-packages/airflow/example_dags/example_external_task_marker_dag.py
[2026-06-10T08:54:53.747+0000] {logging_mixin.py:154} INFO - [2026-06-10T08:54:53.747+0000] {dag.py:2941} INFO - Sync 2 DAGs
[2026-06-10T08:54:53.790+0000] {logging_mixin.py:154} INFO - [2026-06-10T08:54:53.789+0000] {dag.py:3722} INFO - Setting next_dagrun for example_external_task_marker_child to None, run_after=None
[2026-06-10T08:54:53.813+0000] {logging_mixin.py:154} INFO - [2026-06-10T08:54:53.812+0000] {dag.py:3722} INFO - Setting next_dagrun for example_external_task_marker_parent to None, run_after=None
[2026-06-10T08:54:53.887+0000] {processor.py:179} INFO - Processing /home/airflow/.local/lib/python3.10/site-packages/airflow/example_dags/example_external_task_marker_dag.py took 0.340 seconds
[2026-06-10T08:55:24.424+0000] {processor.py:157} INFO - Started process (PID=529) to work on /home/airflow/.local/lib/python3.10/site-packages/airflow/example_dags/example_external_task_marker_dag.py
[2026-06-10T08:55:24.427+0000] {processor.py:829} INFO - Processing file /home/airflow/.local/lib/python3.10/site-packages/airflow/example_dags/example_external_task_marker_dag.py for tasks to queue
[2026-06-10T08:55:24.430+0000] {logging_mixin.py:154} INFO - [2026-06-10T08:55:24.429+0000] {dagbag.py:536} INFO - Filling up the DagBag from /home/airflow/.local/lib/python3.10/site-packages/airflow/example_dags/example_external_task_marker_dag.py
[2026-06-10T08:55:24.439+0000] {processor.py:839} INFO - DAG(s) dict_keys(['example_external_task_marker_parent', 'example_external_task_marker_child']) retrieved from /home/airflow/.local/lib/python3.10/site-packages/airflow/example_dags/example_external_task_marker_dag.py
[2026-06-10T08:55:24.474+0000] {logging_mixin.py:154} INFO - [2026-06-10T08:55:24.474+0000] {dag.py:2941} INFO - Sync 2 DAGs
[2026-06-10T08:55:24.494+0000] {logging_mixin.py:154} INFO - [2026-06-10T08:55:24.493+0000] {dag.py:3722} INFO - Setting next_dagrun for example_external_task_marker_child to None, run_after=None
[2026-06-10T08:55:24.498+0000] {logging_mixin.py:154} INFO - [2026-06-10T08:55:24.498+0000] {dag.py:3722} INFO - Setting next_dagrun for example_external_task_marker_parent to None, run_after=None
[2026-06-10T08:55:24.520+0000] {processor.py:179} INFO - Processing /home/airflow/.local/lib/python3.10/site-packages/airflow/example_dags/example_external_task_marker_dag.py took 0.100 seconds
[2026-06-10T08:55:54.717+0000] {processor.py:157} INFO - Started process (PID=580) to work on /home/airflow/.local/lib/python3.10/site-packages/airflow/example_dags/example_external_task_marker_dag.py
[2026-06-10T08:55:54.719+0000] {processor.py:829} INFO - Processing file /home/airflow/.local/lib/python3.10/site-packages/airflow/example_dags/example_external_task_marker_dag.py for tasks to queue
[2026-06-10T08:55:54.723+0000] {logging_mixin.py:154} INFO - [2026-06-10T08:55:54.723+0000] {dagbag.py:536} INFO - Filling up the DagBag from /home/airflow/.local/lib/python3.10/site-packages/airflow/example_dags/example_external_task_marker_dag.py
[2026-06-10T08:55:54.780+0000] {processor.py:839} INFO - DAG(s) dict_keys(['example_external_task_marker_parent', 'example_external_task_marker_child']) retrieved from /home/airflow/.local/lib/python3.10/site-packages/airflow/example_dags/example_external_task_marker_dag.py
[2026-06-10T08:55:54.859+0000] {logging_mixin.py:154} INFO - [2026-06-10T08:55:54.859+0000] {dag.py:2941} INFO - Sync 2 DAGs
[2026-06-10T08:55:54.898+0000] {logging_mixin.py:154} INFO - [2026-06-10T08:55:54.898+0000] {dag.py:3722} INFO - Setting next_dagrun for example_external_task_marker_child to None, run_after=None
[2026-06-10T08:55:54.918+0000] {logging_mixin.py:154} INFO - [2026-06-10T08:55:54.918+0000] {dag.py:3722} INFO - Setting next_dagrun for example_external_task_marker_parent to None, run_after=None
[2026-06-10T08:55:54.972+0000] {processor.py:179} INFO - Processing /home/airflow/.local/lib/python3.10/site-packages/airflow/example_dags/example_external_task_marker_dag.py took 0.262 seconds
[2026-06-10T08:56:25.509+0000] {processor.py:157} INFO - Started process (PID=630) to work on /home/airflow/.local/lib/python3.10/site-packages/airflow/example_dags/example_external_task_marker_dag.py
[2026-06-10T08:56:25.512+0000] {processor.py:829} INFO - Processing file /home/airflow/.local/lib/python3.10/site-packages/airflow/example_dags/example_external_task_marker_dag.py for tasks to queue
[2026-06-10T08:56:25.514+0000] {logging_mixin.py:154} INFO - [2026-06-10T08:56:25.514+0000] {dagbag.py:536} INFO - Filling up the DagBag from /home/airflow/.local/lib/python3.10/site-packages/airflow/example_dags/example_external_task_marker_dag.py
[2026-06-10T08:56:25.523+0000] {processor.py:839} INFO - DAG(s) dict_keys(['example_external_task_marker_parent', 'example_external_task_marker_child']) retrieved from /home/airflow/.local/lib/python3.10/site-packages/airflow/example_dags/example_external_task_marker_dag.py
[2026-06-10T08:56:25.557+0000] {logging_mixin.py:154} INFO - [2026-06-10T08:56:25.556+0000] {dag.py:2941} INFO - Sync 2 DAGs
[2026-06-10T08:56:25.576+0000] {logging_mixin.py:154} INFO - [2026-06-10T08:56:25.576+0000] {dag.py:3722} INFO - Setting next_dagrun for example_external_task_marker_child to None, run_after=None
[2026-06-10T08:56:25.581+0000] {logging_mixin.py:154} INFO - [2026-06-10T08:56:25.581+0000] {dag.py:3722} INFO - Setting next_dagrun for example_external_task_marker_parent to None, run_after=None
[2026-06-10T08:56:25.602+0000] {processor.py:179} INFO - Processing /home/airflow/.local/lib/python3.10/site-packages/airflow/example_dags/example_external_task_marker_dag.py took 0.098 seconds
[2026-06-10T08:56:55.778+0000] {processor.py:157} INFO - Started process (PID=681) to work on /home/airflow/.local/lib/python3.10/site-packages/airflow/example_dags/example_external_task_marker_dag.py
[2026-06-10T08:56:55.779+0000] {processor.py:829} INFO - Processing file /home/airflow/.local/lib/python3.10/site-packages/airflow/example_dags/example_external_task_marker_dag.py for tasks to queue
[2026-06-10T08:56:55.782+0000] {logging_mixin.py:154} INFO - [2026-06-10T08:56:55.782+0000] {dagbag.py:536} INFO - Filling up the DagBag from /home/airflow/.local/lib/python3.10/site-packages/airflow/example_dags/example_external_task_marker_dag.py
[2026-06-10T08:56:55.791+0000] {processor.py:839} INFO - DAG(s) dict_keys(['example_external_task_marker_parent', 'example_external_task_marker_child']) retrieved from /home/airflow/.local/lib/python3.10/site-packages/airflow/example_dags/example_external_task_marker_dag.py
[2026-06-10T08:56:55.824+0000] {logging_mixin.py:154} INFO - [2026-06-10T08:56:55.824+0000] {dag.py:2941} INFO - Sync 2 DAGs
[2026-06-10T08:56:55.843+0000] {logging_mixin.py:154} INFO - [2026-06-10T08:56:55.842+0000] {dag.py:3722} INFO - Setting next_dagrun for example_external_task_marker_child to None, run_after=None
[2026-06-10T08:56:55.847+0000] {logging_mixin.py:154} INFO - [2026-06-10T08:56:55.847+0000] {dag.py:3722} INFO - Setting next_dagrun for example_external_task_marker_parent to None, run_after=None
[2026-06-10T08:56:55.868+0000] {processor.py:179} INFO - Processing /home/airflow/.local/lib/python3.10/site-packages/airflow/example_dags/example_external_task_marker_dag.py took 0.095 seconds
[2026-06-10T08:57:30.232+0000] {processor.py:157} INFO - Started process (PID=732) to work on /home/airflow/.local/lib/python3.10/site-packages/airflow/example_dags/example_external_task_marker_dag.py
[2026-06-10T08:57:30.240+0000] {processor.py:829} INFO - Processing file /home/airflow/.local/lib/python3.10/site-packages/airflow/example_dags/example_external_task_marker_dag.py for tasks to queue
[2026-06-10T08:57:30.245+0000] {logging_mixin.py:154} INFO - [2026-06-10T08:57:30.245+0000] {dagbag.py:536} INFO - Filling up the DagBag from /home/airflow/.local/lib/python3.10/site-packages/airflow/example_dags/example_external_task_marker_dag.py
[2026-06-10T08:57:30.259+0000] {processor.py:839} INFO - DAG(s) dict_keys(['example_external_task_marker_child', 'example_external_task_marker_parent']) retrieved from /home/airflow/.local/lib/python3.10/site-packages/airflow/example_dags/example_external_task_marker_dag.py
[2026-06-10T08:57:30.305+0000] {logging_mixin.py:154} INFO - [2026-06-10T08:57:30.304+0000] {dag.py:2941} INFO - Sync 2 DAGs
[2026-06-10T08:57:30.323+0000] {logging_mixin.py:154} INFO - [2026-06-10T08:57:30.323+0000] {dag.py:3722} INFO - Setting next_dagrun for example_external_task_marker_child to None, run_after=None
[2026-06-10T08:57:30.330+0000] {logging_mixin.py:154} INFO - [2026-06-10T08:57:30.330+0000] {dag.py:3722} INFO - Setting next_dagrun for example_external_task_marker_parent to None, run_after=None
[2026-06-10T08:57:30.358+0000] {processor.py:179} INFO - Processing /home/airflow/.local/lib/python3.10/site-packages/airflow/example_dags/example_external_task_marker_dag.py took 0.132 seconds
[2026-06-10T08:58:01.305+0000] {processor.py:157} INFO - Started process (PID=783) to work on /home/airflow/.local/lib/python3.10/site-packages/airflow/example_dags/example_external_task_marker_dag.py
[2026-06-10T08:58:01.310+0000] {processor.py:829} INFO - Processing file /home/airflow/.local/lib/python3.10/site-packages/airflow/example_dags/example_external_task_marker_dag.py for tasks to queue
[2026-06-10T08:58:01.313+0000] {logging_mixin.py:154} INFO - [2026-06-10T08:58:01.313+0000] {dagbag.py:536} INFO - Filling up the DagBag from /home/airflow/.local/lib/python3.10/site-packages/airflow/example_dags/example_external_task_marker_dag.py
[2026-06-10T08:58:01.328+0000] {processor.py:839} INFO - DAG(s) dict_keys(['example_external_task_marker_parent', 'example_external_task_marker_child']) retrieved from /home/airflow/.local/lib/python3.10/site-packages/airflow/example_dags/example_external_task_marker_dag.py
[2026-06-10T08:58:01.368+0000] {logging_mixin.py:154} INFO - [2026-06-10T08:58:01.367+0000] {dag.py:2941} INFO - Sync 2 DAGs
[2026-06-10T08:58:01.407+0000] {logging_mixin.py:154} INFO - [2026-06-10T08:58:01.407+0000] {dag.py:3722} INFO - Setting next_dagrun for example_external_task_marker_child to None, run_after=None
[2026-06-10T08:58:01.416+0000] {logging_mixin.py:154} INFO - [2026-06-10T08:58:01.415+0000] {dag.py:3722} INFO - Setting next_dagrun for example_external_task_marker_parent to None, run_after=None
[2026-06-10T08:58:01.460+0000] {processor.py:179} INFO - Processing /home/airflow/.local/lib/python3.10/site-packages/airflow/example_dags/example_external_task_marker_dag.py took 0.161 seconds
[2026-06-10T08:58:36.793+0000] {processor.py:157} INFO - Started process (PID=834) to work on /home/airflow/.local/lib/python3.10/site-packages/airflow/example_dags/example_external_task_marker_dag.py
[2026-06-10T08:58:36.796+0000] {processor.py:829} INFO - Processing file /home/airflow/.local/lib/python3.10/site-packages/airflow/example_dags/example_external_task_marker_dag.py for tasks to queue
[2026-06-10T08:58:36.799+0000] {logging_mixin.py:154} INFO - [2026-06-10T08:58:36.799+0000] {dagbag.py:536} INFO - Filling up the DagBag from /home/airflow/.local/lib/python3.10/site-packages/airflow/example_dags/example_external_task_marker_dag.py
[2026-06-10T08:58:36.828+0000] {processor.py:839} INFO - DAG(s) dict_keys(['example_external_task_marker_parent', 'example_external_task_marker_child']) retrieved from /home/airflow/.local/lib/python3.10/site-packages/airflow/example_dags/example_external_task_marker_dag.py
[2026-06-10T08:58:36.891+0000] {logging_mixin.py:154} INFO - [2026-06-10T08:58:36.891+0000] {dag.py:2941} INFO - Sync 2 DAGs
[2026-06-10T08:58:36.928+0000] {logging_mixin.py:154} INFO - [2026-06-10T08:58:36.927+0000] {dag.py:3722} INFO - Setting next_dagrun for example_external_task_marker_child to None, run_after=None
[2026-06-10T08:58:36.945+0000] {logging_mixin.py:154} INFO - [2026-06-10T08:58:36.944+0000] {dag.py:3722} INFO - Setting next_dagrun for example_external_task_marker_parent to None, run_after=None
[2026-06-10T08:58:37.000+0000] {processor.py:179} INFO - Processing /home/airflow/.local/lib/python3.10/site-packages/airflow/example_dags/example_external_task_marker_dag.py took 0.212 seconds
[2026-06-10T08:59:20.897+0000] {processor.py:157} INFO - Started process (PID=885) to work on /home/airflow/.local/lib/python3.10/site-packages/airflow/example_dags/example_external_task_marker_dag.py
[2026-06-10T08:59:20.901+0000] {processor.py:829} INFO - Processing file /home/airflow/.local/lib/python3.10/site-packages/airflow/example_dags/example_external_task_marker_dag.py for tasks to queue
[2026-06-10T08:59:20.911+0000] {logging_mixin.py:154} INFO - [2026-06-10T08:59:20.908+0000] {dagbag.py:536} INFO - Filling up the DagBag from /home/airflow/.local/lib/python3.10/site-packages/airflow/example_dags/example_external_task_marker_dag.py
[2026-06-10T08:59:20.968+0000] {processor.py:839} INFO - DAG(s) dict_keys(['example_external_task_marker_parent', 'example_external_task_marker_child']) retrieved from /home/airflow/.local/lib/python3.10/site-packages/airflow/example_dags/example_external_task_marker_dag.py
[2026-06-10T08:59:21.064+0000] {logging_mixin.py:154} INFO - [2026-06-10T08:59:21.064+0000] {dag.py:2941} INFO - Sync 2 DAGs
[2026-06-10T08:59:21.099+0000] {logging_mixin.py:154} INFO - [2026-06-10T08:59:21.099+0000] {dag.py:3722} INFO - Setting next_dagrun for example_external_task_marker_child to None, run_after=None
[2026-06-10T08:59:21.113+0000] {logging_mixin.py:154} INFO - [2026-06-10T08:59:21.112+0000] {dag.py:3722} INFO - Setting next_dagrun for example_external_task_marker_parent to None, run_after=None
[2026-06-10T08:59:21.156+0000] {processor.py:179} INFO - Processing /home/airflow/.local/lib/python3.10/site-packages/airflow/example_dags/example_external_task_marker_dag.py took 0.264 seconds
[2026-06-10T08:59:53.140+0000] {processor.py:157} INFO - Started process (PID=936) to work on /home/airflow/.local/lib/python3.10/site-packages/airflow/example_dags/example_external_task_marker_dag.py
[2026-06-10T08:59:53.147+0000] {processor.py:829} INFO - Processing file /home/airflow/.local/lib/python3.10/site-packages/airflow/example_dags/example_external_task_marker_dag.py for tasks to queue
[2026-06-10T08:59:53.178+0000] {logging_mixin.py:154} INFO - [2026-06-10T08:59:53.178+0000] {dagbag.py:536} INFO - Filling up the DagBag from /home/airflow/.local/lib/python3.10/site-packages/airflow/example_dags/example_external_task_marker_dag.py
[2026-06-10T08:59:53.209+0000] {processor.py:839} INFO - DAG(s) dict_keys(['example_external_task_marker_child', 'example_external_task_marker_parent']) retrieved from /home/airflow/.local/lib/python3.10/site-packages/airflow/example_dags/example_external_task_marker_dag.py
[2026-06-10T08:59:53.267+0000] {logging_mixin.py:154} INFO - [2026-06-10T08:59:53.267+0000] {dag.py:2941} INFO - Sync 2 DAGs
[2026-06-10T08:59:53.649+0000] {logging_mixin.py:154} INFO - [2026-06-10T08:59:53.648+0000] {dag.py:3722} INFO - Setting next_dagrun for example_external_task_marker_child to None, run_after=None
[2026-06-10T08:59:53.655+0000] {logging_mixin.py:154} INFO - [2026-06-10T08:59:53.654+0000] {dag.py:3722} INFO - Setting next_dagrun for example_external_task_marker_parent to None, run_after=None
[2026-06-10T08:59:53.685+0000] {processor.py:179} INFO - Processing /home/airflow/.local/lib/python3.10/site-packages/airflow/example_dags/example_external_task_marker_dag.py took 0.615 seconds
[2026-06-10T09:00:24.965+0000] {processor.py:157} INFO - Started process (PID=989) to work on /home/airflow/.local/lib/python3.10/site-packages/airflow/example_dags/example_external_task_marker_dag.py
[2026-06-10T09:00:24.967+0000] {processor.py:829} INFO - Processing file /home/airflow/.local/lib/python3.10/site-packages/airflow/example_dags/example_external_task_marker_dag.py for tasks to queue
[2026-06-10T09:00:24.970+0000] {logging_mixin.py:154} INFO - [2026-06-10T09:00:24.969+0000] {dagbag.py:536} INFO - Filling up the DagBag from /home/airflow/.local/lib/python3.10/site-packages/airflow/example_dags/example_external_task_marker_dag.py
[2026-06-10T09:00:24.992+0000] {processor.py:839} INFO - DAG(s) dict_keys(['example_external_task_marker_child', 'example_external_task_marker_parent']) retrieved from /home/airflow/.local/lib/python3.10/site-packages/airflow/example_dags/example_external_task_marker_dag.py
[2026-06-10T09:00:25.061+0000] {logging_mixin.py:154} INFO - [2026-06-10T09:00:25.061+0000] {dag.py:2941} INFO - Sync 2 DAGs
[2026-06-10T09:00:25.080+0000] {logging_mixin.py:154} INFO - [2026-06-10T09:00:25.080+0000] {dag.py:3722} INFO - Setting next_dagrun for example_external_task_marker_child to None, run_after=None
[2026-06-10T09:00:25.086+0000] {logging_mixin.py:154} INFO - [2026-06-10T09:00:25.086+0000] {dag.py:3722} INFO - Setting next_dagrun for example_external_task_marker_parent to None, run_after=None
[2026-06-10T09:00:25.117+0000] {processor.py:179} INFO - Processing /home/airflow/.local/lib/python3.10/site-packages/airflow/example_dags/example_external_task_marker_dag.py took 0.157 seconds
[2026-06-10T09:00:55.453+0000] {processor.py:157} INFO - Started process (PID=1040) to work on /home/airflow/.local/lib/python3.10/site-packages/airflow/example_dags/example_external_task_marker_dag.py
[2026-06-10T09:00:55.457+0000] {processor.py:829} INFO - Processing file /home/airflow/.local/lib/python3.10/site-packages/airflow/example_dags/example_external_task_marker_dag.py for tasks to queue
[2026-06-10T09:00:55.460+0000] {logging_mixin.py:154} INFO - [2026-06-10T09:00:55.459+0000] {dagbag.py:536} INFO - Filling up the DagBag from /home/airflow/.local/lib/python3.10/site-packages/airflow/example_dags/example_external_task_marker_dag.py
[2026-06-10T09:00:55.469+0000] {processor.py:839} INFO - DAG(s) dict_keys(['example_external_task_marker_child', 'example_external_task_marker_parent']) retrieved from /home/airflow/.local/lib/python3.10/site-packages/airflow/example_dags/example_external_task_marker_dag.py
[2026-06-10T09:00:55.502+0000] {logging_mixin.py:154} INFO - [2026-06-10T09:00:55.502+0000] {dag.py:2941} INFO - Sync 2 DAGs
[2026-06-10T09:00:55.520+0000] {logging_mixin.py:154} INFO - [2026-06-10T09:00:55.520+0000] {dag.py:3722} INFO - Setting next_dagrun for example_external_task_marker_child to None, run_after=None
[2026-06-10T09:00:55.524+0000] {logging_mixin.py:154} INFO - [2026-06-10T09:00:55.523+0000] {dag.py:3722} INFO - Setting next_dagrun for example_external_task_marker_parent to None, run_after=None
[2026-06-10T09:00:55.572+0000] {processor.py:179} INFO - Processing /home/airflow/.local/lib/python3.10/site-packages/airflow/example_dags/example_external_task_marker_dag.py took 0.125 seconds
[2026-06-10T09:01:25.991+0000] {processor.py:157} INFO - Started process (PID=1091) to work on /home/airflow/.local/lib/python3.10/site-packages/airflow/example_dags/example_external_task_marker_dag.py
[2026-06-10T09:01:25.992+0000] {processor.py:829} INFO - Processing file /home/airflow/.local/lib/python3.10/site-packages/airflow/example_dags/example_external_task_marker_dag.py for tasks to queue
[2026-06-10T09:01:25.995+0000] {logging_mixin.py:154} INFO - [2026-06-10T09:01:25.994+0000] {dagbag.py:536} INFO - Filling up the DagBag from /home/airflow/.local/lib/python3.10/site-packages/airflow/example_dags/example_external_task_marker_dag.py
[2026-06-10T09:01:26.006+0000] {processor.py:839} INFO - DAG(s) dict_keys(['example_external_task_marker_child', 'example_external_task_marker_parent']) retrieved from /home/airflow/.local/lib/python3.10/site-packages/airflow/example_dags/example_external_task_marker_dag.py
[2026-06-10T09:01:26.042+0000] {logging_mixin.py:154} INFO - [2026-06-10T09:01:26.042+0000] {dag.py:2941} INFO - Sync 2 DAGs
[2026-06-10T09:01:26.061+0000] {logging_mixin.py:154} INFO - [2026-06-10T09:01:26.061+0000] {dag.py:3722} INFO - Setting next_dagrun for example_external_task_marker_child to None, run_after=None
[2026-06-10T09:01:26.066+0000] {logging_mixin.py:154} INFO - [2026-06-10T09:01:26.066+0000] {dag.py:3722} INFO - Setting next_dagrun for example_external_task_marker_parent to None, run_after=None
[2026-06-10T09:01:26.089+0000] {processor.py:179} INFO - Processing /home/airflow/.local/lib/python3.10/site-packages/airflow/example_dags/example_external_task_marker_dag.py took 0.103 seconds
[2026-06-10T09:01:57.160+0000] {processor.py:157} INFO - Started process (PID=1142) to work on /home/airflow/.local/lib/python3.10/site-packages/airflow/example_dags/example_external_task_marker_dag.py
[2026-06-10T09:01:57.162+0000] {processor.py:829} INFO - Processing file /home/airflow/.local/lib/python3.10/site-packages/airflow/example_dags/example_external_task_marker_dag.py for tasks to queue
[2026-06-10T09:01:57.164+0000] {logging_mixin.py:154} INFO - [2026-06-10T09:01:57.164+0000] {dagbag.py:536} INFO - Filling up the DagBag from /home/airflow/.local/lib/python3.10/site-packages/airflow/example_dags/example_external_task_marker_dag.py
[2026-06-10T09:01:57.180+0000] {processor.py:839} INFO - DAG(s) dict_keys(['example_external_task_marker_child', 'example_external_task_marker_parent']) retrieved from /home/airflow/.local/lib/python3.10/site-packages/airflow/example_dags/example_external_task_marker_dag.py
[2026-06-10T09:01:57.210+0000] {logging_mixin.py:154} INFO - [2026-06-10T09:01:57.210+0000] {dag.py:2941} INFO - Sync 2 DAGs
[2026-06-10T09:01:57.225+0000] {logging_mixin.py:154} INFO - [2026-06-10T09:01:57.224+0000] {dag.py:3722} INFO - Setting next_dagrun for example_external_task_marker_child to None, run_after=None
[2026-06-10T09:01:57.228+0000] {logging_mixin.py:154} INFO - [2026-06-10T09:01:57.228+0000] {dag.py:3722} INFO - Setting next_dagrun for example_external_task_marker_parent to None, run_after=None
[2026-06-10T09:01:57.248+0000] {processor.py:179} INFO - Processing /home/airflow/.local/lib/python3.10/site-packages/airflow/example_dags/example_external_task_marker_dag.py took 0.092 seconds
[2026-06-10T09:21:45.716+0000] {processor.py:157} INFO - Started process (PID=69) to work on /home/airflow/.local/lib/python3.10/site-packages/airflow/example_dags/example_external_task_marker_dag.py
[2026-06-10T09:21:45.726+0000] {processor.py:829} INFO - Processing file /home/airflow/.local/lib/python3.10/site-packages/airflow/example_dags/example_external_task_marker_dag.py for tasks to queue
[2026-06-10T09:21:45.730+0000] {logging_mixin.py:154} INFO - [2026-06-10T09:21:45.729+0000] {dagbag.py:536} INFO - Filling up the DagBag from /home/airflow/.local/lib/python3.10/site-packages/airflow/example_dags/example_external_task_marker_dag.py
[2026-06-10T09:21:45.758+0000] {processor.py:839} INFO - DAG(s) dict_keys(['example_external_task_marker_parent', 'example_external_task_marker_child']) retrieved from /home/airflow/.local/lib/python3.10/site-packages/airflow/example_dags/example_external_task_marker_dag.py
[2026-06-10T09:21:45.854+0000] {logging_mixin.py:154} INFO - [2026-06-10T09:21:45.853+0000] {dag.py:2941} INFO - Sync 2 DAGs
[2026-06-10T09:21:45.901+0000] {logging_mixin.py:154} INFO - [2026-06-10T09:21:45.901+0000] {dag.py:3722} INFO - Setting next_dagrun for example_external_task_marker_child to None, run_after=None
[2026-06-10T09:21:45.909+0000] {logging_mixin.py:154} INFO - [2026-06-10T09:21:45.908+0000] {dag.py:3722} INFO - Setting next_dagrun for example_external_task_marker_parent to None, run_after=None
[2026-06-10T09:21:45.958+0000] {processor.py:179} INFO - Processing /home/airflow/.local/lib/python3.10/site-packages/airflow/example_dags/example_external_task_marker_dag.py took 0.256 seconds
[2026-06-10T09:22:16.413+0000] {processor.py:157} INFO - Started process (PID=120) to work on /home/airflow/.local/lib/python3.10/site-packages/airflow/example_dags/example_external_task_marker_dag.py
[2026-06-10T09:22:16.419+0000] {processor.py:829} INFO - Processing file /home/airflow/.local/lib/python3.10/site-packages/airflow/example_dags/example_external_task_marker_dag.py for tasks to queue
[2026-06-10T09:22:16.438+0000] {logging_mixin.py:154} INFO - [2026-06-10T09:22:16.437+0000] {dagbag.py:536} INFO - Filling up the DagBag from /home/airflow/.local/lib/python3.10/site-packages/airflow/example_dags/example_external_task_marker_dag.py
[2026-06-10T09:22:16.472+0000] {processor.py:839} INFO - DAG(s) dict_keys(['example_external_task_marker_child', 'example_external_task_marker_parent']) retrieved from /home/airflow/.local/lib/python3.10/site-packages/airflow/example_dags/example_external_task_marker_dag.py
[2026-06-10T09:22:16.597+0000] {logging_mixin.py:154} INFO - [2026-06-10T09:22:16.597+0000] {dag.py:2941} INFO - Sync 2 DAGs
[2026-06-10T09:22:16.675+0000] {logging_mixin.py:154} INFO - [2026-06-10T09:22:16.675+0000] {dag.py:3722} INFO - Setting next_dagrun for example_external_task_marker_child to None, run_after=None
[2026-06-10T09:22:16.701+0000] {logging_mixin.py:154} INFO - [2026-06-10T09:22:16.701+0000] {dag.py:3722} INFO - Setting next_dagrun for example_external_task_marker_parent to None, run_after=None
[2026-06-10T09:22:16.776+0000] {processor.py:179} INFO - Processing /home/airflow/.local/lib/python3.10/site-packages/airflow/example_dags/example_external_task_marker_dag.py took 0.379 seconds
[2026-06-10T09:22:47.495+0000] {processor.py:157} INFO - Started process (PID=170) to work on /home/airflow/.local/lib/python3.10/site-packages/airflow/example_dags/example_external_task_marker_dag.py
[2026-06-10T09:22:47.499+0000] {processor.py:829} INFO - Processing file /home/airflow/.local/lib/python3.10/site-packages/airflow/example_dags/example_external_task_marker_dag.py for tasks to queue
[2026-06-10T09:22:47.505+0000] {logging_mixin.py:154} INFO - [2026-06-10T09:22:47.504+0000] {dagbag.py:536} INFO - Filling up the DagBag from /home/airflow/.local/lib/python3.10/site-packages/airflow/example_dags/example_external_task_marker_dag.py
[2026-06-10T09:22:47.538+0000] {processor.py:839} INFO - DAG(s) dict_keys(['example_external_task_marker_parent', 'example_external_task_marker_child']) retrieved from /home/airflow/.local/lib/python3.10/site-packages/airflow/example_dags/example_external_task_marker_dag.py
[2026-06-10T09:22:47.630+0000] {logging_mixin.py:154} INFO - [2026-06-10T09:22:47.630+0000] {dag.py:2941} INFO - Sync 2 DAGs
[2026-06-10T09:22:47.674+0000] {logging_mixin.py:154} INFO - [2026-06-10T09:22:47.674+0000] {dag.py:3722} INFO - Setting next_dagrun for example_external_task_marker_child to None, run_after=None
[2026-06-10T09:22:47.689+0000] {logging_mixin.py:154} INFO - [2026-06-10T09:22:47.689+0000] {dag.py:3722} INFO - Setting next_dagrun for example_external_task_marker_parent to None, run_after=None
[2026-06-10T09:22:47.741+0000] {processor.py:179} INFO - Processing /home/airflow/.local/lib/python3.10/site-packages/airflow/example_dags/example_external_task_marker_dag.py took 0.259 seconds
[2026-06-10T09:23:18.903+0000] {processor.py:157} INFO - Started process (PID=222) to work on /home/airflow/.local/lib/python3.10/site-packages/airflow/example_dags/example_external_task_marker_dag.py
[2026-06-10T09:23:18.904+0000] {processor.py:829} INFO - Processing file /home/airflow/.local/lib/python3.10/site-packages/airflow/example_dags/example_external_task_marker_dag.py for tasks to queue
[2026-06-10T09:23:18.913+0000] {logging_mixin.py:154} INFO - [2026-06-10T09:23:18.912+0000] {dagbag.py:536} INFO - Filling up the DagBag from /home/airflow/.local/lib/python3.10/site-packages/airflow/example_dags/example_external_task_marker_dag.py
[2026-06-10T09:23:18.935+0000] {processor.py:839} INFO - DAG(s) dict_keys(['example_external_task_marker_child', 'example_external_task_marker_parent']) retrieved from /home/airflow/.local/lib/python3.10/site-packages/airflow/example_dags/example_external_task_marker_dag.py
[2026-06-10T09:23:18.996+0000] {logging_mixin.py:154} INFO - [2026-06-10T09:23:18.995+0000] {dag.py:2941} INFO - Sync 2 DAGs
[2026-06-10T09:23:19.033+0000] {logging_mixin.py:154} INFO - [2026-06-10T09:23:19.033+0000] {dag.py:3722} INFO - Setting next_dagrun for example_external_task_marker_child to None, run_after=None
[2026-06-10T09:23:19.049+0000] {logging_mixin.py:154} INFO - [2026-06-10T09:23:19.048+0000] {dag.py:3722} INFO - Setting next_dagrun for example_external_task_marker_parent to None, run_after=None
[2026-06-10T09:23:19.096+0000] {processor.py:179} INFO - Processing /home/airflow/.local/lib/python3.10/site-packages/airflow/example_dags/example_external_task_marker_dag.py took 0.204 seconds
[2026-06-10T09:23:49.496+0000] {processor.py:157} INFO - Started process (PID=273) to work on /home/airflow/.local/lib/python3.10/site-packages/airflow/example_dags/example_external_task_marker_dag.py
[2026-06-10T09:23:49.500+0000] {processor.py:829} INFO - Processing file /home/airflow/.local/lib/python3.10/site-packages/airflow/example_dags/example_external_task_marker_dag.py for tasks to queue
[2026-06-10T09:23:49.503+0000] {logging_mixin.py:154} INFO - [2026-06-10T09:23:49.502+0000] {dagbag.py:536} INFO - Filling up the DagBag from /home/airflow/.local/lib/python3.10/site-packages/airflow/example_dags/example_external_task_marker_dag.py
[2026-06-10T09:23:49.518+0000] {processor.py:839} INFO - DAG(s) dict_keys(['example_external_task_marker_parent', 'example_external_task_marker_child']) retrieved from /home/airflow/.local/lib/python3.10/site-packages/airflow/example_dags/example_external_task_marker_dag.py
[2026-06-10T09:23:49.551+0000] {logging_mixin.py:154} INFO - [2026-06-10T09:23:49.550+0000] {dag.py:2941} INFO - Sync 2 DAGs
[2026-06-10T09:23:49.568+0000] {logging_mixin.py:154} INFO - [2026-06-10T09:23:49.568+0000] {dag.py:3722} INFO - Setting next_dagrun for example_external_task_marker_child to None, run_after=None
[2026-06-10T09:23:49.573+0000] {logging_mixin.py:154} INFO - [2026-06-10T09:23:49.573+0000] {dag.py:3722} INFO - Setting next_dagrun for example_external_task_marker_parent to None, run_after=None
[2026-06-10T09:23:49.597+0000] {processor.py:179} INFO - Processing /home/airflow/.local/lib/python3.10/site-packages/airflow/example_dags/example_external_task_marker_dag.py took 0.107 seconds
[2026-06-10T09:24:19.958+0000] {processor.py:157} INFO - Started process (PID=324) to work on /home/airflow/.local/lib/python3.10/site-packages/airflow/example_dags/example_external_task_marker_dag.py
[2026-06-10T09:24:19.959+0000] {processor.py:829} INFO - Processing file /home/airflow/.local/lib/python3.10/site-packages/airflow/example_dags/example_external_task_marker_dag.py for tasks to queue
[2026-06-10T09:24:19.961+0000] {logging_mixin.py:154} INFO - [2026-06-10T09:24:19.961+0000] {dagbag.py:536} INFO - Filling up the DagBag from /home/airflow/.local/lib/python3.10/site-packages/airflow/example_dags/example_external_task_marker_dag.py
[2026-06-10T09:24:19.969+0000] {processor.py:839} INFO - DAG(s) dict_keys(['example_external_task_marker_child', 'example_external_task_marker_parent']) retrieved from /home/airflow/.local/lib/python3.10/site-packages/airflow/example_dags/example_external_task_marker_dag.py
[2026-06-10T09:24:20.001+0000] {logging_mixin.py:154} INFO - [2026-06-10T09:24:20.001+0000] {dag.py:2941} INFO - Sync 2 DAGs
[2026-06-10T09:24:20.020+0000] {logging_mixin.py:154} INFO - [2026-06-10T09:24:20.020+0000] {dag.py:3722} INFO - Setting next_dagrun for example_external_task_marker_child to None, run_after=None
[2026-06-10T09:24:20.024+0000] {logging_mixin.py:154} INFO - [2026-06-10T09:24:20.024+0000] {dag.py:3722} INFO - Setting next_dagrun for example_external_task_marker_parent to None, run_after=None
[2026-06-10T09:24:20.045+0000] {processor.py:179} INFO - Processing /home/airflow/.local/lib/python3.10/site-packages/airflow/example_dags/example_external_task_marker_dag.py took 0.091 seconds
[2026-06-10T09:24:51.395+0000] {processor.py:157} INFO - Started process (PID=375) to work on /home/airflow/.local/lib/python3.10/site-packages/airflow/example_dags/example_external_task_marker_dag.py
[2026-06-10T09:24:51.403+0000] {processor.py:829} INFO - Processing file /home/airflow/.local/lib/python3.10/site-packages/airflow/example_dags/example_external_task_marker_dag.py for tasks to queue
[2026-06-10T09:24:51.405+0000] {logging_mixin.py:154} INFO - [2026-06-10T09:24:51.405+0000] {dagbag.py:536} INFO - Filling up the DagBag from /home/airflow/.local/lib/python3.10/site-packages/airflow/example_dags/example_external_task_marker_dag.py
[2026-06-10T09:24:51.424+0000] {processor.py:839} INFO - DAG(s) dict_keys(['example_external_task_marker_child', 'example_external_task_marker_parent']) retrieved from /home/airflow/.local/lib/python3.10/site-packages/airflow/example_dags/example_external_task_marker_dag.py
[2026-06-10T09:24:51.532+0000] {logging_mixin.py:154} INFO - [2026-06-10T09:24:51.531+0000] {dag.py:2941} INFO - Sync 2 DAGs
[2026-06-10T09:24:51.564+0000] {logging_mixin.py:154} INFO - [2026-06-10T09:24:51.564+0000] {dag.py:3722} INFO - Setting next_dagrun for example_external_task_marker_child to None, run_after=None
[2026-06-10T09:24:51.570+0000] {logging_mixin.py:154} INFO - [2026-06-10T09:24:51.570+0000] {dag.py:3722} INFO - Setting next_dagrun for example_external_task_marker_parent to None, run_after=None
[2026-06-10T09:24:51.616+0000] {processor.py:179} INFO - Processing /home/airflow/.local/lib/python3.10/site-packages/airflow/example_dags/example_external_task_marker_dag.py took 0.231 seconds
[2026-06-10T09:25:23.123+0000] {processor.py:157} INFO - Started process (PID=426) to work on /home/airflow/.local/lib/python3.10/site-packages/airflow/example_dags/example_external_task_marker_dag.py
[2026-06-10T09:25:23.132+0000] {processor.py:829} INFO - Processing file /home/airflow/.local/lib/python3.10/site-packages/airflow/example_dags/example_external_task_marker_dag.py for tasks to queue
[2026-06-10T09:25:23.138+0000] {logging_mixin.py:154} INFO - [2026-06-10T09:25:23.136+0000] {dagbag.py:536} INFO - Filling up the DagBag from /home/airflow/.local/lib/python3.10/site-packages/airflow/example_dags/example_external_task_marker_dag.py
[2026-06-10T09:25:23.177+0000] {processor.py:839} INFO - DAG(s) dict_keys(['example_external_task_marker_child', 'example_external_task_marker_parent']) retrieved from /home/airflow/.local/lib/python3.10/site-packages/airflow/example_dags/example_external_task_marker_dag.py
[2026-06-10T09:25:23.248+0000] {logging_mixin.py:154} INFO - [2026-06-10T09:25:23.248+0000] {dag.py:2941} INFO - Sync 2 DAGs
[2026-06-10T09:25:23.268+0000] {logging_mixin.py:154} INFO - [2026-06-10T09:25:23.268+0000] {dag.py:3722} INFO - Setting next_dagrun for example_external_task_marker_child to None, run_after=None
[2026-06-10T09:25:23.273+0000] {logging_mixin.py:154} INFO - [2026-06-10T09:25:23.273+0000] {dag.py:3722} INFO - Setting next_dagrun for example_external_task_marker_parent to None, run_after=None
[2026-06-10T09:25:23.308+0000] {processor.py:179} INFO - Processing /home/airflow/.local/lib/python3.10/site-packages/airflow/example_dags/example_external_task_marker_dag.py took 0.193 seconds
[2026-06-10T09:25:54.408+0000] {processor.py:157} INFO - Started process (PID=477) to work on /home/airflow/.local/lib/python3.10/site-packages/airflow/example_dags/example_external_task_marker_dag.py
[2026-06-10T09:25:54.412+0000] {processor.py:829} INFO - Processing file /home/airflow/.local/lib/python3.10/site-packages/airflow/example_dags/example_external_task_marker_dag.py for tasks to queue
[2026-06-10T09:25:54.414+0000] {logging_mixin.py:154} INFO - [2026-06-10T09:25:54.414+0000] {dagbag.py:536} INFO - Filling up the DagBag from /home/airflow/.local/lib/python3.10/site-packages/airflow/example_dags/example_external_task_marker_dag.py
[2026-06-10T09:25:54.431+0000] {processor.py:839} INFO - DAG(s) dict_keys(['example_external_task_marker_child', 'example_external_task_marker_parent']) retrieved from /home/airflow/.local/lib/python3.10/site-packages/airflow/example_dags/example_external_task_marker_dag.py
[2026-06-10T09:25:54.492+0000] {logging_mixin.py:154} INFO - [2026-06-10T09:25:54.492+0000] {dag.py:2941} INFO - Sync 2 DAGs
[2026-06-10T09:25:54.512+0000] {logging_mixin.py:154} INFO - [2026-06-10T09:25:54.512+0000] {dag.py:3722} INFO - Setting next_dagrun for example_external_task_marker_child to None, run_after=None
[2026-06-10T09:25:54.519+0000] {logging_mixin.py:154} INFO - [2026-06-10T09:25:54.519+0000] {dag.py:3722} INFO - Setting next_dagrun for example_external_task_marker_parent to None, run_after=None
[2026-06-10T09:25:54.568+0000] {processor.py:179} INFO - Processing /home/airflow/.local/lib/python3.10/site-packages/airflow/example_dags/example_external_task_marker_dag.py took 0.164 seconds
[2026-06-10T09:26:25.609+0000] {processor.py:157} INFO - Started process (PID=528) to work on /home/airflow/.local/lib/python3.10/site-packages/airflow/example_dags/example_external_task_marker_dag.py
[2026-06-10T09:26:25.619+0000] {processor.py:829} INFO - Processing file /home/airflow/.local/lib/python3.10/site-packages/airflow/example_dags/example_external_task_marker_dag.py for tasks to queue
[2026-06-10T09:26:25.628+0000] {logging_mixin.py:154} INFO - [2026-06-10T09:26:25.628+0000] {dagbag.py:536} INFO - Filling up the DagBag from /home/airflow/.local/lib/python3.10/site-packages/airflow/example_dags/example_external_task_marker_dag.py
[2026-06-10T09:26:25.660+0000] {processor.py:839} INFO - DAG(s) dict_keys(['example_external_task_marker_parent', 'example_external_task_marker_child']) retrieved from /home/airflow/.local/lib/python3.10/site-packages/airflow/example_dags/example_external_task_marker_dag.py
[2026-06-10T09:26:25.723+0000] {logging_mixin.py:154} INFO - [2026-06-10T09:26:25.722+0000] {dag.py:2941} INFO - Sync 2 DAGs
[2026-06-10T09:26:25.771+0000] {logging_mixin.py:154} INFO - [2026-06-10T09:26:25.770+0000] {dag.py:3722} INFO - Setting next_dagrun for example_external_task_marker_child to None, run_after=None
[2026-06-10T09:26:25.798+0000] {logging_mixin.py:154} INFO - [2026-06-10T09:26:25.798+0000] {dag.py:3722} INFO - Setting next_dagrun for example_external_task_marker_parent to None, run_after=None
[2026-06-10T09:26:25.946+0000] {processor.py:179} INFO - Processing /home/airflow/.local/lib/python3.10/site-packages/airflow/example_dags/example_external_task_marker_dag.py took 0.346 seconds
[2026-06-10T09:26:56.635+0000] {processor.py:157} INFO - Started process (PID=582) to work on /home/airflow/.local/lib/python3.10/site-packages/airflow/example_dags/example_external_task_marker_dag.py
[2026-06-10T09:26:56.637+0000] {processor.py:829} INFO - Processing file /home/airflow/.local/lib/python3.10/site-packages/airflow/example_dags/example_external_task_marker_dag.py for tasks to queue
[2026-06-10T09:26:56.639+0000] {logging_mixin.py:154} INFO - [2026-06-10T09:26:56.639+0000] {dagbag.py:536} INFO - Filling up the DagBag from /home/airflow/.local/lib/python3.10/site-packages/airflow/example_dags/example_external_task_marker_dag.py
[2026-06-10T09:26:56.647+0000] {processor.py:839} INFO - DAG(s) dict_keys(['example_external_task_marker_child', 'example_external_task_marker_parent']) retrieved from /home/airflow/.local/lib/python3.10/site-packages/airflow/example_dags/example_external_task_marker_dag.py
[2026-06-10T09:26:56.683+0000] {logging_mixin.py:154} INFO - [2026-06-10T09:26:56.683+0000] {dag.py:2941} INFO - Sync 2 DAGs
[2026-06-10T09:26:56.702+0000] {logging_mixin.py:154} INFO - [2026-06-10T09:26:56.702+0000] {dag.py:3722} INFO - Setting next_dagrun for example_external_task_marker_child to None, run_after=None
[2026-06-10T09:26:56.706+0000] {logging_mixin.py:154} INFO - [2026-06-10T09:26:56.706+0000] {dag.py:3722} INFO - Setting next_dagrun for example_external_task_marker_parent to None, run_after=None
[2026-06-10T09:26:56.726+0000] {processor.py:179} INFO - Processing /home/airflow/.local/lib/python3.10/site-packages/airflow/example_dags/example_external_task_marker_dag.py took 0.096 seconds
[2026-06-10T09:29:47.108+0000] {processor.py:157} INFO - Started process (PID=69) to work on /home/airflow/.local/lib/python3.10/site-packages/airflow/example_dags/example_external_task_marker_dag.py
[2026-06-10T09:29:47.132+0000] {processor.py:829} INFO - Processing file /home/airflow/.local/lib/python3.10/site-packages/airflow/example_dags/example_external_task_marker_dag.py for tasks to queue
[2026-06-10T09:29:47.142+0000] {logging_mixin.py:154} INFO - [2026-06-10T09:29:47.142+0000] {dagbag.py:536} INFO - Filling up the DagBag from /home/airflow/.local/lib/python3.10/site-packages/airflow/example_dags/example_external_task_marker_dag.py
[2026-06-10T09:29:47.168+0000] {processor.py:839} INFO - DAG(s) dict_keys(['example_external_task_marker_child', 'example_external_task_marker_parent']) retrieved from /home/airflow/.local/lib/python3.10/site-packages/airflow/example_dags/example_external_task_marker_dag.py
[2026-06-10T09:29:47.260+0000] {logging_mixin.py:154} INFO - [2026-06-10T09:29:47.260+0000] {dag.py:2941} INFO - Sync 2 DAGs
[2026-06-10T09:29:47.315+0000] {logging_mixin.py:154} INFO - [2026-06-10T09:29:47.304+0000] {dag.py:3722} INFO - Setting next_dagrun for example_external_task_marker_child to None, run_after=None
[2026-06-10T09:29:47.325+0000] {logging_mixin.py:154} INFO - [2026-06-10T09:29:47.325+0000] {dag.py:3722} INFO - Setting next_dagrun for example_external_task_marker_parent to None, run_after=None
[2026-06-10T09:29:47.369+0000] {processor.py:179} INFO - Processing /home/airflow/.local/lib/python3.10/site-packages/airflow/example_dags/example_external_task_marker_dag.py took 0.271 seconds
[2026-06-10T09:30:18.268+0000] {processor.py:157} INFO - Started process (PID=120) to work on /home/airflow/.local/lib/python3.10/site-packages/airflow/example_dags/example_external_task_marker_dag.py
[2026-06-10T09:30:18.271+0000] {processor.py:829} INFO - Processing file /home/airflow/.local/lib/python3.10/site-packages/airflow/example_dags/example_external_task_marker_dag.py for tasks to queue
[2026-06-10T09:30:18.276+0000] {logging_mixin.py:154} INFO - [2026-06-10T09:30:18.274+0000] {dagbag.py:536} INFO - Filling up the DagBag from /home/airflow/.local/lib/python3.10/site-packages/airflow/example_dags/example_external_task_marker_dag.py
[2026-06-10T09:30:18.286+0000] {processor.py:839} INFO - DAG(s) dict_keys(['example_external_task_marker_child', 'example_external_task_marker_parent']) retrieved from /home/airflow/.local/lib/python3.10/site-packages/airflow/example_dags/example_external_task_marker_dag.py
[2026-06-10T09:30:18.325+0000] {logging_mixin.py:154} INFO - [2026-06-10T09:30:18.325+0000] {dag.py:2941} INFO - Sync 2 DAGs
[2026-06-10T09:30:18.345+0000] {logging_mixin.py:154} INFO - [2026-06-10T09:30:18.345+0000] {dag.py:3722} INFO - Setting next_dagrun for example_external_task_marker_child to None, run_after=None
[2026-06-10T09:30:18.350+0000] {logging_mixin.py:154} INFO - [2026-06-10T09:30:18.350+0000] {dag.py:3722} INFO - Setting next_dagrun for example_external_task_marker_parent to None, run_after=None
[2026-06-10T09:30:18.413+0000] {processor.py:179} INFO - Processing /home/airflow/.local/lib/python3.10/site-packages/airflow/example_dags/example_external_task_marker_dag.py took 0.158 seconds
[2026-06-10T09:30:49.206+0000] {processor.py:157} INFO - Started process (PID=171) to work on /home/airflow/.local/lib/python3.10/site-packages/airflow/example_dags/example_external_task_marker_dag.py
[2026-06-10T09:30:49.212+0000] {processor.py:829} INFO - Processing file /home/airflow/.local/lib/python3.10/site-packages/airflow/example_dags/example_external_task_marker_dag.py for tasks to queue
[2026-06-10T09:30:49.226+0000] {logging_mixin.py:154} INFO - [2026-06-10T09:30:49.225+0000] {dagbag.py:536} INFO - Filling up the DagBag from /home/airflow/.local/lib/python3.10/site-packages/airflow/example_dags/example_external_task_marker_dag.py
[2026-06-10T09:30:49.241+0000] {processor.py:839} INFO - DAG(s) dict_keys(['example_external_task_marker_child', 'example_external_task_marker_parent']) retrieved from /home/airflow/.local/lib/python3.10/site-packages/airflow/example_dags/example_external_task_marker_dag.py
[2026-06-10T09:30:49.336+0000] {logging_mixin.py:154} INFO - [2026-06-10T09:30:49.336+0000] {dag.py:2941} INFO - Sync 2 DAGs
[2026-06-10T09:30:49.386+0000] {logging_mixin.py:154} INFO - [2026-06-10T09:30:49.386+0000] {dag.py:3722} INFO - Setting next_dagrun for example_external_task_marker_child to None, run_after=None
[2026-06-10T09:30:49.401+0000] {logging_mixin.py:154} INFO - [2026-06-10T09:30:49.400+0000] {dag.py:3722} INFO - Setting next_dagrun for example_external_task_marker_parent to None, run_after=None
[2026-06-10T09:30:49.484+0000] {processor.py:179} INFO - Processing /home/airflow/.local/lib/python3.10/site-packages/airflow/example_dags/example_external_task_marker_dag.py took 0.288 seconds
[2026-06-10T09:31:19.586+0000] {processor.py:157} INFO - Started process (PID=222) to work on /home/airflow/.local/lib/python3.10/site-packages/airflow/example_dags/example_external_task_marker_dag.py
[2026-06-10T09:31:19.587+0000] {processor.py:829} INFO - Processing file /home/airflow/.local/lib/python3.10/site-packages/airflow/example_dags/example_external_task_marker_dag.py for tasks to queue
[2026-06-10T09:31:19.589+0000] {logging_mixin.py:154} INFO - [2026-06-10T09:31:19.589+0000] {dagbag.py:536} INFO - Filling up the DagBag from /home/airflow/.local/lib/python3.10/site-packages/airflow/example_dags/example_external_task_marker_dag.py
[2026-06-10T09:31:19.595+0000] {processor.py:839} INFO - DAG(s) dict_keys(['example_external_task_marker_parent', 'example_external_task_marker_child']) retrieved from /home/airflow/.local/lib/python3.10/site-packages/airflow/example_dags/example_external_task_marker_dag.py
[2026-06-10T09:31:19.623+0000] {logging_mixin.py:154} INFO - [2026-06-10T09:31:19.623+0000] {dag.py:2941} INFO - Sync 2 DAGs
[2026-06-10T09:31:19.642+0000] {logging_mixin.py:154} INFO - [2026-06-10T09:31:19.642+0000] {dag.py:3722} INFO - Setting next_dagrun for example_external_task_marker_child to None, run_after=None
[2026-06-10T09:31:19.646+0000] {logging_mixin.py:154} INFO - [2026-06-10T09:31:19.646+0000] {dag.py:3722} INFO - Setting next_dagrun for example_external_task_marker_parent to None, run_after=None
[2026-06-10T09:31:19.667+0000] {processor.py:179} INFO - Processing /home/airflow/.local/lib/python3.10/site-packages/airflow/example_dags/example_external_task_marker_dag.py took 0.084 seconds
[2026-06-10T09:31:49.888+0000] {processor.py:157} INFO - Started process (PID=273) to work on /home/airflow/.local/lib/python3.10/site-packages/airflow/example_dags/example_external_task_marker_dag.py
[2026-06-10T09:31:49.890+0000] {processor.py:829} INFO - Processing file /home/airflow/.local/lib/python3.10/site-packages/airflow/example_dags/example_external_task_marker_dag.py for tasks to queue
[2026-06-10T09:31:49.892+0000] {logging_mixin.py:154} INFO - [2026-06-10T09:31:49.892+0000] {dagbag.py:536} INFO - Filling up the DagBag from /home/airflow/.local/lib/python3.10/site-packages/airflow/example_dags/example_external_task_marker_dag.py
[2026-06-10T09:31:49.900+0000] {processor.py:839} INFO - DAG(s) dict_keys(['example_external_task_marker_child', 'example_external_task_marker_parent']) retrieved from /home/airflow/.local/lib/python3.10/site-packages/airflow/example_dags/example_external_task_marker_dag.py
[2026-06-10T09:31:49.964+0000] {logging_mixin.py:154} INFO - [2026-06-10T09:31:49.963+0000] {dag.py:2941} INFO - Sync 2 DAGs
[2026-06-10T09:31:50.000+0000] {logging_mixin.py:154} INFO - [2026-06-10T09:31:50.000+0000] {dag.py:3722} INFO - Setting next_dagrun for example_external_task_marker_child to None, run_after=None
[2026-06-10T09:31:50.005+0000] {logging_mixin.py:154} INFO - [2026-06-10T09:31:50.005+0000] {dag.py:3722} INFO - Setting next_dagrun for example_external_task_marker_parent to None, run_after=None
[2026-06-10T09:31:50.113+0000] {processor.py:179} INFO - Processing /home/airflow/.local/lib/python3.10/site-packages/airflow/example_dags/example_external_task_marker_dag.py took 0.230 seconds
[2026-06-10T09:32:20.984+0000] {processor.py:157} INFO - Started process (PID=324) to work on /home/airflow/.local/lib/python3.10/site-packages/airflow/example_dags/example_external_task_marker_dag.py
[2026-06-10T09:32:20.990+0000] {processor.py:829} INFO - Processing file /home/airflow/.local/lib/python3.10/site-packages/airflow/example_dags/example_external_task_marker_dag.py for tasks to queue
[2026-06-10T09:32:20.992+0000] {logging_mixin.py:154} INFO - [2026-06-10T09:32:20.992+0000] {dagbag.py:536} INFO - Filling up the DagBag from /home/airflow/.local/lib/python3.10/site-packages/airflow/example_dags/example_external_task_marker_dag.py
[2026-06-10T09:32:21.004+0000] {processor.py:839} INFO - DAG(s) dict_keys(['example_external_task_marker_parent', 'example_external_task_marker_child']) retrieved from /home/airflow/.local/lib/python3.10/site-packages/airflow/example_dags/example_external_task_marker_dag.py
[2026-06-10T09:32:21.087+0000] {logging_mixin.py:154} INFO - [2026-06-10T09:32:21.087+0000] {dag.py:2941} INFO - Sync 2 DAGs
[2026-06-10T09:32:21.169+0000] {logging_mixin.py:154} INFO - [2026-06-10T09:32:21.168+0000] {dag.py:3722} INFO - Setting next_dagrun for example_external_task_marker_child to None, run_after=None
[2026-06-10T09:32:21.191+0000] {logging_mixin.py:154} INFO - [2026-06-10T09:32:21.191+0000] {dag.py:3722} INFO - Setting next_dagrun for example_external_task_marker_parent to None, run_after=None
[2026-06-10T09:32:21.245+0000] {processor.py:179} INFO - Processing /home/airflow/.local/lib/python3.10/site-packages/airflow/example_dags/example_external_task_marker_dag.py took 0.273 seconds
[2026-06-10T09:32:51.475+0000] {processor.py:157} INFO - Started process (PID=375) to work on /home/airflow/.local/lib/python3.10/site-packages/airflow/example_dags/example_external_task_marker_dag.py
[2026-06-10T09:32:51.477+0000] {processor.py:829} INFO - Processing file /home/airflow/.local/lib/python3.10/site-packages/airflow/example_dags/example_external_task_marker_dag.py for tasks to queue
[2026-06-10T09:32:51.480+0000] {logging_mixin.py:154} INFO - [2026-06-10T09:32:51.479+0000] {dagbag.py:536} INFO - Filling up the DagBag from /home/airflow/.local/lib/python3.10/site-packages/airflow/example_dags/example_external_task_marker_dag.py
[2026-06-10T09:32:51.487+0000] {processor.py:839} INFO - DAG(s) dict_keys(['example_external_task_marker_parent', 'example_external_task_marker_child']) retrieved from /home/airflow/.local/lib/python3.10/site-packages/airflow/example_dags/example_external_task_marker_dag.py
[2026-06-10T09:32:51.530+0000] {logging_mixin.py:154} INFO - [2026-06-10T09:32:51.521+0000] {dag.py:2941} INFO - Sync 2 DAGs
[2026-06-10T09:32:51.548+0000] {logging_mixin.py:154} INFO - [2026-06-10T09:32:51.548+0000] {dag.py:3722} INFO - Setting next_dagrun for example_external_task_marker_child to None, run_after=None
[2026-06-10T09:32:51.553+0000] {logging_mixin.py:154} INFO - [2026-06-10T09:32:51.553+0000] {dag.py:3722} INFO - Setting next_dagrun for example_external_task_marker_parent to None, run_after=None
[2026-06-10T09:32:51.608+0000] {processor.py:179} INFO - Processing /home/airflow/.local/lib/python3.10/site-packages/airflow/example_dags/example_external_task_marker_dag.py took 0.137 seconds
[2026-06-10T09:33:21.894+0000] {processor.py:157} INFO - Started process (PID=426) to work on /home/airflow/.local/lib/python3.10/site-packages/airflow/example_dags/example_external_task_marker_dag.py
[2026-06-10T09:33:21.896+0000] {processor.py:829} INFO - Processing file /home/airflow/.local/lib/python3.10/site-packages/airflow/example_dags/example_external_task_marker_dag.py for tasks to queue
[2026-06-10T09:33:21.899+0000] {logging_mixin.py:154} INFO - [2026-06-10T09:33:21.898+0000] {dagbag.py:536} INFO - Filling up the DagBag from /home/airflow/.local/lib/python3.10/site-packages/airflow/example_dags/example_external_task_marker_dag.py
[2026-06-10T09:33:21.933+0000] {processor.py:839} INFO - DAG(s) dict_keys(['example_external_task_marker_parent', 'example_external_task_marker_child']) retrieved from /home/airflow/.local/lib/python3.10/site-packages/airflow/example_dags/example_external_task_marker_dag.py
[2026-06-10T09:33:22.052+0000] {logging_mixin.py:154} INFO - [2026-06-10T09:33:22.052+0000] {dag.py:2941} INFO - Sync 2 DAGs
[2026-06-10T09:33:22.154+0000] {logging_mixin.py:154} INFO - [2026-06-10T09:33:22.154+0000] {dag.py:3722} INFO - Setting next_dagrun for example_external_task_marker_child to None, run_after=None
[2026-06-10T09:33:22.194+0000] {logging_mixin.py:154} INFO - [2026-06-10T09:33:22.194+0000] {dag.py:3722} INFO - Setting next_dagrun for example_external_task_marker_parent to None, run_after=None
[2026-06-10T09:33:22.296+0000] {processor.py:179} INFO - Processing /home/airflow/.local/lib/python3.10/site-packages/airflow/example_dags/example_external_task_marker_dag.py took 0.418 seconds
[2026-06-10T09:33:52.795+0000] {processor.py:157} INFO - Started process (PID=477) to work on /home/airflow/.local/lib/python3.10/site-packages/airflow/example_dags/example_external_task_marker_dag.py
[2026-06-10T09:33:52.796+0000] {processor.py:829} INFO - Processing file /home/airflow/.local/lib/python3.10/site-packages/airflow/example_dags/example_external_task_marker_dag.py for tasks to queue
[2026-06-10T09:33:52.799+0000] {logging_mixin.py:154} INFO - [2026-06-10T09:33:52.798+0000] {dagbag.py:536} INFO - Filling up the DagBag from /home/airflow/.local/lib/python3.10/site-packages/airflow/example_dags/example_external_task_marker_dag.py
[2026-06-10T09:33:52.807+0000] {processor.py:839} INFO - DAG(s) dict_keys(['example_external_task_marker_parent', 'example_external_task_marker_child']) retrieved from /home/airflow/.local/lib/python3.10/site-packages/airflow/example_dags/example_external_task_marker_dag.py
[2026-06-10T09:33:52.839+0000] {logging_mixin.py:154} INFO - [2026-06-10T09:33:52.839+0000] {dag.py:2941} INFO - Sync 2 DAGs
[2026-06-10T09:33:52.857+0000] {logging_mixin.py:154} INFO - [2026-06-10T09:33:52.857+0000] {dag.py:3722} INFO - Setting next_dagrun for example_external_task_marker_child to None, run_after=None
[2026-06-10T09:33:52.861+0000] {logging_mixin.py:154} INFO - [2026-06-10T09:33:52.861+0000] {dag.py:3722} INFO - Setting next_dagrun for example_external_task_marker_parent to None, run_after=None
[2026-06-10T09:33:52.897+0000] {processor.py:179} INFO - Processing /home/airflow/.local/lib/python3.10/site-packages/airflow/example_dags/example_external_task_marker_dag.py took 0.107 seconds
[2026-06-10T09:34:26.423+0000] {processor.py:157} INFO - Started process (PID=528) to work on /home/airflow/.local/lib/python3.10/site-packages/airflow/example_dags/example_external_task_marker_dag.py
[2026-06-10T09:34:26.427+0000] {processor.py:829} INFO - Processing file /home/airflow/.local/lib/python3.10/site-packages/airflow/example_dags/example_external_task_marker_dag.py for tasks to queue
[2026-06-10T09:34:26.432+0000] {logging_mixin.py:154} INFO - [2026-06-10T09:34:26.432+0000] {dagbag.py:536} INFO - Filling up the DagBag from /home/airflow/.local/lib/python3.10/site-packages/airflow/example_dags/example_external_task_marker_dag.py
[2026-06-10T09:34:26.451+0000] {processor.py:839} INFO - DAG(s) dict_keys(['example_external_task_marker_parent', 'example_external_task_marker_child']) retrieved from /home/airflow/.local/lib/python3.10/site-packages/airflow/example_dags/example_external_task_marker_dag.py
[2026-06-10T09:34:26.482+0000] {logging_mixin.py:154} INFO - [2026-06-10T09:34:26.482+0000] {dag.py:2941} INFO - Sync 2 DAGs
[2026-06-10T09:34:26.500+0000] {logging_mixin.py:154} INFO - [2026-06-10T09:34:26.500+0000] {dag.py:3722} INFO - Setting next_dagrun for example_external_task_marker_child to None, run_after=None
[2026-06-10T09:34:26.508+0000] {logging_mixin.py:154} INFO - [2026-06-10T09:34:26.508+0000] {dag.py:3722} INFO - Setting next_dagrun for example_external_task_marker_parent to None, run_after=None
[2026-06-10T09:34:26.556+0000] {processor.py:179} INFO - Processing /home/airflow/.local/lib/python3.10/site-packages/airflow/example_dags/example_external_task_marker_dag.py took 0.137 seconds
[2026-06-10T09:34:57.200+0000] {processor.py:157} INFO - Started process (PID=579) to work on /home/airflow/.local/lib/python3.10/site-packages/airflow/example_dags/example_external_task_marker_dag.py
[2026-06-10T09:34:57.202+0000] {processor.py:829} INFO - Processing file /home/airflow/.local/lib/python3.10/site-packages/airflow/example_dags/example_external_task_marker_dag.py for tasks to queue
[2026-06-10T09:34:57.204+0000] {logging_mixin.py:154} INFO - [2026-06-10T09:34:57.203+0000] {dagbag.py:536} INFO - Filling up the DagBag from /home/airflow/.local/lib/python3.10/site-packages/airflow/example_dags/example_external_task_marker_dag.py
[2026-06-10T09:34:57.214+0000] {processor.py:839} INFO - DAG(s) dict_keys(['example_external_task_marker_child', 'example_external_task_marker_parent']) retrieved from /home/airflow/.local/lib/python3.10/site-packages/airflow/example_dags/example_external_task_marker_dag.py
[2026-06-10T09:34:57.286+0000] {logging_mixin.py:154} INFO - [2026-06-10T09:34:57.286+0000] {dag.py:2941} INFO - Sync 2 DAGs
[2026-06-10T09:34:57.305+0000] {logging_mixin.py:154} INFO - [2026-06-10T09:34:57.305+0000] {dag.py:3722} INFO - Setting next_dagrun for example_external_task_marker_child to None, run_after=None
[2026-06-10T09:34:57.310+0000] {logging_mixin.py:154} INFO - [2026-06-10T09:34:57.310+0000] {dag.py:3722} INFO - Setting next_dagrun for example_external_task_marker_parent to None, run_after=None
[2026-06-10T09:34:57.340+0000] {processor.py:179} INFO - Processing /home/airflow/.local/lib/python3.10/site-packages/airflow/example_dags/example_external_task_marker_dag.py took 0.145 seconds
[2026-06-10T09:35:27.790+0000] {processor.py:157} INFO - Started process (PID=631) to work on /home/airflow/.local/lib/python3.10/site-packages/airflow/example_dags/example_external_task_marker_dag.py
[2026-06-10T09:35:27.792+0000] {processor.py:829} INFO - Processing file /home/airflow/.local/lib/python3.10/site-packages/airflow/example_dags/example_external_task_marker_dag.py for tasks to queue
[2026-06-10T09:35:27.795+0000] {logging_mixin.py:154} INFO - [2026-06-10T09:35:27.794+0000] {dagbag.py:536} INFO - Filling up the DagBag from /home/airflow/.local/lib/python3.10/site-packages/airflow/example_dags/example_external_task_marker_dag.py
[2026-06-10T09:35:27.804+0000] {processor.py:839} INFO - DAG(s) dict_keys(['example_external_task_marker_parent', 'example_external_task_marker_child']) retrieved from /home/airflow/.local/lib/python3.10/site-packages/airflow/example_dags/example_external_task_marker_dag.py
[2026-06-10T09:35:27.837+0000] {logging_mixin.py:154} INFO - [2026-06-10T09:35:27.837+0000] {dag.py:2941} INFO - Sync 2 DAGs
[2026-06-10T09:35:27.855+0000] {logging_mixin.py:154} INFO - [2026-06-10T09:35:27.855+0000] {dag.py:3722} INFO - Setting next_dagrun for example_external_task_marker_child to None, run_after=None
[2026-06-10T09:35:27.860+0000] {logging_mixin.py:154} INFO - [2026-06-10T09:35:27.860+0000] {dag.py:3722} INFO - Setting next_dagrun for example_external_task_marker_parent to None, run_after=None
[2026-06-10T09:35:27.882+0000] {processor.py:179} INFO - Processing /home/airflow/.local/lib/python3.10/site-packages/airflow/example_dags/example_external_task_marker_dag.py took 0.097 seconds
[2026-06-10T09:38:13.268+0000] {processor.py:157} INFO - Started process (PID=69) to work on /home/airflow/.local/lib/python3.10/site-packages/airflow/example_dags/example_external_task_marker_dag.py
[2026-06-10T09:38:13.289+0000] {processor.py:829} INFO - Processing file /home/airflow/.local/lib/python3.10/site-packages/airflow/example_dags/example_external_task_marker_dag.py for tasks to queue
[2026-06-10T09:38:13.315+0000] {logging_mixin.py:154} INFO - [2026-06-10T09:38:13.315+0000] {dagbag.py:536} INFO - Filling up the DagBag from /home/airflow/.local/lib/python3.10/site-packages/airflow/example_dags/example_external_task_marker_dag.py
[2026-06-10T09:38:13.351+0000] {processor.py:839} INFO - DAG(s) dict_keys(['example_external_task_marker_child', 'example_external_task_marker_parent']) retrieved from /home/airflow/.local/lib/python3.10/site-packages/airflow/example_dags/example_external_task_marker_dag.py
[2026-06-10T09:38:13.534+0000] {logging_mixin.py:154} INFO - [2026-06-10T09:38:13.534+0000] {dag.py:2941} INFO - Sync 2 DAGs
[2026-06-10T09:38:13.633+0000] {logging_mixin.py:154} INFO - [2026-06-10T09:38:13.633+0000] {dag.py:3722} INFO - Setting next_dagrun for example_external_task_marker_child to None, run_after=None
[2026-06-10T09:38:13.669+0000] {logging_mixin.py:154} INFO - [2026-06-10T09:38:13.669+0000] {dag.py:3722} INFO - Setting next_dagrun for example_external_task_marker_parent to None, run_after=None
[2026-06-10T09:38:13.798+0000] {processor.py:179} INFO - Processing /home/airflow/.local/lib/python3.10/site-packages/airflow/example_dags/example_external_task_marker_dag.py took 0.570 seconds
[2026-06-10T09:38:43.909+0000] {processor.py:157} INFO - Started process (PID=120) to work on /home/airflow/.local/lib/python3.10/site-packages/airflow/example_dags/example_external_task_marker_dag.py
[2026-06-10T09:38:43.917+0000] {processor.py:829} INFO - Processing file /home/airflow/.local/lib/python3.10/site-packages/airflow/example_dags/example_external_task_marker_dag.py for tasks to queue
[2026-06-10T09:38:43.924+0000] {logging_mixin.py:154} INFO - [2026-06-10T09:38:43.923+0000] {dagbag.py:536} INFO - Filling up the DagBag from /home/airflow/.local/lib/python3.10/site-packages/airflow/example_dags/example_external_task_marker_dag.py
[2026-06-10T09:38:43.943+0000] {processor.py:839} INFO - DAG(s) dict_keys(['example_external_task_marker_parent', 'example_external_task_marker_child']) retrieved from /home/airflow/.local/lib/python3.10/site-packages/airflow/example_dags/example_external_task_marker_dag.py
[2026-06-10T09:38:44.012+0000] {logging_mixin.py:154} INFO - [2026-06-10T09:38:44.012+0000] {dag.py:2941} INFO - Sync 2 DAGs
[2026-06-10T09:38:44.065+0000] {logging_mixin.py:154} INFO - [2026-06-10T09:38:44.065+0000] {dag.py:3722} INFO - Setting next_dagrun for example_external_task_marker_child to None, run_after=None
[2026-06-10T09:38:44.071+0000] {logging_mixin.py:154} INFO - [2026-06-10T09:38:44.071+0000] {dag.py:3722} INFO - Setting next_dagrun for example_external_task_marker_parent to None, run_after=None
[2026-06-10T09:38:44.118+0000] {processor.py:179} INFO - Processing /home/airflow/.local/lib/python3.10/site-packages/airflow/example_dags/example_external_task_marker_dag.py took 0.223 seconds
[2026-06-10T09:39:14.911+0000] {processor.py:157} INFO - Started process (PID=171) to work on /home/airflow/.local/lib/python3.10/site-packages/airflow/example_dags/example_external_task_marker_dag.py
[2026-06-10T09:39:14.912+0000] {processor.py:829} INFO - Processing file /home/airflow/.local/lib/python3.10/site-packages/airflow/example_dags/example_external_task_marker_dag.py for tasks to queue
[2026-06-10T09:39:14.914+0000] {logging_mixin.py:154} INFO - [2026-06-10T09:39:14.914+0000] {dagbag.py:536} INFO - Filling up the DagBag from /home/airflow/.local/lib/python3.10/site-packages/airflow/example_dags/example_external_task_marker_dag.py
[2026-06-10T09:39:14.922+0000] {processor.py:839} INFO - DAG(s) dict_keys(['example_external_task_marker_parent', 'example_external_task_marker_child']) retrieved from /home/airflow/.local/lib/python3.10/site-packages/airflow/example_dags/example_external_task_marker_dag.py
[2026-06-10T09:39:14.954+0000] {logging_mixin.py:154} INFO - [2026-06-10T09:39:14.954+0000] {dag.py:2941} INFO - Sync 2 DAGs
[2026-06-10T09:39:14.983+0000] {logging_mixin.py:154} INFO - [2026-06-10T09:39:14.983+0000] {dag.py:3722} INFO - Setting next_dagrun for example_external_task_marker_child to None, run_after=None
[2026-06-10T09:39:15.004+0000] {logging_mixin.py:154} INFO - [2026-06-10T09:39:15.002+0000] {dag.py:3722} INFO - Setting next_dagrun for example_external_task_marker_parent to None, run_after=None
[2026-06-10T09:39:15.041+0000] {processor.py:179} INFO - Processing /home/airflow/.local/lib/python3.10/site-packages/airflow/example_dags/example_external_task_marker_dag.py took 0.134 seconds
[2026-06-10T09:39:45.765+0000] {processor.py:157} INFO - Started process (PID=222) to work on /home/airflow/.local/lib/python3.10/site-packages/airflow/example_dags/example_external_task_marker_dag.py
[2026-06-10T09:39:45.767+0000] {processor.py:829} INFO - Processing file /home/airflow/.local/lib/python3.10/site-packages/airflow/example_dags/example_external_task_marker_dag.py for tasks to queue
[2026-06-10T09:39:45.779+0000] {logging_mixin.py:154} INFO - [2026-06-10T09:39:45.776+0000] {dagbag.py:536} INFO - Filling up the DagBag from /home/airflow/.local/lib/python3.10/site-packages/airflow/example_dags/example_external_task_marker_dag.py
[2026-06-10T09:39:45.799+0000] {processor.py:839} INFO - DAG(s) dict_keys(['example_external_task_marker_child', 'example_external_task_marker_parent']) retrieved from /home/airflow/.local/lib/python3.10/site-packages/airflow/example_dags/example_external_task_marker_dag.py
[2026-06-10T09:39:45.916+0000] {logging_mixin.py:154} INFO - [2026-06-10T09:39:45.916+0000] {dag.py:2941} INFO - Sync 2 DAGs
[2026-06-10T09:39:45.986+0000] {logging_mixin.py:154} INFO - [2026-06-10T09:39:45.986+0000] {dag.py:3722} INFO - Setting next_dagrun for example_external_task_marker_child to None, run_after=None
[2026-06-10T09:39:45.995+0000] {logging_mixin.py:154} INFO - [2026-06-10T09:39:45.995+0000] {dag.py:3722} INFO - Setting next_dagrun for example_external_task_marker_parent to None, run_after=None
[2026-06-10T09:39:46.044+0000] {processor.py:179} INFO - Processing /home/airflow/.local/lib/python3.10/site-packages/airflow/example_dags/example_external_task_marker_dag.py took 0.290 seconds
[2026-06-10T09:55:57.273+0000] {processor.py:157} INFO - Started process (PID=275) to work on /home/airflow/.local/lib/python3.10/site-packages/airflow/example_dags/example_external_task_marker_dag.py
[2026-06-10T09:55:57.280+0000] {processor.py:829} INFO - Processing file /home/airflow/.local/lib/python3.10/site-packages/airflow/example_dags/example_external_task_marker_dag.py for tasks to queue
[2026-06-10T09:55:57.281+0000] {logging_mixin.py:154} INFO - [2026-06-10T09:55:57.281+0000] {dagbag.py:536} INFO - Filling up the DagBag from /home/airflow/.local/lib/python3.10/site-packages/airflow/example_dags/example_external_task_marker_dag.py
[2026-06-10T09:55:57.306+0000] {processor.py:839} INFO - DAG(s) dict_keys(['example_external_task_marker_child', 'example_external_task_marker_parent']) retrieved from /home/airflow/.local/lib/python3.10/site-packages/airflow/example_dags/example_external_task_marker_dag.py
[2026-06-10T09:55:57.452+0000] {logging_mixin.py:154} INFO - [2026-06-10T09:55:57.452+0000] {dag.py:2941} INFO - Sync 2 DAGs
[2026-06-10T09:55:57.511+0000] {logging_mixin.py:154} INFO - [2026-06-10T09:55:57.510+0000] {dag.py:3722} INFO - Setting next_dagrun for example_external_task_marker_child to None, run_after=None
[2026-06-10T09:55:57.523+0000] {logging_mixin.py:154} INFO - [2026-06-10T09:55:57.522+0000] {dag.py:3722} INFO - Setting next_dagrun for example_external_task_marker_parent to None, run_after=None
[2026-06-10T09:55:57.567+0000] {processor.py:179} INFO - Processing /home/airflow/.local/lib/python3.10/site-packages/airflow/example_dags/example_external_task_marker_dag.py took 0.300 seconds
[2026-06-10T09:56:29.253+0000] {processor.py:157} INFO - Started process (PID=326) to work on /home/airflow/.local/lib/python3.10/site-packages/airflow/example_dags/example_external_task_marker_dag.py
[2026-06-10T09:56:29.262+0000] {processor.py:829} INFO - Processing file /home/airflow/.local/lib/python3.10/site-packages/airflow/example_dags/example_external_task_marker_dag.py for tasks to queue
[2026-06-10T09:56:29.270+0000] {logging_mixin.py:154} INFO - [2026-06-10T09:56:29.269+0000] {dagbag.py:536} INFO - Filling up the DagBag from /home/airflow/.local/lib/python3.10/site-packages/airflow/example_dags/example_external_task_marker_dag.py
[2026-06-10T09:56:29.291+0000] {processor.py:839} INFO - DAG(s) dict_keys(['example_external_task_marker_parent', 'example_external_task_marker_child']) retrieved from /home/airflow/.local/lib/python3.10/site-packages/airflow/example_dags/example_external_task_marker_dag.py
[2026-06-10T09:56:29.342+0000] {logging_mixin.py:154} INFO - [2026-06-10T09:56:29.341+0000] {dag.py:2941} INFO - Sync 2 DAGs
[2026-06-10T09:56:29.359+0000] {logging_mixin.py:154} INFO - [2026-06-10T09:56:29.359+0000] {dag.py:3722} INFO - Setting next_dagrun for example_external_task_marker_child to None, run_after=None
[2026-06-10T09:56:29.372+0000] {logging_mixin.py:154} INFO - [2026-06-10T09:56:29.372+0000] {dag.py:3722} INFO - Setting next_dagrun for example_external_task_marker_parent to None, run_after=None
[2026-06-10T09:56:29.431+0000] {processor.py:179} INFO - Processing /home/airflow/.local/lib/python3.10/site-packages/airflow/example_dags/example_external_task_marker_dag.py took 0.191 seconds
[2026-06-10T10:00:19.947+0000] {processor.py:157} INFO - Started process (PID=397) to work on /home/airflow/.local/lib/python3.10/site-packages/airflow/example_dags/example_external_task_marker_dag.py
[2026-06-10T10:00:19.974+0000] {processor.py:829} INFO - Processing file /home/airflow/.local/lib/python3.10/site-packages/airflow/example_dags/example_external_task_marker_dag.py for tasks to queue
[2026-06-10T10:00:19.975+0000] {logging_mixin.py:154} INFO - [2026-06-10T10:00:19.975+0000] {dagbag.py:536} INFO - Filling up the DagBag from /home/airflow/.local/lib/python3.10/site-packages/airflow/example_dags/example_external_task_marker_dag.py
[2026-06-10T10:00:20.018+0000] {processor.py:839} INFO - DAG(s) dict_keys(['example_external_task_marker_parent', 'example_external_task_marker_child']) retrieved from /home/airflow/.local/lib/python3.10/site-packages/airflow/example_dags/example_external_task_marker_dag.py
[2026-06-10T10:00:20.154+0000] {logging_mixin.py:154} INFO - [2026-06-10T10:00:20.153+0000] {dag.py:2941} INFO - Sync 2 DAGs
[2026-06-10T10:00:20.207+0000] {logging_mixin.py:154} INFO - [2026-06-10T10:00:20.207+0000] {dag.py:3722} INFO - Setting next_dagrun for example_external_task_marker_child to None, run_after=None
[2026-06-10T10:00:20.224+0000] {logging_mixin.py:154} INFO - [2026-06-10T10:00:20.223+0000] {dag.py:3722} INFO - Setting next_dagrun for example_external_task_marker_parent to None, run_after=None
[2026-06-10T10:00:20.264+0000] {processor.py:179} INFO - Processing /home/airflow/.local/lib/python3.10/site-packages/airflow/example_dags/example_external_task_marker_dag.py took 0.350 seconds
[2026-06-10T10:13:48.318+0000] {processor.py:157} INFO - Started process (PID=463) to work on /home/airflow/.local/lib/python3.10/site-packages/airflow/example_dags/example_external_task_marker_dag.py
[2026-06-10T10:13:48.356+0000] {processor.py:829} INFO - Processing file /home/airflow/.local/lib/python3.10/site-packages/airflow/example_dags/example_external_task_marker_dag.py for tasks to queue
[2026-06-10T10:13:48.370+0000] {logging_mixin.py:154} INFO - [2026-06-10T10:13:48.366+0000] {dagbag.py:536} INFO - Filling up the DagBag from /home/airflow/.local/lib/python3.10/site-packages/airflow/example_dags/example_external_task_marker_dag.py
[2026-06-10T10:13:48.445+0000] {processor.py:839} INFO - DAG(s) dict_keys(['example_external_task_marker_parent', 'example_external_task_marker_child']) retrieved from /home/airflow/.local/lib/python3.10/site-packages/airflow/example_dags/example_external_task_marker_dag.py
[2026-06-10T10:13:48.656+0000] {logging_mixin.py:154} INFO - [2026-06-10T10:13:48.654+0000] {dag.py:2941} INFO - Sync 2 DAGs
[2026-06-10T10:13:48.728+0000] {logging_mixin.py:154} INFO - [2026-06-10T10:13:48.728+0000] {dag.py:3722} INFO - Setting next_dagrun for example_external_task_marker_child to None, run_after=None
[2026-06-10T10:13:48.739+0000] {logging_mixin.py:154} INFO - [2026-06-10T10:13:48.739+0000] {dag.py:3722} INFO - Setting next_dagrun for example_external_task_marker_parent to None, run_after=None
[2026-06-10T10:13:48.888+0000] {processor.py:179} INFO - Processing /home/airflow/.local/lib/python3.10/site-packages/airflow/example_dags/example_external_task_marker_dag.py took 0.582 seconds
[2026-06-10T10:35:49.001+0000] {processor.py:157} INFO - Started process (PID=516) to work on /home/airflow/.local/lib/python3.10/site-packages/airflow/example_dags/example_external_task_marker_dag.py
[2026-06-10T10:35:49.017+0000] {processor.py:829} INFO - Processing file /home/airflow/.local/lib/python3.10/site-packages/airflow/example_dags/example_external_task_marker_dag.py for tasks to queue
[2026-06-10T10:35:49.018+0000] {logging_mixin.py:154} INFO - [2026-06-10T10:35:49.018+0000] {dagbag.py:536} INFO - Filling up the DagBag from /home/airflow/.local/lib/python3.10/site-packages/airflow/example_dags/example_external_task_marker_dag.py
[2026-06-10T10:35:49.044+0000] {processor.py:839} INFO - DAG(s) dict_keys(['example_external_task_marker_child', 'example_external_task_marker_parent']) retrieved from /home/airflow/.local/lib/python3.10/site-packages/airflow/example_dags/example_external_task_marker_dag.py
[2026-06-10T10:35:49.104+0000] {logging_mixin.py:154} INFO - [2026-06-10T10:35:49.104+0000] {dag.py:2941} INFO - Sync 2 DAGs
[2026-06-10T10:35:49.155+0000] {logging_mixin.py:154} INFO - [2026-06-10T10:35:49.147+0000] {dag.py:3722} INFO - Setting next_dagrun for example_external_task_marker_child to None, run_after=None
[2026-06-10T10:35:49.160+0000] {logging_mixin.py:154} INFO - [2026-06-10T10:35:49.160+0000] {dag.py:3722} INFO - Setting next_dagrun for example_external_task_marker_parent to None, run_after=None
[2026-06-10T10:35:49.202+0000] {processor.py:179} INFO - Processing /home/airflow/.local/lib/python3.10/site-packages/airflow/example_dags/example_external_task_marker_dag.py took 0.205 seconds
[2026-06-10T10:36:20.103+0000] {processor.py:157} INFO - Started process (PID=567) to work on /home/airflow/.local/lib/python3.10/site-packages/airflow/example_dags/example_external_task_marker_dag.py
[2026-06-10T10:36:20.105+0000] {processor.py:829} INFO - Processing file /home/airflow/.local/lib/python3.10/site-packages/airflow/example_dags/example_external_task_marker_dag.py for tasks to queue
[2026-06-10T10:36:20.106+0000] {logging_mixin.py:154} INFO - [2026-06-10T10:36:20.106+0000] {dagbag.py:536} INFO - Filling up the DagBag from /home/airflow/.local/lib/python3.10/site-packages/airflow/example_dags/example_external_task_marker_dag.py
[2026-06-10T10:36:20.121+0000] {processor.py:839} INFO - DAG(s) dict_keys(['example_external_task_marker_child', 'example_external_task_marker_parent']) retrieved from /home/airflow/.local/lib/python3.10/site-packages/airflow/example_dags/example_external_task_marker_dag.py
[2026-06-10T10:36:20.152+0000] {logging_mixin.py:154} INFO - [2026-06-10T10:36:20.151+0000] {dag.py:2941} INFO - Sync 2 DAGs
[2026-06-10T10:36:20.167+0000] {logging_mixin.py:154} INFO - [2026-06-10T10:36:20.167+0000] {dag.py:3722} INFO - Setting next_dagrun for example_external_task_marker_child to None, run_after=None
[2026-06-10T10:36:20.172+0000] {logging_mixin.py:154} INFO - [2026-06-10T10:36:20.172+0000] {dag.py:3722} INFO - Setting next_dagrun for example_external_task_marker_parent to None, run_after=None
[2026-06-10T10:36:20.193+0000] {processor.py:179} INFO - Processing /home/airflow/.local/lib/python3.10/site-packages/airflow/example_dags/example_external_task_marker_dag.py took 0.094 seconds
[2026-06-10T10:36:55.097+0000] {processor.py:157} INFO - Started process (PID=620) to work on /home/airflow/.local/lib/python3.10/site-packages/airflow/example_dags/example_external_task_marker_dag.py
[2026-06-10T10:36:55.108+0000] {processor.py:829} INFO - Processing file /home/airflow/.local/lib/python3.10/site-packages/airflow/example_dags/example_external_task_marker_dag.py for tasks to queue
[2026-06-10T10:36:55.110+0000] {logging_mixin.py:154} INFO - [2026-06-10T10:36:55.109+0000] {dagbag.py:536} INFO - Filling up the DagBag from /home/airflow/.local/lib/python3.10/site-packages/airflow/example_dags/example_external_task_marker_dag.py
[2026-06-10T10:36:55.118+0000] {processor.py:839} INFO - DAG(s) dict_keys(['example_external_task_marker_child', 'example_external_task_marker_parent']) retrieved from /home/airflow/.local/lib/python3.10/site-packages/airflow/example_dags/example_external_task_marker_dag.py
[2026-06-10T10:36:55.188+0000] {logging_mixin.py:154} INFO - [2026-06-10T10:36:55.188+0000] {dag.py:2941} INFO - Sync 2 DAGs
[2026-06-10T10:36:55.207+0000] {logging_mixin.py:154} INFO - [2026-06-10T10:36:55.206+0000] {dag.py:3722} INFO - Setting next_dagrun for example_external_task_marker_child to None, run_after=None
[2026-06-10T10:36:55.214+0000] {logging_mixin.py:154} INFO - [2026-06-10T10:36:55.214+0000] {dag.py:3722} INFO - Setting next_dagrun for example_external_task_marker_parent to None, run_after=None
[2026-06-10T10:36:55.457+0000] {processor.py:179} INFO - Processing /home/airflow/.local/lib/python3.10/site-packages/airflow/example_dags/example_external_task_marker_dag.py took 0.365 seconds
[2026-06-10T10:37:26.207+0000] {processor.py:157} INFO - Started process (PID=671) to work on /home/airflow/.local/lib/python3.10/site-packages/airflow/example_dags/example_external_task_marker_dag.py
[2026-06-10T10:37:26.208+0000] {processor.py:829} INFO - Processing file /home/airflow/.local/lib/python3.10/site-packages/airflow/example_dags/example_external_task_marker_dag.py for tasks to queue
[2026-06-10T10:37:26.209+0000] {logging_mixin.py:154} INFO - [2026-06-10T10:37:26.209+0000] {dagbag.py:536} INFO - Filling up the DagBag from /home/airflow/.local/lib/python3.10/site-packages/airflow/example_dags/example_external_task_marker_dag.py
[2026-06-10T10:37:26.235+0000] {processor.py:839} INFO - DAG(s) dict_keys(['example_external_task_marker_child', 'example_external_task_marker_parent']) retrieved from /home/airflow/.local/lib/python3.10/site-packages/airflow/example_dags/example_external_task_marker_dag.py
[2026-06-10T10:37:26.381+0000] {logging_mixin.py:154} INFO - [2026-06-10T10:37:26.380+0000] {dag.py:2941} INFO - Sync 2 DAGs
[2026-06-10T10:37:26.434+0000] {logging_mixin.py:154} INFO - [2026-06-10T10:37:26.434+0000] {dag.py:3722} INFO - Setting next_dagrun for example_external_task_marker_child to None, run_after=None
[2026-06-10T10:37:26.462+0000] {logging_mixin.py:154} INFO - [2026-06-10T10:37:26.460+0000] {dag.py:3722} INFO - Setting next_dagrun for example_external_task_marker_parent to None, run_after=None
[2026-06-10T10:37:26.562+0000] {processor.py:179} INFO - Processing /home/airflow/.local/lib/python3.10/site-packages/airflow/example_dags/example_external_task_marker_dag.py took 0.371 seconds
[2026-06-10T10:37:56.921+0000] {processor.py:157} INFO - Started process (PID=722) to work on /home/airflow/.local/lib/python3.10/site-packages/airflow/example_dags/example_external_task_marker_dag.py
[2026-06-10T10:37:56.923+0000] {processor.py:829} INFO - Processing file /home/airflow/.local/lib/python3.10/site-packages/airflow/example_dags/example_external_task_marker_dag.py for tasks to queue
[2026-06-10T10:37:56.924+0000] {logging_mixin.py:154} INFO - [2026-06-10T10:37:56.923+0000] {dagbag.py:536} INFO - Filling up the DagBag from /home/airflow/.local/lib/python3.10/site-packages/airflow/example_dags/example_external_task_marker_dag.py
[2026-06-10T10:37:56.932+0000] {processor.py:839} INFO - DAG(s) dict_keys(['example_external_task_marker_parent', 'example_external_task_marker_child']) retrieved from /home/airflow/.local/lib/python3.10/site-packages/airflow/example_dags/example_external_task_marker_dag.py
[2026-06-10T10:37:56.966+0000] {logging_mixin.py:154} INFO - [2026-06-10T10:37:56.966+0000] {dag.py:2941} INFO - Sync 2 DAGs
[2026-06-10T10:37:56.987+0000] {logging_mixin.py:154} INFO - [2026-06-10T10:37:56.987+0000] {dag.py:3722} INFO - Setting next_dagrun for example_external_task_marker_child to None, run_after=None
[2026-06-10T10:37:56.992+0000] {logging_mixin.py:154} INFO - [2026-06-10T10:37:56.992+0000] {dag.py:3722} INFO - Setting next_dagrun for example_external_task_marker_parent to None, run_after=None
[2026-06-10T10:37:57.013+0000] {processor.py:179} INFO - Processing /home/airflow/.local/lib/python3.10/site-packages/airflow/example_dags/example_external_task_marker_dag.py took 0.098 seconds
[2026-06-10T10:38:27.641+0000] {processor.py:157} INFO - Started process (PID=773) to work on /home/airflow/.local/lib/python3.10/site-packages/airflow/example_dags/example_external_task_marker_dag.py
[2026-06-10T10:38:27.642+0000] {processor.py:829} INFO - Processing file /home/airflow/.local/lib/python3.10/site-packages/airflow/example_dags/example_external_task_marker_dag.py for tasks to queue
[2026-06-10T10:38:27.643+0000] {logging_mixin.py:154} INFO - [2026-06-10T10:38:27.643+0000] {dagbag.py:536} INFO - Filling up the DagBag from /home/airflow/.local/lib/python3.10/site-packages/airflow/example_dags/example_external_task_marker_dag.py
[2026-06-10T10:38:27.652+0000] {processor.py:839} INFO - DAG(s) dict_keys(['example_external_task_marker_child', 'example_external_task_marker_parent']) retrieved from /home/airflow/.local/lib/python3.10/site-packages/airflow/example_dags/example_external_task_marker_dag.py
[2026-06-10T10:38:27.685+0000] {logging_mixin.py:154} INFO - [2026-06-10T10:38:27.685+0000] {dag.py:2941} INFO - Sync 2 DAGs
[2026-06-10T10:38:27.703+0000] {logging_mixin.py:154} INFO - [2026-06-10T10:38:27.703+0000] {dag.py:3722} INFO - Setting next_dagrun for example_external_task_marker_child to None, run_after=None
[2026-06-10T10:38:27.708+0000] {logging_mixin.py:154} INFO - [2026-06-10T10:38:27.707+0000] {dag.py:3722} INFO - Setting next_dagrun for example_external_task_marker_parent to None, run_after=None
[2026-06-10T10:38:27.727+0000] {processor.py:179} INFO - Processing /home/airflow/.local/lib/python3.10/site-packages/airflow/example_dags/example_external_task_marker_dag.py took 0.091 seconds
[2026-06-10T10:38:58.466+0000] {processor.py:157} INFO - Started process (PID=824) to work on /home/airflow/.local/lib/python3.10/site-packages/airflow/example_dags/example_external_task_marker_dag.py
[2026-06-10T10:38:58.468+0000] {processor.py:829} INFO - Processing file /home/airflow/.local/lib/python3.10/site-packages/airflow/example_dags/example_external_task_marker_dag.py for tasks to queue
[2026-06-10T10:38:58.469+0000] {logging_mixin.py:154} INFO - [2026-06-10T10:38:58.469+0000] {dagbag.py:536} INFO - Filling up the DagBag from /home/airflow/.local/lib/python3.10/site-packages/airflow/example_dags/example_external_task_marker_dag.py
[2026-06-10T10:38:58.477+0000] {processor.py:839} INFO - DAG(s) dict_keys(['example_external_task_marker_parent', 'example_external_task_marker_child']) retrieved from /home/airflow/.local/lib/python3.10/site-packages/airflow/example_dags/example_external_task_marker_dag.py
[2026-06-10T10:38:58.511+0000] {logging_mixin.py:154} INFO - [2026-06-10T10:38:58.510+0000] {dag.py:2941} INFO - Sync 2 DAGs
[2026-06-10T10:38:58.529+0000] {logging_mixin.py:154} INFO - [2026-06-10T10:38:58.529+0000] {dag.py:3722} INFO - Setting next_dagrun for example_external_task_marker_child to None, run_after=None
[2026-06-10T10:38:58.534+0000] {logging_mixin.py:154} INFO - [2026-06-10T10:38:58.533+0000] {dag.py:3722} INFO - Setting next_dagrun for example_external_task_marker_parent to None, run_after=None
[2026-06-10T10:38:58.776+0000] {processor.py:179} INFO - Processing /home/airflow/.local/lib/python3.10/site-packages/airflow/example_dags/example_external_task_marker_dag.py took 0.314 seconds
[2026-06-10T10:39:28.832+0000] {processor.py:157} INFO - Started process (PID=875) to work on /home/airflow/.local/lib/python3.10/site-packages/airflow/example_dags/example_external_task_marker_dag.py
[2026-06-10T10:39:28.833+0000] {processor.py:829} INFO - Processing file /home/airflow/.local/lib/python3.10/site-packages/airflow/example_dags/example_external_task_marker_dag.py for tasks to queue
[2026-06-10T10:39:28.834+0000] {logging_mixin.py:154} INFO - [2026-06-10T10:39:28.834+0000] {dagbag.py:536} INFO - Filling up the DagBag from /home/airflow/.local/lib/python3.10/site-packages/airflow/example_dags/example_external_task_marker_dag.py
[2026-06-10T10:39:28.843+0000] {processor.py:839} INFO - DAG(s) dict_keys(['example_external_task_marker_parent', 'example_external_task_marker_child']) retrieved from /home/airflow/.local/lib/python3.10/site-packages/airflow/example_dags/example_external_task_marker_dag.py
[2026-06-10T10:39:28.875+0000] {logging_mixin.py:154} INFO - [2026-06-10T10:39:28.875+0000] {dag.py:2941} INFO - Sync 2 DAGs
[2026-06-10T10:39:28.893+0000] {logging_mixin.py:154} INFO - [2026-06-10T10:39:28.892+0000] {dag.py:3722} INFO - Setting next_dagrun for example_external_task_marker_child to None, run_after=None
[2026-06-10T10:39:28.897+0000] {logging_mixin.py:154} INFO - [2026-06-10T10:39:28.897+0000] {dag.py:3722} INFO - Setting next_dagrun for example_external_task_marker_parent to None, run_after=None
[2026-06-10T10:39:28.917+0000] {processor.py:179} INFO - Processing /home/airflow/.local/lib/python3.10/site-packages/airflow/example_dags/example_external_task_marker_dag.py took 0.090 seconds
[2026-06-10T10:40:01.547+0000] {processor.py:157} INFO - Started process (PID=928) to work on /home/airflow/.local/lib/python3.10/site-packages/airflow/example_dags/example_external_task_marker_dag.py
[2026-06-10T10:40:01.550+0000] {processor.py:829} INFO - Processing file /home/airflow/.local/lib/python3.10/site-packages/airflow/example_dags/example_external_task_marker_dag.py for tasks to queue
[2026-06-10T10:40:01.551+0000] {logging_mixin.py:154} INFO - [2026-06-10T10:40:01.551+0000] {dagbag.py:536} INFO - Filling up the DagBag from /home/airflow/.local/lib/python3.10/site-packages/airflow/example_dags/example_external_task_marker_dag.py
[2026-06-10T10:40:01.569+0000] {processor.py:839} INFO - DAG(s) dict_keys(['example_external_task_marker_parent', 'example_external_task_marker_child']) retrieved from /home/airflow/.local/lib/python3.10/site-packages/airflow/example_dags/example_external_task_marker_dag.py
[2026-06-10T10:40:01.696+0000] {logging_mixin.py:154} INFO - [2026-06-10T10:40:01.695+0000] {dag.py:2941} INFO - Sync 2 DAGs
[2026-06-10T10:40:01.767+0000] {logging_mixin.py:154} INFO - [2026-06-10T10:40:01.767+0000] {dag.py:3722} INFO - Setting next_dagrun for example_external_task_marker_child to None, run_after=None
[2026-06-10T10:40:01.801+0000] {logging_mixin.py:154} INFO - [2026-06-10T10:40:01.801+0000] {dag.py:3722} INFO - Setting next_dagrun for example_external_task_marker_parent to None, run_after=None
[2026-06-10T10:40:01.941+0000] {processor.py:179} INFO - Processing /home/airflow/.local/lib/python3.10/site-packages/airflow/example_dags/example_external_task_marker_dag.py took 0.398 seconds
[2026-06-10T10:40:32.576+0000] {processor.py:157} INFO - Started process (PID=979) to work on /home/airflow/.local/lib/python3.10/site-packages/airflow/example_dags/example_external_task_marker_dag.py
[2026-06-10T10:40:32.584+0000] {processor.py:829} INFO - Processing file /home/airflow/.local/lib/python3.10/site-packages/airflow/example_dags/example_external_task_marker_dag.py for tasks to queue
[2026-06-10T10:40:32.587+0000] {logging_mixin.py:154} INFO - [2026-06-10T10:40:32.587+0000] {dagbag.py:536} INFO - Filling up the DagBag from /home/airflow/.local/lib/python3.10/site-packages/airflow/example_dags/example_external_task_marker_dag.py
[2026-06-10T10:40:32.609+0000] {processor.py:839} INFO - DAG(s) dict_keys(['example_external_task_marker_parent', 'example_external_task_marker_child']) retrieved from /home/airflow/.local/lib/python3.10/site-packages/airflow/example_dags/example_external_task_marker_dag.py
[2026-06-10T10:40:32.675+0000] {logging_mixin.py:154} INFO - [2026-06-10T10:40:32.674+0000] {dag.py:2941} INFO - Sync 2 DAGs
[2026-06-10T10:40:32.703+0000] {logging_mixin.py:154} INFO - [2026-06-10T10:40:32.702+0000] {dag.py:3722} INFO - Setting next_dagrun for example_external_task_marker_child to None, run_after=None
[2026-06-10T10:40:32.721+0000] {logging_mixin.py:154} INFO - [2026-06-10T10:40:32.721+0000] {dag.py:3722} INFO - Setting next_dagrun for example_external_task_marker_parent to None, run_after=None
[2026-06-10T10:40:32.784+0000] {processor.py:179} INFO - Processing /home/airflow/.local/lib/python3.10/site-packages/airflow/example_dags/example_external_task_marker_dag.py took 0.213 seconds
[2026-06-10T10:41:03.722+0000] {processor.py:157} INFO - Started process (PID=1030) to work on /home/airflow/.local/lib/python3.10/site-packages/airflow/example_dags/example_external_task_marker_dag.py
[2026-06-10T10:41:03.726+0000] {processor.py:829} INFO - Processing file /home/airflow/.local/lib/python3.10/site-packages/airflow/example_dags/example_external_task_marker_dag.py for tasks to queue
[2026-06-10T10:41:03.727+0000] {logging_mixin.py:154} INFO - [2026-06-10T10:41:03.727+0000] {dagbag.py:536} INFO - Filling up the DagBag from /home/airflow/.local/lib/python3.10/site-packages/airflow/example_dags/example_external_task_marker_dag.py
[2026-06-10T10:41:03.736+0000] {processor.py:839} INFO - DAG(s) dict_keys(['example_external_task_marker_parent', 'example_external_task_marker_child']) retrieved from /home/airflow/.local/lib/python3.10/site-packages/airflow/example_dags/example_external_task_marker_dag.py
[2026-06-10T10:41:03.768+0000] {logging_mixin.py:154} INFO - [2026-06-10T10:41:03.768+0000] {dag.py:2941} INFO - Sync 2 DAGs
[2026-06-10T10:41:03.786+0000] {logging_mixin.py:154} INFO - [2026-06-10T10:41:03.786+0000] {dag.py:3722} INFO - Setting next_dagrun for example_external_task_marker_child to None, run_after=None
[2026-06-10T10:41:03.791+0000] {logging_mixin.py:154} INFO - [2026-06-10T10:41:03.791+0000] {dag.py:3722} INFO - Setting next_dagrun for example_external_task_marker_parent to None, run_after=None
[2026-06-10T10:41:03.823+0000] {processor.py:179} INFO - Processing /home/airflow/.local/lib/python3.10/site-packages/airflow/example_dags/example_external_task_marker_dag.py took 0.105 seconds
[2026-06-10T10:41:34.243+0000] {processor.py:157} INFO - Started process (PID=1081) to work on /home/airflow/.local/lib/python3.10/site-packages/airflow/example_dags/example_external_task_marker_dag.py
[2026-06-10T10:41:34.246+0000] {processor.py:829} INFO - Processing file /home/airflow/.local/lib/python3.10/site-packages/airflow/example_dags/example_external_task_marker_dag.py for tasks to queue
[2026-06-10T10:41:34.247+0000] {logging_mixin.py:154} INFO - [2026-06-10T10:41:34.246+0000] {dagbag.py:536} INFO - Filling up the DagBag from /home/airflow/.local/lib/python3.10/site-packages/airflow/example_dags/example_external_task_marker_dag.py
[2026-06-10T10:41:34.256+0000] {processor.py:839} INFO - DAG(s) dict_keys(['example_external_task_marker_child', 'example_external_task_marker_parent']) retrieved from /home/airflow/.local/lib/python3.10/site-packages/airflow/example_dags/example_external_task_marker_dag.py
[2026-06-10T10:41:34.288+0000] {logging_mixin.py:154} INFO - [2026-06-10T10:41:34.287+0000] {dag.py:2941} INFO - Sync 2 DAGs
[2026-06-10T10:41:34.307+0000] {logging_mixin.py:154} INFO - [2026-06-10T10:41:34.306+0000] {dag.py:3722} INFO - Setting next_dagrun for example_external_task_marker_child to None, run_after=None
[2026-06-10T10:41:34.313+0000] {logging_mixin.py:154} INFO - [2026-06-10T10:41:34.313+0000] {dag.py:3722} INFO - Setting next_dagrun for example_external_task_marker_parent to None, run_after=None
[2026-06-10T10:41:34.332+0000] {processor.py:179} INFO - Processing /home/airflow/.local/lib/python3.10/site-packages/airflow/example_dags/example_external_task_marker_dag.py took 0.093 seconds
[2026-06-10T10:42:04.682+0000] {processor.py:157} INFO - Started process (PID=1132) to work on /home/airflow/.local/lib/python3.10/site-packages/airflow/example_dags/example_external_task_marker_dag.py
[2026-06-10T10:42:04.683+0000] {processor.py:829} INFO - Processing file /home/airflow/.local/lib/python3.10/site-packages/airflow/example_dags/example_external_task_marker_dag.py for tasks to queue
[2026-06-10T10:42:04.684+0000] {logging_mixin.py:154} INFO - [2026-06-10T10:42:04.684+0000] {dagbag.py:536} INFO - Filling up the DagBag from /home/airflow/.local/lib/python3.10/site-packages/airflow/example_dags/example_external_task_marker_dag.py
[2026-06-10T10:42:04.693+0000] {processor.py:839} INFO - DAG(s) dict_keys(['example_external_task_marker_parent', 'example_external_task_marker_child']) retrieved from /home/airflow/.local/lib/python3.10/site-packages/airflow/example_dags/example_external_task_marker_dag.py
[2026-06-10T10:42:04.727+0000] {logging_mixin.py:154} INFO - [2026-06-10T10:42:04.727+0000] {dag.py:2941} INFO - Sync 2 DAGs
[2026-06-10T10:42:04.745+0000] {logging_mixin.py:154} INFO - [2026-06-10T10:42:04.745+0000] {dag.py:3722} INFO - Setting next_dagrun for example_external_task_marker_child to None, run_after=None
[2026-06-10T10:42:04.750+0000] {logging_mixin.py:154} INFO - [2026-06-10T10:42:04.750+0000] {dag.py:3722} INFO - Setting next_dagrun for example_external_task_marker_parent to None, run_after=None
[2026-06-10T10:42:04.771+0000] {processor.py:179} INFO - Processing /home/airflow/.local/lib/python3.10/site-packages/airflow/example_dags/example_external_task_marker_dag.py took 0.094 seconds
[2026-06-10T10:42:35.102+0000] {processor.py:157} INFO - Started process (PID=1183) to work on /home/airflow/.local/lib/python3.10/site-packages/airflow/example_dags/example_external_task_marker_dag.py
[2026-06-10T10:42:35.106+0000] {processor.py:829} INFO - Processing file /home/airflow/.local/lib/python3.10/site-packages/airflow/example_dags/example_external_task_marker_dag.py for tasks to queue
[2026-06-10T10:42:35.107+0000] {logging_mixin.py:154} INFO - [2026-06-10T10:42:35.107+0000] {dagbag.py:536} INFO - Filling up the DagBag from /home/airflow/.local/lib/python3.10/site-packages/airflow/example_dags/example_external_task_marker_dag.py
[2026-06-10T10:42:35.118+0000] {processor.py:839} INFO - DAG(s) dict_keys(['example_external_task_marker_parent', 'example_external_task_marker_child']) retrieved from /home/airflow/.local/lib/python3.10/site-packages/airflow/example_dags/example_external_task_marker_dag.py
[2026-06-10T10:42:35.206+0000] {logging_mixin.py:154} INFO - [2026-06-10T10:42:35.206+0000] {dag.py:2941} INFO - Sync 2 DAGs
[2026-06-10T10:42:35.240+0000] {logging_mixin.py:154} INFO - [2026-06-10T10:42:35.240+0000] {dag.py:3722} INFO - Setting next_dagrun for example_external_task_marker_child to None, run_after=None
[2026-06-10T10:42:35.252+0000] {logging_mixin.py:154} INFO - [2026-06-10T10:42:35.251+0000] {dag.py:3722} INFO - Setting next_dagrun for example_external_task_marker_parent to None, run_after=None
[2026-06-10T10:42:35.318+0000] {processor.py:179} INFO - Processing /home/airflow/.local/lib/python3.10/site-packages/airflow/example_dags/example_external_task_marker_dag.py took 0.232 seconds
[2026-06-10T10:43:05.511+0000] {processor.py:157} INFO - Started process (PID=1234) to work on /home/airflow/.local/lib/python3.10/site-packages/airflow/example_dags/example_external_task_marker_dag.py
[2026-06-10T10:43:05.517+0000] {processor.py:829} INFO - Processing file /home/airflow/.local/lib/python3.10/site-packages/airflow/example_dags/example_external_task_marker_dag.py for tasks to queue
[2026-06-10T10:43:05.520+0000] {logging_mixin.py:154} INFO - [2026-06-10T10:43:05.520+0000] {dagbag.py:536} INFO - Filling up the DagBag from /home/airflow/.local/lib/python3.10/site-packages/airflow/example_dags/example_external_task_marker_dag.py
[2026-06-10T10:43:05.536+0000] {processor.py:839} INFO - DAG(s) dict_keys(['example_external_task_marker_parent', 'example_external_task_marker_child']) retrieved from /home/airflow/.local/lib/python3.10/site-packages/airflow/example_dags/example_external_task_marker_dag.py
[2026-06-10T10:43:05.612+0000] {logging_mixin.py:154} INFO - [2026-06-10T10:43:05.612+0000] {dag.py:2941} INFO - Sync 2 DAGs
[2026-06-10T10:43:05.630+0000] {logging_mixin.py:154} INFO - [2026-06-10T10:43:05.629+0000] {dag.py:3722} INFO - Setting next_dagrun for example_external_task_marker_child to None, run_after=None
[2026-06-10T10:43:05.634+0000] {logging_mixin.py:154} INFO - [2026-06-10T10:43:05.634+0000] {dag.py:3722} INFO - Setting next_dagrun for example_external_task_marker_parent to None, run_after=None
[2026-06-10T10:43:05.654+0000] {processor.py:179} INFO - Processing /home/airflow/.local/lib/python3.10/site-packages/airflow/example_dags/example_external_task_marker_dag.py took 0.169 seconds
[2026-06-10T10:43:36.664+0000] {processor.py:157} INFO - Started process (PID=1285) to work on /home/airflow/.local/lib/python3.10/site-packages/airflow/example_dags/example_external_task_marker_dag.py
[2026-06-10T10:43:36.674+0000] {processor.py:829} INFO - Processing file /home/airflow/.local/lib/python3.10/site-packages/airflow/example_dags/example_external_task_marker_dag.py for tasks to queue
[2026-06-10T10:43:36.675+0000] {logging_mixin.py:154} INFO - [2026-06-10T10:43:36.675+0000] {dagbag.py:536} INFO - Filling up the DagBag from /home/airflow/.local/lib/python3.10/site-packages/airflow/example_dags/example_external_task_marker_dag.py
[2026-06-10T10:43:36.693+0000] {processor.py:839} INFO - DAG(s) dict_keys(['example_external_task_marker_parent', 'example_external_task_marker_child']) retrieved from /home/airflow/.local/lib/python3.10/site-packages/airflow/example_dags/example_external_task_marker_dag.py
[2026-06-10T10:43:36.756+0000] {logging_mixin.py:154} INFO - [2026-06-10T10:43:36.756+0000] {dag.py:2941} INFO - Sync 2 DAGs
[2026-06-10T10:43:36.791+0000] {logging_mixin.py:154} INFO - [2026-06-10T10:43:36.791+0000] {dag.py:3722} INFO - Setting next_dagrun for example_external_task_marker_child to None, run_after=None
[2026-06-10T10:43:36.805+0000] {logging_mixin.py:154} INFO - [2026-06-10T10:43:36.805+0000] {dag.py:3722} INFO - Setting next_dagrun for example_external_task_marker_parent to None, run_after=None
[2026-06-10T10:43:36.844+0000] {processor.py:179} INFO - Processing /home/airflow/.local/lib/python3.10/site-packages/airflow/example_dags/example_external_task_marker_dag.py took 0.205 seconds
[2026-06-10T10:44:07.263+0000] {processor.py:157} INFO - Started process (PID=1334) to work on /home/airflow/.local/lib/python3.10/site-packages/airflow/example_dags/example_external_task_marker_dag.py
[2026-06-10T10:44:07.264+0000] {processor.py:829} INFO - Processing file /home/airflow/.local/lib/python3.10/site-packages/airflow/example_dags/example_external_task_marker_dag.py for tasks to queue
[2026-06-10T10:44:07.265+0000] {logging_mixin.py:154} INFO - [2026-06-10T10:44:07.265+0000] {dagbag.py:536} INFO - Filling up the DagBag from /home/airflow/.local/lib/python3.10/site-packages/airflow/example_dags/example_external_task_marker_dag.py
[2026-06-10T10:44:07.279+0000] {processor.py:839} INFO - DAG(s) dict_keys(['example_external_task_marker_child', 'example_external_task_marker_parent']) retrieved from /home/airflow/.local/lib/python3.10/site-packages/airflow/example_dags/example_external_task_marker_dag.py
[2026-06-10T10:44:07.325+0000] {logging_mixin.py:154} INFO - [2026-06-10T10:44:07.325+0000] {dag.py:2941} INFO - Sync 2 DAGs
[2026-06-10T10:44:07.375+0000] {logging_mixin.py:154} INFO - [2026-06-10T10:44:07.375+0000] {dag.py:3722} INFO - Setting next_dagrun for example_external_task_marker_child to None, run_after=None
[2026-06-10T10:44:07.383+0000] {logging_mixin.py:154} INFO - [2026-06-10T10:44:07.382+0000] {dag.py:3722} INFO - Setting next_dagrun for example_external_task_marker_parent to None, run_after=None
[2026-06-10T10:44:07.454+0000] {processor.py:179} INFO - Processing /home/airflow/.local/lib/python3.10/site-packages/airflow/example_dags/example_external_task_marker_dag.py took 0.196 seconds
[2026-06-10T10:44:37.572+0000] {processor.py:157} INFO - Started process (PID=1385) to work on /home/airflow/.local/lib/python3.10/site-packages/airflow/example_dags/example_external_task_marker_dag.py
[2026-06-10T10:44:37.574+0000] {processor.py:829} INFO - Processing file /home/airflow/.local/lib/python3.10/site-packages/airflow/example_dags/example_external_task_marker_dag.py for tasks to queue
[2026-06-10T10:44:37.575+0000] {logging_mixin.py:154} INFO - [2026-06-10T10:44:37.575+0000] {dagbag.py:536} INFO - Filling up the DagBag from /home/airflow/.local/lib/python3.10/site-packages/airflow/example_dags/example_external_task_marker_dag.py
[2026-06-10T10:44:37.585+0000] {processor.py:839} INFO - DAG(s) dict_keys(['example_external_task_marker_parent', 'example_external_task_marker_child']) retrieved from /home/airflow/.local/lib/python3.10/site-packages/airflow/example_dags/example_external_task_marker_dag.py
[2026-06-10T10:44:37.618+0000] {logging_mixin.py:154} INFO - [2026-06-10T10:44:37.617+0000] {dag.py:2941} INFO - Sync 2 DAGs
[2026-06-10T10:44:37.636+0000] {logging_mixin.py:154} INFO - [2026-06-10T10:44:37.635+0000] {dag.py:3722} INFO - Setting next_dagrun for example_external_task_marker_child to None, run_after=None
[2026-06-10T10:44:37.641+0000] {logging_mixin.py:154} INFO - [2026-06-10T10:44:37.641+0000] {dag.py:3722} INFO - Setting next_dagrun for example_external_task_marker_parent to None, run_after=None
[2026-06-10T10:44:37.667+0000] {processor.py:179} INFO - Processing /home/airflow/.local/lib/python3.10/site-packages/airflow/example_dags/example_external_task_marker_dag.py took 0.099 seconds
[2026-06-10T10:45:08.291+0000] {processor.py:157} INFO - Started process (PID=1436) to work on /home/airflow/.local/lib/python3.10/site-packages/airflow/example_dags/example_external_task_marker_dag.py
[2026-06-10T10:45:08.300+0000] {processor.py:829} INFO - Processing file /home/airflow/.local/lib/python3.10/site-packages/airflow/example_dags/example_external_task_marker_dag.py for tasks to queue
[2026-06-10T10:45:08.301+0000] {logging_mixin.py:154} INFO - [2026-06-10T10:45:08.301+0000] {dagbag.py:536} INFO - Filling up the DagBag from /home/airflow/.local/lib/python3.10/site-packages/airflow/example_dags/example_external_task_marker_dag.py
[2026-06-10T10:45:08.327+0000] {processor.py:839} INFO - DAG(s) dict_keys(['example_external_task_marker_child', 'example_external_task_marker_parent']) retrieved from /home/airflow/.local/lib/python3.10/site-packages/airflow/example_dags/example_external_task_marker_dag.py
[2026-06-10T10:45:08.418+0000] {logging_mixin.py:154} INFO - [2026-06-10T10:45:08.417+0000] {dag.py:2941} INFO - Sync 2 DAGs
[2026-06-10T10:45:08.460+0000] {logging_mixin.py:154} INFO - [2026-06-10T10:45:08.459+0000] {dag.py:3722} INFO - Setting next_dagrun for example_external_task_marker_child to None, run_after=None
[2026-06-10T10:45:08.509+0000] {logging_mixin.py:154} INFO - [2026-06-10T10:45:08.509+0000] {dag.py:3722} INFO - Setting next_dagrun for example_external_task_marker_parent to None, run_after=None
[2026-06-10T10:45:08.569+0000] {processor.py:179} INFO - Processing /home/airflow/.local/lib/python3.10/site-packages/airflow/example_dags/example_external_task_marker_dag.py took 0.291 seconds
[2026-06-10T10:45:38.637+0000] {processor.py:157} INFO - Started process (PID=1487) to work on /home/airflow/.local/lib/python3.10/site-packages/airflow/example_dags/example_external_task_marker_dag.py
[2026-06-10T10:45:38.644+0000] {processor.py:829} INFO - Processing file /home/airflow/.local/lib/python3.10/site-packages/airflow/example_dags/example_external_task_marker_dag.py for tasks to queue
[2026-06-10T10:45:38.645+0000] {logging_mixin.py:154} INFO - [2026-06-10T10:45:38.645+0000] {dagbag.py:536} INFO - Filling up the DagBag from /home/airflow/.local/lib/python3.10/site-packages/airflow/example_dags/example_external_task_marker_dag.py
[2026-06-10T10:45:38.662+0000] {processor.py:839} INFO - DAG(s) dict_keys(['example_external_task_marker_parent', 'example_external_task_marker_child']) retrieved from /home/airflow/.local/lib/python3.10/site-packages/airflow/example_dags/example_external_task_marker_dag.py
[2026-06-10T10:45:38.735+0000] {logging_mixin.py:154} INFO - [2026-06-10T10:45:38.735+0000] {dag.py:2941} INFO - Sync 2 DAGs
[2026-06-10T10:45:38.793+0000] {logging_mixin.py:154} INFO - [2026-06-10T10:45:38.793+0000] {dag.py:3722} INFO - Setting next_dagrun for example_external_task_marker_child to None, run_after=None
[2026-06-10T10:45:38.807+0000] {logging_mixin.py:154} INFO - [2026-06-10T10:45:38.806+0000] {dag.py:3722} INFO - Setting next_dagrun for example_external_task_marker_parent to None, run_after=None
[2026-06-10T10:45:38.843+0000] {processor.py:179} INFO - Processing /home/airflow/.local/lib/python3.10/site-packages/airflow/example_dags/example_external_task_marker_dag.py took 0.215 seconds
[2026-06-10T10:46:09.085+0000] {processor.py:157} INFO - Started process (PID=1538) to work on /home/airflow/.local/lib/python3.10/site-packages/airflow/example_dags/example_external_task_marker_dag.py
[2026-06-10T10:46:09.086+0000] {processor.py:829} INFO - Processing file /home/airflow/.local/lib/python3.10/site-packages/airflow/example_dags/example_external_task_marker_dag.py for tasks to queue
[2026-06-10T10:46:09.087+0000] {logging_mixin.py:154} INFO - [2026-06-10T10:46:09.087+0000] {dagbag.py:536} INFO - Filling up the DagBag from /home/airflow/.local/lib/python3.10/site-packages/airflow/example_dags/example_external_task_marker_dag.py
[2026-06-10T10:46:09.096+0000] {processor.py:839} INFO - DAG(s) dict_keys(['example_external_task_marker_parent', 'example_external_task_marker_child']) retrieved from /home/airflow/.local/lib/python3.10/site-packages/airflow/example_dags/example_external_task_marker_dag.py
[2026-06-10T10:46:09.129+0000] {logging_mixin.py:154} INFO - [2026-06-10T10:46:09.129+0000] {dag.py:2941} INFO - Sync 2 DAGs
[2026-06-10T10:46:09.151+0000] {logging_mixin.py:154} INFO - [2026-06-10T10:46:09.151+0000] {dag.py:3722} INFO - Setting next_dagrun for example_external_task_marker_child to None, run_after=None
[2026-06-10T10:46:09.156+0000] {logging_mixin.py:154} INFO - [2026-06-10T10:46:09.156+0000] {dag.py:3722} INFO - Setting next_dagrun for example_external_task_marker_parent to None, run_after=None
[2026-06-10T10:46:09.194+0000] {processor.py:179} INFO - Processing /home/airflow/.local/lib/python3.10/site-packages/airflow/example_dags/example_external_task_marker_dag.py took 0.114 seconds
[2026-06-10T10:46:39.931+0000] {processor.py:157} INFO - Started process (PID=1589) to work on /home/airflow/.local/lib/python3.10/site-packages/airflow/example_dags/example_external_task_marker_dag.py
[2026-06-10T10:46:39.941+0000] {processor.py:829} INFO - Processing file /home/airflow/.local/lib/python3.10/site-packages/airflow/example_dags/example_external_task_marker_dag.py for tasks to queue
[2026-06-10T10:46:39.942+0000] {logging_mixin.py:154} INFO - [2026-06-10T10:46:39.942+0000] {dagbag.py:536} INFO - Filling up the DagBag from /home/airflow/.local/lib/python3.10/site-packages/airflow/example_dags/example_external_task_marker_dag.py
[2026-06-10T10:46:39.962+0000] {processor.py:839} INFO - DAG(s) dict_keys(['example_external_task_marker_child', 'example_external_task_marker_parent']) retrieved from /home/airflow/.local/lib/python3.10/site-packages/airflow/example_dags/example_external_task_marker_dag.py
[2026-06-10T10:46:40.067+0000] {logging_mixin.py:154} INFO - [2026-06-10T10:46:40.067+0000] {dag.py:2941} INFO - Sync 2 DAGs
[2026-06-10T10:46:40.148+0000] {logging_mixin.py:154} INFO - [2026-06-10T10:46:40.147+0000] {dag.py:3722} INFO - Setting next_dagrun for example_external_task_marker_child to None, run_after=None
[2026-06-10T10:46:40.165+0000] {logging_mixin.py:154} INFO - [2026-06-10T10:46:40.164+0000] {dag.py:3722} INFO - Setting next_dagrun for example_external_task_marker_parent to None, run_after=None
[2026-06-10T10:46:40.215+0000] {processor.py:179} INFO - Processing /home/airflow/.local/lib/python3.10/site-packages/airflow/example_dags/example_external_task_marker_dag.py took 0.291 seconds
[2026-06-10T10:47:10.265+0000] {processor.py:157} INFO - Started process (PID=1639) to work on /home/airflow/.local/lib/python3.10/site-packages/airflow/example_dags/example_external_task_marker_dag.py
[2026-06-10T10:47:10.266+0000] {processor.py:829} INFO - Processing file /home/airflow/.local/lib/python3.10/site-packages/airflow/example_dags/example_external_task_marker_dag.py for tasks to queue
[2026-06-10T10:47:10.267+0000] {logging_mixin.py:154} INFO - [2026-06-10T10:47:10.267+0000] {dagbag.py:536} INFO - Filling up the DagBag from /home/airflow/.local/lib/python3.10/site-packages/airflow/example_dags/example_external_task_marker_dag.py
[2026-06-10T10:47:10.286+0000] {processor.py:839} INFO - DAG(s) dict_keys(['example_external_task_marker_parent', 'example_external_task_marker_child']) retrieved from /home/airflow/.local/lib/python3.10/site-packages/airflow/example_dags/example_external_task_marker_dag.py
[2026-06-10T10:47:10.324+0000] {logging_mixin.py:154} INFO - [2026-06-10T10:47:10.324+0000] {dag.py:2941} INFO - Sync 2 DAGs
[2026-06-10T10:47:10.348+0000] {logging_mixin.py:154} INFO - [2026-06-10T10:47:10.347+0000] {dag.py:3722} INFO - Setting next_dagrun for example_external_task_marker_child to None, run_after=None
[2026-06-10T10:47:10.353+0000] {logging_mixin.py:154} INFO - [2026-06-10T10:47:10.352+0000] {dag.py:3722} INFO - Setting next_dagrun for example_external_task_marker_parent to None, run_after=None
[2026-06-10T10:47:10.378+0000] {processor.py:179} INFO - Processing /home/airflow/.local/lib/python3.10/site-packages/airflow/example_dags/example_external_task_marker_dag.py took 0.117 seconds
[2026-06-10T10:47:40.815+0000] {processor.py:157} INFO - Started process (PID=1691) to work on /home/airflow/.local/lib/python3.10/site-packages/airflow/example_dags/example_external_task_marker_dag.py
[2026-06-10T10:47:40.816+0000] {processor.py:829} INFO - Processing file /home/airflow/.local/lib/python3.10/site-packages/airflow/example_dags/example_external_task_marker_dag.py for tasks to queue
[2026-06-10T10:47:40.817+0000] {logging_mixin.py:154} INFO - [2026-06-10T10:47:40.817+0000] {dagbag.py:536} INFO - Filling up the DagBag from /home/airflow/.local/lib/python3.10/site-packages/airflow/example_dags/example_external_task_marker_dag.py
[2026-06-10T10:47:40.826+0000] {processor.py:839} INFO - DAG(s) dict_keys(['example_external_task_marker_parent', 'example_external_task_marker_child']) retrieved from /home/airflow/.local/lib/python3.10/site-packages/airflow/example_dags/example_external_task_marker_dag.py
[2026-06-10T10:47:40.858+0000] {logging_mixin.py:154} INFO - [2026-06-10T10:47:40.858+0000] {dag.py:2941} INFO - Sync 2 DAGs
[2026-06-10T10:47:40.877+0000] {logging_mixin.py:154} INFO - [2026-06-10T10:47:40.877+0000] {dag.py:3722} INFO - Setting next_dagrun for example_external_task_marker_child to None, run_after=None
[2026-06-10T10:47:40.882+0000] {logging_mixin.py:154} INFO - [2026-06-10T10:47:40.881+0000] {dag.py:3722} INFO - Setting next_dagrun for example_external_task_marker_parent to None, run_after=None
[2026-06-10T10:47:40.902+0000] {processor.py:179} INFO - Processing /home/airflow/.local/lib/python3.10/site-packages/airflow/example_dags/example_external_task_marker_dag.py took 0.094 seconds
[2026-06-10T10:48:11.281+0000] {processor.py:157} INFO - Started process (PID=1742) to work on /home/airflow/.local/lib/python3.10/site-packages/airflow/example_dags/example_external_task_marker_dag.py
[2026-06-10T10:48:11.282+0000] {processor.py:829} INFO - Processing file /home/airflow/.local/lib/python3.10/site-packages/airflow/example_dags/example_external_task_marker_dag.py for tasks to queue
[2026-06-10T10:48:11.283+0000] {logging_mixin.py:154} INFO - [2026-06-10T10:48:11.283+0000] {dagbag.py:536} INFO - Filling up the DagBag from /home/airflow/.local/lib/python3.10/site-packages/airflow/example_dags/example_external_task_marker_dag.py
[2026-06-10T10:48:11.293+0000] {processor.py:839} INFO - DAG(s) dict_keys(['example_external_task_marker_parent', 'example_external_task_marker_child']) retrieved from /home/airflow/.local/lib/python3.10/site-packages/airflow/example_dags/example_external_task_marker_dag.py
[2026-06-10T10:48:11.327+0000] {logging_mixin.py:154} INFO - [2026-06-10T10:48:11.327+0000] {dag.py:2941} INFO - Sync 2 DAGs
[2026-06-10T10:48:11.345+0000] {logging_mixin.py:154} INFO - [2026-06-10T10:48:11.344+0000] {dag.py:3722} INFO - Setting next_dagrun for example_external_task_marker_child to None, run_after=None
[2026-06-10T10:48:11.350+0000] {logging_mixin.py:154} INFO - [2026-06-10T10:48:11.350+0000] {dag.py:3722} INFO - Setting next_dagrun for example_external_task_marker_parent to None, run_after=None
[2026-06-10T10:48:11.373+0000] {processor.py:179} INFO - Processing /home/airflow/.local/lib/python3.10/site-packages/airflow/example_dags/example_external_task_marker_dag.py took 0.096 seconds
[2026-06-10T10:48:41.854+0000] {processor.py:157} INFO - Started process (PID=1793) to work on /home/airflow/.local/lib/python3.10/site-packages/airflow/example_dags/example_external_task_marker_dag.py
[2026-06-10T10:48:41.865+0000] {processor.py:829} INFO - Processing file /home/airflow/.local/lib/python3.10/site-packages/airflow/example_dags/example_external_task_marker_dag.py for tasks to queue
[2026-06-10T10:48:41.866+0000] {logging_mixin.py:154} INFO - [2026-06-10T10:48:41.866+0000] {dagbag.py:536} INFO - Filling up the DagBag from /home/airflow/.local/lib/python3.10/site-packages/airflow/example_dags/example_external_task_marker_dag.py
[2026-06-10T10:48:41.881+0000] {processor.py:839} INFO - DAG(s) dict_keys(['example_external_task_marker_parent', 'example_external_task_marker_child']) retrieved from /home/airflow/.local/lib/python3.10/site-packages/airflow/example_dags/example_external_task_marker_dag.py
[2026-06-10T10:48:41.986+0000] {logging_mixin.py:154} INFO - [2026-06-10T10:48:41.986+0000] {dag.py:2941} INFO - Sync 2 DAGs
[2026-06-10T10:48:42.067+0000] {logging_mixin.py:154} INFO - [2026-06-10T10:48:42.066+0000] {dag.py:3722} INFO - Setting next_dagrun for example_external_task_marker_child to None, run_after=None
[2026-06-10T10:48:42.091+0000] {logging_mixin.py:154} INFO - [2026-06-10T10:48:42.091+0000] {dag.py:3722} INFO - Setting next_dagrun for example_external_task_marker_parent to None, run_after=None
[2026-06-10T10:48:42.168+0000] {processor.py:179} INFO - Processing /home/airflow/.local/lib/python3.10/site-packages/airflow/example_dags/example_external_task_marker_dag.py took 0.323 seconds
[2026-06-10T10:49:12.803+0000] {processor.py:157} INFO - Started process (PID=1844) to work on /home/airflow/.local/lib/python3.10/site-packages/airflow/example_dags/example_external_task_marker_dag.py
[2026-06-10T10:49:12.804+0000] {processor.py:829} INFO - Processing file /home/airflow/.local/lib/python3.10/site-packages/airflow/example_dags/example_external_task_marker_dag.py for tasks to queue
[2026-06-10T10:49:12.806+0000] {logging_mixin.py:154} INFO - [2026-06-10T10:49:12.805+0000] {dagbag.py:536} INFO - Filling up the DagBag from /home/airflow/.local/lib/python3.10/site-packages/airflow/example_dags/example_external_task_marker_dag.py
[2026-06-10T10:49:12.814+0000] {processor.py:839} INFO - DAG(s) dict_keys(['example_external_task_marker_parent', 'example_external_task_marker_child']) retrieved from /home/airflow/.local/lib/python3.10/site-packages/airflow/example_dags/example_external_task_marker_dag.py
[2026-06-10T10:49:12.847+0000] {logging_mixin.py:154} INFO - [2026-06-10T10:49:12.847+0000] {dag.py:2941} INFO - Sync 2 DAGs
[2026-06-10T10:49:12.866+0000] {logging_mixin.py:154} INFO - [2026-06-10T10:49:12.865+0000] {dag.py:3722} INFO - Setting next_dagrun for example_external_task_marker_child to None, run_after=None
[2026-06-10T10:49:12.871+0000] {logging_mixin.py:154} INFO - [2026-06-10T10:49:12.870+0000] {dag.py:3722} INFO - Setting next_dagrun for example_external_task_marker_parent to None, run_after=None
[2026-06-10T10:49:12.890+0000] {processor.py:179} INFO - Processing /home/airflow/.local/lib/python3.10/site-packages/airflow/example_dags/example_external_task_marker_dag.py took 0.102 seconds
[2026-06-10T10:49:43.512+0000] {processor.py:157} INFO - Started process (PID=1895) to work on /home/airflow/.local/lib/python3.10/site-packages/airflow/example_dags/example_external_task_marker_dag.py
[2026-06-10T10:49:43.515+0000] {processor.py:829} INFO - Processing file /home/airflow/.local/lib/python3.10/site-packages/airflow/example_dags/example_external_task_marker_dag.py for tasks to queue
[2026-06-10T10:49:43.516+0000] {logging_mixin.py:154} INFO - [2026-06-10T10:49:43.516+0000] {dagbag.py:536} INFO - Filling up the DagBag from /home/airflow/.local/lib/python3.10/site-packages/airflow/example_dags/example_external_task_marker_dag.py
[2026-06-10T10:49:43.525+0000] {processor.py:839} INFO - DAG(s) dict_keys(['example_external_task_marker_child', 'example_external_task_marker_parent']) retrieved from /home/airflow/.local/lib/python3.10/site-packages/airflow/example_dags/example_external_task_marker_dag.py
[2026-06-10T10:49:43.556+0000] {logging_mixin.py:154} INFO - [2026-06-10T10:49:43.556+0000] {dag.py:2941} INFO - Sync 2 DAGs
[2026-06-10T10:49:43.574+0000] {logging_mixin.py:154} INFO - [2026-06-10T10:49:43.573+0000] {dag.py:3722} INFO - Setting next_dagrun for example_external_task_marker_child to None, run_after=None
[2026-06-10T10:49:43.579+0000] {logging_mixin.py:154} INFO - [2026-06-10T10:49:43.578+0000] {dag.py:3722} INFO - Setting next_dagrun for example_external_task_marker_parent to None, run_after=None
[2026-06-10T10:49:43.598+0000] {processor.py:179} INFO - Processing /home/airflow/.local/lib/python3.10/site-packages/airflow/example_dags/example_external_task_marker_dag.py took 0.090 seconds
[2026-06-10T10:50:14.148+0000] {processor.py:157} INFO - Started process (PID=1946) to work on /home/airflow/.local/lib/python3.10/site-packages/airflow/example_dags/example_external_task_marker_dag.py
[2026-06-10T10:50:14.149+0000] {processor.py:829} INFO - Processing file /home/airflow/.local/lib/python3.10/site-packages/airflow/example_dags/example_external_task_marker_dag.py for tasks to queue
[2026-06-10T10:50:14.150+0000] {logging_mixin.py:154} INFO - [2026-06-10T10:50:14.150+0000] {dagbag.py:536} INFO - Filling up the DagBag from /home/airflow/.local/lib/python3.10/site-packages/airflow/example_dags/example_external_task_marker_dag.py
[2026-06-10T10:50:14.171+0000] {processor.py:839} INFO - DAG(s) dict_keys(['example_external_task_marker_child', 'example_external_task_marker_parent']) retrieved from /home/airflow/.local/lib/python3.10/site-packages/airflow/example_dags/example_external_task_marker_dag.py
[2026-06-10T10:50:14.234+0000] {logging_mixin.py:154} INFO - [2026-06-10T10:50:14.233+0000] {dag.py:2941} INFO - Sync 2 DAGs
[2026-06-10T10:50:14.275+0000] {logging_mixin.py:154} INFO - [2026-06-10T10:50:14.274+0000] {dag.py:3722} INFO - Setting next_dagrun for example_external_task_marker_child to None, run_after=None
[2026-06-10T10:50:14.280+0000] {logging_mixin.py:154} INFO - [2026-06-10T10:50:14.280+0000] {dag.py:3722} INFO - Setting next_dagrun for example_external_task_marker_parent to None, run_after=None
[2026-06-10T10:50:14.320+0000] {processor.py:179} INFO - Processing /home/airflow/.local/lib/python3.10/site-packages/airflow/example_dags/example_external_task_marker_dag.py took 0.184 seconds
[2026-06-10T10:50:44.964+0000] {processor.py:157} INFO - Started process (PID=1997) to work on /home/airflow/.local/lib/python3.10/site-packages/airflow/example_dags/example_external_task_marker_dag.py
[2026-06-10T10:50:44.968+0000] {processor.py:829} INFO - Processing file /home/airflow/.local/lib/python3.10/site-packages/airflow/example_dags/example_external_task_marker_dag.py for tasks to queue
[2026-06-10T10:50:44.970+0000] {logging_mixin.py:154} INFO - [2026-06-10T10:50:44.969+0000] {dagbag.py:536} INFO - Filling up the DagBag from /home/airflow/.local/lib/python3.10/site-packages/airflow/example_dags/example_external_task_marker_dag.py
[2026-06-10T10:50:44.989+0000] {processor.py:839} INFO - DAG(s) dict_keys(['example_external_task_marker_child', 'example_external_task_marker_parent']) retrieved from /home/airflow/.local/lib/python3.10/site-packages/airflow/example_dags/example_external_task_marker_dag.py
[2026-06-10T10:50:45.118+0000] {logging_mixin.py:154} INFO - [2026-06-10T10:50:45.117+0000] {dag.py:2941} INFO - Sync 2 DAGs
[2026-06-10T10:50:45.211+0000] {logging_mixin.py:154} INFO - [2026-06-10T10:50:45.211+0000] {dag.py:3722} INFO - Setting next_dagrun for example_external_task_marker_child to None, run_after=None
[2026-06-10T10:50:45.248+0000] {logging_mixin.py:154} INFO - [2026-06-10T10:50:45.247+0000] {dag.py:3722} INFO - Setting next_dagrun for example_external_task_marker_parent to None, run_after=None
[2026-06-10T10:50:45.376+0000] {processor.py:179} INFO - Processing /home/airflow/.local/lib/python3.10/site-packages/airflow/example_dags/example_external_task_marker_dag.py took 0.417 seconds
[2026-06-10T10:51:15.819+0000] {processor.py:157} INFO - Started process (PID=2048) to work on /home/airflow/.local/lib/python3.10/site-packages/airflow/example_dags/example_external_task_marker_dag.py
[2026-06-10T10:51:15.820+0000] {processor.py:829} INFO - Processing file /home/airflow/.local/lib/python3.10/site-packages/airflow/example_dags/example_external_task_marker_dag.py for tasks to queue
[2026-06-10T10:51:15.821+0000] {logging_mixin.py:154} INFO - [2026-06-10T10:51:15.821+0000] {dagbag.py:536} INFO - Filling up the DagBag from /home/airflow/.local/lib/python3.10/site-packages/airflow/example_dags/example_external_task_marker_dag.py
[2026-06-10T10:51:15.830+0000] {processor.py:839} INFO - DAG(s) dict_keys(['example_external_task_marker_parent', 'example_external_task_marker_child']) retrieved from /home/airflow/.local/lib/python3.10/site-packages/airflow/example_dags/example_external_task_marker_dag.py
[2026-06-10T10:51:15.871+0000] {logging_mixin.py:154} INFO - [2026-06-10T10:51:15.871+0000] {dag.py:2941} INFO - Sync 2 DAGs
[2026-06-10T10:51:15.892+0000] {logging_mixin.py:154} INFO - [2026-06-10T10:51:15.891+0000] {dag.py:3722} INFO - Setting next_dagrun for example_external_task_marker_child to None, run_after=None
[2026-06-10T10:51:15.897+0000] {logging_mixin.py:154} INFO - [2026-06-10T10:51:15.896+0000] {dag.py:3722} INFO - Setting next_dagrun for example_external_task_marker_parent to None, run_after=None
[2026-06-10T10:51:15.917+0000] {processor.py:179} INFO - Processing /home/airflow/.local/lib/python3.10/site-packages/airflow/example_dags/example_external_task_marker_dag.py took 0.103 seconds
[2026-06-10T10:51:46.189+0000] {processor.py:157} INFO - Started process (PID=2099) to work on /home/airflow/.local/lib/python3.10/site-packages/airflow/example_dags/example_external_task_marker_dag.py
[2026-06-10T10:51:46.196+0000] {processor.py:829} INFO - Processing file /home/airflow/.local/lib/python3.10/site-packages/airflow/example_dags/example_external_task_marker_dag.py for tasks to queue
[2026-06-10T10:51:46.197+0000] {logging_mixin.py:154} INFO - [2026-06-10T10:51:46.197+0000] {dagbag.py:536} INFO - Filling up the DagBag from /home/airflow/.local/lib/python3.10/site-packages/airflow/example_dags/example_external_task_marker_dag.py
[2026-06-10T10:51:46.208+0000] {processor.py:839} INFO - DAG(s) dict_keys(['example_external_task_marker_parent', 'example_external_task_marker_child']) retrieved from /home/airflow/.local/lib/python3.10/site-packages/airflow/example_dags/example_external_task_marker_dag.py
[2026-06-10T10:51:46.272+0000] {logging_mixin.py:154} INFO - [2026-06-10T10:51:46.272+0000] {dag.py:2941} INFO - Sync 2 DAGs
[2026-06-10T10:51:46.303+0000] {logging_mixin.py:154} INFO - [2026-06-10T10:51:46.302+0000] {dag.py:3722} INFO - Setting next_dagrun for example_external_task_marker_child to None, run_after=None
[2026-06-10T10:51:46.318+0000] {logging_mixin.py:154} INFO - [2026-06-10T10:51:46.318+0000] {dag.py:3722} INFO - Setting next_dagrun for example_external_task_marker_parent to None, run_after=None
[2026-06-10T10:51:46.358+0000] {processor.py:179} INFO - Processing /home/airflow/.local/lib/python3.10/site-packages/airflow/example_dags/example_external_task_marker_dag.py took 0.190 seconds
[2026-06-10T10:52:16.934+0000] {processor.py:157} INFO - Started process (PID=2150) to work on /home/airflow/.local/lib/python3.10/site-packages/airflow/example_dags/example_external_task_marker_dag.py
[2026-06-10T10:52:16.935+0000] {processor.py:829} INFO - Processing file /home/airflow/.local/lib/python3.10/site-packages/airflow/example_dags/example_external_task_marker_dag.py for tasks to queue
[2026-06-10T10:52:16.936+0000] {logging_mixin.py:154} INFO - [2026-06-10T10:52:16.936+0000] {dagbag.py:536} INFO - Filling up the DagBag from /home/airflow/.local/lib/python3.10/site-packages/airflow/example_dags/example_external_task_marker_dag.py
[2026-06-10T10:52:16.946+0000] {processor.py:839} INFO - DAG(s) dict_keys(['example_external_task_marker_parent', 'example_external_task_marker_child']) retrieved from /home/airflow/.local/lib/python3.10/site-packages/airflow/example_dags/example_external_task_marker_dag.py
[2026-06-10T10:52:17.019+0000] {logging_mixin.py:154} INFO - [2026-06-10T10:52:17.019+0000] {dag.py:2941} INFO - Sync 2 DAGs
[2026-06-10T10:52:17.040+0000] {logging_mixin.py:154} INFO - [2026-06-10T10:52:17.040+0000] {dag.py:3722} INFO - Setting next_dagrun for example_external_task_marker_child to None, run_after=None
[2026-06-10T10:52:17.045+0000] {logging_mixin.py:154} INFO - [2026-06-10T10:52:17.045+0000] {dag.py:3722} INFO - Setting next_dagrun for example_external_task_marker_parent to None, run_after=None
[2026-06-10T10:52:17.064+0000] {processor.py:179} INFO - Processing /home/airflow/.local/lib/python3.10/site-packages/airflow/example_dags/example_external_task_marker_dag.py took 0.135 seconds
[2026-06-10T10:52:47.633+0000] {processor.py:157} INFO - Started process (PID=2201) to work on /home/airflow/.local/lib/python3.10/site-packages/airflow/example_dags/example_external_task_marker_dag.py
[2026-06-10T10:52:47.634+0000] {processor.py:829} INFO - Processing file /home/airflow/.local/lib/python3.10/site-packages/airflow/example_dags/example_external_task_marker_dag.py for tasks to queue
[2026-06-10T10:52:47.636+0000] {logging_mixin.py:154} INFO - [2026-06-10T10:52:47.635+0000] {dagbag.py:536} INFO - Filling up the DagBag from /home/airflow/.local/lib/python3.10/site-packages/airflow/example_dags/example_external_task_marker_dag.py
[2026-06-10T10:52:47.645+0000] {processor.py:839} INFO - DAG(s) dict_keys(['example_external_task_marker_child', 'example_external_task_marker_parent']) retrieved from /home/airflow/.local/lib/python3.10/site-packages/airflow/example_dags/example_external_task_marker_dag.py
[2026-06-10T10:52:47.678+0000] {logging_mixin.py:154} INFO - [2026-06-10T10:52:47.678+0000] {dag.py:2941} INFO - Sync 2 DAGs
[2026-06-10T10:52:47.707+0000] {logging_mixin.py:154} INFO - [2026-06-10T10:52:47.706+0000] {dag.py:3722} INFO - Setting next_dagrun for example_external_task_marker_child to None, run_after=None
[2026-06-10T10:52:47.720+0000] {logging_mixin.py:154} INFO - [2026-06-10T10:52:47.719+0000] {dag.py:3722} INFO - Setting next_dagrun for example_external_task_marker_parent to None, run_after=None
[2026-06-10T10:52:47.762+0000] {processor.py:179} INFO - Processing /home/airflow/.local/lib/python3.10/site-packages/airflow/example_dags/example_external_task_marker_dag.py took 0.134 seconds
[2026-06-10T10:53:17.905+0000] {processor.py:157} INFO - Started process (PID=2252) to work on /home/airflow/.local/lib/python3.10/site-packages/airflow/example_dags/example_external_task_marker_dag.py
[2026-06-10T10:53:17.916+0000] {processor.py:829} INFO - Processing file /home/airflow/.local/lib/python3.10/site-packages/airflow/example_dags/example_external_task_marker_dag.py for tasks to queue
[2026-06-10T10:53:17.917+0000] {logging_mixin.py:154} INFO - [2026-06-10T10:53:17.917+0000] {dagbag.py:536} INFO - Filling up the DagBag from /home/airflow/.local/lib/python3.10/site-packages/airflow/example_dags/example_external_task_marker_dag.py
[2026-06-10T10:53:17.926+0000] {processor.py:839} INFO - DAG(s) dict_keys(['example_external_task_marker_child', 'example_external_task_marker_parent']) retrieved from /home/airflow/.local/lib/python3.10/site-packages/airflow/example_dags/example_external_task_marker_dag.py
[2026-06-10T10:53:17.972+0000] {logging_mixin.py:154} INFO - [2026-06-10T10:53:17.971+0000] {dag.py:2941} INFO - Sync 2 DAGs
[2026-06-10T10:53:17.999+0000] {logging_mixin.py:154} INFO - [2026-06-10T10:53:17.990+0000] {dag.py:3722} INFO - Setting next_dagrun for example_external_task_marker_child to None, run_after=None
[2026-06-10T10:53:18.010+0000] {logging_mixin.py:154} INFO - [2026-06-10T10:53:18.010+0000] {dag.py:3722} INFO - Setting next_dagrun for example_external_task_marker_parent to None, run_after=None
[2026-06-10T10:53:18.032+0000] {processor.py:179} INFO - Processing /home/airflow/.local/lib/python3.10/site-packages/airflow/example_dags/example_external_task_marker_dag.py took 0.140 seconds
[2026-06-10T10:53:48.156+0000] {processor.py:157} INFO - Started process (PID=2303) to work on /home/airflow/.local/lib/python3.10/site-packages/airflow/example_dags/example_external_task_marker_dag.py
[2026-06-10T10:53:48.164+0000] {processor.py:829} INFO - Processing file /home/airflow/.local/lib/python3.10/site-packages/airflow/example_dags/example_external_task_marker_dag.py for tasks to queue
[2026-06-10T10:53:48.165+0000] {logging_mixin.py:154} INFO - [2026-06-10T10:53:48.164+0000] {dagbag.py:536} INFO - Filling up the DagBag from /home/airflow/.local/lib/python3.10/site-packages/airflow/example_dags/example_external_task_marker_dag.py
[2026-06-10T10:53:48.187+0000] {processor.py:839} INFO - DAG(s) dict_keys(['example_external_task_marker_child', 'example_external_task_marker_parent']) retrieved from /home/airflow/.local/lib/python3.10/site-packages/airflow/example_dags/example_external_task_marker_dag.py
[2026-06-10T10:53:48.256+0000] {logging_mixin.py:154} INFO - [2026-06-10T10:53:48.256+0000] {dag.py:2941} INFO - Sync 2 DAGs
[2026-06-10T10:53:48.282+0000] {logging_mixin.py:154} INFO - [2026-06-10T10:53:48.282+0000] {dag.py:3722} INFO - Setting next_dagrun for example_external_task_marker_child to None, run_after=None
[2026-06-10T10:53:48.293+0000] {logging_mixin.py:154} INFO - [2026-06-10T10:53:48.292+0000] {dag.py:3722} INFO - Setting next_dagrun for example_external_task_marker_parent to None, run_after=None
[2026-06-10T10:53:48.333+0000] {processor.py:179} INFO - Processing /home/airflow/.local/lib/python3.10/site-packages/airflow/example_dags/example_external_task_marker_dag.py took 0.183 seconds
[2026-06-10T10:54:19.241+0000] {processor.py:157} INFO - Started process (PID=2354) to work on /home/airflow/.local/lib/python3.10/site-packages/airflow/example_dags/example_external_task_marker_dag.py
[2026-06-10T10:54:19.242+0000] {processor.py:829} INFO - Processing file /home/airflow/.local/lib/python3.10/site-packages/airflow/example_dags/example_external_task_marker_dag.py for tasks to queue
[2026-06-10T10:54:19.243+0000] {logging_mixin.py:154} INFO - [2026-06-10T10:54:19.243+0000] {dagbag.py:536} INFO - Filling up the DagBag from /home/airflow/.local/lib/python3.10/site-packages/airflow/example_dags/example_external_task_marker_dag.py
[2026-06-10T10:54:19.252+0000] {processor.py:839} INFO - DAG(s) dict_keys(['example_external_task_marker_parent', 'example_external_task_marker_child']) retrieved from /home/airflow/.local/lib/python3.10/site-packages/airflow/example_dags/example_external_task_marker_dag.py
[2026-06-10T10:54:19.285+0000] {logging_mixin.py:154} INFO - [2026-06-10T10:54:19.285+0000] {dag.py:2941} INFO - Sync 2 DAGs
[2026-06-10T10:54:19.303+0000] {logging_mixin.py:154} INFO - [2026-06-10T10:54:19.303+0000] {dag.py:3722} INFO - Setting next_dagrun for example_external_task_marker_child to None, run_after=None
[2026-06-10T10:54:19.308+0000] {logging_mixin.py:154} INFO - [2026-06-10T10:54:19.308+0000] {dag.py:3722} INFO - Setting next_dagrun for example_external_task_marker_parent to None, run_after=None
[2026-06-10T10:54:19.329+0000] {processor.py:179} INFO - Processing /home/airflow/.local/lib/python3.10/site-packages/airflow/example_dags/example_external_task_marker_dag.py took 0.092 seconds
[2026-06-10T10:54:50.007+0000] {processor.py:157} INFO - Started process (PID=2405) to work on /home/airflow/.local/lib/python3.10/site-packages/airflow/example_dags/example_external_task_marker_dag.py
[2026-06-10T10:54:50.016+0000] {processor.py:829} INFO - Processing file /home/airflow/.local/lib/python3.10/site-packages/airflow/example_dags/example_external_task_marker_dag.py for tasks to queue
[2026-06-10T10:54:50.017+0000] {logging_mixin.py:154} INFO - [2026-06-10T10:54:50.017+0000] {dagbag.py:536} INFO - Filling up the DagBag from /home/airflow/.local/lib/python3.10/site-packages/airflow/example_dags/example_external_task_marker_dag.py
[2026-06-10T10:54:50.034+0000] {processor.py:839} INFO - DAG(s) dict_keys(['example_external_task_marker_parent', 'example_external_task_marker_child']) retrieved from /home/airflow/.local/lib/python3.10/site-packages/airflow/example_dags/example_external_task_marker_dag.py
[2026-06-10T10:54:50.103+0000] {logging_mixin.py:154} INFO - [2026-06-10T10:54:50.097+0000] {dag.py:2941} INFO - Sync 2 DAGs
[2026-06-10T10:54:50.141+0000] {logging_mixin.py:154} INFO - [2026-06-10T10:54:50.141+0000] {dag.py:3722} INFO - Setting next_dagrun for example_external_task_marker_child to None, run_after=None
[2026-06-10T10:54:50.147+0000] {logging_mixin.py:154} INFO - [2026-06-10T10:54:50.147+0000] {dag.py:3722} INFO - Setting next_dagrun for example_external_task_marker_parent to None, run_after=None
[2026-06-10T10:54:50.187+0000] {processor.py:179} INFO - Processing /home/airflow/.local/lib/python3.10/site-packages/airflow/example_dags/example_external_task_marker_dag.py took 0.188 seconds
[2026-06-10T10:55:20.960+0000] {processor.py:157} INFO - Started process (PID=2456) to work on /home/airflow/.local/lib/python3.10/site-packages/airflow/example_dags/example_external_task_marker_dag.py
[2026-06-10T10:55:20.971+0000] {processor.py:829} INFO - Processing file /home/airflow/.local/lib/python3.10/site-packages/airflow/example_dags/example_external_task_marker_dag.py for tasks to queue
[2026-06-10T10:55:20.974+0000] {logging_mixin.py:154} INFO - [2026-06-10T10:55:20.973+0000] {dagbag.py:536} INFO - Filling up the DagBag from /home/airflow/.local/lib/python3.10/site-packages/airflow/example_dags/example_external_task_marker_dag.py
[2026-06-10T10:55:21.005+0000] {processor.py:839} INFO - DAG(s) dict_keys(['example_external_task_marker_parent', 'example_external_task_marker_child']) retrieved from /home/airflow/.local/lib/python3.10/site-packages/airflow/example_dags/example_external_task_marker_dag.py
[2026-06-10T10:55:21.051+0000] {logging_mixin.py:154} INFO - [2026-06-10T10:55:21.050+0000] {dag.py:2941} INFO - Sync 2 DAGs
[2026-06-10T10:55:21.091+0000] {logging_mixin.py:154} INFO - [2026-06-10T10:55:21.090+0000] {dag.py:3722} INFO - Setting next_dagrun for example_external_task_marker_child to None, run_after=None
[2026-06-10T10:55:21.105+0000] {logging_mixin.py:154} INFO - [2026-06-10T10:55:21.105+0000] {dag.py:3722} INFO - Setting next_dagrun for example_external_task_marker_parent to None, run_after=None
[2026-06-10T10:55:21.132+0000] {processor.py:179} INFO - Processing /home/airflow/.local/lib/python3.10/site-packages/airflow/example_dags/example_external_task_marker_dag.py took 0.196 seconds
[2026-06-10T10:55:52.271+0000] {processor.py:157} INFO - Started process (PID=2511) to work on /home/airflow/.local/lib/python3.10/site-packages/airflow/example_dags/example_external_task_marker_dag.py
[2026-06-10T10:55:52.274+0000] {processor.py:829} INFO - Processing file /home/airflow/.local/lib/python3.10/site-packages/airflow/example_dags/example_external_task_marker_dag.py for tasks to queue
[2026-06-10T10:55:52.275+0000] {logging_mixin.py:154} INFO - [2026-06-10T10:55:52.274+0000] {dagbag.py:536} INFO - Filling up the DagBag from /home/airflow/.local/lib/python3.10/site-packages/airflow/example_dags/example_external_task_marker_dag.py
[2026-06-10T10:55:52.283+0000] {processor.py:839} INFO - DAG(s) dict_keys(['example_external_task_marker_child', 'example_external_task_marker_parent']) retrieved from /home/airflow/.local/lib/python3.10/site-packages/airflow/example_dags/example_external_task_marker_dag.py
[2026-06-10T10:55:52.316+0000] {logging_mixin.py:154} INFO - [2026-06-10T10:55:52.316+0000] {dag.py:2941} INFO - Sync 2 DAGs
[2026-06-10T10:55:52.335+0000] {logging_mixin.py:154} INFO - [2026-06-10T10:55:52.335+0000] {dag.py:3722} INFO - Setting next_dagrun for example_external_task_marker_child to None, run_after=None
[2026-06-10T10:55:52.340+0000] {logging_mixin.py:154} INFO - [2026-06-10T10:55:52.340+0000] {dag.py:3722} INFO - Setting next_dagrun for example_external_task_marker_parent to None, run_after=None
[2026-06-10T10:55:52.362+0000] {processor.py:179} INFO - Processing /home/airflow/.local/lib/python3.10/site-packages/airflow/example_dags/example_external_task_marker_dag.py took 0.095 seconds
[2026-06-10T10:56:22.515+0000] {processor.py:157} INFO - Started process (PID=2562) to work on /home/airflow/.local/lib/python3.10/site-packages/airflow/example_dags/example_external_task_marker_dag.py
[2026-06-10T10:56:22.516+0000] {processor.py:829} INFO - Processing file /home/airflow/.local/lib/python3.10/site-packages/airflow/example_dags/example_external_task_marker_dag.py for tasks to queue
[2026-06-10T10:56:22.517+0000] {logging_mixin.py:154} INFO - [2026-06-10T10:56:22.516+0000] {dagbag.py:536} INFO - Filling up the DagBag from /home/airflow/.local/lib/python3.10/site-packages/airflow/example_dags/example_external_task_marker_dag.py
[2026-06-10T10:56:22.526+0000] {processor.py:839} INFO - DAG(s) dict_keys(['example_external_task_marker_parent', 'example_external_task_marker_child']) retrieved from /home/airflow/.local/lib/python3.10/site-packages/airflow/example_dags/example_external_task_marker_dag.py
[2026-06-10T10:56:22.565+0000] {logging_mixin.py:154} INFO - [2026-06-10T10:56:22.564+0000] {dag.py:2941} INFO - Sync 2 DAGs
[2026-06-10T10:56:22.583+0000] {logging_mixin.py:154} INFO - [2026-06-10T10:56:22.583+0000] {dag.py:3722} INFO - Setting next_dagrun for example_external_task_marker_child to None, run_after=None
[2026-06-10T10:56:22.589+0000] {logging_mixin.py:154} INFO - [2026-06-10T10:56:22.588+0000] {dag.py:3722} INFO - Setting next_dagrun for example_external_task_marker_parent to None, run_after=None
[2026-06-10T10:56:22.610+0000] {processor.py:179} INFO - Processing /home/airflow/.local/lib/python3.10/site-packages/airflow/example_dags/example_external_task_marker_dag.py took 0.099 seconds
[2026-06-10T10:56:53.136+0000] {processor.py:157} INFO - Started process (PID=2613) to work on /home/airflow/.local/lib/python3.10/site-packages/airflow/example_dags/example_external_task_marker_dag.py
[2026-06-10T10:56:53.138+0000] {processor.py:829} INFO - Processing file /home/airflow/.local/lib/python3.10/site-packages/airflow/example_dags/example_external_task_marker_dag.py for tasks to queue
[2026-06-10T10:56:53.139+0000] {logging_mixin.py:154} INFO - [2026-06-10T10:56:53.138+0000] {dagbag.py:536} INFO - Filling up the DagBag from /home/airflow/.local/lib/python3.10/site-packages/airflow/example_dags/example_external_task_marker_dag.py
[2026-06-10T10:56:53.147+0000] {processor.py:839} INFO - DAG(s) dict_keys(['example_external_task_marker_child', 'example_external_task_marker_parent']) retrieved from /home/airflow/.local/lib/python3.10/site-packages/airflow/example_dags/example_external_task_marker_dag.py
[2026-06-10T10:56:53.183+0000] {logging_mixin.py:154} INFO - [2026-06-10T10:56:53.182+0000] {dag.py:2941} INFO - Sync 2 DAGs
[2026-06-10T10:56:53.201+0000] {logging_mixin.py:154} INFO - [2026-06-10T10:56:53.201+0000] {dag.py:3722} INFO - Setting next_dagrun for example_external_task_marker_child to None, run_after=None
[2026-06-10T10:56:53.206+0000] {logging_mixin.py:154} INFO - [2026-06-10T10:56:53.206+0000] {dag.py:3722} INFO - Setting next_dagrun for example_external_task_marker_parent to None, run_after=None
[2026-06-10T10:56:53.229+0000] {processor.py:179} INFO - Processing /home/airflow/.local/lib/python3.10/site-packages/airflow/example_dags/example_external_task_marker_dag.py took 0.098 seconds
[2026-06-10T10:57:23.887+0000] {processor.py:157} INFO - Started process (PID=2664) to work on /home/airflow/.local/lib/python3.10/site-packages/airflow/example_dags/example_external_task_marker_dag.py
[2026-06-10T10:57:23.900+0000] {processor.py:829} INFO - Processing file /home/airflow/.local/lib/python3.10/site-packages/airflow/example_dags/example_external_task_marker_dag.py for tasks to queue
[2026-06-10T10:57:23.901+0000] {logging_mixin.py:154} INFO - [2026-06-10T10:57:23.901+0000] {dagbag.py:536} INFO - Filling up the DagBag from /home/airflow/.local/lib/python3.10/site-packages/airflow/example_dags/example_external_task_marker_dag.py
[2026-06-10T10:57:23.934+0000] {processor.py:839} INFO - DAG(s) dict_keys(['example_external_task_marker_child', 'example_external_task_marker_parent']) retrieved from /home/airflow/.local/lib/python3.10/site-packages/airflow/example_dags/example_external_task_marker_dag.py
[2026-06-10T10:57:24.009+0000] {logging_mixin.py:154} INFO - [2026-06-10T10:57:24.009+0000] {dag.py:2941} INFO - Sync 2 DAGs
[2026-06-10T10:57:24.061+0000] {logging_mixin.py:154} INFO - [2026-06-10T10:57:24.061+0000] {dag.py:3722} INFO - Setting next_dagrun for example_external_task_marker_child to None, run_after=None
[2026-06-10T10:57:24.081+0000] {logging_mixin.py:154} INFO - [2026-06-10T10:57:24.081+0000] {dag.py:3722} INFO - Setting next_dagrun for example_external_task_marker_parent to None, run_after=None
[2026-06-10T10:57:24.158+0000] {processor.py:179} INFO - Processing /home/airflow/.local/lib/python3.10/site-packages/airflow/example_dags/example_external_task_marker_dag.py took 0.288 seconds
[2026-06-10T10:57:55.082+0000] {processor.py:157} INFO - Started process (PID=2715) to work on /home/airflow/.local/lib/python3.10/site-packages/airflow/example_dags/example_external_task_marker_dag.py
[2026-06-10T10:57:55.092+0000] {processor.py:829} INFO - Processing file /home/airflow/.local/lib/python3.10/site-packages/airflow/example_dags/example_external_task_marker_dag.py for tasks to queue
[2026-06-10T10:57:55.094+0000] {logging_mixin.py:154} INFO - [2026-06-10T10:57:55.093+0000] {dagbag.py:536} INFO - Filling up the DagBag from /home/airflow/.local/lib/python3.10/site-packages/airflow/example_dags/example_external_task_marker_dag.py
[2026-06-10T10:57:55.111+0000] {processor.py:839} INFO - DAG(s) dict_keys(['example_external_task_marker_child', 'example_external_task_marker_parent']) retrieved from /home/airflow/.local/lib/python3.10/site-packages/airflow/example_dags/example_external_task_marker_dag.py
[2026-06-10T10:57:55.176+0000] {logging_mixin.py:154} INFO - [2026-06-10T10:57:55.176+0000] {dag.py:2941} INFO - Sync 2 DAGs
[2026-06-10T10:57:55.203+0000] {logging_mixin.py:154} INFO - [2026-06-10T10:57:55.203+0000] {dag.py:3722} INFO - Setting next_dagrun for example_external_task_marker_child to None, run_after=None
[2026-06-10T10:57:55.216+0000] {logging_mixin.py:154} INFO - [2026-06-10T10:57:55.216+0000] {dag.py:3722} INFO - Setting next_dagrun for example_external_task_marker_parent to None, run_after=None
[2026-06-10T10:57:55.242+0000] {processor.py:179} INFO - Processing /home/airflow/.local/lib/python3.10/site-packages/airflow/example_dags/example_external_task_marker_dag.py took 0.165 seconds
[2026-06-10T10:58:25.669+0000] {processor.py:157} INFO - Started process (PID=2766) to work on /home/airflow/.local/lib/python3.10/site-packages/airflow/example_dags/example_external_task_marker_dag.py
[2026-06-10T10:58:25.671+0000] {processor.py:829} INFO - Processing file /home/airflow/.local/lib/python3.10/site-packages/airflow/example_dags/example_external_task_marker_dag.py for tasks to queue
[2026-06-10T10:58:25.673+0000] {logging_mixin.py:154} INFO - [2026-06-10T10:58:25.673+0000] {dagbag.py:536} INFO - Filling up the DagBag from /home/airflow/.local/lib/python3.10/site-packages/airflow/example_dags/example_external_task_marker_dag.py
[2026-06-10T10:58:25.688+0000] {processor.py:839} INFO - DAG(s) dict_keys(['example_external_task_marker_parent', 'example_external_task_marker_child']) retrieved from /home/airflow/.local/lib/python3.10/site-packages/airflow/example_dags/example_external_task_marker_dag.py
[2026-06-10T10:58:25.760+0000] {logging_mixin.py:154} INFO - [2026-06-10T10:58:25.760+0000] {dag.py:2941} INFO - Sync 2 DAGs
[2026-06-10T10:58:25.798+0000] {logging_mixin.py:154} INFO - [2026-06-10T10:58:25.798+0000] {dag.py:3722} INFO - Setting next_dagrun for example_external_task_marker_child to None, run_after=None
[2026-06-10T10:58:25.810+0000] {logging_mixin.py:154} INFO - [2026-06-10T10:58:25.809+0000] {dag.py:3722} INFO - Setting next_dagrun for example_external_task_marker_parent to None, run_after=None
[2026-06-10T10:58:25.854+0000] {processor.py:179} INFO - Processing /home/airflow/.local/lib/python3.10/site-packages/airflow/example_dags/example_external_task_marker_dag.py took 0.200 seconds
[2026-06-10T10:58:56.135+0000] {processor.py:157} INFO - Started process (PID=2817) to work on /home/airflow/.local/lib/python3.10/site-packages/airflow/example_dags/example_external_task_marker_dag.py
[2026-06-10T10:58:56.148+0000] {processor.py:829} INFO - Processing file /home/airflow/.local/lib/python3.10/site-packages/airflow/example_dags/example_external_task_marker_dag.py for tasks to queue
[2026-06-10T10:58:56.149+0000] {logging_mixin.py:154} INFO - [2026-06-10T10:58:56.148+0000] {dagbag.py:536} INFO - Filling up the DagBag from /home/airflow/.local/lib/python3.10/site-packages/airflow/example_dags/example_external_task_marker_dag.py
[2026-06-10T10:58:56.157+0000] {processor.py:839} INFO - DAG(s) dict_keys(['example_external_task_marker_parent', 'example_external_task_marker_child']) retrieved from /home/airflow/.local/lib/python3.10/site-packages/airflow/example_dags/example_external_task_marker_dag.py
[2026-06-10T10:58:56.192+0000] {logging_mixin.py:154} INFO - [2026-06-10T10:58:56.192+0000] {dag.py:2941} INFO - Sync 2 DAGs
[2026-06-10T10:58:56.209+0000] {logging_mixin.py:154} INFO - [2026-06-10T10:58:56.209+0000] {dag.py:3722} INFO - Setting next_dagrun for example_external_task_marker_child to None, run_after=None
[2026-06-10T10:58:56.214+0000] {logging_mixin.py:154} INFO - [2026-06-10T10:58:56.214+0000] {dag.py:3722} INFO - Setting next_dagrun for example_external_task_marker_parent to None, run_after=None
[2026-06-10T10:58:56.235+0000] {processor.py:179} INFO - Processing /home/airflow/.local/lib/python3.10/site-packages/airflow/example_dags/example_external_task_marker_dag.py took 0.104 seconds
[2026-06-10T10:59:26.861+0000] {processor.py:157} INFO - Started process (PID=2868) to work on /home/airflow/.local/lib/python3.10/site-packages/airflow/example_dags/example_external_task_marker_dag.py
[2026-06-10T10:59:26.862+0000] {processor.py:829} INFO - Processing file /home/airflow/.local/lib/python3.10/site-packages/airflow/example_dags/example_external_task_marker_dag.py for tasks to queue
[2026-06-10T10:59:26.863+0000] {logging_mixin.py:154} INFO - [2026-06-10T10:59:26.863+0000] {dagbag.py:536} INFO - Filling up the DagBag from /home/airflow/.local/lib/python3.10/site-packages/airflow/example_dags/example_external_task_marker_dag.py
[2026-06-10T10:59:26.872+0000] {processor.py:839} INFO - DAG(s) dict_keys(['example_external_task_marker_child', 'example_external_task_marker_parent']) retrieved from /home/airflow/.local/lib/python3.10/site-packages/airflow/example_dags/example_external_task_marker_dag.py
[2026-06-10T10:59:26.906+0000] {logging_mixin.py:154} INFO - [2026-06-10T10:59:26.906+0000] {dag.py:2941} INFO - Sync 2 DAGs
[2026-06-10T10:59:26.924+0000] {logging_mixin.py:154} INFO - [2026-06-10T10:59:26.924+0000] {dag.py:3722} INFO - Setting next_dagrun for example_external_task_marker_child to None, run_after=None
[2026-06-10T10:59:26.928+0000] {logging_mixin.py:154} INFO - [2026-06-10T10:59:26.928+0000] {dag.py:3722} INFO - Setting next_dagrun for example_external_task_marker_parent to None, run_after=None
[2026-06-10T10:59:26.948+0000] {processor.py:179} INFO - Processing /home/airflow/.local/lib/python3.10/site-packages/airflow/example_dags/example_external_task_marker_dag.py took 0.092 seconds
[2026-06-10T10:59:57.900+0000] {processor.py:157} INFO - Started process (PID=2919) to work on /home/airflow/.local/lib/python3.10/site-packages/airflow/example_dags/example_external_task_marker_dag.py
[2026-06-10T10:59:57.904+0000] {processor.py:829} INFO - Processing file /home/airflow/.local/lib/python3.10/site-packages/airflow/example_dags/example_external_task_marker_dag.py for tasks to queue
[2026-06-10T10:59:57.905+0000] {logging_mixin.py:154} INFO - [2026-06-10T10:59:57.905+0000] {dagbag.py:536} INFO - Filling up the DagBag from /home/airflow/.local/lib/python3.10/site-packages/airflow/example_dags/example_external_task_marker_dag.py
[2026-06-10T10:59:57.913+0000] {processor.py:839} INFO - DAG(s) dict_keys(['example_external_task_marker_parent', 'example_external_task_marker_child']) retrieved from /home/airflow/.local/lib/python3.10/site-packages/airflow/example_dags/example_external_task_marker_dag.py
[2026-06-10T10:59:57.946+0000] {logging_mixin.py:154} INFO - [2026-06-10T10:59:57.946+0000] {dag.py:2941} INFO - Sync 2 DAGs
[2026-06-10T10:59:57.964+0000] {logging_mixin.py:154} INFO - [2026-06-10T10:59:57.964+0000] {dag.py:3722} INFO - Setting next_dagrun for example_external_task_marker_child to None, run_after=None
[2026-06-10T10:59:57.969+0000] {logging_mixin.py:154} INFO - [2026-06-10T10:59:57.969+0000] {dag.py:3722} INFO - Setting next_dagrun for example_external_task_marker_parent to None, run_after=None
[2026-06-10T10:59:57.990+0000] {processor.py:179} INFO - Processing /home/airflow/.local/lib/python3.10/site-packages/airflow/example_dags/example_external_task_marker_dag.py took 0.094 seconds
[2026-06-10T11:00:28.430+0000] {processor.py:157} INFO - Started process (PID=2970) to work on /home/airflow/.local/lib/python3.10/site-packages/airflow/example_dags/example_external_task_marker_dag.py
[2026-06-10T11:00:28.431+0000] {processor.py:829} INFO - Processing file /home/airflow/.local/lib/python3.10/site-packages/airflow/example_dags/example_external_task_marker_dag.py for tasks to queue
[2026-06-10T11:00:28.433+0000] {logging_mixin.py:154} INFO - [2026-06-10T11:00:28.432+0000] {dagbag.py:536} INFO - Filling up the DagBag from /home/airflow/.local/lib/python3.10/site-packages/airflow/example_dags/example_external_task_marker_dag.py
[2026-06-10T11:00:28.440+0000] {processor.py:839} INFO - DAG(s) dict_keys(['example_external_task_marker_parent', 'example_external_task_marker_child']) retrieved from /home/airflow/.local/lib/python3.10/site-packages/airflow/example_dags/example_external_task_marker_dag.py
[2026-06-10T11:00:28.468+0000] {logging_mixin.py:154} INFO - [2026-06-10T11:00:28.466+0000] {dag.py:2941} INFO - Sync 2 DAGs
[2026-06-10T11:00:28.490+0000] {logging_mixin.py:154} INFO - [2026-06-10T11:00:28.489+0000] {dag.py:3722} INFO - Setting next_dagrun for example_external_task_marker_child to None, run_after=None
[2026-06-10T11:00:28.494+0000] {logging_mixin.py:154} INFO - [2026-06-10T11:00:28.494+0000] {dag.py:3722} INFO - Setting next_dagrun for example_external_task_marker_parent to None, run_after=None
[2026-06-10T11:00:28.510+0000] {processor.py:179} INFO - Processing /home/airflow/.local/lib/python3.10/site-packages/airflow/example_dags/example_external_task_marker_dag.py took 0.084 seconds
[2026-06-10T11:00:59.994+0000] {processor.py:157} INFO - Started process (PID=3021) to work on /home/airflow/.local/lib/python3.10/site-packages/airflow/example_dags/example_external_task_marker_dag.py
[2026-06-10T11:01:00.000+0000] {processor.py:829} INFO - Processing file /home/airflow/.local/lib/python3.10/site-packages/airflow/example_dags/example_external_task_marker_dag.py for tasks to queue
[2026-06-10T11:01:00.002+0000] {logging_mixin.py:154} INFO - [2026-06-10T11:01:00.001+0000] {dagbag.py:536} INFO - Filling up the DagBag from /home/airflow/.local/lib/python3.10/site-packages/airflow/example_dags/example_external_task_marker_dag.py
[2026-06-10T11:01:00.015+0000] {processor.py:839} INFO - DAG(s) dict_keys(['example_external_task_marker_parent', 'example_external_task_marker_child']) retrieved from /home/airflow/.local/lib/python3.10/site-packages/airflow/example_dags/example_external_task_marker_dag.py
[2026-06-10T11:01:00.118+0000] {logging_mixin.py:154} INFO - [2026-06-10T11:01:00.117+0000] {dag.py:2941} INFO - Sync 2 DAGs
[2026-06-10T11:01:00.165+0000] {logging_mixin.py:154} INFO - [2026-06-10T11:01:00.165+0000] {dag.py:3722} INFO - Setting next_dagrun for example_external_task_marker_child to None, run_after=None
[2026-06-10T11:01:00.195+0000] {logging_mixin.py:154} INFO - [2026-06-10T11:01:00.195+0000] {dag.py:3722} INFO - Setting next_dagrun for example_external_task_marker_parent to None, run_after=None
[2026-06-10T11:01:00.276+0000] {processor.py:179} INFO - Processing /home/airflow/.local/lib/python3.10/site-packages/airflow/example_dags/example_external_task_marker_dag.py took 0.311 seconds
[2026-06-10T11:01:31.136+0000] {processor.py:157} INFO - Started process (PID=3072) to work on /home/airflow/.local/lib/python3.10/site-packages/airflow/example_dags/example_external_task_marker_dag.py
[2026-06-10T11:01:31.148+0000] {processor.py:829} INFO - Processing file /home/airflow/.local/lib/python3.10/site-packages/airflow/example_dags/example_external_task_marker_dag.py for tasks to queue
[2026-06-10T11:01:31.150+0000] {logging_mixin.py:154} INFO - [2026-06-10T11:01:31.149+0000] {dagbag.py:536} INFO - Filling up the DagBag from /home/airflow/.local/lib/python3.10/site-packages/airflow/example_dags/example_external_task_marker_dag.py
[2026-06-10T11:01:31.170+0000] {processor.py:839} INFO - DAG(s) dict_keys(['example_external_task_marker_child', 'example_external_task_marker_parent']) retrieved from /home/airflow/.local/lib/python3.10/site-packages/airflow/example_dags/example_external_task_marker_dag.py
[2026-06-10T11:01:31.281+0000] {logging_mixin.py:154} INFO - [2026-06-10T11:01:31.280+0000] {dag.py:2941} INFO - Sync 2 DAGs
[2026-06-10T11:01:31.307+0000] {logging_mixin.py:154} INFO - [2026-06-10T11:01:31.307+0000] {dag.py:3722} INFO - Setting next_dagrun for example_external_task_marker_child to None, run_after=None
[2026-06-10T11:01:31.318+0000] {logging_mixin.py:154} INFO - [2026-06-10T11:01:31.318+0000] {dag.py:3722} INFO - Setting next_dagrun for example_external_task_marker_parent to None, run_after=None
[2026-06-10T11:01:31.361+0000] {processor.py:179} INFO - Processing /home/airflow/.local/lib/python3.10/site-packages/airflow/example_dags/example_external_task_marker_dag.py took 0.247 seconds
[2026-06-10T11:02:01.392+0000] {processor.py:157} INFO - Started process (PID=3123) to work on /home/airflow/.local/lib/python3.10/site-packages/airflow/example_dags/example_external_task_marker_dag.py
[2026-06-10T11:02:01.393+0000] {processor.py:829} INFO - Processing file /home/airflow/.local/lib/python3.10/site-packages/airflow/example_dags/example_external_task_marker_dag.py for tasks to queue
[2026-06-10T11:02:01.394+0000] {logging_mixin.py:154} INFO - [2026-06-10T11:02:01.394+0000] {dagbag.py:536} INFO - Filling up the DagBag from /home/airflow/.local/lib/python3.10/site-packages/airflow/example_dags/example_external_task_marker_dag.py
[2026-06-10T11:02:01.401+0000] {processor.py:839} INFO - DAG(s) dict_keys(['example_external_task_marker_parent', 'example_external_task_marker_child']) retrieved from /home/airflow/.local/lib/python3.10/site-packages/airflow/example_dags/example_external_task_marker_dag.py
[2026-06-10T11:02:01.428+0000] {logging_mixin.py:154} INFO - [2026-06-10T11:02:01.428+0000] {dag.py:2941} INFO - Sync 2 DAGs
[2026-06-10T11:02:01.442+0000] {logging_mixin.py:154} INFO - [2026-06-10T11:02:01.442+0000] {dag.py:3722} INFO - Setting next_dagrun for example_external_task_marker_child to None, run_after=None
[2026-06-10T11:02:01.447+0000] {logging_mixin.py:154} INFO - [2026-06-10T11:02:01.447+0000] {dag.py:3722} INFO - Setting next_dagrun for example_external_task_marker_parent to None, run_after=None
[2026-06-10T11:02:01.467+0000] {processor.py:179} INFO - Processing /home/airflow/.local/lib/python3.10/site-packages/airflow/example_dags/example_external_task_marker_dag.py took 0.079 seconds
[2026-06-10T11:02:31.819+0000] {processor.py:157} INFO - Started process (PID=3174) to work on /home/airflow/.local/lib/python3.10/site-packages/airflow/example_dags/example_external_task_marker_dag.py
[2026-06-10T11:02:31.822+0000] {processor.py:829} INFO - Processing file /home/airflow/.local/lib/python3.10/site-packages/airflow/example_dags/example_external_task_marker_dag.py for tasks to queue
[2026-06-10T11:02:31.823+0000] {logging_mixin.py:154} INFO - [2026-06-10T11:02:31.822+0000] {dagbag.py:536} INFO - Filling up the DagBag from /home/airflow/.local/lib/python3.10/site-packages/airflow/example_dags/example_external_task_marker_dag.py
[2026-06-10T11:02:31.832+0000] {processor.py:839} INFO - DAG(s) dict_keys(['example_external_task_marker_parent', 'example_external_task_marker_child']) retrieved from /home/airflow/.local/lib/python3.10/site-packages/airflow/example_dags/example_external_task_marker_dag.py
[2026-06-10T11:02:31.868+0000] {logging_mixin.py:154} INFO - [2026-06-10T11:02:31.868+0000] {dag.py:2941} INFO - Sync 2 DAGs
[2026-06-10T11:02:31.886+0000] {logging_mixin.py:154} INFO - [2026-06-10T11:02:31.886+0000] {dag.py:3722} INFO - Setting next_dagrun for example_external_task_marker_child to None, run_after=None
[2026-06-10T11:02:31.892+0000] {logging_mixin.py:154} INFO - [2026-06-10T11:02:31.891+0000] {dag.py:3722} INFO - Setting next_dagrun for example_external_task_marker_parent to None, run_after=None
[2026-06-10T11:02:31.914+0000] {processor.py:179} INFO - Processing /home/airflow/.local/lib/python3.10/site-packages/airflow/example_dags/example_external_task_marker_dag.py took 0.099 seconds
[2026-06-10T11:03:04.529+0000] {processor.py:157} INFO - Started process (PID=3226) to work on /home/airflow/.local/lib/python3.10/site-packages/airflow/example_dags/example_external_task_marker_dag.py
[2026-06-10T11:03:04.531+0000] {processor.py:829} INFO - Processing file /home/airflow/.local/lib/python3.10/site-packages/airflow/example_dags/example_external_task_marker_dag.py for tasks to queue
[2026-06-10T11:03:04.537+0000] {logging_mixin.py:154} INFO - [2026-06-10T11:03:04.531+0000] {dagbag.py:536} INFO - Filling up the DagBag from /home/airflow/.local/lib/python3.10/site-packages/airflow/example_dags/example_external_task_marker_dag.py
[2026-06-10T11:03:04.557+0000] {processor.py:839} INFO - DAG(s) dict_keys(['example_external_task_marker_parent', 'example_external_task_marker_child']) retrieved from /home/airflow/.local/lib/python3.10/site-packages/airflow/example_dags/example_external_task_marker_dag.py
[2026-06-10T11:03:04.646+0000] {logging_mixin.py:154} INFO - [2026-06-10T11:03:04.646+0000] {dag.py:2941} INFO - Sync 2 DAGs
[2026-06-10T11:03:04.679+0000] {logging_mixin.py:154} INFO - [2026-06-10T11:03:04.679+0000] {dag.py:3722} INFO - Setting next_dagrun for example_external_task_marker_child to None, run_after=None
[2026-06-10T11:03:04.689+0000] {logging_mixin.py:154} INFO - [2026-06-10T11:03:04.688+0000] {dag.py:3722} INFO - Setting next_dagrun for example_external_task_marker_parent to None, run_after=None
[2026-06-10T11:03:04.742+0000] {processor.py:179} INFO - Processing /home/airflow/.local/lib/python3.10/site-packages/airflow/example_dags/example_external_task_marker_dag.py took 0.231 seconds
[2026-06-10T11:03:35.542+0000] {processor.py:157} INFO - Started process (PID=3277) to work on /home/airflow/.local/lib/python3.10/site-packages/airflow/example_dags/example_external_task_marker_dag.py
[2026-06-10T11:03:35.549+0000] {processor.py:829} INFO - Processing file /home/airflow/.local/lib/python3.10/site-packages/airflow/example_dags/example_external_task_marker_dag.py for tasks to queue
[2026-06-10T11:03:35.553+0000] {logging_mixin.py:154} INFO - [2026-06-10T11:03:35.553+0000] {dagbag.py:536} INFO - Filling up the DagBag from /home/airflow/.local/lib/python3.10/site-packages/airflow/example_dags/example_external_task_marker_dag.py
[2026-06-10T11:03:35.570+0000] {processor.py:839} INFO - DAG(s) dict_keys(['example_external_task_marker_parent', 'example_external_task_marker_child']) retrieved from /home/airflow/.local/lib/python3.10/site-packages/airflow/example_dags/example_external_task_marker_dag.py
[2026-06-10T11:03:35.670+0000] {logging_mixin.py:154} INFO - [2026-06-10T11:03:35.670+0000] {dag.py:2941} INFO - Sync 2 DAGs
[2026-06-10T11:03:35.746+0000] {logging_mixin.py:154} INFO - [2026-06-10T11:03:35.745+0000] {dag.py:3722} INFO - Setting next_dagrun for example_external_task_marker_child to None, run_after=None
[2026-06-10T11:03:35.758+0000] {logging_mixin.py:154} INFO - [2026-06-10T11:03:35.758+0000] {dag.py:3722} INFO - Setting next_dagrun for example_external_task_marker_parent to None, run_after=None
[2026-06-10T11:03:35.802+0000] {processor.py:179} INFO - Processing /home/airflow/.local/lib/python3.10/site-packages/airflow/example_dags/example_external_task_marker_dag.py took 0.264 seconds
[2026-06-10T11:04:06.753+0000] {processor.py:157} INFO - Started process (PID=3328) to work on /home/airflow/.local/lib/python3.10/site-packages/airflow/example_dags/example_external_task_marker_dag.py
[2026-06-10T11:04:06.758+0000] {processor.py:829} INFO - Processing file /home/airflow/.local/lib/python3.10/site-packages/airflow/example_dags/example_external_task_marker_dag.py for tasks to queue
[2026-06-10T11:04:06.759+0000] {logging_mixin.py:154} INFO - [2026-06-10T11:04:06.759+0000] {dagbag.py:536} INFO - Filling up the DagBag from /home/airflow/.local/lib/python3.10/site-packages/airflow/example_dags/example_external_task_marker_dag.py
[2026-06-10T11:04:06.768+0000] {processor.py:839} INFO - DAG(s) dict_keys(['example_external_task_marker_child', 'example_external_task_marker_parent']) retrieved from /home/airflow/.local/lib/python3.10/site-packages/airflow/example_dags/example_external_task_marker_dag.py
[2026-06-10T11:04:06.806+0000] {logging_mixin.py:154} INFO - [2026-06-10T11:04:06.806+0000] {dag.py:2941} INFO - Sync 2 DAGs
[2026-06-10T11:04:06.824+0000] {logging_mixin.py:154} INFO - [2026-06-10T11:04:06.824+0000] {dag.py:3722} INFO - Setting next_dagrun for example_external_task_marker_child to None, run_after=None
[2026-06-10T11:04:06.829+0000] {logging_mixin.py:154} INFO - [2026-06-10T11:04:06.829+0000] {dag.py:3722} INFO - Setting next_dagrun for example_external_task_marker_parent to None, run_after=None
[2026-06-10T11:04:06.850+0000] {processor.py:179} INFO - Processing /home/airflow/.local/lib/python3.10/site-packages/airflow/example_dags/example_external_task_marker_dag.py took 0.101 seconds
[2026-06-10T11:04:37.110+0000] {processor.py:157} INFO - Started process (PID=3379) to work on /home/airflow/.local/lib/python3.10/site-packages/airflow/example_dags/example_external_task_marker_dag.py
[2026-06-10T11:04:37.111+0000] {processor.py:829} INFO - Processing file /home/airflow/.local/lib/python3.10/site-packages/airflow/example_dags/example_external_task_marker_dag.py for tasks to queue
[2026-06-10T11:04:37.112+0000] {logging_mixin.py:154} INFO - [2026-06-10T11:04:37.112+0000] {dagbag.py:536} INFO - Filling up the DagBag from /home/airflow/.local/lib/python3.10/site-packages/airflow/example_dags/example_external_task_marker_dag.py
[2026-06-10T11:04:37.121+0000] {processor.py:839} INFO - DAG(s) dict_keys(['example_external_task_marker_child', 'example_external_task_marker_parent']) retrieved from /home/airflow/.local/lib/python3.10/site-packages/airflow/example_dags/example_external_task_marker_dag.py
[2026-06-10T11:04:37.155+0000] {logging_mixin.py:154} INFO - [2026-06-10T11:04:37.155+0000] {dag.py:2941} INFO - Sync 2 DAGs
[2026-06-10T11:04:37.173+0000] {logging_mixin.py:154} INFO - [2026-06-10T11:04:37.173+0000] {dag.py:3722} INFO - Setting next_dagrun for example_external_task_marker_child to None, run_after=None
[2026-06-10T11:04:37.178+0000] {logging_mixin.py:154} INFO - [2026-06-10T11:04:37.178+0000] {dag.py:3722} INFO - Setting next_dagrun for example_external_task_marker_parent to None, run_after=None
[2026-06-10T11:04:37.199+0000] {processor.py:179} INFO - Processing /home/airflow/.local/lib/python3.10/site-packages/airflow/example_dags/example_external_task_marker_dag.py took 0.093 seconds
[2026-06-10T11:05:07.307+0000] {processor.py:157} INFO - Started process (PID=3430) to work on /home/airflow/.local/lib/python3.10/site-packages/airflow/example_dags/example_external_task_marker_dag.py
[2026-06-10T11:05:07.309+0000] {processor.py:829} INFO - Processing file /home/airflow/.local/lib/python3.10/site-packages/airflow/example_dags/example_external_task_marker_dag.py for tasks to queue
[2026-06-10T11:05:07.310+0000] {logging_mixin.py:154} INFO - [2026-06-10T11:05:07.310+0000] {dagbag.py:536} INFO - Filling up the DagBag from /home/airflow/.local/lib/python3.10/site-packages/airflow/example_dags/example_external_task_marker_dag.py
[2026-06-10T11:05:07.319+0000] {processor.py:839} INFO - DAG(s) dict_keys(['example_external_task_marker_child', 'example_external_task_marker_parent']) retrieved from /home/airflow/.local/lib/python3.10/site-packages/airflow/example_dags/example_external_task_marker_dag.py
[2026-06-10T11:05:07.364+0000] {logging_mixin.py:154} INFO - [2026-06-10T11:05:07.364+0000] {dag.py:2941} INFO - Sync 2 DAGs
[2026-06-10T11:05:07.382+0000] {logging_mixin.py:154} INFO - [2026-06-10T11:05:07.382+0000] {dag.py:3722} INFO - Setting next_dagrun for example_external_task_marker_child to None, run_after=None
[2026-06-10T11:05:07.387+0000] {logging_mixin.py:154} INFO - [2026-06-10T11:05:07.387+0000] {dag.py:3722} INFO - Setting next_dagrun for example_external_task_marker_parent to None, run_after=None
[2026-06-10T11:05:07.408+0000] {processor.py:179} INFO - Processing /home/airflow/.local/lib/python3.10/site-packages/airflow/example_dags/example_external_task_marker_dag.py took 0.107 seconds
[2026-06-10T11:05:39.207+0000] {processor.py:157} INFO - Started process (PID=3479) to work on /home/airflow/.local/lib/python3.10/site-packages/airflow/example_dags/example_external_task_marker_dag.py
[2026-06-10T11:05:39.208+0000] {processor.py:829} INFO - Processing file /home/airflow/.local/lib/python3.10/site-packages/airflow/example_dags/example_external_task_marker_dag.py for tasks to queue
[2026-06-10T11:05:39.209+0000] {logging_mixin.py:154} INFO - [2026-06-10T11:05:39.209+0000] {dagbag.py:536} INFO - Filling up the DagBag from /home/airflow/.local/lib/python3.10/site-packages/airflow/example_dags/example_external_task_marker_dag.py
[2026-06-10T11:05:39.227+0000] {processor.py:839} INFO - DAG(s) dict_keys(['example_external_task_marker_child', 'example_external_task_marker_parent']) retrieved from /home/airflow/.local/lib/python3.10/site-packages/airflow/example_dags/example_external_task_marker_dag.py
[2026-06-10T11:05:39.343+0000] {logging_mixin.py:154} INFO - [2026-06-10T11:05:39.342+0000] {dag.py:2941} INFO - Sync 2 DAGs
[2026-06-10T11:05:39.377+0000] {logging_mixin.py:154} INFO - [2026-06-10T11:05:39.377+0000] {dag.py:3722} INFO - Setting next_dagrun for example_external_task_marker_child to None, run_after=None
[2026-06-10T11:05:39.389+0000] {logging_mixin.py:154} INFO - [2026-06-10T11:05:39.389+0000] {dag.py:3722} INFO - Setting next_dagrun for example_external_task_marker_parent to None, run_after=None
[2026-06-10T11:05:39.433+0000] {processor.py:179} INFO - Processing /home/airflow/.local/lib/python3.10/site-packages/airflow/example_dags/example_external_task_marker_dag.py took 0.252 seconds
[2026-06-10T11:06:10.537+0000] {processor.py:157} INFO - Started process (PID=3530) to work on /home/airflow/.local/lib/python3.10/site-packages/airflow/example_dags/example_external_task_marker_dag.py
[2026-06-10T11:06:10.543+0000] {processor.py:829} INFO - Processing file /home/airflow/.local/lib/python3.10/site-packages/airflow/example_dags/example_external_task_marker_dag.py for tasks to queue
[2026-06-10T11:06:10.549+0000] {logging_mixin.py:154} INFO - [2026-06-10T11:06:10.548+0000] {dagbag.py:536} INFO - Filling up the DagBag from /home/airflow/.local/lib/python3.10/site-packages/airflow/example_dags/example_external_task_marker_dag.py
[2026-06-10T11:06:10.567+0000] {processor.py:839} INFO - DAG(s) dict_keys(['example_external_task_marker_parent', 'example_external_task_marker_child']) retrieved from /home/airflow/.local/lib/python3.10/site-packages/airflow/example_dags/example_external_task_marker_dag.py
[2026-06-10T11:06:10.631+0000] {logging_mixin.py:154} INFO - [2026-06-10T11:06:10.631+0000] {dag.py:2941} INFO - Sync 2 DAGs
[2026-06-10T11:06:10.666+0000] {logging_mixin.py:154} INFO - [2026-06-10T11:06:10.666+0000] {dag.py:3722} INFO - Setting next_dagrun for example_external_task_marker_child to None, run_after=None
[2026-06-10T11:06:10.674+0000] {logging_mixin.py:154} INFO - [2026-06-10T11:06:10.674+0000] {dag.py:3722} INFO - Setting next_dagrun for example_external_task_marker_parent to None, run_after=None
[2026-06-10T11:06:10.719+0000] {processor.py:179} INFO - Processing /home/airflow/.local/lib/python3.10/site-packages/airflow/example_dags/example_external_task_marker_dag.py took 0.186 seconds
[2026-06-10T11:06:41.474+0000] {processor.py:157} INFO - Started process (PID=3581) to work on /home/airflow/.local/lib/python3.10/site-packages/airflow/example_dags/example_external_task_marker_dag.py
[2026-06-10T11:06:41.475+0000] {processor.py:829} INFO - Processing file /home/airflow/.local/lib/python3.10/site-packages/airflow/example_dags/example_external_task_marker_dag.py for tasks to queue
[2026-06-10T11:06:41.476+0000] {logging_mixin.py:154} INFO - [2026-06-10T11:06:41.476+0000] {dagbag.py:536} INFO - Filling up the DagBag from /home/airflow/.local/lib/python3.10/site-packages/airflow/example_dags/example_external_task_marker_dag.py
[2026-06-10T11:06:41.485+0000] {processor.py:839} INFO - DAG(s) dict_keys(['example_external_task_marker_child', 'example_external_task_marker_parent']) retrieved from /home/airflow/.local/lib/python3.10/site-packages/airflow/example_dags/example_external_task_marker_dag.py
[2026-06-10T11:06:41.521+0000] {logging_mixin.py:154} INFO - [2026-06-10T11:06:41.521+0000] {dag.py:2941} INFO - Sync 2 DAGs
[2026-06-10T11:06:41.540+0000] {logging_mixin.py:154} INFO - [2026-06-10T11:06:41.540+0000] {dag.py:3722} INFO - Setting next_dagrun for example_external_task_marker_child to None, run_after=None
[2026-06-10T11:06:41.545+0000] {logging_mixin.py:154} INFO - [2026-06-10T11:06:41.545+0000] {dag.py:3722} INFO - Setting next_dagrun for example_external_task_marker_parent to None, run_after=None
[2026-06-10T11:06:41.567+0000] {processor.py:179} INFO - Processing /home/airflow/.local/lib/python3.10/site-packages/airflow/example_dags/example_external_task_marker_dag.py took 0.098 seconds
[2026-06-10T11:07:12.271+0000] {processor.py:157} INFO - Started process (PID=3632) to work on /home/airflow/.local/lib/python3.10/site-packages/airflow/example_dags/example_external_task_marker_dag.py
[2026-06-10T11:07:12.276+0000] {processor.py:829} INFO - Processing file /home/airflow/.local/lib/python3.10/site-packages/airflow/example_dags/example_external_task_marker_dag.py for tasks to queue
[2026-06-10T11:07:12.278+0000] {logging_mixin.py:154} INFO - [2026-06-10T11:07:12.277+0000] {dagbag.py:536} INFO - Filling up the DagBag from /home/airflow/.local/lib/python3.10/site-packages/airflow/example_dags/example_external_task_marker_dag.py
[2026-06-10T11:07:12.295+0000] {processor.py:839} INFO - DAG(s) dict_keys(['example_external_task_marker_parent', 'example_external_task_marker_child']) retrieved from /home/airflow/.local/lib/python3.10/site-packages/airflow/example_dags/example_external_task_marker_dag.py
[2026-06-10T11:07:12.368+0000] {logging_mixin.py:154} INFO - [2026-06-10T11:07:12.368+0000] {dag.py:2941} INFO - Sync 2 DAGs
[2026-06-10T11:07:12.394+0000] {logging_mixin.py:154} INFO - [2026-06-10T11:07:12.393+0000] {dag.py:3722} INFO - Setting next_dagrun for example_external_task_marker_child to None, run_after=None
[2026-06-10T11:07:12.424+0000] {logging_mixin.py:154} INFO - [2026-06-10T11:07:12.417+0000] {dag.py:3722} INFO - Setting next_dagrun for example_external_task_marker_parent to None, run_after=None
[2026-06-10T11:07:12.469+0000] {processor.py:179} INFO - Processing /home/airflow/.local/lib/python3.10/site-packages/airflow/example_dags/example_external_task_marker_dag.py took 0.202 seconds
[2026-06-10T11:07:44.008+0000] {processor.py:157} INFO - Started process (PID=3683) to work on /home/airflow/.local/lib/python3.10/site-packages/airflow/example_dags/example_external_task_marker_dag.py
[2026-06-10T11:07:44.012+0000] {processor.py:829} INFO - Processing file /home/airflow/.local/lib/python3.10/site-packages/airflow/example_dags/example_external_task_marker_dag.py for tasks to queue
[2026-06-10T11:07:44.013+0000] {logging_mixin.py:154} INFO - [2026-06-10T11:07:44.013+0000] {dagbag.py:536} INFO - Filling up the DagBag from /home/airflow/.local/lib/python3.10/site-packages/airflow/example_dags/example_external_task_marker_dag.py
[2026-06-10T11:07:44.038+0000] {processor.py:839} INFO - DAG(s) dict_keys(['example_external_task_marker_child', 'example_external_task_marker_parent']) retrieved from /home/airflow/.local/lib/python3.10/site-packages/airflow/example_dags/example_external_task_marker_dag.py
[2026-06-10T11:07:44.192+0000] {logging_mixin.py:154} INFO - [2026-06-10T11:07:44.192+0000] {dag.py:2941} INFO - Sync 2 DAGs
[2026-06-10T11:07:44.262+0000] {logging_mixin.py:154} INFO - [2026-06-10T11:07:44.261+0000] {dag.py:3722} INFO - Setting next_dagrun for example_external_task_marker_child to None, run_after=None
[2026-06-10T11:07:44.285+0000] {logging_mixin.py:154} INFO - [2026-06-10T11:07:44.284+0000] {dag.py:3722} INFO - Setting next_dagrun for example_external_task_marker_parent to None, run_after=None
[2026-06-10T11:07:44.372+0000] {processor.py:179} INFO - Processing /home/airflow/.local/lib/python3.10/site-packages/airflow/example_dags/example_external_task_marker_dag.py took 0.419 seconds
[2026-06-10T11:08:14.805+0000] {processor.py:157} INFO - Started process (PID=3732) to work on /home/airflow/.local/lib/python3.10/site-packages/airflow/example_dags/example_external_task_marker_dag.py
[2026-06-10T11:08:14.806+0000] {processor.py:829} INFO - Processing file /home/airflow/.local/lib/python3.10/site-packages/airflow/example_dags/example_external_task_marker_dag.py for tasks to queue
[2026-06-10T11:08:14.807+0000] {logging_mixin.py:154} INFO - [2026-06-10T11:08:14.807+0000] {dagbag.py:536} INFO - Filling up the DagBag from /home/airflow/.local/lib/python3.10/site-packages/airflow/example_dags/example_external_task_marker_dag.py
[2026-06-10T11:08:14.815+0000] {processor.py:839} INFO - DAG(s) dict_keys(['example_external_task_marker_child', 'example_external_task_marker_parent']) retrieved from /home/airflow/.local/lib/python3.10/site-packages/airflow/example_dags/example_external_task_marker_dag.py
[2026-06-10T11:08:14.912+0000] {logging_mixin.py:154} INFO - [2026-06-10T11:08:14.911+0000] {dag.py:2941} INFO - Sync 2 DAGs
[2026-06-10T11:08:14.951+0000] {logging_mixin.py:154} INFO - [2026-06-10T11:08:14.950+0000] {dag.py:3722} INFO - Setting next_dagrun for example_external_task_marker_child to None, run_after=None
[2026-06-10T11:08:14.957+0000] {logging_mixin.py:154} INFO - [2026-06-10T11:08:14.957+0000] {dag.py:3722} INFO - Setting next_dagrun for example_external_task_marker_parent to None, run_after=None
[2026-06-10T11:08:14.994+0000] {processor.py:179} INFO - Processing /home/airflow/.local/lib/python3.10/site-packages/airflow/example_dags/example_external_task_marker_dag.py took 0.214 seconds
[2026-06-10T11:08:46.008+0000] {processor.py:157} INFO - Started process (PID=3783) to work on /home/airflow/.local/lib/python3.10/site-packages/airflow/example_dags/example_external_task_marker_dag.py
[2026-06-10T11:08:46.011+0000] {processor.py:829} INFO - Processing file /home/airflow/.local/lib/python3.10/site-packages/airflow/example_dags/example_external_task_marker_dag.py for tasks to queue
[2026-06-10T11:08:46.012+0000] {logging_mixin.py:154} INFO - [2026-06-10T11:08:46.011+0000] {dagbag.py:536} INFO - Filling up the DagBag from /home/airflow/.local/lib/python3.10/site-packages/airflow/example_dags/example_external_task_marker_dag.py
[2026-06-10T11:08:46.022+0000] {processor.py:839} INFO - DAG(s) dict_keys(['example_external_task_marker_child', 'example_external_task_marker_parent']) retrieved from /home/airflow/.local/lib/python3.10/site-packages/airflow/example_dags/example_external_task_marker_dag.py
[2026-06-10T11:08:46.054+0000] {logging_mixin.py:154} INFO - [2026-06-10T11:08:46.053+0000] {dag.py:2941} INFO - Sync 2 DAGs
[2026-06-10T11:08:46.071+0000] {logging_mixin.py:154} INFO - [2026-06-10T11:08:46.071+0000] {dag.py:3722} INFO - Setting next_dagrun for example_external_task_marker_child to None, run_after=None
[2026-06-10T11:08:46.076+0000] {logging_mixin.py:154} INFO - [2026-06-10T11:08:46.076+0000] {dag.py:3722} INFO - Setting next_dagrun for example_external_task_marker_parent to None, run_after=None
[2026-06-10T11:08:46.096+0000] {processor.py:179} INFO - Processing /home/airflow/.local/lib/python3.10/site-packages/airflow/example_dags/example_external_task_marker_dag.py took 0.092 seconds
[2026-06-10T11:09:16.477+0000] {processor.py:157} INFO - Started process (PID=3834) to work on /home/airflow/.local/lib/python3.10/site-packages/airflow/example_dags/example_external_task_marker_dag.py
[2026-06-10T11:09:16.478+0000] {processor.py:829} INFO - Processing file /home/airflow/.local/lib/python3.10/site-packages/airflow/example_dags/example_external_task_marker_dag.py for tasks to queue
[2026-06-10T11:09:16.481+0000] {logging_mixin.py:154} INFO - [2026-06-10T11:09:16.480+0000] {dagbag.py:536} INFO - Filling up the DagBag from /home/airflow/.local/lib/python3.10/site-packages/airflow/example_dags/example_external_task_marker_dag.py
[2026-06-10T11:09:16.494+0000] {processor.py:839} INFO - DAG(s) dict_keys(['example_external_task_marker_parent', 'example_external_task_marker_child']) retrieved from /home/airflow/.local/lib/python3.10/site-packages/airflow/example_dags/example_external_task_marker_dag.py
[2026-06-10T11:09:16.525+0000] {logging_mixin.py:154} INFO - [2026-06-10T11:09:16.525+0000] {dag.py:2941} INFO - Sync 2 DAGs
[2026-06-10T11:09:16.542+0000] {logging_mixin.py:154} INFO - [2026-06-10T11:09:16.542+0000] {dag.py:3722} INFO - Setting next_dagrun for example_external_task_marker_child to None, run_after=None
[2026-06-10T11:09:16.547+0000] {logging_mixin.py:154} INFO - [2026-06-10T11:09:16.547+0000] {dag.py:3722} INFO - Setting next_dagrun for example_external_task_marker_parent to None, run_after=None
[2026-06-10T11:09:16.566+0000] {processor.py:179} INFO - Processing /home/airflow/.local/lib/python3.10/site-packages/airflow/example_dags/example_external_task_marker_dag.py took 0.096 seconds
[2026-06-10T11:09:46.685+0000] {processor.py:157} INFO - Started process (PID=3885) to work on /home/airflow/.local/lib/python3.10/site-packages/airflow/example_dags/example_external_task_marker_dag.py
[2026-06-10T11:09:46.687+0000] {processor.py:829} INFO - Processing file /home/airflow/.local/lib/python3.10/site-packages/airflow/example_dags/example_external_task_marker_dag.py for tasks to queue
[2026-06-10T11:09:46.688+0000] {logging_mixin.py:154} INFO - [2026-06-10T11:09:46.688+0000] {dagbag.py:536} INFO - Filling up the DagBag from /home/airflow/.local/lib/python3.10/site-packages/airflow/example_dags/example_external_task_marker_dag.py
[2026-06-10T11:09:46.698+0000] {processor.py:839} INFO - DAG(s) dict_keys(['example_external_task_marker_child', 'example_external_task_marker_parent']) retrieved from /home/airflow/.local/lib/python3.10/site-packages/airflow/example_dags/example_external_task_marker_dag.py
[2026-06-10T11:09:46.730+0000] {logging_mixin.py:154} INFO - [2026-06-10T11:09:46.730+0000] {dag.py:2941} INFO - Sync 2 DAGs
[2026-06-10T11:09:46.748+0000] {logging_mixin.py:154} INFO - [2026-06-10T11:09:46.748+0000] {dag.py:3722} INFO - Setting next_dagrun for example_external_task_marker_child to None, run_after=None
[2026-06-10T11:09:46.754+0000] {logging_mixin.py:154} INFO - [2026-06-10T11:09:46.754+0000] {dag.py:3722} INFO - Setting next_dagrun for example_external_task_marker_parent to None, run_after=None
[2026-06-10T11:09:46.774+0000] {processor.py:179} INFO - Processing /home/airflow/.local/lib/python3.10/site-packages/airflow/example_dags/example_external_task_marker_dag.py took 0.093 seconds
[2026-06-10T11:10:17.148+0000] {processor.py:157} INFO - Started process (PID=3936) to work on /home/airflow/.local/lib/python3.10/site-packages/airflow/example_dags/example_external_task_marker_dag.py
[2026-06-10T11:10:17.149+0000] {processor.py:829} INFO - Processing file /home/airflow/.local/lib/python3.10/site-packages/airflow/example_dags/example_external_task_marker_dag.py for tasks to queue
[2026-06-10T11:10:17.150+0000] {logging_mixin.py:154} INFO - [2026-06-10T11:10:17.150+0000] {dagbag.py:536} INFO - Filling up the DagBag from /home/airflow/.local/lib/python3.10/site-packages/airflow/example_dags/example_external_task_marker_dag.py
[2026-06-10T11:10:17.162+0000] {processor.py:839} INFO - DAG(s) dict_keys(['example_external_task_marker_child', 'example_external_task_marker_parent']) retrieved from /home/airflow/.local/lib/python3.10/site-packages/airflow/example_dags/example_external_task_marker_dag.py
[2026-06-10T11:10:17.195+0000] {logging_mixin.py:154} INFO - [2026-06-10T11:10:17.195+0000] {dag.py:2941} INFO - Sync 2 DAGs
[2026-06-10T11:10:17.214+0000] {logging_mixin.py:154} INFO - [2026-06-10T11:10:17.214+0000] {dag.py:3722} INFO - Setting next_dagrun for example_external_task_marker_child to None, run_after=None
[2026-06-10T11:10:17.220+0000] {logging_mixin.py:154} INFO - [2026-06-10T11:10:17.219+0000] {dag.py:3722} INFO - Setting next_dagrun for example_external_task_marker_parent to None, run_after=None
[2026-06-10T11:10:17.254+0000] {processor.py:179} INFO - Processing /home/airflow/.local/lib/python3.10/site-packages/airflow/example_dags/example_external_task_marker_dag.py took 0.110 seconds
[2026-06-10T11:10:47.299+0000] {processor.py:157} INFO - Started process (PID=3987) to work on /home/airflow/.local/lib/python3.10/site-packages/airflow/example_dags/example_external_task_marker_dag.py
[2026-06-10T11:10:47.300+0000] {processor.py:829} INFO - Processing file /home/airflow/.local/lib/python3.10/site-packages/airflow/example_dags/example_external_task_marker_dag.py for tasks to queue
[2026-06-10T11:10:47.302+0000] {logging_mixin.py:154} INFO - [2026-06-10T11:10:47.301+0000] {dagbag.py:536} INFO - Filling up the DagBag from /home/airflow/.local/lib/python3.10/site-packages/airflow/example_dags/example_external_task_marker_dag.py
[2026-06-10T11:10:47.311+0000] {processor.py:839} INFO - DAG(s) dict_keys(['example_external_task_marker_parent', 'example_external_task_marker_child']) retrieved from /home/airflow/.local/lib/python3.10/site-packages/airflow/example_dags/example_external_task_marker_dag.py
[2026-06-10T11:10:47.344+0000] {logging_mixin.py:154} INFO - [2026-06-10T11:10:47.344+0000] {dag.py:2941} INFO - Sync 2 DAGs
[2026-06-10T11:10:47.362+0000] {logging_mixin.py:154} INFO - [2026-06-10T11:10:47.362+0000] {dag.py:3722} INFO - Setting next_dagrun for example_external_task_marker_child to None, run_after=None
[2026-06-10T11:10:47.367+0000] {logging_mixin.py:154} INFO - [2026-06-10T11:10:47.367+0000] {dag.py:3722} INFO - Setting next_dagrun for example_external_task_marker_parent to None, run_after=None
[2026-06-10T11:10:47.387+0000] {processor.py:179} INFO - Processing /home/airflow/.local/lib/python3.10/site-packages/airflow/example_dags/example_external_task_marker_dag.py took 0.093 seconds
[2026-06-10T11:11:18.237+0000] {processor.py:157} INFO - Started process (PID=4038) to work on /home/airflow/.local/lib/python3.10/site-packages/airflow/example_dags/example_external_task_marker_dag.py
[2026-06-10T11:11:18.238+0000] {processor.py:829} INFO - Processing file /home/airflow/.local/lib/python3.10/site-packages/airflow/example_dags/example_external_task_marker_dag.py for tasks to queue
[2026-06-10T11:11:18.239+0000] {logging_mixin.py:154} INFO - [2026-06-10T11:11:18.239+0000] {dagbag.py:536} INFO - Filling up the DagBag from /home/airflow/.local/lib/python3.10/site-packages/airflow/example_dags/example_external_task_marker_dag.py
[2026-06-10T11:11:18.256+0000] {processor.py:839} INFO - DAG(s) dict_keys(['example_external_task_marker_child', 'example_external_task_marker_parent']) retrieved from /home/airflow/.local/lib/python3.10/site-packages/airflow/example_dags/example_external_task_marker_dag.py
[2026-06-10T11:11:18.442+0000] {logging_mixin.py:154} INFO - [2026-06-10T11:11:18.442+0000] {dag.py:2941} INFO - Sync 2 DAGs
[2026-06-10T11:11:18.485+0000] {logging_mixin.py:154} INFO - [2026-06-10T11:11:18.484+0000] {dag.py:3722} INFO - Setting next_dagrun for example_external_task_marker_child to None, run_after=None
[2026-06-10T11:11:18.510+0000] {logging_mixin.py:154} INFO - [2026-06-10T11:11:18.509+0000] {dag.py:3722} INFO - Setting next_dagrun for example_external_task_marker_parent to None, run_after=None
[2026-06-10T11:11:18.565+0000] {processor.py:179} INFO - Processing /home/airflow/.local/lib/python3.10/site-packages/airflow/example_dags/example_external_task_marker_dag.py took 0.341 seconds
[2026-06-10T11:11:48.913+0000] {processor.py:157} INFO - Started process (PID=4089) to work on /home/airflow/.local/lib/python3.10/site-packages/airflow/example_dags/example_external_task_marker_dag.py
[2026-06-10T11:11:48.915+0000] {processor.py:829} INFO - Processing file /home/airflow/.local/lib/python3.10/site-packages/airflow/example_dags/example_external_task_marker_dag.py for tasks to queue
[2026-06-10T11:11:48.916+0000] {logging_mixin.py:154} INFO - [2026-06-10T11:11:48.915+0000] {dagbag.py:536} INFO - Filling up the DagBag from /home/airflow/.local/lib/python3.10/site-packages/airflow/example_dags/example_external_task_marker_dag.py
[2026-06-10T11:11:48.937+0000] {processor.py:839} INFO - DAG(s) dict_keys(['example_external_task_marker_child', 'example_external_task_marker_parent']) retrieved from /home/airflow/.local/lib/python3.10/site-packages/airflow/example_dags/example_external_task_marker_dag.py
[2026-06-10T11:11:49.034+0000] {logging_mixin.py:154} INFO - [2026-06-10T11:11:49.034+0000] {dag.py:2941} INFO - Sync 2 DAGs
[2026-06-10T11:11:49.075+0000] {logging_mixin.py:154} INFO - [2026-06-10T11:11:49.074+0000] {dag.py:3722} INFO - Setting next_dagrun for example_external_task_marker_child to None, run_after=None
[2026-06-10T11:11:49.081+0000] {logging_mixin.py:154} INFO - [2026-06-10T11:11:49.081+0000] {dag.py:3722} INFO - Setting next_dagrun for example_external_task_marker_parent to None, run_after=None
[2026-06-10T11:11:49.140+0000] {processor.py:179} INFO - Processing /home/airflow/.local/lib/python3.10/site-packages/airflow/example_dags/example_external_task_marker_dag.py took 0.236 seconds
[2026-06-10T11:12:19.312+0000] {processor.py:157} INFO - Started process (PID=4140) to work on /home/airflow/.local/lib/python3.10/site-packages/airflow/example_dags/example_external_task_marker_dag.py
[2026-06-10T11:12:19.313+0000] {processor.py:829} INFO - Processing file /home/airflow/.local/lib/python3.10/site-packages/airflow/example_dags/example_external_task_marker_dag.py for tasks to queue
[2026-06-10T11:12:19.315+0000] {logging_mixin.py:154} INFO - [2026-06-10T11:12:19.314+0000] {dagbag.py:536} INFO - Filling up the DagBag from /home/airflow/.local/lib/python3.10/site-packages/airflow/example_dags/example_external_task_marker_dag.py
[2026-06-10T11:12:19.324+0000] {processor.py:839} INFO - DAG(s) dict_keys(['example_external_task_marker_child', 'example_external_task_marker_parent']) retrieved from /home/airflow/.local/lib/python3.10/site-packages/airflow/example_dags/example_external_task_marker_dag.py
[2026-06-10T11:12:19.357+0000] {logging_mixin.py:154} INFO - [2026-06-10T11:12:19.357+0000] {dag.py:2941} INFO - Sync 2 DAGs
[2026-06-10T11:12:19.375+0000] {logging_mixin.py:154} INFO - [2026-06-10T11:12:19.375+0000] {dag.py:3722} INFO - Setting next_dagrun for example_external_task_marker_child to None, run_after=None
[2026-06-10T11:12:19.380+0000] {logging_mixin.py:154} INFO - [2026-06-10T11:12:19.380+0000] {dag.py:3722} INFO - Setting next_dagrun for example_external_task_marker_parent to None, run_after=None
[2026-06-10T11:12:19.400+0000] {processor.py:179} INFO - Processing /home/airflow/.local/lib/python3.10/site-packages/airflow/example_dags/example_external_task_marker_dag.py took 0.093 seconds
[2026-06-10T11:12:49.675+0000] {processor.py:157} INFO - Started process (PID=4191) to work on /home/airflow/.local/lib/python3.10/site-packages/airflow/example_dags/example_external_task_marker_dag.py
[2026-06-10T11:12:49.678+0000] {processor.py:829} INFO - Processing file /home/airflow/.local/lib/python3.10/site-packages/airflow/example_dags/example_external_task_marker_dag.py for tasks to queue
[2026-06-10T11:12:49.679+0000] {logging_mixin.py:154} INFO - [2026-06-10T11:12:49.679+0000] {dagbag.py:536} INFO - Filling up the DagBag from /home/airflow/.local/lib/python3.10/site-packages/airflow/example_dags/example_external_task_marker_dag.py
[2026-06-10T11:12:49.702+0000] {processor.py:839} INFO - DAG(s) dict_keys(['example_external_task_marker_child', 'example_external_task_marker_parent']) retrieved from /home/airflow/.local/lib/python3.10/site-packages/airflow/example_dags/example_external_task_marker_dag.py
[2026-06-10T11:12:49.788+0000] {logging_mixin.py:154} INFO - [2026-06-10T11:12:49.788+0000] {dag.py:2941} INFO - Sync 2 DAGs
[2026-06-10T11:12:49.847+0000] {logging_mixin.py:154} INFO - [2026-06-10T11:12:49.846+0000] {dag.py:3722} INFO - Setting next_dagrun for example_external_task_marker_child to None, run_after=None
[2026-06-10T11:12:49.869+0000] {logging_mixin.py:154} INFO - [2026-06-10T11:12:49.868+0000] {dag.py:3722} INFO - Setting next_dagrun for example_external_task_marker_parent to None, run_after=None
[2026-06-10T11:12:49.938+0000] {processor.py:179} INFO - Processing /home/airflow/.local/lib/python3.10/site-packages/airflow/example_dags/example_external_task_marker_dag.py took 0.295 seconds
[2026-06-10T11:13:20.393+0000] {processor.py:157} INFO - Started process (PID=4242) to work on /home/airflow/.local/lib/python3.10/site-packages/airflow/example_dags/example_external_task_marker_dag.py
[2026-06-10T11:13:20.395+0000] {processor.py:829} INFO - Processing file /home/airflow/.local/lib/python3.10/site-packages/airflow/example_dags/example_external_task_marker_dag.py for tasks to queue
[2026-06-10T11:13:20.396+0000] {logging_mixin.py:154} INFO - [2026-06-10T11:13:20.396+0000] {dagbag.py:536} INFO - Filling up the DagBag from /home/airflow/.local/lib/python3.10/site-packages/airflow/example_dags/example_external_task_marker_dag.py
[2026-06-10T11:13:20.406+0000] {processor.py:839} INFO - DAG(s) dict_keys(['example_external_task_marker_child', 'example_external_task_marker_parent']) retrieved from /home/airflow/.local/lib/python3.10/site-packages/airflow/example_dags/example_external_task_marker_dag.py
[2026-06-10T11:13:20.438+0000] {logging_mixin.py:154} INFO - [2026-06-10T11:13:20.438+0000] {dag.py:2941} INFO - Sync 2 DAGs
[2026-06-10T11:13:20.456+0000] {logging_mixin.py:154} INFO - [2026-06-10T11:13:20.456+0000] {dag.py:3722} INFO - Setting next_dagrun for example_external_task_marker_child to None, run_after=None
[2026-06-10T11:13:20.461+0000] {logging_mixin.py:154} INFO - [2026-06-10T11:13:20.461+0000] {dag.py:3722} INFO - Setting next_dagrun for example_external_task_marker_parent to None, run_after=None
[2026-06-10T11:13:20.502+0000] {processor.py:179} INFO - Processing /home/airflow/.local/lib/python3.10/site-packages/airflow/example_dags/example_external_task_marker_dag.py took 0.113 seconds
[2026-06-10T11:13:51.392+0000] {processor.py:157} INFO - Started process (PID=4293) to work on /home/airflow/.local/lib/python3.10/site-packages/airflow/example_dags/example_external_task_marker_dag.py
[2026-06-10T11:13:51.400+0000] {processor.py:829} INFO - Processing file /home/airflow/.local/lib/python3.10/site-packages/airflow/example_dags/example_external_task_marker_dag.py for tasks to queue
[2026-06-10T11:13:51.402+0000] {logging_mixin.py:154} INFO - [2026-06-10T11:13:51.401+0000] {dagbag.py:536} INFO - Filling up the DagBag from /home/airflow/.local/lib/python3.10/site-packages/airflow/example_dags/example_external_task_marker_dag.py
[2026-06-10T11:13:51.411+0000] {processor.py:839} INFO - DAG(s) dict_keys(['example_external_task_marker_parent', 'example_external_task_marker_child']) retrieved from /home/airflow/.local/lib/python3.10/site-packages/airflow/example_dags/example_external_task_marker_dag.py
[2026-06-10T11:13:51.498+0000] {logging_mixin.py:154} INFO - [2026-06-10T11:13:51.497+0000] {dag.py:2941} INFO - Sync 2 DAGs
[2026-06-10T11:13:51.523+0000] {logging_mixin.py:154} INFO - [2026-06-10T11:13:51.523+0000] {dag.py:3722} INFO - Setting next_dagrun for example_external_task_marker_child to None, run_after=None
[2026-06-10T11:13:51.535+0000] {logging_mixin.py:154} INFO - [2026-06-10T11:13:51.535+0000] {dag.py:3722} INFO - Setting next_dagrun for example_external_task_marker_parent to None, run_after=None
[2026-06-10T11:13:51.579+0000] {processor.py:179} INFO - Processing /home/airflow/.local/lib/python3.10/site-packages/airflow/example_dags/example_external_task_marker_dag.py took 0.199 seconds
[2026-06-10T11:14:22.586+0000] {processor.py:157} INFO - Started process (PID=4344) to work on /home/airflow/.local/lib/python3.10/site-packages/airflow/example_dags/example_external_task_marker_dag.py
[2026-06-10T11:14:22.587+0000] {processor.py:829} INFO - Processing file /home/airflow/.local/lib/python3.10/site-packages/airflow/example_dags/example_external_task_marker_dag.py for tasks to queue
[2026-06-10T11:14:22.598+0000] {logging_mixin.py:154} INFO - [2026-06-10T11:14:22.598+0000] {dagbag.py:536} INFO - Filling up the DagBag from /home/airflow/.local/lib/python3.10/site-packages/airflow/example_dags/example_external_task_marker_dag.py
[2026-06-10T11:14:22.631+0000] {processor.py:839} INFO - DAG(s) dict_keys(['example_external_task_marker_parent', 'example_external_task_marker_child']) retrieved from /home/airflow/.local/lib/python3.10/site-packages/airflow/example_dags/example_external_task_marker_dag.py
[2026-06-10T11:14:22.675+0000] {logging_mixin.py:154} INFO - [2026-06-10T11:14:22.670+0000] {dag.py:2941} INFO - Sync 2 DAGs
[2026-06-10T11:14:22.707+0000] {logging_mixin.py:154} INFO - [2026-06-10T11:14:22.707+0000] {dag.py:3722} INFO - Setting next_dagrun for example_external_task_marker_child to None, run_after=None
[2026-06-10T11:14:22.721+0000] {logging_mixin.py:154} INFO - [2026-06-10T11:14:22.721+0000] {dag.py:3722} INFO - Setting next_dagrun for example_external_task_marker_parent to None, run_after=None
[2026-06-10T11:14:22.753+0000] {processor.py:179} INFO - Processing /home/airflow/.local/lib/python3.10/site-packages/airflow/example_dags/example_external_task_marker_dag.py took 0.185 seconds
[2026-06-10T11:14:53.276+0000] {processor.py:157} INFO - Started process (PID=4395) to work on /home/airflow/.local/lib/python3.10/site-packages/airflow/example_dags/example_external_task_marker_dag.py
[2026-06-10T11:14:53.279+0000] {processor.py:829} INFO - Processing file /home/airflow/.local/lib/python3.10/site-packages/airflow/example_dags/example_external_task_marker_dag.py for tasks to queue
[2026-06-10T11:14:53.280+0000] {logging_mixin.py:154} INFO - [2026-06-10T11:14:53.280+0000] {dagbag.py:536} INFO - Filling up the DagBag from /home/airflow/.local/lib/python3.10/site-packages/airflow/example_dags/example_external_task_marker_dag.py
[2026-06-10T11:14:53.289+0000] {processor.py:839} INFO - DAG(s) dict_keys(['example_external_task_marker_child', 'example_external_task_marker_parent']) retrieved from /home/airflow/.local/lib/python3.10/site-packages/airflow/example_dags/example_external_task_marker_dag.py
[2026-06-10T11:14:53.322+0000] {logging_mixin.py:154} INFO - [2026-06-10T11:14:53.321+0000] {dag.py:2941} INFO - Sync 2 DAGs
[2026-06-10T11:14:53.344+0000] {logging_mixin.py:154} INFO - [2026-06-10T11:14:53.344+0000] {dag.py:3722} INFO - Setting next_dagrun for example_external_task_marker_child to None, run_after=None
[2026-06-10T11:14:53.349+0000] {logging_mixin.py:154} INFO - [2026-06-10T11:14:53.348+0000] {dag.py:3722} INFO - Setting next_dagrun for example_external_task_marker_parent to None, run_after=None
[2026-06-10T11:14:53.368+0000] {processor.py:179} INFO - Processing /home/airflow/.local/lib/python3.10/site-packages/airflow/example_dags/example_external_task_marker_dag.py took 0.097 seconds
[2026-06-10T11:15:23.792+0000] {processor.py:157} INFO - Started process (PID=4446) to work on /home/airflow/.local/lib/python3.10/site-packages/airflow/example_dags/example_external_task_marker_dag.py
[2026-06-10T11:15:23.795+0000] {processor.py:829} INFO - Processing file /home/airflow/.local/lib/python3.10/site-packages/airflow/example_dags/example_external_task_marker_dag.py for tasks to queue
[2026-06-10T11:15:23.796+0000] {logging_mixin.py:154} INFO - [2026-06-10T11:15:23.795+0000] {dagbag.py:536} INFO - Filling up the DagBag from /home/airflow/.local/lib/python3.10/site-packages/airflow/example_dags/example_external_task_marker_dag.py
[2026-06-10T11:15:23.804+0000] {processor.py:839} INFO - DAG(s) dict_keys(['example_external_task_marker_parent', 'example_external_task_marker_child']) retrieved from /home/airflow/.local/lib/python3.10/site-packages/airflow/example_dags/example_external_task_marker_dag.py
[2026-06-10T11:15:23.839+0000] {logging_mixin.py:154} INFO - [2026-06-10T11:15:23.838+0000] {dag.py:2941} INFO - Sync 2 DAGs
[2026-06-10T11:15:23.857+0000] {logging_mixin.py:154} INFO - [2026-06-10T11:15:23.857+0000] {dag.py:3722} INFO - Setting next_dagrun for example_external_task_marker_child to None, run_after=None
[2026-06-10T11:15:23.866+0000] {logging_mixin.py:154} INFO - [2026-06-10T11:15:23.866+0000] {dag.py:3722} INFO - Setting next_dagrun for example_external_task_marker_parent to None, run_after=None
[2026-06-10T11:15:23.886+0000] {processor.py:179} INFO - Processing /home/airflow/.local/lib/python3.10/site-packages/airflow/example_dags/example_external_task_marker_dag.py took 0.099 seconds
[2026-06-10T11:15:54.417+0000] {processor.py:157} INFO - Started process (PID=4497) to work on /home/airflow/.local/lib/python3.10/site-packages/airflow/example_dags/example_external_task_marker_dag.py
[2026-06-10T11:15:54.419+0000] {processor.py:829} INFO - Processing file /home/airflow/.local/lib/python3.10/site-packages/airflow/example_dags/example_external_task_marker_dag.py for tasks to queue
[2026-06-10T11:15:54.420+0000] {logging_mixin.py:154} INFO - [2026-06-10T11:15:54.419+0000] {dagbag.py:536} INFO - Filling up the DagBag from /home/airflow/.local/lib/python3.10/site-packages/airflow/example_dags/example_external_task_marker_dag.py
[2026-06-10T11:15:54.430+0000] {processor.py:839} INFO - DAG(s) dict_keys(['example_external_task_marker_child', 'example_external_task_marker_parent']) retrieved from /home/airflow/.local/lib/python3.10/site-packages/airflow/example_dags/example_external_task_marker_dag.py
[2026-06-10T11:15:54.462+0000] {logging_mixin.py:154} INFO - [2026-06-10T11:15:54.462+0000] {dag.py:2941} INFO - Sync 2 DAGs
[2026-06-10T11:15:54.480+0000] {logging_mixin.py:154} INFO - [2026-06-10T11:15:54.480+0000] {dag.py:3722} INFO - Setting next_dagrun for example_external_task_marker_child to None, run_after=None
[2026-06-10T11:15:54.485+0000] {logging_mixin.py:154} INFO - [2026-06-10T11:15:54.485+0000] {dag.py:3722} INFO - Setting next_dagrun for example_external_task_marker_parent to None, run_after=None
[2026-06-10T11:15:54.505+0000] {processor.py:179} INFO - Processing /home/airflow/.local/lib/python3.10/site-packages/airflow/example_dags/example_external_task_marker_dag.py took 0.093 seconds
[2026-06-10T11:16:24.627+0000] {processor.py:157} INFO - Started process (PID=4548) to work on /home/airflow/.local/lib/python3.10/site-packages/airflow/example_dags/example_external_task_marker_dag.py
[2026-06-10T11:16:24.628+0000] {processor.py:829} INFO - Processing file /home/airflow/.local/lib/python3.10/site-packages/airflow/example_dags/example_external_task_marker_dag.py for tasks to queue
[2026-06-10T11:16:24.629+0000] {logging_mixin.py:154} INFO - [2026-06-10T11:16:24.629+0000] {dagbag.py:536} INFO - Filling up the DagBag from /home/airflow/.local/lib/python3.10/site-packages/airflow/example_dags/example_external_task_marker_dag.py
[2026-06-10T11:16:24.639+0000] {processor.py:839} INFO - DAG(s) dict_keys(['example_external_task_marker_parent', 'example_external_task_marker_child']) retrieved from /home/airflow/.local/lib/python3.10/site-packages/airflow/example_dags/example_external_task_marker_dag.py
[2026-06-10T11:16:24.673+0000] {logging_mixin.py:154} INFO - [2026-06-10T11:16:24.672+0000] {dag.py:2941} INFO - Sync 2 DAGs
[2026-06-10T11:16:24.691+0000] {logging_mixin.py:154} INFO - [2026-06-10T11:16:24.691+0000] {dag.py:3722} INFO - Setting next_dagrun for example_external_task_marker_child to None, run_after=None
[2026-06-10T11:16:24.696+0000] {logging_mixin.py:154} INFO - [2026-06-10T11:16:24.696+0000] {dag.py:3722} INFO - Setting next_dagrun for example_external_task_marker_parent to None, run_after=None
[2026-06-10T11:16:24.726+0000] {processor.py:179} INFO - Processing /home/airflow/.local/lib/python3.10/site-packages/airflow/example_dags/example_external_task_marker_dag.py took 0.105 seconds
[2026-06-10T11:16:55.366+0000] {processor.py:157} INFO - Started process (PID=4599) to work on /home/airflow/.local/lib/python3.10/site-packages/airflow/example_dags/example_external_task_marker_dag.py
[2026-06-10T11:16:55.373+0000] {processor.py:829} INFO - Processing file /home/airflow/.local/lib/python3.10/site-packages/airflow/example_dags/example_external_task_marker_dag.py for tasks to queue
[2026-06-10T11:16:55.374+0000] {logging_mixin.py:154} INFO - [2026-06-10T11:16:55.374+0000] {dagbag.py:536} INFO - Filling up the DagBag from /home/airflow/.local/lib/python3.10/site-packages/airflow/example_dags/example_external_task_marker_dag.py
[2026-06-10T11:16:55.384+0000] {processor.py:839} INFO - DAG(s) dict_keys(['example_external_task_marker_child', 'example_external_task_marker_parent']) retrieved from /home/airflow/.local/lib/python3.10/site-packages/airflow/example_dags/example_external_task_marker_dag.py
[2026-06-10T11:16:55.433+0000] {logging_mixin.py:154} INFO - [2026-06-10T11:16:55.433+0000] {dag.py:2941} INFO - Sync 2 DAGs
[2026-06-10T11:16:55.452+0000] {logging_mixin.py:154} INFO - [2026-06-10T11:16:55.452+0000] {dag.py:3722} INFO - Setting next_dagrun for example_external_task_marker_child to None, run_after=None
[2026-06-10T11:16:55.457+0000] {logging_mixin.py:154} INFO - [2026-06-10T11:16:55.457+0000] {dag.py:3722} INFO - Setting next_dagrun for example_external_task_marker_parent to None, run_after=None
[2026-06-10T11:16:55.512+0000] {processor.py:179} INFO - Processing /home/airflow/.local/lib/python3.10/site-packages/airflow/example_dags/example_external_task_marker_dag.py took 0.171 seconds
[2026-06-10T11:17:25.871+0000] {processor.py:157} INFO - Started process (PID=4650) to work on /home/airflow/.local/lib/python3.10/site-packages/airflow/example_dags/example_external_task_marker_dag.py
[2026-06-10T11:17:25.881+0000] {processor.py:829} INFO - Processing file /home/airflow/.local/lib/python3.10/site-packages/airflow/example_dags/example_external_task_marker_dag.py for tasks to queue
[2026-06-10T11:17:25.882+0000] {logging_mixin.py:154} INFO - [2026-06-10T11:17:25.881+0000] {dagbag.py:536} INFO - Filling up the DagBag from /home/airflow/.local/lib/python3.10/site-packages/airflow/example_dags/example_external_task_marker_dag.py
[2026-06-10T11:17:25.904+0000] {processor.py:839} INFO - DAG(s) dict_keys(['example_external_task_marker_parent', 'example_external_task_marker_child']) retrieved from /home/airflow/.local/lib/python3.10/site-packages/airflow/example_dags/example_external_task_marker_dag.py
[2026-06-10T11:17:26.012+0000] {logging_mixin.py:154} INFO - [2026-06-10T11:17:26.012+0000] {dag.py:2941} INFO - Sync 2 DAGs
[2026-06-10T11:17:26.058+0000] {logging_mixin.py:154} INFO - [2026-06-10T11:17:26.058+0000] {dag.py:3722} INFO - Setting next_dagrun for example_external_task_marker_child to None, run_after=None
[2026-06-10T11:17:26.072+0000] {logging_mixin.py:154} INFO - [2026-06-10T11:17:26.072+0000] {dag.py:3722} INFO - Setting next_dagrun for example_external_task_marker_parent to None, run_after=None
[2026-06-10T11:17:26.140+0000] {processor.py:179} INFO - Processing /home/airflow/.local/lib/python3.10/site-packages/airflow/example_dags/example_external_task_marker_dag.py took 0.283 seconds
[2026-06-10T11:23:08.600+0000] {processor.py:157} INFO - Started process (PID=68) to work on /home/airflow/.local/lib/python3.10/site-packages/airflow/example_dags/example_external_task_marker_dag.py
[2026-06-10T11:23:08.630+0000] {processor.py:829} INFO - Processing file /home/airflow/.local/lib/python3.10/site-packages/airflow/example_dags/example_external_task_marker_dag.py for tasks to queue
[2026-06-10T11:23:08.650+0000] {logging_mixin.py:154} INFO - [2026-06-10T11:23:08.650+0000] {dagbag.py:536} INFO - Filling up the DagBag from /home/airflow/.local/lib/python3.10/site-packages/airflow/example_dags/example_external_task_marker_dag.py
[2026-06-10T11:23:08.699+0000] {processor.py:839} INFO - DAG(s) dict_keys(['example_external_task_marker_parent', 'example_external_task_marker_child']) retrieved from /home/airflow/.local/lib/python3.10/site-packages/airflow/example_dags/example_external_task_marker_dag.py
[2026-06-10T11:23:08.948+0000] {logging_mixin.py:154} INFO - [2026-06-10T11:23:08.948+0000] {dag.py:2941} INFO - Sync 2 DAGs
[2026-06-10T11:23:09.074+0000] {logging_mixin.py:154} INFO - [2026-06-10T11:23:09.074+0000] {dag.py:3722} INFO - Setting next_dagrun for example_external_task_marker_child to None, run_after=None
[2026-06-10T11:23:09.104+0000] {logging_mixin.py:154} INFO - [2026-06-10T11:23:09.104+0000] {dag.py:3722} INFO - Setting next_dagrun for example_external_task_marker_parent to None, run_after=None
[2026-06-10T11:23:09.214+0000] {processor.py:179} INFO - Processing /home/airflow/.local/lib/python3.10/site-packages/airflow/example_dags/example_external_task_marker_dag.py took 0.643 seconds
[2026-06-10T11:23:39.370+0000] {processor.py:157} INFO - Started process (PID=119) to work on /home/airflow/.local/lib/python3.10/site-packages/airflow/example_dags/example_external_task_marker_dag.py
[2026-06-10T11:23:39.371+0000] {processor.py:829} INFO - Processing file /home/airflow/.local/lib/python3.10/site-packages/airflow/example_dags/example_external_task_marker_dag.py for tasks to queue
[2026-06-10T11:23:39.374+0000] {logging_mixin.py:154} INFO - [2026-06-10T11:23:39.374+0000] {dagbag.py:536} INFO - Filling up the DagBag from /home/airflow/.local/lib/python3.10/site-packages/airflow/example_dags/example_external_task_marker_dag.py
[2026-06-10T11:23:39.382+0000] {processor.py:839} INFO - DAG(s) dict_keys(['example_external_task_marker_parent', 'example_external_task_marker_child']) retrieved from /home/airflow/.local/lib/python3.10/site-packages/airflow/example_dags/example_external_task_marker_dag.py
[2026-06-10T11:23:39.409+0000] {logging_mixin.py:154} INFO - [2026-06-10T11:23:39.409+0000] {dag.py:2941} INFO - Sync 2 DAGs
[2026-06-10T11:23:39.422+0000] {logging_mixin.py:154} INFO - [2026-06-10T11:23:39.422+0000] {dag.py:3722} INFO - Setting next_dagrun for example_external_task_marker_child to None, run_after=None
[2026-06-10T11:23:39.425+0000] {logging_mixin.py:154} INFO - [2026-06-10T11:23:39.425+0000] {dag.py:3722} INFO - Setting next_dagrun for example_external_task_marker_parent to None, run_after=None
[2026-06-10T11:23:39.441+0000] {processor.py:179} INFO - Processing /home/airflow/.local/lib/python3.10/site-packages/airflow/example_dags/example_external_task_marker_dag.py took 0.077 seconds
[2026-06-10T11:24:09.710+0000] {processor.py:157} INFO - Started process (PID=170) to work on /home/airflow/.local/lib/python3.10/site-packages/airflow/example_dags/example_external_task_marker_dag.py
[2026-06-10T11:24:09.712+0000] {processor.py:829} INFO - Processing file /home/airflow/.local/lib/python3.10/site-packages/airflow/example_dags/example_external_task_marker_dag.py for tasks to queue
[2026-06-10T11:24:09.715+0000] {logging_mixin.py:154} INFO - [2026-06-10T11:24:09.714+0000] {dagbag.py:536} INFO - Filling up the DagBag from /home/airflow/.local/lib/python3.10/site-packages/airflow/example_dags/example_external_task_marker_dag.py
[2026-06-10T11:24:09.740+0000] {processor.py:839} INFO - DAG(s) dict_keys(['example_external_task_marker_parent', 'example_external_task_marker_child']) retrieved from /home/airflow/.local/lib/python3.10/site-packages/airflow/example_dags/example_external_task_marker_dag.py
[2026-06-10T11:24:09.781+0000] {logging_mixin.py:154} INFO - [2026-06-10T11:24:09.780+0000] {dag.py:2941} INFO - Sync 2 DAGs
[2026-06-10T11:24:09.805+0000] {logging_mixin.py:154} INFO - [2026-06-10T11:24:09.805+0000] {dag.py:3722} INFO - Setting next_dagrun for example_external_task_marker_child to None, run_after=None
[2026-06-10T11:24:09.817+0000] {logging_mixin.py:154} INFO - [2026-06-10T11:24:09.817+0000] {dag.py:3722} INFO - Setting next_dagrun for example_external_task_marker_parent to None, run_after=None
[2026-06-10T11:24:09.858+0000] {processor.py:179} INFO - Processing /home/airflow/.local/lib/python3.10/site-packages/airflow/example_dags/example_external_task_marker_dag.py took 0.167 seconds
[2026-06-10T11:24:40.297+0000] {processor.py:157} INFO - Started process (PID=221) to work on /home/airflow/.local/lib/python3.10/site-packages/airflow/example_dags/example_external_task_marker_dag.py
[2026-06-10T11:24:40.301+0000] {processor.py:829} INFO - Processing file /home/airflow/.local/lib/python3.10/site-packages/airflow/example_dags/example_external_task_marker_dag.py for tasks to queue
[2026-06-10T11:24:40.315+0000] {logging_mixin.py:154} INFO - [2026-06-10T11:24:40.315+0000] {dagbag.py:536} INFO - Filling up the DagBag from /home/airflow/.local/lib/python3.10/site-packages/airflow/example_dags/example_external_task_marker_dag.py
[2026-06-10T11:24:40.337+0000] {processor.py:839} INFO - DAG(s) dict_keys(['example_external_task_marker_child', 'example_external_task_marker_parent']) retrieved from /home/airflow/.local/lib/python3.10/site-packages/airflow/example_dags/example_external_task_marker_dag.py
[2026-06-10T11:24:40.417+0000] {logging_mixin.py:154} INFO - [2026-06-10T11:24:40.417+0000] {dag.py:2941} INFO - Sync 2 DAGs
[2026-06-10T11:24:40.448+0000] {logging_mixin.py:154} INFO - [2026-06-10T11:24:40.448+0000] {dag.py:3722} INFO - Setting next_dagrun for example_external_task_marker_child to None, run_after=None
[2026-06-10T11:24:40.471+0000] {logging_mixin.py:154} INFO - [2026-06-10T11:24:40.470+0000] {dag.py:3722} INFO - Setting next_dagrun for example_external_task_marker_parent to None, run_after=None
[2026-06-10T11:24:40.523+0000] {processor.py:179} INFO - Processing /home/airflow/.local/lib/python3.10/site-packages/airflow/example_dags/example_external_task_marker_dag.py took 0.243 seconds
[2026-06-10T11:25:10.607+0000] {processor.py:157} INFO - Started process (PID=271) to work on /home/airflow/.local/lib/python3.10/site-packages/airflow/example_dags/example_external_task_marker_dag.py
[2026-06-10T11:25:10.608+0000] {processor.py:829} INFO - Processing file /home/airflow/.local/lib/python3.10/site-packages/airflow/example_dags/example_external_task_marker_dag.py for tasks to queue
[2026-06-10T11:25:10.611+0000] {logging_mixin.py:154} INFO - [2026-06-10T11:25:10.610+0000] {dagbag.py:536} INFO - Filling up the DagBag from /home/airflow/.local/lib/python3.10/site-packages/airflow/example_dags/example_external_task_marker_dag.py
[2026-06-10T11:25:10.619+0000] {processor.py:839} INFO - DAG(s) dict_keys(['example_external_task_marker_parent', 'example_external_task_marker_child']) retrieved from /home/airflow/.local/lib/python3.10/site-packages/airflow/example_dags/example_external_task_marker_dag.py
[2026-06-10T11:25:10.643+0000] {logging_mixin.py:154} INFO - [2026-06-10T11:25:10.643+0000] {dag.py:2941} INFO - Sync 2 DAGs
[2026-06-10T11:25:10.657+0000] {logging_mixin.py:154} INFO - [2026-06-10T11:25:10.657+0000] {dag.py:3722} INFO - Setting next_dagrun for example_external_task_marker_child to None, run_after=None
[2026-06-10T11:25:10.660+0000] {logging_mixin.py:154} INFO - [2026-06-10T11:25:10.660+0000] {dag.py:3722} INFO - Setting next_dagrun for example_external_task_marker_parent to None, run_after=None
[2026-06-10T11:25:10.677+0000] {processor.py:179} INFO - Processing /home/airflow/.local/lib/python3.10/site-packages/airflow/example_dags/example_external_task_marker_dag.py took 0.075 seconds
[2026-06-10T11:25:41.109+0000] {processor.py:157} INFO - Started process (PID=322) to work on /home/airflow/.local/lib/python3.10/site-packages/airflow/example_dags/example_external_task_marker_dag.py
[2026-06-10T11:25:41.123+0000] {processor.py:829} INFO - Processing file /home/airflow/.local/lib/python3.10/site-packages/airflow/example_dags/example_external_task_marker_dag.py for tasks to queue
[2026-06-10T11:25:41.130+0000] {logging_mixin.py:154} INFO - [2026-06-10T11:25:41.129+0000] {dagbag.py:536} INFO - Filling up the DagBag from /home/airflow/.local/lib/python3.10/site-packages/airflow/example_dags/example_external_task_marker_dag.py
[2026-06-10T11:25:41.156+0000] {processor.py:839} INFO - DAG(s) dict_keys(['example_external_task_marker_parent', 'example_external_task_marker_child']) retrieved from /home/airflow/.local/lib/python3.10/site-packages/airflow/example_dags/example_external_task_marker_dag.py
[2026-06-10T11:25:41.213+0000] {logging_mixin.py:154} INFO - [2026-06-10T11:25:41.213+0000] {dag.py:2941} INFO - Sync 2 DAGs
[2026-06-10T11:25:41.232+0000] {logging_mixin.py:154} INFO - [2026-06-10T11:25:41.232+0000] {dag.py:3722} INFO - Setting next_dagrun for example_external_task_marker_child to None, run_after=None
[2026-06-10T11:25:41.237+0000] {logging_mixin.py:154} INFO - [2026-06-10T11:25:41.237+0000] {dag.py:3722} INFO - Setting next_dagrun for example_external_task_marker_parent to None, run_after=None
[2026-06-10T11:25:41.274+0000] {processor.py:179} INFO - Processing /home/airflow/.local/lib/python3.10/site-packages/airflow/example_dags/example_external_task_marker_dag.py took 0.181 seconds
[2026-06-10T11:26:11.852+0000] {processor.py:157} INFO - Started process (PID=374) to work on /home/airflow/.local/lib/python3.10/site-packages/airflow/example_dags/example_external_task_marker_dag.py
[2026-06-10T11:26:11.853+0000] {processor.py:829} INFO - Processing file /home/airflow/.local/lib/python3.10/site-packages/airflow/example_dags/example_external_task_marker_dag.py for tasks to queue
[2026-06-10T11:26:11.856+0000] {logging_mixin.py:154} INFO - [2026-06-10T11:26:11.855+0000] {dagbag.py:536} INFO - Filling up the DagBag from /home/airflow/.local/lib/python3.10/site-packages/airflow/example_dags/example_external_task_marker_dag.py
[2026-06-10T11:26:11.863+0000] {processor.py:839} INFO - DAG(s) dict_keys(['example_external_task_marker_child', 'example_external_task_marker_parent']) retrieved from /home/airflow/.local/lib/python3.10/site-packages/airflow/example_dags/example_external_task_marker_dag.py
[2026-06-10T11:26:11.893+0000] {logging_mixin.py:154} INFO - [2026-06-10T11:26:11.893+0000] {dag.py:2941} INFO - Sync 2 DAGs
[2026-06-10T11:26:11.910+0000] {logging_mixin.py:154} INFO - [2026-06-10T11:26:11.909+0000] {dag.py:3722} INFO - Setting next_dagrun for example_external_task_marker_child to None, run_after=None
[2026-06-10T11:26:11.914+0000] {logging_mixin.py:154} INFO - [2026-06-10T11:26:11.914+0000] {dag.py:3722} INFO - Setting next_dagrun for example_external_task_marker_parent to None, run_after=None
[2026-06-10T11:26:11.933+0000] {processor.py:179} INFO - Processing /home/airflow/.local/lib/python3.10/site-packages/airflow/example_dags/example_external_task_marker_dag.py took 0.086 seconds
[2026-06-10T11:26:43.185+0000] {processor.py:157} INFO - Started process (PID=425) to work on /home/airflow/.local/lib/python3.10/site-packages/airflow/example_dags/example_external_task_marker_dag.py
[2026-06-10T11:26:43.189+0000] {processor.py:829} INFO - Processing file /home/airflow/.local/lib/python3.10/site-packages/airflow/example_dags/example_external_task_marker_dag.py for tasks to queue
[2026-06-10T11:26:43.194+0000] {logging_mixin.py:154} INFO - [2026-06-10T11:26:43.194+0000] {dagbag.py:536} INFO - Filling up the DagBag from /home/airflow/.local/lib/python3.10/site-packages/airflow/example_dags/example_external_task_marker_dag.py
[2026-06-10T11:26:43.211+0000] {processor.py:839} INFO - DAG(s) dict_keys(['example_external_task_marker_parent', 'example_external_task_marker_child']) retrieved from /home/airflow/.local/lib/python3.10/site-packages/airflow/example_dags/example_external_task_marker_dag.py
[2026-06-10T11:26:43.257+0000] {logging_mixin.py:154} INFO - [2026-06-10T11:26:43.257+0000] {dag.py:2941} INFO - Sync 2 DAGs
[2026-06-10T11:26:43.275+0000] {logging_mixin.py:154} INFO - [2026-06-10T11:26:43.275+0000] {dag.py:3722} INFO - Setting next_dagrun for example_external_task_marker_child to None, run_after=None
[2026-06-10T11:26:43.280+0000] {logging_mixin.py:154} INFO - [2026-06-10T11:26:43.280+0000] {dag.py:3722} INFO - Setting next_dagrun for example_external_task_marker_parent to None, run_after=None
[2026-06-10T11:26:43.300+0000] {processor.py:179} INFO - Processing /home/airflow/.local/lib/python3.10/site-packages/airflow/example_dags/example_external_task_marker_dag.py took 0.120 seconds
[2026-06-10T11:27:13.828+0000] {processor.py:157} INFO - Started process (PID=476) to work on /home/airflow/.local/lib/python3.10/site-packages/airflow/example_dags/example_external_task_marker_dag.py
[2026-06-10T11:27:13.831+0000] {processor.py:829} INFO - Processing file /home/airflow/.local/lib/python3.10/site-packages/airflow/example_dags/example_external_task_marker_dag.py for tasks to queue
[2026-06-10T11:27:13.833+0000] {logging_mixin.py:154} INFO - [2026-06-10T11:27:13.833+0000] {dagbag.py:536} INFO - Filling up the DagBag from /home/airflow/.local/lib/python3.10/site-packages/airflow/example_dags/example_external_task_marker_dag.py
[2026-06-10T11:27:13.843+0000] {processor.py:839} INFO - DAG(s) dict_keys(['example_external_task_marker_parent', 'example_external_task_marker_child']) retrieved from /home/airflow/.local/lib/python3.10/site-packages/airflow/example_dags/example_external_task_marker_dag.py
[2026-06-10T11:27:13.876+0000] {logging_mixin.py:154} INFO - [2026-06-10T11:27:13.876+0000] {dag.py:2941} INFO - Sync 2 DAGs
[2026-06-10T11:27:13.891+0000] {logging_mixin.py:154} INFO - [2026-06-10T11:27:13.890+0000] {dag.py:3722} INFO - Setting next_dagrun for example_external_task_marker_child to None, run_after=None
[2026-06-10T11:27:13.895+0000] {logging_mixin.py:154} INFO - [2026-06-10T11:27:13.894+0000] {dag.py:3722} INFO - Setting next_dagrun for example_external_task_marker_parent to None, run_after=None
[2026-06-10T11:27:13.914+0000] {processor.py:179} INFO - Processing /home/airflow/.local/lib/python3.10/site-packages/airflow/example_dags/example_external_task_marker_dag.py took 0.091 seconds
[2026-06-10T11:27:47.812+0000] {processor.py:157} INFO - Started process (PID=527) to work on /home/airflow/.local/lib/python3.10/site-packages/airflow/example_dags/example_external_task_marker_dag.py
[2026-06-10T11:27:47.817+0000] {processor.py:829} INFO - Processing file /home/airflow/.local/lib/python3.10/site-packages/airflow/example_dags/example_external_task_marker_dag.py for tasks to queue
[2026-06-10T11:27:47.820+0000] {logging_mixin.py:154} INFO - [2026-06-10T11:27:47.819+0000] {dagbag.py:536} INFO - Filling up the DagBag from /home/airflow/.local/lib/python3.10/site-packages/airflow/example_dags/example_external_task_marker_dag.py
[2026-06-10T11:27:47.845+0000] {processor.py:839} INFO - DAG(s) dict_keys(['example_external_task_marker_parent', 'example_external_task_marker_child']) retrieved from /home/airflow/.local/lib/python3.10/site-packages/airflow/example_dags/example_external_task_marker_dag.py
[2026-06-10T11:27:47.888+0000] {logging_mixin.py:154} INFO - [2026-06-10T11:27:47.887+0000] {dag.py:2941} INFO - Sync 2 DAGs
[2026-06-10T11:27:47.907+0000] {logging_mixin.py:154} INFO - [2026-06-10T11:27:47.907+0000] {dag.py:3722} INFO - Setting next_dagrun for example_external_task_marker_child to None, run_after=None
[2026-06-10T11:27:47.912+0000] {logging_mixin.py:154} INFO - [2026-06-10T11:27:47.912+0000] {dag.py:3722} INFO - Setting next_dagrun for example_external_task_marker_parent to None, run_after=None
[2026-06-10T11:27:47.965+0000] {processor.py:179} INFO - Processing /home/airflow/.local/lib/python3.10/site-packages/airflow/example_dags/example_external_task_marker_dag.py took 0.166 seconds
[2026-06-10T11:28:18.886+0000] {processor.py:157} INFO - Started process (PID=578) to work on /home/airflow/.local/lib/python3.10/site-packages/airflow/example_dags/example_external_task_marker_dag.py
[2026-06-10T11:28:18.887+0000] {processor.py:829} INFO - Processing file /home/airflow/.local/lib/python3.10/site-packages/airflow/example_dags/example_external_task_marker_dag.py for tasks to queue
[2026-06-10T11:28:18.890+0000] {logging_mixin.py:154} INFO - [2026-06-10T11:28:18.889+0000] {dagbag.py:536} INFO - Filling up the DagBag from /home/airflow/.local/lib/python3.10/site-packages/airflow/example_dags/example_external_task_marker_dag.py
[2026-06-10T11:28:18.899+0000] {processor.py:839} INFO - DAG(s) dict_keys(['example_external_task_marker_parent', 'example_external_task_marker_child']) retrieved from /home/airflow/.local/lib/python3.10/site-packages/airflow/example_dags/example_external_task_marker_dag.py
[2026-06-10T11:28:18.944+0000] {logging_mixin.py:154} INFO - [2026-06-10T11:28:18.943+0000] {dag.py:2941} INFO - Sync 2 DAGs
[2026-06-10T11:28:18.972+0000] {logging_mixin.py:154} INFO - [2026-06-10T11:28:18.972+0000] {dag.py:3722} INFO - Setting next_dagrun for example_external_task_marker_child to None, run_after=None
[2026-06-10T11:28:18.976+0000] {logging_mixin.py:154} INFO - [2026-06-10T11:28:18.976+0000] {dag.py:3722} INFO - Setting next_dagrun for example_external_task_marker_parent to None, run_after=None
[2026-06-10T11:28:19.018+0000] {processor.py:179} INFO - Processing /home/airflow/.local/lib/python3.10/site-packages/airflow/example_dags/example_external_task_marker_dag.py took 0.150 seconds
[2026-06-10T11:28:49.533+0000] {processor.py:157} INFO - Started process (PID=629) to work on /home/airflow/.local/lib/python3.10/site-packages/airflow/example_dags/example_external_task_marker_dag.py
[2026-06-10T11:28:49.535+0000] {processor.py:829} INFO - Processing file /home/airflow/.local/lib/python3.10/site-packages/airflow/example_dags/example_external_task_marker_dag.py for tasks to queue
[2026-06-10T11:28:49.538+0000] {logging_mixin.py:154} INFO - [2026-06-10T11:28:49.538+0000] {dagbag.py:536} INFO - Filling up the DagBag from /home/airflow/.local/lib/python3.10/site-packages/airflow/example_dags/example_external_task_marker_dag.py
[2026-06-10T11:28:49.546+0000] {processor.py:839} INFO - DAG(s) dict_keys(['example_external_task_marker_child', 'example_external_task_marker_parent']) retrieved from /home/airflow/.local/lib/python3.10/site-packages/airflow/example_dags/example_external_task_marker_dag.py
[2026-06-10T11:28:49.580+0000] {logging_mixin.py:154} INFO - [2026-06-10T11:28:49.579+0000] {dag.py:2941} INFO - Sync 2 DAGs
[2026-06-10T11:28:49.597+0000] {logging_mixin.py:154} INFO - [2026-06-10T11:28:49.597+0000] {dag.py:3722} INFO - Setting next_dagrun for example_external_task_marker_child to None, run_after=None
[2026-06-10T11:28:49.601+0000] {logging_mixin.py:154} INFO - [2026-06-10T11:28:49.601+0000] {dag.py:3722} INFO - Setting next_dagrun for example_external_task_marker_parent to None, run_after=None
[2026-06-10T11:28:49.626+0000] {processor.py:179} INFO - Processing /home/airflow/.local/lib/python3.10/site-packages/airflow/example_dags/example_external_task_marker_dag.py took 0.097 seconds
[2026-06-10T11:29:20.201+0000] {processor.py:157} INFO - Started process (PID=680) to work on /home/airflow/.local/lib/python3.10/site-packages/airflow/example_dags/example_external_task_marker_dag.py
[2026-06-10T11:29:20.203+0000] {processor.py:829} INFO - Processing file /home/airflow/.local/lib/python3.10/site-packages/airflow/example_dags/example_external_task_marker_dag.py for tasks to queue
[2026-06-10T11:29:20.205+0000] {logging_mixin.py:154} INFO - [2026-06-10T11:29:20.205+0000] {dagbag.py:536} INFO - Filling up the DagBag from /home/airflow/.local/lib/python3.10/site-packages/airflow/example_dags/example_external_task_marker_dag.py
[2026-06-10T11:29:20.219+0000] {processor.py:839} INFO - DAG(s) dict_keys(['example_external_task_marker_child', 'example_external_task_marker_parent']) retrieved from /home/airflow/.local/lib/python3.10/site-packages/airflow/example_dags/example_external_task_marker_dag.py
[2026-06-10T11:29:20.263+0000] {logging_mixin.py:154} INFO - [2026-06-10T11:29:20.262+0000] {dag.py:2941} INFO - Sync 2 DAGs
[2026-06-10T11:29:20.281+0000] {logging_mixin.py:154} INFO - [2026-06-10T11:29:20.281+0000] {dag.py:3722} INFO - Setting next_dagrun for example_external_task_marker_child to None, run_after=None
[2026-06-10T11:29:20.286+0000] {logging_mixin.py:154} INFO - [2026-06-10T11:29:20.285+0000] {dag.py:3722} INFO - Setting next_dagrun for example_external_task_marker_parent to None, run_after=None
[2026-06-10T11:29:20.307+0000] {processor.py:179} INFO - Processing /home/airflow/.local/lib/python3.10/site-packages/airflow/example_dags/example_external_task_marker_dag.py took 0.111 seconds
[2026-06-10T11:29:51.167+0000] {processor.py:157} INFO - Started process (PID=731) to work on /home/airflow/.local/lib/python3.10/site-packages/airflow/example_dags/example_external_task_marker_dag.py
[2026-06-10T11:29:51.169+0000] {processor.py:829} INFO - Processing file /home/airflow/.local/lib/python3.10/site-packages/airflow/example_dags/example_external_task_marker_dag.py for tasks to queue
[2026-06-10T11:29:51.171+0000] {logging_mixin.py:154} INFO - [2026-06-10T11:29:51.171+0000] {dagbag.py:536} INFO - Filling up the DagBag from /home/airflow/.local/lib/python3.10/site-packages/airflow/example_dags/example_external_task_marker_dag.py
[2026-06-10T11:29:51.181+0000] {processor.py:839} INFO - DAG(s) dict_keys(['example_external_task_marker_parent', 'example_external_task_marker_child']) retrieved from /home/airflow/.local/lib/python3.10/site-packages/airflow/example_dags/example_external_task_marker_dag.py
[2026-06-10T11:29:51.214+0000] {logging_mixin.py:154} INFO - [2026-06-10T11:29:51.214+0000] {dag.py:2941} INFO - Sync 2 DAGs
[2026-06-10T11:29:51.234+0000] {logging_mixin.py:154} INFO - [2026-06-10T11:29:51.233+0000] {dag.py:3722} INFO - Setting next_dagrun for example_external_task_marker_child to None, run_after=None
[2026-06-10T11:29:51.246+0000] {logging_mixin.py:154} INFO - [2026-06-10T11:29:51.246+0000] {dag.py:3722} INFO - Setting next_dagrun for example_external_task_marker_parent to None, run_after=None
[2026-06-10T11:29:51.282+0000] {processor.py:179} INFO - Processing /home/airflow/.local/lib/python3.10/site-packages/airflow/example_dags/example_external_task_marker_dag.py took 0.120 seconds
[2026-06-10T11:30:22.125+0000] {processor.py:157} INFO - Started process (PID=782) to work on /home/airflow/.local/lib/python3.10/site-packages/airflow/example_dags/example_external_task_marker_dag.py
[2026-06-10T11:30:22.126+0000] {processor.py:829} INFO - Processing file /home/airflow/.local/lib/python3.10/site-packages/airflow/example_dags/example_external_task_marker_dag.py for tasks to queue
[2026-06-10T11:30:22.129+0000] {logging_mixin.py:154} INFO - [2026-06-10T11:30:22.129+0000] {dagbag.py:536} INFO - Filling up the DagBag from /home/airflow/.local/lib/python3.10/site-packages/airflow/example_dags/example_external_task_marker_dag.py
[2026-06-10T11:30:22.157+0000] {processor.py:839} INFO - DAG(s) dict_keys(['example_external_task_marker_parent', 'example_external_task_marker_child']) retrieved from /home/airflow/.local/lib/python3.10/site-packages/airflow/example_dags/example_external_task_marker_dag.py
[2026-06-10T11:30:22.225+0000] {logging_mixin.py:154} INFO - [2026-06-10T11:30:22.225+0000] {dag.py:2941} INFO - Sync 2 DAGs
[2026-06-10T11:30:22.243+0000] {logging_mixin.py:154} INFO - [2026-06-10T11:30:22.243+0000] {dag.py:3722} INFO - Setting next_dagrun for example_external_task_marker_child to None, run_after=None
[2026-06-10T11:30:22.248+0000] {logging_mixin.py:154} INFO - [2026-06-10T11:30:22.247+0000] {dag.py:3722} INFO - Setting next_dagrun for example_external_task_marker_parent to None, run_after=None
[2026-06-10T11:30:22.268+0000] {processor.py:179} INFO - Processing /home/airflow/.local/lib/python3.10/site-packages/airflow/example_dags/example_external_task_marker_dag.py took 0.166 seconds
[2026-06-10T11:30:53.353+0000] {processor.py:157} INFO - Started process (PID=833) to work on /home/airflow/.local/lib/python3.10/site-packages/airflow/example_dags/example_external_task_marker_dag.py
[2026-06-10T11:30:53.436+0000] {processor.py:829} INFO - Processing file /home/airflow/.local/lib/python3.10/site-packages/airflow/example_dags/example_external_task_marker_dag.py for tasks to queue
[2026-06-10T11:30:53.442+0000] {logging_mixin.py:154} INFO - [2026-06-10T11:30:53.442+0000] {dagbag.py:536} INFO - Filling up the DagBag from /home/airflow/.local/lib/python3.10/site-packages/airflow/example_dags/example_external_task_marker_dag.py
[2026-06-10T11:30:53.490+0000] {processor.py:839} INFO - DAG(s) dict_keys(['example_external_task_marker_parent', 'example_external_task_marker_child']) retrieved from /home/airflow/.local/lib/python3.10/site-packages/airflow/example_dags/example_external_task_marker_dag.py
[2026-06-10T11:30:53.626+0000] {logging_mixin.py:154} INFO - [2026-06-10T11:30:53.626+0000] {dag.py:2941} INFO - Sync 2 DAGs
[2026-06-10T11:30:53.722+0000] {logging_mixin.py:154} INFO - [2026-06-10T11:30:53.721+0000] {dag.py:3722} INFO - Setting next_dagrun for example_external_task_marker_child to None, run_after=None
[2026-06-10T11:30:53.735+0000] {logging_mixin.py:154} INFO - [2026-06-10T11:30:53.735+0000] {dag.py:3722} INFO - Setting next_dagrun for example_external_task_marker_parent to None, run_after=None
[2026-06-10T11:30:53.827+0000] {processor.py:179} INFO - Processing /home/airflow/.local/lib/python3.10/site-packages/airflow/example_dags/example_external_task_marker_dag.py took 0.504 seconds
[2026-06-10T11:31:24.421+0000] {processor.py:157} INFO - Started process (PID=884) to work on /home/airflow/.local/lib/python3.10/site-packages/airflow/example_dags/example_external_task_marker_dag.py
[2026-06-10T11:31:24.434+0000] {processor.py:829} INFO - Processing file /home/airflow/.local/lib/python3.10/site-packages/airflow/example_dags/example_external_task_marker_dag.py for tasks to queue
[2026-06-10T11:31:24.437+0000] {logging_mixin.py:154} INFO - [2026-06-10T11:31:24.437+0000] {dagbag.py:536} INFO - Filling up the DagBag from /home/airflow/.local/lib/python3.10/site-packages/airflow/example_dags/example_external_task_marker_dag.py
[2026-06-10T11:31:24.463+0000] {processor.py:839} INFO - DAG(s) dict_keys(['example_external_task_marker_parent', 'example_external_task_marker_child']) retrieved from /home/airflow/.local/lib/python3.10/site-packages/airflow/example_dags/example_external_task_marker_dag.py
[2026-06-10T11:31:24.521+0000] {logging_mixin.py:154} INFO - [2026-06-10T11:31:24.521+0000] {dag.py:2941} INFO - Sync 2 DAGs
[2026-06-10T11:31:24.560+0000] {logging_mixin.py:154} INFO - [2026-06-10T11:31:24.560+0000] {dag.py:3722} INFO - Setting next_dagrun for example_external_task_marker_child to None, run_after=None
[2026-06-10T11:31:24.570+0000] {logging_mixin.py:154} INFO - [2026-06-10T11:31:24.570+0000] {dag.py:3722} INFO - Setting next_dagrun for example_external_task_marker_parent to None, run_after=None
[2026-06-10T11:31:24.629+0000] {processor.py:179} INFO - Processing /home/airflow/.local/lib/python3.10/site-packages/airflow/example_dags/example_external_task_marker_dag.py took 0.215 seconds
[2026-06-10T11:31:58.479+0000] {processor.py:157} INFO - Started process (PID=935) to work on /home/airflow/.local/lib/python3.10/site-packages/airflow/example_dags/example_external_task_marker_dag.py
[2026-06-10T11:31:58.482+0000] {processor.py:829} INFO - Processing file /home/airflow/.local/lib/python3.10/site-packages/airflow/example_dags/example_external_task_marker_dag.py for tasks to queue
[2026-06-10T11:31:58.485+0000] {logging_mixin.py:154} INFO - [2026-06-10T11:31:58.484+0000] {dagbag.py:536} INFO - Filling up the DagBag from /home/airflow/.local/lib/python3.10/site-packages/airflow/example_dags/example_external_task_marker_dag.py
[2026-06-10T11:31:58.496+0000] {processor.py:839} INFO - DAG(s) dict_keys(['example_external_task_marker_parent', 'example_external_task_marker_child']) retrieved from /home/airflow/.local/lib/python3.10/site-packages/airflow/example_dags/example_external_task_marker_dag.py
[2026-06-10T11:31:58.543+0000] {logging_mixin.py:154} INFO - [2026-06-10T11:31:58.543+0000] {dag.py:2941} INFO - Sync 2 DAGs
[2026-06-10T11:31:58.591+0000] {logging_mixin.py:154} INFO - [2026-06-10T11:31:58.591+0000] {dag.py:3722} INFO - Setting next_dagrun for example_external_task_marker_child to None, run_after=None
[2026-06-10T11:31:58.599+0000] {logging_mixin.py:154} INFO - [2026-06-10T11:31:58.599+0000] {dag.py:3722} INFO - Setting next_dagrun for example_external_task_marker_parent to None, run_after=None
[2026-06-10T11:31:58.640+0000] {processor.py:179} INFO - Processing /home/airflow/.local/lib/python3.10/site-packages/airflow/example_dags/example_external_task_marker_dag.py took 0.166 seconds
[2026-06-10T11:32:30.052+0000] {processor.py:157} INFO - Started process (PID=986) to work on /home/airflow/.local/lib/python3.10/site-packages/airflow/example_dags/example_external_task_marker_dag.py
[2026-06-10T11:32:30.054+0000] {processor.py:829} INFO - Processing file /home/airflow/.local/lib/python3.10/site-packages/airflow/example_dags/example_external_task_marker_dag.py for tasks to queue
[2026-06-10T11:32:30.062+0000] {logging_mixin.py:154} INFO - [2026-06-10T11:32:30.062+0000] {dagbag.py:536} INFO - Filling up the DagBag from /home/airflow/.local/lib/python3.10/site-packages/airflow/example_dags/example_external_task_marker_dag.py
[2026-06-10T11:32:30.088+0000] {processor.py:839} INFO - DAG(s) dict_keys(['example_external_task_marker_parent', 'example_external_task_marker_child']) retrieved from /home/airflow/.local/lib/python3.10/site-packages/airflow/example_dags/example_external_task_marker_dag.py
[2026-06-10T11:32:30.198+0000] {logging_mixin.py:154} INFO - [2026-06-10T11:32:30.198+0000] {dag.py:2941} INFO - Sync 2 DAGs
[2026-06-10T11:32:30.970+0000] {logging_mixin.py:154} INFO - [2026-06-10T11:32:30.970+0000] {dag.py:3722} INFO - Setting next_dagrun for example_external_task_marker_child to None, run_after=None
[2026-06-10T11:32:30.994+0000] {logging_mixin.py:154} INFO - [2026-06-10T11:32:30.994+0000] {dag.py:3722} INFO - Setting next_dagrun for example_external_task_marker_parent to None, run_after=None
[2026-06-10T11:32:31.062+0000] {processor.py:179} INFO - Processing /home/airflow/.local/lib/python3.10/site-packages/airflow/example_dags/example_external_task_marker_dag.py took 1.026 seconds
[2026-06-10T11:33:01.423+0000] {processor.py:157} INFO - Started process (PID=1037) to work on /home/airflow/.local/lib/python3.10/site-packages/airflow/example_dags/example_external_task_marker_dag.py
[2026-06-10T11:33:01.424+0000] {processor.py:829} INFO - Processing file /home/airflow/.local/lib/python3.10/site-packages/airflow/example_dags/example_external_task_marker_dag.py for tasks to queue
[2026-06-10T11:33:01.427+0000] {logging_mixin.py:154} INFO - [2026-06-10T11:33:01.427+0000] {dagbag.py:536} INFO - Filling up the DagBag from /home/airflow/.local/lib/python3.10/site-packages/airflow/example_dags/example_external_task_marker_dag.py
[2026-06-10T11:33:01.440+0000] {processor.py:839} INFO - DAG(s) dict_keys(['example_external_task_marker_parent', 'example_external_task_marker_child']) retrieved from /home/airflow/.local/lib/python3.10/site-packages/airflow/example_dags/example_external_task_marker_dag.py
[2026-06-10T11:33:01.474+0000] {logging_mixin.py:154} INFO - [2026-06-10T11:33:01.473+0000] {dag.py:2941} INFO - Sync 2 DAGs
[2026-06-10T11:33:01.493+0000] {logging_mixin.py:154} INFO - [2026-06-10T11:33:01.492+0000] {dag.py:3722} INFO - Setting next_dagrun for example_external_task_marker_child to None, run_after=None
[2026-06-10T11:33:01.497+0000] {logging_mixin.py:154} INFO - [2026-06-10T11:33:01.497+0000] {dag.py:3722} INFO - Setting next_dagrun for example_external_task_marker_parent to None, run_after=None
[2026-06-10T11:33:01.521+0000] {processor.py:179} INFO - Processing /home/airflow/.local/lib/python3.10/site-packages/airflow/example_dags/example_external_task_marker_dag.py took 0.103 seconds
[2026-06-10T11:33:32.127+0000] {processor.py:157} INFO - Started process (PID=1088) to work on /home/airflow/.local/lib/python3.10/site-packages/airflow/example_dags/example_external_task_marker_dag.py
[2026-06-10T11:33:32.129+0000] {processor.py:829} INFO - Processing file /home/airflow/.local/lib/python3.10/site-packages/airflow/example_dags/example_external_task_marker_dag.py for tasks to queue
[2026-06-10T11:33:32.131+0000] {logging_mixin.py:154} INFO - [2026-06-10T11:33:32.131+0000] {dagbag.py:536} INFO - Filling up the DagBag from /home/airflow/.local/lib/python3.10/site-packages/airflow/example_dags/example_external_task_marker_dag.py
[2026-06-10T11:33:32.150+0000] {processor.py:839} INFO - DAG(s) dict_keys(['example_external_task_marker_parent', 'example_external_task_marker_child']) retrieved from /home/airflow/.local/lib/python3.10/site-packages/airflow/example_dags/example_external_task_marker_dag.py
[2026-06-10T11:33:32.234+0000] {logging_mixin.py:154} INFO - [2026-06-10T11:33:32.234+0000] {dag.py:2941} INFO - Sync 2 DAGs
[2026-06-10T11:33:32.264+0000] {logging_mixin.py:154} INFO - [2026-06-10T11:33:32.264+0000] {dag.py:3722} INFO - Setting next_dagrun for example_external_task_marker_child to None, run_after=None
[2026-06-10T11:33:32.277+0000] {logging_mixin.py:154} INFO - [2026-06-10T11:33:32.276+0000] {dag.py:3722} INFO - Setting next_dagrun for example_external_task_marker_parent to None, run_after=None
[2026-06-10T11:33:32.315+0000] {processor.py:179} INFO - Processing /home/airflow/.local/lib/python3.10/site-packages/airflow/example_dags/example_external_task_marker_dag.py took 0.201 seconds
[2026-06-10T11:34:02.668+0000] {processor.py:157} INFO - Started process (PID=1139) to work on /home/airflow/.local/lib/python3.10/site-packages/airflow/example_dags/example_external_task_marker_dag.py
[2026-06-10T11:34:02.670+0000] {processor.py:829} INFO - Processing file /home/airflow/.local/lib/python3.10/site-packages/airflow/example_dags/example_external_task_marker_dag.py for tasks to queue
[2026-06-10T11:34:02.672+0000] {logging_mixin.py:154} INFO - [2026-06-10T11:34:02.672+0000] {dagbag.py:536} INFO - Filling up the DagBag from /home/airflow/.local/lib/python3.10/site-packages/airflow/example_dags/example_external_task_marker_dag.py
[2026-06-10T11:34:02.681+0000] {processor.py:839} INFO - DAG(s) dict_keys(['example_external_task_marker_child', 'example_external_task_marker_parent']) retrieved from /home/airflow/.local/lib/python3.10/site-packages/airflow/example_dags/example_external_task_marker_dag.py
[2026-06-10T11:34:02.715+0000] {logging_mixin.py:154} INFO - [2026-06-10T11:34:02.714+0000] {dag.py:2941} INFO - Sync 2 DAGs
[2026-06-10T11:34:02.735+0000] {logging_mixin.py:154} INFO - [2026-06-10T11:34:02.735+0000] {dag.py:3722} INFO - Setting next_dagrun for example_external_task_marker_child to None, run_after=None
[2026-06-10T11:34:02.747+0000] {logging_mixin.py:154} INFO - [2026-06-10T11:34:02.747+0000] {dag.py:3722} INFO - Setting next_dagrun for example_external_task_marker_parent to None, run_after=None
[2026-06-10T11:34:02.790+0000] {processor.py:179} INFO - Processing /home/airflow/.local/lib/python3.10/site-packages/airflow/example_dags/example_external_task_marker_dag.py took 0.126 seconds
[2026-06-10T11:34:32.860+0000] {processor.py:157} INFO - Started process (PID=1190) to work on /home/airflow/.local/lib/python3.10/site-packages/airflow/example_dags/example_external_task_marker_dag.py
[2026-06-10T11:34:32.861+0000] {processor.py:829} INFO - Processing file /home/airflow/.local/lib/python3.10/site-packages/airflow/example_dags/example_external_task_marker_dag.py for tasks to queue
[2026-06-10T11:34:32.864+0000] {logging_mixin.py:154} INFO - [2026-06-10T11:34:32.864+0000] {dagbag.py:536} INFO - Filling up the DagBag from /home/airflow/.local/lib/python3.10/site-packages/airflow/example_dags/example_external_task_marker_dag.py
[2026-06-10T11:34:32.873+0000] {processor.py:839} INFO - DAG(s) dict_keys(['example_external_task_marker_child', 'example_external_task_marker_parent']) retrieved from /home/airflow/.local/lib/python3.10/site-packages/airflow/example_dags/example_external_task_marker_dag.py
[2026-06-10T11:34:32.900+0000] {logging_mixin.py:154} INFO - [2026-06-10T11:34:32.900+0000] {dag.py:2941} INFO - Sync 2 DAGs
[2026-06-10T11:34:32.915+0000] {logging_mixin.py:154} INFO - [2026-06-10T11:34:32.915+0000] {dag.py:3722} INFO - Setting next_dagrun for example_external_task_marker_child to None, run_after=None
[2026-06-10T11:34:32.918+0000] {logging_mixin.py:154} INFO - [2026-06-10T11:34:32.918+0000] {dag.py:3722} INFO - Setting next_dagrun for example_external_task_marker_parent to None, run_after=None
[2026-06-10T11:34:32.936+0000] {processor.py:179} INFO - Processing /home/airflow/.local/lib/python3.10/site-packages/airflow/example_dags/example_external_task_marker_dag.py took 0.080 seconds
[2026-06-10T11:35:03.448+0000] {processor.py:157} INFO - Started process (PID=1241) to work on /home/airflow/.local/lib/python3.10/site-packages/airflow/example_dags/example_external_task_marker_dag.py
[2026-06-10T11:35:03.452+0000] {processor.py:829} INFO - Processing file /home/airflow/.local/lib/python3.10/site-packages/airflow/example_dags/example_external_task_marker_dag.py for tasks to queue
[2026-06-10T11:35:03.457+0000] {logging_mixin.py:154} INFO - [2026-06-10T11:35:03.457+0000] {dagbag.py:536} INFO - Filling up the DagBag from /home/airflow/.local/lib/python3.10/site-packages/airflow/example_dags/example_external_task_marker_dag.py
[2026-06-10T11:35:03.471+0000] {processor.py:839} INFO - DAG(s) dict_keys(['example_external_task_marker_parent', 'example_external_task_marker_child']) retrieved from /home/airflow/.local/lib/python3.10/site-packages/airflow/example_dags/example_external_task_marker_dag.py
[2026-06-10T11:35:03.546+0000] {logging_mixin.py:154} INFO - [2026-06-10T11:35:03.546+0000] {dag.py:2941} INFO - Sync 2 DAGs
[2026-06-10T11:35:03.577+0000] {logging_mixin.py:154} INFO - [2026-06-10T11:35:03.576+0000] {dag.py:3722} INFO - Setting next_dagrun for example_external_task_marker_child to None, run_after=None
[2026-06-10T11:35:03.601+0000] {logging_mixin.py:154} INFO - [2026-06-10T11:35:03.600+0000] {dag.py:3722} INFO - Setting next_dagrun for example_external_task_marker_parent to None, run_after=None
[2026-06-10T11:35:03.653+0000] {processor.py:179} INFO - Processing /home/airflow/.local/lib/python3.10/site-packages/airflow/example_dags/example_external_task_marker_dag.py took 0.215 seconds
[2026-06-10T11:35:34.254+0000] {processor.py:157} INFO - Started process (PID=1292) to work on /home/airflow/.local/lib/python3.10/site-packages/airflow/example_dags/example_external_task_marker_dag.py
[2026-06-10T11:35:34.255+0000] {processor.py:829} INFO - Processing file /home/airflow/.local/lib/python3.10/site-packages/airflow/example_dags/example_external_task_marker_dag.py for tasks to queue
[2026-06-10T11:35:34.258+0000] {logging_mixin.py:154} INFO - [2026-06-10T11:35:34.258+0000] {dagbag.py:536} INFO - Filling up the DagBag from /home/airflow/.local/lib/python3.10/site-packages/airflow/example_dags/example_external_task_marker_dag.py
[2026-06-10T11:35:34.269+0000] {processor.py:839} INFO - DAG(s) dict_keys(['example_external_task_marker_child', 'example_external_task_marker_parent']) retrieved from /home/airflow/.local/lib/python3.10/site-packages/airflow/example_dags/example_external_task_marker_dag.py
[2026-06-10T11:35:34.301+0000] {logging_mixin.py:154} INFO - [2026-06-10T11:35:34.300+0000] {dag.py:2941} INFO - Sync 2 DAGs
[2026-06-10T11:35:34.319+0000] {logging_mixin.py:154} INFO - [2026-06-10T11:35:34.318+0000] {dag.py:3722} INFO - Setting next_dagrun for example_external_task_marker_child to None, run_after=None
[2026-06-10T11:35:34.323+0000] {logging_mixin.py:154} INFO - [2026-06-10T11:35:34.323+0000] {dag.py:3722} INFO - Setting next_dagrun for example_external_task_marker_parent to None, run_after=None
[2026-06-10T11:35:34.347+0000] {processor.py:179} INFO - Processing /home/airflow/.local/lib/python3.10/site-packages/airflow/example_dags/example_external_task_marker_dag.py took 0.098 seconds
[2026-06-10T11:36:04.870+0000] {processor.py:157} INFO - Started process (PID=1343) to work on /home/airflow/.local/lib/python3.10/site-packages/airflow/example_dags/example_external_task_marker_dag.py
[2026-06-10T11:36:04.871+0000] {processor.py:829} INFO - Processing file /home/airflow/.local/lib/python3.10/site-packages/airflow/example_dags/example_external_task_marker_dag.py for tasks to queue
[2026-06-10T11:36:04.874+0000] {logging_mixin.py:154} INFO - [2026-06-10T11:36:04.874+0000] {dagbag.py:536} INFO - Filling up the DagBag from /home/airflow/.local/lib/python3.10/site-packages/airflow/example_dags/example_external_task_marker_dag.py
[2026-06-10T11:36:04.883+0000] {processor.py:839} INFO - DAG(s) dict_keys(['example_external_task_marker_parent', 'example_external_task_marker_child']) retrieved from /home/airflow/.local/lib/python3.10/site-packages/airflow/example_dags/example_external_task_marker_dag.py
[2026-06-10T11:36:04.916+0000] {logging_mixin.py:154} INFO - [2026-06-10T11:36:04.916+0000] {dag.py:2941} INFO - Sync 2 DAGs
[2026-06-10T11:36:04.935+0000] {logging_mixin.py:154} INFO - [2026-06-10T11:36:04.935+0000] {dag.py:3722} INFO - Setting next_dagrun for example_external_task_marker_child to None, run_after=None
[2026-06-10T11:36:04.940+0000] {logging_mixin.py:154} INFO - [2026-06-10T11:36:04.939+0000] {dag.py:3722} INFO - Setting next_dagrun for example_external_task_marker_parent to None, run_after=None
[2026-06-10T11:36:04.960+0000] {processor.py:179} INFO - Processing /home/airflow/.local/lib/python3.10/site-packages/airflow/example_dags/example_external_task_marker_dag.py took 0.095 seconds
[2026-06-10T11:36:35.815+0000] {processor.py:157} INFO - Started process (PID=1394) to work on /home/airflow/.local/lib/python3.10/site-packages/airflow/example_dags/example_external_task_marker_dag.py
[2026-06-10T11:36:35.817+0000] {processor.py:829} INFO - Processing file /home/airflow/.local/lib/python3.10/site-packages/airflow/example_dags/example_external_task_marker_dag.py for tasks to queue
[2026-06-10T11:36:35.830+0000] {logging_mixin.py:154} INFO - [2026-06-10T11:36:35.830+0000] {dagbag.py:536} INFO - Filling up the DagBag from /home/airflow/.local/lib/python3.10/site-packages/airflow/example_dags/example_external_task_marker_dag.py
[2026-06-10T11:36:35.859+0000] {processor.py:839} INFO - DAG(s) dict_keys(['example_external_task_marker_child', 'example_external_task_marker_parent']) retrieved from /home/airflow/.local/lib/python3.10/site-packages/airflow/example_dags/example_external_task_marker_dag.py
[2026-06-10T11:36:35.918+0000] {logging_mixin.py:154} INFO - [2026-06-10T11:36:35.910+0000] {dag.py:2941} INFO - Sync 2 DAGs
[2026-06-10T11:36:35.938+0000] {logging_mixin.py:154} INFO - [2026-06-10T11:36:35.938+0000] {dag.py:3722} INFO - Setting next_dagrun for example_external_task_marker_child to None, run_after=None
[2026-06-10T11:36:35.943+0000] {logging_mixin.py:154} INFO - [2026-06-10T11:36:35.942+0000] {dag.py:3722} INFO - Setting next_dagrun for example_external_task_marker_parent to None, run_after=None
[2026-06-10T11:36:35.970+0000] {processor.py:179} INFO - Processing /home/airflow/.local/lib/python3.10/site-packages/airflow/example_dags/example_external_task_marker_dag.py took 0.172 seconds
[2026-06-10T11:37:06.589+0000] {processor.py:157} INFO - Started process (PID=1445) to work on /home/airflow/.local/lib/python3.10/site-packages/airflow/example_dags/example_external_task_marker_dag.py
[2026-06-10T11:37:06.606+0000] {processor.py:829} INFO - Processing file /home/airflow/.local/lib/python3.10/site-packages/airflow/example_dags/example_external_task_marker_dag.py for tasks to queue
[2026-06-10T11:37:06.609+0000] {logging_mixin.py:154} INFO - [2026-06-10T11:37:06.609+0000] {dagbag.py:536} INFO - Filling up the DagBag from /home/airflow/.local/lib/python3.10/site-packages/airflow/example_dags/example_external_task_marker_dag.py
[2026-06-10T11:37:06.631+0000] {processor.py:839} INFO - DAG(s) dict_keys(['example_external_task_marker_parent', 'example_external_task_marker_child']) retrieved from /home/airflow/.local/lib/python3.10/site-packages/airflow/example_dags/example_external_task_marker_dag.py
[2026-06-10T11:37:06.681+0000] {logging_mixin.py:154} INFO - [2026-06-10T11:37:06.681+0000] {dag.py:2941} INFO - Sync 2 DAGs
[2026-06-10T11:37:06.700+0000] {logging_mixin.py:154} INFO - [2026-06-10T11:37:06.699+0000] {dag.py:3722} INFO - Setting next_dagrun for example_external_task_marker_child to None, run_after=None
[2026-06-10T11:37:06.705+0000] {logging_mixin.py:154} INFO - [2026-06-10T11:37:06.704+0000] {dag.py:3722} INFO - Setting next_dagrun for example_external_task_marker_parent to None, run_after=None
[2026-06-10T11:37:06.739+0000] {processor.py:179} INFO - Processing /home/airflow/.local/lib/python3.10/site-packages/airflow/example_dags/example_external_task_marker_dag.py took 0.155 seconds
[2026-06-10T11:37:36.910+0000] {processor.py:157} INFO - Started process (PID=1496) to work on /home/airflow/.local/lib/python3.10/site-packages/airflow/example_dags/example_external_task_marker_dag.py
[2026-06-10T11:37:36.912+0000] {processor.py:829} INFO - Processing file /home/airflow/.local/lib/python3.10/site-packages/airflow/example_dags/example_external_task_marker_dag.py for tasks to queue
[2026-06-10T11:37:36.914+0000] {logging_mixin.py:154} INFO - [2026-06-10T11:37:36.914+0000] {dagbag.py:536} INFO - Filling up the DagBag from /home/airflow/.local/lib/python3.10/site-packages/airflow/example_dags/example_external_task_marker_dag.py
[2026-06-10T11:37:36.924+0000] {processor.py:839} INFO - DAG(s) dict_keys(['example_external_task_marker_parent', 'example_external_task_marker_child']) retrieved from /home/airflow/.local/lib/python3.10/site-packages/airflow/example_dags/example_external_task_marker_dag.py
[2026-06-10T11:37:36.957+0000] {logging_mixin.py:154} INFO - [2026-06-10T11:37:36.957+0000] {dag.py:2941} INFO - Sync 2 DAGs
[2026-06-10T11:37:36.975+0000] {logging_mixin.py:154} INFO - [2026-06-10T11:37:36.975+0000] {dag.py:3722} INFO - Setting next_dagrun for example_external_task_marker_child to None, run_after=None
[2026-06-10T11:37:36.979+0000] {logging_mixin.py:154} INFO - [2026-06-10T11:37:36.979+0000] {dag.py:3722} INFO - Setting next_dagrun for example_external_task_marker_parent to None, run_after=None
[2026-06-10T11:37:37.008+0000] {processor.py:179} INFO - Processing /home/airflow/.local/lib/python3.10/site-packages/airflow/example_dags/example_external_task_marker_dag.py took 0.103 seconds
[2026-06-10T11:38:07.900+0000] {processor.py:157} INFO - Started process (PID=1547) to work on /home/airflow/.local/lib/python3.10/site-packages/airflow/example_dags/example_external_task_marker_dag.py
[2026-06-10T11:38:07.910+0000] {processor.py:829} INFO - Processing file /home/airflow/.local/lib/python3.10/site-packages/airflow/example_dags/example_external_task_marker_dag.py for tasks to queue
[2026-06-10T11:38:07.914+0000] {logging_mixin.py:154} INFO - [2026-06-10T11:38:07.914+0000] {dagbag.py:536} INFO - Filling up the DagBag from /home/airflow/.local/lib/python3.10/site-packages/airflow/example_dags/example_external_task_marker_dag.py
[2026-06-10T11:38:07.938+0000] {processor.py:839} INFO - DAG(s) dict_keys(['example_external_task_marker_parent', 'example_external_task_marker_child']) retrieved from /home/airflow/.local/lib/python3.10/site-packages/airflow/example_dags/example_external_task_marker_dag.py
[2026-06-10T11:38:08.006+0000] {logging_mixin.py:154} INFO - [2026-06-10T11:38:08.006+0000] {dag.py:2941} INFO - Sync 2 DAGs
[2026-06-10T11:38:08.040+0000] {logging_mixin.py:154} INFO - [2026-06-10T11:38:08.040+0000] {dag.py:3722} INFO - Setting next_dagrun for example_external_task_marker_child to None, run_after=None
[2026-06-10T11:38:08.050+0000] {logging_mixin.py:154} INFO - [2026-06-10T11:38:08.050+0000] {dag.py:3722} INFO - Setting next_dagrun for example_external_task_marker_parent to None, run_after=None
[2026-06-10T11:38:08.092+0000] {processor.py:179} INFO - Processing /home/airflow/.local/lib/python3.10/site-packages/airflow/example_dags/example_external_task_marker_dag.py took 0.204 seconds
[2026-06-10T11:38:39.080+0000] {processor.py:157} INFO - Started process (PID=1598) to work on /home/airflow/.local/lib/python3.10/site-packages/airflow/example_dags/example_external_task_marker_dag.py
[2026-06-10T11:38:39.081+0000] {processor.py:829} INFO - Processing file /home/airflow/.local/lib/python3.10/site-packages/airflow/example_dags/example_external_task_marker_dag.py for tasks to queue
[2026-06-10T11:38:39.084+0000] {logging_mixin.py:154} INFO - [2026-06-10T11:38:39.084+0000] {dagbag.py:536} INFO - Filling up the DagBag from /home/airflow/.local/lib/python3.10/site-packages/airflow/example_dags/example_external_task_marker_dag.py
[2026-06-10T11:38:39.093+0000] {processor.py:839} INFO - DAG(s) dict_keys(['example_external_task_marker_child', 'example_external_task_marker_parent']) retrieved from /home/airflow/.local/lib/python3.10/site-packages/airflow/example_dags/example_external_task_marker_dag.py
[2026-06-10T11:38:39.126+0000] {logging_mixin.py:154} INFO - [2026-06-10T11:38:39.125+0000] {dag.py:2941} INFO - Sync 2 DAGs
[2026-06-10T11:38:39.143+0000] {logging_mixin.py:154} INFO - [2026-06-10T11:38:39.142+0000] {dag.py:3722} INFO - Setting next_dagrun for example_external_task_marker_child to None, run_after=None
[2026-06-10T11:38:39.147+0000] {logging_mixin.py:154} INFO - [2026-06-10T11:38:39.147+0000] {dag.py:3722} INFO - Setting next_dagrun for example_external_task_marker_parent to None, run_after=None
[2026-06-10T11:38:39.167+0000] {processor.py:179} INFO - Processing /home/airflow/.local/lib/python3.10/site-packages/airflow/example_dags/example_external_task_marker_dag.py took 0.092 seconds
[2026-06-10T11:39:11.588+0000] {processor.py:157} INFO - Started process (PID=1649) to work on /home/airflow/.local/lib/python3.10/site-packages/airflow/example_dags/example_external_task_marker_dag.py
[2026-06-10T11:39:11.598+0000] {processor.py:829} INFO - Processing file /home/airflow/.local/lib/python3.10/site-packages/airflow/example_dags/example_external_task_marker_dag.py for tasks to queue
[2026-06-10T11:39:11.600+0000] {logging_mixin.py:154} INFO - [2026-06-10T11:39:11.600+0000] {dagbag.py:536} INFO - Filling up the DagBag from /home/airflow/.local/lib/python3.10/site-packages/airflow/example_dags/example_external_task_marker_dag.py
[2026-06-10T11:39:11.623+0000] {processor.py:839} INFO - DAG(s) dict_keys(['example_external_task_marker_parent', 'example_external_task_marker_child']) retrieved from /home/airflow/.local/lib/python3.10/site-packages/airflow/example_dags/example_external_task_marker_dag.py
[2026-06-10T11:39:11.702+0000] {logging_mixin.py:154} INFO - [2026-06-10T11:39:11.702+0000] {dag.py:2941} INFO - Sync 2 DAGs
[2026-06-10T11:39:11.733+0000] {logging_mixin.py:154} INFO - [2026-06-10T11:39:11.733+0000] {dag.py:3722} INFO - Setting next_dagrun for example_external_task_marker_child to None, run_after=None
[2026-06-10T11:39:11.746+0000] {logging_mixin.py:154} INFO - [2026-06-10T11:39:11.746+0000] {dag.py:3722} INFO - Setting next_dagrun for example_external_task_marker_parent to None, run_after=None
[2026-06-10T11:39:11.818+0000] {processor.py:179} INFO - Processing /home/airflow/.local/lib/python3.10/site-packages/airflow/example_dags/example_external_task_marker_dag.py took 0.247 seconds
[2026-06-10T11:39:42.277+0000] {processor.py:157} INFO - Started process (PID=1700) to work on /home/airflow/.local/lib/python3.10/site-packages/airflow/example_dags/example_external_task_marker_dag.py
[2026-06-10T11:39:42.278+0000] {processor.py:829} INFO - Processing file /home/airflow/.local/lib/python3.10/site-packages/airflow/example_dags/example_external_task_marker_dag.py for tasks to queue
[2026-06-10T11:39:42.281+0000] {logging_mixin.py:154} INFO - [2026-06-10T11:39:42.281+0000] {dagbag.py:536} INFO - Filling up the DagBag from /home/airflow/.local/lib/python3.10/site-packages/airflow/example_dags/example_external_task_marker_dag.py
[2026-06-10T11:39:42.291+0000] {processor.py:839} INFO - DAG(s) dict_keys(['example_external_task_marker_child', 'example_external_task_marker_parent']) retrieved from /home/airflow/.local/lib/python3.10/site-packages/airflow/example_dags/example_external_task_marker_dag.py
[2026-06-10T11:39:42.325+0000] {logging_mixin.py:154} INFO - [2026-06-10T11:39:42.324+0000] {dag.py:2941} INFO - Sync 2 DAGs
[2026-06-10T11:39:42.344+0000] {logging_mixin.py:154} INFO - [2026-06-10T11:39:42.344+0000] {dag.py:3722} INFO - Setting next_dagrun for example_external_task_marker_child to None, run_after=None
[2026-06-10T11:39:42.349+0000] {logging_mixin.py:154} INFO - [2026-06-10T11:39:42.348+0000] {dag.py:3722} INFO - Setting next_dagrun for example_external_task_marker_parent to None, run_after=None
[2026-06-10T11:39:42.369+0000] {processor.py:179} INFO - Processing /home/airflow/.local/lib/python3.10/site-packages/airflow/example_dags/example_external_task_marker_dag.py took 0.097 seconds
[2026-06-10T11:40:12.754+0000] {processor.py:157} INFO - Started process (PID=1751) to work on /home/airflow/.local/lib/python3.10/site-packages/airflow/example_dags/example_external_task_marker_dag.py
[2026-06-10T11:40:12.756+0000] {processor.py:829} INFO - Processing file /home/airflow/.local/lib/python3.10/site-packages/airflow/example_dags/example_external_task_marker_dag.py for tasks to queue
[2026-06-10T11:40:12.758+0000] {logging_mixin.py:154} INFO - [2026-06-10T11:40:12.758+0000] {dagbag.py:536} INFO - Filling up the DagBag from /home/airflow/.local/lib/python3.10/site-packages/airflow/example_dags/example_external_task_marker_dag.py
[2026-06-10T11:40:12.766+0000] {processor.py:839} INFO - DAG(s) dict_keys(['example_external_task_marker_parent', 'example_external_task_marker_child']) retrieved from /home/airflow/.local/lib/python3.10/site-packages/airflow/example_dags/example_external_task_marker_dag.py
[2026-06-10T11:40:12.801+0000] {logging_mixin.py:154} INFO - [2026-06-10T11:40:12.800+0000] {dag.py:2941} INFO - Sync 2 DAGs
[2026-06-10T11:40:12.819+0000] {logging_mixin.py:154} INFO - [2026-06-10T11:40:12.819+0000] {dag.py:3722} INFO - Setting next_dagrun for example_external_task_marker_child to None, run_after=None
[2026-06-10T11:40:12.824+0000] {logging_mixin.py:154} INFO - [2026-06-10T11:40:12.824+0000] {dag.py:3722} INFO - Setting next_dagrun for example_external_task_marker_parent to None, run_after=None
[2026-06-10T11:40:12.852+0000] {processor.py:179} INFO - Processing /home/airflow/.local/lib/python3.10/site-packages/airflow/example_dags/example_external_task_marker_dag.py took 0.102 seconds
[2026-06-10T11:40:44.531+0000] {processor.py:157} INFO - Started process (PID=1802) to work on /home/airflow/.local/lib/python3.10/site-packages/airflow/example_dags/example_external_task_marker_dag.py
[2026-06-10T11:40:44.532+0000] {processor.py:829} INFO - Processing file /home/airflow/.local/lib/python3.10/site-packages/airflow/example_dags/example_external_task_marker_dag.py for tasks to queue
[2026-06-10T11:40:44.535+0000] {logging_mixin.py:154} INFO - [2026-06-10T11:40:44.534+0000] {dagbag.py:536} INFO - Filling up the DagBag from /home/airflow/.local/lib/python3.10/site-packages/airflow/example_dags/example_external_task_marker_dag.py
[2026-06-10T11:40:44.543+0000] {processor.py:839} INFO - DAG(s) dict_keys(['example_external_task_marker_parent', 'example_external_task_marker_child']) retrieved from /home/airflow/.local/lib/python3.10/site-packages/airflow/example_dags/example_external_task_marker_dag.py
[2026-06-10T11:40:44.577+0000] {logging_mixin.py:154} INFO - [2026-06-10T11:40:44.577+0000] {dag.py:2941} INFO - Sync 2 DAGs
[2026-06-10T11:40:44.597+0000] {logging_mixin.py:154} INFO - [2026-06-10T11:40:44.597+0000] {dag.py:3722} INFO - Setting next_dagrun for example_external_task_marker_child to None, run_after=None
[2026-06-10T11:40:44.601+0000] {logging_mixin.py:154} INFO - [2026-06-10T11:40:44.601+0000] {dag.py:3722} INFO - Setting next_dagrun for example_external_task_marker_parent to None, run_after=None
[2026-06-10T11:40:44.621+0000] {processor.py:179} INFO - Processing /home/airflow/.local/lib/python3.10/site-packages/airflow/example_dags/example_external_task_marker_dag.py took 0.096 seconds
[2026-06-10T11:41:15.702+0000] {processor.py:157} INFO - Started process (PID=1854) to work on /home/airflow/.local/lib/python3.10/site-packages/airflow/example_dags/example_external_task_marker_dag.py
[2026-06-10T11:41:15.705+0000] {processor.py:829} INFO - Processing file /home/airflow/.local/lib/python3.10/site-packages/airflow/example_dags/example_external_task_marker_dag.py for tasks to queue
[2026-06-10T11:41:15.708+0000] {logging_mixin.py:154} INFO - [2026-06-10T11:41:15.708+0000] {dagbag.py:536} INFO - Filling up the DagBag from /home/airflow/.local/lib/python3.10/site-packages/airflow/example_dags/example_external_task_marker_dag.py
[2026-06-10T11:41:15.716+0000] {processor.py:839} INFO - DAG(s) dict_keys(['example_external_task_marker_child', 'example_external_task_marker_parent']) retrieved from /home/airflow/.local/lib/python3.10/site-packages/airflow/example_dags/example_external_task_marker_dag.py
[2026-06-10T11:41:15.750+0000] {logging_mixin.py:154} INFO - [2026-06-10T11:41:15.750+0000] {dag.py:2941} INFO - Sync 2 DAGs
[2026-06-10T11:41:15.770+0000] {logging_mixin.py:154} INFO - [2026-06-10T11:41:15.770+0000] {dag.py:3722} INFO - Setting next_dagrun for example_external_task_marker_child to None, run_after=None
[2026-06-10T11:41:15.775+0000] {logging_mixin.py:154} INFO - [2026-06-10T11:41:15.775+0000] {dag.py:3722} INFO - Setting next_dagrun for example_external_task_marker_parent to None, run_after=None
[2026-06-10T11:41:15.803+0000] {processor.py:179} INFO - Processing /home/airflow/.local/lib/python3.10/site-packages/airflow/example_dags/example_external_task_marker_dag.py took 0.106 seconds
[2026-06-10T11:41:47.689+0000] {processor.py:157} INFO - Started process (PID=1905) to work on /home/airflow/.local/lib/python3.10/site-packages/airflow/example_dags/example_external_task_marker_dag.py
[2026-06-10T11:41:47.692+0000] {processor.py:829} INFO - Processing file /home/airflow/.local/lib/python3.10/site-packages/airflow/example_dags/example_external_task_marker_dag.py for tasks to queue
[2026-06-10T11:41:47.710+0000] {logging_mixin.py:154} INFO - [2026-06-10T11:41:47.710+0000] {dagbag.py:536} INFO - Filling up the DagBag from /home/airflow/.local/lib/python3.10/site-packages/airflow/example_dags/example_external_task_marker_dag.py
[2026-06-10T11:41:47.738+0000] {processor.py:839} INFO - DAG(s) dict_keys(['example_external_task_marker_parent', 'example_external_task_marker_child']) retrieved from /home/airflow/.local/lib/python3.10/site-packages/airflow/example_dags/example_external_task_marker_dag.py
[2026-06-10T11:41:47.834+0000] {logging_mixin.py:154} INFO - [2026-06-10T11:41:47.834+0000] {dag.py:2941} INFO - Sync 2 DAGs
[2026-06-10T11:41:47.887+0000] {logging_mixin.py:154} INFO - [2026-06-10T11:41:47.887+0000] {dag.py:3722} INFO - Setting next_dagrun for example_external_task_marker_child to None, run_after=None
[2026-06-10T11:41:47.911+0000] {logging_mixin.py:154} INFO - [2026-06-10T11:41:47.910+0000] {dag.py:3722} INFO - Setting next_dagrun for example_external_task_marker_parent to None, run_after=None
[2026-06-10T11:41:47.993+0000] {processor.py:179} INFO - Processing /home/airflow/.local/lib/python3.10/site-packages/airflow/example_dags/example_external_task_marker_dag.py took 0.346 seconds
[2026-06-10T11:42:18.390+0000] {processor.py:157} INFO - Started process (PID=1956) to work on /home/airflow/.local/lib/python3.10/site-packages/airflow/example_dags/example_external_task_marker_dag.py
[2026-06-10T11:42:18.394+0000] {processor.py:829} INFO - Processing file /home/airflow/.local/lib/python3.10/site-packages/airflow/example_dags/example_external_task_marker_dag.py for tasks to queue
[2026-06-10T11:42:18.397+0000] {logging_mixin.py:154} INFO - [2026-06-10T11:42:18.396+0000] {dagbag.py:536} INFO - Filling up the DagBag from /home/airflow/.local/lib/python3.10/site-packages/airflow/example_dags/example_external_task_marker_dag.py
[2026-06-10T11:42:18.421+0000] {processor.py:839} INFO - DAG(s) dict_keys(['example_external_task_marker_child', 'example_external_task_marker_parent']) retrieved from /home/airflow/.local/lib/python3.10/site-packages/airflow/example_dags/example_external_task_marker_dag.py
[2026-06-10T11:42:18.528+0000] {logging_mixin.py:154} INFO - [2026-06-10T11:42:18.528+0000] {dag.py:2941} INFO - Sync 2 DAGs
[2026-06-10T11:42:18.584+0000] {logging_mixin.py:154} INFO - [2026-06-10T11:42:18.583+0000] {dag.py:3722} INFO - Setting next_dagrun for example_external_task_marker_child to None, run_after=None
[2026-06-10T11:42:18.597+0000] {logging_mixin.py:154} INFO - [2026-06-10T11:42:18.597+0000] {dag.py:3722} INFO - Setting next_dagrun for example_external_task_marker_parent to None, run_after=None
[2026-06-10T11:42:18.675+0000] {processor.py:179} INFO - Processing /home/airflow/.local/lib/python3.10/site-packages/airflow/example_dags/example_external_task_marker_dag.py took 0.304 seconds
[2026-06-10T11:42:49.587+0000] {processor.py:157} INFO - Started process (PID=2007) to work on /home/airflow/.local/lib/python3.10/site-packages/airflow/example_dags/example_external_task_marker_dag.py
[2026-06-10T11:42:49.594+0000] {processor.py:829} INFO - Processing file /home/airflow/.local/lib/python3.10/site-packages/airflow/example_dags/example_external_task_marker_dag.py for tasks to queue
[2026-06-10T11:42:49.596+0000] {logging_mixin.py:154} INFO - [2026-06-10T11:42:49.596+0000] {dagbag.py:536} INFO - Filling up the DagBag from /home/airflow/.local/lib/python3.10/site-packages/airflow/example_dags/example_external_task_marker_dag.py
[2026-06-10T11:42:49.617+0000] {processor.py:839} INFO - DAG(s) dict_keys(['example_external_task_marker_child', 'example_external_task_marker_parent']) retrieved from /home/airflow/.local/lib/python3.10/site-packages/airflow/example_dags/example_external_task_marker_dag.py
[2026-06-10T11:42:49.706+0000] {logging_mixin.py:154} INFO - [2026-06-10T11:42:49.706+0000] {dag.py:2941} INFO - Sync 2 DAGs
[2026-06-10T11:42:49.740+0000] {logging_mixin.py:154} INFO - [2026-06-10T11:42:49.740+0000] {dag.py:3722} INFO - Setting next_dagrun for example_external_task_marker_child to None, run_after=None
[2026-06-10T11:42:49.751+0000] {logging_mixin.py:154} INFO - [2026-06-10T11:42:49.751+0000] {dag.py:3722} INFO - Setting next_dagrun for example_external_task_marker_parent to None, run_after=None
[2026-06-10T11:42:49.795+0000] {processor.py:179} INFO - Processing /home/airflow/.local/lib/python3.10/site-packages/airflow/example_dags/example_external_task_marker_dag.py took 0.225 seconds
[2026-06-10T11:43:19.855+0000] {processor.py:157} INFO - Started process (PID=2056) to work on /home/airflow/.local/lib/python3.10/site-packages/airflow/example_dags/example_external_task_marker_dag.py
[2026-06-10T11:43:19.856+0000] {processor.py:829} INFO - Processing file /home/airflow/.local/lib/python3.10/site-packages/airflow/example_dags/example_external_task_marker_dag.py for tasks to queue
[2026-06-10T11:43:19.858+0000] {logging_mixin.py:154} INFO - [2026-06-10T11:43:19.858+0000] {dagbag.py:536} INFO - Filling up the DagBag from /home/airflow/.local/lib/python3.10/site-packages/airflow/example_dags/example_external_task_marker_dag.py
[2026-06-10T11:43:19.866+0000] {processor.py:839} INFO - DAG(s) dict_keys(['example_external_task_marker_child', 'example_external_task_marker_parent']) retrieved from /home/airflow/.local/lib/python3.10/site-packages/airflow/example_dags/example_external_task_marker_dag.py
[2026-06-10T11:43:19.892+0000] {logging_mixin.py:154} INFO - [2026-06-10T11:43:19.892+0000] {dag.py:2941} INFO - Sync 2 DAGs
[2026-06-10T11:43:19.905+0000] {logging_mixin.py:154} INFO - [2026-06-10T11:43:19.905+0000] {dag.py:3722} INFO - Setting next_dagrun for example_external_task_marker_child to None, run_after=None
[2026-06-10T11:43:19.909+0000] {logging_mixin.py:154} INFO - [2026-06-10T11:43:19.909+0000] {dag.py:3722} INFO - Setting next_dagrun for example_external_task_marker_parent to None, run_after=None
[2026-06-10T11:43:19.926+0000] {processor.py:179} INFO - Processing /home/airflow/.local/lib/python3.10/site-packages/airflow/example_dags/example_external_task_marker_dag.py took 0.075 seconds
[2026-06-10T11:43:50.441+0000] {processor.py:157} INFO - Started process (PID=2107) to work on /home/airflow/.local/lib/python3.10/site-packages/airflow/example_dags/example_external_task_marker_dag.py
[2026-06-10T11:43:50.442+0000] {processor.py:829} INFO - Processing file /home/airflow/.local/lib/python3.10/site-packages/airflow/example_dags/example_external_task_marker_dag.py for tasks to queue
[2026-06-10T11:43:50.445+0000] {logging_mixin.py:154} INFO - [2026-06-10T11:43:50.445+0000] {dagbag.py:536} INFO - Filling up the DagBag from /home/airflow/.local/lib/python3.10/site-packages/airflow/example_dags/example_external_task_marker_dag.py
[2026-06-10T11:43:50.455+0000] {processor.py:839} INFO - DAG(s) dict_keys(['example_external_task_marker_parent', 'example_external_task_marker_child']) retrieved from /home/airflow/.local/lib/python3.10/site-packages/airflow/example_dags/example_external_task_marker_dag.py
[2026-06-10T11:43:50.487+0000] {logging_mixin.py:154} INFO - [2026-06-10T11:43:50.487+0000] {dag.py:2941} INFO - Sync 2 DAGs
[2026-06-10T11:43:50.506+0000] {logging_mixin.py:154} INFO - [2026-06-10T11:43:50.506+0000] {dag.py:3722} INFO - Setting next_dagrun for example_external_task_marker_child to None, run_after=None
[2026-06-10T11:43:50.511+0000] {logging_mixin.py:154} INFO - [2026-06-10T11:43:50.511+0000] {dag.py:3722} INFO - Setting next_dagrun for example_external_task_marker_parent to None, run_after=None
[2026-06-10T11:43:50.531+0000] {processor.py:179} INFO - Processing /home/airflow/.local/lib/python3.10/site-packages/airflow/example_dags/example_external_task_marker_dag.py took 0.094 seconds
[2026-06-10T11:44:20.885+0000] {processor.py:157} INFO - Started process (PID=2158) to work on /home/airflow/.local/lib/python3.10/site-packages/airflow/example_dags/example_external_task_marker_dag.py
[2026-06-10T11:44:20.890+0000] {processor.py:829} INFO - Processing file /home/airflow/.local/lib/python3.10/site-packages/airflow/example_dags/example_external_task_marker_dag.py for tasks to queue
[2026-06-10T11:44:20.892+0000] {logging_mixin.py:154} INFO - [2026-06-10T11:44:20.892+0000] {dagbag.py:536} INFO - Filling up the DagBag from /home/airflow/.local/lib/python3.10/site-packages/airflow/example_dags/example_external_task_marker_dag.py
[2026-06-10T11:44:20.901+0000] {processor.py:839} INFO - DAG(s) dict_keys(['example_external_task_marker_parent', 'example_external_task_marker_child']) retrieved from /home/airflow/.local/lib/python3.10/site-packages/airflow/example_dags/example_external_task_marker_dag.py
[2026-06-10T11:44:20.935+0000] {logging_mixin.py:154} INFO - [2026-06-10T11:44:20.934+0000] {dag.py:2941} INFO - Sync 2 DAGs
[2026-06-10T11:44:20.954+0000] {logging_mixin.py:154} INFO - [2026-06-10T11:44:20.953+0000] {dag.py:3722} INFO - Setting next_dagrun for example_external_task_marker_child to None, run_after=None
[2026-06-10T11:44:20.958+0000] {logging_mixin.py:154} INFO - [2026-06-10T11:44:20.958+0000] {dag.py:3722} INFO - Setting next_dagrun for example_external_task_marker_parent to None, run_after=None
[2026-06-10T11:44:20.979+0000] {processor.py:179} INFO - Processing /home/airflow/.local/lib/python3.10/site-packages/airflow/example_dags/example_external_task_marker_dag.py took 0.099 seconds
[2026-06-10T11:44:51.882+0000] {processor.py:157} INFO - Started process (PID=2209) to work on /home/airflow/.local/lib/python3.10/site-packages/airflow/example_dags/example_external_task_marker_dag.py
[2026-06-10T11:44:51.885+0000] {processor.py:829} INFO - Processing file /home/airflow/.local/lib/python3.10/site-packages/airflow/example_dags/example_external_task_marker_dag.py for tasks to queue
[2026-06-10T11:44:51.888+0000] {logging_mixin.py:154} INFO - [2026-06-10T11:44:51.887+0000] {dagbag.py:536} INFO - Filling up the DagBag from /home/airflow/.local/lib/python3.10/site-packages/airflow/example_dags/example_external_task_marker_dag.py
[2026-06-10T11:44:51.898+0000] {processor.py:839} INFO - DAG(s) dict_keys(['example_external_task_marker_child', 'example_external_task_marker_parent']) retrieved from /home/airflow/.local/lib/python3.10/site-packages/airflow/example_dags/example_external_task_marker_dag.py
[2026-06-10T11:44:51.932+0000] {logging_mixin.py:154} INFO - [2026-06-10T11:44:51.932+0000] {dag.py:2941} INFO - Sync 2 DAGs
[2026-06-10T11:44:51.950+0000] {logging_mixin.py:154} INFO - [2026-06-10T11:44:51.950+0000] {dag.py:3722} INFO - Setting next_dagrun for example_external_task_marker_child to None, run_after=None
[2026-06-10T11:44:51.956+0000] {logging_mixin.py:154} INFO - [2026-06-10T11:44:51.955+0000] {dag.py:3722} INFO - Setting next_dagrun for example_external_task_marker_parent to None, run_after=None
[2026-06-10T11:44:51.978+0000] {processor.py:179} INFO - Processing /home/airflow/.local/lib/python3.10/site-packages/airflow/example_dags/example_external_task_marker_dag.py took 0.105 seconds
[2026-06-10T11:45:22.750+0000] {processor.py:157} INFO - Started process (PID=2260) to work on /home/airflow/.local/lib/python3.10/site-packages/airflow/example_dags/example_external_task_marker_dag.py
[2026-06-10T11:45:22.753+0000] {processor.py:829} INFO - Processing file /home/airflow/.local/lib/python3.10/site-packages/airflow/example_dags/example_external_task_marker_dag.py for tasks to queue
[2026-06-10T11:45:22.762+0000] {logging_mixin.py:154} INFO - [2026-06-10T11:45:22.762+0000] {dagbag.py:536} INFO - Filling up the DagBag from /home/airflow/.local/lib/python3.10/site-packages/airflow/example_dags/example_external_task_marker_dag.py
[2026-06-10T11:45:22.807+0000] {processor.py:839} INFO - DAG(s) dict_keys(['example_external_task_marker_child', 'example_external_task_marker_parent']) retrieved from /home/airflow/.local/lib/python3.10/site-packages/airflow/example_dags/example_external_task_marker_dag.py
[2026-06-10T11:45:22.978+0000] {logging_mixin.py:154} INFO - [2026-06-10T11:45:22.977+0000] {dag.py:2941} INFO - Sync 2 DAGs
[2026-06-10T11:45:23.056+0000] {logging_mixin.py:154} INFO - [2026-06-10T11:45:23.055+0000] {dag.py:3722} INFO - Setting next_dagrun for example_external_task_marker_child to None, run_after=None
[2026-06-10T11:45:23.068+0000] {logging_mixin.py:154} INFO - [2026-06-10T11:45:23.067+0000] {dag.py:3722} INFO - Setting next_dagrun for example_external_task_marker_parent to None, run_after=None
[2026-06-10T11:45:23.123+0000] {processor.py:179} INFO - Processing /home/airflow/.local/lib/python3.10/site-packages/airflow/example_dags/example_external_task_marker_dag.py took 0.399 seconds
[2026-06-10T11:45:53.517+0000] {processor.py:157} INFO - Started process (PID=2311) to work on /home/airflow/.local/lib/python3.10/site-packages/airflow/example_dags/example_external_task_marker_dag.py
[2026-06-10T11:45:53.521+0000] {processor.py:829} INFO - Processing file /home/airflow/.local/lib/python3.10/site-packages/airflow/example_dags/example_external_task_marker_dag.py for tasks to queue
[2026-06-10T11:45:53.524+0000] {logging_mixin.py:154} INFO - [2026-06-10T11:45:53.523+0000] {dagbag.py:536} INFO - Filling up the DagBag from /home/airflow/.local/lib/python3.10/site-packages/airflow/example_dags/example_external_task_marker_dag.py
[2026-06-10T11:45:53.532+0000] {processor.py:839} INFO - DAG(s) dict_keys(['example_external_task_marker_parent', 'example_external_task_marker_child']) retrieved from /home/airflow/.local/lib/python3.10/site-packages/airflow/example_dags/example_external_task_marker_dag.py
[2026-06-10T11:45:53.564+0000] {logging_mixin.py:154} INFO - [2026-06-10T11:45:53.563+0000] {dag.py:2941} INFO - Sync 2 DAGs
[2026-06-10T11:45:53.581+0000] {logging_mixin.py:154} INFO - [2026-06-10T11:45:53.581+0000] {dag.py:3722} INFO - Setting next_dagrun for example_external_task_marker_child to None, run_after=None
[2026-06-10T11:45:53.586+0000] {logging_mixin.py:154} INFO - [2026-06-10T11:45:53.585+0000] {dag.py:3722} INFO - Setting next_dagrun for example_external_task_marker_parent to None, run_after=None
[2026-06-10T11:45:53.610+0000] {processor.py:179} INFO - Processing /home/airflow/.local/lib/python3.10/site-packages/airflow/example_dags/example_external_task_marker_dag.py took 0.097 seconds
[2026-06-10T11:46:24.152+0000] {processor.py:157} INFO - Started process (PID=2362) to work on /home/airflow/.local/lib/python3.10/site-packages/airflow/example_dags/example_external_task_marker_dag.py
[2026-06-10T11:46:24.155+0000] {processor.py:829} INFO - Processing file /home/airflow/.local/lib/python3.10/site-packages/airflow/example_dags/example_external_task_marker_dag.py for tasks to queue
[2026-06-10T11:46:24.162+0000] {logging_mixin.py:154} INFO - [2026-06-10T11:46:24.161+0000] {dagbag.py:536} INFO - Filling up the DagBag from /home/airflow/.local/lib/python3.10/site-packages/airflow/example_dags/example_external_task_marker_dag.py
[2026-06-10T11:46:24.173+0000] {processor.py:839} INFO - DAG(s) dict_keys(['example_external_task_marker_child', 'example_external_task_marker_parent']) retrieved from /home/airflow/.local/lib/python3.10/site-packages/airflow/example_dags/example_external_task_marker_dag.py
[2026-06-10T11:46:24.232+0000] {logging_mixin.py:154} INFO - [2026-06-10T11:46:24.232+0000] {dag.py:2941} INFO - Sync 2 DAGs
[2026-06-10T11:46:24.258+0000] {logging_mixin.py:154} INFO - [2026-06-10T11:46:24.258+0000] {dag.py:3722} INFO - Setting next_dagrun for example_external_task_marker_child to None, run_after=None
[2026-06-10T11:46:24.263+0000] {logging_mixin.py:154} INFO - [2026-06-10T11:46:24.263+0000] {dag.py:3722} INFO - Setting next_dagrun for example_external_task_marker_parent to None, run_after=None
[2026-06-10T11:46:24.294+0000] {processor.py:179} INFO - Processing /home/airflow/.local/lib/python3.10/site-packages/airflow/example_dags/example_external_task_marker_dag.py took 0.163 seconds
[2026-06-10T11:46:54.639+0000] {processor.py:157} INFO - Started process (PID=2413) to work on /home/airflow/.local/lib/python3.10/site-packages/airflow/example_dags/example_external_task_marker_dag.py
[2026-06-10T11:46:54.642+0000] {processor.py:829} INFO - Processing file /home/airflow/.local/lib/python3.10/site-packages/airflow/example_dags/example_external_task_marker_dag.py for tasks to queue
[2026-06-10T11:46:54.650+0000] {logging_mixin.py:154} INFO - [2026-06-10T11:46:54.649+0000] {dagbag.py:536} INFO - Filling up the DagBag from /home/airflow/.local/lib/python3.10/site-packages/airflow/example_dags/example_external_task_marker_dag.py
[2026-06-10T11:46:54.670+0000] {processor.py:839} INFO - DAG(s) dict_keys(['example_external_task_marker_child', 'example_external_task_marker_parent']) retrieved from /home/airflow/.local/lib/python3.10/site-packages/airflow/example_dags/example_external_task_marker_dag.py
[2026-06-10T11:46:54.830+0000] {logging_mixin.py:154} INFO - [2026-06-10T11:46:54.830+0000] {dag.py:2941} INFO - Sync 2 DAGs
[2026-06-10T11:46:54.910+0000] {logging_mixin.py:154} INFO - [2026-06-10T11:46:54.910+0000] {dag.py:3722} INFO - Setting next_dagrun for example_external_task_marker_child to None, run_after=None
[2026-06-10T11:46:54.921+0000] {logging_mixin.py:154} INFO - [2026-06-10T11:46:54.921+0000] {dag.py:3722} INFO - Setting next_dagrun for example_external_task_marker_parent to None, run_after=None
[2026-06-10T11:46:54.966+0000] {processor.py:179} INFO - Processing /home/airflow/.local/lib/python3.10/site-packages/airflow/example_dags/example_external_task_marker_dag.py took 0.345 seconds
[2026-06-10T11:47:25.474+0000] {processor.py:157} INFO - Started process (PID=2464) to work on /home/airflow/.local/lib/python3.10/site-packages/airflow/example_dags/example_external_task_marker_dag.py
[2026-06-10T11:47:25.475+0000] {processor.py:829} INFO - Processing file /home/airflow/.local/lib/python3.10/site-packages/airflow/example_dags/example_external_task_marker_dag.py for tasks to queue
[2026-06-10T11:47:25.507+0000] {logging_mixin.py:154} INFO - [2026-06-10T11:47:25.506+0000] {dagbag.py:536} INFO - Filling up the DagBag from /home/airflow/.local/lib/python3.10/site-packages/airflow/example_dags/example_external_task_marker_dag.py
[2026-06-10T11:47:25.553+0000] {processor.py:839} INFO - DAG(s) dict_keys(['example_external_task_marker_child', 'example_external_task_marker_parent']) retrieved from /home/airflow/.local/lib/python3.10/site-packages/airflow/example_dags/example_external_task_marker_dag.py
[2026-06-10T11:47:25.748+0000] {logging_mixin.py:154} INFO - [2026-06-10T11:47:25.748+0000] {dag.py:2941} INFO - Sync 2 DAGs
[2026-06-10T11:47:25.825+0000] {logging_mixin.py:154} INFO - [2026-06-10T11:47:25.824+0000] {dag.py:3722} INFO - Setting next_dagrun for example_external_task_marker_child to None, run_after=None
[2026-06-10T11:47:25.858+0000] {logging_mixin.py:154} INFO - [2026-06-10T11:47:25.857+0000] {dag.py:3722} INFO - Setting next_dagrun for example_external_task_marker_parent to None, run_after=None
[2026-06-10T11:47:25.905+0000] {processor.py:179} INFO - Processing /home/airflow/.local/lib/python3.10/site-packages/airflow/example_dags/example_external_task_marker_dag.py took 0.453 seconds
[2026-06-10T11:47:56.650+0000] {processor.py:157} INFO - Started process (PID=2515) to work on /home/airflow/.local/lib/python3.10/site-packages/airflow/example_dags/example_external_task_marker_dag.py
[2026-06-10T11:47:56.658+0000] {processor.py:829} INFO - Processing file /home/airflow/.local/lib/python3.10/site-packages/airflow/example_dags/example_external_task_marker_dag.py for tasks to queue
[2026-06-10T11:47:56.661+0000] {logging_mixin.py:154} INFO - [2026-06-10T11:47:56.660+0000] {dagbag.py:536} INFO - Filling up the DagBag from /home/airflow/.local/lib/python3.10/site-packages/airflow/example_dags/example_external_task_marker_dag.py
[2026-06-10T11:47:56.674+0000] {processor.py:839} INFO - DAG(s) dict_keys(['example_external_task_marker_child', 'example_external_task_marker_parent']) retrieved from /home/airflow/.local/lib/python3.10/site-packages/airflow/example_dags/example_external_task_marker_dag.py
[2026-06-10T11:47:56.766+0000] {logging_mixin.py:154} INFO - [2026-06-10T11:47:56.766+0000] {dag.py:2941} INFO - Sync 2 DAGs
[2026-06-10T11:47:56.819+0000] {logging_mixin.py:154} INFO - [2026-06-10T11:47:56.818+0000] {dag.py:3722} INFO - Setting next_dagrun for example_external_task_marker_child to None, run_after=None
[2026-06-10T11:47:56.838+0000] {logging_mixin.py:154} INFO - [2026-06-10T11:47:56.838+0000] {dag.py:3722} INFO - Setting next_dagrun for example_external_task_marker_parent to None, run_after=None
[2026-06-10T11:47:56.901+0000] {processor.py:179} INFO - Processing /home/airflow/.local/lib/python3.10/site-packages/airflow/example_dags/example_external_task_marker_dag.py took 0.260 seconds
[2026-06-10T11:48:27.025+0000] {processor.py:157} INFO - Started process (PID=2566) to work on /home/airflow/.local/lib/python3.10/site-packages/airflow/example_dags/example_external_task_marker_dag.py
[2026-06-10T11:48:27.027+0000] {processor.py:829} INFO - Processing file /home/airflow/.local/lib/python3.10/site-packages/airflow/example_dags/example_external_task_marker_dag.py for tasks to queue
[2026-06-10T11:48:27.029+0000] {logging_mixin.py:154} INFO - [2026-06-10T11:48:27.029+0000] {dagbag.py:536} INFO - Filling up the DagBag from /home/airflow/.local/lib/python3.10/site-packages/airflow/example_dags/example_external_task_marker_dag.py
[2026-06-10T11:48:27.038+0000] {processor.py:839} INFO - DAG(s) dict_keys(['example_external_task_marker_child', 'example_external_task_marker_parent']) retrieved from /home/airflow/.local/lib/python3.10/site-packages/airflow/example_dags/example_external_task_marker_dag.py
[2026-06-10T11:48:27.072+0000] {logging_mixin.py:154} INFO - [2026-06-10T11:48:27.071+0000] {dag.py:2941} INFO - Sync 2 DAGs
[2026-06-10T11:48:27.093+0000] {logging_mixin.py:154} INFO - [2026-06-10T11:48:27.090+0000] {dag.py:3722} INFO - Setting next_dagrun for example_external_task_marker_child to None, run_after=None
[2026-06-10T11:48:27.100+0000] {logging_mixin.py:154} INFO - [2026-06-10T11:48:27.100+0000] {dag.py:3722} INFO - Setting next_dagrun for example_external_task_marker_parent to None, run_after=None
[2026-06-10T11:48:27.130+0000] {processor.py:179} INFO - Processing /home/airflow/.local/lib/python3.10/site-packages/airflow/example_dags/example_external_task_marker_dag.py took 0.110 seconds
[2026-06-10T11:48:57.732+0000] {processor.py:157} INFO - Started process (PID=2617) to work on /home/airflow/.local/lib/python3.10/site-packages/airflow/example_dags/example_external_task_marker_dag.py
[2026-06-10T11:48:57.733+0000] {processor.py:829} INFO - Processing file /home/airflow/.local/lib/python3.10/site-packages/airflow/example_dags/example_external_task_marker_dag.py for tasks to queue
[2026-06-10T11:48:57.737+0000] {logging_mixin.py:154} INFO - [2026-06-10T11:48:57.736+0000] {dagbag.py:536} INFO - Filling up the DagBag from /home/airflow/.local/lib/python3.10/site-packages/airflow/example_dags/example_external_task_marker_dag.py
[2026-06-10T11:48:57.746+0000] {processor.py:839} INFO - DAG(s) dict_keys(['example_external_task_marker_parent', 'example_external_task_marker_child']) retrieved from /home/airflow/.local/lib/python3.10/site-packages/airflow/example_dags/example_external_task_marker_dag.py
[2026-06-10T11:48:57.780+0000] {logging_mixin.py:154} INFO - [2026-06-10T11:48:57.779+0000] {dag.py:2941} INFO - Sync 2 DAGs
[2026-06-10T11:48:57.798+0000] {logging_mixin.py:154} INFO - [2026-06-10T11:48:57.798+0000] {dag.py:3722} INFO - Setting next_dagrun for example_external_task_marker_child to None, run_after=None
[2026-06-10T11:48:57.803+0000] {logging_mixin.py:154} INFO - [2026-06-10T11:48:57.803+0000] {dag.py:3722} INFO - Setting next_dagrun for example_external_task_marker_parent to None, run_after=None
[2026-06-10T11:48:57.829+0000] {processor.py:179} INFO - Processing /home/airflow/.local/lib/python3.10/site-packages/airflow/example_dags/example_external_task_marker_dag.py took 0.106 seconds
