[2026-06-10T08:02:37.276+0000] {processor.py:157} INFO - Started process (PID=42) to work on /home/airflow/.local/lib/python3.10/site-packages/airflow/example_dags/example_subdag_operator.py
[2026-06-10T08:02:37.292+0000] {processor.py:829} INFO - Processing file /home/airflow/.local/lib/python3.10/site-packages/airflow/example_dags/example_subdag_operator.py for tasks to queue
[2026-06-10T08:02:37.322+0000] {logging_mixin.py:154} INFO - [2026-06-10T08:02:37.321+0000] {dagbag.py:536} INFO - Filling up the DagBag from /home/airflow/.local/lib/python3.10/site-packages/airflow/example_dags/example_subdag_operator.py
[2026-06-10T08:02:37.580+0000] {processor.py:839} INFO - DAG(s) dict_keys(['example_subdag_operator.section-1', 'example_subdag_operator.section-2', 'example_subdag_operator']) retrieved from /home/airflow/.local/lib/python3.10/site-packages/airflow/example_dags/example_subdag_operator.py
[2026-06-10T08:02:37.991+0000] {logging_mixin.py:154} INFO - [2026-06-10T08:02:37.991+0000] {dag.py:2941} INFO - Sync 3 DAGs
[2026-06-10T08:02:38.232+0000] {logging_mixin.py:154} INFO - [2026-06-10T08:02:38.231+0000] {dag.py:3722} INFO - Setting next_dagrun for example_subdag_operator to 2022-01-01T00:00:00+00:00, run_after=2022-01-01T00:00:00+00:00
[2026-06-10T08:02:38.268+0000] {logging_mixin.py:154} INFO - [2026-06-10T08:02:38.264+0000] {dag.py:3722} INFO - Setting next_dagrun for example_subdag_operator.section-1 to None, run_after=None
[2026-06-10T08:02:38.280+0000] {logging_mixin.py:154} INFO - [2026-06-10T08:02:38.280+0000] {dag.py:3722} INFO - Setting next_dagrun for example_subdag_operator.section-2 to None, run_after=None
[2026-06-10T08:02:38.359+0000] {logging_mixin.py:154} INFO - [2026-06-10T08:02:38.359+0000] {dag.py:2941} INFO - Sync 2 DAGs
[2026-06-10T08:02:38.408+0000] {logging_mixin.py:154} INFO - [2026-06-10T08:02:38.408+0000] {dag.py:3722} INFO - Setting next_dagrun for example_subdag_operator.section-1 to None, run_after=None
[2026-06-10T08:02:38.418+0000] {logging_mixin.py:154} INFO - [2026-06-10T08:02:38.418+0000] {dag.py:3722} INFO - Setting next_dagrun for example_subdag_operator.section-2 to None, run_after=None
[2026-06-10T08:02:38.532+0000] {processor.py:179} INFO - Processing /home/airflow/.local/lib/python3.10/site-packages/airflow/example_dags/example_subdag_operator.py took 1.281 seconds
[2026-06-10T08:03:13.026+0000] {processor.py:157} INFO - Started process (PID=93) to work on /home/airflow/.local/lib/python3.10/site-packages/airflow/example_dags/example_subdag_operator.py
[2026-06-10T08:03:13.043+0000] {processor.py:829} INFO - Processing file /home/airflow/.local/lib/python3.10/site-packages/airflow/example_dags/example_subdag_operator.py for tasks to queue
[2026-06-10T08:03:13.051+0000] {logging_mixin.py:154} INFO - [2026-06-10T08:03:13.051+0000] {dagbag.py:536} INFO - Filling up the DagBag from /home/airflow/.local/lib/python3.10/site-packages/airflow/example_dags/example_subdag_operator.py
[2026-06-10T08:03:13.228+0000] {processor.py:839} INFO - DAG(s) dict_keys(['example_subdag_operator.section-1', 'example_subdag_operator.section-2', 'example_subdag_operator']) retrieved from /home/airflow/.local/lib/python3.10/site-packages/airflow/example_dags/example_subdag_operator.py
[2026-06-10T08:03:13.316+0000] {logging_mixin.py:154} INFO - [2026-06-10T08:03:13.316+0000] {dag.py:2941} INFO - Sync 3 DAGs
[2026-06-10T08:03:13.491+0000] {logging_mixin.py:154} INFO - [2026-06-10T08:03:13.490+0000] {dag.py:3722} INFO - Setting next_dagrun for example_subdag_operator to 2022-01-01T00:00:00+00:00, run_after=2022-01-01T00:00:00+00:00
[2026-06-10T08:03:13.516+0000] {logging_mixin.py:154} INFO - [2026-06-10T08:03:13.515+0000] {dag.py:3722} INFO - Setting next_dagrun for example_subdag_operator.section-1 to None, run_after=None
[2026-06-10T08:03:13.527+0000] {logging_mixin.py:154} INFO - [2026-06-10T08:03:13.527+0000] {dag.py:3722} INFO - Setting next_dagrun for example_subdag_operator.section-2 to None, run_after=None
[2026-06-10T08:03:13.560+0000] {logging_mixin.py:154} INFO - [2026-06-10T08:03:13.560+0000] {dag.py:2941} INFO - Sync 2 DAGs
[2026-06-10T08:03:13.606+0000] {logging_mixin.py:154} INFO - [2026-06-10T08:03:13.605+0000] {dag.py:3722} INFO - Setting next_dagrun for example_subdag_operator.section-1 to None, run_after=None
[2026-06-10T08:03:13.606+0000] {logging_mixin.py:154} INFO - [2026-06-10T08:03:13.606+0000] {dag.py:3722} INFO - Setting next_dagrun for example_subdag_operator.section-2 to None, run_after=None
[2026-06-10T08:03:13.675+0000] {processor.py:179} INFO - Processing /home/airflow/.local/lib/python3.10/site-packages/airflow/example_dags/example_subdag_operator.py took 0.660 seconds
[2026-06-10T08:03:44.356+0000] {processor.py:157} INFO - Started process (PID=144) to work on /home/airflow/.local/lib/python3.10/site-packages/airflow/example_dags/example_subdag_operator.py
[2026-06-10T08:03:44.358+0000] {processor.py:829} INFO - Processing file /home/airflow/.local/lib/python3.10/site-packages/airflow/example_dags/example_subdag_operator.py for tasks to queue
[2026-06-10T08:03:44.361+0000] {logging_mixin.py:154} INFO - [2026-06-10T08:03:44.360+0000] {dagbag.py:536} INFO - Filling up the DagBag from /home/airflow/.local/lib/python3.10/site-packages/airflow/example_dags/example_subdag_operator.py
[2026-06-10T08:03:44.394+0000] {processor.py:839} INFO - DAG(s) dict_keys(['example_subdag_operator.section-1', 'example_subdag_operator.section-2', 'example_subdag_operator']) retrieved from /home/airflow/.local/lib/python3.10/site-packages/airflow/example_dags/example_subdag_operator.py
[2026-06-10T08:03:44.416+0000] {logging_mixin.py:154} INFO - [2026-06-10T08:03:44.416+0000] {dag.py:2941} INFO - Sync 3 DAGs
[2026-06-10T08:03:44.453+0000] {logging_mixin.py:154} INFO - [2026-06-10T08:03:44.453+0000] {dag.py:3722} INFO - Setting next_dagrun for example_subdag_operator to 2022-01-01T00:00:00+00:00, run_after=2022-01-01T00:00:00+00:00
[2026-06-10T08:03:44.458+0000] {logging_mixin.py:154} INFO - [2026-06-10T08:03:44.457+0000] {dag.py:3722} INFO - Setting next_dagrun for example_subdag_operator.section-1 to None, run_after=None
[2026-06-10T08:03:44.459+0000] {logging_mixin.py:154} INFO - [2026-06-10T08:03:44.459+0000] {dag.py:3722} INFO - Setting next_dagrun for example_subdag_operator.section-2 to None, run_after=None
[2026-06-10T08:03:44.469+0000] {logging_mixin.py:154} INFO - [2026-06-10T08:03:44.468+0000] {dag.py:2941} INFO - Sync 2 DAGs
[2026-06-10T08:03:44.476+0000] {logging_mixin.py:154} INFO - [2026-06-10T08:03:44.476+0000] {dag.py:3722} INFO - Setting next_dagrun for example_subdag_operator.section-1 to None, run_after=None
[2026-06-10T08:03:44.477+0000] {logging_mixin.py:154} INFO - [2026-06-10T08:03:44.476+0000] {dag.py:3722} INFO - Setting next_dagrun for example_subdag_operator.section-2 to None, run_after=None
[2026-06-10T08:03:44.498+0000] {processor.py:179} INFO - Processing /home/airflow/.local/lib/python3.10/site-packages/airflow/example_dags/example_subdag_operator.py took 0.147 seconds
[2026-06-10T08:04:15.032+0000] {processor.py:157} INFO - Started process (PID=195) to work on /home/airflow/.local/lib/python3.10/site-packages/airflow/example_dags/example_subdag_operator.py
[2026-06-10T08:04:15.033+0000] {processor.py:829} INFO - Processing file /home/airflow/.local/lib/python3.10/site-packages/airflow/example_dags/example_subdag_operator.py for tasks to queue
[2026-06-10T08:04:15.044+0000] {logging_mixin.py:154} INFO - [2026-06-10T08:04:15.044+0000] {dagbag.py:536} INFO - Filling up the DagBag from /home/airflow/.local/lib/python3.10/site-packages/airflow/example_dags/example_subdag_operator.py
[2026-06-10T08:04:15.144+0000] {processor.py:839} INFO - DAG(s) dict_keys(['example_subdag_operator.section-1', 'example_subdag_operator.section-2', 'example_subdag_operator']) retrieved from /home/airflow/.local/lib/python3.10/site-packages/airflow/example_dags/example_subdag_operator.py
[2026-06-10T08:04:15.193+0000] {logging_mixin.py:154} INFO - [2026-06-10T08:04:15.185+0000] {dag.py:2941} INFO - Sync 3 DAGs
[2026-06-10T08:04:15.266+0000] {logging_mixin.py:154} INFO - [2026-06-10T08:04:15.266+0000] {dag.py:3722} INFO - Setting next_dagrun for example_subdag_operator to 2022-01-01T00:00:00+00:00, run_after=2022-01-01T00:00:00+00:00
[2026-06-10T08:04:15.281+0000] {logging_mixin.py:154} INFO - [2026-06-10T08:04:15.281+0000] {dag.py:3722} INFO - Setting next_dagrun for example_subdag_operator.section-1 to None, run_after=None
[2026-06-10T08:04:15.287+0000] {logging_mixin.py:154} INFO - [2026-06-10T08:04:15.287+0000] {dag.py:3722} INFO - Setting next_dagrun for example_subdag_operator.section-2 to None, run_after=None
[2026-06-10T08:04:15.320+0000] {logging_mixin.py:154} INFO - [2026-06-10T08:04:15.320+0000] {dag.py:2941} INFO - Sync 2 DAGs
[2026-06-10T08:04:15.333+0000] {logging_mixin.py:154} INFO - [2026-06-10T08:04:15.333+0000] {dag.py:3722} INFO - Setting next_dagrun for example_subdag_operator.section-1 to None, run_after=None
[2026-06-10T08:04:15.334+0000] {logging_mixin.py:154} INFO - [2026-06-10T08:04:15.333+0000] {dag.py:3722} INFO - Setting next_dagrun for example_subdag_operator.section-2 to None, run_after=None
[2026-06-10T08:04:15.361+0000] {processor.py:179} INFO - Processing /home/airflow/.local/lib/python3.10/site-packages/airflow/example_dags/example_subdag_operator.py took 0.334 seconds
[2026-06-10T08:04:49.464+0000] {processor.py:157} INFO - Started process (PID=246) to work on /home/airflow/.local/lib/python3.10/site-packages/airflow/example_dags/example_subdag_operator.py
[2026-06-10T08:04:49.467+0000] {processor.py:829} INFO - Processing file /home/airflow/.local/lib/python3.10/site-packages/airflow/example_dags/example_subdag_operator.py for tasks to queue
[2026-06-10T08:04:49.470+0000] {logging_mixin.py:154} INFO - [2026-06-10T08:04:49.470+0000] {dagbag.py:536} INFO - Filling up the DagBag from /home/airflow/.local/lib/python3.10/site-packages/airflow/example_dags/example_subdag_operator.py
[2026-06-10T08:04:49.546+0000] {processor.py:839} INFO - DAG(s) dict_keys(['example_subdag_operator.section-1', 'example_subdag_operator.section-2', 'example_subdag_operator']) retrieved from /home/airflow/.local/lib/python3.10/site-packages/airflow/example_dags/example_subdag_operator.py
[2026-06-10T08:04:49.613+0000] {logging_mixin.py:154} INFO - [2026-06-10T08:04:49.613+0000] {dag.py:2941} INFO - Sync 3 DAGs
[2026-06-10T08:04:49.653+0000] {logging_mixin.py:154} INFO - [2026-06-10T08:04:49.653+0000] {dag.py:3722} INFO - Setting next_dagrun for example_subdag_operator to 2022-01-01T00:00:00+00:00, run_after=2022-01-01T00:00:00+00:00
[2026-06-10T08:04:49.660+0000] {logging_mixin.py:154} INFO - [2026-06-10T08:04:49.660+0000] {dag.py:3722} INFO - Setting next_dagrun for example_subdag_operator.section-1 to None, run_after=None
[2026-06-10T08:04:49.664+0000] {logging_mixin.py:154} INFO - [2026-06-10T08:04:49.664+0000] {dag.py:3722} INFO - Setting next_dagrun for example_subdag_operator.section-2 to None, run_after=None
[2026-06-10T08:04:49.680+0000] {logging_mixin.py:154} INFO - [2026-06-10T08:04:49.680+0000] {dag.py:2941} INFO - Sync 2 DAGs
[2026-06-10T08:04:49.695+0000] {logging_mixin.py:154} INFO - [2026-06-10T08:04:49.695+0000] {dag.py:3722} INFO - Setting next_dagrun for example_subdag_operator.section-1 to None, run_after=None
[2026-06-10T08:04:49.696+0000] {logging_mixin.py:154} INFO - [2026-06-10T08:04:49.696+0000] {dag.py:3722} INFO - Setting next_dagrun for example_subdag_operator.section-2 to None, run_after=None
[2026-06-10T08:04:49.728+0000] {processor.py:179} INFO - Processing /home/airflow/.local/lib/python3.10/site-packages/airflow/example_dags/example_subdag_operator.py took 0.277 seconds
[2026-06-10T08:05:27.866+0000] {processor.py:157} INFO - Started process (PID=297) to work on /home/airflow/.local/lib/python3.10/site-packages/airflow/example_dags/example_subdag_operator.py
[2026-06-10T08:05:27.868+0000] {processor.py:829} INFO - Processing file /home/airflow/.local/lib/python3.10/site-packages/airflow/example_dags/example_subdag_operator.py for tasks to queue
[2026-06-10T08:05:27.871+0000] {logging_mixin.py:154} INFO - [2026-06-10T08:05:27.870+0000] {dagbag.py:536} INFO - Filling up the DagBag from /home/airflow/.local/lib/python3.10/site-packages/airflow/example_dags/example_subdag_operator.py
[2026-06-10T08:05:27.976+0000] {processor.py:839} INFO - DAG(s) dict_keys(['example_subdag_operator.section-1', 'example_subdag_operator.section-2', 'example_subdag_operator']) retrieved from /home/airflow/.local/lib/python3.10/site-packages/airflow/example_dags/example_subdag_operator.py
[2026-06-10T08:05:28.045+0000] {logging_mixin.py:154} INFO - [2026-06-10T08:05:28.044+0000] {dag.py:2941} INFO - Sync 3 DAGs
[2026-06-10T08:05:28.142+0000] {logging_mixin.py:154} INFO - [2026-06-10T08:05:28.142+0000] {dag.py:3722} INFO - Setting next_dagrun for example_subdag_operator to 2022-01-01T00:00:00+00:00, run_after=2022-01-01T00:00:00+00:00
[2026-06-10T08:05:28.164+0000] {logging_mixin.py:154} INFO - [2026-06-10T08:05:28.163+0000] {dag.py:3722} INFO - Setting next_dagrun for example_subdag_operator.section-1 to None, run_after=None
[2026-06-10T08:05:28.179+0000] {logging_mixin.py:154} INFO - [2026-06-10T08:05:28.179+0000] {dag.py:3722} INFO - Setting next_dagrun for example_subdag_operator.section-2 to None, run_after=None
[2026-06-10T08:05:28.217+0000] {logging_mixin.py:154} INFO - [2026-06-10T08:05:28.217+0000] {dag.py:2941} INFO - Sync 2 DAGs
[2026-06-10T08:05:28.255+0000] {logging_mixin.py:154} INFO - [2026-06-10T08:05:28.255+0000] {dag.py:3722} INFO - Setting next_dagrun for example_subdag_operator.section-1 to None, run_after=None
[2026-06-10T08:05:28.256+0000] {logging_mixin.py:154} INFO - [2026-06-10T08:05:28.256+0000] {dag.py:3722} INFO - Setting next_dagrun for example_subdag_operator.section-2 to None, run_after=None
[2026-06-10T08:05:28.300+0000] {processor.py:179} INFO - Processing /home/airflow/.local/lib/python3.10/site-packages/airflow/example_dags/example_subdag_operator.py took 0.448 seconds
[2026-06-10T08:06:00.099+0000] {processor.py:157} INFO - Started process (PID=348) to work on /home/airflow/.local/lib/python3.10/site-packages/airflow/example_dags/example_subdag_operator.py
[2026-06-10T08:06:00.101+0000] {processor.py:829} INFO - Processing file /home/airflow/.local/lib/python3.10/site-packages/airflow/example_dags/example_subdag_operator.py for tasks to queue
[2026-06-10T08:06:00.127+0000] {logging_mixin.py:154} INFO - [2026-06-10T08:06:00.126+0000] {dagbag.py:536} INFO - Filling up the DagBag from /home/airflow/.local/lib/python3.10/site-packages/airflow/example_dags/example_subdag_operator.py
[2026-06-10T08:06:00.350+0000] {processor.py:839} INFO - DAG(s) dict_keys(['example_subdag_operator.section-1', 'example_subdag_operator.section-2', 'example_subdag_operator']) retrieved from /home/airflow/.local/lib/python3.10/site-packages/airflow/example_dags/example_subdag_operator.py
[2026-06-10T08:06:00.470+0000] {logging_mixin.py:154} INFO - [2026-06-10T08:06:00.469+0000] {dag.py:2941} INFO - Sync 3 DAGs
[2026-06-10T08:06:00.764+0000] {logging_mixin.py:154} INFO - [2026-06-10T08:06:00.763+0000] {dag.py:3722} INFO - Setting next_dagrun for example_subdag_operator to 2022-01-01T00:00:00+00:00, run_after=2022-01-01T00:00:00+00:00
[2026-06-10T08:06:00.804+0000] {logging_mixin.py:154} INFO - [2026-06-10T08:06:00.804+0000] {dag.py:3722} INFO - Setting next_dagrun for example_subdag_operator.section-1 to None, run_after=None
[2026-06-10T08:06:00.815+0000] {logging_mixin.py:154} INFO - [2026-06-10T08:06:00.815+0000] {dag.py:3722} INFO - Setting next_dagrun for example_subdag_operator.section-2 to None, run_after=None
[2026-06-10T08:06:00.875+0000] {logging_mixin.py:154} INFO - [2026-06-10T08:06:00.875+0000] {dag.py:2941} INFO - Sync 2 DAGs
[2026-06-10T08:06:00.932+0000] {logging_mixin.py:154} INFO - [2026-06-10T08:06:00.930+0000] {dag.py:3722} INFO - Setting next_dagrun for example_subdag_operator.section-1 to None, run_after=None
[2026-06-10T08:06:00.939+0000] {logging_mixin.py:154} INFO - [2026-06-10T08:06:00.939+0000] {dag.py:3722} INFO - Setting next_dagrun for example_subdag_operator.section-2 to None, run_after=None
[2026-06-10T08:06:01.035+0000] {processor.py:179} INFO - Processing /home/airflow/.local/lib/python3.10/site-packages/airflow/example_dags/example_subdag_operator.py took 0.990 seconds
[2026-06-10T08:06:31.983+0000] {processor.py:157} INFO - Started process (PID=399) to work on /home/airflow/.local/lib/python3.10/site-packages/airflow/example_dags/example_subdag_operator.py
[2026-06-10T08:06:31.985+0000] {processor.py:829} INFO - Processing file /home/airflow/.local/lib/python3.10/site-packages/airflow/example_dags/example_subdag_operator.py for tasks to queue
[2026-06-10T08:06:31.987+0000] {logging_mixin.py:154} INFO - [2026-06-10T08:06:31.987+0000] {dagbag.py:536} INFO - Filling up the DagBag from /home/airflow/.local/lib/python3.10/site-packages/airflow/example_dags/example_subdag_operator.py
[2026-06-10T08:06:32.024+0000] {processor.py:839} INFO - DAG(s) dict_keys(['example_subdag_operator.section-1', 'example_subdag_operator.section-2', 'example_subdag_operator']) retrieved from /home/airflow/.local/lib/python3.10/site-packages/airflow/example_dags/example_subdag_operator.py
[2026-06-10T08:06:32.043+0000] {logging_mixin.py:154} INFO - [2026-06-10T08:06:32.042+0000] {dag.py:2941} INFO - Sync 3 DAGs
[2026-06-10T08:06:32.065+0000] {logging_mixin.py:154} INFO - [2026-06-10T08:06:32.064+0000] {dag.py:3722} INFO - Setting next_dagrun for example_subdag_operator to 2022-01-01T00:00:00+00:00, run_after=2022-01-01T00:00:00+00:00
[2026-06-10T08:06:32.068+0000] {logging_mixin.py:154} INFO - [2026-06-10T08:06:32.068+0000] {dag.py:3722} INFO - Setting next_dagrun for example_subdag_operator.section-1 to None, run_after=None
[2026-06-10T08:06:32.069+0000] {logging_mixin.py:154} INFO - [2026-06-10T08:06:32.069+0000] {dag.py:3722} INFO - Setting next_dagrun for example_subdag_operator.section-2 to None, run_after=None
[2026-06-10T08:06:32.076+0000] {logging_mixin.py:154} INFO - [2026-06-10T08:06:32.076+0000] {dag.py:2941} INFO - Sync 2 DAGs
[2026-06-10T08:06:32.081+0000] {logging_mixin.py:154} INFO - [2026-06-10T08:06:32.081+0000] {dag.py:3722} INFO - Setting next_dagrun for example_subdag_operator.section-1 to None, run_after=None
[2026-06-10T08:06:32.081+0000] {logging_mixin.py:154} INFO - [2026-06-10T08:06:32.081+0000] {dag.py:3722} INFO - Setting next_dagrun for example_subdag_operator.section-2 to None, run_after=None
[2026-06-10T08:06:32.095+0000] {processor.py:179} INFO - Processing /home/airflow/.local/lib/python3.10/site-packages/airflow/example_dags/example_subdag_operator.py took 0.117 seconds
[2026-06-10T08:07:02.697+0000] {processor.py:157} INFO - Started process (PID=450) to work on /home/airflow/.local/lib/python3.10/site-packages/airflow/example_dags/example_subdag_operator.py
[2026-06-10T08:07:02.698+0000] {processor.py:829} INFO - Processing file /home/airflow/.local/lib/python3.10/site-packages/airflow/example_dags/example_subdag_operator.py for tasks to queue
[2026-06-10T08:07:02.701+0000] {logging_mixin.py:154} INFO - [2026-06-10T08:07:02.701+0000] {dagbag.py:536} INFO - Filling up the DagBag from /home/airflow/.local/lib/python3.10/site-packages/airflow/example_dags/example_subdag_operator.py
[2026-06-10T08:07:02.734+0000] {processor.py:839} INFO - DAG(s) dict_keys(['example_subdag_operator.section-1', 'example_subdag_operator.section-2', 'example_subdag_operator']) retrieved from /home/airflow/.local/lib/python3.10/site-packages/airflow/example_dags/example_subdag_operator.py
[2026-06-10T08:07:02.757+0000] {logging_mixin.py:154} INFO - [2026-06-10T08:07:02.756+0000] {dag.py:2941} INFO - Sync 3 DAGs
[2026-06-10T08:07:02.792+0000] {logging_mixin.py:154} INFO - [2026-06-10T08:07:02.792+0000] {dag.py:3722} INFO - Setting next_dagrun for example_subdag_operator to 2022-01-01T00:00:00+00:00, run_after=2022-01-01T00:00:00+00:00
[2026-06-10T08:07:02.798+0000] {logging_mixin.py:154} INFO - [2026-06-10T08:07:02.798+0000] {dag.py:3722} INFO - Setting next_dagrun for example_subdag_operator.section-1 to None, run_after=None
[2026-06-10T08:07:02.800+0000] {logging_mixin.py:154} INFO - [2026-06-10T08:07:02.800+0000] {dag.py:3722} INFO - Setting next_dagrun for example_subdag_operator.section-2 to None, run_after=None
[2026-06-10T08:07:02.809+0000] {logging_mixin.py:154} INFO - [2026-06-10T08:07:02.809+0000] {dag.py:2941} INFO - Sync 2 DAGs
[2026-06-10T08:07:02.816+0000] {logging_mixin.py:154} INFO - [2026-06-10T08:07:02.816+0000] {dag.py:3722} INFO - Setting next_dagrun for example_subdag_operator.section-1 to None, run_after=None
[2026-06-10T08:07:02.816+0000] {logging_mixin.py:154} INFO - [2026-06-10T08:07:02.816+0000] {dag.py:3722} INFO - Setting next_dagrun for example_subdag_operator.section-2 to None, run_after=None
[2026-06-10T08:07:02.830+0000] {processor.py:179} INFO - Processing /home/airflow/.local/lib/python3.10/site-packages/airflow/example_dags/example_subdag_operator.py took 0.138 seconds
[2026-06-10T08:07:32.966+0000] {processor.py:157} INFO - Started process (PID=501) to work on /home/airflow/.local/lib/python3.10/site-packages/airflow/example_dags/example_subdag_operator.py
[2026-06-10T08:07:32.968+0000] {processor.py:829} INFO - Processing file /home/airflow/.local/lib/python3.10/site-packages/airflow/example_dags/example_subdag_operator.py for tasks to queue
[2026-06-10T08:07:32.971+0000] {logging_mixin.py:154} INFO - [2026-06-10T08:07:32.971+0000] {dagbag.py:536} INFO - Filling up the DagBag from /home/airflow/.local/lib/python3.10/site-packages/airflow/example_dags/example_subdag_operator.py
[2026-06-10T08:07:33.005+0000] {processor.py:839} INFO - DAG(s) dict_keys(['example_subdag_operator.section-1', 'example_subdag_operator.section-2', 'example_subdag_operator']) retrieved from /home/airflow/.local/lib/python3.10/site-packages/airflow/example_dags/example_subdag_operator.py
[2026-06-10T08:07:33.028+0000] {logging_mixin.py:154} INFO - [2026-06-10T08:07:33.028+0000] {dag.py:2941} INFO - Sync 3 DAGs
[2026-06-10T08:07:33.060+0000] {logging_mixin.py:154} INFO - [2026-06-10T08:07:33.060+0000] {dag.py:3722} INFO - Setting next_dagrun for example_subdag_operator to 2022-01-01T00:00:00+00:00, run_after=2022-01-01T00:00:00+00:00
[2026-06-10T08:07:33.065+0000] {logging_mixin.py:154} INFO - [2026-06-10T08:07:33.065+0000] {dag.py:3722} INFO - Setting next_dagrun for example_subdag_operator.section-1 to None, run_after=None
[2026-06-10T08:07:33.067+0000] {logging_mixin.py:154} INFO - [2026-06-10T08:07:33.066+0000] {dag.py:3722} INFO - Setting next_dagrun for example_subdag_operator.section-2 to None, run_after=None
[2026-06-10T08:07:33.076+0000] {logging_mixin.py:154} INFO - [2026-06-10T08:07:33.075+0000] {dag.py:2941} INFO - Sync 2 DAGs
[2026-06-10T08:07:33.082+0000] {logging_mixin.py:154} INFO - [2026-06-10T08:07:33.082+0000] {dag.py:3722} INFO - Setting next_dagrun for example_subdag_operator.section-1 to None, run_after=None
[2026-06-10T08:07:33.083+0000] {logging_mixin.py:154} INFO - [2026-06-10T08:07:33.083+0000] {dag.py:3722} INFO - Setting next_dagrun for example_subdag_operator.section-2 to None, run_after=None
[2026-06-10T08:07:33.096+0000] {processor.py:179} INFO - Processing /home/airflow/.local/lib/python3.10/site-packages/airflow/example_dags/example_subdag_operator.py took 0.135 seconds
[2026-06-10T08:08:03.455+0000] {processor.py:157} INFO - Started process (PID=552) to work on /home/airflow/.local/lib/python3.10/site-packages/airflow/example_dags/example_subdag_operator.py
[2026-06-10T08:08:03.458+0000] {processor.py:829} INFO - Processing file /home/airflow/.local/lib/python3.10/site-packages/airflow/example_dags/example_subdag_operator.py for tasks to queue
[2026-06-10T08:08:03.461+0000] {logging_mixin.py:154} INFO - [2026-06-10T08:08:03.461+0000] {dagbag.py:536} INFO - Filling up the DagBag from /home/airflow/.local/lib/python3.10/site-packages/airflow/example_dags/example_subdag_operator.py
[2026-06-10T08:08:03.498+0000] {processor.py:839} INFO - DAG(s) dict_keys(['example_subdag_operator.section-1', 'example_subdag_operator.section-2', 'example_subdag_operator']) retrieved from /home/airflow/.local/lib/python3.10/site-packages/airflow/example_dags/example_subdag_operator.py
[2026-06-10T08:08:03.526+0000] {logging_mixin.py:154} INFO - [2026-06-10T08:08:03.526+0000] {dag.py:2941} INFO - Sync 3 DAGs
[2026-06-10T08:08:03.560+0000] {logging_mixin.py:154} INFO - [2026-06-10T08:08:03.559+0000] {dag.py:3722} INFO - Setting next_dagrun for example_subdag_operator to 2022-01-01T00:00:00+00:00, run_after=2022-01-01T00:00:00+00:00
[2026-06-10T08:08:03.566+0000] {logging_mixin.py:154} INFO - [2026-06-10T08:08:03.566+0000] {dag.py:3722} INFO - Setting next_dagrun for example_subdag_operator.section-1 to None, run_after=None
[2026-06-10T08:08:03.567+0000] {logging_mixin.py:154} INFO - [2026-06-10T08:08:03.567+0000] {dag.py:3722} INFO - Setting next_dagrun for example_subdag_operator.section-2 to None, run_after=None
[2026-06-10T08:08:03.577+0000] {logging_mixin.py:154} INFO - [2026-06-10T08:08:03.576+0000] {dag.py:2941} INFO - Sync 2 DAGs
[2026-06-10T08:08:03.593+0000] {logging_mixin.py:154} INFO - [2026-06-10T08:08:03.593+0000] {dag.py:3722} INFO - Setting next_dagrun for example_subdag_operator.section-1 to None, run_after=None
[2026-06-10T08:08:03.594+0000] {logging_mixin.py:154} INFO - [2026-06-10T08:08:03.594+0000] {dag.py:3722} INFO - Setting next_dagrun for example_subdag_operator.section-2 to None, run_after=None
[2026-06-10T08:08:03.622+0000] {processor.py:179} INFO - Processing /home/airflow/.local/lib/python3.10/site-packages/airflow/example_dags/example_subdag_operator.py took 0.181 seconds
[2026-06-10T08:08:34.081+0000] {processor.py:157} INFO - Started process (PID=603) to work on /home/airflow/.local/lib/python3.10/site-packages/airflow/example_dags/example_subdag_operator.py
[2026-06-10T08:08:34.087+0000] {processor.py:829} INFO - Processing file /home/airflow/.local/lib/python3.10/site-packages/airflow/example_dags/example_subdag_operator.py for tasks to queue
[2026-06-10T08:08:34.090+0000] {logging_mixin.py:154} INFO - [2026-06-10T08:08:34.089+0000] {dagbag.py:536} INFO - Filling up the DagBag from /home/airflow/.local/lib/python3.10/site-packages/airflow/example_dags/example_subdag_operator.py
[2026-06-10T08:08:34.223+0000] {processor.py:839} INFO - DAG(s) dict_keys(['example_subdag_operator.section-1', 'example_subdag_operator.section-2', 'example_subdag_operator']) retrieved from /home/airflow/.local/lib/python3.10/site-packages/airflow/example_dags/example_subdag_operator.py
[2026-06-10T08:08:34.325+0000] {logging_mixin.py:154} INFO - [2026-06-10T08:08:34.325+0000] {dag.py:2941} INFO - Sync 3 DAGs
[2026-06-10T08:08:34.388+0000] {logging_mixin.py:154} INFO - [2026-06-10T08:08:34.388+0000] {dag.py:3722} INFO - Setting next_dagrun for example_subdag_operator to 2022-01-01T00:00:00+00:00, run_after=2022-01-01T00:00:00+00:00
[2026-06-10T08:08:34.399+0000] {logging_mixin.py:154} INFO - [2026-06-10T08:08:34.399+0000] {dag.py:3722} INFO - Setting next_dagrun for example_subdag_operator.section-1 to None, run_after=None
[2026-06-10T08:08:34.408+0000] {logging_mixin.py:154} INFO - [2026-06-10T08:08:34.408+0000] {dag.py:3722} INFO - Setting next_dagrun for example_subdag_operator.section-2 to None, run_after=None
[2026-06-10T08:08:34.424+0000] {logging_mixin.py:154} INFO - [2026-06-10T08:08:34.423+0000] {dag.py:2941} INFO - Sync 2 DAGs
[2026-06-10T08:08:34.443+0000] {logging_mixin.py:154} INFO - [2026-06-10T08:08:34.443+0000] {dag.py:3722} INFO - Setting next_dagrun for example_subdag_operator.section-1 to None, run_after=None
[2026-06-10T08:08:34.444+0000] {logging_mixin.py:154} INFO - [2026-06-10T08:08:34.444+0000] {dag.py:3722} INFO - Setting next_dagrun for example_subdag_operator.section-2 to None, run_after=None
[2026-06-10T08:08:34.466+0000] {processor.py:179} INFO - Processing /home/airflow/.local/lib/python3.10/site-packages/airflow/example_dags/example_subdag_operator.py took 0.390 seconds
[2026-06-10T08:09:12.459+0000] {processor.py:157} INFO - Started process (PID=654) to work on /home/airflow/.local/lib/python3.10/site-packages/airflow/example_dags/example_subdag_operator.py
[2026-06-10T08:09:12.465+0000] {processor.py:829} INFO - Processing file /home/airflow/.local/lib/python3.10/site-packages/airflow/example_dags/example_subdag_operator.py for tasks to queue
[2026-06-10T08:09:12.476+0000] {logging_mixin.py:154} INFO - [2026-06-10T08:09:12.473+0000] {dagbag.py:536} INFO - Filling up the DagBag from /home/airflow/.local/lib/python3.10/site-packages/airflow/example_dags/example_subdag_operator.py
[2026-06-10T08:09:12.633+0000] {processor.py:839} INFO - DAG(s) dict_keys(['example_subdag_operator.section-1', 'example_subdag_operator.section-2', 'example_subdag_operator']) retrieved from /home/airflow/.local/lib/python3.10/site-packages/airflow/example_dags/example_subdag_operator.py
[2026-06-10T08:09:12.780+0000] {logging_mixin.py:154} INFO - [2026-06-10T08:09:12.779+0000] {dag.py:2941} INFO - Sync 3 DAGs
[2026-06-10T08:09:13.013+0000] {logging_mixin.py:154} INFO - [2026-06-10T08:09:13.012+0000] {dag.py:3722} INFO - Setting next_dagrun for example_subdag_operator to 2022-01-01T00:00:00+00:00, run_after=2022-01-01T00:00:00+00:00
[2026-06-10T08:09:13.032+0000] {logging_mixin.py:154} INFO - [2026-06-10T08:09:13.031+0000] {dag.py:3722} INFO - Setting next_dagrun for example_subdag_operator.section-1 to None, run_after=None
[2026-06-10T08:09:13.039+0000] {logging_mixin.py:154} INFO - [2026-06-10T08:09:13.039+0000] {dag.py:3722} INFO - Setting next_dagrun for example_subdag_operator.section-2 to None, run_after=None
[2026-06-10T08:09:13.074+0000] {logging_mixin.py:154} INFO - [2026-06-10T08:09:13.074+0000] {dag.py:2941} INFO - Sync 2 DAGs
[2026-06-10T08:09:13.114+0000] {logging_mixin.py:154} INFO - [2026-06-10T08:09:13.113+0000] {dag.py:3722} INFO - Setting next_dagrun for example_subdag_operator.section-1 to None, run_after=None
[2026-06-10T08:09:13.114+0000] {logging_mixin.py:154} INFO - [2026-06-10T08:09:13.114+0000] {dag.py:3722} INFO - Setting next_dagrun for example_subdag_operator.section-2 to None, run_after=None
[2026-06-10T08:09:13.195+0000] {processor.py:179} INFO - Processing /home/airflow/.local/lib/python3.10/site-packages/airflow/example_dags/example_subdag_operator.py took 0.753 seconds
[2026-06-10T08:09:43.279+0000] {processor.py:157} INFO - Started process (PID=705) to work on /home/airflow/.local/lib/python3.10/site-packages/airflow/example_dags/example_subdag_operator.py
[2026-06-10T08:09:43.282+0000] {processor.py:829} INFO - Processing file /home/airflow/.local/lib/python3.10/site-packages/airflow/example_dags/example_subdag_operator.py for tasks to queue
[2026-06-10T08:09:43.285+0000] {logging_mixin.py:154} INFO - [2026-06-10T08:09:43.285+0000] {dagbag.py:536} INFO - Filling up the DagBag from /home/airflow/.local/lib/python3.10/site-packages/airflow/example_dags/example_subdag_operator.py
[2026-06-10T08:09:43.321+0000] {processor.py:839} INFO - DAG(s) dict_keys(['example_subdag_operator.section-1', 'example_subdag_operator.section-2', 'example_subdag_operator']) retrieved from /home/airflow/.local/lib/python3.10/site-packages/airflow/example_dags/example_subdag_operator.py
[2026-06-10T08:09:43.326+0000] {logging_mixin.py:154} INFO - [2026-06-10T08:09:43.325+0000] {dag.py:2941} INFO - Sync 3 DAGs
[2026-06-10T08:09:43.360+0000] {logging_mixin.py:154} INFO - [2026-06-10T08:09:43.360+0000] {dag.py:3722} INFO - Setting next_dagrun for example_subdag_operator to 2022-01-01T00:00:00+00:00, run_after=2022-01-01T00:00:00+00:00
[2026-06-10T08:09:43.365+0000] {logging_mixin.py:154} INFO - [2026-06-10T08:09:43.364+0000] {dag.py:3722} INFO - Setting next_dagrun for example_subdag_operator.section-1 to None, run_after=None
[2026-06-10T08:09:43.366+0000] {logging_mixin.py:154} INFO - [2026-06-10T08:09:43.366+0000] {dag.py:3722} INFO - Setting next_dagrun for example_subdag_operator.section-2 to None, run_after=None
[2026-06-10T08:09:43.378+0000] {logging_mixin.py:154} INFO - [2026-06-10T08:09:43.378+0000] {dag.py:2941} INFO - Sync 2 DAGs
[2026-06-10T08:09:43.387+0000] {logging_mixin.py:154} INFO - [2026-06-10T08:09:43.386+0000] {dag.py:3722} INFO - Setting next_dagrun for example_subdag_operator.section-1 to None, run_after=None
[2026-06-10T08:09:43.387+0000] {logging_mixin.py:154} INFO - [2026-06-10T08:09:43.387+0000] {dag.py:3722} INFO - Setting next_dagrun for example_subdag_operator.section-2 to None, run_after=None
[2026-06-10T08:09:43.402+0000] {processor.py:179} INFO - Processing /home/airflow/.local/lib/python3.10/site-packages/airflow/example_dags/example_subdag_operator.py took 0.127 seconds
[2026-06-10T08:10:14.126+0000] {processor.py:157} INFO - Started process (PID=756) to work on /home/airflow/.local/lib/python3.10/site-packages/airflow/example_dags/example_subdag_operator.py
[2026-06-10T08:10:14.128+0000] {processor.py:829} INFO - Processing file /home/airflow/.local/lib/python3.10/site-packages/airflow/example_dags/example_subdag_operator.py for tasks to queue
[2026-06-10T08:10:14.130+0000] {logging_mixin.py:154} INFO - [2026-06-10T08:10:14.130+0000] {dagbag.py:536} INFO - Filling up the DagBag from /home/airflow/.local/lib/python3.10/site-packages/airflow/example_dags/example_subdag_operator.py
[2026-06-10T08:10:14.203+0000] {processor.py:839} INFO - DAG(s) dict_keys(['example_subdag_operator.section-1', 'example_subdag_operator.section-2', 'example_subdag_operator']) retrieved from /home/airflow/.local/lib/python3.10/site-packages/airflow/example_dags/example_subdag_operator.py
[2026-06-10T08:10:14.259+0000] {logging_mixin.py:154} INFO - [2026-06-10T08:10:14.258+0000] {dag.py:2941} INFO - Sync 3 DAGs
[2026-06-10T08:10:14.316+0000] {logging_mixin.py:154} INFO - [2026-06-10T08:10:14.315+0000] {dag.py:3722} INFO - Setting next_dagrun for example_subdag_operator to 2022-01-01T00:00:00+00:00, run_after=2022-01-01T00:00:00+00:00
[2026-06-10T08:10:14.323+0000] {logging_mixin.py:154} INFO - [2026-06-10T08:10:14.323+0000] {dag.py:3722} INFO - Setting next_dagrun for example_subdag_operator.section-1 to None, run_after=None
[2026-06-10T08:10:14.329+0000] {logging_mixin.py:154} INFO - [2026-06-10T08:10:14.329+0000] {dag.py:3722} INFO - Setting next_dagrun for example_subdag_operator.section-2 to None, run_after=None
[2026-06-10T08:10:14.349+0000] {logging_mixin.py:154} INFO - [2026-06-10T08:10:14.349+0000] {dag.py:2941} INFO - Sync 2 DAGs
[2026-06-10T08:10:14.362+0000] {logging_mixin.py:154} INFO - [2026-06-10T08:10:14.361+0000] {dag.py:3722} INFO - Setting next_dagrun for example_subdag_operator.section-1 to None, run_after=None
[2026-06-10T08:10:14.363+0000] {logging_mixin.py:154} INFO - [2026-06-10T08:10:14.362+0000] {dag.py:3722} INFO - Setting next_dagrun for example_subdag_operator.section-2 to None, run_after=None
[2026-06-10T08:10:14.374+0000] {processor.py:179} INFO - Processing /home/airflow/.local/lib/python3.10/site-packages/airflow/example_dags/example_subdag_operator.py took 0.263 seconds
[2026-06-10T08:10:45.742+0000] {processor.py:157} INFO - Started process (PID=807) to work on /home/airflow/.local/lib/python3.10/site-packages/airflow/example_dags/example_subdag_operator.py
[2026-06-10T08:10:45.755+0000] {processor.py:829} INFO - Processing file /home/airflow/.local/lib/python3.10/site-packages/airflow/example_dags/example_subdag_operator.py for tasks to queue
[2026-06-10T08:10:45.758+0000] {logging_mixin.py:154} INFO - [2026-06-10T08:10:45.758+0000] {dagbag.py:536} INFO - Filling up the DagBag from /home/airflow/.local/lib/python3.10/site-packages/airflow/example_dags/example_subdag_operator.py
[2026-06-10T08:10:45.829+0000] {processor.py:839} INFO - DAG(s) dict_keys(['example_subdag_operator.section-1', 'example_subdag_operator.section-2', 'example_subdag_operator']) retrieved from /home/airflow/.local/lib/python3.10/site-packages/airflow/example_dags/example_subdag_operator.py
[2026-06-10T08:10:45.883+0000] {logging_mixin.py:154} INFO - [2026-06-10T08:10:45.882+0000] {dag.py:2941} INFO - Sync 3 DAGs
[2026-06-10T08:10:45.948+0000] {logging_mixin.py:154} INFO - [2026-06-10T08:10:45.947+0000] {dag.py:3722} INFO - Setting next_dagrun for example_subdag_operator to 2022-01-01T00:00:00+00:00, run_after=2022-01-01T00:00:00+00:00
[2026-06-10T08:10:45.952+0000] {logging_mixin.py:154} INFO - [2026-06-10T08:10:45.952+0000] {dag.py:3722} INFO - Setting next_dagrun for example_subdag_operator.section-1 to None, run_after=None
[2026-06-10T08:10:45.963+0000] {logging_mixin.py:154} INFO - [2026-06-10T08:10:45.963+0000] {dag.py:3722} INFO - Setting next_dagrun for example_subdag_operator.section-2 to None, run_after=None
[2026-06-10T08:10:45.974+0000] {logging_mixin.py:154} INFO - [2026-06-10T08:10:45.973+0000] {dag.py:2941} INFO - Sync 2 DAGs
[2026-06-10T08:10:45.994+0000] {logging_mixin.py:154} INFO - [2026-06-10T08:10:45.993+0000] {dag.py:3722} INFO - Setting next_dagrun for example_subdag_operator.section-1 to None, run_after=None
[2026-06-10T08:10:45.994+0000] {logging_mixin.py:154} INFO - [2026-06-10T08:10:45.994+0000] {dag.py:3722} INFO - Setting next_dagrun for example_subdag_operator.section-2 to None, run_after=None
[2026-06-10T08:10:46.019+0000] {processor.py:179} INFO - Processing /home/airflow/.local/lib/python3.10/site-packages/airflow/example_dags/example_subdag_operator.py took 0.294 seconds
[2026-06-10T08:11:16.287+0000] {processor.py:157} INFO - Started process (PID=858) to work on /home/airflow/.local/lib/python3.10/site-packages/airflow/example_dags/example_subdag_operator.py
[2026-06-10T08:11:16.288+0000] {processor.py:829} INFO - Processing file /home/airflow/.local/lib/python3.10/site-packages/airflow/example_dags/example_subdag_operator.py for tasks to queue
[2026-06-10T08:11:16.290+0000] {logging_mixin.py:154} INFO - [2026-06-10T08:11:16.290+0000] {dagbag.py:536} INFO - Filling up the DagBag from /home/airflow/.local/lib/python3.10/site-packages/airflow/example_dags/example_subdag_operator.py
[2026-06-10T08:11:16.323+0000] {processor.py:839} INFO - DAG(s) dict_keys(['example_subdag_operator.section-1', 'example_subdag_operator.section-2', 'example_subdag_operator']) retrieved from /home/airflow/.local/lib/python3.10/site-packages/airflow/example_dags/example_subdag_operator.py
[2026-06-10T08:11:16.345+0000] {logging_mixin.py:154} INFO - [2026-06-10T08:11:16.345+0000] {dag.py:2941} INFO - Sync 3 DAGs
[2026-06-10T08:11:16.409+0000] {logging_mixin.py:154} INFO - [2026-06-10T08:11:16.409+0000] {dag.py:3722} INFO - Setting next_dagrun for example_subdag_operator to 2022-01-01T00:00:00+00:00, run_after=2022-01-01T00:00:00+00:00
[2026-06-10T08:11:16.428+0000] {logging_mixin.py:154} INFO - [2026-06-10T08:11:16.427+0000] {dag.py:3722} INFO - Setting next_dagrun for example_subdag_operator.section-1 to None, run_after=None
[2026-06-10T08:11:16.439+0000] {logging_mixin.py:154} INFO - [2026-06-10T08:11:16.439+0000] {dag.py:3722} INFO - Setting next_dagrun for example_subdag_operator.section-2 to None, run_after=None
[2026-06-10T08:11:16.475+0000] {logging_mixin.py:154} INFO - [2026-06-10T08:11:16.474+0000] {dag.py:2941} INFO - Sync 2 DAGs
[2026-06-10T08:11:16.523+0000] {logging_mixin.py:154} INFO - [2026-06-10T08:11:16.523+0000] {dag.py:3722} INFO - Setting next_dagrun for example_subdag_operator.section-1 to None, run_after=None
[2026-06-10T08:11:16.525+0000] {logging_mixin.py:154} INFO - [2026-06-10T08:11:16.525+0000] {dag.py:3722} INFO - Setting next_dagrun for example_subdag_operator.section-2 to None, run_after=None
[2026-06-10T08:11:16.558+0000] {processor.py:179} INFO - Processing /home/airflow/.local/lib/python3.10/site-packages/airflow/example_dags/example_subdag_operator.py took 0.276 seconds
[2026-06-10T08:11:47.367+0000] {processor.py:157} INFO - Started process (PID=909) to work on /home/airflow/.local/lib/python3.10/site-packages/airflow/example_dags/example_subdag_operator.py
[2026-06-10T08:11:47.371+0000] {processor.py:829} INFO - Processing file /home/airflow/.local/lib/python3.10/site-packages/airflow/example_dags/example_subdag_operator.py for tasks to queue
[2026-06-10T08:11:47.373+0000] {logging_mixin.py:154} INFO - [2026-06-10T08:11:47.373+0000] {dagbag.py:536} INFO - Filling up the DagBag from /home/airflow/.local/lib/python3.10/site-packages/airflow/example_dags/example_subdag_operator.py
[2026-06-10T08:11:47.407+0000] {processor.py:839} INFO - DAG(s) dict_keys(['example_subdag_operator.section-1', 'example_subdag_operator.section-2', 'example_subdag_operator']) retrieved from /home/airflow/.local/lib/python3.10/site-packages/airflow/example_dags/example_subdag_operator.py
[2026-06-10T08:11:47.430+0000] {logging_mixin.py:154} INFO - [2026-06-10T08:11:47.429+0000] {dag.py:2941} INFO - Sync 3 DAGs
[2026-06-10T08:11:47.462+0000] {logging_mixin.py:154} INFO - [2026-06-10T08:11:47.461+0000] {dag.py:3722} INFO - Setting next_dagrun for example_subdag_operator to 2022-01-01T00:00:00+00:00, run_after=2022-01-01T00:00:00+00:00
[2026-06-10T08:11:47.466+0000] {logging_mixin.py:154} INFO - [2026-06-10T08:11:47.466+0000] {dag.py:3722} INFO - Setting next_dagrun for example_subdag_operator.section-1 to None, run_after=None
[2026-06-10T08:11:47.468+0000] {logging_mixin.py:154} INFO - [2026-06-10T08:11:47.468+0000] {dag.py:3722} INFO - Setting next_dagrun for example_subdag_operator.section-2 to None, run_after=None
[2026-06-10T08:11:47.477+0000] {logging_mixin.py:154} INFO - [2026-06-10T08:11:47.477+0000] {dag.py:2941} INFO - Sync 2 DAGs
[2026-06-10T08:11:47.484+0000] {logging_mixin.py:154} INFO - [2026-06-10T08:11:47.484+0000] {dag.py:3722} INFO - Setting next_dagrun for example_subdag_operator.section-1 to None, run_after=None
[2026-06-10T08:11:47.484+0000] {logging_mixin.py:154} INFO - [2026-06-10T08:11:47.484+0000] {dag.py:3722} INFO - Setting next_dagrun for example_subdag_operator.section-2 to None, run_after=None
[2026-06-10T08:11:47.497+0000] {processor.py:179} INFO - Processing /home/airflow/.local/lib/python3.10/site-packages/airflow/example_dags/example_subdag_operator.py took 0.136 seconds
[2026-06-10T08:12:18.346+0000] {processor.py:157} INFO - Started process (PID=960) to work on /home/airflow/.local/lib/python3.10/site-packages/airflow/example_dags/example_subdag_operator.py
[2026-06-10T08:12:18.347+0000] {processor.py:829} INFO - Processing file /home/airflow/.local/lib/python3.10/site-packages/airflow/example_dags/example_subdag_operator.py for tasks to queue
[2026-06-10T08:12:18.349+0000] {logging_mixin.py:154} INFO - [2026-06-10T08:12:18.349+0000] {dagbag.py:536} INFO - Filling up the DagBag from /home/airflow/.local/lib/python3.10/site-packages/airflow/example_dags/example_subdag_operator.py
[2026-06-10T08:12:18.384+0000] {processor.py:839} INFO - DAG(s) dict_keys(['example_subdag_operator.section-1', 'example_subdag_operator.section-2', 'example_subdag_operator']) retrieved from /home/airflow/.local/lib/python3.10/site-packages/airflow/example_dags/example_subdag_operator.py
[2026-06-10T08:12:18.406+0000] {logging_mixin.py:154} INFO - [2026-06-10T08:12:18.406+0000] {dag.py:2941} INFO - Sync 3 DAGs
[2026-06-10T08:12:18.435+0000] {logging_mixin.py:154} INFO - [2026-06-10T08:12:18.435+0000] {dag.py:3722} INFO - Setting next_dagrun for example_subdag_operator to 2022-01-01T00:00:00+00:00, run_after=2022-01-01T00:00:00+00:00
[2026-06-10T08:12:18.439+0000] {logging_mixin.py:154} INFO - [2026-06-10T08:12:18.439+0000] {dag.py:3722} INFO - Setting next_dagrun for example_subdag_operator.section-1 to None, run_after=None
[2026-06-10T08:12:18.441+0000] {logging_mixin.py:154} INFO - [2026-06-10T08:12:18.441+0000] {dag.py:3722} INFO - Setting next_dagrun for example_subdag_operator.section-2 to None, run_after=None
[2026-06-10T08:12:18.450+0000] {logging_mixin.py:154} INFO - [2026-06-10T08:12:18.450+0000] {dag.py:2941} INFO - Sync 2 DAGs
[2026-06-10T08:12:18.457+0000] {logging_mixin.py:154} INFO - [2026-06-10T08:12:18.457+0000] {dag.py:3722} INFO - Setting next_dagrun for example_subdag_operator.section-1 to None, run_after=None
[2026-06-10T08:12:18.458+0000] {logging_mixin.py:154} INFO - [2026-06-10T08:12:18.457+0000] {dag.py:3722} INFO - Setting next_dagrun for example_subdag_operator.section-2 to None, run_after=None
[2026-06-10T08:12:18.472+0000] {processor.py:179} INFO - Processing /home/airflow/.local/lib/python3.10/site-packages/airflow/example_dags/example_subdag_operator.py took 0.131 seconds
[2026-06-10T08:12:49.866+0000] {processor.py:157} INFO - Started process (PID=1011) to work on /home/airflow/.local/lib/python3.10/site-packages/airflow/example_dags/example_subdag_operator.py
[2026-06-10T08:12:49.868+0000] {processor.py:829} INFO - Processing file /home/airflow/.local/lib/python3.10/site-packages/airflow/example_dags/example_subdag_operator.py for tasks to queue
[2026-06-10T08:12:49.871+0000] {logging_mixin.py:154} INFO - [2026-06-10T08:12:49.871+0000] {dagbag.py:536} INFO - Filling up the DagBag from /home/airflow/.local/lib/python3.10/site-packages/airflow/example_dags/example_subdag_operator.py
[2026-06-10T08:12:49.905+0000] {processor.py:839} INFO - DAG(s) dict_keys(['example_subdag_operator.section-1', 'example_subdag_operator.section-2', 'example_subdag_operator']) retrieved from /home/airflow/.local/lib/python3.10/site-packages/airflow/example_dags/example_subdag_operator.py
[2026-06-10T08:12:49.927+0000] {logging_mixin.py:154} INFO - [2026-06-10T08:12:49.927+0000] {dag.py:2941} INFO - Sync 3 DAGs
[2026-06-10T08:12:49.957+0000] {logging_mixin.py:154} INFO - [2026-06-10T08:12:49.957+0000] {dag.py:3722} INFO - Setting next_dagrun for example_subdag_operator to 2022-01-01T00:00:00+00:00, run_after=2022-01-01T00:00:00+00:00
[2026-06-10T08:12:49.962+0000] {logging_mixin.py:154} INFO - [2026-06-10T08:12:49.962+0000] {dag.py:3722} INFO - Setting next_dagrun for example_subdag_operator.section-1 to None, run_after=None
[2026-06-10T08:12:49.964+0000] {logging_mixin.py:154} INFO - [2026-06-10T08:12:49.964+0000] {dag.py:3722} INFO - Setting next_dagrun for example_subdag_operator.section-2 to None, run_after=None
[2026-06-10T08:12:49.975+0000] {logging_mixin.py:154} INFO - [2026-06-10T08:12:49.975+0000] {dag.py:2941} INFO - Sync 2 DAGs
[2026-06-10T08:12:49.983+0000] {logging_mixin.py:154} INFO - [2026-06-10T08:12:49.983+0000] {dag.py:3722} INFO - Setting next_dagrun for example_subdag_operator.section-1 to None, run_after=None
[2026-06-10T08:12:49.983+0000] {logging_mixin.py:154} INFO - [2026-06-10T08:12:49.983+0000] {dag.py:3722} INFO - Setting next_dagrun for example_subdag_operator.section-2 to None, run_after=None
[2026-06-10T08:12:50.005+0000] {processor.py:179} INFO - Processing /home/airflow/.local/lib/python3.10/site-packages/airflow/example_dags/example_subdag_operator.py took 0.144 seconds
[2026-06-10T08:13:21.420+0000] {processor.py:157} INFO - Started process (PID=1062) to work on /home/airflow/.local/lib/python3.10/site-packages/airflow/example_dags/example_subdag_operator.py
[2026-06-10T08:13:21.423+0000] {processor.py:829} INFO - Processing file /home/airflow/.local/lib/python3.10/site-packages/airflow/example_dags/example_subdag_operator.py for tasks to queue
[2026-06-10T08:13:21.425+0000] {logging_mixin.py:154} INFO - [2026-06-10T08:13:21.425+0000] {dagbag.py:536} INFO - Filling up the DagBag from /home/airflow/.local/lib/python3.10/site-packages/airflow/example_dags/example_subdag_operator.py
[2026-06-10T08:13:21.461+0000] {processor.py:839} INFO - DAG(s) dict_keys(['example_subdag_operator.section-1', 'example_subdag_operator.section-2', 'example_subdag_operator']) retrieved from /home/airflow/.local/lib/python3.10/site-packages/airflow/example_dags/example_subdag_operator.py
[2026-06-10T08:13:21.484+0000] {logging_mixin.py:154} INFO - [2026-06-10T08:13:21.483+0000] {dag.py:2941} INFO - Sync 3 DAGs
[2026-06-10T08:13:21.515+0000] {logging_mixin.py:154} INFO - [2026-06-10T08:13:21.515+0000] {dag.py:3722} INFO - Setting next_dagrun for example_subdag_operator to 2022-01-01T00:00:00+00:00, run_after=2022-01-01T00:00:00+00:00
[2026-06-10T08:13:21.520+0000] {logging_mixin.py:154} INFO - [2026-06-10T08:13:21.520+0000] {dag.py:3722} INFO - Setting next_dagrun for example_subdag_operator.section-1 to None, run_after=None
[2026-06-10T08:13:21.522+0000] {logging_mixin.py:154} INFO - [2026-06-10T08:13:21.522+0000] {dag.py:3722} INFO - Setting next_dagrun for example_subdag_operator.section-2 to None, run_after=None
[2026-06-10T08:13:21.531+0000] {logging_mixin.py:154} INFO - [2026-06-10T08:13:21.531+0000] {dag.py:2941} INFO - Sync 2 DAGs
[2026-06-10T08:13:21.539+0000] {logging_mixin.py:154} INFO - [2026-06-10T08:13:21.538+0000] {dag.py:3722} INFO - Setting next_dagrun for example_subdag_operator.section-1 to None, run_after=None
[2026-06-10T08:13:21.539+0000] {logging_mixin.py:154} INFO - [2026-06-10T08:13:21.539+0000] {dag.py:3722} INFO - Setting next_dagrun for example_subdag_operator.section-2 to None, run_after=None
[2026-06-10T08:13:21.553+0000] {processor.py:179} INFO - Processing /home/airflow/.local/lib/python3.10/site-packages/airflow/example_dags/example_subdag_operator.py took 0.138 seconds
[2026-06-10T08:13:53.517+0000] {processor.py:157} INFO - Started process (PID=1113) to work on /home/airflow/.local/lib/python3.10/site-packages/airflow/example_dags/example_subdag_operator.py
[2026-06-10T08:13:53.527+0000] {processor.py:829} INFO - Processing file /home/airflow/.local/lib/python3.10/site-packages/airflow/example_dags/example_subdag_operator.py for tasks to queue
[2026-06-10T08:13:53.530+0000] {logging_mixin.py:154} INFO - [2026-06-10T08:13:53.529+0000] {dagbag.py:536} INFO - Filling up the DagBag from /home/airflow/.local/lib/python3.10/site-packages/airflow/example_dags/example_subdag_operator.py
[2026-06-10T08:13:53.582+0000] {processor.py:839} INFO - DAG(s) dict_keys(['example_subdag_operator.section-1', 'example_subdag_operator.section-2', 'example_subdag_operator']) retrieved from /home/airflow/.local/lib/python3.10/site-packages/airflow/example_dags/example_subdag_operator.py
[2026-06-10T08:13:53.604+0000] {logging_mixin.py:154} INFO - [2026-06-10T08:13:53.604+0000] {dag.py:2941} INFO - Sync 3 DAGs
[2026-06-10T08:13:53.641+0000] {logging_mixin.py:154} INFO - [2026-06-10T08:13:53.640+0000] {dag.py:3722} INFO - Setting next_dagrun for example_subdag_operator to 2022-01-01T00:00:00+00:00, run_after=2022-01-01T00:00:00+00:00
[2026-06-10T08:13:53.647+0000] {logging_mixin.py:154} INFO - [2026-06-10T08:13:53.647+0000] {dag.py:3722} INFO - Setting next_dagrun for example_subdag_operator.section-1 to None, run_after=None
[2026-06-10T08:13:53.648+0000] {logging_mixin.py:154} INFO - [2026-06-10T08:13:53.648+0000] {dag.py:3722} INFO - Setting next_dagrun for example_subdag_operator.section-2 to None, run_after=None
[2026-06-10T08:13:53.858+0000] {logging_mixin.py:154} INFO - [2026-06-10T08:13:53.858+0000] {dag.py:2941} INFO - Sync 2 DAGs
[2026-06-10T08:13:53.867+0000] {logging_mixin.py:154} INFO - [2026-06-10T08:13:53.866+0000] {dag.py:3722} INFO - Setting next_dagrun for example_subdag_operator.section-1 to None, run_after=None
[2026-06-10T08:13:53.867+0000] {logging_mixin.py:154} INFO - [2026-06-10T08:13:53.867+0000] {dag.py:3722} INFO - Setting next_dagrun for example_subdag_operator.section-2 to None, run_after=None
[2026-06-10T08:13:53.880+0000] {processor.py:179} INFO - Processing /home/airflow/.local/lib/python3.10/site-packages/airflow/example_dags/example_subdag_operator.py took 0.378 seconds
[2026-06-10T08:14:25.399+0000] {processor.py:157} INFO - Started process (PID=1164) to work on /home/airflow/.local/lib/python3.10/site-packages/airflow/example_dags/example_subdag_operator.py
[2026-06-10T08:14:25.400+0000] {processor.py:829} INFO - Processing file /home/airflow/.local/lib/python3.10/site-packages/airflow/example_dags/example_subdag_operator.py for tasks to queue
[2026-06-10T08:14:25.403+0000] {logging_mixin.py:154} INFO - [2026-06-10T08:14:25.403+0000] {dagbag.py:536} INFO - Filling up the DagBag from /home/airflow/.local/lib/python3.10/site-packages/airflow/example_dags/example_subdag_operator.py
[2026-06-10T08:14:25.438+0000] {processor.py:839} INFO - DAG(s) dict_keys(['example_subdag_operator.section-1', 'example_subdag_operator.section-2', 'example_subdag_operator']) retrieved from /home/airflow/.local/lib/python3.10/site-packages/airflow/example_dags/example_subdag_operator.py
[2026-06-10T08:14:25.461+0000] {logging_mixin.py:154} INFO - [2026-06-10T08:14:25.461+0000] {dag.py:2941} INFO - Sync 3 DAGs
[2026-06-10T08:14:25.492+0000] {logging_mixin.py:154} INFO - [2026-06-10T08:14:25.491+0000] {dag.py:3722} INFO - Setting next_dagrun for example_subdag_operator to 2022-01-01T00:00:00+00:00, run_after=2022-01-01T00:00:00+00:00
[2026-06-10T08:14:25.496+0000] {logging_mixin.py:154} INFO - [2026-06-10T08:14:25.496+0000] {dag.py:3722} INFO - Setting next_dagrun for example_subdag_operator.section-1 to None, run_after=None
[2026-06-10T08:14:25.498+0000] {logging_mixin.py:154} INFO - [2026-06-10T08:14:25.498+0000] {dag.py:3722} INFO - Setting next_dagrun for example_subdag_operator.section-2 to None, run_after=None
[2026-06-10T08:14:25.507+0000] {logging_mixin.py:154} INFO - [2026-06-10T08:14:25.507+0000] {dag.py:2941} INFO - Sync 2 DAGs
[2026-06-10T08:14:25.514+0000] {logging_mixin.py:154} INFO - [2026-06-10T08:14:25.513+0000] {dag.py:3722} INFO - Setting next_dagrun for example_subdag_operator.section-1 to None, run_after=None
[2026-06-10T08:14:25.514+0000] {logging_mixin.py:154} INFO - [2026-06-10T08:14:25.514+0000] {dag.py:3722} INFO - Setting next_dagrun for example_subdag_operator.section-2 to None, run_after=None
[2026-06-10T08:14:25.549+0000] {processor.py:179} INFO - Processing /home/airflow/.local/lib/python3.10/site-packages/airflow/example_dags/example_subdag_operator.py took 0.155 seconds
[2026-06-10T08:14:56.414+0000] {processor.py:157} INFO - Started process (PID=1215) to work on /home/airflow/.local/lib/python3.10/site-packages/airflow/example_dags/example_subdag_operator.py
[2026-06-10T08:14:56.432+0000] {processor.py:829} INFO - Processing file /home/airflow/.local/lib/python3.10/site-packages/airflow/example_dags/example_subdag_operator.py for tasks to queue
[2026-06-10T08:14:56.435+0000] {logging_mixin.py:154} INFO - [2026-06-10T08:14:56.435+0000] {dagbag.py:536} INFO - Filling up the DagBag from /home/airflow/.local/lib/python3.10/site-packages/airflow/example_dags/example_subdag_operator.py
[2026-06-10T08:14:56.498+0000] {processor.py:839} INFO - DAG(s) dict_keys(['example_subdag_operator.section-1', 'example_subdag_operator.section-2', 'example_subdag_operator']) retrieved from /home/airflow/.local/lib/python3.10/site-packages/airflow/example_dags/example_subdag_operator.py
[2026-06-10T08:14:56.555+0000] {logging_mixin.py:154} INFO - [2026-06-10T08:14:56.548+0000] {dag.py:2941} INFO - Sync 3 DAGs
[2026-06-10T08:14:56.612+0000] {logging_mixin.py:154} INFO - [2026-06-10T08:14:56.611+0000] {dag.py:3722} INFO - Setting next_dagrun for example_subdag_operator to 2022-01-01T00:00:00+00:00, run_after=2022-01-01T00:00:00+00:00
[2026-06-10T08:14:56.624+0000] {logging_mixin.py:154} INFO - [2026-06-10T08:14:56.623+0000] {dag.py:3722} INFO - Setting next_dagrun for example_subdag_operator.section-1 to None, run_after=None
[2026-06-10T08:14:56.625+0000] {logging_mixin.py:154} INFO - [2026-06-10T08:14:56.625+0000] {dag.py:3722} INFO - Setting next_dagrun for example_subdag_operator.section-2 to None, run_after=None
[2026-06-10T08:14:56.645+0000] {logging_mixin.py:154} INFO - [2026-06-10T08:14:56.644+0000] {dag.py:2941} INFO - Sync 2 DAGs
[2026-06-10T08:14:56.669+0000] {logging_mixin.py:154} INFO - [2026-06-10T08:14:56.669+0000] {dag.py:3722} INFO - Setting next_dagrun for example_subdag_operator.section-1 to None, run_after=None
[2026-06-10T08:14:56.670+0000] {logging_mixin.py:154} INFO - [2026-06-10T08:14:56.670+0000] {dag.py:3722} INFO - Setting next_dagrun for example_subdag_operator.section-2 to None, run_after=None
[2026-06-10T08:14:56.696+0000] {processor.py:179} INFO - Processing /home/airflow/.local/lib/python3.10/site-packages/airflow/example_dags/example_subdag_operator.py took 0.288 seconds
[2026-06-10T08:15:27.632+0000] {processor.py:157} INFO - Started process (PID=1266) to work on /home/airflow/.local/lib/python3.10/site-packages/airflow/example_dags/example_subdag_operator.py
[2026-06-10T08:15:27.633+0000] {processor.py:829} INFO - Processing file /home/airflow/.local/lib/python3.10/site-packages/airflow/example_dags/example_subdag_operator.py for tasks to queue
[2026-06-10T08:15:27.636+0000] {logging_mixin.py:154} INFO - [2026-06-10T08:15:27.635+0000] {dagbag.py:536} INFO - Filling up the DagBag from /home/airflow/.local/lib/python3.10/site-packages/airflow/example_dags/example_subdag_operator.py
[2026-06-10T08:15:27.670+0000] {processor.py:839} INFO - DAG(s) dict_keys(['example_subdag_operator.section-1', 'example_subdag_operator.section-2', 'example_subdag_operator']) retrieved from /home/airflow/.local/lib/python3.10/site-packages/airflow/example_dags/example_subdag_operator.py
[2026-06-10T08:15:27.696+0000] {logging_mixin.py:154} INFO - [2026-06-10T08:15:27.696+0000] {dag.py:2941} INFO - Sync 3 DAGs
[2026-06-10T08:15:27.927+0000] {logging_mixin.py:154} INFO - [2026-06-10T08:15:27.926+0000] {dag.py:3722} INFO - Setting next_dagrun for example_subdag_operator to 2022-01-01T00:00:00+00:00, run_after=2022-01-01T00:00:00+00:00
[2026-06-10T08:15:27.931+0000] {logging_mixin.py:154} INFO - [2026-06-10T08:15:27.931+0000] {dag.py:3722} INFO - Setting next_dagrun for example_subdag_operator.section-1 to None, run_after=None
[2026-06-10T08:15:27.933+0000] {logging_mixin.py:154} INFO - [2026-06-10T08:15:27.933+0000] {dag.py:3722} INFO - Setting next_dagrun for example_subdag_operator.section-2 to None, run_after=None
[2026-06-10T08:15:27.942+0000] {logging_mixin.py:154} INFO - [2026-06-10T08:15:27.942+0000] {dag.py:2941} INFO - Sync 2 DAGs
[2026-06-10T08:15:27.949+0000] {logging_mixin.py:154} INFO - [2026-06-10T08:15:27.949+0000] {dag.py:3722} INFO - Setting next_dagrun for example_subdag_operator.section-1 to None, run_after=None
[2026-06-10T08:15:27.949+0000] {logging_mixin.py:154} INFO - [2026-06-10T08:15:27.949+0000] {dag.py:3722} INFO - Setting next_dagrun for example_subdag_operator.section-2 to None, run_after=None
[2026-06-10T08:15:27.967+0000] {processor.py:179} INFO - Processing /home/airflow/.local/lib/python3.10/site-packages/airflow/example_dags/example_subdag_operator.py took 0.340 seconds
[2026-06-10T08:15:58.048+0000] {processor.py:157} INFO - Started process (PID=1317) to work on /home/airflow/.local/lib/python3.10/site-packages/airflow/example_dags/example_subdag_operator.py
[2026-06-10T08:15:58.057+0000] {processor.py:829} INFO - Processing file /home/airflow/.local/lib/python3.10/site-packages/airflow/example_dags/example_subdag_operator.py for tasks to queue
[2026-06-10T08:15:58.065+0000] {logging_mixin.py:154} INFO - [2026-06-10T08:15:58.065+0000] {dagbag.py:536} INFO - Filling up the DagBag from /home/airflow/.local/lib/python3.10/site-packages/airflow/example_dags/example_subdag_operator.py
[2026-06-10T08:15:58.101+0000] {processor.py:839} INFO - DAG(s) dict_keys(['example_subdag_operator.section-1', 'example_subdag_operator.section-2', 'example_subdag_operator']) retrieved from /home/airflow/.local/lib/python3.10/site-packages/airflow/example_dags/example_subdag_operator.py
[2026-06-10T08:15:58.124+0000] {logging_mixin.py:154} INFO - [2026-06-10T08:15:58.124+0000] {dag.py:2941} INFO - Sync 3 DAGs
[2026-06-10T08:15:58.155+0000] {logging_mixin.py:154} INFO - [2026-06-10T08:15:58.155+0000] {dag.py:3722} INFO - Setting next_dagrun for example_subdag_operator to 2022-01-01T00:00:00+00:00, run_after=2022-01-01T00:00:00+00:00
[2026-06-10T08:15:58.160+0000] {logging_mixin.py:154} INFO - [2026-06-10T08:15:58.160+0000] {dag.py:3722} INFO - Setting next_dagrun for example_subdag_operator.section-1 to None, run_after=None
[2026-06-10T08:15:58.162+0000] {logging_mixin.py:154} INFO - [2026-06-10T08:15:58.161+0000] {dag.py:3722} INFO - Setting next_dagrun for example_subdag_operator.section-2 to None, run_after=None
[2026-06-10T08:15:58.172+0000] {logging_mixin.py:154} INFO - [2026-06-10T08:15:58.172+0000] {dag.py:2941} INFO - Sync 2 DAGs
[2026-06-10T08:15:58.178+0000] {logging_mixin.py:154} INFO - [2026-06-10T08:15:58.178+0000] {dag.py:3722} INFO - Setting next_dagrun for example_subdag_operator.section-1 to None, run_after=None
[2026-06-10T08:15:58.179+0000] {logging_mixin.py:154} INFO - [2026-06-10T08:15:58.179+0000] {dag.py:3722} INFO - Setting next_dagrun for example_subdag_operator.section-2 to None, run_after=None
[2026-06-10T08:15:58.192+0000] {processor.py:179} INFO - Processing /home/airflow/.local/lib/python3.10/site-packages/airflow/example_dags/example_subdag_operator.py took 0.150 seconds
[2026-06-10T08:16:31.076+0000] {processor.py:157} INFO - Started process (PID=1370) to work on /home/airflow/.local/lib/python3.10/site-packages/airflow/example_dags/example_subdag_operator.py
[2026-06-10T08:16:31.085+0000] {processor.py:829} INFO - Processing file /home/airflow/.local/lib/python3.10/site-packages/airflow/example_dags/example_subdag_operator.py for tasks to queue
[2026-06-10T08:16:31.091+0000] {logging_mixin.py:154} INFO - [2026-06-10T08:16:31.091+0000] {dagbag.py:536} INFO - Filling up the DagBag from /home/airflow/.local/lib/python3.10/site-packages/airflow/example_dags/example_subdag_operator.py
[2026-06-10T08:16:31.132+0000] {processor.py:839} INFO - DAG(s) dict_keys(['example_subdag_operator.section-1', 'example_subdag_operator.section-2', 'example_subdag_operator']) retrieved from /home/airflow/.local/lib/python3.10/site-packages/airflow/example_dags/example_subdag_operator.py
[2026-06-10T08:16:31.157+0000] {logging_mixin.py:154} INFO - [2026-06-10T08:16:31.157+0000] {dag.py:2941} INFO - Sync 3 DAGs
[2026-06-10T08:16:31.188+0000] {logging_mixin.py:154} INFO - [2026-06-10T08:16:31.188+0000] {dag.py:3722} INFO - Setting next_dagrun for example_subdag_operator to 2022-01-01T00:00:00+00:00, run_after=2022-01-01T00:00:00+00:00
[2026-06-10T08:16:31.193+0000] {logging_mixin.py:154} INFO - [2026-06-10T08:16:31.193+0000] {dag.py:3722} INFO - Setting next_dagrun for example_subdag_operator.section-1 to None, run_after=None
[2026-06-10T08:16:31.195+0000] {logging_mixin.py:154} INFO - [2026-06-10T08:16:31.195+0000] {dag.py:3722} INFO - Setting next_dagrun for example_subdag_operator.section-2 to None, run_after=None
[2026-06-10T08:16:31.205+0000] {logging_mixin.py:154} INFO - [2026-06-10T08:16:31.204+0000] {dag.py:2941} INFO - Sync 2 DAGs
[2026-06-10T08:16:31.211+0000] {logging_mixin.py:154} INFO - [2026-06-10T08:16:31.211+0000] {dag.py:3722} INFO - Setting next_dagrun for example_subdag_operator.section-1 to None, run_after=None
[2026-06-10T08:16:31.212+0000] {logging_mixin.py:154} INFO - [2026-06-10T08:16:31.212+0000] {dag.py:3722} INFO - Setting next_dagrun for example_subdag_operator.section-2 to None, run_after=None
[2026-06-10T08:16:31.226+0000] {processor.py:179} INFO - Processing /home/airflow/.local/lib/python3.10/site-packages/airflow/example_dags/example_subdag_operator.py took 0.155 seconds
[2026-06-10T08:17:03.325+0000] {processor.py:157} INFO - Started process (PID=1422) to work on /home/airflow/.local/lib/python3.10/site-packages/airflow/example_dags/example_subdag_operator.py
[2026-06-10T08:17:03.329+0000] {processor.py:829} INFO - Processing file /home/airflow/.local/lib/python3.10/site-packages/airflow/example_dags/example_subdag_operator.py for tasks to queue
[2026-06-10T08:17:03.331+0000] {logging_mixin.py:154} INFO - [2026-06-10T08:17:03.331+0000] {dagbag.py:536} INFO - Filling up the DagBag from /home/airflow/.local/lib/python3.10/site-packages/airflow/example_dags/example_subdag_operator.py
[2026-06-10T08:17:03.397+0000] {processor.py:839} INFO - DAG(s) dict_keys(['example_subdag_operator.section-1', 'example_subdag_operator.section-2', 'example_subdag_operator']) retrieved from /home/airflow/.local/lib/python3.10/site-packages/airflow/example_dags/example_subdag_operator.py
[2026-06-10T08:17:04.211+0000] {logging_mixin.py:154} INFO - [2026-06-10T08:17:04.211+0000] {dag.py:2941} INFO - Sync 3 DAGs
[2026-06-10T08:17:04.259+0000] {logging_mixin.py:154} INFO - [2026-06-10T08:17:04.259+0000] {dag.py:3722} INFO - Setting next_dagrun for example_subdag_operator to 2022-01-01T00:00:00+00:00, run_after=2022-01-01T00:00:00+00:00
[2026-06-10T08:17:04.264+0000] {logging_mixin.py:154} INFO - [2026-06-10T08:17:04.263+0000] {dag.py:3722} INFO - Setting next_dagrun for example_subdag_operator.section-1 to None, run_after=None
[2026-06-10T08:17:04.265+0000] {logging_mixin.py:154} INFO - [2026-06-10T08:17:04.265+0000] {dag.py:3722} INFO - Setting next_dagrun for example_subdag_operator.section-2 to None, run_after=None
[2026-06-10T08:17:04.274+0000] {logging_mixin.py:154} INFO - [2026-06-10T08:17:04.273+0000] {dag.py:2941} INFO - Sync 2 DAGs
[2026-06-10T08:17:04.280+0000] {logging_mixin.py:154} INFO - [2026-06-10T08:17:04.280+0000] {dag.py:3722} INFO - Setting next_dagrun for example_subdag_operator.section-1 to None, run_after=None
[2026-06-10T08:17:04.281+0000] {logging_mixin.py:154} INFO - [2026-06-10T08:17:04.281+0000] {dag.py:3722} INFO - Setting next_dagrun for example_subdag_operator.section-2 to None, run_after=None
[2026-06-10T08:17:04.322+0000] {processor.py:179} INFO - Processing /home/airflow/.local/lib/python3.10/site-packages/airflow/example_dags/example_subdag_operator.py took 1.003 seconds
[2026-06-10T08:17:34.589+0000] {processor.py:157} INFO - Started process (PID=1473) to work on /home/airflow/.local/lib/python3.10/site-packages/airflow/example_dags/example_subdag_operator.py
[2026-06-10T08:17:34.590+0000] {processor.py:829} INFO - Processing file /home/airflow/.local/lib/python3.10/site-packages/airflow/example_dags/example_subdag_operator.py for tasks to queue
[2026-06-10T08:17:34.593+0000] {logging_mixin.py:154} INFO - [2026-06-10T08:17:34.592+0000] {dagbag.py:536} INFO - Filling up the DagBag from /home/airflow/.local/lib/python3.10/site-packages/airflow/example_dags/example_subdag_operator.py
[2026-06-10T08:17:34.627+0000] {processor.py:839} INFO - DAG(s) dict_keys(['example_subdag_operator.section-1', 'example_subdag_operator.section-2', 'example_subdag_operator']) retrieved from /home/airflow/.local/lib/python3.10/site-packages/airflow/example_dags/example_subdag_operator.py
[2026-06-10T08:17:34.650+0000] {logging_mixin.py:154} INFO - [2026-06-10T08:17:34.650+0000] {dag.py:2941} INFO - Sync 3 DAGs
[2026-06-10T08:17:34.690+0000] {logging_mixin.py:154} INFO - [2026-06-10T08:17:34.690+0000] {dag.py:3722} INFO - Setting next_dagrun for example_subdag_operator to 2022-01-01T00:00:00+00:00, run_after=2022-01-01T00:00:00+00:00
[2026-06-10T08:17:34.695+0000] {logging_mixin.py:154} INFO - [2026-06-10T08:17:34.695+0000] {dag.py:3722} INFO - Setting next_dagrun for example_subdag_operator.section-1 to None, run_after=None
[2026-06-10T08:17:34.696+0000] {logging_mixin.py:154} INFO - [2026-06-10T08:17:34.696+0000] {dag.py:3722} INFO - Setting next_dagrun for example_subdag_operator.section-2 to None, run_after=None
[2026-06-10T08:17:34.705+0000] {logging_mixin.py:154} INFO - [2026-06-10T08:17:34.705+0000] {dag.py:2941} INFO - Sync 2 DAGs
[2026-06-10T08:17:34.711+0000] {logging_mixin.py:154} INFO - [2026-06-10T08:17:34.711+0000] {dag.py:3722} INFO - Setting next_dagrun for example_subdag_operator.section-1 to None, run_after=None
[2026-06-10T08:17:34.711+0000] {logging_mixin.py:154} INFO - [2026-06-10T08:17:34.711+0000] {dag.py:3722} INFO - Setting next_dagrun for example_subdag_operator.section-2 to None, run_after=None
[2026-06-10T08:17:34.726+0000] {processor.py:179} INFO - Processing /home/airflow/.local/lib/python3.10/site-packages/airflow/example_dags/example_subdag_operator.py took 0.142 seconds
[2026-06-10T08:19:45.513+0000] {processor.py:157} INFO - Started process (PID=44) to work on /home/airflow/.local/lib/python3.10/site-packages/airflow/example_dags/example_subdag_operator.py
[2026-06-10T08:19:45.517+0000] {processor.py:829} INFO - Processing file /home/airflow/.local/lib/python3.10/site-packages/airflow/example_dags/example_subdag_operator.py for tasks to queue
[2026-06-10T08:19:45.520+0000] {logging_mixin.py:154} INFO - [2026-06-10T08:19:45.520+0000] {dagbag.py:536} INFO - Filling up the DagBag from /home/airflow/.local/lib/python3.10/site-packages/airflow/example_dags/example_subdag_operator.py
[2026-06-10T08:19:45.684+0000] {processor.py:839} INFO - DAG(s) dict_keys(['example_subdag_operator.section-1', 'example_subdag_operator.section-2', 'example_subdag_operator']) retrieved from /home/airflow/.local/lib/python3.10/site-packages/airflow/example_dags/example_subdag_operator.py
[2026-06-10T08:19:45.833+0000] {logging_mixin.py:154} INFO - [2026-06-10T08:19:45.833+0000] {dag.py:2941} INFO - Sync 3 DAGs
[2026-06-10T08:19:45.954+0000] {logging_mixin.py:154} INFO - [2026-06-10T08:19:45.954+0000] {dag.py:3722} INFO - Setting next_dagrun for example_subdag_operator to 2022-01-01T00:00:00+00:00, run_after=2022-01-01T00:00:00+00:00
[2026-06-10T08:19:45.972+0000] {logging_mixin.py:154} INFO - [2026-06-10T08:19:45.971+0000] {dag.py:3722} INFO - Setting next_dagrun for example_subdag_operator.section-1 to None, run_after=None
[2026-06-10T08:19:45.994+0000] {logging_mixin.py:154} INFO - [2026-06-10T08:19:45.993+0000] {dag.py:3722} INFO - Setting next_dagrun for example_subdag_operator.section-2 to None, run_after=None
[2026-06-10T08:19:46.032+0000] {logging_mixin.py:154} INFO - [2026-06-10T08:19:46.032+0000] {dag.py:2941} INFO - Sync 2 DAGs
[2026-06-10T08:19:46.086+0000] {logging_mixin.py:154} INFO - [2026-06-10T08:19:46.085+0000] {dag.py:3722} INFO - Setting next_dagrun for example_subdag_operator.section-1 to None, run_after=None
[2026-06-10T08:19:46.086+0000] {logging_mixin.py:154} INFO - [2026-06-10T08:19:46.086+0000] {dag.py:3722} INFO - Setting next_dagrun for example_subdag_operator.section-2 to None, run_after=None
[2026-06-10T08:19:46.132+0000] {processor.py:179} INFO - Processing /home/airflow/.local/lib/python3.10/site-packages/airflow/example_dags/example_subdag_operator.py took 0.637 seconds
[2026-06-10T08:20:16.295+0000] {processor.py:157} INFO - Started process (PID=95) to work on /home/airflow/.local/lib/python3.10/site-packages/airflow/example_dags/example_subdag_operator.py
[2026-06-10T08:20:16.297+0000] {processor.py:829} INFO - Processing file /home/airflow/.local/lib/python3.10/site-packages/airflow/example_dags/example_subdag_operator.py for tasks to queue
[2026-06-10T08:20:16.299+0000] {logging_mixin.py:154} INFO - [2026-06-10T08:20:16.299+0000] {dagbag.py:536} INFO - Filling up the DagBag from /home/airflow/.local/lib/python3.10/site-packages/airflow/example_dags/example_subdag_operator.py
[2026-06-10T08:20:16.377+0000] {processor.py:839} INFO - DAG(s) dict_keys(['example_subdag_operator.section-1', 'example_subdag_operator.section-2', 'example_subdag_operator']) retrieved from /home/airflow/.local/lib/python3.10/site-packages/airflow/example_dags/example_subdag_operator.py
[2026-06-10T08:20:16.438+0000] {logging_mixin.py:154} INFO - [2026-06-10T08:20:16.438+0000] {dag.py:2941} INFO - Sync 3 DAGs
[2026-06-10T08:20:16.487+0000] {logging_mixin.py:154} INFO - [2026-06-10T08:20:16.487+0000] {dag.py:3722} INFO - Setting next_dagrun for example_subdag_operator to 2022-01-01T00:00:00+00:00, run_after=2022-01-01T00:00:00+00:00
[2026-06-10T08:20:16.493+0000] {logging_mixin.py:154} INFO - [2026-06-10T08:20:16.493+0000] {dag.py:3722} INFO - Setting next_dagrun for example_subdag_operator.section-1 to None, run_after=None
[2026-06-10T08:20:16.498+0000] {logging_mixin.py:154} INFO - [2026-06-10T08:20:16.497+0000] {dag.py:3722} INFO - Setting next_dagrun for example_subdag_operator.section-2 to None, run_after=None
[2026-06-10T08:20:16.520+0000] {logging_mixin.py:154} INFO - [2026-06-10T08:20:16.520+0000] {dag.py:2941} INFO - Sync 2 DAGs
[2026-06-10T08:20:16.533+0000] {logging_mixin.py:154} INFO - [2026-06-10T08:20:16.533+0000] {dag.py:3722} INFO - Setting next_dagrun for example_subdag_operator.section-1 to None, run_after=None
[2026-06-10T08:20:16.534+0000] {logging_mixin.py:154} INFO - [2026-06-10T08:20:16.534+0000] {dag.py:3722} INFO - Setting next_dagrun for example_subdag_operator.section-2 to None, run_after=None
[2026-06-10T08:20:16.552+0000] {processor.py:179} INFO - Processing /home/airflow/.local/lib/python3.10/site-packages/airflow/example_dags/example_subdag_operator.py took 0.283 seconds
[2026-06-10T08:20:47.591+0000] {processor.py:157} INFO - Started process (PID=146) to work on /home/airflow/.local/lib/python3.10/site-packages/airflow/example_dags/example_subdag_operator.py
[2026-06-10T08:20:47.603+0000] {processor.py:829} INFO - Processing file /home/airflow/.local/lib/python3.10/site-packages/airflow/example_dags/example_subdag_operator.py for tasks to queue
[2026-06-10T08:20:47.607+0000] {logging_mixin.py:154} INFO - [2026-06-10T08:20:47.606+0000] {dagbag.py:536} INFO - Filling up the DagBag from /home/airflow/.local/lib/python3.10/site-packages/airflow/example_dags/example_subdag_operator.py
[2026-06-10T08:20:47.711+0000] {processor.py:839} INFO - DAG(s) dict_keys(['example_subdag_operator.section-1', 'example_subdag_operator.section-2', 'example_subdag_operator']) retrieved from /home/airflow/.local/lib/python3.10/site-packages/airflow/example_dags/example_subdag_operator.py
[2026-06-10T08:20:47.811+0000] {logging_mixin.py:154} INFO - [2026-06-10T08:20:47.811+0000] {dag.py:2941} INFO - Sync 3 DAGs
[2026-06-10T08:20:47.944+0000] {logging_mixin.py:154} INFO - [2026-06-10T08:20:47.944+0000] {dag.py:3722} INFO - Setting next_dagrun for example_subdag_operator to 2022-01-01T00:00:00+00:00, run_after=2022-01-01T00:00:00+00:00
[2026-06-10T08:20:47.954+0000] {logging_mixin.py:154} INFO - [2026-06-10T08:20:47.954+0000] {dag.py:3722} INFO - Setting next_dagrun for example_subdag_operator.section-1 to None, run_after=None
[2026-06-10T08:20:47.973+0000] {logging_mixin.py:154} INFO - [2026-06-10T08:20:47.973+0000] {dag.py:3722} INFO - Setting next_dagrun for example_subdag_operator.section-2 to None, run_after=None
[2026-06-10T08:20:48.026+0000] {logging_mixin.py:154} INFO - [2026-06-10T08:20:48.026+0000] {dag.py:2941} INFO - Sync 2 DAGs
[2026-06-10T08:20:48.062+0000] {logging_mixin.py:154} INFO - [2026-06-10T08:20:48.061+0000] {dag.py:3722} INFO - Setting next_dagrun for example_subdag_operator.section-1 to None, run_after=None
[2026-06-10T08:20:48.075+0000] {logging_mixin.py:154} INFO - [2026-06-10T08:20:48.075+0000] {dag.py:3722} INFO - Setting next_dagrun for example_subdag_operator.section-2 to None, run_after=None
[2026-06-10T08:20:48.124+0000] {processor.py:179} INFO - Processing /home/airflow/.local/lib/python3.10/site-packages/airflow/example_dags/example_subdag_operator.py took 0.546 seconds
[2026-06-10T08:21:20.109+0000] {processor.py:157} INFO - Started process (PID=197) to work on /home/airflow/.local/lib/python3.10/site-packages/airflow/example_dags/example_subdag_operator.py
[2026-06-10T08:21:20.114+0000] {processor.py:829} INFO - Processing file /home/airflow/.local/lib/python3.10/site-packages/airflow/example_dags/example_subdag_operator.py for tasks to queue
[2026-06-10T08:21:20.117+0000] {logging_mixin.py:154} INFO - [2026-06-10T08:21:20.116+0000] {dagbag.py:536} INFO - Filling up the DagBag from /home/airflow/.local/lib/python3.10/site-packages/airflow/example_dags/example_subdag_operator.py
[2026-06-10T08:21:20.149+0000] {processor.py:839} INFO - DAG(s) dict_keys(['example_subdag_operator.section-1', 'example_subdag_operator.section-2', 'example_subdag_operator']) retrieved from /home/airflow/.local/lib/python3.10/site-packages/airflow/example_dags/example_subdag_operator.py
[2026-06-10T08:21:20.172+0000] {logging_mixin.py:154} INFO - [2026-06-10T08:21:20.172+0000] {dag.py:2941} INFO - Sync 3 DAGs
[2026-06-10T08:21:20.205+0000] {logging_mixin.py:154} INFO - [2026-06-10T08:21:20.205+0000] {dag.py:3722} INFO - Setting next_dagrun for example_subdag_operator to 2022-01-01T00:00:00+00:00, run_after=2022-01-01T00:00:00+00:00
[2026-06-10T08:21:20.210+0000] {logging_mixin.py:154} INFO - [2026-06-10T08:21:20.210+0000] {dag.py:3722} INFO - Setting next_dagrun for example_subdag_operator.section-1 to None, run_after=None
[2026-06-10T08:21:20.212+0000] {logging_mixin.py:154} INFO - [2026-06-10T08:21:20.212+0000] {dag.py:3722} INFO - Setting next_dagrun for example_subdag_operator.section-2 to None, run_after=None
[2026-06-10T08:21:20.221+0000] {logging_mixin.py:154} INFO - [2026-06-10T08:21:20.221+0000] {dag.py:2941} INFO - Sync 2 DAGs
[2026-06-10T08:21:20.228+0000] {logging_mixin.py:154} INFO - [2026-06-10T08:21:20.228+0000] {dag.py:3722} INFO - Setting next_dagrun for example_subdag_operator.section-1 to None, run_after=None
[2026-06-10T08:21:20.229+0000] {logging_mixin.py:154} INFO - [2026-06-10T08:21:20.229+0000] {dag.py:3722} INFO - Setting next_dagrun for example_subdag_operator.section-2 to None, run_after=None
[2026-06-10T08:21:20.243+0000] {processor.py:179} INFO - Processing /home/airflow/.local/lib/python3.10/site-packages/airflow/example_dags/example_subdag_operator.py took 0.140 seconds
[2026-06-10T08:21:56.954+0000] {processor.py:157} INFO - Started process (PID=248) to work on /home/airflow/.local/lib/python3.10/site-packages/airflow/example_dags/example_subdag_operator.py
[2026-06-10T08:21:56.964+0000] {processor.py:829} INFO - Processing file /home/airflow/.local/lib/python3.10/site-packages/airflow/example_dags/example_subdag_operator.py for tasks to queue
[2026-06-10T08:21:56.967+0000] {logging_mixin.py:154} INFO - [2026-06-10T08:21:56.967+0000] {dagbag.py:536} INFO - Filling up the DagBag from /home/airflow/.local/lib/python3.10/site-packages/airflow/example_dags/example_subdag_operator.py
[2026-06-10T08:21:57.036+0000] {processor.py:839} INFO - DAG(s) dict_keys(['example_subdag_operator.section-1', 'example_subdag_operator.section-2', 'example_subdag_operator']) retrieved from /home/airflow/.local/lib/python3.10/site-packages/airflow/example_dags/example_subdag_operator.py
[2026-06-10T08:21:57.087+0000] {logging_mixin.py:154} INFO - [2026-06-10T08:21:57.087+0000] {dag.py:2941} INFO - Sync 3 DAGs
[2026-06-10T08:21:57.169+0000] {logging_mixin.py:154} INFO - [2026-06-10T08:21:57.168+0000] {dag.py:3722} INFO - Setting next_dagrun for example_subdag_operator to 2022-01-01T00:00:00+00:00, run_after=2022-01-01T00:00:00+00:00
[2026-06-10T08:21:57.188+0000] {logging_mixin.py:154} INFO - [2026-06-10T08:21:57.181+0000] {dag.py:3722} INFO - Setting next_dagrun for example_subdag_operator.section-1 to None, run_after=None
[2026-06-10T08:21:57.192+0000] {logging_mixin.py:154} INFO - [2026-06-10T08:21:57.191+0000] {dag.py:3722} INFO - Setting next_dagrun for example_subdag_operator.section-2 to None, run_after=None
[2026-06-10T08:21:57.236+0000] {logging_mixin.py:154} INFO - [2026-06-10T08:21:57.236+0000] {dag.py:2941} INFO - Sync 2 DAGs
[2026-06-10T08:21:57.246+0000] {logging_mixin.py:154} INFO - [2026-06-10T08:21:57.246+0000] {dag.py:3722} INFO - Setting next_dagrun for example_subdag_operator.section-1 to None, run_after=None
[2026-06-10T08:21:57.247+0000] {logging_mixin.py:154} INFO - [2026-06-10T08:21:57.247+0000] {dag.py:3722} INFO - Setting next_dagrun for example_subdag_operator.section-2 to None, run_after=None
[2026-06-10T08:21:57.300+0000] {processor.py:179} INFO - Processing /home/airflow/.local/lib/python3.10/site-packages/airflow/example_dags/example_subdag_operator.py took 0.351 seconds
[2026-06-10T08:22:28.776+0000] {processor.py:157} INFO - Started process (PID=299) to work on /home/airflow/.local/lib/python3.10/site-packages/airflow/example_dags/example_subdag_operator.py
[2026-06-10T08:22:28.795+0000] {processor.py:829} INFO - Processing file /home/airflow/.local/lib/python3.10/site-packages/airflow/example_dags/example_subdag_operator.py for tasks to queue
[2026-06-10T08:22:28.806+0000] {logging_mixin.py:154} INFO - [2026-06-10T08:22:28.806+0000] {dagbag.py:536} INFO - Filling up the DagBag from /home/airflow/.local/lib/python3.10/site-packages/airflow/example_dags/example_subdag_operator.py
[2026-06-10T08:22:28.980+0000] {processor.py:839} INFO - DAG(s) dict_keys(['example_subdag_operator.section-1', 'example_subdag_operator.section-2', 'example_subdag_operator']) retrieved from /home/airflow/.local/lib/python3.10/site-packages/airflow/example_dags/example_subdag_operator.py
[2026-06-10T08:22:29.124+0000] {logging_mixin.py:154} INFO - [2026-06-10T08:22:29.123+0000] {dag.py:2941} INFO - Sync 3 DAGs
[2026-06-10T08:22:29.284+0000] {logging_mixin.py:154} INFO - [2026-06-10T08:22:29.283+0000] {dag.py:3722} INFO - Setting next_dagrun for example_subdag_operator to 2022-01-01T00:00:00+00:00, run_after=2022-01-01T00:00:00+00:00
[2026-06-10T08:22:29.303+0000] {logging_mixin.py:154} INFO - [2026-06-10T08:22:29.303+0000] {dag.py:3722} INFO - Setting next_dagrun for example_subdag_operator.section-1 to None, run_after=None
[2026-06-10T08:22:29.310+0000] {logging_mixin.py:154} INFO - [2026-06-10T08:22:29.310+0000] {dag.py:3722} INFO - Setting next_dagrun for example_subdag_operator.section-2 to None, run_after=None
[2026-06-10T08:22:29.373+0000] {logging_mixin.py:154} INFO - [2026-06-10T08:22:29.373+0000] {dag.py:2941} INFO - Sync 2 DAGs
[2026-06-10T08:22:29.397+0000] {logging_mixin.py:154} INFO - [2026-06-10T08:22:29.397+0000] {dag.py:3722} INFO - Setting next_dagrun for example_subdag_operator.section-1 to None, run_after=None
[2026-06-10T08:22:29.399+0000] {logging_mixin.py:154} INFO - [2026-06-10T08:22:29.399+0000] {dag.py:3722} INFO - Setting next_dagrun for example_subdag_operator.section-2 to None, run_after=None
[2026-06-10T08:22:29.464+0000] {processor.py:179} INFO - Processing /home/airflow/.local/lib/python3.10/site-packages/airflow/example_dags/example_subdag_operator.py took 0.722 seconds
[2026-06-10T08:23:00.029+0000] {processor.py:157} INFO - Started process (PID=350) to work on /home/airflow/.local/lib/python3.10/site-packages/airflow/example_dags/example_subdag_operator.py
[2026-06-10T08:23:00.031+0000] {processor.py:829} INFO - Processing file /home/airflow/.local/lib/python3.10/site-packages/airflow/example_dags/example_subdag_operator.py for tasks to queue
[2026-06-10T08:23:00.033+0000] {logging_mixin.py:154} INFO - [2026-06-10T08:23:00.033+0000] {dagbag.py:536} INFO - Filling up the DagBag from /home/airflow/.local/lib/python3.10/site-packages/airflow/example_dags/example_subdag_operator.py
[2026-06-10T08:23:00.102+0000] {processor.py:839} INFO - DAG(s) dict_keys(['example_subdag_operator.section-1', 'example_subdag_operator.section-2', 'example_subdag_operator']) retrieved from /home/airflow/.local/lib/python3.10/site-packages/airflow/example_dags/example_subdag_operator.py
[2026-06-10T08:23:00.127+0000] {logging_mixin.py:154} INFO - [2026-06-10T08:23:00.127+0000] {dag.py:2941} INFO - Sync 3 DAGs
[2026-06-10T08:23:00.160+0000] {logging_mixin.py:154} INFO - [2026-06-10T08:23:00.160+0000] {dag.py:3722} INFO - Setting next_dagrun for example_subdag_operator to 2022-01-01T00:00:00+00:00, run_after=2022-01-01T00:00:00+00:00
[2026-06-10T08:23:00.164+0000] {logging_mixin.py:154} INFO - [2026-06-10T08:23:00.164+0000] {dag.py:3722} INFO - Setting next_dagrun for example_subdag_operator.section-1 to None, run_after=None
[2026-06-10T08:23:00.165+0000] {logging_mixin.py:154} INFO - [2026-06-10T08:23:00.165+0000] {dag.py:3722} INFO - Setting next_dagrun for example_subdag_operator.section-2 to None, run_after=None
[2026-06-10T08:23:00.172+0000] {logging_mixin.py:154} INFO - [2026-06-10T08:23:00.172+0000] {dag.py:2941} INFO - Sync 2 DAGs
[2026-06-10T08:23:00.177+0000] {logging_mixin.py:154} INFO - [2026-06-10T08:23:00.177+0000] {dag.py:3722} INFO - Setting next_dagrun for example_subdag_operator.section-1 to None, run_after=None
[2026-06-10T08:23:00.177+0000] {logging_mixin.py:154} INFO - [2026-06-10T08:23:00.177+0000] {dag.py:3722} INFO - Setting next_dagrun for example_subdag_operator.section-2 to None, run_after=None
[2026-06-10T08:23:00.191+0000] {processor.py:179} INFO - Processing /home/airflow/.local/lib/python3.10/site-packages/airflow/example_dags/example_subdag_operator.py took 0.168 seconds
[2026-06-10T08:23:30.514+0000] {processor.py:157} INFO - Started process (PID=401) to work on /home/airflow/.local/lib/python3.10/site-packages/airflow/example_dags/example_subdag_operator.py
[2026-06-10T08:23:30.518+0000] {processor.py:829} INFO - Processing file /home/airflow/.local/lib/python3.10/site-packages/airflow/example_dags/example_subdag_operator.py for tasks to queue
[2026-06-10T08:23:30.521+0000] {logging_mixin.py:154} INFO - [2026-06-10T08:23:30.520+0000] {dagbag.py:536} INFO - Filling up the DagBag from /home/airflow/.local/lib/python3.10/site-packages/airflow/example_dags/example_subdag_operator.py
[2026-06-10T08:23:30.562+0000] {processor.py:839} INFO - DAG(s) dict_keys(['example_subdag_operator.section-1', 'example_subdag_operator.section-2', 'example_subdag_operator']) retrieved from /home/airflow/.local/lib/python3.10/site-packages/airflow/example_dags/example_subdag_operator.py
[2026-06-10T08:23:30.590+0000] {logging_mixin.py:154} INFO - [2026-06-10T08:23:30.590+0000] {dag.py:2941} INFO - Sync 3 DAGs
[2026-06-10T08:23:30.622+0000] {logging_mixin.py:154} INFO - [2026-06-10T08:23:30.622+0000] {dag.py:3722} INFO - Setting next_dagrun for example_subdag_operator to 2022-01-01T00:00:00+00:00, run_after=2022-01-01T00:00:00+00:00
[2026-06-10T08:23:30.626+0000] {logging_mixin.py:154} INFO - [2026-06-10T08:23:30.625+0000] {dag.py:3722} INFO - Setting next_dagrun for example_subdag_operator.section-1 to None, run_after=None
[2026-06-10T08:23:30.627+0000] {logging_mixin.py:154} INFO - [2026-06-10T08:23:30.627+0000] {dag.py:3722} INFO - Setting next_dagrun for example_subdag_operator.section-2 to None, run_after=None
[2026-06-10T08:23:30.637+0000] {logging_mixin.py:154} INFO - [2026-06-10T08:23:30.636+0000] {dag.py:2941} INFO - Sync 2 DAGs
[2026-06-10T08:23:30.643+0000] {logging_mixin.py:154} INFO - [2026-06-10T08:23:30.643+0000] {dag.py:3722} INFO - Setting next_dagrun for example_subdag_operator.section-1 to None, run_after=None
[2026-06-10T08:23:30.644+0000] {logging_mixin.py:154} INFO - [2026-06-10T08:23:30.644+0000] {dag.py:3722} INFO - Setting next_dagrun for example_subdag_operator.section-2 to None, run_after=None
[2026-06-10T08:23:30.658+0000] {processor.py:179} INFO - Processing /home/airflow/.local/lib/python3.10/site-packages/airflow/example_dags/example_subdag_operator.py took 0.149 seconds
[2026-06-10T08:24:01.803+0000] {processor.py:157} INFO - Started process (PID=454) to work on /home/airflow/.local/lib/python3.10/site-packages/airflow/example_dags/example_subdag_operator.py
[2026-06-10T08:24:01.808+0000] {processor.py:829} INFO - Processing file /home/airflow/.local/lib/python3.10/site-packages/airflow/example_dags/example_subdag_operator.py for tasks to queue
[2026-06-10T08:24:01.822+0000] {logging_mixin.py:154} INFO - [2026-06-10T08:24:01.822+0000] {dagbag.py:536} INFO - Filling up the DagBag from /home/airflow/.local/lib/python3.10/site-packages/airflow/example_dags/example_subdag_operator.py
[2026-06-10T08:24:01.902+0000] {processor.py:839} INFO - DAG(s) dict_keys(['example_subdag_operator.section-1', 'example_subdag_operator.section-2', 'example_subdag_operator']) retrieved from /home/airflow/.local/lib/python3.10/site-packages/airflow/example_dags/example_subdag_operator.py
[2026-06-10T08:24:01.965+0000] {logging_mixin.py:154} INFO - [2026-06-10T08:24:01.965+0000] {dag.py:2941} INFO - Sync 3 DAGs
[2026-06-10T08:24:01.994+0000] {logging_mixin.py:154} INFO - [2026-06-10T08:24:01.994+0000] {dag.py:3722} INFO - Setting next_dagrun for example_subdag_operator to 2022-01-01T00:00:00+00:00, run_after=2022-01-01T00:00:00+00:00
[2026-06-10T08:24:01.999+0000] {logging_mixin.py:154} INFO - [2026-06-10T08:24:01.999+0000] {dag.py:3722} INFO - Setting next_dagrun for example_subdag_operator.section-1 to None, run_after=None
[2026-06-10T08:24:02.000+0000] {logging_mixin.py:154} INFO - [2026-06-10T08:24:02.000+0000] {dag.py:3722} INFO - Setting next_dagrun for example_subdag_operator.section-2 to None, run_after=None
[2026-06-10T08:24:02.009+0000] {logging_mixin.py:154} INFO - [2026-06-10T08:24:02.009+0000] {dag.py:2941} INFO - Sync 2 DAGs
[2026-06-10T08:24:02.016+0000] {logging_mixin.py:154} INFO - [2026-06-10T08:24:02.016+0000] {dag.py:3722} INFO - Setting next_dagrun for example_subdag_operator.section-1 to None, run_after=None
[2026-06-10T08:24:02.017+0000] {logging_mixin.py:154} INFO - [2026-06-10T08:24:02.017+0000] {dag.py:3722} INFO - Setting next_dagrun for example_subdag_operator.section-2 to None, run_after=None
[2026-06-10T08:24:02.032+0000] {processor.py:179} INFO - Processing /home/airflow/.local/lib/python3.10/site-packages/airflow/example_dags/example_subdag_operator.py took 0.236 seconds
[2026-06-10T08:24:32.828+0000] {processor.py:157} INFO - Started process (PID=505) to work on /home/airflow/.local/lib/python3.10/site-packages/airflow/example_dags/example_subdag_operator.py
[2026-06-10T08:24:32.833+0000] {processor.py:829} INFO - Processing file /home/airflow/.local/lib/python3.10/site-packages/airflow/example_dags/example_subdag_operator.py for tasks to queue
[2026-06-10T08:24:32.836+0000] {logging_mixin.py:154} INFO - [2026-06-10T08:24:32.836+0000] {dagbag.py:536} INFO - Filling up the DagBag from /home/airflow/.local/lib/python3.10/site-packages/airflow/example_dags/example_subdag_operator.py
[2026-06-10T08:24:32.866+0000] {processor.py:839} INFO - DAG(s) dict_keys(['example_subdag_operator.section-1', 'example_subdag_operator.section-2', 'example_subdag_operator']) retrieved from /home/airflow/.local/lib/python3.10/site-packages/airflow/example_dags/example_subdag_operator.py
[2026-06-10T08:24:32.890+0000] {logging_mixin.py:154} INFO - [2026-06-10T08:24:32.889+0000] {dag.py:2941} INFO - Sync 3 DAGs
[2026-06-10T08:24:32.928+0000] {logging_mixin.py:154} INFO - [2026-06-10T08:24:32.927+0000] {dag.py:3722} INFO - Setting next_dagrun for example_subdag_operator to 2022-01-01T00:00:00+00:00, run_after=2022-01-01T00:00:00+00:00
[2026-06-10T08:24:32.933+0000] {logging_mixin.py:154} INFO - [2026-06-10T08:24:32.933+0000] {dag.py:3722} INFO - Setting next_dagrun for example_subdag_operator.section-1 to None, run_after=None
[2026-06-10T08:24:32.935+0000] {logging_mixin.py:154} INFO - [2026-06-10T08:24:32.934+0000] {dag.py:3722} INFO - Setting next_dagrun for example_subdag_operator.section-2 to None, run_after=None
[2026-06-10T08:24:32.944+0000] {logging_mixin.py:154} INFO - [2026-06-10T08:24:32.944+0000] {dag.py:2941} INFO - Sync 2 DAGs
[2026-06-10T08:24:32.952+0000] {logging_mixin.py:154} INFO - [2026-06-10T08:24:32.952+0000] {dag.py:3722} INFO - Setting next_dagrun for example_subdag_operator.section-1 to None, run_after=None
[2026-06-10T08:24:32.953+0000] {logging_mixin.py:154} INFO - [2026-06-10T08:24:32.952+0000] {dag.py:3722} INFO - Setting next_dagrun for example_subdag_operator.section-2 to None, run_after=None
[2026-06-10T08:24:32.969+0000] {processor.py:179} INFO - Processing /home/airflow/.local/lib/python3.10/site-packages/airflow/example_dags/example_subdag_operator.py took 0.146 seconds
[2026-06-10T08:27:14.492+0000] {processor.py:157} INFO - Started process (PID=43) to work on /home/airflow/.local/lib/python3.10/site-packages/airflow/example_dags/example_subdag_operator.py
[2026-06-10T08:27:14.497+0000] {processor.py:829} INFO - Processing file /home/airflow/.local/lib/python3.10/site-packages/airflow/example_dags/example_subdag_operator.py for tasks to queue
[2026-06-10T08:27:14.508+0000] {logging_mixin.py:154} INFO - [2026-06-10T08:27:14.508+0000] {dagbag.py:536} INFO - Filling up the DagBag from /home/airflow/.local/lib/python3.10/site-packages/airflow/example_dags/example_subdag_operator.py
[2026-06-10T08:27:14.786+0000] {processor.py:839} INFO - DAG(s) dict_keys(['example_subdag_operator.section-1', 'example_subdag_operator.section-2', 'example_subdag_operator']) retrieved from /home/airflow/.local/lib/python3.10/site-packages/airflow/example_dags/example_subdag_operator.py
[2026-06-10T08:27:15.062+0000] {logging_mixin.py:154} INFO - [2026-06-10T08:27:15.062+0000] {dag.py:2941} INFO - Sync 3 DAGs
[2026-06-10T08:27:15.204+0000] {logging_mixin.py:154} INFO - [2026-06-10T08:27:15.204+0000] {dag.py:3722} INFO - Setting next_dagrun for example_subdag_operator to 2022-01-01T00:00:00+00:00, run_after=2022-01-01T00:00:00+00:00
[2026-06-10T08:27:15.255+0000] {logging_mixin.py:154} INFO - [2026-06-10T08:27:15.255+0000] {dag.py:3722} INFO - Setting next_dagrun for example_subdag_operator.section-1 to None, run_after=None
[2026-06-10T08:27:15.264+0000] {logging_mixin.py:154} INFO - [2026-06-10T08:27:15.263+0000] {dag.py:3722} INFO - Setting next_dagrun for example_subdag_operator.section-2 to None, run_after=None
[2026-06-10T08:27:15.308+0000] {logging_mixin.py:154} INFO - [2026-06-10T08:27:15.308+0000] {dag.py:2941} INFO - Sync 2 DAGs
[2026-06-10T08:27:15.340+0000] {logging_mixin.py:154} INFO - [2026-06-10T08:27:15.339+0000] {dag.py:3722} INFO - Setting next_dagrun for example_subdag_operator.section-1 to None, run_after=None
[2026-06-10T08:27:15.347+0000] {logging_mixin.py:154} INFO - [2026-06-10T08:27:15.347+0000] {dag.py:3722} INFO - Setting next_dagrun for example_subdag_operator.section-2 to None, run_after=None
[2026-06-10T08:27:15.412+0000] {processor.py:179} INFO - Processing /home/airflow/.local/lib/python3.10/site-packages/airflow/example_dags/example_subdag_operator.py took 0.948 seconds
[2026-06-10T08:27:45.682+0000] {processor.py:157} INFO - Started process (PID=94) to work on /home/airflow/.local/lib/python3.10/site-packages/airflow/example_dags/example_subdag_operator.py
[2026-06-10T08:27:45.689+0000] {processor.py:829} INFO - Processing file /home/airflow/.local/lib/python3.10/site-packages/airflow/example_dags/example_subdag_operator.py for tasks to queue
[2026-06-10T08:27:45.693+0000] {logging_mixin.py:154} INFO - [2026-06-10T08:27:45.693+0000] {dagbag.py:536} INFO - Filling up the DagBag from /home/airflow/.local/lib/python3.10/site-packages/airflow/example_dags/example_subdag_operator.py
[2026-06-10T08:27:45.729+0000] {processor.py:839} INFO - DAG(s) dict_keys(['example_subdag_operator.section-1', 'example_subdag_operator.section-2', 'example_subdag_operator']) retrieved from /home/airflow/.local/lib/python3.10/site-packages/airflow/example_dags/example_subdag_operator.py
[2026-06-10T08:27:45.753+0000] {logging_mixin.py:154} INFO - [2026-06-10T08:27:45.753+0000] {dag.py:2941} INFO - Sync 3 DAGs
[2026-06-10T08:27:45.786+0000] {logging_mixin.py:154} INFO - [2026-06-10T08:27:45.786+0000] {dag.py:3722} INFO - Setting next_dagrun for example_subdag_operator to 2022-01-01T00:00:00+00:00, run_after=2022-01-01T00:00:00+00:00
[2026-06-10T08:27:45.791+0000] {logging_mixin.py:154} INFO - [2026-06-10T08:27:45.791+0000] {dag.py:3722} INFO - Setting next_dagrun for example_subdag_operator.section-1 to None, run_after=None
[2026-06-10T08:27:45.792+0000] {logging_mixin.py:154} INFO - [2026-06-10T08:27:45.792+0000] {dag.py:3722} INFO - Setting next_dagrun for example_subdag_operator.section-2 to None, run_after=None
[2026-06-10T08:27:45.801+0000] {logging_mixin.py:154} INFO - [2026-06-10T08:27:45.801+0000] {dag.py:2941} INFO - Sync 2 DAGs
[2026-06-10T08:27:45.808+0000] {logging_mixin.py:154} INFO - [2026-06-10T08:27:45.808+0000] {dag.py:3722} INFO - Setting next_dagrun for example_subdag_operator.section-1 to None, run_after=None
[2026-06-10T08:27:45.808+0000] {logging_mixin.py:154} INFO - [2026-06-10T08:27:45.808+0000] {dag.py:3722} INFO - Setting next_dagrun for example_subdag_operator.section-2 to None, run_after=None
[2026-06-10T08:27:45.820+0000] {processor.py:179} INFO - Processing /home/airflow/.local/lib/python3.10/site-packages/airflow/example_dags/example_subdag_operator.py took 0.143 seconds
[2026-06-10T08:28:16.217+0000] {processor.py:157} INFO - Started process (PID=145) to work on /home/airflow/.local/lib/python3.10/site-packages/airflow/example_dags/example_subdag_operator.py
[2026-06-10T08:28:16.219+0000] {processor.py:829} INFO - Processing file /home/airflow/.local/lib/python3.10/site-packages/airflow/example_dags/example_subdag_operator.py for tasks to queue
[2026-06-10T08:28:16.223+0000] {logging_mixin.py:154} INFO - [2026-06-10T08:28:16.222+0000] {dagbag.py:536} INFO - Filling up the DagBag from /home/airflow/.local/lib/python3.10/site-packages/airflow/example_dags/example_subdag_operator.py
[2026-06-10T08:28:16.260+0000] {processor.py:839} INFO - DAG(s) dict_keys(['example_subdag_operator.section-1', 'example_subdag_operator.section-2', 'example_subdag_operator']) retrieved from /home/airflow/.local/lib/python3.10/site-packages/airflow/example_dags/example_subdag_operator.py
[2026-06-10T08:28:16.290+0000] {logging_mixin.py:154} INFO - [2026-06-10T08:28:16.290+0000] {dag.py:2941} INFO - Sync 3 DAGs
[2026-06-10T08:28:16.322+0000] {logging_mixin.py:154} INFO - [2026-06-10T08:28:16.321+0000] {dag.py:3722} INFO - Setting next_dagrun for example_subdag_operator to 2022-01-01T00:00:00+00:00, run_after=2022-01-01T00:00:00+00:00
[2026-06-10T08:28:16.327+0000] {logging_mixin.py:154} INFO - [2026-06-10T08:28:16.326+0000] {dag.py:3722} INFO - Setting next_dagrun for example_subdag_operator.section-1 to None, run_after=None
[2026-06-10T08:28:16.328+0000] {logging_mixin.py:154} INFO - [2026-06-10T08:28:16.328+0000] {dag.py:3722} INFO - Setting next_dagrun for example_subdag_operator.section-2 to None, run_after=None
[2026-06-10T08:28:16.337+0000] {logging_mixin.py:154} INFO - [2026-06-10T08:28:16.336+0000] {dag.py:2941} INFO - Sync 2 DAGs
[2026-06-10T08:28:16.343+0000] {logging_mixin.py:154} INFO - [2026-06-10T08:28:16.343+0000] {dag.py:3722} INFO - Setting next_dagrun for example_subdag_operator.section-1 to None, run_after=None
[2026-06-10T08:28:16.344+0000] {logging_mixin.py:154} INFO - [2026-06-10T08:28:16.344+0000] {dag.py:3722} INFO - Setting next_dagrun for example_subdag_operator.section-2 to None, run_after=None
[2026-06-10T08:28:16.358+0000] {processor.py:179} INFO - Processing /home/airflow/.local/lib/python3.10/site-packages/airflow/example_dags/example_subdag_operator.py took 0.147 seconds
[2026-06-10T08:28:46.448+0000] {processor.py:157} INFO - Started process (PID=196) to work on /home/airflow/.local/lib/python3.10/site-packages/airflow/example_dags/example_subdag_operator.py
[2026-06-10T08:28:46.455+0000] {processor.py:829} INFO - Processing file /home/airflow/.local/lib/python3.10/site-packages/airflow/example_dags/example_subdag_operator.py for tasks to queue
[2026-06-10T08:28:46.476+0000] {logging_mixin.py:154} INFO - [2026-06-10T08:28:46.476+0000] {dagbag.py:536} INFO - Filling up the DagBag from /home/airflow/.local/lib/python3.10/site-packages/airflow/example_dags/example_subdag_operator.py
[2026-06-10T08:28:46.520+0000] {processor.py:839} INFO - DAG(s) dict_keys(['example_subdag_operator.section-1', 'example_subdag_operator.section-2', 'example_subdag_operator']) retrieved from /home/airflow/.local/lib/python3.10/site-packages/airflow/example_dags/example_subdag_operator.py
[2026-06-10T08:28:46.561+0000] {logging_mixin.py:154} INFO - [2026-06-10T08:28:46.560+0000] {dag.py:2941} INFO - Sync 3 DAGs
[2026-06-10T08:28:46.599+0000] {logging_mixin.py:154} INFO - [2026-06-10T08:28:46.599+0000] {dag.py:3722} INFO - Setting next_dagrun for example_subdag_operator to 2022-01-01T00:00:00+00:00, run_after=2022-01-01T00:00:00+00:00
[2026-06-10T08:28:46.603+0000] {logging_mixin.py:154} INFO - [2026-06-10T08:28:46.603+0000] {dag.py:3722} INFO - Setting next_dagrun for example_subdag_operator.section-1 to None, run_after=None
[2026-06-10T08:28:46.605+0000] {logging_mixin.py:154} INFO - [2026-06-10T08:28:46.605+0000] {dag.py:3722} INFO - Setting next_dagrun for example_subdag_operator.section-2 to None, run_after=None
[2026-06-10T08:28:46.614+0000] {logging_mixin.py:154} INFO - [2026-06-10T08:28:46.613+0000] {dag.py:2941} INFO - Sync 2 DAGs
[2026-06-10T08:28:46.620+0000] {logging_mixin.py:154} INFO - [2026-06-10T08:28:46.620+0000] {dag.py:3722} INFO - Setting next_dagrun for example_subdag_operator.section-1 to None, run_after=None
[2026-06-10T08:28:46.621+0000] {logging_mixin.py:154} INFO - [2026-06-10T08:28:46.621+0000] {dag.py:3722} INFO - Setting next_dagrun for example_subdag_operator.section-2 to None, run_after=None
[2026-06-10T08:28:46.634+0000] {processor.py:179} INFO - Processing /home/airflow/.local/lib/python3.10/site-packages/airflow/example_dags/example_subdag_operator.py took 0.196 seconds
[2026-06-10T08:29:22.770+0000] {processor.py:157} INFO - Started process (PID=247) to work on /home/airflow/.local/lib/python3.10/site-packages/airflow/example_dags/example_subdag_operator.py
[2026-06-10T08:29:22.773+0000] {processor.py:829} INFO - Processing file /home/airflow/.local/lib/python3.10/site-packages/airflow/example_dags/example_subdag_operator.py for tasks to queue
[2026-06-10T08:29:22.780+0000] {logging_mixin.py:154} INFO - [2026-06-10T08:29:22.776+0000] {dagbag.py:536} INFO - Filling up the DagBag from /home/airflow/.local/lib/python3.10/site-packages/airflow/example_dags/example_subdag_operator.py
[2026-06-10T08:29:23.029+0000] {processor.py:839} INFO - DAG(s) dict_keys(['example_subdag_operator.section-1', 'example_subdag_operator.section-2', 'example_subdag_operator']) retrieved from /home/airflow/.local/lib/python3.10/site-packages/airflow/example_dags/example_subdag_operator.py
[2026-06-10T08:29:23.233+0000] {logging_mixin.py:154} INFO - [2026-06-10T08:29:23.233+0000] {dag.py:2941} INFO - Sync 3 DAGs
[2026-06-10T08:29:23.420+0000] {logging_mixin.py:154} INFO - [2026-06-10T08:29:23.420+0000] {dag.py:3722} INFO - Setting next_dagrun for example_subdag_operator to 2022-01-01T00:00:00+00:00, run_after=2022-01-01T00:00:00+00:00
[2026-06-10T08:29:23.446+0000] {logging_mixin.py:154} INFO - [2026-06-10T08:29:23.446+0000] {dag.py:3722} INFO - Setting next_dagrun for example_subdag_operator.section-1 to None, run_after=None
[2026-06-10T08:29:23.459+0000] {logging_mixin.py:154} INFO - [2026-06-10T08:29:23.459+0000] {dag.py:3722} INFO - Setting next_dagrun for example_subdag_operator.section-2 to None, run_after=None
[2026-06-10T08:29:23.505+0000] {logging_mixin.py:154} INFO - [2026-06-10T08:29:23.504+0000] {dag.py:2941} INFO - Sync 2 DAGs
[2026-06-10T08:29:23.539+0000] {logging_mixin.py:154} INFO - [2026-06-10T08:29:23.539+0000] {dag.py:3722} INFO - Setting next_dagrun for example_subdag_operator.section-1 to None, run_after=None
[2026-06-10T08:29:23.540+0000] {logging_mixin.py:154} INFO - [2026-06-10T08:29:23.540+0000] {dag.py:3722} INFO - Setting next_dagrun for example_subdag_operator.section-2 to None, run_after=None
[2026-06-10T08:29:23.604+0000] {processor.py:179} INFO - Processing /home/airflow/.local/lib/python3.10/site-packages/airflow/example_dags/example_subdag_operator.py took 0.862 seconds
[2026-06-10T08:29:55.956+0000] {processor.py:157} INFO - Started process (PID=298) to work on /home/airflow/.local/lib/python3.10/site-packages/airflow/example_dags/example_subdag_operator.py
[2026-06-10T08:29:55.980+0000] {processor.py:829} INFO - Processing file /home/airflow/.local/lib/python3.10/site-packages/airflow/example_dags/example_subdag_operator.py for tasks to queue
[2026-06-10T08:29:55.983+0000] {logging_mixin.py:154} INFO - [2026-06-10T08:29:55.983+0000] {dagbag.py:536} INFO - Filling up the DagBag from /home/airflow/.local/lib/python3.10/site-packages/airflow/example_dags/example_subdag_operator.py
[2026-06-10T08:29:56.124+0000] {processor.py:839} INFO - DAG(s) dict_keys(['example_subdag_operator.section-1', 'example_subdag_operator.section-2', 'example_subdag_operator']) retrieved from /home/airflow/.local/lib/python3.10/site-packages/airflow/example_dags/example_subdag_operator.py
[2026-06-10T08:29:56.239+0000] {logging_mixin.py:154} INFO - [2026-06-10T08:29:56.239+0000] {dag.py:2941} INFO - Sync 3 DAGs
[2026-06-10T08:29:56.355+0000] {logging_mixin.py:154} INFO - [2026-06-10T08:29:56.355+0000] {dag.py:3722} INFO - Setting next_dagrun for example_subdag_operator to 2022-01-01T00:00:00+00:00, run_after=2022-01-01T00:00:00+00:00
[2026-06-10T08:29:56.369+0000] {logging_mixin.py:154} INFO - [2026-06-10T08:29:56.369+0000] {dag.py:3722} INFO - Setting next_dagrun for example_subdag_operator.section-1 to None, run_after=None
[2026-06-10T08:29:56.376+0000] {logging_mixin.py:154} INFO - [2026-06-10T08:29:56.376+0000] {dag.py:3722} INFO - Setting next_dagrun for example_subdag_operator.section-2 to None, run_after=None
[2026-06-10T08:29:56.405+0000] {logging_mixin.py:154} INFO - [2026-06-10T08:29:56.405+0000] {dag.py:2941} INFO - Sync 2 DAGs
[2026-06-10T08:29:56.445+0000] {logging_mixin.py:154} INFO - [2026-06-10T08:29:56.445+0000] {dag.py:3722} INFO - Setting next_dagrun for example_subdag_operator.section-1 to None, run_after=None
[2026-06-10T08:29:56.446+0000] {logging_mixin.py:154} INFO - [2026-06-10T08:29:56.446+0000] {dag.py:3722} INFO - Setting next_dagrun for example_subdag_operator.section-2 to None, run_after=None
[2026-06-10T08:29:56.512+0000] {processor.py:179} INFO - Processing /home/airflow/.local/lib/python3.10/site-packages/airflow/example_dags/example_subdag_operator.py took 0.561 seconds
[2026-06-10T08:30:27.019+0000] {processor.py:157} INFO - Started process (PID=349) to work on /home/airflow/.local/lib/python3.10/site-packages/airflow/example_dags/example_subdag_operator.py
[2026-06-10T08:30:27.024+0000] {processor.py:829} INFO - Processing file /home/airflow/.local/lib/python3.10/site-packages/airflow/example_dags/example_subdag_operator.py for tasks to queue
[2026-06-10T08:30:27.034+0000] {logging_mixin.py:154} INFO - [2026-06-10T08:30:27.033+0000] {dagbag.py:536} INFO - Filling up the DagBag from /home/airflow/.local/lib/python3.10/site-packages/airflow/example_dags/example_subdag_operator.py
[2026-06-10T08:30:27.133+0000] {processor.py:839} INFO - DAG(s) dict_keys(['example_subdag_operator.section-1', 'example_subdag_operator.section-2', 'example_subdag_operator']) retrieved from /home/airflow/.local/lib/python3.10/site-packages/airflow/example_dags/example_subdag_operator.py
[2026-06-10T08:30:27.179+0000] {logging_mixin.py:154} INFO - [2026-06-10T08:30:27.179+0000] {dag.py:2941} INFO - Sync 3 DAGs
[2026-06-10T08:30:27.243+0000] {logging_mixin.py:154} INFO - [2026-06-10T08:30:27.243+0000] {dag.py:3722} INFO - Setting next_dagrun for example_subdag_operator to 2022-01-01T00:00:00+00:00, run_after=2022-01-01T00:00:00+00:00
[2026-06-10T08:30:27.249+0000] {logging_mixin.py:154} INFO - [2026-06-10T08:30:27.249+0000] {dag.py:3722} INFO - Setting next_dagrun for example_subdag_operator.section-1 to None, run_after=None
[2026-06-10T08:30:27.251+0000] {logging_mixin.py:154} INFO - [2026-06-10T08:30:27.251+0000] {dag.py:3722} INFO - Setting next_dagrun for example_subdag_operator.section-2 to None, run_after=None
[2026-06-10T08:30:27.271+0000] {logging_mixin.py:154} INFO - [2026-06-10T08:30:27.271+0000] {dag.py:2941} INFO - Sync 2 DAGs
[2026-06-10T08:30:27.279+0000] {logging_mixin.py:154} INFO - [2026-06-10T08:30:27.279+0000] {dag.py:3722} INFO - Setting next_dagrun for example_subdag_operator.section-1 to None, run_after=None
[2026-06-10T08:30:27.280+0000] {logging_mixin.py:154} INFO - [2026-06-10T08:30:27.280+0000] {dag.py:3722} INFO - Setting next_dagrun for example_subdag_operator.section-2 to None, run_after=None
[2026-06-10T08:30:27.298+0000] {processor.py:179} INFO - Processing /home/airflow/.local/lib/python3.10/site-packages/airflow/example_dags/example_subdag_operator.py took 0.301 seconds
[2026-06-10T08:30:57.353+0000] {processor.py:157} INFO - Started process (PID=400) to work on /home/airflow/.local/lib/python3.10/site-packages/airflow/example_dags/example_subdag_operator.py
[2026-06-10T08:30:57.360+0000] {processor.py:829} INFO - Processing file /home/airflow/.local/lib/python3.10/site-packages/airflow/example_dags/example_subdag_operator.py for tasks to queue
[2026-06-10T08:30:57.362+0000] {logging_mixin.py:154} INFO - [2026-06-10T08:30:57.362+0000] {dagbag.py:536} INFO - Filling up the DagBag from /home/airflow/.local/lib/python3.10/site-packages/airflow/example_dags/example_subdag_operator.py
[2026-06-10T08:30:57.408+0000] {processor.py:839} INFO - DAG(s) dict_keys(['example_subdag_operator.section-1', 'example_subdag_operator.section-2', 'example_subdag_operator']) retrieved from /home/airflow/.local/lib/python3.10/site-packages/airflow/example_dags/example_subdag_operator.py
[2026-06-10T08:30:57.442+0000] {logging_mixin.py:154} INFO - [2026-06-10T08:30:57.442+0000] {dag.py:2941} INFO - Sync 3 DAGs
[2026-06-10T08:30:57.483+0000] {logging_mixin.py:154} INFO - [2026-06-10T08:30:57.483+0000] {dag.py:3722} INFO - Setting next_dagrun for example_subdag_operator to 2022-01-01T00:00:00+00:00, run_after=2022-01-01T00:00:00+00:00
[2026-06-10T08:30:57.491+0000] {logging_mixin.py:154} INFO - [2026-06-10T08:30:57.491+0000] {dag.py:3722} INFO - Setting next_dagrun for example_subdag_operator.section-1 to None, run_after=None
[2026-06-10T08:30:57.493+0000] {logging_mixin.py:154} INFO - [2026-06-10T08:30:57.493+0000] {dag.py:3722} INFO - Setting next_dagrun for example_subdag_operator.section-2 to None, run_after=None
[2026-06-10T08:30:57.504+0000] {logging_mixin.py:154} INFO - [2026-06-10T08:30:57.504+0000] {dag.py:2941} INFO - Sync 2 DAGs
[2026-06-10T08:30:57.513+0000] {logging_mixin.py:154} INFO - [2026-06-10T08:30:57.512+0000] {dag.py:3722} INFO - Setting next_dagrun for example_subdag_operator.section-1 to None, run_after=None
[2026-06-10T08:30:57.513+0000] {logging_mixin.py:154} INFO - [2026-06-10T08:30:57.513+0000] {dag.py:3722} INFO - Setting next_dagrun for example_subdag_operator.section-2 to None, run_after=None
[2026-06-10T08:30:57.529+0000] {processor.py:179} INFO - Processing /home/airflow/.local/lib/python3.10/site-packages/airflow/example_dags/example_subdag_operator.py took 0.182 seconds
[2026-06-10T08:31:28.031+0000] {processor.py:157} INFO - Started process (PID=451) to work on /home/airflow/.local/lib/python3.10/site-packages/airflow/example_dags/example_subdag_operator.py
[2026-06-10T08:31:28.035+0000] {processor.py:829} INFO - Processing file /home/airflow/.local/lib/python3.10/site-packages/airflow/example_dags/example_subdag_operator.py for tasks to queue
[2026-06-10T08:31:28.038+0000] {logging_mixin.py:154} INFO - [2026-06-10T08:31:28.038+0000] {dagbag.py:536} INFO - Filling up the DagBag from /home/airflow/.local/lib/python3.10/site-packages/airflow/example_dags/example_subdag_operator.py
[2026-06-10T08:31:28.082+0000] {processor.py:839} INFO - DAG(s) dict_keys(['example_subdag_operator.section-1', 'example_subdag_operator.section-2', 'example_subdag_operator']) retrieved from /home/airflow/.local/lib/python3.10/site-packages/airflow/example_dags/example_subdag_operator.py
[2026-06-10T08:31:28.099+0000] {logging_mixin.py:154} INFO - [2026-06-10T08:31:28.099+0000] {dag.py:2941} INFO - Sync 3 DAGs
[2026-06-10T08:31:28.139+0000] {logging_mixin.py:154} INFO - [2026-06-10T08:31:28.138+0000] {dag.py:3722} INFO - Setting next_dagrun for example_subdag_operator to 2022-01-01T00:00:00+00:00, run_after=2022-01-01T00:00:00+00:00
[2026-06-10T08:31:28.142+0000] {logging_mixin.py:154} INFO - [2026-06-10T08:31:28.142+0000] {dag.py:3722} INFO - Setting next_dagrun for example_subdag_operator.section-1 to None, run_after=None
[2026-06-10T08:31:28.143+0000] {logging_mixin.py:154} INFO - [2026-06-10T08:31:28.143+0000] {dag.py:3722} INFO - Setting next_dagrun for example_subdag_operator.section-2 to None, run_after=None
[2026-06-10T08:31:28.151+0000] {logging_mixin.py:154} INFO - [2026-06-10T08:31:28.151+0000] {dag.py:2941} INFO - Sync 2 DAGs
[2026-06-10T08:31:28.156+0000] {logging_mixin.py:154} INFO - [2026-06-10T08:31:28.156+0000] {dag.py:3722} INFO - Setting next_dagrun for example_subdag_operator.section-1 to None, run_after=None
[2026-06-10T08:31:28.157+0000] {logging_mixin.py:154} INFO - [2026-06-10T08:31:28.157+0000] {dag.py:3722} INFO - Setting next_dagrun for example_subdag_operator.section-2 to None, run_after=None
[2026-06-10T08:31:28.167+0000] {processor.py:179} INFO - Processing /home/airflow/.local/lib/python3.10/site-packages/airflow/example_dags/example_subdag_operator.py took 0.141 seconds
[2026-06-10T08:31:58.534+0000] {processor.py:157} INFO - Started process (PID=502) to work on /home/airflow/.local/lib/python3.10/site-packages/airflow/example_dags/example_subdag_operator.py
[2026-06-10T08:31:58.535+0000] {processor.py:829} INFO - Processing file /home/airflow/.local/lib/python3.10/site-packages/airflow/example_dags/example_subdag_operator.py for tasks to queue
[2026-06-10T08:31:58.538+0000] {logging_mixin.py:154} INFO - [2026-06-10T08:31:58.538+0000] {dagbag.py:536} INFO - Filling up the DagBag from /home/airflow/.local/lib/python3.10/site-packages/airflow/example_dags/example_subdag_operator.py
[2026-06-10T08:31:58.565+0000] {processor.py:839} INFO - DAG(s) dict_keys(['example_subdag_operator.section-1', 'example_subdag_operator.section-2', 'example_subdag_operator']) retrieved from /home/airflow/.local/lib/python3.10/site-packages/airflow/example_dags/example_subdag_operator.py
[2026-06-10T08:31:58.582+0000] {logging_mixin.py:154} INFO - [2026-06-10T08:31:58.582+0000] {dag.py:2941} INFO - Sync 3 DAGs
[2026-06-10T08:31:58.605+0000] {logging_mixin.py:154} INFO - [2026-06-10T08:31:58.605+0000] {dag.py:3722} INFO - Setting next_dagrun for example_subdag_operator to 2022-01-01T00:00:00+00:00, run_after=2022-01-01T00:00:00+00:00
[2026-06-10T08:31:58.609+0000] {logging_mixin.py:154} INFO - [2026-06-10T08:31:58.608+0000] {dag.py:3722} INFO - Setting next_dagrun for example_subdag_operator.section-1 to None, run_after=None
[2026-06-10T08:31:58.610+0000] {logging_mixin.py:154} INFO - [2026-06-10T08:31:58.610+0000] {dag.py:3722} INFO - Setting next_dagrun for example_subdag_operator.section-2 to None, run_after=None
[2026-06-10T08:31:58.617+0000] {logging_mixin.py:154} INFO - [2026-06-10T08:31:58.617+0000] {dag.py:2941} INFO - Sync 2 DAGs
[2026-06-10T08:31:58.622+0000] {logging_mixin.py:154} INFO - [2026-06-10T08:31:58.622+0000] {dag.py:3722} INFO - Setting next_dagrun for example_subdag_operator.section-1 to None, run_after=None
[2026-06-10T08:31:58.622+0000] {logging_mixin.py:154} INFO - [2026-06-10T08:31:58.622+0000] {dag.py:3722} INFO - Setting next_dagrun for example_subdag_operator.section-2 to None, run_after=None
[2026-06-10T08:31:58.633+0000] {processor.py:179} INFO - Processing /home/airflow/.local/lib/python3.10/site-packages/airflow/example_dags/example_subdag_operator.py took 0.103 seconds
[2026-06-10T08:32:29.692+0000] {processor.py:157} INFO - Started process (PID=553) to work on /home/airflow/.local/lib/python3.10/site-packages/airflow/example_dags/example_subdag_operator.py
[2026-06-10T08:32:29.694+0000] {processor.py:829} INFO - Processing file /home/airflow/.local/lib/python3.10/site-packages/airflow/example_dags/example_subdag_operator.py for tasks to queue
[2026-06-10T08:32:29.700+0000] {logging_mixin.py:154} INFO - [2026-06-10T08:32:29.699+0000] {dagbag.py:536} INFO - Filling up the DagBag from /home/airflow/.local/lib/python3.10/site-packages/airflow/example_dags/example_subdag_operator.py
[2026-06-10T08:32:29.797+0000] {processor.py:839} INFO - DAG(s) dict_keys(['example_subdag_operator.section-1', 'example_subdag_operator.section-2', 'example_subdag_operator']) retrieved from /home/airflow/.local/lib/python3.10/site-packages/airflow/example_dags/example_subdag_operator.py
[2026-06-10T08:32:29.843+0000] {logging_mixin.py:154} INFO - [2026-06-10T08:32:29.843+0000] {dag.py:2941} INFO - Sync 3 DAGs
[2026-06-10T08:32:30.378+0000] {logging_mixin.py:154} INFO - [2026-06-10T08:32:30.377+0000] {dag.py:3722} INFO - Setting next_dagrun for example_subdag_operator to 2022-01-01T00:00:00+00:00, run_after=2022-01-01T00:00:00+00:00
[2026-06-10T08:32:30.389+0000] {logging_mixin.py:154} INFO - [2026-06-10T08:32:30.389+0000] {dag.py:3722} INFO - Setting next_dagrun for example_subdag_operator.section-1 to None, run_after=None
[2026-06-10T08:32:30.393+0000] {logging_mixin.py:154} INFO - [2026-06-10T08:32:30.392+0000] {dag.py:3722} INFO - Setting next_dagrun for example_subdag_operator.section-2 to None, run_after=None
[2026-06-10T08:32:30.408+0000] {logging_mixin.py:154} INFO - [2026-06-10T08:32:30.408+0000] {dag.py:2941} INFO - Sync 2 DAGs
[2026-06-10T08:32:30.421+0000] {logging_mixin.py:154} INFO - [2026-06-10T08:32:30.421+0000] {dag.py:3722} INFO - Setting next_dagrun for example_subdag_operator.section-1 to None, run_after=None
[2026-06-10T08:32:30.422+0000] {logging_mixin.py:154} INFO - [2026-06-10T08:32:30.421+0000] {dag.py:3722} INFO - Setting next_dagrun for example_subdag_operator.section-2 to None, run_after=None
[2026-06-10T08:32:30.454+0000] {processor.py:179} INFO - Processing /home/airflow/.local/lib/python3.10/site-packages/airflow/example_dags/example_subdag_operator.py took 0.767 seconds
[2026-06-10T08:33:01.163+0000] {processor.py:157} INFO - Started process (PID=604) to work on /home/airflow/.local/lib/python3.10/site-packages/airflow/example_dags/example_subdag_operator.py
[2026-06-10T08:33:01.165+0000] {processor.py:829} INFO - Processing file /home/airflow/.local/lib/python3.10/site-packages/airflow/example_dags/example_subdag_operator.py for tasks to queue
[2026-06-10T08:33:01.169+0000] {logging_mixin.py:154} INFO - [2026-06-10T08:33:01.168+0000] {dagbag.py:536} INFO - Filling up the DagBag from /home/airflow/.local/lib/python3.10/site-packages/airflow/example_dags/example_subdag_operator.py
[2026-06-10T08:33:01.203+0000] {processor.py:839} INFO - DAG(s) dict_keys(['example_subdag_operator.section-1', 'example_subdag_operator.section-2', 'example_subdag_operator']) retrieved from /home/airflow/.local/lib/python3.10/site-packages/airflow/example_dags/example_subdag_operator.py
[2026-06-10T08:33:01.225+0000] {logging_mixin.py:154} INFO - [2026-06-10T08:33:01.225+0000] {dag.py:2941} INFO - Sync 3 DAGs
[2026-06-10T08:33:01.263+0000] {logging_mixin.py:154} INFO - [2026-06-10T08:33:01.262+0000] {dag.py:3722} INFO - Setting next_dagrun for example_subdag_operator to 2022-01-01T00:00:00+00:00, run_after=2022-01-01T00:00:00+00:00
[2026-06-10T08:33:01.267+0000] {logging_mixin.py:154} INFO - [2026-06-10T08:33:01.267+0000] {dag.py:3722} INFO - Setting next_dagrun for example_subdag_operator.section-1 to None, run_after=None
[2026-06-10T08:33:01.269+0000] {logging_mixin.py:154} INFO - [2026-06-10T08:33:01.269+0000] {dag.py:3722} INFO - Setting next_dagrun for example_subdag_operator.section-2 to None, run_after=None
[2026-06-10T08:33:01.278+0000] {logging_mixin.py:154} INFO - [2026-06-10T08:33:01.278+0000] {dag.py:2941} INFO - Sync 2 DAGs
[2026-06-10T08:33:01.285+0000] {logging_mixin.py:154} INFO - [2026-06-10T08:33:01.285+0000] {dag.py:3722} INFO - Setting next_dagrun for example_subdag_operator.section-1 to None, run_after=None
[2026-06-10T08:33:01.286+0000] {logging_mixin.py:154} INFO - [2026-06-10T08:33:01.286+0000] {dag.py:3722} INFO - Setting next_dagrun for example_subdag_operator.section-2 to None, run_after=None
[2026-06-10T08:33:01.300+0000] {processor.py:179} INFO - Processing /home/airflow/.local/lib/python3.10/site-packages/airflow/example_dags/example_subdag_operator.py took 0.142 seconds
[2026-06-10T08:33:35.092+0000] {processor.py:157} INFO - Started process (PID=655) to work on /home/airflow/.local/lib/python3.10/site-packages/airflow/example_dags/example_subdag_operator.py
[2026-06-10T08:33:35.094+0000] {processor.py:829} INFO - Processing file /home/airflow/.local/lib/python3.10/site-packages/airflow/example_dags/example_subdag_operator.py for tasks to queue
[2026-06-10T08:33:35.105+0000] {logging_mixin.py:154} INFO - [2026-06-10T08:33:35.105+0000] {dagbag.py:536} INFO - Filling up the DagBag from /home/airflow/.local/lib/python3.10/site-packages/airflow/example_dags/example_subdag_operator.py
[2026-06-10T08:33:35.165+0000] {processor.py:839} INFO - DAG(s) dict_keys(['example_subdag_operator.section-1', 'example_subdag_operator.section-2', 'example_subdag_operator']) retrieved from /home/airflow/.local/lib/python3.10/site-packages/airflow/example_dags/example_subdag_operator.py
[2026-06-10T08:33:35.243+0000] {logging_mixin.py:154} INFO - [2026-06-10T08:33:35.243+0000] {dag.py:2941} INFO - Sync 3 DAGs
[2026-06-10T08:33:35.323+0000] {logging_mixin.py:154} INFO - [2026-06-10T08:33:35.322+0000] {dag.py:3722} INFO - Setting next_dagrun for example_subdag_operator to 2022-01-01T00:00:00+00:00, run_after=2022-01-01T00:00:00+00:00
[2026-06-10T08:33:35.341+0000] {logging_mixin.py:154} INFO - [2026-06-10T08:33:35.341+0000] {dag.py:3722} INFO - Setting next_dagrun for example_subdag_operator.section-1 to None, run_after=None
[2026-06-10T08:33:35.348+0000] {logging_mixin.py:154} INFO - [2026-06-10T08:33:35.348+0000] {dag.py:3722} INFO - Setting next_dagrun for example_subdag_operator.section-2 to None, run_after=None
[2026-06-10T08:33:35.384+0000] {logging_mixin.py:154} INFO - [2026-06-10T08:33:35.384+0000] {dag.py:2941} INFO - Sync 2 DAGs
[2026-06-10T08:33:35.400+0000] {logging_mixin.py:154} INFO - [2026-06-10T08:33:35.400+0000] {dag.py:3722} INFO - Setting next_dagrun for example_subdag_operator.section-1 to None, run_after=None
[2026-06-10T08:33:35.401+0000] {logging_mixin.py:154} INFO - [2026-06-10T08:33:35.401+0000] {dag.py:3722} INFO - Setting next_dagrun for example_subdag_operator.section-2 to None, run_after=None
[2026-06-10T08:33:35.423+0000] {processor.py:179} INFO - Processing /home/airflow/.local/lib/python3.10/site-packages/airflow/example_dags/example_subdag_operator.py took 0.339 seconds
[2026-06-10T08:34:08.105+0000] {processor.py:157} INFO - Started process (PID=706) to work on /home/airflow/.local/lib/python3.10/site-packages/airflow/example_dags/example_subdag_operator.py
[2026-06-10T08:34:08.115+0000] {processor.py:829} INFO - Processing file /home/airflow/.local/lib/python3.10/site-packages/airflow/example_dags/example_subdag_operator.py for tasks to queue
[2026-06-10T08:34:08.119+0000] {logging_mixin.py:154} INFO - [2026-06-10T08:34:08.118+0000] {dagbag.py:536} INFO - Filling up the DagBag from /home/airflow/.local/lib/python3.10/site-packages/airflow/example_dags/example_subdag_operator.py
[2026-06-10T08:34:08.241+0000] {processor.py:839} INFO - DAG(s) dict_keys(['example_subdag_operator.section-1', 'example_subdag_operator.section-2', 'example_subdag_operator']) retrieved from /home/airflow/.local/lib/python3.10/site-packages/airflow/example_dags/example_subdag_operator.py
[2026-06-10T08:34:08.301+0000] {logging_mixin.py:154} INFO - [2026-06-10T08:34:08.301+0000] {dag.py:2941} INFO - Sync 3 DAGs
[2026-06-10T08:34:08.391+0000] {logging_mixin.py:154} INFO - [2026-06-10T08:34:08.391+0000] {dag.py:3722} INFO - Setting next_dagrun for example_subdag_operator to 2022-01-01T00:00:00+00:00, run_after=2022-01-01T00:00:00+00:00
[2026-06-10T08:34:08.409+0000] {logging_mixin.py:154} INFO - [2026-06-10T08:34:08.409+0000] {dag.py:3722} INFO - Setting next_dagrun for example_subdag_operator.section-1 to None, run_after=None
[2026-06-10T08:34:08.411+0000] {logging_mixin.py:154} INFO - [2026-06-10T08:34:08.411+0000] {dag.py:3722} INFO - Setting next_dagrun for example_subdag_operator.section-2 to None, run_after=None
[2026-06-10T08:34:08.438+0000] {logging_mixin.py:154} INFO - [2026-06-10T08:34:08.438+0000] {dag.py:2941} INFO - Sync 2 DAGs
[2026-06-10T08:34:08.464+0000] {logging_mixin.py:154} INFO - [2026-06-10T08:34:08.461+0000] {dag.py:3722} INFO - Setting next_dagrun for example_subdag_operator.section-1 to None, run_after=None
[2026-06-10T08:34:08.470+0000] {logging_mixin.py:154} INFO - [2026-06-10T08:34:08.469+0000] {dag.py:3722} INFO - Setting next_dagrun for example_subdag_operator.section-2 to None, run_after=None
[2026-06-10T08:34:08.528+0000] {processor.py:179} INFO - Processing /home/airflow/.local/lib/python3.10/site-packages/airflow/example_dags/example_subdag_operator.py took 0.440 seconds
[2026-06-10T08:34:39.275+0000] {processor.py:157} INFO - Started process (PID=757) to work on /home/airflow/.local/lib/python3.10/site-packages/airflow/example_dags/example_subdag_operator.py
[2026-06-10T08:34:39.283+0000] {processor.py:829} INFO - Processing file /home/airflow/.local/lib/python3.10/site-packages/airflow/example_dags/example_subdag_operator.py for tasks to queue
[2026-06-10T08:34:39.286+0000] {logging_mixin.py:154} INFO - [2026-06-10T08:34:39.286+0000] {dagbag.py:536} INFO - Filling up the DagBag from /home/airflow/.local/lib/python3.10/site-packages/airflow/example_dags/example_subdag_operator.py
[2026-06-10T08:34:39.377+0000] {processor.py:839} INFO - DAG(s) dict_keys(['example_subdag_operator.section-1', 'example_subdag_operator.section-2', 'example_subdag_operator']) retrieved from /home/airflow/.local/lib/python3.10/site-packages/airflow/example_dags/example_subdag_operator.py
[2026-06-10T08:34:39.421+0000] {logging_mixin.py:154} INFO - [2026-06-10T08:34:39.419+0000] {dag.py:2941} INFO - Sync 3 DAGs
[2026-06-10T08:34:39.525+0000] {logging_mixin.py:154} INFO - [2026-06-10T08:34:39.525+0000] {dag.py:3722} INFO - Setting next_dagrun for example_subdag_operator to 2022-01-01T00:00:00+00:00, run_after=2022-01-01T00:00:00+00:00
[2026-06-10T08:34:39.542+0000] {logging_mixin.py:154} INFO - [2026-06-10T08:34:39.542+0000] {dag.py:3722} INFO - Setting next_dagrun for example_subdag_operator.section-1 to None, run_after=None
[2026-06-10T08:34:39.544+0000] {logging_mixin.py:154} INFO - [2026-06-10T08:34:39.544+0000] {dag.py:3722} INFO - Setting next_dagrun for example_subdag_operator.section-2 to None, run_after=None
[2026-06-10T08:34:39.564+0000] {logging_mixin.py:154} INFO - [2026-06-10T08:34:39.564+0000] {dag.py:2941} INFO - Sync 2 DAGs
[2026-06-10T08:34:39.590+0000] {logging_mixin.py:154} INFO - [2026-06-10T08:34:39.590+0000] {dag.py:3722} INFO - Setting next_dagrun for example_subdag_operator.section-1 to None, run_after=None
[2026-06-10T08:34:39.591+0000] {logging_mixin.py:154} INFO - [2026-06-10T08:34:39.591+0000] {dag.py:3722} INFO - Setting next_dagrun for example_subdag_operator.section-2 to None, run_after=None
[2026-06-10T08:34:39.629+0000] {processor.py:179} INFO - Processing /home/airflow/.local/lib/python3.10/site-packages/airflow/example_dags/example_subdag_operator.py took 0.362 seconds
[2026-06-10T08:35:10.500+0000] {processor.py:157} INFO - Started process (PID=808) to work on /home/airflow/.local/lib/python3.10/site-packages/airflow/example_dags/example_subdag_operator.py
[2026-06-10T08:35:10.502+0000] {processor.py:829} INFO - Processing file /home/airflow/.local/lib/python3.10/site-packages/airflow/example_dags/example_subdag_operator.py for tasks to queue
[2026-06-10T08:35:10.505+0000] {logging_mixin.py:154} INFO - [2026-06-10T08:35:10.505+0000] {dagbag.py:536} INFO - Filling up the DagBag from /home/airflow/.local/lib/python3.10/site-packages/airflow/example_dags/example_subdag_operator.py
[2026-06-10T08:35:10.558+0000] {processor.py:839} INFO - DAG(s) dict_keys(['example_subdag_operator.section-1', 'example_subdag_operator.section-2', 'example_subdag_operator']) retrieved from /home/airflow/.local/lib/python3.10/site-packages/airflow/example_dags/example_subdag_operator.py
[2026-06-10T08:35:10.580+0000] {logging_mixin.py:154} INFO - [2026-06-10T08:35:10.580+0000] {dag.py:2941} INFO - Sync 3 DAGs
[2026-06-10T08:35:10.827+0000] {logging_mixin.py:154} INFO - [2026-06-10T08:35:10.827+0000] {dag.py:3722} INFO - Setting next_dagrun for example_subdag_operator to 2022-01-01T00:00:00+00:00, run_after=2022-01-01T00:00:00+00:00
[2026-06-10T08:35:10.834+0000] {logging_mixin.py:154} INFO - [2026-06-10T08:35:10.834+0000] {dag.py:3722} INFO - Setting next_dagrun for example_subdag_operator.section-1 to None, run_after=None
[2026-06-10T08:35:10.836+0000] {logging_mixin.py:154} INFO - [2026-06-10T08:35:10.836+0000] {dag.py:3722} INFO - Setting next_dagrun for example_subdag_operator.section-2 to None, run_after=None
[2026-06-10T08:35:10.845+0000] {logging_mixin.py:154} INFO - [2026-06-10T08:35:10.845+0000] {dag.py:2941} INFO - Sync 2 DAGs
[2026-06-10T08:35:10.852+0000] {logging_mixin.py:154} INFO - [2026-06-10T08:35:10.852+0000] {dag.py:3722} INFO - Setting next_dagrun for example_subdag_operator.section-1 to None, run_after=None
[2026-06-10T08:35:10.853+0000] {logging_mixin.py:154} INFO - [2026-06-10T08:35:10.853+0000] {dag.py:3722} INFO - Setting next_dagrun for example_subdag_operator.section-2 to None, run_after=None
[2026-06-10T08:35:10.866+0000] {processor.py:179} INFO - Processing /home/airflow/.local/lib/python3.10/site-packages/airflow/example_dags/example_subdag_operator.py took 0.371 seconds
[2026-06-10T08:35:40.978+0000] {processor.py:157} INFO - Started process (PID=859) to work on /home/airflow/.local/lib/python3.10/site-packages/airflow/example_dags/example_subdag_operator.py
[2026-06-10T08:35:40.979+0000] {processor.py:829} INFO - Processing file /home/airflow/.local/lib/python3.10/site-packages/airflow/example_dags/example_subdag_operator.py for tasks to queue
[2026-06-10T08:35:40.982+0000] {logging_mixin.py:154} INFO - [2026-06-10T08:35:40.982+0000] {dagbag.py:536} INFO - Filling up the DagBag from /home/airflow/.local/lib/python3.10/site-packages/airflow/example_dags/example_subdag_operator.py
[2026-06-10T08:35:41.008+0000] {processor.py:839} INFO - DAG(s) dict_keys(['example_subdag_operator.section-1', 'example_subdag_operator.section-2', 'example_subdag_operator']) retrieved from /home/airflow/.local/lib/python3.10/site-packages/airflow/example_dags/example_subdag_operator.py
[2026-06-10T08:35:41.025+0000] {logging_mixin.py:154} INFO - [2026-06-10T08:35:41.025+0000] {dag.py:2941} INFO - Sync 3 DAGs
[2026-06-10T08:35:41.048+0000] {logging_mixin.py:154} INFO - [2026-06-10T08:35:41.047+0000] {dag.py:3722} INFO - Setting next_dagrun for example_subdag_operator to 2022-01-01T00:00:00+00:00, run_after=2022-01-01T00:00:00+00:00
[2026-06-10T08:35:41.052+0000] {logging_mixin.py:154} INFO - [2026-06-10T08:35:41.052+0000] {dag.py:3722} INFO - Setting next_dagrun for example_subdag_operator.section-1 to None, run_after=None
[2026-06-10T08:35:41.053+0000] {logging_mixin.py:154} INFO - [2026-06-10T08:35:41.053+0000] {dag.py:3722} INFO - Setting next_dagrun for example_subdag_operator.section-2 to None, run_after=None
[2026-06-10T08:35:41.060+0000] {logging_mixin.py:154} INFO - [2026-06-10T08:35:41.060+0000] {dag.py:2941} INFO - Sync 2 DAGs
[2026-06-10T08:35:41.231+0000] {logging_mixin.py:154} INFO - [2026-06-10T08:35:41.230+0000] {dag.py:3722} INFO - Setting next_dagrun for example_subdag_operator.section-1 to None, run_after=None
[2026-06-10T08:35:41.231+0000] {logging_mixin.py:154} INFO - [2026-06-10T08:35:41.231+0000] {dag.py:3722} INFO - Setting next_dagrun for example_subdag_operator.section-2 to None, run_after=None
[2026-06-10T08:35:41.242+0000] {processor.py:179} INFO - Processing /home/airflow/.local/lib/python3.10/site-packages/airflow/example_dags/example_subdag_operator.py took 0.268 seconds
[2026-06-10T08:36:12.014+0000] {processor.py:157} INFO - Started process (PID=910) to work on /home/airflow/.local/lib/python3.10/site-packages/airflow/example_dags/example_subdag_operator.py
[2026-06-10T08:36:12.023+0000] {processor.py:829} INFO - Processing file /home/airflow/.local/lib/python3.10/site-packages/airflow/example_dags/example_subdag_operator.py for tasks to queue
[2026-06-10T08:36:12.040+0000] {logging_mixin.py:154} INFO - [2026-06-10T08:36:12.040+0000] {dagbag.py:536} INFO - Filling up the DagBag from /home/airflow/.local/lib/python3.10/site-packages/airflow/example_dags/example_subdag_operator.py
[2026-06-10T08:36:12.159+0000] {processor.py:839} INFO - DAG(s) dict_keys(['example_subdag_operator.section-1', 'example_subdag_operator.section-2', 'example_subdag_operator']) retrieved from /home/airflow/.local/lib/python3.10/site-packages/airflow/example_dags/example_subdag_operator.py
[2026-06-10T08:36:12.243+0000] {logging_mixin.py:154} INFO - [2026-06-10T08:36:12.242+0000] {dag.py:2941} INFO - Sync 3 DAGs
[2026-06-10T08:36:12.351+0000] {logging_mixin.py:154} INFO - [2026-06-10T08:36:12.350+0000] {dag.py:3722} INFO - Setting next_dagrun for example_subdag_operator to 2022-01-01T00:00:00+00:00, run_after=2022-01-01T00:00:00+00:00
[2026-06-10T08:36:12.393+0000] {logging_mixin.py:154} INFO - [2026-06-10T08:36:12.393+0000] {dag.py:3722} INFO - Setting next_dagrun for example_subdag_operator.section-1 to None, run_after=None
[2026-06-10T08:36:12.399+0000] {logging_mixin.py:154} INFO - [2026-06-10T08:36:12.399+0000] {dag.py:3722} INFO - Setting next_dagrun for example_subdag_operator.section-2 to None, run_after=None
[2026-06-10T08:36:12.421+0000] {logging_mixin.py:154} INFO - [2026-06-10T08:36:12.421+0000] {dag.py:2941} INFO - Sync 2 DAGs
[2026-06-10T08:36:12.437+0000] {logging_mixin.py:154} INFO - [2026-06-10T08:36:12.436+0000] {dag.py:3722} INFO - Setting next_dagrun for example_subdag_operator.section-1 to None, run_after=None
[2026-06-10T08:36:12.437+0000] {logging_mixin.py:154} INFO - [2026-06-10T08:36:12.437+0000] {dag.py:3722} INFO - Setting next_dagrun for example_subdag_operator.section-2 to None, run_after=None
[2026-06-10T08:36:12.482+0000] {processor.py:179} INFO - Processing /home/airflow/.local/lib/python3.10/site-packages/airflow/example_dags/example_subdag_operator.py took 0.476 seconds
[2026-06-10T08:36:48.935+0000] {processor.py:157} INFO - Started process (PID=961) to work on /home/airflow/.local/lib/python3.10/site-packages/airflow/example_dags/example_subdag_operator.py
[2026-06-10T08:36:48.939+0000] {processor.py:829} INFO - Processing file /home/airflow/.local/lib/python3.10/site-packages/airflow/example_dags/example_subdag_operator.py for tasks to queue
[2026-06-10T08:36:48.944+0000] {logging_mixin.py:154} INFO - [2026-06-10T08:36:48.943+0000] {dagbag.py:536} INFO - Filling up the DagBag from /home/airflow/.local/lib/python3.10/site-packages/airflow/example_dags/example_subdag_operator.py
[2026-06-10T08:36:49.024+0000] {processor.py:839} INFO - DAG(s) dict_keys(['example_subdag_operator.section-1', 'example_subdag_operator.section-2', 'example_subdag_operator']) retrieved from /home/airflow/.local/lib/python3.10/site-packages/airflow/example_dags/example_subdag_operator.py
[2026-06-10T08:36:49.049+0000] {logging_mixin.py:154} INFO - [2026-06-10T08:36:49.048+0000] {dag.py:2941} INFO - Sync 3 DAGs
[2026-06-10T08:36:49.338+0000] {logging_mixin.py:154} INFO - [2026-06-10T08:36:49.337+0000] {dag.py:3722} INFO - Setting next_dagrun for example_subdag_operator to 2022-01-01T00:00:00+00:00, run_after=2022-01-01T00:00:00+00:00
[2026-06-10T08:36:49.348+0000] {logging_mixin.py:154} INFO - [2026-06-10T08:36:49.348+0000] {dag.py:3722} INFO - Setting next_dagrun for example_subdag_operator.section-1 to None, run_after=None
[2026-06-10T08:36:49.353+0000] {logging_mixin.py:154} INFO - [2026-06-10T08:36:49.353+0000] {dag.py:3722} INFO - Setting next_dagrun for example_subdag_operator.section-2 to None, run_after=None
[2026-06-10T08:36:49.370+0000] {logging_mixin.py:154} INFO - [2026-06-10T08:36:49.370+0000] {dag.py:2941} INFO - Sync 2 DAGs
[2026-06-10T08:36:49.381+0000] {logging_mixin.py:154} INFO - [2026-06-10T08:36:49.378+0000] {dag.py:3722} INFO - Setting next_dagrun for example_subdag_operator.section-1 to None, run_after=None
[2026-06-10T08:36:49.381+0000] {logging_mixin.py:154} INFO - [2026-06-10T08:36:49.381+0000] {dag.py:3722} INFO - Setting next_dagrun for example_subdag_operator.section-2 to None, run_after=None
[2026-06-10T08:36:49.398+0000] {processor.py:179} INFO - Processing /home/airflow/.local/lib/python3.10/site-packages/airflow/example_dags/example_subdag_operator.py took 0.468 seconds
[2026-06-10T08:37:20.550+0000] {processor.py:157} INFO - Started process (PID=1012) to work on /home/airflow/.local/lib/python3.10/site-packages/airflow/example_dags/example_subdag_operator.py
[2026-06-10T08:37:20.554+0000] {processor.py:829} INFO - Processing file /home/airflow/.local/lib/python3.10/site-packages/airflow/example_dags/example_subdag_operator.py for tasks to queue
[2026-06-10T08:37:20.557+0000] {logging_mixin.py:154} INFO - [2026-06-10T08:37:20.557+0000] {dagbag.py:536} INFO - Filling up the DagBag from /home/airflow/.local/lib/python3.10/site-packages/airflow/example_dags/example_subdag_operator.py
[2026-06-10T08:37:20.598+0000] {processor.py:839} INFO - DAG(s) dict_keys(['example_subdag_operator.section-1', 'example_subdag_operator.section-2', 'example_subdag_operator']) retrieved from /home/airflow/.local/lib/python3.10/site-packages/airflow/example_dags/example_subdag_operator.py
[2026-06-10T08:37:20.623+0000] {logging_mixin.py:154} INFO - [2026-06-10T08:37:20.622+0000] {dag.py:2941} INFO - Sync 3 DAGs
[2026-06-10T08:37:20.658+0000] {logging_mixin.py:154} INFO - [2026-06-10T08:37:20.657+0000] {dag.py:3722} INFO - Setting next_dagrun for example_subdag_operator to 2022-01-01T00:00:00+00:00, run_after=2022-01-01T00:00:00+00:00
[2026-06-10T08:37:20.664+0000] {logging_mixin.py:154} INFO - [2026-06-10T08:37:20.664+0000] {dag.py:3722} INFO - Setting next_dagrun for example_subdag_operator.section-1 to None, run_after=None
[2026-06-10T08:37:20.666+0000] {logging_mixin.py:154} INFO - [2026-06-10T08:37:20.666+0000] {dag.py:3722} INFO - Setting next_dagrun for example_subdag_operator.section-2 to None, run_after=None
[2026-06-10T08:37:20.676+0000] {logging_mixin.py:154} INFO - [2026-06-10T08:37:20.676+0000] {dag.py:2941} INFO - Sync 2 DAGs
[2026-06-10T08:37:21.040+0000] {logging_mixin.py:154} INFO - [2026-06-10T08:37:21.040+0000] {dag.py:3722} INFO - Setting next_dagrun for example_subdag_operator.section-1 to None, run_after=None
[2026-06-10T08:37:21.040+0000] {logging_mixin.py:154} INFO - [2026-06-10T08:37:21.040+0000] {dag.py:3722} INFO - Setting next_dagrun for example_subdag_operator.section-2 to None, run_after=None
[2026-06-10T08:37:21.072+0000] {processor.py:179} INFO - Processing /home/airflow/.local/lib/python3.10/site-packages/airflow/example_dags/example_subdag_operator.py took 0.527 seconds
[2026-06-10T08:37:55.038+0000] {processor.py:157} INFO - Started process (PID=1063) to work on /home/airflow/.local/lib/python3.10/site-packages/airflow/example_dags/example_subdag_operator.py
[2026-06-10T08:37:55.043+0000] {processor.py:829} INFO - Processing file /home/airflow/.local/lib/python3.10/site-packages/airflow/example_dags/example_subdag_operator.py for tasks to queue
[2026-06-10T08:37:55.055+0000] {logging_mixin.py:154} INFO - [2026-06-10T08:37:55.046+0000] {dagbag.py:536} INFO - Filling up the DagBag from /home/airflow/.local/lib/python3.10/site-packages/airflow/example_dags/example_subdag_operator.py
[2026-06-10T08:37:55.520+0000] {processor.py:839} INFO - DAG(s) dict_keys(['example_subdag_operator.section-1', 'example_subdag_operator.section-2', 'example_subdag_operator']) retrieved from /home/airflow/.local/lib/python3.10/site-packages/airflow/example_dags/example_subdag_operator.py
[2026-06-10T08:37:55.558+0000] {logging_mixin.py:154} INFO - [2026-06-10T08:37:55.551+0000] {dag.py:2941} INFO - Sync 3 DAGs
[2026-06-10T08:37:55.621+0000] {logging_mixin.py:154} INFO - [2026-06-10T08:37:55.614+0000] {dag.py:3722} INFO - Setting next_dagrun for example_subdag_operator to 2022-01-01T00:00:00+00:00, run_after=2022-01-01T00:00:00+00:00
[2026-06-10T08:37:55.626+0000] {logging_mixin.py:154} INFO - [2026-06-10T08:37:55.625+0000] {dag.py:3722} INFO - Setting next_dagrun for example_subdag_operator.section-1 to None, run_after=None
[2026-06-10T08:37:55.627+0000] {logging_mixin.py:154} INFO - [2026-06-10T08:37:55.627+0000] {dag.py:3722} INFO - Setting next_dagrun for example_subdag_operator.section-2 to None, run_after=None
[2026-06-10T08:37:55.652+0000] {logging_mixin.py:154} INFO - [2026-06-10T08:37:55.652+0000] {dag.py:2941} INFO - Sync 2 DAGs
[2026-06-10T08:37:55.660+0000] {logging_mixin.py:154} INFO - [2026-06-10T08:37:55.660+0000] {dag.py:3722} INFO - Setting next_dagrun for example_subdag_operator.section-1 to None, run_after=None
[2026-06-10T08:37:55.661+0000] {logging_mixin.py:154} INFO - [2026-06-10T08:37:55.661+0000] {dag.py:3722} INFO - Setting next_dagrun for example_subdag_operator.section-2 to None, run_after=None
[2026-06-10T08:37:55.704+0000] {processor.py:179} INFO - Processing /home/airflow/.local/lib/python3.10/site-packages/airflow/example_dags/example_subdag_operator.py took 0.684 seconds
[2026-06-10T08:38:26.046+0000] {processor.py:157} INFO - Started process (PID=1114) to work on /home/airflow/.local/lib/python3.10/site-packages/airflow/example_dags/example_subdag_operator.py
[2026-06-10T08:38:26.047+0000] {processor.py:829} INFO - Processing file /home/airflow/.local/lib/python3.10/site-packages/airflow/example_dags/example_subdag_operator.py for tasks to queue
[2026-06-10T08:38:26.050+0000] {logging_mixin.py:154} INFO - [2026-06-10T08:38:26.050+0000] {dagbag.py:536} INFO - Filling up the DagBag from /home/airflow/.local/lib/python3.10/site-packages/airflow/example_dags/example_subdag_operator.py
[2026-06-10T08:38:26.112+0000] {processor.py:839} INFO - DAG(s) dict_keys(['example_subdag_operator.section-1', 'example_subdag_operator.section-2', 'example_subdag_operator']) retrieved from /home/airflow/.local/lib/python3.10/site-packages/airflow/example_dags/example_subdag_operator.py
[2026-06-10T08:38:26.159+0000] {logging_mixin.py:154} INFO - [2026-06-10T08:38:26.158+0000] {dag.py:2941} INFO - Sync 3 DAGs
[2026-06-10T08:38:26.196+0000] {logging_mixin.py:154} INFO - [2026-06-10T08:38:26.192+0000] {dag.py:3722} INFO - Setting next_dagrun for example_subdag_operator to 2022-01-01T00:00:00+00:00, run_after=2022-01-01T00:00:00+00:00
[2026-06-10T08:38:26.202+0000] {logging_mixin.py:154} INFO - [2026-06-10T08:38:26.202+0000] {dag.py:3722} INFO - Setting next_dagrun for example_subdag_operator.section-1 to None, run_after=None
[2026-06-10T08:38:26.205+0000] {logging_mixin.py:154} INFO - [2026-06-10T08:38:26.204+0000] {dag.py:3722} INFO - Setting next_dagrun for example_subdag_operator.section-2 to None, run_after=None
[2026-06-10T08:38:26.219+0000] {logging_mixin.py:154} INFO - [2026-06-10T08:38:26.218+0000] {dag.py:2941} INFO - Sync 2 DAGs
[2026-06-10T08:38:26.226+0000] {logging_mixin.py:154} INFO - [2026-06-10T08:38:26.226+0000] {dag.py:3722} INFO - Setting next_dagrun for example_subdag_operator.section-1 to None, run_after=None
[2026-06-10T08:38:26.226+0000] {logging_mixin.py:154} INFO - [2026-06-10T08:38:26.226+0000] {dag.py:3722} INFO - Setting next_dagrun for example_subdag_operator.section-2 to None, run_after=None
[2026-06-10T08:38:26.255+0000] {processor.py:179} INFO - Processing /home/airflow/.local/lib/python3.10/site-packages/airflow/example_dags/example_subdag_operator.py took 0.214 seconds
[2026-06-10T08:38:57.399+0000] {processor.py:157} INFO - Started process (PID=1165) to work on /home/airflow/.local/lib/python3.10/site-packages/airflow/example_dags/example_subdag_operator.py
[2026-06-10T08:38:57.405+0000] {processor.py:829} INFO - Processing file /home/airflow/.local/lib/python3.10/site-packages/airflow/example_dags/example_subdag_operator.py for tasks to queue
[2026-06-10T08:38:57.414+0000] {logging_mixin.py:154} INFO - [2026-06-10T08:38:57.413+0000] {dagbag.py:536} INFO - Filling up the DagBag from /home/airflow/.local/lib/python3.10/site-packages/airflow/example_dags/example_subdag_operator.py
[2026-06-10T08:38:57.484+0000] {processor.py:839} INFO - DAG(s) dict_keys(['example_subdag_operator.section-1', 'example_subdag_operator.section-2', 'example_subdag_operator']) retrieved from /home/airflow/.local/lib/python3.10/site-packages/airflow/example_dags/example_subdag_operator.py
[2026-06-10T08:38:57.506+0000] {logging_mixin.py:154} INFO - [2026-06-10T08:38:57.506+0000] {dag.py:2941} INFO - Sync 3 DAGs
[2026-06-10T08:38:57.538+0000] {logging_mixin.py:154} INFO - [2026-06-10T08:38:57.537+0000] {dag.py:3722} INFO - Setting next_dagrun for example_subdag_operator to 2022-01-01T00:00:00+00:00, run_after=2022-01-01T00:00:00+00:00
[2026-06-10T08:38:57.543+0000] {logging_mixin.py:154} INFO - [2026-06-10T08:38:57.543+0000] {dag.py:3722} INFO - Setting next_dagrun for example_subdag_operator.section-1 to None, run_after=None
[2026-06-10T08:38:57.545+0000] {logging_mixin.py:154} INFO - [2026-06-10T08:38:57.545+0000] {dag.py:3722} INFO - Setting next_dagrun for example_subdag_operator.section-2 to None, run_after=None
[2026-06-10T08:38:57.554+0000] {logging_mixin.py:154} INFO - [2026-06-10T08:38:57.554+0000] {dag.py:2941} INFO - Sync 2 DAGs
[2026-06-10T08:38:57.561+0000] {logging_mixin.py:154} INFO - [2026-06-10T08:38:57.561+0000] {dag.py:3722} INFO - Setting next_dagrun for example_subdag_operator.section-1 to None, run_after=None
[2026-06-10T08:38:57.562+0000] {logging_mixin.py:154} INFO - [2026-06-10T08:38:57.561+0000] {dag.py:3722} INFO - Setting next_dagrun for example_subdag_operator.section-2 to None, run_after=None
[2026-06-10T08:38:57.575+0000] {processor.py:179} INFO - Processing /home/airflow/.local/lib/python3.10/site-packages/airflow/example_dags/example_subdag_operator.py took 0.185 seconds
[2026-06-10T08:39:28.074+0000] {processor.py:157} INFO - Started process (PID=1216) to work on /home/airflow/.local/lib/python3.10/site-packages/airflow/example_dags/example_subdag_operator.py
[2026-06-10T08:39:28.077+0000] {processor.py:829} INFO - Processing file /home/airflow/.local/lib/python3.10/site-packages/airflow/example_dags/example_subdag_operator.py for tasks to queue
[2026-06-10T08:39:28.084+0000] {logging_mixin.py:154} INFO - [2026-06-10T08:39:28.083+0000] {dagbag.py:536} INFO - Filling up the DagBag from /home/airflow/.local/lib/python3.10/site-packages/airflow/example_dags/example_subdag_operator.py
[2026-06-10T08:39:28.155+0000] {processor.py:839} INFO - DAG(s) dict_keys(['example_subdag_operator.section-1', 'example_subdag_operator.section-2', 'example_subdag_operator']) retrieved from /home/airflow/.local/lib/python3.10/site-packages/airflow/example_dags/example_subdag_operator.py
[2026-06-10T08:39:28.191+0000] {logging_mixin.py:154} INFO - [2026-06-10T08:39:28.191+0000] {dag.py:2941} INFO - Sync 3 DAGs
[2026-06-10T08:39:28.260+0000] {logging_mixin.py:154} INFO - [2026-06-10T08:39:28.259+0000] {dag.py:3722} INFO - Setting next_dagrun for example_subdag_operator to 2022-01-01T00:00:00+00:00, run_after=2022-01-01T00:00:00+00:00
[2026-06-10T08:39:28.277+0000] {logging_mixin.py:154} INFO - [2026-06-10T08:39:28.277+0000] {dag.py:3722} INFO - Setting next_dagrun for example_subdag_operator.section-1 to None, run_after=None
[2026-06-10T08:39:28.282+0000] {logging_mixin.py:154} INFO - [2026-06-10T08:39:28.281+0000] {dag.py:3722} INFO - Setting next_dagrun for example_subdag_operator.section-2 to None, run_after=None
[2026-06-10T08:39:28.312+0000] {logging_mixin.py:154} INFO - [2026-06-10T08:39:28.311+0000] {dag.py:2941} INFO - Sync 2 DAGs
[2026-06-10T08:39:28.347+0000] {logging_mixin.py:154} INFO - [2026-06-10T08:39:28.344+0000] {dag.py:3722} INFO - Setting next_dagrun for example_subdag_operator.section-1 to None, run_after=None
[2026-06-10T08:39:28.351+0000] {logging_mixin.py:154} INFO - [2026-06-10T08:39:28.351+0000] {dag.py:3722} INFO - Setting next_dagrun for example_subdag_operator.section-2 to None, run_after=None
[2026-06-10T08:39:28.397+0000] {processor.py:179} INFO - Processing /home/airflow/.local/lib/python3.10/site-packages/airflow/example_dags/example_subdag_operator.py took 0.329 seconds
[2026-06-10T08:39:58.904+0000] {processor.py:157} INFO - Started process (PID=1267) to work on /home/airflow/.local/lib/python3.10/site-packages/airflow/example_dags/example_subdag_operator.py
[2026-06-10T08:39:58.906+0000] {processor.py:829} INFO - Processing file /home/airflow/.local/lib/python3.10/site-packages/airflow/example_dags/example_subdag_operator.py for tasks to queue
[2026-06-10T08:39:58.910+0000] {logging_mixin.py:154} INFO - [2026-06-10T08:39:58.909+0000] {dagbag.py:536} INFO - Filling up the DagBag from /home/airflow/.local/lib/python3.10/site-packages/airflow/example_dags/example_subdag_operator.py
[2026-06-10T08:39:58.944+0000] {processor.py:839} INFO - DAG(s) dict_keys(['example_subdag_operator.section-1', 'example_subdag_operator.section-2', 'example_subdag_operator']) retrieved from /home/airflow/.local/lib/python3.10/site-packages/airflow/example_dags/example_subdag_operator.py
[2026-06-10T08:39:58.968+0000] {logging_mixin.py:154} INFO - [2026-06-10T08:39:58.968+0000] {dag.py:2941} INFO - Sync 3 DAGs
[2026-06-10T08:39:59.002+0000] {logging_mixin.py:154} INFO - [2026-06-10T08:39:59.002+0000] {dag.py:3722} INFO - Setting next_dagrun for example_subdag_operator to 2022-01-01T00:00:00+00:00, run_after=2022-01-01T00:00:00+00:00
[2026-06-10T08:39:59.007+0000] {logging_mixin.py:154} INFO - [2026-06-10T08:39:59.007+0000] {dag.py:3722} INFO - Setting next_dagrun for example_subdag_operator.section-1 to None, run_after=None
[2026-06-10T08:39:59.009+0000] {logging_mixin.py:154} INFO - [2026-06-10T08:39:59.009+0000] {dag.py:3722} INFO - Setting next_dagrun for example_subdag_operator.section-2 to None, run_after=None
[2026-06-10T08:39:59.017+0000] {logging_mixin.py:154} INFO - [2026-06-10T08:39:59.017+0000] {dag.py:2941} INFO - Sync 2 DAGs
[2026-06-10T08:39:59.024+0000] {logging_mixin.py:154} INFO - [2026-06-10T08:39:59.024+0000] {dag.py:3722} INFO - Setting next_dagrun for example_subdag_operator.section-1 to None, run_after=None
[2026-06-10T08:39:59.025+0000] {logging_mixin.py:154} INFO - [2026-06-10T08:39:59.024+0000] {dag.py:3722} INFO - Setting next_dagrun for example_subdag_operator.section-2 to None, run_after=None
[2026-06-10T08:39:59.040+0000] {processor.py:179} INFO - Processing /home/airflow/.local/lib/python3.10/site-packages/airflow/example_dags/example_subdag_operator.py took 0.142 seconds
[2026-06-10T08:40:29.741+0000] {processor.py:157} INFO - Started process (PID=1317) to work on /home/airflow/.local/lib/python3.10/site-packages/airflow/example_dags/example_subdag_operator.py
[2026-06-10T08:40:29.751+0000] {processor.py:829} INFO - Processing file /home/airflow/.local/lib/python3.10/site-packages/airflow/example_dags/example_subdag_operator.py for tasks to queue
[2026-06-10T08:40:29.754+0000] {logging_mixin.py:154} INFO - [2026-06-10T08:40:29.753+0000] {dagbag.py:536} INFO - Filling up the DagBag from /home/airflow/.local/lib/python3.10/site-packages/airflow/example_dags/example_subdag_operator.py
[2026-06-10T08:40:29.821+0000] {processor.py:839} INFO - DAG(s) dict_keys(['example_subdag_operator.section-1', 'example_subdag_operator.section-2', 'example_subdag_operator']) retrieved from /home/airflow/.local/lib/python3.10/site-packages/airflow/example_dags/example_subdag_operator.py
[2026-06-10T08:40:29.851+0000] {logging_mixin.py:154} INFO - [2026-06-10T08:40:29.850+0000] {dag.py:2941} INFO - Sync 3 DAGs
[2026-06-10T08:40:29.919+0000] {logging_mixin.py:154} INFO - [2026-06-10T08:40:29.919+0000] {dag.py:3722} INFO - Setting next_dagrun for example_subdag_operator to 2022-01-01T00:00:00+00:00, run_after=2022-01-01T00:00:00+00:00
[2026-06-10T08:40:29.933+0000] {logging_mixin.py:154} INFO - [2026-06-10T08:40:29.933+0000] {dag.py:3722} INFO - Setting next_dagrun for example_subdag_operator.section-1 to None, run_after=None
[2026-06-10T08:40:29.935+0000] {logging_mixin.py:154} INFO - [2026-06-10T08:40:29.935+0000] {dag.py:3722} INFO - Setting next_dagrun for example_subdag_operator.section-2 to None, run_after=None
[2026-06-10T08:40:29.949+0000] {logging_mixin.py:154} INFO - [2026-06-10T08:40:29.948+0000] {dag.py:2941} INFO - Sync 2 DAGs
[2026-06-10T08:40:29.963+0000] {logging_mixin.py:154} INFO - [2026-06-10T08:40:29.963+0000] {dag.py:3722} INFO - Setting next_dagrun for example_subdag_operator.section-1 to None, run_after=None
[2026-06-10T08:40:29.971+0000] {logging_mixin.py:154} INFO - [2026-06-10T08:40:29.971+0000] {dag.py:3722} INFO - Setting next_dagrun for example_subdag_operator.section-2 to None, run_after=None
[2026-06-10T08:40:29.996+0000] {processor.py:179} INFO - Processing /home/airflow/.local/lib/python3.10/site-packages/airflow/example_dags/example_subdag_operator.py took 0.273 seconds
[2026-06-10T08:41:00.148+0000] {processor.py:157} INFO - Started process (PID=1367) to work on /home/airflow/.local/lib/python3.10/site-packages/airflow/example_dags/example_subdag_operator.py
[2026-06-10T08:41:00.149+0000] {processor.py:829} INFO - Processing file /home/airflow/.local/lib/python3.10/site-packages/airflow/example_dags/example_subdag_operator.py for tasks to queue
[2026-06-10T08:41:00.152+0000] {logging_mixin.py:154} INFO - [2026-06-10T08:41:00.151+0000] {dagbag.py:536} INFO - Filling up the DagBag from /home/airflow/.local/lib/python3.10/site-packages/airflow/example_dags/example_subdag_operator.py
[2026-06-10T08:41:00.188+0000] {processor.py:839} INFO - DAG(s) dict_keys(['example_subdag_operator.section-1', 'example_subdag_operator.section-2', 'example_subdag_operator']) retrieved from /home/airflow/.local/lib/python3.10/site-packages/airflow/example_dags/example_subdag_operator.py
[2026-06-10T08:41:00.212+0000] {logging_mixin.py:154} INFO - [2026-06-10T08:41:00.212+0000] {dag.py:2941} INFO - Sync 3 DAGs
[2026-06-10T08:41:00.240+0000] {logging_mixin.py:154} INFO - [2026-06-10T08:41:00.240+0000] {dag.py:3722} INFO - Setting next_dagrun for example_subdag_operator to 2022-01-01T00:00:00+00:00, run_after=2022-01-01T00:00:00+00:00
[2026-06-10T08:41:00.244+0000] {logging_mixin.py:154} INFO - [2026-06-10T08:41:00.244+0000] {dag.py:3722} INFO - Setting next_dagrun for example_subdag_operator.section-1 to None, run_after=None
[2026-06-10T08:41:00.245+0000] {logging_mixin.py:154} INFO - [2026-06-10T08:41:00.245+0000] {dag.py:3722} INFO - Setting next_dagrun for example_subdag_operator.section-2 to None, run_after=None
[2026-06-10T08:41:00.253+0000] {logging_mixin.py:154} INFO - [2026-06-10T08:41:00.252+0000] {dag.py:2941} INFO - Sync 2 DAGs
[2026-06-10T08:41:00.258+0000] {logging_mixin.py:154} INFO - [2026-06-10T08:41:00.258+0000] {dag.py:3722} INFO - Setting next_dagrun for example_subdag_operator.section-1 to None, run_after=None
[2026-06-10T08:41:00.258+0000] {logging_mixin.py:154} INFO - [2026-06-10T08:41:00.258+0000] {dag.py:3722} INFO - Setting next_dagrun for example_subdag_operator.section-2 to None, run_after=None
[2026-06-10T08:41:00.273+0000] {processor.py:179} INFO - Processing /home/airflow/.local/lib/python3.10/site-packages/airflow/example_dags/example_subdag_operator.py took 0.131 seconds
[2026-06-10T08:41:30.414+0000] {processor.py:157} INFO - Started process (PID=1417) to work on /home/airflow/.local/lib/python3.10/site-packages/airflow/example_dags/example_subdag_operator.py
[2026-06-10T08:41:30.417+0000] {processor.py:829} INFO - Processing file /home/airflow/.local/lib/python3.10/site-packages/airflow/example_dags/example_subdag_operator.py for tasks to queue
[2026-06-10T08:41:30.420+0000] {logging_mixin.py:154} INFO - [2026-06-10T08:41:30.419+0000] {dagbag.py:536} INFO - Filling up the DagBag from /home/airflow/.local/lib/python3.10/site-packages/airflow/example_dags/example_subdag_operator.py
[2026-06-10T08:41:30.458+0000] {processor.py:839} INFO - DAG(s) dict_keys(['example_subdag_operator.section-1', 'example_subdag_operator.section-2', 'example_subdag_operator']) retrieved from /home/airflow/.local/lib/python3.10/site-packages/airflow/example_dags/example_subdag_operator.py
[2026-06-10T08:41:30.480+0000] {logging_mixin.py:154} INFO - [2026-06-10T08:41:30.480+0000] {dag.py:2941} INFO - Sync 3 DAGs
[2026-06-10T08:41:30.513+0000] {logging_mixin.py:154} INFO - [2026-06-10T08:41:30.512+0000] {dag.py:3722} INFO - Setting next_dagrun for example_subdag_operator to 2022-01-01T00:00:00+00:00, run_after=2022-01-01T00:00:00+00:00
[2026-06-10T08:41:30.517+0000] {logging_mixin.py:154} INFO - [2026-06-10T08:41:30.516+0000] {dag.py:3722} INFO - Setting next_dagrun for example_subdag_operator.section-1 to None, run_after=None
[2026-06-10T08:41:30.519+0000] {logging_mixin.py:154} INFO - [2026-06-10T08:41:30.518+0000] {dag.py:3722} INFO - Setting next_dagrun for example_subdag_operator.section-2 to None, run_after=None
[2026-06-10T08:41:30.529+0000] {logging_mixin.py:154} INFO - [2026-06-10T08:41:30.528+0000] {dag.py:2941} INFO - Sync 2 DAGs
[2026-06-10T08:41:30.536+0000] {logging_mixin.py:154} INFO - [2026-06-10T08:41:30.536+0000] {dag.py:3722} INFO - Setting next_dagrun for example_subdag_operator.section-1 to None, run_after=None
[2026-06-10T08:41:30.537+0000] {logging_mixin.py:154} INFO - [2026-06-10T08:41:30.537+0000] {dag.py:3722} INFO - Setting next_dagrun for example_subdag_operator.section-2 to None, run_after=None
[2026-06-10T08:41:30.551+0000] {processor.py:179} INFO - Processing /home/airflow/.local/lib/python3.10/site-packages/airflow/example_dags/example_subdag_operator.py took 0.143 seconds
[2026-06-10T08:42:01.024+0000] {processor.py:157} INFO - Started process (PID=1468) to work on /home/airflow/.local/lib/python3.10/site-packages/airflow/example_dags/example_subdag_operator.py
[2026-06-10T08:42:01.027+0000] {processor.py:829} INFO - Processing file /home/airflow/.local/lib/python3.10/site-packages/airflow/example_dags/example_subdag_operator.py for tasks to queue
[2026-06-10T08:42:01.028+0000] {logging_mixin.py:154} INFO - [2026-06-10T08:42:01.027+0000] {dagbag.py:536} INFO - Filling up the DagBag from /home/airflow/.local/lib/python3.10/site-packages/airflow/example_dags/example_subdag_operator.py
[2026-06-10T08:42:01.063+0000] {processor.py:839} INFO - DAG(s) dict_keys(['example_subdag_operator.section-1', 'example_subdag_operator.section-2', 'example_subdag_operator']) retrieved from /home/airflow/.local/lib/python3.10/site-packages/airflow/example_dags/example_subdag_operator.py
[2026-06-10T08:42:01.087+0000] {logging_mixin.py:154} INFO - [2026-06-10T08:42:01.087+0000] {dag.py:2941} INFO - Sync 3 DAGs
[2026-06-10T08:42:01.121+0000] {logging_mixin.py:154} INFO - [2026-06-10T08:42:01.121+0000] {dag.py:3722} INFO - Setting next_dagrun for example_subdag_operator to 2022-01-01T00:00:00+00:00, run_after=2022-01-01T00:00:00+00:00
[2026-06-10T08:42:01.131+0000] {logging_mixin.py:154} INFO - [2026-06-10T08:42:01.131+0000] {dag.py:3722} INFO - Setting next_dagrun for example_subdag_operator.section-1 to None, run_after=None
[2026-06-10T08:42:01.133+0000] {logging_mixin.py:154} INFO - [2026-06-10T08:42:01.133+0000] {dag.py:3722} INFO - Setting next_dagrun for example_subdag_operator.section-2 to None, run_after=None
[2026-06-10T08:42:01.144+0000] {logging_mixin.py:154} INFO - [2026-06-10T08:42:01.144+0000] {dag.py:2941} INFO - Sync 2 DAGs
[2026-06-10T08:42:01.173+0000] {logging_mixin.py:154} INFO - [2026-06-10T08:42:01.173+0000] {dag.py:3722} INFO - Setting next_dagrun for example_subdag_operator.section-1 to None, run_after=None
[2026-06-10T08:42:01.175+0000] {logging_mixin.py:154} INFO - [2026-06-10T08:42:01.175+0000] {dag.py:3722} INFO - Setting next_dagrun for example_subdag_operator.section-2 to None, run_after=None
[2026-06-10T08:42:01.199+0000] {processor.py:179} INFO - Processing /home/airflow/.local/lib/python3.10/site-packages/airflow/example_dags/example_subdag_operator.py took 0.180 seconds
[2026-06-10T08:42:32.173+0000] {processor.py:157} INFO - Started process (PID=1519) to work on /home/airflow/.local/lib/python3.10/site-packages/airflow/example_dags/example_subdag_operator.py
[2026-06-10T08:42:32.176+0000] {processor.py:829} INFO - Processing file /home/airflow/.local/lib/python3.10/site-packages/airflow/example_dags/example_subdag_operator.py for tasks to queue
[2026-06-10T08:42:32.178+0000] {logging_mixin.py:154} INFO - [2026-06-10T08:42:32.177+0000] {dagbag.py:536} INFO - Filling up the DagBag from /home/airflow/.local/lib/python3.10/site-packages/airflow/example_dags/example_subdag_operator.py
[2026-06-10T08:42:32.228+0000] {processor.py:839} INFO - DAG(s) dict_keys(['example_subdag_operator.section-1', 'example_subdag_operator.section-2', 'example_subdag_operator']) retrieved from /home/airflow/.local/lib/python3.10/site-packages/airflow/example_dags/example_subdag_operator.py
[2026-06-10T08:42:32.254+0000] {logging_mixin.py:154} INFO - [2026-06-10T08:42:32.254+0000] {dag.py:2941} INFO - Sync 3 DAGs
[2026-06-10T08:42:32.360+0000] {logging_mixin.py:154} INFO - [2026-06-10T08:42:32.359+0000] {dag.py:3722} INFO - Setting next_dagrun for example_subdag_operator to 2022-01-01T00:00:00+00:00, run_after=2022-01-01T00:00:00+00:00
[2026-06-10T08:42:32.376+0000] {logging_mixin.py:154} INFO - [2026-06-10T08:42:32.376+0000] {dag.py:3722} INFO - Setting next_dagrun for example_subdag_operator.section-1 to None, run_after=None
[2026-06-10T08:42:32.379+0000] {logging_mixin.py:154} INFO - [2026-06-10T08:42:32.379+0000] {dag.py:3722} INFO - Setting next_dagrun for example_subdag_operator.section-2 to None, run_after=None
[2026-06-10T08:42:32.403+0000] {logging_mixin.py:154} INFO - [2026-06-10T08:42:32.402+0000] {dag.py:2941} INFO - Sync 2 DAGs
[2026-06-10T08:42:32.422+0000] {logging_mixin.py:154} INFO - [2026-06-10T08:42:32.421+0000] {dag.py:3722} INFO - Setting next_dagrun for example_subdag_operator.section-1 to None, run_after=None
[2026-06-10T08:42:32.423+0000] {logging_mixin.py:154} INFO - [2026-06-10T08:42:32.423+0000] {dag.py:3722} INFO - Setting next_dagrun for example_subdag_operator.section-2 to None, run_after=None
[2026-06-10T08:42:32.450+0000] {processor.py:179} INFO - Processing /home/airflow/.local/lib/python3.10/site-packages/airflow/example_dags/example_subdag_operator.py took 0.282 seconds
[2026-06-10T08:43:05.226+0000] {processor.py:157} INFO - Started process (PID=1569) to work on /home/airflow/.local/lib/python3.10/site-packages/airflow/example_dags/example_subdag_operator.py
[2026-06-10T08:43:05.231+0000] {processor.py:829} INFO - Processing file /home/airflow/.local/lib/python3.10/site-packages/airflow/example_dags/example_subdag_operator.py for tasks to queue
[2026-06-10T08:43:05.232+0000] {logging_mixin.py:154} INFO - [2026-06-10T08:43:05.232+0000] {dagbag.py:536} INFO - Filling up the DagBag from /home/airflow/.local/lib/python3.10/site-packages/airflow/example_dags/example_subdag_operator.py
[2026-06-10T08:43:05.301+0000] {processor.py:839} INFO - DAG(s) dict_keys(['example_subdag_operator.section-1', 'example_subdag_operator.section-2', 'example_subdag_operator']) retrieved from /home/airflow/.local/lib/python3.10/site-packages/airflow/example_dags/example_subdag_operator.py
[2026-06-10T08:43:05.347+0000] {logging_mixin.py:154} INFO - [2026-06-10T08:43:05.347+0000] {dag.py:2941} INFO - Sync 3 DAGs
[2026-06-10T08:43:05.421+0000] {logging_mixin.py:154} INFO - [2026-06-10T08:43:05.421+0000] {dag.py:3722} INFO - Setting next_dagrun for example_subdag_operator to 2022-01-01T00:00:00+00:00, run_after=2022-01-01T00:00:00+00:00
[2026-06-10T08:43:05.432+0000] {logging_mixin.py:154} INFO - [2026-06-10T08:43:05.430+0000] {dag.py:3722} INFO - Setting next_dagrun for example_subdag_operator.section-1 to None, run_after=None
[2026-06-10T08:43:05.435+0000] {logging_mixin.py:154} INFO - [2026-06-10T08:43:05.434+0000] {dag.py:3722} INFO - Setting next_dagrun for example_subdag_operator.section-2 to None, run_after=None
[2026-06-10T08:43:05.456+0000] {logging_mixin.py:154} INFO - [2026-06-10T08:43:05.456+0000] {dag.py:2941} INFO - Sync 2 DAGs
[2026-06-10T08:43:05.478+0000] {logging_mixin.py:154} INFO - [2026-06-10T08:43:05.478+0000] {dag.py:3722} INFO - Setting next_dagrun for example_subdag_operator.section-1 to None, run_after=None
[2026-06-10T08:43:05.479+0000] {logging_mixin.py:154} INFO - [2026-06-10T08:43:05.479+0000] {dag.py:3722} INFO - Setting next_dagrun for example_subdag_operator.section-2 to None, run_after=None
[2026-06-10T08:43:05.497+0000] {processor.py:179} INFO - Processing /home/airflow/.local/lib/python3.10/site-packages/airflow/example_dags/example_subdag_operator.py took 0.284 seconds
[2026-06-10T08:45:23.179+0000] {processor.py:157} INFO - Started process (PID=43) to work on /home/airflow/.local/lib/python3.10/site-packages/airflow/example_dags/example_subdag_operator.py
[2026-06-10T08:45:23.185+0000] {processor.py:829} INFO - Processing file /home/airflow/.local/lib/python3.10/site-packages/airflow/example_dags/example_subdag_operator.py for tasks to queue
[2026-06-10T08:45:23.200+0000] {logging_mixin.py:154} INFO - [2026-06-10T08:45:23.200+0000] {dagbag.py:536} INFO - Filling up the DagBag from /home/airflow/.local/lib/python3.10/site-packages/airflow/example_dags/example_subdag_operator.py
[2026-06-10T08:45:23.343+0000] {processor.py:839} INFO - DAG(s) dict_keys(['example_subdag_operator.section-1', 'example_subdag_operator.section-2', 'example_subdag_operator']) retrieved from /home/airflow/.local/lib/python3.10/site-packages/airflow/example_dags/example_subdag_operator.py
[2026-06-10T08:45:23.455+0000] {logging_mixin.py:154} INFO - [2026-06-10T08:45:23.455+0000] {dag.py:2941} INFO - Sync 3 DAGs
[2026-06-10T08:45:23.515+0000] {logging_mixin.py:154} INFO - [2026-06-10T08:45:23.515+0000] {dag.py:3722} INFO - Setting next_dagrun for example_subdag_operator to 2022-01-01T00:00:00+00:00, run_after=2022-01-01T00:00:00+00:00
[2026-06-10T08:45:23.520+0000] {logging_mixin.py:154} INFO - [2026-06-10T08:45:23.519+0000] {dag.py:3722} INFO - Setting next_dagrun for example_subdag_operator.section-1 to None, run_after=None
[2026-06-10T08:45:23.521+0000] {logging_mixin.py:154} INFO - [2026-06-10T08:45:23.521+0000] {dag.py:3722} INFO - Setting next_dagrun for example_subdag_operator.section-2 to None, run_after=None
[2026-06-10T08:45:23.532+0000] {logging_mixin.py:154} INFO - [2026-06-10T08:45:23.532+0000] {dag.py:2941} INFO - Sync 2 DAGs
[2026-06-10T08:45:23.547+0000] {logging_mixin.py:154} INFO - [2026-06-10T08:45:23.547+0000] {dag.py:3722} INFO - Setting next_dagrun for example_subdag_operator.section-1 to None, run_after=None
[2026-06-10T08:45:23.555+0000] {logging_mixin.py:154} INFO - [2026-06-10T08:45:23.555+0000] {dag.py:3722} INFO - Setting next_dagrun for example_subdag_operator.section-2 to None, run_after=None
[2026-06-10T08:45:23.584+0000] {processor.py:179} INFO - Processing /home/airflow/.local/lib/python3.10/site-packages/airflow/example_dags/example_subdag_operator.py took 0.418 seconds
[2026-06-10T08:45:53.726+0000] {processor.py:157} INFO - Started process (PID=93) to work on /home/airflow/.local/lib/python3.10/site-packages/airflow/example_dags/example_subdag_operator.py
[2026-06-10T08:45:53.728+0000] {processor.py:829} INFO - Processing file /home/airflow/.local/lib/python3.10/site-packages/airflow/example_dags/example_subdag_operator.py for tasks to queue
[2026-06-10T08:45:53.729+0000] {logging_mixin.py:154} INFO - [2026-06-10T08:45:53.729+0000] {dagbag.py:536} INFO - Filling up the DagBag from /home/airflow/.local/lib/python3.10/site-packages/airflow/example_dags/example_subdag_operator.py
[2026-06-10T08:45:53.801+0000] {processor.py:839} INFO - DAG(s) dict_keys(['example_subdag_operator.section-1', 'example_subdag_operator.section-2', 'example_subdag_operator']) retrieved from /home/airflow/.local/lib/python3.10/site-packages/airflow/example_dags/example_subdag_operator.py
[2026-06-10T08:45:53.879+0000] {logging_mixin.py:154} INFO - [2026-06-10T08:45:53.879+0000] {dag.py:2941} INFO - Sync 3 DAGs
[2026-06-10T08:45:53.916+0000] {logging_mixin.py:154} INFO - [2026-06-10T08:45:53.915+0000] {dag.py:3722} INFO - Setting next_dagrun for example_subdag_operator to 2022-01-01T00:00:00+00:00, run_after=2022-01-01T00:00:00+00:00
[2026-06-10T08:45:53.920+0000] {logging_mixin.py:154} INFO - [2026-06-10T08:45:53.920+0000] {dag.py:3722} INFO - Setting next_dagrun for example_subdag_operator.section-1 to None, run_after=None
[2026-06-10T08:45:53.921+0000] {logging_mixin.py:154} INFO - [2026-06-10T08:45:53.921+0000] {dag.py:3722} INFO - Setting next_dagrun for example_subdag_operator.section-2 to None, run_after=None
[2026-06-10T08:45:53.931+0000] {logging_mixin.py:154} INFO - [2026-06-10T08:45:53.931+0000] {dag.py:2941} INFO - Sync 2 DAGs
[2026-06-10T08:45:53.938+0000] {logging_mixin.py:154} INFO - [2026-06-10T08:45:53.938+0000] {dag.py:3722} INFO - Setting next_dagrun for example_subdag_operator.section-1 to None, run_after=None
[2026-06-10T08:45:53.938+0000] {logging_mixin.py:154} INFO - [2026-06-10T08:45:53.938+0000] {dag.py:3722} INFO - Setting next_dagrun for example_subdag_operator.section-2 to None, run_after=None
[2026-06-10T08:45:53.951+0000] {processor.py:179} INFO - Processing /home/airflow/.local/lib/python3.10/site-packages/airflow/example_dags/example_subdag_operator.py took 0.229 seconds
[2026-06-10T08:46:25.557+0000] {processor.py:157} INFO - Started process (PID=143) to work on /home/airflow/.local/lib/python3.10/site-packages/airflow/example_dags/example_subdag_operator.py
[2026-06-10T08:46:25.583+0000] {processor.py:829} INFO - Processing file /home/airflow/.local/lib/python3.10/site-packages/airflow/example_dags/example_subdag_operator.py for tasks to queue
[2026-06-10T08:46:25.586+0000] {logging_mixin.py:154} INFO - [2026-06-10T08:46:25.585+0000] {dagbag.py:536} INFO - Filling up the DagBag from /home/airflow/.local/lib/python3.10/site-packages/airflow/example_dags/example_subdag_operator.py
[2026-06-10T08:46:25.664+0000] {processor.py:839} INFO - DAG(s) dict_keys(['example_subdag_operator.section-1', 'example_subdag_operator.section-2', 'example_subdag_operator']) retrieved from /home/airflow/.local/lib/python3.10/site-packages/airflow/example_dags/example_subdag_operator.py
[2026-06-10T08:46:25.702+0000] {logging_mixin.py:154} INFO - [2026-06-10T08:46:25.702+0000] {dag.py:2941} INFO - Sync 3 DAGs
[2026-06-10T08:46:25.767+0000] {logging_mixin.py:154} INFO - [2026-06-10T08:46:25.767+0000] {dag.py:3722} INFO - Setting next_dagrun for example_subdag_operator to 2022-01-01T00:00:00+00:00, run_after=2022-01-01T00:00:00+00:00
[2026-06-10T08:46:25.776+0000] {logging_mixin.py:154} INFO - [2026-06-10T08:46:25.776+0000] {dag.py:3722} INFO - Setting next_dagrun for example_subdag_operator.section-1 to None, run_after=None
[2026-06-10T08:46:25.778+0000] {logging_mixin.py:154} INFO - [2026-06-10T08:46:25.778+0000] {dag.py:3722} INFO - Setting next_dagrun for example_subdag_operator.section-2 to None, run_after=None
[2026-06-10T08:46:25.796+0000] {logging_mixin.py:154} INFO - [2026-06-10T08:46:25.796+0000] {dag.py:2941} INFO - Sync 2 DAGs
[2026-06-10T08:46:25.819+0000] {logging_mixin.py:154} INFO - [2026-06-10T08:46:25.819+0000] {dag.py:3722} INFO - Setting next_dagrun for example_subdag_operator.section-1 to None, run_after=None
[2026-06-10T08:46:25.820+0000] {logging_mixin.py:154} INFO - [2026-06-10T08:46:25.820+0000] {dag.py:3722} INFO - Setting next_dagrun for example_subdag_operator.section-2 to None, run_after=None
[2026-06-10T08:46:25.839+0000] {processor.py:179} INFO - Processing /home/airflow/.local/lib/python3.10/site-packages/airflow/example_dags/example_subdag_operator.py took 0.299 seconds
[2026-06-10T08:46:56.211+0000] {processor.py:157} INFO - Started process (PID=193) to work on /home/airflow/.local/lib/python3.10/site-packages/airflow/example_dags/example_subdag_operator.py
[2026-06-10T08:46:56.213+0000] {processor.py:829} INFO - Processing file /home/airflow/.local/lib/python3.10/site-packages/airflow/example_dags/example_subdag_operator.py for tasks to queue
[2026-06-10T08:46:56.215+0000] {logging_mixin.py:154} INFO - [2026-06-10T08:46:56.214+0000] {dagbag.py:536} INFO - Filling up the DagBag from /home/airflow/.local/lib/python3.10/site-packages/airflow/example_dags/example_subdag_operator.py
[2026-06-10T08:46:56.248+0000] {processor.py:839} INFO - DAG(s) dict_keys(['example_subdag_operator.section-1', 'example_subdag_operator.section-2', 'example_subdag_operator']) retrieved from /home/airflow/.local/lib/python3.10/site-packages/airflow/example_dags/example_subdag_operator.py
[2026-06-10T08:46:56.270+0000] {logging_mixin.py:154} INFO - [2026-06-10T08:46:56.270+0000] {dag.py:2941} INFO - Sync 3 DAGs
[2026-06-10T08:46:56.300+0000] {logging_mixin.py:154} INFO - [2026-06-10T08:46:56.300+0000] {dag.py:3722} INFO - Setting next_dagrun for example_subdag_operator to 2022-01-01T00:00:00+00:00, run_after=2022-01-01T00:00:00+00:00
[2026-06-10T08:46:56.305+0000] {logging_mixin.py:154} INFO - [2026-06-10T08:46:56.304+0000] {dag.py:3722} INFO - Setting next_dagrun for example_subdag_operator.section-1 to None, run_after=None
[2026-06-10T08:46:56.306+0000] {logging_mixin.py:154} INFO - [2026-06-10T08:46:56.306+0000] {dag.py:3722} INFO - Setting next_dagrun for example_subdag_operator.section-2 to None, run_after=None
[2026-06-10T08:46:56.315+0000] {logging_mixin.py:154} INFO - [2026-06-10T08:46:56.315+0000] {dag.py:2941} INFO - Sync 2 DAGs
[2026-06-10T08:46:56.323+0000] {logging_mixin.py:154} INFO - [2026-06-10T08:46:56.322+0000] {dag.py:3722} INFO - Setting next_dagrun for example_subdag_operator.section-1 to None, run_after=None
[2026-06-10T08:46:56.323+0000] {logging_mixin.py:154} INFO - [2026-06-10T08:46:56.323+0000] {dag.py:3722} INFO - Setting next_dagrun for example_subdag_operator.section-2 to None, run_after=None
[2026-06-10T08:46:56.353+0000] {processor.py:179} INFO - Processing /home/airflow/.local/lib/python3.10/site-packages/airflow/example_dags/example_subdag_operator.py took 0.147 seconds
[2026-06-10T08:47:26.523+0000] {processor.py:157} INFO - Started process (PID=241) to work on /home/airflow/.local/lib/python3.10/site-packages/airflow/example_dags/example_subdag_operator.py
[2026-06-10T08:47:26.525+0000] {processor.py:829} INFO - Processing file /home/airflow/.local/lib/python3.10/site-packages/airflow/example_dags/example_subdag_operator.py for tasks to queue
[2026-06-10T08:47:26.526+0000] {logging_mixin.py:154} INFO - [2026-06-10T08:47:26.525+0000] {dagbag.py:536} INFO - Filling up the DagBag from /home/airflow/.local/lib/python3.10/site-packages/airflow/example_dags/example_subdag_operator.py
[2026-06-10T08:47:26.561+0000] {processor.py:839} INFO - DAG(s) dict_keys(['example_subdag_operator.section-1', 'example_subdag_operator.section-2', 'example_subdag_operator']) retrieved from /home/airflow/.local/lib/python3.10/site-packages/airflow/example_dags/example_subdag_operator.py
[2026-06-10T08:47:26.602+0000] {logging_mixin.py:154} INFO - [2026-06-10T08:47:26.601+0000] {dag.py:2941} INFO - Sync 3 DAGs
[2026-06-10T08:47:26.677+0000] {logging_mixin.py:154} INFO - [2026-06-10T08:47:26.677+0000] {dag.py:3722} INFO - Setting next_dagrun for example_subdag_operator to 2022-01-01T00:00:00+00:00, run_after=2022-01-01T00:00:00+00:00
[2026-06-10T08:47:26.686+0000] {logging_mixin.py:154} INFO - [2026-06-10T08:47:26.686+0000] {dag.py:3722} INFO - Setting next_dagrun for example_subdag_operator.section-1 to None, run_after=None
[2026-06-10T08:47:26.695+0000] {logging_mixin.py:154} INFO - [2026-06-10T08:47:26.694+0000] {dag.py:3722} INFO - Setting next_dagrun for example_subdag_operator.section-2 to None, run_after=None
[2026-06-10T08:47:26.709+0000] {logging_mixin.py:154} INFO - [2026-06-10T08:47:26.709+0000] {dag.py:2941} INFO - Sync 2 DAGs
[2026-06-10T08:47:26.717+0000] {logging_mixin.py:154} INFO - [2026-06-10T08:47:26.716+0000] {dag.py:3722} INFO - Setting next_dagrun for example_subdag_operator.section-1 to None, run_after=None
[2026-06-10T08:47:26.717+0000] {logging_mixin.py:154} INFO - [2026-06-10T08:47:26.717+0000] {dag.py:3722} INFO - Setting next_dagrun for example_subdag_operator.section-2 to None, run_after=None
[2026-06-10T08:47:26.734+0000] {processor.py:179} INFO - Processing /home/airflow/.local/lib/python3.10/site-packages/airflow/example_dags/example_subdag_operator.py took 0.217 seconds
[2026-06-10T08:47:57.725+0000] {processor.py:157} INFO - Started process (PID=293) to work on /home/airflow/.local/lib/python3.10/site-packages/airflow/example_dags/example_subdag_operator.py
[2026-06-10T08:47:57.736+0000] {processor.py:829} INFO - Processing file /home/airflow/.local/lib/python3.10/site-packages/airflow/example_dags/example_subdag_operator.py for tasks to queue
[2026-06-10T08:47:57.737+0000] {logging_mixin.py:154} INFO - [2026-06-10T08:47:57.737+0000] {dagbag.py:536} INFO - Filling up the DagBag from /home/airflow/.local/lib/python3.10/site-packages/airflow/example_dags/example_subdag_operator.py
[2026-06-10T08:47:57.822+0000] {processor.py:839} INFO - DAG(s) dict_keys(['example_subdag_operator.section-1', 'example_subdag_operator.section-2', 'example_subdag_operator']) retrieved from /home/airflow/.local/lib/python3.10/site-packages/airflow/example_dags/example_subdag_operator.py
[2026-06-10T08:47:57.910+0000] {logging_mixin.py:154} INFO - [2026-06-10T08:47:57.909+0000] {dag.py:2941} INFO - Sync 3 DAGs
[2026-06-10T08:47:58.072+0000] {logging_mixin.py:154} INFO - [2026-06-10T08:47:58.071+0000] {dag.py:3722} INFO - Setting next_dagrun for example_subdag_operator to 2022-01-01T00:00:00+00:00, run_after=2022-01-01T00:00:00+00:00
[2026-06-10T08:47:58.090+0000] {logging_mixin.py:154} INFO - [2026-06-10T08:47:58.090+0000] {dag.py:3722} INFO - Setting next_dagrun for example_subdag_operator.section-1 to None, run_after=None
[2026-06-10T08:47:58.108+0000] {logging_mixin.py:154} INFO - [2026-06-10T08:47:58.108+0000] {dag.py:3722} INFO - Setting next_dagrun for example_subdag_operator.section-2 to None, run_after=None
[2026-06-10T08:47:58.147+0000] {logging_mixin.py:154} INFO - [2026-06-10T08:47:58.146+0000] {dag.py:2941} INFO - Sync 2 DAGs
[2026-06-10T08:47:58.174+0000] {logging_mixin.py:154} INFO - [2026-06-10T08:47:58.174+0000] {dag.py:3722} INFO - Setting next_dagrun for example_subdag_operator.section-1 to None, run_after=None
[2026-06-10T08:47:58.182+0000] {logging_mixin.py:154} INFO - [2026-06-10T08:47:58.182+0000] {dag.py:3722} INFO - Setting next_dagrun for example_subdag_operator.section-2 to None, run_after=None
[2026-06-10T08:47:58.292+0000] {processor.py:179} INFO - Processing /home/airflow/.local/lib/python3.10/site-packages/airflow/example_dags/example_subdag_operator.py took 0.579 seconds
[2026-06-10T08:50:35.633+0000] {processor.py:157} INFO - Started process (PID=44) to work on /home/airflow/.local/lib/python3.10/site-packages/airflow/example_dags/example_subdag_operator.py
[2026-06-10T08:50:35.641+0000] {processor.py:829} INFO - Processing file /home/airflow/.local/lib/python3.10/site-packages/airflow/example_dags/example_subdag_operator.py for tasks to queue
[2026-06-10T08:50:35.647+0000] {logging_mixin.py:154} INFO - [2026-06-10T08:50:35.647+0000] {dagbag.py:536} INFO - Filling up the DagBag from /home/airflow/.local/lib/python3.10/site-packages/airflow/example_dags/example_subdag_operator.py
[2026-06-10T08:50:35.757+0000] {processor.py:839} INFO - DAG(s) dict_keys(['example_subdag_operator.section-1', 'example_subdag_operator.section-2', 'example_subdag_operator']) retrieved from /home/airflow/.local/lib/python3.10/site-packages/airflow/example_dags/example_subdag_operator.py
[2026-06-10T08:50:35.888+0000] {logging_mixin.py:154} INFO - [2026-06-10T08:50:35.888+0000] {dag.py:2941} INFO - Sync 3 DAGs
[2026-06-10T08:50:35.984+0000] {logging_mixin.py:154} INFO - [2026-06-10T08:50:35.983+0000] {dag.py:3722} INFO - Setting next_dagrun for example_subdag_operator to 2022-01-01T00:00:00+00:00, run_after=2022-01-01T00:00:00+00:00
[2026-06-10T08:50:36.000+0000] {logging_mixin.py:154} INFO - [2026-06-10T08:50:35.999+0000] {dag.py:3722} INFO - Setting next_dagrun for example_subdag_operator.section-1 to None, run_after=None
[2026-06-10T08:50:36.012+0000] {logging_mixin.py:154} INFO - [2026-06-10T08:50:36.011+0000] {dag.py:3722} INFO - Setting next_dagrun for example_subdag_operator.section-2 to None, run_after=None
[2026-06-10T08:50:36.036+0000] {logging_mixin.py:154} INFO - [2026-06-10T08:50:36.036+0000] {dag.py:2941} INFO - Sync 2 DAGs
[2026-06-10T08:50:36.071+0000] {logging_mixin.py:154} INFO - [2026-06-10T08:50:36.071+0000] {dag.py:3722} INFO - Setting next_dagrun for example_subdag_operator.section-1 to None, run_after=None
[2026-06-10T08:50:36.072+0000] {logging_mixin.py:154} INFO - [2026-06-10T08:50:36.072+0000] {dag.py:3722} INFO - Setting next_dagrun for example_subdag_operator.section-2 to None, run_after=None
[2026-06-10T08:50:36.112+0000] {processor.py:179} INFO - Processing /home/airflow/.local/lib/python3.10/site-packages/airflow/example_dags/example_subdag_operator.py took 0.484 seconds
[2026-06-10T08:51:06.514+0000] {processor.py:157} INFO - Started process (PID=95) to work on /home/airflow/.local/lib/python3.10/site-packages/airflow/example_dags/example_subdag_operator.py
[2026-06-10T08:51:06.523+0000] {processor.py:829} INFO - Processing file /home/airflow/.local/lib/python3.10/site-packages/airflow/example_dags/example_subdag_operator.py for tasks to queue
[2026-06-10T08:51:06.525+0000] {logging_mixin.py:154} INFO - [2026-06-10T08:51:06.525+0000] {dagbag.py:536} INFO - Filling up the DagBag from /home/airflow/.local/lib/python3.10/site-packages/airflow/example_dags/example_subdag_operator.py
[2026-06-10T08:51:06.590+0000] {processor.py:839} INFO - DAG(s) dict_keys(['example_subdag_operator.section-1', 'example_subdag_operator.section-2', 'example_subdag_operator']) retrieved from /home/airflow/.local/lib/python3.10/site-packages/airflow/example_dags/example_subdag_operator.py
[2026-06-10T08:51:06.636+0000] {logging_mixin.py:154} INFO - [2026-06-10T08:51:06.636+0000] {dag.py:2941} INFO - Sync 3 DAGs
[2026-06-10T08:51:06.699+0000] {logging_mixin.py:154} INFO - [2026-06-10T08:51:06.699+0000] {dag.py:3722} INFO - Setting next_dagrun for example_subdag_operator to 2022-01-01T00:00:00+00:00, run_after=2022-01-01T00:00:00+00:00
[2026-06-10T08:51:06.712+0000] {logging_mixin.py:154} INFO - [2026-06-10T08:51:06.712+0000] {dag.py:3722} INFO - Setting next_dagrun for example_subdag_operator.section-1 to None, run_after=None
[2026-06-10T08:51:06.714+0000] {logging_mixin.py:154} INFO - [2026-06-10T08:51:06.714+0000] {dag.py:3722} INFO - Setting next_dagrun for example_subdag_operator.section-2 to None, run_after=None
[2026-06-10T08:51:06.736+0000] {logging_mixin.py:154} INFO - [2026-06-10T08:51:06.736+0000] {dag.py:2941} INFO - Sync 2 DAGs
[2026-06-10T08:51:06.743+0000] {logging_mixin.py:154} INFO - [2026-06-10T08:51:06.743+0000] {dag.py:3722} INFO - Setting next_dagrun for example_subdag_operator.section-1 to None, run_after=None
[2026-06-10T08:51:06.744+0000] {logging_mixin.py:154} INFO - [2026-06-10T08:51:06.744+0000] {dag.py:3722} INFO - Setting next_dagrun for example_subdag_operator.section-2 to None, run_after=None
[2026-06-10T08:51:06.776+0000] {processor.py:179} INFO - Processing /home/airflow/.local/lib/python3.10/site-packages/airflow/example_dags/example_subdag_operator.py took 0.270 seconds
[2026-06-10T08:51:37.105+0000] {processor.py:157} INFO - Started process (PID=146) to work on /home/airflow/.local/lib/python3.10/site-packages/airflow/example_dags/example_subdag_operator.py
[2026-06-10T08:51:37.107+0000] {processor.py:829} INFO - Processing file /home/airflow/.local/lib/python3.10/site-packages/airflow/example_dags/example_subdag_operator.py for tasks to queue
[2026-06-10T08:51:37.110+0000] {logging_mixin.py:154} INFO - [2026-06-10T08:51:37.109+0000] {dagbag.py:536} INFO - Filling up the DagBag from /home/airflow/.local/lib/python3.10/site-packages/airflow/example_dags/example_subdag_operator.py
[2026-06-10T08:51:37.162+0000] {processor.py:839} INFO - DAG(s) dict_keys(['example_subdag_operator.section-1', 'example_subdag_operator.section-2', 'example_subdag_operator']) retrieved from /home/airflow/.local/lib/python3.10/site-packages/airflow/example_dags/example_subdag_operator.py
[2026-06-10T08:51:37.186+0000] {logging_mixin.py:154} INFO - [2026-06-10T08:51:37.185+0000] {dag.py:2941} INFO - Sync 3 DAGs
[2026-06-10T08:51:37.219+0000] {logging_mixin.py:154} INFO - [2026-06-10T08:51:37.219+0000] {dag.py:3722} INFO - Setting next_dagrun for example_subdag_operator to 2022-01-01T00:00:00+00:00, run_after=2022-01-01T00:00:00+00:00
[2026-06-10T08:51:37.225+0000] {logging_mixin.py:154} INFO - [2026-06-10T08:51:37.224+0000] {dag.py:3722} INFO - Setting next_dagrun for example_subdag_operator.section-1 to None, run_after=None
[2026-06-10T08:51:37.226+0000] {logging_mixin.py:154} INFO - [2026-06-10T08:51:37.226+0000] {dag.py:3722} INFO - Setting next_dagrun for example_subdag_operator.section-2 to None, run_after=None
[2026-06-10T08:51:37.236+0000] {logging_mixin.py:154} INFO - [2026-06-10T08:51:37.236+0000] {dag.py:2941} INFO - Sync 2 DAGs
[2026-06-10T08:51:37.249+0000] {logging_mixin.py:154} INFO - [2026-06-10T08:51:37.249+0000] {dag.py:3722} INFO - Setting next_dagrun for example_subdag_operator.section-1 to None, run_after=None
[2026-06-10T08:51:37.252+0000] {logging_mixin.py:154} INFO - [2026-06-10T08:51:37.251+0000] {dag.py:3722} INFO - Setting next_dagrun for example_subdag_operator.section-2 to None, run_after=None
[2026-06-10T08:51:37.281+0000] {processor.py:179} INFO - Processing /home/airflow/.local/lib/python3.10/site-packages/airflow/example_dags/example_subdag_operator.py took 0.181 seconds
[2026-06-10T08:52:07.643+0000] {processor.py:157} INFO - Started process (PID=197) to work on /home/airflow/.local/lib/python3.10/site-packages/airflow/example_dags/example_subdag_operator.py
[2026-06-10T08:52:07.645+0000] {processor.py:829} INFO - Processing file /home/airflow/.local/lib/python3.10/site-packages/airflow/example_dags/example_subdag_operator.py for tasks to queue
[2026-06-10T08:52:07.648+0000] {logging_mixin.py:154} INFO - [2026-06-10T08:52:07.648+0000] {dagbag.py:536} INFO - Filling up the DagBag from /home/airflow/.local/lib/python3.10/site-packages/airflow/example_dags/example_subdag_operator.py
[2026-06-10T08:52:07.683+0000] {processor.py:839} INFO - DAG(s) dict_keys(['example_subdag_operator.section-1', 'example_subdag_operator.section-2', 'example_subdag_operator']) retrieved from /home/airflow/.local/lib/python3.10/site-packages/airflow/example_dags/example_subdag_operator.py
[2026-06-10T08:52:07.707+0000] {logging_mixin.py:154} INFO - [2026-06-10T08:52:07.706+0000] {dag.py:2941} INFO - Sync 3 DAGs
[2026-06-10T08:52:07.753+0000] {logging_mixin.py:154} INFO - [2026-06-10T08:52:07.752+0000] {dag.py:3722} INFO - Setting next_dagrun for example_subdag_operator to 2022-01-01T00:00:00+00:00, run_after=2022-01-01T00:00:00+00:00
[2026-06-10T08:52:07.758+0000] {logging_mixin.py:154} INFO - [2026-06-10T08:52:07.758+0000] {dag.py:3722} INFO - Setting next_dagrun for example_subdag_operator.section-1 to None, run_after=None
[2026-06-10T08:52:07.760+0000] {logging_mixin.py:154} INFO - [2026-06-10T08:52:07.760+0000] {dag.py:3722} INFO - Setting next_dagrun for example_subdag_operator.section-2 to None, run_after=None
[2026-06-10T08:52:07.771+0000] {logging_mixin.py:154} INFO - [2026-06-10T08:52:07.770+0000] {dag.py:2941} INFO - Sync 2 DAGs
[2026-06-10T08:52:07.778+0000] {logging_mixin.py:154} INFO - [2026-06-10T08:52:07.777+0000] {dag.py:3722} INFO - Setting next_dagrun for example_subdag_operator.section-1 to None, run_after=None
[2026-06-10T08:52:07.778+0000] {logging_mixin.py:154} INFO - [2026-06-10T08:52:07.778+0000] {dag.py:3722} INFO - Setting next_dagrun for example_subdag_operator.section-2 to None, run_after=None
[2026-06-10T08:52:07.798+0000] {processor.py:179} INFO - Processing /home/airflow/.local/lib/python3.10/site-packages/airflow/example_dags/example_subdag_operator.py took 0.160 seconds
[2026-06-10T08:52:38.223+0000] {processor.py:157} INFO - Started process (PID=248) to work on /home/airflow/.local/lib/python3.10/site-packages/airflow/example_dags/example_subdag_operator.py
[2026-06-10T08:52:38.224+0000] {processor.py:829} INFO - Processing file /home/airflow/.local/lib/python3.10/site-packages/airflow/example_dags/example_subdag_operator.py for tasks to queue
[2026-06-10T08:52:38.228+0000] {logging_mixin.py:154} INFO - [2026-06-10T08:52:38.227+0000] {dagbag.py:536} INFO - Filling up the DagBag from /home/airflow/.local/lib/python3.10/site-packages/airflow/example_dags/example_subdag_operator.py
[2026-06-10T08:52:38.274+0000] {processor.py:839} INFO - DAG(s) dict_keys(['example_subdag_operator.section-1', 'example_subdag_operator.section-2', 'example_subdag_operator']) retrieved from /home/airflow/.local/lib/python3.10/site-packages/airflow/example_dags/example_subdag_operator.py
[2026-06-10T08:52:38.302+0000] {logging_mixin.py:154} INFO - [2026-06-10T08:52:38.302+0000] {dag.py:2941} INFO - Sync 3 DAGs
[2026-06-10T08:52:38.384+0000] {logging_mixin.py:154} INFO - [2026-06-10T08:52:38.383+0000] {dag.py:3722} INFO - Setting next_dagrun for example_subdag_operator to 2022-01-01T00:00:00+00:00, run_after=2022-01-01T00:00:00+00:00
[2026-06-10T08:52:38.404+0000] {logging_mixin.py:154} INFO - [2026-06-10T08:52:38.403+0000] {dag.py:3722} INFO - Setting next_dagrun for example_subdag_operator.section-1 to None, run_after=None
[2026-06-10T08:52:38.408+0000] {logging_mixin.py:154} INFO - [2026-06-10T08:52:38.408+0000] {dag.py:3722} INFO - Setting next_dagrun for example_subdag_operator.section-2 to None, run_after=None
[2026-06-10T08:52:38.425+0000] {logging_mixin.py:154} INFO - [2026-06-10T08:52:38.424+0000] {dag.py:2941} INFO - Sync 2 DAGs
[2026-06-10T08:52:38.432+0000] {logging_mixin.py:154} INFO - [2026-06-10T08:52:38.431+0000] {dag.py:3722} INFO - Setting next_dagrun for example_subdag_operator.section-1 to None, run_after=None
[2026-06-10T08:52:38.432+0000] {logging_mixin.py:154} INFO - [2026-06-10T08:52:38.432+0000] {dag.py:3722} INFO - Setting next_dagrun for example_subdag_operator.section-2 to None, run_after=None
[2026-06-10T08:52:38.452+0000] {processor.py:179} INFO - Processing /home/airflow/.local/lib/python3.10/site-packages/airflow/example_dags/example_subdag_operator.py took 0.244 seconds
[2026-06-10T08:53:11.894+0000] {processor.py:157} INFO - Started process (PID=299) to work on /home/airflow/.local/lib/python3.10/site-packages/airflow/example_dags/example_subdag_operator.py
[2026-06-10T08:53:11.895+0000] {processor.py:829} INFO - Processing file /home/airflow/.local/lib/python3.10/site-packages/airflow/example_dags/example_subdag_operator.py for tasks to queue
[2026-06-10T08:53:11.899+0000] {logging_mixin.py:154} INFO - [2026-06-10T08:53:11.899+0000] {dagbag.py:536} INFO - Filling up the DagBag from /home/airflow/.local/lib/python3.10/site-packages/airflow/example_dags/example_subdag_operator.py
[2026-06-10T08:53:11.934+0000] {processor.py:839} INFO - DAG(s) dict_keys(['example_subdag_operator.section-1', 'example_subdag_operator.section-2', 'example_subdag_operator']) retrieved from /home/airflow/.local/lib/python3.10/site-packages/airflow/example_dags/example_subdag_operator.py
[2026-06-10T08:53:11.957+0000] {logging_mixin.py:154} INFO - [2026-06-10T08:53:11.957+0000] {dag.py:2941} INFO - Sync 3 DAGs
[2026-06-10T08:53:11.992+0000] {logging_mixin.py:154} INFO - [2026-06-10T08:53:11.992+0000] {dag.py:3722} INFO - Setting next_dagrun for example_subdag_operator to 2022-01-01T00:00:00+00:00, run_after=2022-01-01T00:00:00+00:00
[2026-06-10T08:53:11.997+0000] {logging_mixin.py:154} INFO - [2026-06-10T08:53:11.997+0000] {dag.py:3722} INFO - Setting next_dagrun for example_subdag_operator.section-1 to None, run_after=None
[2026-06-10T08:53:11.999+0000] {logging_mixin.py:154} INFO - [2026-06-10T08:53:11.998+0000] {dag.py:3722} INFO - Setting next_dagrun for example_subdag_operator.section-2 to None, run_after=None
[2026-06-10T08:53:12.008+0000] {logging_mixin.py:154} INFO - [2026-06-10T08:53:12.008+0000] {dag.py:2941} INFO - Sync 2 DAGs
[2026-06-10T08:53:12.015+0000] {logging_mixin.py:154} INFO - [2026-06-10T08:53:12.015+0000] {dag.py:3722} INFO - Setting next_dagrun for example_subdag_operator.section-1 to None, run_after=None
[2026-06-10T08:53:12.016+0000] {logging_mixin.py:154} INFO - [2026-06-10T08:53:12.016+0000] {dag.py:3722} INFO - Setting next_dagrun for example_subdag_operator.section-2 to None, run_after=None
[2026-06-10T08:53:12.043+0000] {processor.py:179} INFO - Processing /home/airflow/.local/lib/python3.10/site-packages/airflow/example_dags/example_subdag_operator.py took 0.155 seconds
[2026-06-10T08:53:45.392+0000] {processor.py:157} INFO - Started process (PID=350) to work on /home/airflow/.local/lib/python3.10/site-packages/airflow/example_dags/example_subdag_operator.py
[2026-06-10T08:53:45.405+0000] {processor.py:829} INFO - Processing file /home/airflow/.local/lib/python3.10/site-packages/airflow/example_dags/example_subdag_operator.py for tasks to queue
[2026-06-10T08:53:45.417+0000] {logging_mixin.py:154} INFO - [2026-06-10T08:53:45.417+0000] {dagbag.py:536} INFO - Filling up the DagBag from /home/airflow/.local/lib/python3.10/site-packages/airflow/example_dags/example_subdag_operator.py
[2026-06-10T08:53:45.542+0000] {processor.py:839} INFO - DAG(s) dict_keys(['example_subdag_operator.section-1', 'example_subdag_operator.section-2', 'example_subdag_operator']) retrieved from /home/airflow/.local/lib/python3.10/site-packages/airflow/example_dags/example_subdag_operator.py
[2026-06-10T08:53:45.639+0000] {logging_mixin.py:154} INFO - [2026-06-10T08:53:45.639+0000] {dag.py:2941} INFO - Sync 3 DAGs
[2026-06-10T08:53:45.742+0000] {logging_mixin.py:154} INFO - [2026-06-10T08:53:45.741+0000] {dag.py:3722} INFO - Setting next_dagrun for example_subdag_operator to 2022-01-01T00:00:00+00:00, run_after=2022-01-01T00:00:00+00:00
[2026-06-10T08:53:45.768+0000] {logging_mixin.py:154} INFO - [2026-06-10T08:53:45.768+0000] {dag.py:3722} INFO - Setting next_dagrun for example_subdag_operator.section-1 to None, run_after=None
[2026-06-10T08:53:45.772+0000] {logging_mixin.py:154} INFO - [2026-06-10T08:53:45.772+0000] {dag.py:3722} INFO - Setting next_dagrun for example_subdag_operator.section-2 to None, run_after=None
[2026-06-10T08:53:45.801+0000] {logging_mixin.py:154} INFO - [2026-06-10T08:53:45.800+0000] {dag.py:2941} INFO - Sync 2 DAGs
[2026-06-10T08:53:45.820+0000] {logging_mixin.py:154} INFO - [2026-06-10T08:53:45.820+0000] {dag.py:3722} INFO - Setting next_dagrun for example_subdag_operator.section-1 to None, run_after=None
[2026-06-10T08:53:45.821+0000] {logging_mixin.py:154} INFO - [2026-06-10T08:53:45.820+0000] {dag.py:3722} INFO - Setting next_dagrun for example_subdag_operator.section-2 to None, run_after=None
[2026-06-10T08:53:45.849+0000] {processor.py:179} INFO - Processing /home/airflow/.local/lib/python3.10/site-packages/airflow/example_dags/example_subdag_operator.py took 0.462 seconds
[2026-06-10T08:54:16.403+0000] {processor.py:157} INFO - Started process (PID=401) to work on /home/airflow/.local/lib/python3.10/site-packages/airflow/example_dags/example_subdag_operator.py
[2026-06-10T08:54:16.407+0000] {processor.py:829} INFO - Processing file /home/airflow/.local/lib/python3.10/site-packages/airflow/example_dags/example_subdag_operator.py for tasks to queue
[2026-06-10T08:54:16.409+0000] {logging_mixin.py:154} INFO - [2026-06-10T08:54:16.409+0000] {dagbag.py:536} INFO - Filling up the DagBag from /home/airflow/.local/lib/python3.10/site-packages/airflow/example_dags/example_subdag_operator.py
[2026-06-10T08:54:16.482+0000] {processor.py:839} INFO - DAG(s) dict_keys(['example_subdag_operator.section-1', 'example_subdag_operator.section-2', 'example_subdag_operator']) retrieved from /home/airflow/.local/lib/python3.10/site-packages/airflow/example_dags/example_subdag_operator.py
[2026-06-10T08:54:16.539+0000] {logging_mixin.py:154} INFO - [2026-06-10T08:54:16.539+0000] {dag.py:2941} INFO - Sync 3 DAGs
[2026-06-10T08:54:16.600+0000] {logging_mixin.py:154} INFO - [2026-06-10T08:54:16.598+0000] {dag.py:3722} INFO - Setting next_dagrun for example_subdag_operator to 2022-01-01T00:00:00+00:00, run_after=2022-01-01T00:00:00+00:00
[2026-06-10T08:54:16.610+0000] {logging_mixin.py:154} INFO - [2026-06-10T08:54:16.610+0000] {dag.py:3722} INFO - Setting next_dagrun for example_subdag_operator.section-1 to None, run_after=None
[2026-06-10T08:54:16.615+0000] {logging_mixin.py:154} INFO - [2026-06-10T08:54:16.614+0000] {dag.py:3722} INFO - Setting next_dagrun for example_subdag_operator.section-2 to None, run_after=None
[2026-06-10T08:54:16.643+0000] {logging_mixin.py:154} INFO - [2026-06-10T08:54:16.643+0000] {dag.py:2941} INFO - Sync 2 DAGs
[2026-06-10T08:54:16.670+0000] {logging_mixin.py:154} INFO - [2026-06-10T08:54:16.670+0000] {dag.py:3722} INFO - Setting next_dagrun for example_subdag_operator.section-1 to None, run_after=None
[2026-06-10T08:54:16.679+0000] {logging_mixin.py:154} INFO - [2026-06-10T08:54:16.670+0000] {dag.py:3722} INFO - Setting next_dagrun for example_subdag_operator.section-2 to None, run_after=None
[2026-06-10T08:54:16.708+0000] {processor.py:179} INFO - Processing /home/airflow/.local/lib/python3.10/site-packages/airflow/example_dags/example_subdag_operator.py took 0.310 seconds
[2026-06-10T08:54:47.550+0000] {processor.py:157} INFO - Started process (PID=452) to work on /home/airflow/.local/lib/python3.10/site-packages/airflow/example_dags/example_subdag_operator.py
[2026-06-10T08:54:47.555+0000] {processor.py:829} INFO - Processing file /home/airflow/.local/lib/python3.10/site-packages/airflow/example_dags/example_subdag_operator.py for tasks to queue
[2026-06-10T08:54:47.557+0000] {logging_mixin.py:154} INFO - [2026-06-10T08:54:47.557+0000] {dagbag.py:536} INFO - Filling up the DagBag from /home/airflow/.local/lib/python3.10/site-packages/airflow/example_dags/example_subdag_operator.py
[2026-06-10T08:54:47.628+0000] {processor.py:839} INFO - DAG(s) dict_keys(['example_subdag_operator.section-1', 'example_subdag_operator.section-2', 'example_subdag_operator']) retrieved from /home/airflow/.local/lib/python3.10/site-packages/airflow/example_dags/example_subdag_operator.py
[2026-06-10T08:54:47.652+0000] {logging_mixin.py:154} INFO - [2026-06-10T08:54:47.652+0000] {dag.py:2941} INFO - Sync 3 DAGs
[2026-06-10T08:54:47.690+0000] {logging_mixin.py:154} INFO - [2026-06-10T08:54:47.690+0000] {dag.py:3722} INFO - Setting next_dagrun for example_subdag_operator to 2022-01-01T00:00:00+00:00, run_after=2022-01-01T00:00:00+00:00
[2026-06-10T08:54:47.695+0000] {logging_mixin.py:154} INFO - [2026-06-10T08:54:47.695+0000] {dag.py:3722} INFO - Setting next_dagrun for example_subdag_operator.section-1 to None, run_after=None
[2026-06-10T08:54:47.697+0000] {logging_mixin.py:154} INFO - [2026-06-10T08:54:47.697+0000] {dag.py:3722} INFO - Setting next_dagrun for example_subdag_operator.section-2 to None, run_after=None
[2026-06-10T08:54:47.708+0000] {logging_mixin.py:154} INFO - [2026-06-10T08:54:47.708+0000] {dag.py:2941} INFO - Sync 2 DAGs
[2026-06-10T08:54:47.725+0000] {logging_mixin.py:154} INFO - [2026-06-10T08:54:47.724+0000] {dag.py:3722} INFO - Setting next_dagrun for example_subdag_operator.section-1 to None, run_after=None
[2026-06-10T08:54:47.725+0000] {logging_mixin.py:154} INFO - [2026-06-10T08:54:47.725+0000] {dag.py:3722} INFO - Setting next_dagrun for example_subdag_operator.section-2 to None, run_after=None
[2026-06-10T08:54:47.747+0000] {processor.py:179} INFO - Processing /home/airflow/.local/lib/python3.10/site-packages/airflow/example_dags/example_subdag_operator.py took 0.204 seconds
[2026-06-10T08:55:18.693+0000] {processor.py:157} INFO - Started process (PID=503) to work on /home/airflow/.local/lib/python3.10/site-packages/airflow/example_dags/example_subdag_operator.py
[2026-06-10T08:55:18.699+0000] {processor.py:829} INFO - Processing file /home/airflow/.local/lib/python3.10/site-packages/airflow/example_dags/example_subdag_operator.py for tasks to queue
[2026-06-10T08:55:18.702+0000] {logging_mixin.py:154} INFO - [2026-06-10T08:55:18.701+0000] {dagbag.py:536} INFO - Filling up the DagBag from /home/airflow/.local/lib/python3.10/site-packages/airflow/example_dags/example_subdag_operator.py
[2026-06-10T08:55:18.791+0000] {processor.py:839} INFO - DAG(s) dict_keys(['example_subdag_operator.section-1', 'example_subdag_operator.section-2', 'example_subdag_operator']) retrieved from /home/airflow/.local/lib/python3.10/site-packages/airflow/example_dags/example_subdag_operator.py
[2026-06-10T08:55:18.834+0000] {logging_mixin.py:154} INFO - [2026-06-10T08:55:18.834+0000] {dag.py:2941} INFO - Sync 3 DAGs
[2026-06-10T08:55:19.069+0000] {logging_mixin.py:154} INFO - [2026-06-10T08:55:19.069+0000] {dag.py:3722} INFO - Setting next_dagrun for example_subdag_operator to 2022-01-01T00:00:00+00:00, run_after=2022-01-01T00:00:00+00:00
[2026-06-10T08:55:19.074+0000] {logging_mixin.py:154} INFO - [2026-06-10T08:55:19.074+0000] {dag.py:3722} INFO - Setting next_dagrun for example_subdag_operator.section-1 to None, run_after=None
[2026-06-10T08:55:19.076+0000] {logging_mixin.py:154} INFO - [2026-06-10T08:55:19.075+0000] {dag.py:3722} INFO - Setting next_dagrun for example_subdag_operator.section-2 to None, run_after=None
[2026-06-10T08:55:19.084+0000] {logging_mixin.py:154} INFO - [2026-06-10T08:55:19.084+0000] {dag.py:2941} INFO - Sync 2 DAGs
[2026-06-10T08:55:19.091+0000] {logging_mixin.py:154} INFO - [2026-06-10T08:55:19.091+0000] {dag.py:3722} INFO - Setting next_dagrun for example_subdag_operator.section-1 to None, run_after=None
[2026-06-10T08:55:19.092+0000] {logging_mixin.py:154} INFO - [2026-06-10T08:55:19.092+0000] {dag.py:3722} INFO - Setting next_dagrun for example_subdag_operator.section-2 to None, run_after=None
[2026-06-10T08:55:19.105+0000] {processor.py:179} INFO - Processing /home/airflow/.local/lib/python3.10/site-packages/airflow/example_dags/example_subdag_operator.py took 0.430 seconds
[2026-06-10T08:55:49.393+0000] {processor.py:157} INFO - Started process (PID=554) to work on /home/airflow/.local/lib/python3.10/site-packages/airflow/example_dags/example_subdag_operator.py
[2026-06-10T08:55:49.394+0000] {processor.py:829} INFO - Processing file /home/airflow/.local/lib/python3.10/site-packages/airflow/example_dags/example_subdag_operator.py for tasks to queue
[2026-06-10T08:55:49.397+0000] {logging_mixin.py:154} INFO - [2026-06-10T08:55:49.397+0000] {dagbag.py:536} INFO - Filling up the DagBag from /home/airflow/.local/lib/python3.10/site-packages/airflow/example_dags/example_subdag_operator.py
[2026-06-10T08:55:49.432+0000] {processor.py:839} INFO - DAG(s) dict_keys(['example_subdag_operator.section-1', 'example_subdag_operator.section-2', 'example_subdag_operator']) retrieved from /home/airflow/.local/lib/python3.10/site-packages/airflow/example_dags/example_subdag_operator.py
[2026-06-10T08:55:49.467+0000] {logging_mixin.py:154} INFO - [2026-06-10T08:55:49.467+0000] {dag.py:2941} INFO - Sync 3 DAGs
[2026-06-10T08:55:49.499+0000] {logging_mixin.py:154} INFO - [2026-06-10T08:55:49.499+0000] {dag.py:3722} INFO - Setting next_dagrun for example_subdag_operator to 2022-01-01T00:00:00+00:00, run_after=2022-01-01T00:00:00+00:00
[2026-06-10T08:55:49.503+0000] {logging_mixin.py:154} INFO - [2026-06-10T08:55:49.503+0000] {dag.py:3722} INFO - Setting next_dagrun for example_subdag_operator.section-1 to None, run_after=None
[2026-06-10T08:55:49.508+0000] {logging_mixin.py:154} INFO - [2026-06-10T08:55:49.508+0000] {dag.py:3722} INFO - Setting next_dagrun for example_subdag_operator.section-2 to None, run_after=None
[2026-06-10T08:55:49.518+0000] {logging_mixin.py:154} INFO - [2026-06-10T08:55:49.518+0000] {dag.py:2941} INFO - Sync 2 DAGs
[2026-06-10T08:55:49.525+0000] {logging_mixin.py:154} INFO - [2026-06-10T08:55:49.524+0000] {dag.py:3722} INFO - Setting next_dagrun for example_subdag_operator.section-1 to None, run_after=None
[2026-06-10T08:55:49.525+0000] {logging_mixin.py:154} INFO - [2026-06-10T08:55:49.525+0000] {dag.py:3722} INFO - Setting next_dagrun for example_subdag_operator.section-2 to None, run_after=None
[2026-06-10T08:55:49.869+0000] {processor.py:179} INFO - Processing /home/airflow/.local/lib/python3.10/site-packages/airflow/example_dags/example_subdag_operator.py took 0.481 seconds
[2026-06-10T08:56:20.975+0000] {processor.py:157} INFO - Started process (PID=605) to work on /home/airflow/.local/lib/python3.10/site-packages/airflow/example_dags/example_subdag_operator.py
[2026-06-10T08:56:20.982+0000] {processor.py:829} INFO - Processing file /home/airflow/.local/lib/python3.10/site-packages/airflow/example_dags/example_subdag_operator.py for tasks to queue
[2026-06-10T08:56:20.985+0000] {logging_mixin.py:154} INFO - [2026-06-10T08:56:20.984+0000] {dagbag.py:536} INFO - Filling up the DagBag from /home/airflow/.local/lib/python3.10/site-packages/airflow/example_dags/example_subdag_operator.py
[2026-06-10T08:56:21.034+0000] {processor.py:839} INFO - DAG(s) dict_keys(['example_subdag_operator.section-1', 'example_subdag_operator.section-2', 'example_subdag_operator']) retrieved from /home/airflow/.local/lib/python3.10/site-packages/airflow/example_dags/example_subdag_operator.py
[2026-06-10T08:56:21.056+0000] {logging_mixin.py:154} INFO - [2026-06-10T08:56:21.056+0000] {dag.py:2941} INFO - Sync 3 DAGs
[2026-06-10T08:56:21.086+0000] {logging_mixin.py:154} INFO - [2026-06-10T08:56:21.086+0000] {dag.py:3722} INFO - Setting next_dagrun for example_subdag_operator to 2022-01-01T00:00:00+00:00, run_after=2022-01-01T00:00:00+00:00
[2026-06-10T08:56:21.091+0000] {logging_mixin.py:154} INFO - [2026-06-10T08:56:21.090+0000] {dag.py:3722} INFO - Setting next_dagrun for example_subdag_operator.section-1 to None, run_after=None
[2026-06-10T08:56:21.092+0000] {logging_mixin.py:154} INFO - [2026-06-10T08:56:21.092+0000] {dag.py:3722} INFO - Setting next_dagrun for example_subdag_operator.section-2 to None, run_after=None
[2026-06-10T08:56:21.101+0000] {logging_mixin.py:154} INFO - [2026-06-10T08:56:21.101+0000] {dag.py:2941} INFO - Sync 2 DAGs
[2026-06-10T08:56:21.108+0000] {logging_mixin.py:154} INFO - [2026-06-10T08:56:21.108+0000] {dag.py:3722} INFO - Setting next_dagrun for example_subdag_operator.section-1 to None, run_after=None
[2026-06-10T08:56:21.108+0000] {logging_mixin.py:154} INFO - [2026-06-10T08:56:21.108+0000] {dag.py:3722} INFO - Setting next_dagrun for example_subdag_operator.section-2 to None, run_after=None
[2026-06-10T08:56:21.123+0000] {processor.py:179} INFO - Processing /home/airflow/.local/lib/python3.10/site-packages/airflow/example_dags/example_subdag_operator.py took 0.153 seconds
[2026-06-10T08:56:52.218+0000] {processor.py:157} INFO - Started process (PID=656) to work on /home/airflow/.local/lib/python3.10/site-packages/airflow/example_dags/example_subdag_operator.py
[2026-06-10T08:56:52.219+0000] {processor.py:829} INFO - Processing file /home/airflow/.local/lib/python3.10/site-packages/airflow/example_dags/example_subdag_operator.py for tasks to queue
[2026-06-10T08:56:52.221+0000] {logging_mixin.py:154} INFO - [2026-06-10T08:56:52.221+0000] {dagbag.py:536} INFO - Filling up the DagBag from /home/airflow/.local/lib/python3.10/site-packages/airflow/example_dags/example_subdag_operator.py
[2026-06-10T08:56:52.258+0000] {processor.py:839} INFO - DAG(s) dict_keys(['example_subdag_operator.section-1', 'example_subdag_operator.section-2', 'example_subdag_operator']) retrieved from /home/airflow/.local/lib/python3.10/site-packages/airflow/example_dags/example_subdag_operator.py
[2026-06-10T08:56:52.280+0000] {logging_mixin.py:154} INFO - [2026-06-10T08:56:52.279+0000] {dag.py:2941} INFO - Sync 3 DAGs
[2026-06-10T08:56:52.311+0000] {logging_mixin.py:154} INFO - [2026-06-10T08:56:52.310+0000] {dag.py:3722} INFO - Setting next_dagrun for example_subdag_operator to 2022-01-01T00:00:00+00:00, run_after=2022-01-01T00:00:00+00:00
[2026-06-10T08:56:52.315+0000] {logging_mixin.py:154} INFO - [2026-06-10T08:56:52.315+0000] {dag.py:3722} INFO - Setting next_dagrun for example_subdag_operator.section-1 to None, run_after=None
[2026-06-10T08:56:52.317+0000] {logging_mixin.py:154} INFO - [2026-06-10T08:56:52.317+0000] {dag.py:3722} INFO - Setting next_dagrun for example_subdag_operator.section-2 to None, run_after=None
[2026-06-10T08:56:52.326+0000] {logging_mixin.py:154} INFO - [2026-06-10T08:56:52.326+0000] {dag.py:2941} INFO - Sync 2 DAGs
[2026-06-10T08:56:52.333+0000] {logging_mixin.py:154} INFO - [2026-06-10T08:56:52.333+0000] {dag.py:3722} INFO - Setting next_dagrun for example_subdag_operator.section-1 to None, run_after=None
[2026-06-10T08:56:52.333+0000] {logging_mixin.py:154} INFO - [2026-06-10T08:56:52.333+0000] {dag.py:3722} INFO - Setting next_dagrun for example_subdag_operator.section-2 to None, run_after=None
[2026-06-10T08:56:52.347+0000] {processor.py:179} INFO - Processing /home/airflow/.local/lib/python3.10/site-packages/airflow/example_dags/example_subdag_operator.py took 0.134 seconds
[2026-06-10T08:57:25.039+0000] {processor.py:157} INFO - Started process (PID=707) to work on /home/airflow/.local/lib/python3.10/site-packages/airflow/example_dags/example_subdag_operator.py
[2026-06-10T08:57:25.042+0000] {processor.py:829} INFO - Processing file /home/airflow/.local/lib/python3.10/site-packages/airflow/example_dags/example_subdag_operator.py for tasks to queue
[2026-06-10T08:57:25.045+0000] {logging_mixin.py:154} INFO - [2026-06-10T08:57:25.044+0000] {dagbag.py:536} INFO - Filling up the DagBag from /home/airflow/.local/lib/python3.10/site-packages/airflow/example_dags/example_subdag_operator.py
[2026-06-10T08:57:25.083+0000] {processor.py:839} INFO - DAG(s) dict_keys(['example_subdag_operator.section-1', 'example_subdag_operator.section-2', 'example_subdag_operator']) retrieved from /home/airflow/.local/lib/python3.10/site-packages/airflow/example_dags/example_subdag_operator.py
[2026-06-10T08:57:25.108+0000] {logging_mixin.py:154} INFO - [2026-06-10T08:57:25.108+0000] {dag.py:2941} INFO - Sync 3 DAGs
[2026-06-10T08:57:25.456+0000] {logging_mixin.py:154} INFO - [2026-06-10T08:57:25.455+0000] {dag.py:3722} INFO - Setting next_dagrun for example_subdag_operator to 2022-01-01T00:00:00+00:00, run_after=2022-01-01T00:00:00+00:00
[2026-06-10T08:57:25.461+0000] {logging_mixin.py:154} INFO - [2026-06-10T08:57:25.461+0000] {dag.py:3722} INFO - Setting next_dagrun for example_subdag_operator.section-1 to None, run_after=None
[2026-06-10T08:57:25.464+0000] {logging_mixin.py:154} INFO - [2026-06-10T08:57:25.464+0000] {dag.py:3722} INFO - Setting next_dagrun for example_subdag_operator.section-2 to None, run_after=None
[2026-06-10T08:57:25.481+0000] {logging_mixin.py:154} INFO - [2026-06-10T08:57:25.481+0000] {dag.py:2941} INFO - Sync 2 DAGs
[2026-06-10T08:57:25.516+0000] {logging_mixin.py:154} INFO - [2026-06-10T08:57:25.515+0000] {dag.py:3722} INFO - Setting next_dagrun for example_subdag_operator.section-1 to None, run_after=None
[2026-06-10T08:57:25.516+0000] {logging_mixin.py:154} INFO - [2026-06-10T08:57:25.516+0000] {dag.py:3722} INFO - Setting next_dagrun for example_subdag_operator.section-2 to None, run_after=None
[2026-06-10T08:57:25.558+0000] {processor.py:179} INFO - Processing /home/airflow/.local/lib/python3.10/site-packages/airflow/example_dags/example_subdag_operator.py took 0.524 seconds
[2026-06-10T08:57:57.368+0000] {processor.py:157} INFO - Started process (PID=758) to work on /home/airflow/.local/lib/python3.10/site-packages/airflow/example_dags/example_subdag_operator.py
[2026-06-10T08:57:57.369+0000] {processor.py:829} INFO - Processing file /home/airflow/.local/lib/python3.10/site-packages/airflow/example_dags/example_subdag_operator.py for tasks to queue
[2026-06-10T08:57:57.373+0000] {logging_mixin.py:154} INFO - [2026-06-10T08:57:57.372+0000] {dagbag.py:536} INFO - Filling up the DagBag from /home/airflow/.local/lib/python3.10/site-packages/airflow/example_dags/example_subdag_operator.py
[2026-06-10T08:57:57.410+0000] {processor.py:839} INFO - DAG(s) dict_keys(['example_subdag_operator.section-1', 'example_subdag_operator.section-2', 'example_subdag_operator']) retrieved from /home/airflow/.local/lib/python3.10/site-packages/airflow/example_dags/example_subdag_operator.py
[2026-06-10T08:57:57.432+0000] {logging_mixin.py:154} INFO - [2026-06-10T08:57:57.432+0000] {dag.py:2941} INFO - Sync 3 DAGs
[2026-06-10T08:57:57.462+0000] {logging_mixin.py:154} INFO - [2026-06-10T08:57:57.462+0000] {dag.py:3722} INFO - Setting next_dagrun for example_subdag_operator to 2022-01-01T00:00:00+00:00, run_after=2022-01-01T00:00:00+00:00
[2026-06-10T08:57:57.467+0000] {logging_mixin.py:154} INFO - [2026-06-10T08:57:57.466+0000] {dag.py:3722} INFO - Setting next_dagrun for example_subdag_operator.section-1 to None, run_after=None
[2026-06-10T08:57:57.468+0000] {logging_mixin.py:154} INFO - [2026-06-10T08:57:57.468+0000] {dag.py:3722} INFO - Setting next_dagrun for example_subdag_operator.section-2 to None, run_after=None
[2026-06-10T08:57:57.477+0000] {logging_mixin.py:154} INFO - [2026-06-10T08:57:57.477+0000] {dag.py:2941} INFO - Sync 2 DAGs
[2026-06-10T08:57:57.484+0000] {logging_mixin.py:154} INFO - [2026-06-10T08:57:57.483+0000] {dag.py:3722} INFO - Setting next_dagrun for example_subdag_operator.section-1 to None, run_after=None
[2026-06-10T08:57:57.484+0000] {logging_mixin.py:154} INFO - [2026-06-10T08:57:57.484+0000] {dag.py:3722} INFO - Setting next_dagrun for example_subdag_operator.section-2 to None, run_after=None
[2026-06-10T08:57:57.498+0000] {processor.py:179} INFO - Processing /home/airflow/.local/lib/python3.10/site-packages/airflow/example_dags/example_subdag_operator.py took 0.136 seconds
[2026-06-10T08:58:34.089+0000] {processor.py:157} INFO - Started process (PID=809) to work on /home/airflow/.local/lib/python3.10/site-packages/airflow/example_dags/example_subdag_operator.py
[2026-06-10T08:58:34.096+0000] {processor.py:829} INFO - Processing file /home/airflow/.local/lib/python3.10/site-packages/airflow/example_dags/example_subdag_operator.py for tasks to queue
[2026-06-10T08:58:34.098+0000] {logging_mixin.py:154} INFO - [2026-06-10T08:58:34.098+0000] {dagbag.py:536} INFO - Filling up the DagBag from /home/airflow/.local/lib/python3.10/site-packages/airflow/example_dags/example_subdag_operator.py
[2026-06-10T08:58:34.211+0000] {processor.py:839} INFO - DAG(s) dict_keys(['example_subdag_operator.section-1', 'example_subdag_operator.section-2', 'example_subdag_operator']) retrieved from /home/airflow/.local/lib/python3.10/site-packages/airflow/example_dags/example_subdag_operator.py
[2026-06-10T08:58:34.305+0000] {logging_mixin.py:154} INFO - [2026-06-10T08:58:34.304+0000] {dag.py:2941} INFO - Sync 3 DAGs
[2026-06-10T08:58:34.404+0000] {logging_mixin.py:154} INFO - [2026-06-10T08:58:34.403+0000] {dag.py:3722} INFO - Setting next_dagrun for example_subdag_operator to 2022-01-01T00:00:00+00:00, run_after=2022-01-01T00:00:00+00:00
[2026-06-10T08:58:34.423+0000] {logging_mixin.py:154} INFO - [2026-06-10T08:58:34.422+0000] {dag.py:3722} INFO - Setting next_dagrun for example_subdag_operator.section-1 to None, run_after=None
[2026-06-10T08:58:34.431+0000] {logging_mixin.py:154} INFO - [2026-06-10T08:58:34.431+0000] {dag.py:3722} INFO - Setting next_dagrun for example_subdag_operator.section-2 to None, run_after=None
[2026-06-10T08:58:34.471+0000] {logging_mixin.py:154} INFO - [2026-06-10T08:58:34.471+0000] {dag.py:2941} INFO - Sync 2 DAGs
[2026-06-10T08:58:34.500+0000] {logging_mixin.py:154} INFO - [2026-06-10T08:58:34.500+0000] {dag.py:3722} INFO - Setting next_dagrun for example_subdag_operator.section-1 to None, run_after=None
[2026-06-10T08:58:34.500+0000] {logging_mixin.py:154} INFO - [2026-06-10T08:58:34.500+0000] {dag.py:3722} INFO - Setting next_dagrun for example_subdag_operator.section-2 to None, run_after=None
[2026-06-10T08:58:34.548+0000] {processor.py:179} INFO - Processing /home/airflow/.local/lib/python3.10/site-packages/airflow/example_dags/example_subdag_operator.py took 0.479 seconds
[2026-06-10T08:59:11.778+0000] {processor.py:157} INFO - Started process (PID=860) to work on /home/airflow/.local/lib/python3.10/site-packages/airflow/example_dags/example_subdag_operator.py
[2026-06-10T08:59:11.803+0000] {processor.py:829} INFO - Processing file /home/airflow/.local/lib/python3.10/site-packages/airflow/example_dags/example_subdag_operator.py for tasks to queue
[2026-06-10T08:59:11.824+0000] {logging_mixin.py:154} INFO - [2026-06-10T08:59:11.822+0000] {dagbag.py:536} INFO - Filling up the DagBag from /home/airflow/.local/lib/python3.10/site-packages/airflow/example_dags/example_subdag_operator.py
[2026-06-10T08:59:11.987+0000] {processor.py:839} INFO - DAG(s) dict_keys(['example_subdag_operator.section-1', 'example_subdag_operator.section-2', 'example_subdag_operator']) retrieved from /home/airflow/.local/lib/python3.10/site-packages/airflow/example_dags/example_subdag_operator.py
[2026-06-10T08:59:12.071+0000] {logging_mixin.py:154} INFO - [2026-06-10T08:59:12.071+0000] {dag.py:2941} INFO - Sync 3 DAGs
[2026-06-10T08:59:13.217+0000] {logging_mixin.py:154} INFO - [2026-06-10T08:59:13.216+0000] {dag.py:3722} INFO - Setting next_dagrun for example_subdag_operator to 2022-01-01T00:00:00+00:00, run_after=2022-01-01T00:00:00+00:00
[2026-06-10T08:59:13.240+0000] {logging_mixin.py:154} INFO - [2026-06-10T08:59:13.238+0000] {dag.py:3722} INFO - Setting next_dagrun for example_subdag_operator.section-1 to None, run_after=None
[2026-06-10T08:59:13.247+0000] {logging_mixin.py:154} INFO - [2026-06-10T08:59:13.247+0000] {dag.py:3722} INFO - Setting next_dagrun for example_subdag_operator.section-2 to None, run_after=None
[2026-06-10T08:59:13.326+0000] {logging_mixin.py:154} INFO - [2026-06-10T08:59:13.312+0000] {dag.py:2941} INFO - Sync 2 DAGs
[2026-06-10T08:59:13.350+0000] {logging_mixin.py:154} INFO - [2026-06-10T08:59:13.350+0000] {dag.py:3722} INFO - Setting next_dagrun for example_subdag_operator.section-1 to None, run_after=None
[2026-06-10T08:59:13.351+0000] {logging_mixin.py:154} INFO - [2026-06-10T08:59:13.351+0000] {dag.py:3722} INFO - Setting next_dagrun for example_subdag_operator.section-2 to None, run_after=None
[2026-06-10T08:59:13.448+0000] {processor.py:179} INFO - Processing /home/airflow/.local/lib/python3.10/site-packages/airflow/example_dags/example_subdag_operator.py took 1.703 seconds
[2026-06-10T08:59:43.554+0000] {processor.py:157} INFO - Started process (PID=911) to work on /home/airflow/.local/lib/python3.10/site-packages/airflow/example_dags/example_subdag_operator.py
[2026-06-10T08:59:43.556+0000] {processor.py:829} INFO - Processing file /home/airflow/.local/lib/python3.10/site-packages/airflow/example_dags/example_subdag_operator.py for tasks to queue
[2026-06-10T08:59:43.558+0000] {logging_mixin.py:154} INFO - [2026-06-10T08:59:43.558+0000] {dagbag.py:536} INFO - Filling up the DagBag from /home/airflow/.local/lib/python3.10/site-packages/airflow/example_dags/example_subdag_operator.py
[2026-06-10T08:59:43.590+0000] {processor.py:839} INFO - DAG(s) dict_keys(['example_subdag_operator.section-1', 'example_subdag_operator.section-2', 'example_subdag_operator']) retrieved from /home/airflow/.local/lib/python3.10/site-packages/airflow/example_dags/example_subdag_operator.py
[2026-06-10T08:59:43.610+0000] {logging_mixin.py:154} INFO - [2026-06-10T08:59:43.609+0000] {dag.py:2941} INFO - Sync 3 DAGs
[2026-06-10T08:59:43.637+0000] {logging_mixin.py:154} INFO - [2026-06-10T08:59:43.637+0000] {dag.py:3722} INFO - Setting next_dagrun for example_subdag_operator to 2022-01-01T00:00:00+00:00, run_after=2022-01-01T00:00:00+00:00
[2026-06-10T08:59:43.642+0000] {logging_mixin.py:154} INFO - [2026-06-10T08:59:43.642+0000] {dag.py:3722} INFO - Setting next_dagrun for example_subdag_operator.section-1 to None, run_after=None
[2026-06-10T08:59:43.644+0000] {logging_mixin.py:154} INFO - [2026-06-10T08:59:43.644+0000] {dag.py:3722} INFO - Setting next_dagrun for example_subdag_operator.section-2 to None, run_after=None
[2026-06-10T08:59:43.652+0000] {logging_mixin.py:154} INFO - [2026-06-10T08:59:43.652+0000] {dag.py:2941} INFO - Sync 2 DAGs
[2026-06-10T08:59:43.660+0000] {logging_mixin.py:154} INFO - [2026-06-10T08:59:43.660+0000] {dag.py:3722} INFO - Setting next_dagrun for example_subdag_operator.section-1 to None, run_after=None
[2026-06-10T08:59:43.661+0000] {logging_mixin.py:154} INFO - [2026-06-10T08:59:43.661+0000] {dag.py:3722} INFO - Setting next_dagrun for example_subdag_operator.section-2 to None, run_after=None
[2026-06-10T08:59:43.673+0000] {processor.py:179} INFO - Processing /home/airflow/.local/lib/python3.10/site-packages/airflow/example_dags/example_subdag_operator.py took 0.125 seconds
[2026-06-10T09:00:13.830+0000] {processor.py:157} INFO - Started process (PID=962) to work on /home/airflow/.local/lib/python3.10/site-packages/airflow/example_dags/example_subdag_operator.py
[2026-06-10T09:00:13.832+0000] {processor.py:829} INFO - Processing file /home/airflow/.local/lib/python3.10/site-packages/airflow/example_dags/example_subdag_operator.py for tasks to queue
[2026-06-10T09:00:13.836+0000] {logging_mixin.py:154} INFO - [2026-06-10T09:00:13.835+0000] {dagbag.py:536} INFO - Filling up the DagBag from /home/airflow/.local/lib/python3.10/site-packages/airflow/example_dags/example_subdag_operator.py
[2026-06-10T09:00:13.877+0000] {processor.py:839} INFO - DAG(s) dict_keys(['example_subdag_operator.section-1', 'example_subdag_operator.section-2', 'example_subdag_operator']) retrieved from /home/airflow/.local/lib/python3.10/site-packages/airflow/example_dags/example_subdag_operator.py
[2026-06-10T09:00:14.131+0000] {logging_mixin.py:154} INFO - [2026-06-10T09:00:14.131+0000] {dag.py:2941} INFO - Sync 3 DAGs
[2026-06-10T09:00:14.162+0000] {logging_mixin.py:154} INFO - [2026-06-10T09:00:14.161+0000] {dag.py:3722} INFO - Setting next_dagrun for example_subdag_operator to 2022-01-01T00:00:00+00:00, run_after=2022-01-01T00:00:00+00:00
[2026-06-10T09:00:14.172+0000] {logging_mixin.py:154} INFO - [2026-06-10T09:00:14.172+0000] {dag.py:3722} INFO - Setting next_dagrun for example_subdag_operator.section-1 to None, run_after=None
[2026-06-10T09:00:14.175+0000] {logging_mixin.py:154} INFO - [2026-06-10T09:00:14.175+0000] {dag.py:3722} INFO - Setting next_dagrun for example_subdag_operator.section-2 to None, run_after=None
[2026-06-10T09:00:14.187+0000] {logging_mixin.py:154} INFO - [2026-06-10T09:00:14.187+0000] {dag.py:2941} INFO - Sync 2 DAGs
[2026-06-10T09:00:14.194+0000] {logging_mixin.py:154} INFO - [2026-06-10T09:00:14.194+0000] {dag.py:3722} INFO - Setting next_dagrun for example_subdag_operator.section-1 to None, run_after=None
[2026-06-10T09:00:14.195+0000] {logging_mixin.py:154} INFO - [2026-06-10T09:00:14.195+0000] {dag.py:3722} INFO - Setting next_dagrun for example_subdag_operator.section-2 to None, run_after=None
[2026-06-10T09:00:14.210+0000] {processor.py:179} INFO - Processing /home/airflow/.local/lib/python3.10/site-packages/airflow/example_dags/example_subdag_operator.py took 0.385 seconds
[2026-06-10T09:00:45.040+0000] {processor.py:157} INFO - Started process (PID=1013) to work on /home/airflow/.local/lib/python3.10/site-packages/airflow/example_dags/example_subdag_operator.py
[2026-06-10T09:00:45.059+0000] {processor.py:829} INFO - Processing file /home/airflow/.local/lib/python3.10/site-packages/airflow/example_dags/example_subdag_operator.py for tasks to queue
[2026-06-10T09:00:45.061+0000] {logging_mixin.py:154} INFO - [2026-06-10T09:00:45.061+0000] {dagbag.py:536} INFO - Filling up the DagBag from /home/airflow/.local/lib/python3.10/site-packages/airflow/example_dags/example_subdag_operator.py
[2026-06-10T09:00:45.091+0000] {processor.py:839} INFO - DAG(s) dict_keys(['example_subdag_operator.section-1', 'example_subdag_operator.section-2', 'example_subdag_operator']) retrieved from /home/airflow/.local/lib/python3.10/site-packages/airflow/example_dags/example_subdag_operator.py
[2026-06-10T09:00:45.108+0000] {logging_mixin.py:154} INFO - [2026-06-10T09:00:45.108+0000] {dag.py:2941} INFO - Sync 3 DAGs
[2026-06-10T09:00:45.133+0000] {logging_mixin.py:154} INFO - [2026-06-10T09:00:45.133+0000] {dag.py:3722} INFO - Setting next_dagrun for example_subdag_operator to 2022-01-01T00:00:00+00:00, run_after=2022-01-01T00:00:00+00:00
[2026-06-10T09:00:45.137+0000] {logging_mixin.py:154} INFO - [2026-06-10T09:00:45.137+0000] {dag.py:3722} INFO - Setting next_dagrun for example_subdag_operator.section-1 to None, run_after=None
[2026-06-10T09:00:45.138+0000] {logging_mixin.py:154} INFO - [2026-06-10T09:00:45.138+0000] {dag.py:3722} INFO - Setting next_dagrun for example_subdag_operator.section-2 to None, run_after=None
[2026-06-10T09:00:45.147+0000] {logging_mixin.py:154} INFO - [2026-06-10T09:00:45.146+0000] {dag.py:2941} INFO - Sync 2 DAGs
[2026-06-10T09:00:45.152+0000] {logging_mixin.py:154} INFO - [2026-06-10T09:00:45.152+0000] {dag.py:3722} INFO - Setting next_dagrun for example_subdag_operator.section-1 to None, run_after=None
[2026-06-10T09:00:45.152+0000] {logging_mixin.py:154} INFO - [2026-06-10T09:00:45.152+0000] {dag.py:3722} INFO - Setting next_dagrun for example_subdag_operator.section-2 to None, run_after=None
[2026-06-10T09:00:45.165+0000] {processor.py:179} INFO - Processing /home/airflow/.local/lib/python3.10/site-packages/airflow/example_dags/example_subdag_operator.py took 0.129 seconds
[2026-06-10T09:01:15.638+0000] {processor.py:157} INFO - Started process (PID=1064) to work on /home/airflow/.local/lib/python3.10/site-packages/airflow/example_dags/example_subdag_operator.py
[2026-06-10T09:01:15.639+0000] {processor.py:829} INFO - Processing file /home/airflow/.local/lib/python3.10/site-packages/airflow/example_dags/example_subdag_operator.py for tasks to queue
[2026-06-10T09:01:15.643+0000] {logging_mixin.py:154} INFO - [2026-06-10T09:01:15.643+0000] {dagbag.py:536} INFO - Filling up the DagBag from /home/airflow/.local/lib/python3.10/site-packages/airflow/example_dags/example_subdag_operator.py
[2026-06-10T09:01:15.691+0000] {processor.py:839} INFO - DAG(s) dict_keys(['example_subdag_operator.section-1', 'example_subdag_operator.section-2', 'example_subdag_operator']) retrieved from /home/airflow/.local/lib/python3.10/site-packages/airflow/example_dags/example_subdag_operator.py
[2026-06-10T09:01:15.713+0000] {logging_mixin.py:154} INFO - [2026-06-10T09:01:15.713+0000] {dag.py:2941} INFO - Sync 3 DAGs
[2026-06-10T09:01:15.745+0000] {logging_mixin.py:154} INFO - [2026-06-10T09:01:15.744+0000] {dag.py:3722} INFO - Setting next_dagrun for example_subdag_operator to 2022-01-01T00:00:00+00:00, run_after=2022-01-01T00:00:00+00:00
[2026-06-10T09:01:15.750+0000] {logging_mixin.py:154} INFO - [2026-06-10T09:01:15.750+0000] {dag.py:3722} INFO - Setting next_dagrun for example_subdag_operator.section-1 to None, run_after=None
[2026-06-10T09:01:15.753+0000] {logging_mixin.py:154} INFO - [2026-06-10T09:01:15.752+0000] {dag.py:3722} INFO - Setting next_dagrun for example_subdag_operator.section-2 to None, run_after=None
[2026-06-10T09:01:15.762+0000] {logging_mixin.py:154} INFO - [2026-06-10T09:01:15.761+0000] {dag.py:2941} INFO - Sync 2 DAGs
[2026-06-10T09:01:15.768+0000] {logging_mixin.py:154} INFO - [2026-06-10T09:01:15.768+0000] {dag.py:3722} INFO - Setting next_dagrun for example_subdag_operator.section-1 to None, run_after=None
[2026-06-10T09:01:15.769+0000] {logging_mixin.py:154} INFO - [2026-06-10T09:01:15.769+0000] {dag.py:3722} INFO - Setting next_dagrun for example_subdag_operator.section-2 to None, run_after=None
[2026-06-10T09:01:15.784+0000] {processor.py:179} INFO - Processing /home/airflow/.local/lib/python3.10/site-packages/airflow/example_dags/example_subdag_operator.py took 0.152 seconds
[2026-06-10T09:01:46.464+0000] {processor.py:157} INFO - Started process (PID=1115) to work on /home/airflow/.local/lib/python3.10/site-packages/airflow/example_dags/example_subdag_operator.py
[2026-06-10T09:01:46.467+0000] {processor.py:829} INFO - Processing file /home/airflow/.local/lib/python3.10/site-packages/airflow/example_dags/example_subdag_operator.py for tasks to queue
[2026-06-10T09:01:46.469+0000] {logging_mixin.py:154} INFO - [2026-06-10T09:01:46.469+0000] {dagbag.py:536} INFO - Filling up the DagBag from /home/airflow/.local/lib/python3.10/site-packages/airflow/example_dags/example_subdag_operator.py
[2026-06-10T09:01:46.507+0000] {processor.py:839} INFO - DAG(s) dict_keys(['example_subdag_operator.section-1', 'example_subdag_operator.section-2', 'example_subdag_operator']) retrieved from /home/airflow/.local/lib/python3.10/site-packages/airflow/example_dags/example_subdag_operator.py
[2026-06-10T09:01:46.531+0000] {logging_mixin.py:154} INFO - [2026-06-10T09:01:46.531+0000] {dag.py:2941} INFO - Sync 3 DAGs
[2026-06-10T09:01:46.560+0000] {logging_mixin.py:154} INFO - [2026-06-10T09:01:46.559+0000] {dag.py:3722} INFO - Setting next_dagrun for example_subdag_operator to 2022-01-01T00:00:00+00:00, run_after=2022-01-01T00:00:00+00:00
[2026-06-10T09:01:46.564+0000] {logging_mixin.py:154} INFO - [2026-06-10T09:01:46.564+0000] {dag.py:3722} INFO - Setting next_dagrun for example_subdag_operator.section-1 to None, run_after=None
[2026-06-10T09:01:46.566+0000] {logging_mixin.py:154} INFO - [2026-06-10T09:01:46.566+0000] {dag.py:3722} INFO - Setting next_dagrun for example_subdag_operator.section-2 to None, run_after=None
[2026-06-10T09:01:46.575+0000] {logging_mixin.py:154} INFO - [2026-06-10T09:01:46.575+0000] {dag.py:2941} INFO - Sync 2 DAGs
[2026-06-10T09:01:46.582+0000] {logging_mixin.py:154} INFO - [2026-06-10T09:01:46.581+0000] {dag.py:3722} INFO - Setting next_dagrun for example_subdag_operator.section-1 to None, run_after=None
[2026-06-10T09:01:46.582+0000] {logging_mixin.py:154} INFO - [2026-06-10T09:01:46.582+0000] {dag.py:3722} INFO - Setting next_dagrun for example_subdag_operator.section-2 to None, run_after=None
[2026-06-10T09:01:46.595+0000] {processor.py:179} INFO - Processing /home/airflow/.local/lib/python3.10/site-packages/airflow/example_dags/example_subdag_operator.py took 0.136 seconds
[2026-06-10T09:21:34.995+0000] {processor.py:157} INFO - Started process (PID=44) to work on /home/airflow/.local/lib/python3.10/site-packages/airflow/example_dags/example_subdag_operator.py
[2026-06-10T09:21:35.021+0000] {processor.py:829} INFO - Processing file /home/airflow/.local/lib/python3.10/site-packages/airflow/example_dags/example_subdag_operator.py for tasks to queue
[2026-06-10T09:21:35.033+0000] {logging_mixin.py:154} INFO - [2026-06-10T09:21:35.032+0000] {dagbag.py:536} INFO - Filling up the DagBag from /home/airflow/.local/lib/python3.10/site-packages/airflow/example_dags/example_subdag_operator.py
[2026-06-10T09:21:35.185+0000] {processor.py:839} INFO - DAG(s) dict_keys(['example_subdag_operator.section-1', 'example_subdag_operator.section-2', 'example_subdag_operator']) retrieved from /home/airflow/.local/lib/python3.10/site-packages/airflow/example_dags/example_subdag_operator.py
[2026-06-10T09:21:35.405+0000] {logging_mixin.py:154} INFO - [2026-06-10T09:21:35.404+0000] {dag.py:2941} INFO - Sync 3 DAGs
[2026-06-10T09:21:35.549+0000] {logging_mixin.py:154} INFO - [2026-06-10T09:21:35.548+0000] {dag.py:3722} INFO - Setting next_dagrun for example_subdag_operator to 2022-01-01T00:00:00+00:00, run_after=2022-01-01T00:00:00+00:00
[2026-06-10T09:21:35.577+0000] {logging_mixin.py:154} INFO - [2026-06-10T09:21:35.577+0000] {dag.py:3722} INFO - Setting next_dagrun for example_subdag_operator.section-1 to None, run_after=None
[2026-06-10T09:21:35.581+0000] {logging_mixin.py:154} INFO - [2026-06-10T09:21:35.580+0000] {dag.py:3722} INFO - Setting next_dagrun for example_subdag_operator.section-2 to None, run_after=None
[2026-06-10T09:21:35.653+0000] {logging_mixin.py:154} INFO - [2026-06-10T09:21:35.653+0000] {dag.py:2941} INFO - Sync 2 DAGs
[2026-06-10T09:21:35.704+0000] {logging_mixin.py:154} INFO - [2026-06-10T09:21:35.704+0000] {dag.py:3722} INFO - Setting next_dagrun for example_subdag_operator.section-1 to None, run_after=None
[2026-06-10T09:21:35.708+0000] {logging_mixin.py:154} INFO - [2026-06-10T09:21:35.707+0000] {dag.py:3722} INFO - Setting next_dagrun for example_subdag_operator.section-2 to None, run_after=None
[2026-06-10T09:21:35.815+0000] {processor.py:179} INFO - Processing /home/airflow/.local/lib/python3.10/site-packages/airflow/example_dags/example_subdag_operator.py took 0.824 seconds
[2026-06-10T09:22:06.638+0000] {processor.py:157} INFO - Started process (PID=95) to work on /home/airflow/.local/lib/python3.10/site-packages/airflow/example_dags/example_subdag_operator.py
[2026-06-10T09:22:06.640+0000] {processor.py:829} INFO - Processing file /home/airflow/.local/lib/python3.10/site-packages/airflow/example_dags/example_subdag_operator.py for tasks to queue
[2026-06-10T09:22:06.642+0000] {logging_mixin.py:154} INFO - [2026-06-10T09:22:06.642+0000] {dagbag.py:536} INFO - Filling up the DagBag from /home/airflow/.local/lib/python3.10/site-packages/airflow/example_dags/example_subdag_operator.py
[2026-06-10T09:22:06.679+0000] {processor.py:839} INFO - DAG(s) dict_keys(['example_subdag_operator.section-1', 'example_subdag_operator.section-2', 'example_subdag_operator']) retrieved from /home/airflow/.local/lib/python3.10/site-packages/airflow/example_dags/example_subdag_operator.py
[2026-06-10T09:22:06.702+0000] {logging_mixin.py:154} INFO - [2026-06-10T09:22:06.702+0000] {dag.py:2941} INFO - Sync 3 DAGs
[2026-06-10T09:22:06.736+0000] {logging_mixin.py:154} INFO - [2026-06-10T09:22:06.735+0000] {dag.py:3722} INFO - Setting next_dagrun for example_subdag_operator to 2022-01-01T00:00:00+00:00, run_after=2022-01-01T00:00:00+00:00
[2026-06-10T09:22:06.741+0000] {logging_mixin.py:154} INFO - [2026-06-10T09:22:06.740+0000] {dag.py:3722} INFO - Setting next_dagrun for example_subdag_operator.section-1 to None, run_after=None
[2026-06-10T09:22:06.742+0000] {logging_mixin.py:154} INFO - [2026-06-10T09:22:06.742+0000] {dag.py:3722} INFO - Setting next_dagrun for example_subdag_operator.section-2 to None, run_after=None
[2026-06-10T09:22:06.751+0000] {logging_mixin.py:154} INFO - [2026-06-10T09:22:06.751+0000] {dag.py:2941} INFO - Sync 2 DAGs
[2026-06-10T09:22:06.758+0000] {logging_mixin.py:154} INFO - [2026-06-10T09:22:06.758+0000] {dag.py:3722} INFO - Setting next_dagrun for example_subdag_operator.section-1 to None, run_after=None
[2026-06-10T09:22:06.759+0000] {logging_mixin.py:154} INFO - [2026-06-10T09:22:06.758+0000] {dag.py:3722} INFO - Setting next_dagrun for example_subdag_operator.section-2 to None, run_after=None
[2026-06-10T09:22:06.775+0000] {processor.py:179} INFO - Processing /home/airflow/.local/lib/python3.10/site-packages/airflow/example_dags/example_subdag_operator.py took 0.143 seconds
[2026-06-10T09:22:37.769+0000] {processor.py:157} INFO - Started process (PID=146) to work on /home/airflow/.local/lib/python3.10/site-packages/airflow/example_dags/example_subdag_operator.py
[2026-06-10T09:22:37.771+0000] {processor.py:829} INFO - Processing file /home/airflow/.local/lib/python3.10/site-packages/airflow/example_dags/example_subdag_operator.py for tasks to queue
[2026-06-10T09:22:37.774+0000] {logging_mixin.py:154} INFO - [2026-06-10T09:22:37.773+0000] {dagbag.py:536} INFO - Filling up the DagBag from /home/airflow/.local/lib/python3.10/site-packages/airflow/example_dags/example_subdag_operator.py
[2026-06-10T09:22:37.860+0000] {processor.py:839} INFO - DAG(s) dict_keys(['example_subdag_operator.section-1', 'example_subdag_operator.section-2', 'example_subdag_operator']) retrieved from /home/airflow/.local/lib/python3.10/site-packages/airflow/example_dags/example_subdag_operator.py
[2026-06-10T09:22:37.911+0000] {logging_mixin.py:154} INFO - [2026-06-10T09:22:37.911+0000] {dag.py:2941} INFO - Sync 3 DAGs
[2026-06-10T09:22:37.996+0000] {logging_mixin.py:154} INFO - [2026-06-10T09:22:37.995+0000] {dag.py:3722} INFO - Setting next_dagrun for example_subdag_operator to 2022-01-01T00:00:00+00:00, run_after=2022-01-01T00:00:00+00:00
[2026-06-10T09:22:38.017+0000] {logging_mixin.py:154} INFO - [2026-06-10T09:22:38.017+0000] {dag.py:3722} INFO - Setting next_dagrun for example_subdag_operator.section-1 to None, run_after=None
[2026-06-10T09:22:38.022+0000] {logging_mixin.py:154} INFO - [2026-06-10T09:22:38.022+0000] {dag.py:3722} INFO - Setting next_dagrun for example_subdag_operator.section-2 to None, run_after=None
[2026-06-10T09:22:38.045+0000] {logging_mixin.py:154} INFO - [2026-06-10T09:22:38.045+0000] {dag.py:2941} INFO - Sync 2 DAGs
[2026-06-10T09:22:38.061+0000] {logging_mixin.py:154} INFO - [2026-06-10T09:22:38.061+0000] {dag.py:3722} INFO - Setting next_dagrun for example_subdag_operator.section-1 to None, run_after=None
[2026-06-10T09:22:38.062+0000] {logging_mixin.py:154} INFO - [2026-06-10T09:22:38.062+0000] {dag.py:3722} INFO - Setting next_dagrun for example_subdag_operator.section-2 to None, run_after=None
[2026-06-10T09:22:38.095+0000] {processor.py:179} INFO - Processing /home/airflow/.local/lib/python3.10/site-packages/airflow/example_dags/example_subdag_operator.py took 0.350 seconds
[2026-06-10T09:23:08.617+0000] {processor.py:157} INFO - Started process (PID=197) to work on /home/airflow/.local/lib/python3.10/site-packages/airflow/example_dags/example_subdag_operator.py
[2026-06-10T09:23:08.619+0000] {processor.py:829} INFO - Processing file /home/airflow/.local/lib/python3.10/site-packages/airflow/example_dags/example_subdag_operator.py for tasks to queue
[2026-06-10T09:23:08.622+0000] {logging_mixin.py:154} INFO - [2026-06-10T09:23:08.622+0000] {dagbag.py:536} INFO - Filling up the DagBag from /home/airflow/.local/lib/python3.10/site-packages/airflow/example_dags/example_subdag_operator.py
[2026-06-10T09:23:08.654+0000] {processor.py:839} INFO - DAG(s) dict_keys(['example_subdag_operator.section-1', 'example_subdag_operator.section-2', 'example_subdag_operator']) retrieved from /home/airflow/.local/lib/python3.10/site-packages/airflow/example_dags/example_subdag_operator.py
[2026-06-10T09:23:08.671+0000] {logging_mixin.py:154} INFO - [2026-06-10T09:23:08.671+0000] {dag.py:2941} INFO - Sync 3 DAGs
[2026-06-10T09:23:08.696+0000] {logging_mixin.py:154} INFO - [2026-06-10T09:23:08.696+0000] {dag.py:3722} INFO - Setting next_dagrun for example_subdag_operator to 2022-01-01T00:00:00+00:00, run_after=2022-01-01T00:00:00+00:00
[2026-06-10T09:23:08.700+0000] {logging_mixin.py:154} INFO - [2026-06-10T09:23:08.699+0000] {dag.py:3722} INFO - Setting next_dagrun for example_subdag_operator.section-1 to None, run_after=None
[2026-06-10T09:23:08.701+0000] {logging_mixin.py:154} INFO - [2026-06-10T09:23:08.701+0000] {dag.py:3722} INFO - Setting next_dagrun for example_subdag_operator.section-2 to None, run_after=None
[2026-06-10T09:23:08.707+0000] {logging_mixin.py:154} INFO - [2026-06-10T09:23:08.707+0000] {dag.py:2941} INFO - Sync 2 DAGs
[2026-06-10T09:23:08.712+0000] {logging_mixin.py:154} INFO - [2026-06-10T09:23:08.712+0000] {dag.py:3722} INFO - Setting next_dagrun for example_subdag_operator.section-1 to None, run_after=None
[2026-06-10T09:23:08.713+0000] {logging_mixin.py:154} INFO - [2026-06-10T09:23:08.713+0000] {dag.py:3722} INFO - Setting next_dagrun for example_subdag_operator.section-2 to None, run_after=None
[2026-06-10T09:23:08.733+0000] {processor.py:179} INFO - Processing /home/airflow/.local/lib/python3.10/site-packages/airflow/example_dags/example_subdag_operator.py took 0.121 seconds
[2026-06-10T09:23:38.791+0000] {processor.py:157} INFO - Started process (PID=248) to work on /home/airflow/.local/lib/python3.10/site-packages/airflow/example_dags/example_subdag_operator.py
[2026-06-10T09:23:38.792+0000] {processor.py:829} INFO - Processing file /home/airflow/.local/lib/python3.10/site-packages/airflow/example_dags/example_subdag_operator.py for tasks to queue
[2026-06-10T09:23:38.795+0000] {logging_mixin.py:154} INFO - [2026-06-10T09:23:38.795+0000] {dagbag.py:536} INFO - Filling up the DagBag from /home/airflow/.local/lib/python3.10/site-packages/airflow/example_dags/example_subdag_operator.py
[2026-06-10T09:23:38.845+0000] {processor.py:839} INFO - DAG(s) dict_keys(['example_subdag_operator.section-1', 'example_subdag_operator.section-2', 'example_subdag_operator']) retrieved from /home/airflow/.local/lib/python3.10/site-packages/airflow/example_dags/example_subdag_operator.py
[2026-06-10T09:23:38.868+0000] {logging_mixin.py:154} INFO - [2026-06-10T09:23:38.867+0000] {dag.py:2941} INFO - Sync 3 DAGs
[2026-06-10T09:23:38.898+0000] {logging_mixin.py:154} INFO - [2026-06-10T09:23:38.898+0000] {dag.py:3722} INFO - Setting next_dagrun for example_subdag_operator to 2022-01-01T00:00:00+00:00, run_after=2022-01-01T00:00:00+00:00
[2026-06-10T09:23:38.903+0000] {logging_mixin.py:154} INFO - [2026-06-10T09:23:38.903+0000] {dag.py:3722} INFO - Setting next_dagrun for example_subdag_operator.section-1 to None, run_after=None
[2026-06-10T09:23:38.905+0000] {logging_mixin.py:154} INFO - [2026-06-10T09:23:38.904+0000] {dag.py:3722} INFO - Setting next_dagrun for example_subdag_operator.section-2 to None, run_after=None
[2026-06-10T09:23:38.914+0000] {logging_mixin.py:154} INFO - [2026-06-10T09:23:38.913+0000] {dag.py:2941} INFO - Sync 2 DAGs
[2026-06-10T09:23:38.935+0000] {logging_mixin.py:154} INFO - [2026-06-10T09:23:38.935+0000] {dag.py:3722} INFO - Setting next_dagrun for example_subdag_operator.section-1 to None, run_after=None
[2026-06-10T09:23:38.936+0000] {logging_mixin.py:154} INFO - [2026-06-10T09:23:38.936+0000] {dag.py:3722} INFO - Setting next_dagrun for example_subdag_operator.section-2 to None, run_after=None
[2026-06-10T09:23:38.958+0000] {processor.py:179} INFO - Processing /home/airflow/.local/lib/python3.10/site-packages/airflow/example_dags/example_subdag_operator.py took 0.171 seconds
[2026-06-10T09:24:09.231+0000] {processor.py:157} INFO - Started process (PID=299) to work on /home/airflow/.local/lib/python3.10/site-packages/airflow/example_dags/example_subdag_operator.py
[2026-06-10T09:24:09.233+0000] {processor.py:829} INFO - Processing file /home/airflow/.local/lib/python3.10/site-packages/airflow/example_dags/example_subdag_operator.py for tasks to queue
[2026-06-10T09:24:09.235+0000] {logging_mixin.py:154} INFO - [2026-06-10T09:24:09.234+0000] {dagbag.py:536} INFO - Filling up the DagBag from /home/airflow/.local/lib/python3.10/site-packages/airflow/example_dags/example_subdag_operator.py
[2026-06-10T09:24:09.259+0000] {processor.py:839} INFO - DAG(s) dict_keys(['example_subdag_operator.section-1', 'example_subdag_operator.section-2', 'example_subdag_operator']) retrieved from /home/airflow/.local/lib/python3.10/site-packages/airflow/example_dags/example_subdag_operator.py
[2026-06-10T09:24:09.274+0000] {logging_mixin.py:154} INFO - [2026-06-10T09:24:09.274+0000] {dag.py:2941} INFO - Sync 3 DAGs
[2026-06-10T09:24:09.294+0000] {logging_mixin.py:154} INFO - [2026-06-10T09:24:09.294+0000] {dag.py:3722} INFO - Setting next_dagrun for example_subdag_operator to 2022-01-01T00:00:00+00:00, run_after=2022-01-01T00:00:00+00:00
[2026-06-10T09:24:09.298+0000] {logging_mixin.py:154} INFO - [2026-06-10T09:24:09.297+0000] {dag.py:3722} INFO - Setting next_dagrun for example_subdag_operator.section-1 to None, run_after=None
[2026-06-10T09:24:09.299+0000] {logging_mixin.py:154} INFO - [2026-06-10T09:24:09.299+0000] {dag.py:3722} INFO - Setting next_dagrun for example_subdag_operator.section-2 to None, run_after=None
[2026-06-10T09:24:09.305+0000] {logging_mixin.py:154} INFO - [2026-06-10T09:24:09.305+0000] {dag.py:2941} INFO - Sync 2 DAGs
[2026-06-10T09:24:09.310+0000] {logging_mixin.py:154} INFO - [2026-06-10T09:24:09.310+0000] {dag.py:3722} INFO - Setting next_dagrun for example_subdag_operator.section-1 to None, run_after=None
[2026-06-10T09:24:09.310+0000] {logging_mixin.py:154} INFO - [2026-06-10T09:24:09.310+0000] {dag.py:3722} INFO - Setting next_dagrun for example_subdag_operator.section-2 to None, run_after=None
[2026-06-10T09:24:09.321+0000] {processor.py:179} INFO - Processing /home/airflow/.local/lib/python3.10/site-packages/airflow/example_dags/example_subdag_operator.py took 0.093 seconds
[2026-06-10T09:24:45.575+0000] {processor.py:157} INFO - Started process (PID=350) to work on /home/airflow/.local/lib/python3.10/site-packages/airflow/example_dags/example_subdag_operator.py
[2026-06-10T09:24:45.584+0000] {processor.py:829} INFO - Processing file /home/airflow/.local/lib/python3.10/site-packages/airflow/example_dags/example_subdag_operator.py for tasks to queue
[2026-06-10T09:24:45.591+0000] {logging_mixin.py:154} INFO - [2026-06-10T09:24:45.590+0000] {dagbag.py:536} INFO - Filling up the DagBag from /home/airflow/.local/lib/python3.10/site-packages/airflow/example_dags/example_subdag_operator.py
[2026-06-10T09:24:45.737+0000] {processor.py:839} INFO - DAG(s) dict_keys(['example_subdag_operator.section-1', 'example_subdag_operator.section-2', 'example_subdag_operator']) retrieved from /home/airflow/.local/lib/python3.10/site-packages/airflow/example_dags/example_subdag_operator.py
[2026-06-10T09:24:45.897+0000] {logging_mixin.py:154} INFO - [2026-06-10T09:24:45.897+0000] {dag.py:2941} INFO - Sync 3 DAGs
[2026-06-10T09:24:46.016+0000] {logging_mixin.py:154} INFO - [2026-06-10T09:24:46.016+0000] {dag.py:3722} INFO - Setting next_dagrun for example_subdag_operator to 2022-01-01T00:00:00+00:00, run_after=2022-01-01T00:00:00+00:00
[2026-06-10T09:24:46.028+0000] {logging_mixin.py:154} INFO - [2026-06-10T09:24:46.028+0000] {dag.py:3722} INFO - Setting next_dagrun for example_subdag_operator.section-1 to None, run_after=None
[2026-06-10T09:24:46.040+0000] {logging_mixin.py:154} INFO - [2026-06-10T09:24:46.040+0000] {dag.py:3722} INFO - Setting next_dagrun for example_subdag_operator.section-2 to None, run_after=None
[2026-06-10T09:24:46.084+0000] {logging_mixin.py:154} INFO - [2026-06-10T09:24:46.084+0000] {dag.py:2941} INFO - Sync 2 DAGs
[2026-06-10T09:24:46.110+0000] {logging_mixin.py:154} INFO - [2026-06-10T09:24:46.110+0000] {dag.py:3722} INFO - Setting next_dagrun for example_subdag_operator.section-1 to None, run_after=None
[2026-06-10T09:24:46.111+0000] {logging_mixin.py:154} INFO - [2026-06-10T09:24:46.111+0000] {dag.py:3722} INFO - Setting next_dagrun for example_subdag_operator.section-2 to None, run_after=None
[2026-06-10T09:24:46.159+0000] {processor.py:179} INFO - Processing /home/airflow/.local/lib/python3.10/site-packages/airflow/example_dags/example_subdag_operator.py took 0.604 seconds
[2026-06-10T09:25:17.080+0000] {processor.py:157} INFO - Started process (PID=401) to work on /home/airflow/.local/lib/python3.10/site-packages/airflow/example_dags/example_subdag_operator.py
[2026-06-10T09:25:17.092+0000] {processor.py:829} INFO - Processing file /home/airflow/.local/lib/python3.10/site-packages/airflow/example_dags/example_subdag_operator.py for tasks to queue
[2026-06-10T09:25:17.096+0000] {logging_mixin.py:154} INFO - [2026-06-10T09:25:17.095+0000] {dagbag.py:536} INFO - Filling up the DagBag from /home/airflow/.local/lib/python3.10/site-packages/airflow/example_dags/example_subdag_operator.py
[2026-06-10T09:25:17.223+0000] {processor.py:839} INFO - DAG(s) dict_keys(['example_subdag_operator.section-1', 'example_subdag_operator.section-2', 'example_subdag_operator']) retrieved from /home/airflow/.local/lib/python3.10/site-packages/airflow/example_dags/example_subdag_operator.py
[2026-06-10T09:25:17.325+0000] {logging_mixin.py:154} INFO - [2026-06-10T09:25:17.324+0000] {dag.py:2941} INFO - Sync 3 DAGs
[2026-06-10T09:25:17.596+0000] {logging_mixin.py:154} INFO - [2026-06-10T09:25:17.577+0000] {dag.py:3722} INFO - Setting next_dagrun for example_subdag_operator to 2022-01-01T00:00:00+00:00, run_after=2022-01-01T00:00:00+00:00
[2026-06-10T09:25:17.621+0000] {logging_mixin.py:154} INFO - [2026-06-10T09:25:17.620+0000] {dag.py:3722} INFO - Setting next_dagrun for example_subdag_operator.section-1 to None, run_after=None
[2026-06-10T09:25:17.628+0000] {logging_mixin.py:154} INFO - [2026-06-10T09:25:17.628+0000] {dag.py:3722} INFO - Setting next_dagrun for example_subdag_operator.section-2 to None, run_after=None
[2026-06-10T09:25:17.688+0000] {logging_mixin.py:154} INFO - [2026-06-10T09:25:17.680+0000] {dag.py:2941} INFO - Sync 2 DAGs
[2026-06-10T09:25:17.711+0000] {logging_mixin.py:154} INFO - [2026-06-10T09:25:17.711+0000] {dag.py:3722} INFO - Setting next_dagrun for example_subdag_operator.section-1 to None, run_after=None
[2026-06-10T09:25:17.724+0000] {logging_mixin.py:154} INFO - [2026-06-10T09:25:17.724+0000] {dag.py:3722} INFO - Setting next_dagrun for example_subdag_operator.section-2 to None, run_after=None
[2026-06-10T09:25:17.789+0000] {processor.py:179} INFO - Processing /home/airflow/.local/lib/python3.10/site-packages/airflow/example_dags/example_subdag_operator.py took 0.716 seconds
[2026-06-10T09:25:48.134+0000] {processor.py:157} INFO - Started process (PID=452) to work on /home/airflow/.local/lib/python3.10/site-packages/airflow/example_dags/example_subdag_operator.py
[2026-06-10T09:25:48.136+0000] {processor.py:829} INFO - Processing file /home/airflow/.local/lib/python3.10/site-packages/airflow/example_dags/example_subdag_operator.py for tasks to queue
[2026-06-10T09:25:48.151+0000] {logging_mixin.py:154} INFO - [2026-06-10T09:25:48.139+0000] {dagbag.py:536} INFO - Filling up the DagBag from /home/airflow/.local/lib/python3.10/site-packages/airflow/example_dags/example_subdag_operator.py
[2026-06-10T09:25:48.227+0000] {processor.py:839} INFO - DAG(s) dict_keys(['example_subdag_operator.section-1', 'example_subdag_operator.section-2', 'example_subdag_operator']) retrieved from /home/airflow/.local/lib/python3.10/site-packages/airflow/example_dags/example_subdag_operator.py
[2026-06-10T09:25:48.270+0000] {logging_mixin.py:154} INFO - [2026-06-10T09:25:48.270+0000] {dag.py:2941} INFO - Sync 3 DAGs
[2026-06-10T09:25:48.363+0000] {logging_mixin.py:154} INFO - [2026-06-10T09:25:48.363+0000] {dag.py:3722} INFO - Setting next_dagrun for example_subdag_operator to 2022-01-01T00:00:00+00:00, run_after=2022-01-01T00:00:00+00:00
[2026-06-10T09:25:48.378+0000] {logging_mixin.py:154} INFO - [2026-06-10T09:25:48.377+0000] {dag.py:3722} INFO - Setting next_dagrun for example_subdag_operator.section-1 to None, run_after=None
[2026-06-10T09:25:48.386+0000] {logging_mixin.py:154} INFO - [2026-06-10T09:25:48.385+0000] {dag.py:3722} INFO - Setting next_dagrun for example_subdag_operator.section-2 to None, run_after=None
[2026-06-10T09:25:48.415+0000] {logging_mixin.py:154} INFO - [2026-06-10T09:25:48.415+0000] {dag.py:2941} INFO - Sync 2 DAGs
[2026-06-10T09:25:48.434+0000] {logging_mixin.py:154} INFO - [2026-06-10T09:25:48.433+0000] {dag.py:3722} INFO - Setting next_dagrun for example_subdag_operator.section-1 to None, run_after=None
[2026-06-10T09:25:48.438+0000] {logging_mixin.py:154} INFO - [2026-06-10T09:25:48.437+0000] {dag.py:3722} INFO - Setting next_dagrun for example_subdag_operator.section-2 to None, run_after=None
[2026-06-10T09:25:48.489+0000] {processor.py:179} INFO - Processing /home/airflow/.local/lib/python3.10/site-packages/airflow/example_dags/example_subdag_operator.py took 0.369 seconds
[2026-06-10T09:26:19.366+0000] {processor.py:157} INFO - Started process (PID=502) to work on /home/airflow/.local/lib/python3.10/site-packages/airflow/example_dags/example_subdag_operator.py
[2026-06-10T09:26:19.372+0000] {processor.py:829} INFO - Processing file /home/airflow/.local/lib/python3.10/site-packages/airflow/example_dags/example_subdag_operator.py for tasks to queue
[2026-06-10T09:26:19.374+0000] {logging_mixin.py:154} INFO - [2026-06-10T09:26:19.374+0000] {dagbag.py:536} INFO - Filling up the DagBag from /home/airflow/.local/lib/python3.10/site-packages/airflow/example_dags/example_subdag_operator.py
[2026-06-10T09:26:19.421+0000] {processor.py:839} INFO - DAG(s) dict_keys(['example_subdag_operator.section-1', 'example_subdag_operator.section-2', 'example_subdag_operator']) retrieved from /home/airflow/.local/lib/python3.10/site-packages/airflow/example_dags/example_subdag_operator.py
[2026-06-10T09:26:19.442+0000] {logging_mixin.py:154} INFO - [2026-06-10T09:26:19.441+0000] {dag.py:2941} INFO - Sync 3 DAGs
[2026-06-10T09:26:19.488+0000] {logging_mixin.py:154} INFO - [2026-06-10T09:26:19.487+0000] {dag.py:3722} INFO - Setting next_dagrun for example_subdag_operator to 2022-01-01T00:00:00+00:00, run_after=2022-01-01T00:00:00+00:00
[2026-06-10T09:26:19.494+0000] {logging_mixin.py:154} INFO - [2026-06-10T09:26:19.494+0000] {dag.py:3722} INFO - Setting next_dagrun for example_subdag_operator.section-1 to None, run_after=None
[2026-06-10T09:26:19.496+0000] {logging_mixin.py:154} INFO - [2026-06-10T09:26:19.495+0000] {dag.py:3722} INFO - Setting next_dagrun for example_subdag_operator.section-2 to None, run_after=None
[2026-06-10T09:26:19.505+0000] {logging_mixin.py:154} INFO - [2026-06-10T09:26:19.505+0000] {dag.py:2941} INFO - Sync 2 DAGs
[2026-06-10T09:26:19.512+0000] {logging_mixin.py:154} INFO - [2026-06-10T09:26:19.512+0000] {dag.py:3722} INFO - Setting next_dagrun for example_subdag_operator.section-1 to None, run_after=None
[2026-06-10T09:26:19.512+0000] {logging_mixin.py:154} INFO - [2026-06-10T09:26:19.512+0000] {dag.py:3722} INFO - Setting next_dagrun for example_subdag_operator.section-2 to None, run_after=None
[2026-06-10T09:26:19.539+0000] {processor.py:179} INFO - Processing /home/airflow/.local/lib/python3.10/site-packages/airflow/example_dags/example_subdag_operator.py took 0.177 seconds
[2026-06-10T09:26:49.820+0000] {processor.py:157} INFO - Started process (PID=555) to work on /home/airflow/.local/lib/python3.10/site-packages/airflow/example_dags/example_subdag_operator.py
[2026-06-10T09:26:49.822+0000] {processor.py:829} INFO - Processing file /home/airflow/.local/lib/python3.10/site-packages/airflow/example_dags/example_subdag_operator.py for tasks to queue
[2026-06-10T09:26:49.823+0000] {logging_mixin.py:154} INFO - [2026-06-10T09:26:49.823+0000] {dagbag.py:536} INFO - Filling up the DagBag from /home/airflow/.local/lib/python3.10/site-packages/airflow/example_dags/example_subdag_operator.py
[2026-06-10T09:26:49.866+0000] {processor.py:839} INFO - DAG(s) dict_keys(['example_subdag_operator.section-1', 'example_subdag_operator.section-2', 'example_subdag_operator']) retrieved from /home/airflow/.local/lib/python3.10/site-packages/airflow/example_dags/example_subdag_operator.py
[2026-06-10T09:26:49.889+0000] {logging_mixin.py:154} INFO - [2026-06-10T09:26:49.889+0000] {dag.py:2941} INFO - Sync 3 DAGs
[2026-06-10T09:26:49.912+0000] {logging_mixin.py:154} INFO - [2026-06-10T09:26:49.912+0000] {dag.py:3722} INFO - Setting next_dagrun for example_subdag_operator to 2022-01-01T00:00:00+00:00, run_after=2022-01-01T00:00:00+00:00
[2026-06-10T09:26:49.915+0000] {logging_mixin.py:154} INFO - [2026-06-10T09:26:49.915+0000] {dag.py:3722} INFO - Setting next_dagrun for example_subdag_operator.section-1 to None, run_after=None
[2026-06-10T09:26:49.916+0000] {logging_mixin.py:154} INFO - [2026-06-10T09:26:49.916+0000] {dag.py:3722} INFO - Setting next_dagrun for example_subdag_operator.section-2 to None, run_after=None
[2026-06-10T09:26:49.923+0000] {logging_mixin.py:154} INFO - [2026-06-10T09:26:49.923+0000] {dag.py:2941} INFO - Sync 2 DAGs
[2026-06-10T09:26:49.928+0000] {logging_mixin.py:154} INFO - [2026-06-10T09:26:49.928+0000] {dag.py:3722} INFO - Setting next_dagrun for example_subdag_operator.section-1 to None, run_after=None
[2026-06-10T09:26:49.928+0000] {logging_mixin.py:154} INFO - [2026-06-10T09:26:49.928+0000] {dag.py:3722} INFO - Setting next_dagrun for example_subdag_operator.section-2 to None, run_after=None
[2026-06-10T09:26:49.940+0000] {processor.py:179} INFO - Processing /home/airflow/.local/lib/python3.10/site-packages/airflow/example_dags/example_subdag_operator.py took 0.125 seconds
[2026-06-10T09:29:33.643+0000] {processor.py:157} INFO - Started process (PID=44) to work on /home/airflow/.local/lib/python3.10/site-packages/airflow/example_dags/example_subdag_operator.py
[2026-06-10T09:29:33.671+0000] {processor.py:829} INFO - Processing file /home/airflow/.local/lib/python3.10/site-packages/airflow/example_dags/example_subdag_operator.py for tasks to queue
[2026-06-10T09:29:33.681+0000] {logging_mixin.py:154} INFO - [2026-06-10T09:29:33.680+0000] {dagbag.py:536} INFO - Filling up the DagBag from /home/airflow/.local/lib/python3.10/site-packages/airflow/example_dags/example_subdag_operator.py
[2026-06-10T09:29:33.874+0000] {processor.py:839} INFO - DAG(s) dict_keys(['example_subdag_operator.section-1', 'example_subdag_operator.section-2', 'example_subdag_operator']) retrieved from /home/airflow/.local/lib/python3.10/site-packages/airflow/example_dags/example_subdag_operator.py
[2026-06-10T09:29:34.154+0000] {logging_mixin.py:154} INFO - [2026-06-10T09:29:34.150+0000] {dag.py:2941} INFO - Sync 3 DAGs
[2026-06-10T09:29:34.427+0000] {logging_mixin.py:154} INFO - [2026-06-10T09:29:34.427+0000] {dag.py:3722} INFO - Setting next_dagrun for example_subdag_operator to 2022-01-01T00:00:00+00:00, run_after=2022-01-01T00:00:00+00:00
[2026-06-10T09:29:34.462+0000] {logging_mixin.py:154} INFO - [2026-06-10T09:29:34.462+0000] {dag.py:3722} INFO - Setting next_dagrun for example_subdag_operator.section-1 to None, run_after=None
[2026-06-10T09:29:34.473+0000] {logging_mixin.py:154} INFO - [2026-06-10T09:29:34.473+0000] {dag.py:3722} INFO - Setting next_dagrun for example_subdag_operator.section-2 to None, run_after=None
[2026-06-10T09:29:34.552+0000] {logging_mixin.py:154} INFO - [2026-06-10T09:29:34.552+0000] {dag.py:2941} INFO - Sync 2 DAGs
[2026-06-10T09:29:34.605+0000] {logging_mixin.py:154} INFO - [2026-06-10T09:29:34.604+0000] {dag.py:3722} INFO - Setting next_dagrun for example_subdag_operator.section-1 to None, run_after=None
[2026-06-10T09:29:34.607+0000] {logging_mixin.py:154} INFO - [2026-06-10T09:29:34.607+0000] {dag.py:3722} INFO - Setting next_dagrun for example_subdag_operator.section-2 to None, run_after=None
[2026-06-10T09:29:34.717+0000] {processor.py:179} INFO - Processing /home/airflow/.local/lib/python3.10/site-packages/airflow/example_dags/example_subdag_operator.py took 1.105 seconds
[2026-06-10T09:30:05.195+0000] {processor.py:157} INFO - Started process (PID=95) to work on /home/airflow/.local/lib/python3.10/site-packages/airflow/example_dags/example_subdag_operator.py
[2026-06-10T09:30:05.197+0000] {processor.py:829} INFO - Processing file /home/airflow/.local/lib/python3.10/site-packages/airflow/example_dags/example_subdag_operator.py for tasks to queue
[2026-06-10T09:30:05.199+0000] {logging_mixin.py:154} INFO - [2026-06-10T09:30:05.199+0000] {dagbag.py:536} INFO - Filling up the DagBag from /home/airflow/.local/lib/python3.10/site-packages/airflow/example_dags/example_subdag_operator.py
[2026-06-10T09:30:05.234+0000] {processor.py:839} INFO - DAG(s) dict_keys(['example_subdag_operator.section-1', 'example_subdag_operator.section-2', 'example_subdag_operator']) retrieved from /home/airflow/.local/lib/python3.10/site-packages/airflow/example_dags/example_subdag_operator.py
[2026-06-10T09:30:05.257+0000] {logging_mixin.py:154} INFO - [2026-06-10T09:30:05.256+0000] {dag.py:2941} INFO - Sync 3 DAGs
[2026-06-10T09:30:05.303+0000] {logging_mixin.py:154} INFO - [2026-06-10T09:30:05.302+0000] {dag.py:3722} INFO - Setting next_dagrun for example_subdag_operator to 2022-01-01T00:00:00+00:00, run_after=2022-01-01T00:00:00+00:00
[2026-06-10T09:30:05.308+0000] {logging_mixin.py:154} INFO - [2026-06-10T09:30:05.307+0000] {dag.py:3722} INFO - Setting next_dagrun for example_subdag_operator.section-1 to None, run_after=None
[2026-06-10T09:30:05.317+0000] {logging_mixin.py:154} INFO - [2026-06-10T09:30:05.317+0000] {dag.py:3722} INFO - Setting next_dagrun for example_subdag_operator.section-2 to None, run_after=None
[2026-06-10T09:30:05.342+0000] {logging_mixin.py:154} INFO - [2026-06-10T09:30:05.342+0000] {dag.py:2941} INFO - Sync 2 DAGs
[2026-06-10T09:30:05.352+0000] {logging_mixin.py:154} INFO - [2026-06-10T09:30:05.352+0000] {dag.py:3722} INFO - Setting next_dagrun for example_subdag_operator.section-1 to None, run_after=None
[2026-06-10T09:30:05.353+0000] {logging_mixin.py:154} INFO - [2026-06-10T09:30:05.353+0000] {dag.py:3722} INFO - Setting next_dagrun for example_subdag_operator.section-2 to None, run_after=None
[2026-06-10T09:30:05.377+0000] {processor.py:179} INFO - Processing /home/airflow/.local/lib/python3.10/site-packages/airflow/example_dags/example_subdag_operator.py took 0.186 seconds
[2026-06-10T09:30:36.098+0000] {processor.py:157} INFO - Started process (PID=146) to work on /home/airflow/.local/lib/python3.10/site-packages/airflow/example_dags/example_subdag_operator.py
[2026-06-10T09:30:36.104+0000] {processor.py:829} INFO - Processing file /home/airflow/.local/lib/python3.10/site-packages/airflow/example_dags/example_subdag_operator.py for tasks to queue
[2026-06-10T09:30:36.107+0000] {logging_mixin.py:154} INFO - [2026-06-10T09:30:36.107+0000] {dagbag.py:536} INFO - Filling up the DagBag from /home/airflow/.local/lib/python3.10/site-packages/airflow/example_dags/example_subdag_operator.py
[2026-06-10T09:30:36.141+0000] {processor.py:839} INFO - DAG(s) dict_keys(['example_subdag_operator.section-1', 'example_subdag_operator.section-2', 'example_subdag_operator']) retrieved from /home/airflow/.local/lib/python3.10/site-packages/airflow/example_dags/example_subdag_operator.py
[2026-06-10T09:30:36.164+0000] {logging_mixin.py:154} INFO - [2026-06-10T09:30:36.164+0000] {dag.py:2941} INFO - Sync 3 DAGs
[2026-06-10T09:30:36.195+0000] {logging_mixin.py:154} INFO - [2026-06-10T09:30:36.195+0000] {dag.py:3722} INFO - Setting next_dagrun for example_subdag_operator to 2022-01-01T00:00:00+00:00, run_after=2022-01-01T00:00:00+00:00
[2026-06-10T09:30:36.199+0000] {logging_mixin.py:154} INFO - [2026-06-10T09:30:36.199+0000] {dag.py:3722} INFO - Setting next_dagrun for example_subdag_operator.section-1 to None, run_after=None
[2026-06-10T09:30:36.201+0000] {logging_mixin.py:154} INFO - [2026-06-10T09:30:36.200+0000] {dag.py:3722} INFO - Setting next_dagrun for example_subdag_operator.section-2 to None, run_after=None
[2026-06-10T09:30:36.209+0000] {logging_mixin.py:154} INFO - [2026-06-10T09:30:36.209+0000] {dag.py:2941} INFO - Sync 2 DAGs
[2026-06-10T09:30:36.214+0000] {logging_mixin.py:154} INFO - [2026-06-10T09:30:36.214+0000] {dag.py:3722} INFO - Setting next_dagrun for example_subdag_operator.section-1 to None, run_after=None
[2026-06-10T09:30:36.214+0000] {logging_mixin.py:154} INFO - [2026-06-10T09:30:36.214+0000] {dag.py:3722} INFO - Setting next_dagrun for example_subdag_operator.section-2 to None, run_after=None
[2026-06-10T09:30:36.228+0000] {processor.py:179} INFO - Processing /home/airflow/.local/lib/python3.10/site-packages/airflow/example_dags/example_subdag_operator.py took 0.134 seconds
[2026-06-10T09:31:06.895+0000] {processor.py:157} INFO - Started process (PID=197) to work on /home/airflow/.local/lib/python3.10/site-packages/airflow/example_dags/example_subdag_operator.py
[2026-06-10T09:31:06.897+0000] {processor.py:829} INFO - Processing file /home/airflow/.local/lib/python3.10/site-packages/airflow/example_dags/example_subdag_operator.py for tasks to queue
[2026-06-10T09:31:06.900+0000] {logging_mixin.py:154} INFO - [2026-06-10T09:31:06.900+0000] {dagbag.py:536} INFO - Filling up the DagBag from /home/airflow/.local/lib/python3.10/site-packages/airflow/example_dags/example_subdag_operator.py
[2026-06-10T09:31:06.935+0000] {processor.py:839} INFO - DAG(s) dict_keys(['example_subdag_operator.section-1', 'example_subdag_operator.section-2', 'example_subdag_operator']) retrieved from /home/airflow/.local/lib/python3.10/site-packages/airflow/example_dags/example_subdag_operator.py
[2026-06-10T09:31:06.956+0000] {logging_mixin.py:154} INFO - [2026-06-10T09:31:06.956+0000] {dag.py:2941} INFO - Sync 3 DAGs
[2026-06-10T09:31:06.989+0000] {logging_mixin.py:154} INFO - [2026-06-10T09:31:06.988+0000] {dag.py:3722} INFO - Setting next_dagrun for example_subdag_operator to 2022-01-01T00:00:00+00:00, run_after=2022-01-01T00:00:00+00:00
[2026-06-10T09:31:06.993+0000] {logging_mixin.py:154} INFO - [2026-06-10T09:31:06.993+0000] {dag.py:3722} INFO - Setting next_dagrun for example_subdag_operator.section-1 to None, run_after=None
[2026-06-10T09:31:06.994+0000] {logging_mixin.py:154} INFO - [2026-06-10T09:31:06.994+0000] {dag.py:3722} INFO - Setting next_dagrun for example_subdag_operator.section-2 to None, run_after=None
[2026-06-10T09:31:07.003+0000] {logging_mixin.py:154} INFO - [2026-06-10T09:31:07.003+0000] {dag.py:2941} INFO - Sync 2 DAGs
[2026-06-10T09:31:07.009+0000] {logging_mixin.py:154} INFO - [2026-06-10T09:31:07.009+0000] {dag.py:3722} INFO - Setting next_dagrun for example_subdag_operator.section-1 to None, run_after=None
[2026-06-10T09:31:07.009+0000] {logging_mixin.py:154} INFO - [2026-06-10T09:31:07.009+0000] {dag.py:3722} INFO - Setting next_dagrun for example_subdag_operator.section-2 to None, run_after=None
[2026-06-10T09:31:07.021+0000] {processor.py:179} INFO - Processing /home/airflow/.local/lib/python3.10/site-packages/airflow/example_dags/example_subdag_operator.py took 0.130 seconds
[2026-06-10T09:31:37.203+0000] {processor.py:157} INFO - Started process (PID=248) to work on /home/airflow/.local/lib/python3.10/site-packages/airflow/example_dags/example_subdag_operator.py
[2026-06-10T09:31:37.204+0000] {processor.py:829} INFO - Processing file /home/airflow/.local/lib/python3.10/site-packages/airflow/example_dags/example_subdag_operator.py for tasks to queue
[2026-06-10T09:31:37.207+0000] {logging_mixin.py:154} INFO - [2026-06-10T09:31:37.206+0000] {dagbag.py:536} INFO - Filling up the DagBag from /home/airflow/.local/lib/python3.10/site-packages/airflow/example_dags/example_subdag_operator.py
[2026-06-10T09:31:37.239+0000] {processor.py:839} INFO - DAG(s) dict_keys(['example_subdag_operator.section-1', 'example_subdag_operator.section-2', 'example_subdag_operator']) retrieved from /home/airflow/.local/lib/python3.10/site-packages/airflow/example_dags/example_subdag_operator.py
[2026-06-10T09:31:37.261+0000] {logging_mixin.py:154} INFO - [2026-06-10T09:31:37.260+0000] {dag.py:2941} INFO - Sync 3 DAGs
[2026-06-10T09:31:37.290+0000] {logging_mixin.py:154} INFO - [2026-06-10T09:31:37.289+0000] {dag.py:3722} INFO - Setting next_dagrun for example_subdag_operator to 2022-01-01T00:00:00+00:00, run_after=2022-01-01T00:00:00+00:00
[2026-06-10T09:31:37.293+0000] {logging_mixin.py:154} INFO - [2026-06-10T09:31:37.293+0000] {dag.py:3722} INFO - Setting next_dagrun for example_subdag_operator.section-1 to None, run_after=None
[2026-06-10T09:31:37.294+0000] {logging_mixin.py:154} INFO - [2026-06-10T09:31:37.294+0000] {dag.py:3722} INFO - Setting next_dagrun for example_subdag_operator.section-2 to None, run_after=None
[2026-06-10T09:31:37.301+0000] {logging_mixin.py:154} INFO - [2026-06-10T09:31:37.301+0000] {dag.py:2941} INFO - Sync 2 DAGs
[2026-06-10T09:31:37.306+0000] {logging_mixin.py:154} INFO - [2026-06-10T09:31:37.306+0000] {dag.py:3722} INFO - Setting next_dagrun for example_subdag_operator.section-1 to None, run_after=None
[2026-06-10T09:31:37.306+0000] {logging_mixin.py:154} INFO - [2026-06-10T09:31:37.306+0000] {dag.py:3722} INFO - Setting next_dagrun for example_subdag_operator.section-2 to None, run_after=None
[2026-06-10T09:31:37.317+0000] {processor.py:179} INFO - Processing /home/airflow/.local/lib/python3.10/site-packages/airflow/example_dags/example_subdag_operator.py took 0.119 seconds
[2026-06-10T09:32:11.521+0000] {processor.py:157} INFO - Started process (PID=299) to work on /home/airflow/.local/lib/python3.10/site-packages/airflow/example_dags/example_subdag_operator.py
[2026-06-10T09:32:11.525+0000] {processor.py:829} INFO - Processing file /home/airflow/.local/lib/python3.10/site-packages/airflow/example_dags/example_subdag_operator.py for tasks to queue
[2026-06-10T09:32:11.540+0000] {logging_mixin.py:154} INFO - [2026-06-10T09:32:11.532+0000] {dagbag.py:536} INFO - Filling up the DagBag from /home/airflow/.local/lib/python3.10/site-packages/airflow/example_dags/example_subdag_operator.py
[2026-06-10T09:32:11.698+0000] {processor.py:839} INFO - DAG(s) dict_keys(['example_subdag_operator.section-1', 'example_subdag_operator.section-2', 'example_subdag_operator']) retrieved from /home/airflow/.local/lib/python3.10/site-packages/airflow/example_dags/example_subdag_operator.py
[2026-06-10T09:32:11.798+0000] {logging_mixin.py:154} INFO - [2026-06-10T09:32:11.798+0000] {dag.py:2941} INFO - Sync 3 DAGs
[2026-06-10T09:32:11.901+0000] {logging_mixin.py:154} INFO - [2026-06-10T09:32:11.900+0000] {dag.py:3722} INFO - Setting next_dagrun for example_subdag_operator to 2022-01-01T00:00:00+00:00, run_after=2022-01-01T00:00:00+00:00
[2026-06-10T09:32:11.921+0000] {logging_mixin.py:154} INFO - [2026-06-10T09:32:11.921+0000] {dag.py:3722} INFO - Setting next_dagrun for example_subdag_operator.section-1 to None, run_after=None
[2026-06-10T09:32:11.925+0000] {logging_mixin.py:154} INFO - [2026-06-10T09:32:11.924+0000] {dag.py:3722} INFO - Setting next_dagrun for example_subdag_operator.section-2 to None, run_after=None
[2026-06-10T09:32:11.949+0000] {logging_mixin.py:154} INFO - [2026-06-10T09:32:11.949+0000] {dag.py:2941} INFO - Sync 2 DAGs
[2026-06-10T09:32:11.972+0000] {logging_mixin.py:154} INFO - [2026-06-10T09:32:11.972+0000] {dag.py:3722} INFO - Setting next_dagrun for example_subdag_operator.section-1 to None, run_after=None
[2026-06-10T09:32:11.980+0000] {logging_mixin.py:154} INFO - [2026-06-10T09:32:11.980+0000] {dag.py:3722} INFO - Setting next_dagrun for example_subdag_operator.section-2 to None, run_after=None
[2026-06-10T09:32:12.002+0000] {processor.py:179} INFO - Processing /home/airflow/.local/lib/python3.10/site-packages/airflow/example_dags/example_subdag_operator.py took 0.504 seconds
[2026-06-10T09:32:42.103+0000] {processor.py:157} INFO - Started process (PID=350) to work on /home/airflow/.local/lib/python3.10/site-packages/airflow/example_dags/example_subdag_operator.py
[2026-06-10T09:32:42.110+0000] {processor.py:829} INFO - Processing file /home/airflow/.local/lib/python3.10/site-packages/airflow/example_dags/example_subdag_operator.py for tasks to queue
[2026-06-10T09:32:42.115+0000] {logging_mixin.py:154} INFO - [2026-06-10T09:32:42.114+0000] {dagbag.py:536} INFO - Filling up the DagBag from /home/airflow/.local/lib/python3.10/site-packages/airflow/example_dags/example_subdag_operator.py
[2026-06-10T09:32:42.143+0000] {processor.py:839} INFO - DAG(s) dict_keys(['example_subdag_operator.section-1', 'example_subdag_operator.section-2', 'example_subdag_operator']) retrieved from /home/airflow/.local/lib/python3.10/site-packages/airflow/example_dags/example_subdag_operator.py
[2026-06-10T09:32:42.163+0000] {logging_mixin.py:154} INFO - [2026-06-10T09:32:42.163+0000] {dag.py:2941} INFO - Sync 3 DAGs
[2026-06-10T09:32:42.216+0000] {logging_mixin.py:154} INFO - [2026-06-10T09:32:42.216+0000] {dag.py:3722} INFO - Setting next_dagrun for example_subdag_operator to 2022-01-01T00:00:00+00:00, run_after=2022-01-01T00:00:00+00:00
[2026-06-10T09:32:42.226+0000] {logging_mixin.py:154} INFO - [2026-06-10T09:32:42.226+0000] {dag.py:3722} INFO - Setting next_dagrun for example_subdag_operator.section-1 to None, run_after=None
[2026-06-10T09:32:42.233+0000] {logging_mixin.py:154} INFO - [2026-06-10T09:32:42.232+0000] {dag.py:3722} INFO - Setting next_dagrun for example_subdag_operator.section-2 to None, run_after=None
[2026-06-10T09:32:42.250+0000] {logging_mixin.py:154} INFO - [2026-06-10T09:32:42.250+0000] {dag.py:2941} INFO - Sync 2 DAGs
[2026-06-10T09:32:42.263+0000] {logging_mixin.py:154} INFO - [2026-06-10T09:32:42.263+0000] {dag.py:3722} INFO - Setting next_dagrun for example_subdag_operator.section-1 to None, run_after=None
[2026-06-10T09:32:42.264+0000] {logging_mixin.py:154} INFO - [2026-06-10T09:32:42.264+0000] {dag.py:3722} INFO - Setting next_dagrun for example_subdag_operator.section-2 to None, run_after=None
[2026-06-10T09:32:42.293+0000] {processor.py:179} INFO - Processing /home/airflow/.local/lib/python3.10/site-packages/airflow/example_dags/example_subdag_operator.py took 0.203 seconds
[2026-06-10T09:33:13.677+0000] {processor.py:157} INFO - Started process (PID=401) to work on /home/airflow/.local/lib/python3.10/site-packages/airflow/example_dags/example_subdag_operator.py
[2026-06-10T09:33:13.682+0000] {processor.py:829} INFO - Processing file /home/airflow/.local/lib/python3.10/site-packages/airflow/example_dags/example_subdag_operator.py for tasks to queue
[2026-06-10T09:33:13.685+0000] {logging_mixin.py:154} INFO - [2026-06-10T09:33:13.685+0000] {dagbag.py:536} INFO - Filling up the DagBag from /home/airflow/.local/lib/python3.10/site-packages/airflow/example_dags/example_subdag_operator.py
[2026-06-10T09:33:13.756+0000] {processor.py:839} INFO - DAG(s) dict_keys(['example_subdag_operator.section-1', 'example_subdag_operator.section-2', 'example_subdag_operator']) retrieved from /home/airflow/.local/lib/python3.10/site-packages/airflow/example_dags/example_subdag_operator.py
[2026-06-10T09:33:13.801+0000] {logging_mixin.py:154} INFO - [2026-06-10T09:33:13.801+0000] {dag.py:2941} INFO - Sync 3 DAGs
[2026-06-10T09:33:13.876+0000] {logging_mixin.py:154} INFO - [2026-06-10T09:33:13.876+0000] {dag.py:3722} INFO - Setting next_dagrun for example_subdag_operator to 2022-01-01T00:00:00+00:00, run_after=2022-01-01T00:00:00+00:00
[2026-06-10T09:33:13.893+0000] {logging_mixin.py:154} INFO - [2026-06-10T09:33:13.893+0000] {dag.py:3722} INFO - Setting next_dagrun for example_subdag_operator.section-1 to None, run_after=None
[2026-06-10T09:33:13.895+0000] {logging_mixin.py:154} INFO - [2026-06-10T09:33:13.895+0000] {dag.py:3722} INFO - Setting next_dagrun for example_subdag_operator.section-2 to None, run_after=None
[2026-06-10T09:33:13.913+0000] {logging_mixin.py:154} INFO - [2026-06-10T09:33:13.913+0000] {dag.py:2941} INFO - Sync 2 DAGs
[2026-06-10T09:33:13.930+0000] {logging_mixin.py:154} INFO - [2026-06-10T09:33:13.930+0000] {dag.py:3722} INFO - Setting next_dagrun for example_subdag_operator.section-1 to None, run_after=None
[2026-06-10T09:33:13.931+0000] {logging_mixin.py:154} INFO - [2026-06-10T09:33:13.930+0000] {dag.py:3722} INFO - Setting next_dagrun for example_subdag_operator.section-2 to None, run_after=None
[2026-06-10T09:33:13.953+0000] {processor.py:179} INFO - Processing /home/airflow/.local/lib/python3.10/site-packages/airflow/example_dags/example_subdag_operator.py took 0.281 seconds
[2026-06-10T09:33:46.224+0000] {processor.py:157} INFO - Started process (PID=452) to work on /home/airflow/.local/lib/python3.10/site-packages/airflow/example_dags/example_subdag_operator.py
[2026-06-10T09:33:46.236+0000] {processor.py:829} INFO - Processing file /home/airflow/.local/lib/python3.10/site-packages/airflow/example_dags/example_subdag_operator.py for tasks to queue
[2026-06-10T09:33:46.239+0000] {logging_mixin.py:154} INFO - [2026-06-10T09:33:46.238+0000] {dagbag.py:536} INFO - Filling up the DagBag from /home/airflow/.local/lib/python3.10/site-packages/airflow/example_dags/example_subdag_operator.py
[2026-06-10T09:33:46.371+0000] {processor.py:839} INFO - DAG(s) dict_keys(['example_subdag_operator.section-1', 'example_subdag_operator.section-2', 'example_subdag_operator']) retrieved from /home/airflow/.local/lib/python3.10/site-packages/airflow/example_dags/example_subdag_operator.py
[2026-06-10T09:33:46.454+0000] {logging_mixin.py:154} INFO - [2026-06-10T09:33:46.453+0000] {dag.py:2941} INFO - Sync 3 DAGs
[2026-06-10T09:33:46.582+0000] {logging_mixin.py:154} INFO - [2026-06-10T09:33:46.581+0000] {dag.py:3722} INFO - Setting next_dagrun for example_subdag_operator to 2022-01-01T00:00:00+00:00, run_after=2022-01-01T00:00:00+00:00
[2026-06-10T09:33:46.601+0000] {logging_mixin.py:154} INFO - [2026-06-10T09:33:46.601+0000] {dag.py:3722} INFO - Setting next_dagrun for example_subdag_operator.section-1 to None, run_after=None
[2026-06-10T09:33:46.612+0000] {logging_mixin.py:154} INFO - [2026-06-10T09:33:46.612+0000] {dag.py:3722} INFO - Setting next_dagrun for example_subdag_operator.section-2 to None, run_after=None
[2026-06-10T09:33:46.648+0000] {logging_mixin.py:154} INFO - [2026-06-10T09:33:46.648+0000] {dag.py:2941} INFO - Sync 2 DAGs
[2026-06-10T09:33:46.673+0000] {logging_mixin.py:154} INFO - [2026-06-10T09:33:46.672+0000] {dag.py:3722} INFO - Setting next_dagrun for example_subdag_operator.section-1 to None, run_after=None
[2026-06-10T09:33:46.680+0000] {logging_mixin.py:154} INFO - [2026-06-10T09:33:46.680+0000] {dag.py:3722} INFO - Setting next_dagrun for example_subdag_operator.section-2 to None, run_after=None
[2026-06-10T09:33:46.718+0000] {processor.py:179} INFO - Processing /home/airflow/.local/lib/python3.10/site-packages/airflow/example_dags/example_subdag_operator.py took 0.516 seconds
[2026-06-10T09:34:17.121+0000] {processor.py:157} INFO - Started process (PID=503) to work on /home/airflow/.local/lib/python3.10/site-packages/airflow/example_dags/example_subdag_operator.py
[2026-06-10T09:34:17.125+0000] {processor.py:829} INFO - Processing file /home/airflow/.local/lib/python3.10/site-packages/airflow/example_dags/example_subdag_operator.py for tasks to queue
[2026-06-10T09:34:17.127+0000] {logging_mixin.py:154} INFO - [2026-06-10T09:34:17.127+0000] {dagbag.py:536} INFO - Filling up the DagBag from /home/airflow/.local/lib/python3.10/site-packages/airflow/example_dags/example_subdag_operator.py
[2026-06-10T09:34:17.163+0000] {processor.py:839} INFO - DAG(s) dict_keys(['example_subdag_operator.section-1', 'example_subdag_operator.section-2', 'example_subdag_operator']) retrieved from /home/airflow/.local/lib/python3.10/site-packages/airflow/example_dags/example_subdag_operator.py
[2026-06-10T09:34:17.185+0000] {logging_mixin.py:154} INFO - [2026-06-10T09:34:17.185+0000] {dag.py:2941} INFO - Sync 3 DAGs
[2026-06-10T09:34:17.216+0000] {logging_mixin.py:154} INFO - [2026-06-10T09:34:17.216+0000] {dag.py:3722} INFO - Setting next_dagrun for example_subdag_operator to 2022-01-01T00:00:00+00:00, run_after=2022-01-01T00:00:00+00:00
[2026-06-10T09:34:17.221+0000] {logging_mixin.py:154} INFO - [2026-06-10T09:34:17.220+0000] {dag.py:3722} INFO - Setting next_dagrun for example_subdag_operator.section-1 to None, run_after=None
[2026-06-10T09:34:17.222+0000] {logging_mixin.py:154} INFO - [2026-06-10T09:34:17.222+0000] {dag.py:3722} INFO - Setting next_dagrun for example_subdag_operator.section-2 to None, run_after=None
[2026-06-10T09:34:17.232+0000] {logging_mixin.py:154} INFO - [2026-06-10T09:34:17.232+0000] {dag.py:2941} INFO - Sync 2 DAGs
[2026-06-10T09:34:17.242+0000] {logging_mixin.py:154} INFO - [2026-06-10T09:34:17.241+0000] {dag.py:3722} INFO - Setting next_dagrun for example_subdag_operator.section-1 to None, run_after=None
[2026-06-10T09:34:17.242+0000] {logging_mixin.py:154} INFO - [2026-06-10T09:34:17.242+0000] {dag.py:3722} INFO - Setting next_dagrun for example_subdag_operator.section-2 to None, run_after=None
[2026-06-10T09:34:17.265+0000] {processor.py:179} INFO - Processing /home/airflow/.local/lib/python3.10/site-packages/airflow/example_dags/example_subdag_operator.py took 0.149 seconds
[2026-06-10T09:34:47.356+0000] {processor.py:157} INFO - Started process (PID=553) to work on /home/airflow/.local/lib/python3.10/site-packages/airflow/example_dags/example_subdag_operator.py
[2026-06-10T09:34:47.358+0000] {processor.py:829} INFO - Processing file /home/airflow/.local/lib/python3.10/site-packages/airflow/example_dags/example_subdag_operator.py for tasks to queue
[2026-06-10T09:34:47.360+0000] {logging_mixin.py:154} INFO - [2026-06-10T09:34:47.360+0000] {dagbag.py:536} INFO - Filling up the DagBag from /home/airflow/.local/lib/python3.10/site-packages/airflow/example_dags/example_subdag_operator.py
[2026-06-10T09:34:47.394+0000] {processor.py:839} INFO - DAG(s) dict_keys(['example_subdag_operator.section-1', 'example_subdag_operator.section-2', 'example_subdag_operator']) retrieved from /home/airflow/.local/lib/python3.10/site-packages/airflow/example_dags/example_subdag_operator.py
[2026-06-10T09:34:47.425+0000] {logging_mixin.py:154} INFO - [2026-06-10T09:34:47.425+0000] {dag.py:2941} INFO - Sync 3 DAGs
[2026-06-10T09:34:47.517+0000] {logging_mixin.py:154} INFO - [2026-06-10T09:34:47.516+0000] {dag.py:3722} INFO - Setting next_dagrun for example_subdag_operator to 2022-01-01T00:00:00+00:00, run_after=2022-01-01T00:00:00+00:00
[2026-06-10T09:34:47.539+0000] {logging_mixin.py:154} INFO - [2026-06-10T09:34:47.538+0000] {dag.py:3722} INFO - Setting next_dagrun for example_subdag_operator.section-1 to None, run_after=None
[2026-06-10T09:34:47.555+0000] {logging_mixin.py:154} INFO - [2026-06-10T09:34:47.554+0000] {dag.py:3722} INFO - Setting next_dagrun for example_subdag_operator.section-2 to None, run_after=None
[2026-06-10T09:34:47.609+0000] {logging_mixin.py:154} INFO - [2026-06-10T09:34:47.609+0000] {dag.py:2941} INFO - Sync 2 DAGs
[2026-06-10T09:34:47.628+0000] {logging_mixin.py:154} INFO - [2026-06-10T09:34:47.628+0000] {dag.py:3722} INFO - Setting next_dagrun for example_subdag_operator.section-1 to None, run_after=None
[2026-06-10T09:34:47.631+0000] {logging_mixin.py:154} INFO - [2026-06-10T09:34:47.630+0000] {dag.py:3722} INFO - Setting next_dagrun for example_subdag_operator.section-2 to None, run_after=None
[2026-06-10T09:34:48.121+0000] {processor.py:179} INFO - Processing /home/airflow/.local/lib/python3.10/site-packages/airflow/example_dags/example_subdag_operator.py took 0.770 seconds
[2026-06-10T09:35:18.660+0000] {processor.py:157} INFO - Started process (PID=605) to work on /home/airflow/.local/lib/python3.10/site-packages/airflow/example_dags/example_subdag_operator.py
[2026-06-10T09:35:18.664+0000] {processor.py:829} INFO - Processing file /home/airflow/.local/lib/python3.10/site-packages/airflow/example_dags/example_subdag_operator.py for tasks to queue
[2026-06-10T09:35:18.667+0000] {logging_mixin.py:154} INFO - [2026-06-10T09:35:18.666+0000] {dagbag.py:536} INFO - Filling up the DagBag from /home/airflow/.local/lib/python3.10/site-packages/airflow/example_dags/example_subdag_operator.py
[2026-06-10T09:35:18.815+0000] {processor.py:839} INFO - DAG(s) dict_keys(['example_subdag_operator.section-1', 'example_subdag_operator.section-2', 'example_subdag_operator']) retrieved from /home/airflow/.local/lib/python3.10/site-packages/airflow/example_dags/example_subdag_operator.py
[2026-06-10T09:35:18.851+0000] {logging_mixin.py:154} INFO - [2026-06-10T09:35:18.851+0000] {dag.py:2941} INFO - Sync 3 DAGs
[2026-06-10T09:35:18.934+0000] {logging_mixin.py:154} INFO - [2026-06-10T09:35:18.934+0000] {dag.py:3722} INFO - Setting next_dagrun for example_subdag_operator to 2022-01-01T00:00:00+00:00, run_after=2022-01-01T00:00:00+00:00
[2026-06-10T09:35:18.949+0000] {logging_mixin.py:154} INFO - [2026-06-10T09:35:18.949+0000] {dag.py:3722} INFO - Setting next_dagrun for example_subdag_operator.section-1 to None, run_after=None
[2026-06-10T09:35:18.955+0000] {logging_mixin.py:154} INFO - [2026-06-10T09:35:18.955+0000] {dag.py:3722} INFO - Setting next_dagrun for example_subdag_operator.section-2 to None, run_after=None
[2026-06-10T09:35:18.973+0000] {logging_mixin.py:154} INFO - [2026-06-10T09:35:18.973+0000] {dag.py:2941} INFO - Sync 2 DAGs
[2026-06-10T09:35:18.987+0000] {logging_mixin.py:154} INFO - [2026-06-10T09:35:18.987+0000] {dag.py:3722} INFO - Setting next_dagrun for example_subdag_operator.section-1 to None, run_after=None
[2026-06-10T09:35:18.987+0000] {logging_mixin.py:154} INFO - [2026-06-10T09:35:18.987+0000] {dag.py:3722} INFO - Setting next_dagrun for example_subdag_operator.section-2 to None, run_after=None
[2026-06-10T09:35:19.021+0000] {processor.py:179} INFO - Processing /home/airflow/.local/lib/python3.10/site-packages/airflow/example_dags/example_subdag_operator.py took 0.377 seconds
[2026-06-10T09:38:02.443+0000] {processor.py:157} INFO - Started process (PID=44) to work on /home/airflow/.local/lib/python3.10/site-packages/airflow/example_dags/example_subdag_operator.py
[2026-06-10T09:38:02.457+0000] {processor.py:829} INFO - Processing file /home/airflow/.local/lib/python3.10/site-packages/airflow/example_dags/example_subdag_operator.py for tasks to queue
[2026-06-10T09:38:02.473+0000] {logging_mixin.py:154} INFO - [2026-06-10T09:38:02.472+0000] {dagbag.py:536} INFO - Filling up the DagBag from /home/airflow/.local/lib/python3.10/site-packages/airflow/example_dags/example_subdag_operator.py
[2026-06-10T09:38:02.654+0000] {processor.py:839} INFO - DAG(s) dict_keys(['example_subdag_operator.section-1', 'example_subdag_operator.section-2', 'example_subdag_operator']) retrieved from /home/airflow/.local/lib/python3.10/site-packages/airflow/example_dags/example_subdag_operator.py
[2026-06-10T09:38:02.912+0000] {logging_mixin.py:154} INFO - [2026-06-10T09:38:02.904+0000] {dag.py:2941} INFO - Sync 3 DAGs
[2026-06-10T09:38:03.078+0000] {logging_mixin.py:154} INFO - [2026-06-10T09:38:03.078+0000] {dag.py:3722} INFO - Setting next_dagrun for example_subdag_operator to 2022-01-01T00:00:00+00:00, run_after=2022-01-01T00:00:00+00:00
[2026-06-10T09:38:03.090+0000] {logging_mixin.py:154} INFO - [2026-06-10T09:38:03.090+0000] {dag.py:3722} INFO - Setting next_dagrun for example_subdag_operator.section-1 to None, run_after=None
[2026-06-10T09:38:03.095+0000] {logging_mixin.py:154} INFO - [2026-06-10T09:38:03.094+0000] {dag.py:3722} INFO - Setting next_dagrun for example_subdag_operator.section-2 to None, run_after=None
[2026-06-10T09:38:03.123+0000] {logging_mixin.py:154} INFO - [2026-06-10T09:38:03.120+0000] {dag.py:2941} INFO - Sync 2 DAGs
[2026-06-10T09:38:03.153+0000] {logging_mixin.py:154} INFO - [2026-06-10T09:38:03.152+0000] {dag.py:3722} INFO - Setting next_dagrun for example_subdag_operator.section-1 to None, run_after=None
[2026-06-10T09:38:03.154+0000] {logging_mixin.py:154} INFO - [2026-06-10T09:38:03.154+0000] {dag.py:3722} INFO - Setting next_dagrun for example_subdag_operator.section-2 to None, run_after=None
[2026-06-10T09:38:03.247+0000] {processor.py:179} INFO - Processing /home/airflow/.local/lib/python3.10/site-packages/airflow/example_dags/example_subdag_operator.py took 0.821 seconds
[2026-06-10T09:38:33.849+0000] {processor.py:157} INFO - Started process (PID=95) to work on /home/airflow/.local/lib/python3.10/site-packages/airflow/example_dags/example_subdag_operator.py
[2026-06-10T09:38:33.851+0000] {processor.py:829} INFO - Processing file /home/airflow/.local/lib/python3.10/site-packages/airflow/example_dags/example_subdag_operator.py for tasks to queue
[2026-06-10T09:38:33.853+0000] {logging_mixin.py:154} INFO - [2026-06-10T09:38:33.852+0000] {dagbag.py:536} INFO - Filling up the DagBag from /home/airflow/.local/lib/python3.10/site-packages/airflow/example_dags/example_subdag_operator.py
[2026-06-10T09:38:33.901+0000] {processor.py:839} INFO - DAG(s) dict_keys(['example_subdag_operator.section-1', 'example_subdag_operator.section-2', 'example_subdag_operator']) retrieved from /home/airflow/.local/lib/python3.10/site-packages/airflow/example_dags/example_subdag_operator.py
[2026-06-10T09:38:33.922+0000] {logging_mixin.py:154} INFO - [2026-06-10T09:38:33.922+0000] {dag.py:2941} INFO - Sync 3 DAGs
[2026-06-10T09:38:33.955+0000] {logging_mixin.py:154} INFO - [2026-06-10T09:38:33.954+0000] {dag.py:3722} INFO - Setting next_dagrun for example_subdag_operator to 2022-01-01T00:00:00+00:00, run_after=2022-01-01T00:00:00+00:00
[2026-06-10T09:38:33.959+0000] {logging_mixin.py:154} INFO - [2026-06-10T09:38:33.959+0000] {dag.py:3722} INFO - Setting next_dagrun for example_subdag_operator.section-1 to None, run_after=None
[2026-06-10T09:38:33.961+0000] {logging_mixin.py:154} INFO - [2026-06-10T09:38:33.961+0000] {dag.py:3722} INFO - Setting next_dagrun for example_subdag_operator.section-2 to None, run_after=None
[2026-06-10T09:38:33.970+0000] {logging_mixin.py:154} INFO - [2026-06-10T09:38:33.970+0000] {dag.py:2941} INFO - Sync 2 DAGs
[2026-06-10T09:38:33.975+0000] {logging_mixin.py:154} INFO - [2026-06-10T09:38:33.975+0000] {dag.py:3722} INFO - Setting next_dagrun for example_subdag_operator.section-1 to None, run_after=None
[2026-06-10T09:38:33.976+0000] {logging_mixin.py:154} INFO - [2026-06-10T09:38:33.976+0000] {dag.py:3722} INFO - Setting next_dagrun for example_subdag_operator.section-2 to None, run_after=None
[2026-06-10T09:38:33.994+0000] {processor.py:179} INFO - Processing /home/airflow/.local/lib/python3.10/site-packages/airflow/example_dags/example_subdag_operator.py took 0.149 seconds
[2026-06-10T09:39:04.141+0000] {processor.py:157} INFO - Started process (PID=146) to work on /home/airflow/.local/lib/python3.10/site-packages/airflow/example_dags/example_subdag_operator.py
[2026-06-10T09:39:04.142+0000] {processor.py:829} INFO - Processing file /home/airflow/.local/lib/python3.10/site-packages/airflow/example_dags/example_subdag_operator.py for tasks to queue
[2026-06-10T09:39:04.145+0000] {logging_mixin.py:154} INFO - [2026-06-10T09:39:04.145+0000] {dagbag.py:536} INFO - Filling up the DagBag from /home/airflow/.local/lib/python3.10/site-packages/airflow/example_dags/example_subdag_operator.py
[2026-06-10T09:39:04.176+0000] {processor.py:839} INFO - DAG(s) dict_keys(['example_subdag_operator.section-1', 'example_subdag_operator.section-2', 'example_subdag_operator']) retrieved from /home/airflow/.local/lib/python3.10/site-packages/airflow/example_dags/example_subdag_operator.py
[2026-06-10T09:39:04.197+0000] {logging_mixin.py:154} INFO - [2026-06-10T09:39:04.197+0000] {dag.py:2941} INFO - Sync 3 DAGs
[2026-06-10T09:39:04.230+0000] {logging_mixin.py:154} INFO - [2026-06-10T09:39:04.230+0000] {dag.py:3722} INFO - Setting next_dagrun for example_subdag_operator to 2022-01-01T00:00:00+00:00, run_after=2022-01-01T00:00:00+00:00
[2026-06-10T09:39:04.235+0000] {logging_mixin.py:154} INFO - [2026-06-10T09:39:04.234+0000] {dag.py:3722} INFO - Setting next_dagrun for example_subdag_operator.section-1 to None, run_after=None
[2026-06-10T09:39:04.236+0000] {logging_mixin.py:154} INFO - [2026-06-10T09:39:04.236+0000] {dag.py:3722} INFO - Setting next_dagrun for example_subdag_operator.section-2 to None, run_after=None
[2026-06-10T09:39:04.245+0000] {logging_mixin.py:154} INFO - [2026-06-10T09:39:04.245+0000] {dag.py:2941} INFO - Sync 2 DAGs
[2026-06-10T09:39:04.252+0000] {logging_mixin.py:154} INFO - [2026-06-10T09:39:04.252+0000] {dag.py:3722} INFO - Setting next_dagrun for example_subdag_operator.section-1 to None, run_after=None
[2026-06-10T09:39:04.252+0000] {logging_mixin.py:154} INFO - [2026-06-10T09:39:04.252+0000] {dag.py:3722} INFO - Setting next_dagrun for example_subdag_operator.section-2 to None, run_after=None
[2026-06-10T09:39:04.275+0000] {processor.py:179} INFO - Processing /home/airflow/.local/lib/python3.10/site-packages/airflow/example_dags/example_subdag_operator.py took 0.142 seconds
[2026-06-10T09:39:37.590+0000] {processor.py:157} INFO - Started process (PID=197) to work on /home/airflow/.local/lib/python3.10/site-packages/airflow/example_dags/example_subdag_operator.py
[2026-06-10T09:39:37.594+0000] {processor.py:829} INFO - Processing file /home/airflow/.local/lib/python3.10/site-packages/airflow/example_dags/example_subdag_operator.py for tasks to queue
[2026-06-10T09:39:37.597+0000] {logging_mixin.py:154} INFO - [2026-06-10T09:39:37.596+0000] {dagbag.py:536} INFO - Filling up the DagBag from /home/airflow/.local/lib/python3.10/site-packages/airflow/example_dags/example_subdag_operator.py
[2026-06-10T09:39:37.631+0000] {processor.py:839} INFO - DAG(s) dict_keys(['example_subdag_operator.section-1', 'example_subdag_operator.section-2', 'example_subdag_operator']) retrieved from /home/airflow/.local/lib/python3.10/site-packages/airflow/example_dags/example_subdag_operator.py
[2026-06-10T09:39:37.653+0000] {logging_mixin.py:154} INFO - [2026-06-10T09:39:37.653+0000] {dag.py:2941} INFO - Sync 3 DAGs
[2026-06-10T09:39:37.683+0000] {logging_mixin.py:154} INFO - [2026-06-10T09:39:37.683+0000] {dag.py:3722} INFO - Setting next_dagrun for example_subdag_operator to 2022-01-01T00:00:00+00:00, run_after=2022-01-01T00:00:00+00:00
[2026-06-10T09:39:37.687+0000] {logging_mixin.py:154} INFO - [2026-06-10T09:39:37.687+0000] {dag.py:3722} INFO - Setting next_dagrun for example_subdag_operator.section-1 to None, run_after=None
[2026-06-10T09:39:37.688+0000] {logging_mixin.py:154} INFO - [2026-06-10T09:39:37.688+0000] {dag.py:3722} INFO - Setting next_dagrun for example_subdag_operator.section-2 to None, run_after=None
[2026-06-10T09:39:37.697+0000] {logging_mixin.py:154} INFO - [2026-06-10T09:39:37.697+0000] {dag.py:2941} INFO - Sync 2 DAGs
[2026-06-10T09:39:37.704+0000] {logging_mixin.py:154} INFO - [2026-06-10T09:39:37.704+0000] {dag.py:3722} INFO - Setting next_dagrun for example_subdag_operator.section-1 to None, run_after=None
[2026-06-10T09:39:37.704+0000] {logging_mixin.py:154} INFO - [2026-06-10T09:39:37.704+0000] {dag.py:3722} INFO - Setting next_dagrun for example_subdag_operator.section-2 to None, run_after=None
[2026-06-10T09:39:37.718+0000] {processor.py:179} INFO - Processing /home/airflow/.local/lib/python3.10/site-packages/airflow/example_dags/example_subdag_operator.py took 0.132 seconds
[2026-06-10T09:55:49.269+0000] {processor.py:157} INFO - Started process (PID=250) to work on /home/airflow/.local/lib/python3.10/site-packages/airflow/example_dags/example_subdag_operator.py
[2026-06-10T09:55:49.282+0000] {processor.py:829} INFO - Processing file /home/airflow/.local/lib/python3.10/site-packages/airflow/example_dags/example_subdag_operator.py for tasks to queue
[2026-06-10T09:55:49.287+0000] {logging_mixin.py:154} INFO - [2026-06-10T09:55:49.285+0000] {dagbag.py:536} INFO - Filling up the DagBag from /home/airflow/.local/lib/python3.10/site-packages/airflow/example_dags/example_subdag_operator.py
[2026-06-10T09:55:49.563+0000] {processor.py:839} INFO - DAG(s) dict_keys(['example_subdag_operator.section-1', 'example_subdag_operator.section-2', 'example_subdag_operator']) retrieved from /home/airflow/.local/lib/python3.10/site-packages/airflow/example_dags/example_subdag_operator.py
[2026-06-10T09:55:49.781+0000] {logging_mixin.py:154} INFO - [2026-06-10T09:55:49.769+0000] {dag.py:2941} INFO - Sync 3 DAGs
[2026-06-10T09:55:50.025+0000] {logging_mixin.py:154} INFO - [2026-06-10T09:55:50.025+0000] {dag.py:3722} INFO - Setting next_dagrun for example_subdag_operator to 2022-01-01T00:00:00+00:00, run_after=2022-01-01T00:00:00+00:00
[2026-06-10T09:55:50.058+0000] {logging_mixin.py:154} INFO - [2026-06-10T09:55:50.058+0000] {dag.py:3722} INFO - Setting next_dagrun for example_subdag_operator.section-1 to None, run_after=None
[2026-06-10T09:55:50.116+0000] {logging_mixin.py:154} INFO - [2026-06-10T09:55:50.098+0000] {dag.py:3722} INFO - Setting next_dagrun for example_subdag_operator.section-2 to None, run_after=None
[2026-06-10T09:55:50.194+0000] {logging_mixin.py:154} INFO - [2026-06-10T09:55:50.193+0000] {dag.py:2941} INFO - Sync 2 DAGs
[2026-06-10T09:55:50.278+0000] {logging_mixin.py:154} INFO - [2026-06-10T09:55:50.278+0000] {dag.py:3722} INFO - Setting next_dagrun for example_subdag_operator.section-1 to None, run_after=None
[2026-06-10T09:55:50.279+0000] {logging_mixin.py:154} INFO - [2026-06-10T09:55:50.279+0000] {dag.py:3722} INFO - Setting next_dagrun for example_subdag_operator.section-2 to None, run_after=None
[2026-06-10T09:55:50.335+0000] {processor.py:179} INFO - Processing /home/airflow/.local/lib/python3.10/site-packages/airflow/example_dags/example_subdag_operator.py took 1.091 seconds
[2026-06-10T09:56:20.678+0000] {processor.py:157} INFO - Started process (PID=301) to work on /home/airflow/.local/lib/python3.10/site-packages/airflow/example_dags/example_subdag_operator.py
[2026-06-10T09:56:20.690+0000] {processor.py:829} INFO - Processing file /home/airflow/.local/lib/python3.10/site-packages/airflow/example_dags/example_subdag_operator.py for tasks to queue
[2026-06-10T09:56:20.692+0000] {logging_mixin.py:154} INFO - [2026-06-10T09:56:20.691+0000] {dagbag.py:536} INFO - Filling up the DagBag from /home/airflow/.local/lib/python3.10/site-packages/airflow/example_dags/example_subdag_operator.py
[2026-06-10T09:56:20.814+0000] {processor.py:839} INFO - DAG(s) dict_keys(['example_subdag_operator.section-1', 'example_subdag_operator.section-2', 'example_subdag_operator']) retrieved from /home/airflow/.local/lib/python3.10/site-packages/airflow/example_dags/example_subdag_operator.py
[2026-06-10T09:56:20.866+0000] {logging_mixin.py:154} INFO - [2026-06-10T09:56:20.866+0000] {dag.py:2941} INFO - Sync 3 DAGs
[2026-06-10T09:56:21.211+0000] {logging_mixin.py:154} INFO - [2026-06-10T09:56:21.210+0000] {dag.py:3722} INFO - Setting next_dagrun for example_subdag_operator to 2022-01-01T00:00:00+00:00, run_after=2022-01-01T00:00:00+00:00
[2026-06-10T09:56:21.269+0000] {logging_mixin.py:154} INFO - [2026-06-10T09:56:21.269+0000] {dag.py:3722} INFO - Setting next_dagrun for example_subdag_operator.section-1 to None, run_after=None
[2026-06-10T09:56:21.281+0000] {logging_mixin.py:154} INFO - [2026-06-10T09:56:21.280+0000] {dag.py:3722} INFO - Setting next_dagrun for example_subdag_operator.section-2 to None, run_after=None
[2026-06-10T09:56:21.355+0000] {logging_mixin.py:154} INFO - [2026-06-10T09:56:21.355+0000] {dag.py:2941} INFO - Sync 2 DAGs
[2026-06-10T09:56:21.390+0000] {logging_mixin.py:154} INFO - [2026-06-10T09:56:21.389+0000] {dag.py:3722} INFO - Setting next_dagrun for example_subdag_operator.section-1 to None, run_after=None
[2026-06-10T09:56:21.391+0000] {logging_mixin.py:154} INFO - [2026-06-10T09:56:21.390+0000] {dag.py:3722} INFO - Setting next_dagrun for example_subdag_operator.section-2 to None, run_after=None
[2026-06-10T09:56:21.435+0000] {processor.py:179} INFO - Processing /home/airflow/.local/lib/python3.10/site-packages/airflow/example_dags/example_subdag_operator.py took 0.778 seconds
[2026-06-10T09:56:52.164+0000] {processor.py:157} INFO - Started process (PID=351) to work on /home/airflow/.local/lib/python3.10/site-packages/airflow/example_dags/example_subdag_operator.py
[2026-06-10T09:56:52.166+0000] {processor.py:829} INFO - Processing file /home/airflow/.local/lib/python3.10/site-packages/airflow/example_dags/example_subdag_operator.py for tasks to queue
[2026-06-10T09:56:52.168+0000] {logging_mixin.py:154} INFO - [2026-06-10T09:56:52.168+0000] {dagbag.py:536} INFO - Filling up the DagBag from /home/airflow/.local/lib/python3.10/site-packages/airflow/example_dags/example_subdag_operator.py
[2026-06-10T09:56:52.287+0000] {processor.py:839} INFO - DAG(s) dict_keys(['example_subdag_operator.section-1', 'example_subdag_operator.section-2', 'example_subdag_operator']) retrieved from /home/airflow/.local/lib/python3.10/site-packages/airflow/example_dags/example_subdag_operator.py
[2026-06-10T09:56:52.392+0000] {logging_mixin.py:154} INFO - [2026-06-10T09:56:52.391+0000] {dag.py:2941} INFO - Sync 3 DAGs
[2026-06-10T09:56:52.461+0000] {logging_mixin.py:154} INFO - [2026-06-10T09:56:52.460+0000] {dag.py:3722} INFO - Setting next_dagrun for example_subdag_operator to 2022-01-01T00:00:00+00:00, run_after=2022-01-01T00:00:00+00:00
[2026-06-10T09:56:52.464+0000] {logging_mixin.py:154} INFO - [2026-06-10T09:56:52.464+0000] {dag.py:3722} INFO - Setting next_dagrun for example_subdag_operator.section-1 to None, run_after=None
[2026-06-10T09:56:52.466+0000] {logging_mixin.py:154} INFO - [2026-06-10T09:56:52.465+0000] {dag.py:3722} INFO - Setting next_dagrun for example_subdag_operator.section-2 to None, run_after=None
[2026-06-10T09:56:52.473+0000] {logging_mixin.py:154} INFO - [2026-06-10T09:56:52.473+0000] {dag.py:2941} INFO - Sync 2 DAGs
[2026-06-10T09:56:52.479+0000] {logging_mixin.py:154} INFO - [2026-06-10T09:56:52.479+0000] {dag.py:3722} INFO - Setting next_dagrun for example_subdag_operator.section-1 to None, run_after=None
[2026-06-10T09:56:52.479+0000] {logging_mixin.py:154} INFO - [2026-06-10T09:56:52.479+0000] {dag.py:3722} INFO - Setting next_dagrun for example_subdag_operator.section-2 to None, run_after=None
[2026-06-10T09:56:52.512+0000] {processor.py:179} INFO - Processing /home/airflow/.local/lib/python3.10/site-packages/airflow/example_dags/example_subdag_operator.py took 0.362 seconds
[2026-06-10T10:00:13.602+0000] {processor.py:157} INFO - Started process (PID=374) to work on /home/airflow/.local/lib/python3.10/site-packages/airflow/example_dags/example_subdag_operator.py
[2026-06-10T10:00:13.604+0000] {processor.py:829} INFO - Processing file /home/airflow/.local/lib/python3.10/site-packages/airflow/example_dags/example_subdag_operator.py for tasks to queue
[2026-06-10T10:00:13.605+0000] {logging_mixin.py:154} INFO - [2026-06-10T10:00:13.605+0000] {dagbag.py:536} INFO - Filling up the DagBag from /home/airflow/.local/lib/python3.10/site-packages/airflow/example_dags/example_subdag_operator.py
[2026-06-10T10:00:13.667+0000] {processor.py:839} INFO - DAG(s) dict_keys(['example_subdag_operator.section-1', 'example_subdag_operator.section-2', 'example_subdag_operator']) retrieved from /home/airflow/.local/lib/python3.10/site-packages/airflow/example_dags/example_subdag_operator.py
[2026-06-10T10:00:13.734+0000] {logging_mixin.py:154} INFO - [2026-06-10T10:00:13.734+0000] {dag.py:2941} INFO - Sync 3 DAGs
[2026-06-10T10:00:13.797+0000] {logging_mixin.py:154} INFO - [2026-06-10T10:00:13.797+0000] {dag.py:3722} INFO - Setting next_dagrun for example_subdag_operator to 2022-01-01T00:00:00+00:00, run_after=2022-01-01T00:00:00+00:00
[2026-06-10T10:00:13.820+0000] {logging_mixin.py:154} INFO - [2026-06-10T10:00:13.818+0000] {dag.py:3722} INFO - Setting next_dagrun for example_subdag_operator.section-1 to None, run_after=None
[2026-06-10T10:00:13.822+0000] {logging_mixin.py:154} INFO - [2026-06-10T10:00:13.822+0000] {dag.py:3722} INFO - Setting next_dagrun for example_subdag_operator.section-2 to None, run_after=None
[2026-06-10T10:00:13.846+0000] {logging_mixin.py:154} INFO - [2026-06-10T10:00:13.846+0000] {dag.py:2941} INFO - Sync 2 DAGs
[2026-06-10T10:00:13.871+0000] {logging_mixin.py:154} INFO - [2026-06-10T10:00:13.871+0000] {dag.py:3722} INFO - Setting next_dagrun for example_subdag_operator.section-1 to None, run_after=None
[2026-06-10T10:00:13.877+0000] {logging_mixin.py:154} INFO - [2026-06-10T10:00:13.876+0000] {dag.py:3722} INFO - Setting next_dagrun for example_subdag_operator.section-2 to None, run_after=None
[2026-06-10T10:00:13.925+0000] {processor.py:179} INFO - Processing /home/airflow/.local/lib/python3.10/site-packages/airflow/example_dags/example_subdag_operator.py took 0.345 seconds
[2026-06-10T10:09:19.737+0000] {processor.py:157} INFO - Started process (PID=438) to work on /home/airflow/.local/lib/python3.10/site-packages/airflow/example_dags/example_subdag_operator.py
[2026-06-10T10:09:19.763+0000] {processor.py:829} INFO - Processing file /home/airflow/.local/lib/python3.10/site-packages/airflow/example_dags/example_subdag_operator.py for tasks to queue
[2026-06-10T10:09:19.764+0000] {logging_mixin.py:154} INFO - [2026-06-10T10:09:19.763+0000] {dagbag.py:536} INFO - Filling up the DagBag from /home/airflow/.local/lib/python3.10/site-packages/airflow/example_dags/example_subdag_operator.py
[2026-06-10T10:09:19.837+0000] {processor.py:839} INFO - DAG(s) dict_keys(['example_subdag_operator.section-1', 'example_subdag_operator.section-2', 'example_subdag_operator']) retrieved from /home/airflow/.local/lib/python3.10/site-packages/airflow/example_dags/example_subdag_operator.py
[2026-06-10T10:09:19.885+0000] {logging_mixin.py:154} INFO - [2026-06-10T10:09:19.885+0000] {dag.py:2941} INFO - Sync 3 DAGs
[2026-06-10T10:09:19.966+0000] {logging_mixin.py:154} INFO - [2026-06-10T10:09:19.966+0000] {dag.py:3722} INFO - Setting next_dagrun for example_subdag_operator to 2022-01-01T00:00:00+00:00, run_after=2022-01-01T00:00:00+00:00
[2026-06-10T10:09:19.972+0000] {logging_mixin.py:154} INFO - [2026-06-10T10:09:19.972+0000] {dag.py:3722} INFO - Setting next_dagrun for example_subdag_operator.section-1 to None, run_after=None
[2026-06-10T10:09:19.974+0000] {logging_mixin.py:154} INFO - [2026-06-10T10:09:19.974+0000] {dag.py:3722} INFO - Setting next_dagrun for example_subdag_operator.section-2 to None, run_after=None
[2026-06-10T10:09:19.983+0000] {logging_mixin.py:154} INFO - [2026-06-10T10:09:19.983+0000] {dag.py:2941} INFO - Sync 2 DAGs
[2026-06-10T10:09:19.989+0000] {logging_mixin.py:154} INFO - [2026-06-10T10:09:19.989+0000] {dag.py:3722} INFO - Setting next_dagrun for example_subdag_operator.section-1 to None, run_after=None
[2026-06-10T10:09:19.990+0000] {logging_mixin.py:154} INFO - [2026-06-10T10:09:19.990+0000] {dag.py:3722} INFO - Setting next_dagrun for example_subdag_operator.section-2 to None, run_after=None
[2026-06-10T10:09:20.032+0000] {processor.py:179} INFO - Processing /home/airflow/.local/lib/python3.10/site-packages/airflow/example_dags/example_subdag_operator.py took 0.304 seconds
[2026-06-10T10:35:32.811+0000] {processor.py:157} INFO - Started process (PID=489) to work on /home/airflow/.local/lib/python3.10/site-packages/airflow/example_dags/example_subdag_operator.py
[2026-06-10T10:35:32.833+0000] {processor.py:829} INFO - Processing file /home/airflow/.local/lib/python3.10/site-packages/airflow/example_dags/example_subdag_operator.py for tasks to queue
[2026-06-10T10:35:32.834+0000] {logging_mixin.py:154} INFO - [2026-06-10T10:35:32.834+0000] {dagbag.py:536} INFO - Filling up the DagBag from /home/airflow/.local/lib/python3.10/site-packages/airflow/example_dags/example_subdag_operator.py
[2026-06-10T10:35:33.042+0000] {processor.py:839} INFO - DAG(s) dict_keys(['example_subdag_operator.section-1', 'example_subdag_operator.section-2', 'example_subdag_operator']) retrieved from /home/airflow/.local/lib/python3.10/site-packages/airflow/example_dags/example_subdag_operator.py
[2026-06-10T10:35:33.292+0000] {logging_mixin.py:154} INFO - [2026-06-10T10:35:33.292+0000] {dag.py:2941} INFO - Sync 3 DAGs
[2026-06-10T10:35:33.447+0000] {logging_mixin.py:154} INFO - [2026-06-10T10:35:33.446+0000] {dag.py:3722} INFO - Setting next_dagrun for example_subdag_operator to 2022-01-01T00:00:00+00:00, run_after=2022-01-01T00:00:00+00:00
[2026-06-10T10:35:33.488+0000] {logging_mixin.py:154} INFO - [2026-06-10T10:35:33.476+0000] {dag.py:3722} INFO - Setting next_dagrun for example_subdag_operator.section-1 to None, run_after=None
[2026-06-10T10:35:33.493+0000] {logging_mixin.py:154} INFO - [2026-06-10T10:35:33.492+0000] {dag.py:3722} INFO - Setting next_dagrun for example_subdag_operator.section-2 to None, run_after=None
[2026-06-10T10:35:33.549+0000] {logging_mixin.py:154} INFO - [2026-06-10T10:35:33.549+0000] {dag.py:2941} INFO - Sync 2 DAGs
[2026-06-10T10:35:33.595+0000] {logging_mixin.py:154} INFO - [2026-06-10T10:35:33.595+0000] {dag.py:3722} INFO - Setting next_dagrun for example_subdag_operator.section-1 to None, run_after=None
[2026-06-10T10:35:33.596+0000] {logging_mixin.py:154} INFO - [2026-06-10T10:35:33.596+0000] {dag.py:3722} INFO - Setting next_dagrun for example_subdag_operator.section-2 to None, run_after=None
[2026-06-10T10:35:33.681+0000] {processor.py:179} INFO - Processing /home/airflow/.local/lib/python3.10/site-packages/airflow/example_dags/example_subdag_operator.py took 0.888 seconds
[2026-06-10T10:36:03.853+0000] {processor.py:157} INFO - Started process (PID=540) to work on /home/airflow/.local/lib/python3.10/site-packages/airflow/example_dags/example_subdag_operator.py
[2026-06-10T10:36:03.855+0000] {processor.py:829} INFO - Processing file /home/airflow/.local/lib/python3.10/site-packages/airflow/example_dags/example_subdag_operator.py for tasks to queue
[2026-06-10T10:36:03.856+0000] {logging_mixin.py:154} INFO - [2026-06-10T10:36:03.856+0000] {dagbag.py:536} INFO - Filling up the DagBag from /home/airflow/.local/lib/python3.10/site-packages/airflow/example_dags/example_subdag_operator.py
[2026-06-10T10:36:03.882+0000] {processor.py:839} INFO - DAG(s) dict_keys(['example_subdag_operator.section-1', 'example_subdag_operator.section-2', 'example_subdag_operator']) retrieved from /home/airflow/.local/lib/python3.10/site-packages/airflow/example_dags/example_subdag_operator.py
[2026-06-10T10:36:03.898+0000] {logging_mixin.py:154} INFO - [2026-06-10T10:36:03.898+0000] {dag.py:2941} INFO - Sync 3 DAGs
[2026-06-10T10:36:03.919+0000] {logging_mixin.py:154} INFO - [2026-06-10T10:36:03.919+0000] {dag.py:3722} INFO - Setting next_dagrun for example_subdag_operator to 2022-01-01T00:00:00+00:00, run_after=2022-01-01T00:00:00+00:00
[2026-06-10T10:36:03.923+0000] {logging_mixin.py:154} INFO - [2026-06-10T10:36:03.923+0000] {dag.py:3722} INFO - Setting next_dagrun for example_subdag_operator.section-1 to None, run_after=None
[2026-06-10T10:36:03.924+0000] {logging_mixin.py:154} INFO - [2026-06-10T10:36:03.924+0000] {dag.py:3722} INFO - Setting next_dagrun for example_subdag_operator.section-2 to None, run_after=None
[2026-06-10T10:36:03.931+0000] {logging_mixin.py:154} INFO - [2026-06-10T10:36:03.931+0000] {dag.py:2941} INFO - Sync 2 DAGs
[2026-06-10T10:36:03.937+0000] {logging_mixin.py:154} INFO - [2026-06-10T10:36:03.937+0000] {dag.py:3722} INFO - Setting next_dagrun for example_subdag_operator.section-1 to None, run_after=None
[2026-06-10T10:36:03.938+0000] {logging_mixin.py:154} INFO - [2026-06-10T10:36:03.938+0000] {dag.py:3722} INFO - Setting next_dagrun for example_subdag_operator.section-2 to None, run_after=None
[2026-06-10T10:36:03.950+0000] {processor.py:179} INFO - Processing /home/airflow/.local/lib/python3.10/site-packages/airflow/example_dags/example_subdag_operator.py took 0.100 seconds
[2026-06-10T10:36:34.127+0000] {processor.py:157} INFO - Started process (PID=591) to work on /home/airflow/.local/lib/python3.10/site-packages/airflow/example_dags/example_subdag_operator.py
[2026-06-10T10:36:34.129+0000] {processor.py:829} INFO - Processing file /home/airflow/.local/lib/python3.10/site-packages/airflow/example_dags/example_subdag_operator.py for tasks to queue
[2026-06-10T10:36:34.130+0000] {logging_mixin.py:154} INFO - [2026-06-10T10:36:34.129+0000] {dagbag.py:536} INFO - Filling up the DagBag from /home/airflow/.local/lib/python3.10/site-packages/airflow/example_dags/example_subdag_operator.py
[2026-06-10T10:36:34.162+0000] {processor.py:839} INFO - DAG(s) dict_keys(['example_subdag_operator.section-1', 'example_subdag_operator.section-2', 'example_subdag_operator']) retrieved from /home/airflow/.local/lib/python3.10/site-packages/airflow/example_dags/example_subdag_operator.py
[2026-06-10T10:36:34.184+0000] {logging_mixin.py:154} INFO - [2026-06-10T10:36:34.184+0000] {dag.py:2941} INFO - Sync 3 DAGs
[2026-06-10T10:36:34.215+0000] {logging_mixin.py:154} INFO - [2026-06-10T10:36:34.215+0000] {dag.py:3722} INFO - Setting next_dagrun for example_subdag_operator to 2022-01-01T00:00:00+00:00, run_after=2022-01-01T00:00:00+00:00
[2026-06-10T10:36:34.220+0000] {logging_mixin.py:154} INFO - [2026-06-10T10:36:34.220+0000] {dag.py:3722} INFO - Setting next_dagrun for example_subdag_operator.section-1 to None, run_after=None
[2026-06-10T10:36:34.222+0000] {logging_mixin.py:154} INFO - [2026-06-10T10:36:34.221+0000] {dag.py:3722} INFO - Setting next_dagrun for example_subdag_operator.section-2 to None, run_after=None
[2026-06-10T10:36:34.231+0000] {logging_mixin.py:154} INFO - [2026-06-10T10:36:34.230+0000] {dag.py:2941} INFO - Sync 2 DAGs
[2026-06-10T10:36:34.243+0000] {logging_mixin.py:154} INFO - [2026-06-10T10:36:34.243+0000] {dag.py:3722} INFO - Setting next_dagrun for example_subdag_operator.section-1 to None, run_after=None
[2026-06-10T10:36:34.244+0000] {logging_mixin.py:154} INFO - [2026-06-10T10:36:34.243+0000] {dag.py:3722} INFO - Setting next_dagrun for example_subdag_operator.section-2 to None, run_after=None
[2026-06-10T10:36:34.263+0000] {processor.py:179} INFO - Processing /home/airflow/.local/lib/python3.10/site-packages/airflow/example_dags/example_subdag_operator.py took 0.139 seconds
[2026-06-10T10:37:05.067+0000] {processor.py:157} INFO - Started process (PID=642) to work on /home/airflow/.local/lib/python3.10/site-packages/airflow/example_dags/example_subdag_operator.py
[2026-06-10T10:37:05.068+0000] {processor.py:829} INFO - Processing file /home/airflow/.local/lib/python3.10/site-packages/airflow/example_dags/example_subdag_operator.py for tasks to queue
[2026-06-10T10:37:05.069+0000] {logging_mixin.py:154} INFO - [2026-06-10T10:37:05.068+0000] {dagbag.py:536} INFO - Filling up the DagBag from /home/airflow/.local/lib/python3.10/site-packages/airflow/example_dags/example_subdag_operator.py
[2026-06-10T10:37:05.093+0000] {processor.py:839} INFO - DAG(s) dict_keys(['example_subdag_operator.section-1', 'example_subdag_operator.section-2', 'example_subdag_operator']) retrieved from /home/airflow/.local/lib/python3.10/site-packages/airflow/example_dags/example_subdag_operator.py
[2026-06-10T10:37:05.110+0000] {logging_mixin.py:154} INFO - [2026-06-10T10:37:05.109+0000] {dag.py:2941} INFO - Sync 3 DAGs
[2026-06-10T10:37:05.132+0000] {logging_mixin.py:154} INFO - [2026-06-10T10:37:05.131+0000] {dag.py:3722} INFO - Setting next_dagrun for example_subdag_operator to 2022-01-01T00:00:00+00:00, run_after=2022-01-01T00:00:00+00:00
[2026-06-10T10:37:05.135+0000] {logging_mixin.py:154} INFO - [2026-06-10T10:37:05.135+0000] {dag.py:3722} INFO - Setting next_dagrun for example_subdag_operator.section-1 to None, run_after=None
[2026-06-10T10:37:05.136+0000] {logging_mixin.py:154} INFO - [2026-06-10T10:37:05.136+0000] {dag.py:3722} INFO - Setting next_dagrun for example_subdag_operator.section-2 to None, run_after=None
[2026-06-10T10:37:05.143+0000] {logging_mixin.py:154} INFO - [2026-06-10T10:37:05.143+0000] {dag.py:2941} INFO - Sync 2 DAGs
[2026-06-10T10:37:05.148+0000] {logging_mixin.py:154} INFO - [2026-06-10T10:37:05.148+0000] {dag.py:3722} INFO - Setting next_dagrun for example_subdag_operator.section-1 to None, run_after=None
[2026-06-10T10:37:05.149+0000] {logging_mixin.py:154} INFO - [2026-06-10T10:37:05.149+0000] {dag.py:3722} INFO - Setting next_dagrun for example_subdag_operator.section-2 to None, run_after=None
[2026-06-10T10:37:05.163+0000] {processor.py:179} INFO - Processing /home/airflow/.local/lib/python3.10/site-packages/airflow/example_dags/example_subdag_operator.py took 0.099 seconds
[2026-06-10T10:37:38.322+0000] {processor.py:157} INFO - Started process (PID=693) to work on /home/airflow/.local/lib/python3.10/site-packages/airflow/example_dags/example_subdag_operator.py
[2026-06-10T10:37:38.334+0000] {processor.py:829} INFO - Processing file /home/airflow/.local/lib/python3.10/site-packages/airflow/example_dags/example_subdag_operator.py for tasks to queue
[2026-06-10T10:37:38.335+0000] {logging_mixin.py:154} INFO - [2026-06-10T10:37:38.335+0000] {dagbag.py:536} INFO - Filling up the DagBag from /home/airflow/.local/lib/python3.10/site-packages/airflow/example_dags/example_subdag_operator.py
[2026-06-10T10:37:38.446+0000] {processor.py:839} INFO - DAG(s) dict_keys(['example_subdag_operator.section-1', 'example_subdag_operator.section-2', 'example_subdag_operator']) retrieved from /home/airflow/.local/lib/python3.10/site-packages/airflow/example_dags/example_subdag_operator.py
[2026-06-10T10:37:38.578+0000] {logging_mixin.py:154} INFO - [2026-06-10T10:37:38.578+0000] {dag.py:2941} INFO - Sync 3 DAGs
[2026-06-10T10:37:38.737+0000] {logging_mixin.py:154} INFO - [2026-06-10T10:37:38.736+0000] {dag.py:3722} INFO - Setting next_dagrun for example_subdag_operator to 2022-01-01T00:00:00+00:00, run_after=2022-01-01T00:00:00+00:00
[2026-06-10T10:37:39.588+0000] {logging_mixin.py:154} INFO - [2026-06-10T10:37:39.579+0000] {dag.py:3722} INFO - Setting next_dagrun for example_subdag_operator.section-1 to None, run_after=None
[2026-06-10T10:37:39.590+0000] {logging_mixin.py:154} INFO - [2026-06-10T10:37:39.590+0000] {dag.py:3722} INFO - Setting next_dagrun for example_subdag_operator.section-2 to None, run_after=None
[2026-06-10T10:37:39.622+0000] {logging_mixin.py:154} INFO - [2026-06-10T10:37:39.621+0000] {dag.py:2941} INFO - Sync 2 DAGs
[2026-06-10T10:37:39.638+0000] {logging_mixin.py:154} INFO - [2026-06-10T10:37:39.638+0000] {dag.py:3722} INFO - Setting next_dagrun for example_subdag_operator.section-1 to None, run_after=None
[2026-06-10T10:37:39.639+0000] {logging_mixin.py:154} INFO - [2026-06-10T10:37:39.639+0000] {dag.py:3722} INFO - Setting next_dagrun for example_subdag_operator.section-2 to None, run_after=None
[2026-06-10T10:37:39.672+0000] {processor.py:179} INFO - Processing /home/airflow/.local/lib/python3.10/site-packages/airflow/example_dags/example_subdag_operator.py took 1.354 seconds
[2026-06-10T10:38:10.243+0000] {processor.py:157} INFO - Started process (PID=744) to work on /home/airflow/.local/lib/python3.10/site-packages/airflow/example_dags/example_subdag_operator.py
[2026-06-10T10:38:10.244+0000] {processor.py:829} INFO - Processing file /home/airflow/.local/lib/python3.10/site-packages/airflow/example_dags/example_subdag_operator.py for tasks to queue
[2026-06-10T10:38:10.245+0000] {logging_mixin.py:154} INFO - [2026-06-10T10:38:10.245+0000] {dagbag.py:536} INFO - Filling up the DagBag from /home/airflow/.local/lib/python3.10/site-packages/airflow/example_dags/example_subdag_operator.py
[2026-06-10T10:38:10.278+0000] {processor.py:839} INFO - DAG(s) dict_keys(['example_subdag_operator.section-1', 'example_subdag_operator.section-2', 'example_subdag_operator']) retrieved from /home/airflow/.local/lib/python3.10/site-packages/airflow/example_dags/example_subdag_operator.py
[2026-06-10T10:38:10.301+0000] {logging_mixin.py:154} INFO - [2026-06-10T10:38:10.301+0000] {dag.py:2941} INFO - Sync 3 DAGs
[2026-06-10T10:38:10.339+0000] {logging_mixin.py:154} INFO - [2026-06-10T10:38:10.339+0000] {dag.py:3722} INFO - Setting next_dagrun for example_subdag_operator to 2022-01-01T00:00:00+00:00, run_after=2022-01-01T00:00:00+00:00
[2026-06-10T10:38:10.374+0000] {logging_mixin.py:154} INFO - [2026-06-10T10:38:10.373+0000] {dag.py:3722} INFO - Setting next_dagrun for example_subdag_operator.section-1 to None, run_after=None
[2026-06-10T10:38:10.379+0000] {logging_mixin.py:154} INFO - [2026-06-10T10:38:10.378+0000] {dag.py:3722} INFO - Setting next_dagrun for example_subdag_operator.section-2 to None, run_after=None
[2026-06-10T10:38:10.389+0000] {logging_mixin.py:154} INFO - [2026-06-10T10:38:10.389+0000] {dag.py:2941} INFO - Sync 2 DAGs
[2026-06-10T10:38:10.398+0000] {logging_mixin.py:154} INFO - [2026-06-10T10:38:10.398+0000] {dag.py:3722} INFO - Setting next_dagrun for example_subdag_operator.section-1 to None, run_after=None
[2026-06-10T10:38:10.399+0000] {logging_mixin.py:154} INFO - [2026-06-10T10:38:10.399+0000] {dag.py:3722} INFO - Setting next_dagrun for example_subdag_operator.section-2 to None, run_after=None
[2026-06-10T10:38:10.420+0000] {processor.py:179} INFO - Processing /home/airflow/.local/lib/python3.10/site-packages/airflow/example_dags/example_subdag_operator.py took 0.182 seconds
[2026-06-10T10:38:40.683+0000] {processor.py:157} INFO - Started process (PID=795) to work on /home/airflow/.local/lib/python3.10/site-packages/airflow/example_dags/example_subdag_operator.py
[2026-06-10T10:38:40.684+0000] {processor.py:829} INFO - Processing file /home/airflow/.local/lib/python3.10/site-packages/airflow/example_dags/example_subdag_operator.py for tasks to queue
[2026-06-10T10:38:40.685+0000] {logging_mixin.py:154} INFO - [2026-06-10T10:38:40.684+0000] {dagbag.py:536} INFO - Filling up the DagBag from /home/airflow/.local/lib/python3.10/site-packages/airflow/example_dags/example_subdag_operator.py
[2026-06-10T10:38:40.722+0000] {processor.py:839} INFO - DAG(s) dict_keys(['example_subdag_operator.section-1', 'example_subdag_operator.section-2', 'example_subdag_operator']) retrieved from /home/airflow/.local/lib/python3.10/site-packages/airflow/example_dags/example_subdag_operator.py
[2026-06-10T10:38:40.744+0000] {logging_mixin.py:154} INFO - [2026-06-10T10:38:40.744+0000] {dag.py:2941} INFO - Sync 3 DAGs
[2026-06-10T10:38:40.775+0000] {logging_mixin.py:154} INFO - [2026-06-10T10:38:40.774+0000] {dag.py:3722} INFO - Setting next_dagrun for example_subdag_operator to 2022-01-01T00:00:00+00:00, run_after=2022-01-01T00:00:00+00:00
[2026-06-10T10:38:40.779+0000] {logging_mixin.py:154} INFO - [2026-06-10T10:38:40.779+0000] {dag.py:3722} INFO - Setting next_dagrun for example_subdag_operator.section-1 to None, run_after=None
[2026-06-10T10:38:40.781+0000] {logging_mixin.py:154} INFO - [2026-06-10T10:38:40.780+0000] {dag.py:3722} INFO - Setting next_dagrun for example_subdag_operator.section-2 to None, run_after=None
[2026-06-10T10:38:40.792+0000] {logging_mixin.py:154} INFO - [2026-06-10T10:38:40.792+0000] {dag.py:2941} INFO - Sync 2 DAGs
[2026-06-10T10:38:40.799+0000] {logging_mixin.py:154} INFO - [2026-06-10T10:38:40.799+0000] {dag.py:3722} INFO - Setting next_dagrun for example_subdag_operator.section-1 to None, run_after=None
[2026-06-10T10:38:40.800+0000] {logging_mixin.py:154} INFO - [2026-06-10T10:38:40.799+0000] {dag.py:3722} INFO - Setting next_dagrun for example_subdag_operator.section-2 to None, run_after=None
[2026-06-10T10:38:40.814+0000] {processor.py:179} INFO - Processing /home/airflow/.local/lib/python3.10/site-packages/airflow/example_dags/example_subdag_operator.py took 0.149 seconds
[2026-06-10T10:39:11.123+0000] {processor.py:157} INFO - Started process (PID=846) to work on /home/airflow/.local/lib/python3.10/site-packages/airflow/example_dags/example_subdag_operator.py
[2026-06-10T10:39:11.150+0000] {processor.py:829} INFO - Processing file /home/airflow/.local/lib/python3.10/site-packages/airflow/example_dags/example_subdag_operator.py for tasks to queue
[2026-06-10T10:39:11.152+0000] {logging_mixin.py:154} INFO - [2026-06-10T10:39:11.152+0000] {dagbag.py:536} INFO - Filling up the DagBag from /home/airflow/.local/lib/python3.10/site-packages/airflow/example_dags/example_subdag_operator.py
[2026-06-10T10:39:11.290+0000] {processor.py:839} INFO - DAG(s) dict_keys(['example_subdag_operator.section-1', 'example_subdag_operator.section-2', 'example_subdag_operator']) retrieved from /home/airflow/.local/lib/python3.10/site-packages/airflow/example_dags/example_subdag_operator.py
[2026-06-10T10:39:11.361+0000] {logging_mixin.py:154} INFO - [2026-06-10T10:39:11.360+0000] {dag.py:2941} INFO - Sync 3 DAGs
[2026-06-10T10:39:12.084+0000] {logging_mixin.py:154} INFO - [2026-06-10T10:39:12.073+0000] {dag.py:3722} INFO - Setting next_dagrun for example_subdag_operator to 2022-01-01T00:00:00+00:00, run_after=2022-01-01T00:00:00+00:00
[2026-06-10T10:39:12.089+0000] {logging_mixin.py:154} INFO - [2026-06-10T10:39:12.089+0000] {dag.py:3722} INFO - Setting next_dagrun for example_subdag_operator.section-1 to None, run_after=None
[2026-06-10T10:39:12.098+0000] {logging_mixin.py:154} INFO - [2026-06-10T10:39:12.098+0000] {dag.py:3722} INFO - Setting next_dagrun for example_subdag_operator.section-2 to None, run_after=None
[2026-06-10T10:39:12.147+0000] {logging_mixin.py:154} INFO - [2026-06-10T10:39:12.138+0000] {dag.py:2941} INFO - Sync 2 DAGs
[2026-06-10T10:39:12.185+0000] {logging_mixin.py:154} INFO - [2026-06-10T10:39:12.184+0000] {dag.py:3722} INFO - Setting next_dagrun for example_subdag_operator.section-1 to None, run_after=None
[2026-06-10T10:39:12.187+0000] {logging_mixin.py:154} INFO - [2026-06-10T10:39:12.187+0000] {dag.py:3722} INFO - Setting next_dagrun for example_subdag_operator.section-2 to None, run_after=None
[2026-06-10T10:39:12.244+0000] {processor.py:179} INFO - Processing /home/airflow/.local/lib/python3.10/site-packages/airflow/example_dags/example_subdag_operator.py took 1.143 seconds
[2026-06-10T10:39:42.418+0000] {processor.py:157} INFO - Started process (PID=897) to work on /home/airflow/.local/lib/python3.10/site-packages/airflow/example_dags/example_subdag_operator.py
[2026-06-10T10:39:42.419+0000] {processor.py:829} INFO - Processing file /home/airflow/.local/lib/python3.10/site-packages/airflow/example_dags/example_subdag_operator.py for tasks to queue
[2026-06-10T10:39:42.420+0000] {logging_mixin.py:154} INFO - [2026-06-10T10:39:42.420+0000] {dagbag.py:536} INFO - Filling up the DagBag from /home/airflow/.local/lib/python3.10/site-packages/airflow/example_dags/example_subdag_operator.py
[2026-06-10T10:39:42.446+0000] {processor.py:839} INFO - DAG(s) dict_keys(['example_subdag_operator.section-1', 'example_subdag_operator.section-2', 'example_subdag_operator']) retrieved from /home/airflow/.local/lib/python3.10/site-packages/airflow/example_dags/example_subdag_operator.py
[2026-06-10T10:39:42.462+0000] {logging_mixin.py:154} INFO - [2026-06-10T10:39:42.462+0000] {dag.py:2941} INFO - Sync 3 DAGs
[2026-06-10T10:39:42.641+0000] {logging_mixin.py:154} INFO - [2026-06-10T10:39:42.640+0000] {dag.py:3722} INFO - Setting next_dagrun for example_subdag_operator to 2022-01-01T00:00:00+00:00, run_after=2022-01-01T00:00:00+00:00
[2026-06-10T10:39:42.645+0000] {logging_mixin.py:154} INFO - [2026-06-10T10:39:42.645+0000] {dag.py:3722} INFO - Setting next_dagrun for example_subdag_operator.section-1 to None, run_after=None
[2026-06-10T10:39:42.646+0000] {logging_mixin.py:154} INFO - [2026-06-10T10:39:42.646+0000] {dag.py:3722} INFO - Setting next_dagrun for example_subdag_operator.section-2 to None, run_after=None
[2026-06-10T10:39:42.655+0000] {logging_mixin.py:154} INFO - [2026-06-10T10:39:42.655+0000] {dag.py:2941} INFO - Sync 2 DAGs
[2026-06-10T10:39:42.661+0000] {logging_mixin.py:154} INFO - [2026-06-10T10:39:42.660+0000] {dag.py:3722} INFO - Setting next_dagrun for example_subdag_operator.section-1 to None, run_after=None
[2026-06-10T10:39:42.661+0000] {logging_mixin.py:154} INFO - [2026-06-10T10:39:42.661+0000] {dag.py:3722} INFO - Setting next_dagrun for example_subdag_operator.section-2 to None, run_after=None
[2026-06-10T10:39:42.672+0000] {processor.py:179} INFO - Processing /home/airflow/.local/lib/python3.10/site-packages/airflow/example_dags/example_subdag_operator.py took 0.258 seconds
[2026-06-10T10:40:13.179+0000] {processor.py:157} INFO - Started process (PID=948) to work on /home/airflow/.local/lib/python3.10/site-packages/airflow/example_dags/example_subdag_operator.py
[2026-06-10T10:40:13.181+0000] {processor.py:829} INFO - Processing file /home/airflow/.local/lib/python3.10/site-packages/airflow/example_dags/example_subdag_operator.py for tasks to queue
[2026-06-10T10:40:13.182+0000] {logging_mixin.py:154} INFO - [2026-06-10T10:40:13.181+0000] {dagbag.py:536} INFO - Filling up the DagBag from /home/airflow/.local/lib/python3.10/site-packages/airflow/example_dags/example_subdag_operator.py
[2026-06-10T10:40:13.209+0000] {processor.py:839} INFO - DAG(s) dict_keys(['example_subdag_operator.section-1', 'example_subdag_operator.section-2', 'example_subdag_operator']) retrieved from /home/airflow/.local/lib/python3.10/site-packages/airflow/example_dags/example_subdag_operator.py
[2026-06-10T10:40:13.226+0000] {logging_mixin.py:154} INFO - [2026-06-10T10:40:13.225+0000] {dag.py:2941} INFO - Sync 3 DAGs
[2026-06-10T10:40:13.248+0000] {logging_mixin.py:154} INFO - [2026-06-10T10:40:13.248+0000] {dag.py:3722} INFO - Setting next_dagrun for example_subdag_operator to 2022-01-01T00:00:00+00:00, run_after=2022-01-01T00:00:00+00:00
[2026-06-10T10:40:13.251+0000] {logging_mixin.py:154} INFO - [2026-06-10T10:40:13.251+0000] {dag.py:3722} INFO - Setting next_dagrun for example_subdag_operator.section-1 to None, run_after=None
[2026-06-10T10:40:13.253+0000] {logging_mixin.py:154} INFO - [2026-06-10T10:40:13.252+0000] {dag.py:3722} INFO - Setting next_dagrun for example_subdag_operator.section-2 to None, run_after=None
[2026-06-10T10:40:13.260+0000] {logging_mixin.py:154} INFO - [2026-06-10T10:40:13.259+0000] {dag.py:2941} INFO - Sync 2 DAGs
[2026-06-10T10:40:13.264+0000] {logging_mixin.py:154} INFO - [2026-06-10T10:40:13.264+0000] {dag.py:3722} INFO - Setting next_dagrun for example_subdag_operator.section-1 to None, run_after=None
[2026-06-10T10:40:13.265+0000] {logging_mixin.py:154} INFO - [2026-06-10T10:40:13.265+0000] {dag.py:3722} INFO - Setting next_dagrun for example_subdag_operator.section-2 to None, run_after=None
[2026-06-10T10:40:13.276+0000] {processor.py:179} INFO - Processing /home/airflow/.local/lib/python3.10/site-packages/airflow/example_dags/example_subdag_operator.py took 0.101 seconds
[2026-06-10T10:40:43.622+0000] {processor.py:157} INFO - Started process (PID=999) to work on /home/airflow/.local/lib/python3.10/site-packages/airflow/example_dags/example_subdag_operator.py
[2026-06-10T10:40:43.623+0000] {processor.py:829} INFO - Processing file /home/airflow/.local/lib/python3.10/site-packages/airflow/example_dags/example_subdag_operator.py for tasks to queue
[2026-06-10T10:40:43.624+0000] {logging_mixin.py:154} INFO - [2026-06-10T10:40:43.624+0000] {dagbag.py:536} INFO - Filling up the DagBag from /home/airflow/.local/lib/python3.10/site-packages/airflow/example_dags/example_subdag_operator.py
[2026-06-10T10:40:43.650+0000] {processor.py:839} INFO - DAG(s) dict_keys(['example_subdag_operator.section-1', 'example_subdag_operator.section-2', 'example_subdag_operator']) retrieved from /home/airflow/.local/lib/python3.10/site-packages/airflow/example_dags/example_subdag_operator.py
[2026-06-10T10:40:43.666+0000] {logging_mixin.py:154} INFO - [2026-06-10T10:40:43.666+0000] {dag.py:2941} INFO - Sync 3 DAGs
[2026-06-10T10:40:43.688+0000] {logging_mixin.py:154} INFO - [2026-06-10T10:40:43.688+0000] {dag.py:3722} INFO - Setting next_dagrun for example_subdag_operator to 2022-01-01T00:00:00+00:00, run_after=2022-01-01T00:00:00+00:00
[2026-06-10T10:40:43.691+0000] {logging_mixin.py:154} INFO - [2026-06-10T10:40:43.691+0000] {dag.py:3722} INFO - Setting next_dagrun for example_subdag_operator.section-1 to None, run_after=None
[2026-06-10T10:40:43.692+0000] {logging_mixin.py:154} INFO - [2026-06-10T10:40:43.692+0000] {dag.py:3722} INFO - Setting next_dagrun for example_subdag_operator.section-2 to None, run_after=None
[2026-06-10T10:40:43.699+0000] {logging_mixin.py:154} INFO - [2026-06-10T10:40:43.699+0000] {dag.py:2941} INFO - Sync 2 DAGs
[2026-06-10T10:40:43.704+0000] {logging_mixin.py:154} INFO - [2026-06-10T10:40:43.704+0000] {dag.py:3722} INFO - Setting next_dagrun for example_subdag_operator.section-1 to None, run_after=None
[2026-06-10T10:40:43.704+0000] {logging_mixin.py:154} INFO - [2026-06-10T10:40:43.704+0000] {dag.py:3722} INFO - Setting next_dagrun for example_subdag_operator.section-2 to None, run_after=None
[2026-06-10T10:40:43.719+0000] {processor.py:179} INFO - Processing /home/airflow/.local/lib/python3.10/site-packages/airflow/example_dags/example_subdag_operator.py took 0.101 seconds
[2026-06-10T10:41:14.083+0000] {processor.py:157} INFO - Started process (PID=1050) to work on /home/airflow/.local/lib/python3.10/site-packages/airflow/example_dags/example_subdag_operator.py
[2026-06-10T10:41:14.085+0000] {processor.py:829} INFO - Processing file /home/airflow/.local/lib/python3.10/site-packages/airflow/example_dags/example_subdag_operator.py for tasks to queue
[2026-06-10T10:41:14.086+0000] {logging_mixin.py:154} INFO - [2026-06-10T10:41:14.085+0000] {dagbag.py:536} INFO - Filling up the DagBag from /home/airflow/.local/lib/python3.10/site-packages/airflow/example_dags/example_subdag_operator.py
[2026-06-10T10:41:14.112+0000] {processor.py:839} INFO - DAG(s) dict_keys(['example_subdag_operator.section-1', 'example_subdag_operator.section-2', 'example_subdag_operator']) retrieved from /home/airflow/.local/lib/python3.10/site-packages/airflow/example_dags/example_subdag_operator.py
[2026-06-10T10:41:14.129+0000] {logging_mixin.py:154} INFO - [2026-06-10T10:41:14.129+0000] {dag.py:2941} INFO - Sync 3 DAGs
[2026-06-10T10:41:14.152+0000] {logging_mixin.py:154} INFO - [2026-06-10T10:41:14.152+0000] {dag.py:3722} INFO - Setting next_dagrun for example_subdag_operator to 2022-01-01T00:00:00+00:00, run_after=2022-01-01T00:00:00+00:00
[2026-06-10T10:41:14.156+0000] {logging_mixin.py:154} INFO - [2026-06-10T10:41:14.156+0000] {dag.py:3722} INFO - Setting next_dagrun for example_subdag_operator.section-1 to None, run_after=None
[2026-06-10T10:41:14.157+0000] {logging_mixin.py:154} INFO - [2026-06-10T10:41:14.157+0000] {dag.py:3722} INFO - Setting next_dagrun for example_subdag_operator.section-2 to None, run_after=None
[2026-06-10T10:41:14.164+0000] {logging_mixin.py:154} INFO - [2026-06-10T10:41:14.164+0000] {dag.py:2941} INFO - Sync 2 DAGs
[2026-06-10T10:41:14.169+0000] {logging_mixin.py:154} INFO - [2026-06-10T10:41:14.169+0000] {dag.py:3722} INFO - Setting next_dagrun for example_subdag_operator.section-1 to None, run_after=None
[2026-06-10T10:41:14.169+0000] {logging_mixin.py:154} INFO - [2026-06-10T10:41:14.169+0000] {dag.py:3722} INFO - Setting next_dagrun for example_subdag_operator.section-2 to None, run_after=None
[2026-06-10T10:41:14.185+0000] {processor.py:179} INFO - Processing /home/airflow/.local/lib/python3.10/site-packages/airflow/example_dags/example_subdag_operator.py took 0.106 seconds
[2026-06-10T10:41:44.278+0000] {processor.py:157} INFO - Started process (PID=1101) to work on /home/airflow/.local/lib/python3.10/site-packages/airflow/example_dags/example_subdag_operator.py
[2026-06-10T10:41:44.282+0000] {processor.py:829} INFO - Processing file /home/airflow/.local/lib/python3.10/site-packages/airflow/example_dags/example_subdag_operator.py for tasks to queue
[2026-06-10T10:41:44.283+0000] {logging_mixin.py:154} INFO - [2026-06-10T10:41:44.283+0000] {dagbag.py:536} INFO - Filling up the DagBag from /home/airflow/.local/lib/python3.10/site-packages/airflow/example_dags/example_subdag_operator.py
[2026-06-10T10:41:44.365+0000] {processor.py:839} INFO - DAG(s) dict_keys(['example_subdag_operator.section-1', 'example_subdag_operator.section-2', 'example_subdag_operator']) retrieved from /home/airflow/.local/lib/python3.10/site-packages/airflow/example_dags/example_subdag_operator.py
[2026-06-10T10:41:44.412+0000] {logging_mixin.py:154} INFO - [2026-06-10T10:41:44.412+0000] {dag.py:2941} INFO - Sync 3 DAGs
[2026-06-10T10:41:44.478+0000] {logging_mixin.py:154} INFO - [2026-06-10T10:41:44.477+0000] {dag.py:3722} INFO - Setting next_dagrun for example_subdag_operator to 2022-01-01T00:00:00+00:00, run_after=2022-01-01T00:00:00+00:00
[2026-06-10T10:41:44.491+0000] {logging_mixin.py:154} INFO - [2026-06-10T10:41:44.491+0000] {dag.py:3722} INFO - Setting next_dagrun for example_subdag_operator.section-1 to None, run_after=None
[2026-06-10T10:41:44.493+0000] {logging_mixin.py:154} INFO - [2026-06-10T10:41:44.493+0000] {dag.py:3722} INFO - Setting next_dagrun for example_subdag_operator.section-2 to None, run_after=None
[2026-06-10T10:41:44.517+0000] {logging_mixin.py:154} INFO - [2026-06-10T10:41:44.517+0000] {dag.py:2941} INFO - Sync 2 DAGs
[2026-06-10T10:41:44.532+0000] {logging_mixin.py:154} INFO - [2026-06-10T10:41:44.532+0000] {dag.py:3722} INFO - Setting next_dagrun for example_subdag_operator.section-1 to None, run_after=None
[2026-06-10T10:41:44.533+0000] {logging_mixin.py:154} INFO - [2026-06-10T10:41:44.533+0000] {dag.py:3722} INFO - Setting next_dagrun for example_subdag_operator.section-2 to None, run_after=None
[2026-06-10T10:41:44.561+0000] {processor.py:179} INFO - Processing /home/airflow/.local/lib/python3.10/site-packages/airflow/example_dags/example_subdag_operator.py took 0.297 seconds
[2026-06-10T10:42:15.331+0000] {processor.py:157} INFO - Started process (PID=1152) to work on /home/airflow/.local/lib/python3.10/site-packages/airflow/example_dags/example_subdag_operator.py
[2026-06-10T10:42:15.344+0000] {processor.py:829} INFO - Processing file /home/airflow/.local/lib/python3.10/site-packages/airflow/example_dags/example_subdag_operator.py for tasks to queue
[2026-06-10T10:42:15.345+0000] {logging_mixin.py:154} INFO - [2026-06-10T10:42:15.345+0000] {dagbag.py:536} INFO - Filling up the DagBag from /home/airflow/.local/lib/python3.10/site-packages/airflow/example_dags/example_subdag_operator.py
[2026-06-10T10:42:15.415+0000] {processor.py:839} INFO - DAG(s) dict_keys(['example_subdag_operator.section-1', 'example_subdag_operator.section-2', 'example_subdag_operator']) retrieved from /home/airflow/.local/lib/python3.10/site-packages/airflow/example_dags/example_subdag_operator.py
[2026-06-10T10:42:15.438+0000] {logging_mixin.py:154} INFO - [2026-06-10T10:42:15.438+0000] {dag.py:2941} INFO - Sync 3 DAGs
[2026-06-10T10:42:15.471+0000] {logging_mixin.py:154} INFO - [2026-06-10T10:42:15.471+0000] {dag.py:3722} INFO - Setting next_dagrun for example_subdag_operator to 2022-01-01T00:00:00+00:00, run_after=2022-01-01T00:00:00+00:00
[2026-06-10T10:42:15.476+0000] {logging_mixin.py:154} INFO - [2026-06-10T10:42:15.476+0000] {dag.py:3722} INFO - Setting next_dagrun for example_subdag_operator.section-1 to None, run_after=None
[2026-06-10T10:42:15.478+0000] {logging_mixin.py:154} INFO - [2026-06-10T10:42:15.478+0000] {dag.py:3722} INFO - Setting next_dagrun for example_subdag_operator.section-2 to None, run_after=None
[2026-06-10T10:42:15.487+0000] {logging_mixin.py:154} INFO - [2026-06-10T10:42:15.487+0000] {dag.py:2941} INFO - Sync 2 DAGs
[2026-06-10T10:42:15.494+0000] {logging_mixin.py:154} INFO - [2026-06-10T10:42:15.494+0000] {dag.py:3722} INFO - Setting next_dagrun for example_subdag_operator.section-1 to None, run_after=None
[2026-06-10T10:42:15.495+0000] {logging_mixin.py:154} INFO - [2026-06-10T10:42:15.495+0000] {dag.py:3722} INFO - Setting next_dagrun for example_subdag_operator.section-2 to None, run_after=None
[2026-06-10T10:42:15.526+0000] {processor.py:179} INFO - Processing /home/airflow/.local/lib/python3.10/site-packages/airflow/example_dags/example_subdag_operator.py took 0.199 seconds
[2026-06-10T10:42:45.864+0000] {processor.py:157} INFO - Started process (PID=1203) to work on /home/airflow/.local/lib/python3.10/site-packages/airflow/example_dags/example_subdag_operator.py
[2026-06-10T10:42:45.866+0000] {processor.py:829} INFO - Processing file /home/airflow/.local/lib/python3.10/site-packages/airflow/example_dags/example_subdag_operator.py for tasks to queue
[2026-06-10T10:42:45.867+0000] {logging_mixin.py:154} INFO - [2026-06-10T10:42:45.867+0000] {dagbag.py:536} INFO - Filling up the DagBag from /home/airflow/.local/lib/python3.10/site-packages/airflow/example_dags/example_subdag_operator.py
[2026-06-10T10:42:45.893+0000] {processor.py:839} INFO - DAG(s) dict_keys(['example_subdag_operator.section-1', 'example_subdag_operator.section-2', 'example_subdag_operator']) retrieved from /home/airflow/.local/lib/python3.10/site-packages/airflow/example_dags/example_subdag_operator.py
[2026-06-10T10:42:45.913+0000] {logging_mixin.py:154} INFO - [2026-06-10T10:42:45.913+0000] {dag.py:2941} INFO - Sync 3 DAGs
[2026-06-10T10:42:45.940+0000] {logging_mixin.py:154} INFO - [2026-06-10T10:42:45.940+0000] {dag.py:3722} INFO - Setting next_dagrun for example_subdag_operator to 2022-01-01T00:00:00+00:00, run_after=2022-01-01T00:00:00+00:00
[2026-06-10T10:42:45.945+0000] {logging_mixin.py:154} INFO - [2026-06-10T10:42:45.944+0000] {dag.py:3722} INFO - Setting next_dagrun for example_subdag_operator.section-1 to None, run_after=None
[2026-06-10T10:42:45.946+0000] {logging_mixin.py:154} INFO - [2026-06-10T10:42:45.946+0000] {dag.py:3722} INFO - Setting next_dagrun for example_subdag_operator.section-2 to None, run_after=None
[2026-06-10T10:42:45.953+0000] {logging_mixin.py:154} INFO - [2026-06-10T10:42:45.953+0000] {dag.py:2941} INFO - Sync 2 DAGs
[2026-06-10T10:42:45.958+0000] {logging_mixin.py:154} INFO - [2026-06-10T10:42:45.958+0000] {dag.py:3722} INFO - Setting next_dagrun for example_subdag_operator.section-1 to None, run_after=None
[2026-06-10T10:42:45.959+0000] {logging_mixin.py:154} INFO - [2026-06-10T10:42:45.958+0000] {dag.py:3722} INFO - Setting next_dagrun for example_subdag_operator.section-2 to None, run_after=None
[2026-06-10T10:42:45.970+0000] {processor.py:179} INFO - Processing /home/airflow/.local/lib/python3.10/site-packages/airflow/example_dags/example_subdag_operator.py took 0.109 seconds
[2026-06-10T10:43:16.071+0000] {processor.py:157} INFO - Started process (PID=1252) to work on /home/airflow/.local/lib/python3.10/site-packages/airflow/example_dags/example_subdag_operator.py
[2026-06-10T10:43:16.072+0000] {processor.py:829} INFO - Processing file /home/airflow/.local/lib/python3.10/site-packages/airflow/example_dags/example_subdag_operator.py for tasks to queue
[2026-06-10T10:43:16.073+0000] {logging_mixin.py:154} INFO - [2026-06-10T10:43:16.073+0000] {dagbag.py:536} INFO - Filling up the DagBag from /home/airflow/.local/lib/python3.10/site-packages/airflow/example_dags/example_subdag_operator.py
[2026-06-10T10:43:16.106+0000] {processor.py:839} INFO - DAG(s) dict_keys(['example_subdag_operator.section-1', 'example_subdag_operator.section-2', 'example_subdag_operator']) retrieved from /home/airflow/.local/lib/python3.10/site-packages/airflow/example_dags/example_subdag_operator.py
[2026-06-10T10:43:16.128+0000] {logging_mixin.py:154} INFO - [2026-06-10T10:43:16.128+0000] {dag.py:2941} INFO - Sync 3 DAGs
[2026-06-10T10:43:16.160+0000] {logging_mixin.py:154} INFO - [2026-06-10T10:43:16.159+0000] {dag.py:3722} INFO - Setting next_dagrun for example_subdag_operator to 2022-01-01T00:00:00+00:00, run_after=2022-01-01T00:00:00+00:00
[2026-06-10T10:43:16.164+0000] {logging_mixin.py:154} INFO - [2026-06-10T10:43:16.164+0000] {dag.py:3722} INFO - Setting next_dagrun for example_subdag_operator.section-1 to None, run_after=None
[2026-06-10T10:43:16.166+0000] {logging_mixin.py:154} INFO - [2026-06-10T10:43:16.165+0000] {dag.py:3722} INFO - Setting next_dagrun for example_subdag_operator.section-2 to None, run_after=None
[2026-06-10T10:43:16.175+0000] {logging_mixin.py:154} INFO - [2026-06-10T10:43:16.174+0000] {dag.py:2941} INFO - Sync 2 DAGs
[2026-06-10T10:43:16.181+0000] {logging_mixin.py:154} INFO - [2026-06-10T10:43:16.181+0000] {dag.py:3722} INFO - Setting next_dagrun for example_subdag_operator.section-1 to None, run_after=None
[2026-06-10T10:43:16.182+0000] {logging_mixin.py:154} INFO - [2026-06-10T10:43:16.182+0000] {dag.py:3722} INFO - Setting next_dagrun for example_subdag_operator.section-2 to None, run_after=None
[2026-06-10T10:43:16.196+0000] {processor.py:179} INFO - Processing /home/airflow/.local/lib/python3.10/site-packages/airflow/example_dags/example_subdag_operator.py took 0.129 seconds
[2026-06-10T10:43:46.648+0000] {processor.py:157} INFO - Started process (PID=1303) to work on /home/airflow/.local/lib/python3.10/site-packages/airflow/example_dags/example_subdag_operator.py
[2026-06-10T10:43:46.650+0000] {processor.py:829} INFO - Processing file /home/airflow/.local/lib/python3.10/site-packages/airflow/example_dags/example_subdag_operator.py for tasks to queue
[2026-06-10T10:43:46.651+0000] {logging_mixin.py:154} INFO - [2026-06-10T10:43:46.650+0000] {dagbag.py:536} INFO - Filling up the DagBag from /home/airflow/.local/lib/python3.10/site-packages/airflow/example_dags/example_subdag_operator.py
[2026-06-10T10:43:46.684+0000] {processor.py:839} INFO - DAG(s) dict_keys(['example_subdag_operator.section-1', 'example_subdag_operator.section-2', 'example_subdag_operator']) retrieved from /home/airflow/.local/lib/python3.10/site-packages/airflow/example_dags/example_subdag_operator.py
[2026-06-10T10:43:46.707+0000] {logging_mixin.py:154} INFO - [2026-06-10T10:43:46.706+0000] {dag.py:2941} INFO - Sync 3 DAGs
[2026-06-10T10:43:46.743+0000] {logging_mixin.py:154} INFO - [2026-06-10T10:43:46.743+0000] {dag.py:3722} INFO - Setting next_dagrun for example_subdag_operator to 2022-01-01T00:00:00+00:00, run_after=2022-01-01T00:00:00+00:00
[2026-06-10T10:43:46.749+0000] {logging_mixin.py:154} INFO - [2026-06-10T10:43:46.748+0000] {dag.py:3722} INFO - Setting next_dagrun for example_subdag_operator.section-1 to None, run_after=None
[2026-06-10T10:43:46.750+0000] {logging_mixin.py:154} INFO - [2026-06-10T10:43:46.750+0000] {dag.py:3722} INFO - Setting next_dagrun for example_subdag_operator.section-2 to None, run_after=None
[2026-06-10T10:43:46.760+0000] {logging_mixin.py:154} INFO - [2026-06-10T10:43:46.760+0000] {dag.py:2941} INFO - Sync 2 DAGs
[2026-06-10T10:43:46.767+0000] {logging_mixin.py:154} INFO - [2026-06-10T10:43:46.767+0000] {dag.py:3722} INFO - Setting next_dagrun for example_subdag_operator.section-1 to None, run_after=None
[2026-06-10T10:43:46.768+0000] {logging_mixin.py:154} INFO - [2026-06-10T10:43:46.768+0000] {dag.py:3722} INFO - Setting next_dagrun for example_subdag_operator.section-2 to None, run_after=None
[2026-06-10T10:43:46.782+0000] {processor.py:179} INFO - Processing /home/airflow/.local/lib/python3.10/site-packages/airflow/example_dags/example_subdag_operator.py took 0.139 seconds
[2026-06-10T10:44:16.958+0000] {processor.py:157} INFO - Started process (PID=1354) to work on /home/airflow/.local/lib/python3.10/site-packages/airflow/example_dags/example_subdag_operator.py
[2026-06-10T10:44:16.967+0000] {processor.py:829} INFO - Processing file /home/airflow/.local/lib/python3.10/site-packages/airflow/example_dags/example_subdag_operator.py for tasks to queue
[2026-06-10T10:44:16.981+0000] {logging_mixin.py:154} INFO - [2026-06-10T10:44:16.980+0000] {dagbag.py:536} INFO - Filling up the DagBag from /home/airflow/.local/lib/python3.10/site-packages/airflow/example_dags/example_subdag_operator.py
[2026-06-10T10:44:17.119+0000] {processor.py:839} INFO - DAG(s) dict_keys(['example_subdag_operator.section-1', 'example_subdag_operator.section-2', 'example_subdag_operator']) retrieved from /home/airflow/.local/lib/python3.10/site-packages/airflow/example_dags/example_subdag_operator.py
[2026-06-10T10:44:17.198+0000] {logging_mixin.py:154} INFO - [2026-06-10T10:44:17.197+0000] {dag.py:2941} INFO - Sync 3 DAGs
[2026-06-10T10:44:17.284+0000] {logging_mixin.py:154} INFO - [2026-06-10T10:44:17.283+0000] {dag.py:3722} INFO - Setting next_dagrun for example_subdag_operator to 2022-01-01T00:00:00+00:00, run_after=2022-01-01T00:00:00+00:00
[2026-06-10T10:44:17.301+0000] {logging_mixin.py:154} INFO - [2026-06-10T10:44:17.301+0000] {dag.py:3722} INFO - Setting next_dagrun for example_subdag_operator.section-1 to None, run_after=None
[2026-06-10T10:44:17.306+0000] {logging_mixin.py:154} INFO - [2026-06-10T10:44:17.305+0000] {dag.py:3722} INFO - Setting next_dagrun for example_subdag_operator.section-2 to None, run_after=None
[2026-06-10T10:44:17.341+0000] {logging_mixin.py:154} INFO - [2026-06-10T10:44:17.341+0000] {dag.py:2941} INFO - Sync 2 DAGs
[2026-06-10T10:44:17.372+0000] {logging_mixin.py:154} INFO - [2026-06-10T10:44:17.372+0000] {dag.py:3722} INFO - Setting next_dagrun for example_subdag_operator.section-1 to None, run_after=None
[2026-06-10T10:44:17.373+0000] {logging_mixin.py:154} INFO - [2026-06-10T10:44:17.373+0000] {dag.py:3722} INFO - Setting next_dagrun for example_subdag_operator.section-2 to None, run_after=None
[2026-06-10T10:44:17.406+0000] {processor.py:179} INFO - Processing /home/airflow/.local/lib/python3.10/site-packages/airflow/example_dags/example_subdag_operator.py took 0.490 seconds
[2026-06-10T10:44:48.255+0000] {processor.py:157} INFO - Started process (PID=1405) to work on /home/airflow/.local/lib/python3.10/site-packages/airflow/example_dags/example_subdag_operator.py
[2026-06-10T10:44:48.263+0000] {processor.py:829} INFO - Processing file /home/airflow/.local/lib/python3.10/site-packages/airflow/example_dags/example_subdag_operator.py for tasks to queue
[2026-06-10T10:44:48.264+0000] {logging_mixin.py:154} INFO - [2026-06-10T10:44:48.263+0000] {dagbag.py:536} INFO - Filling up the DagBag from /home/airflow/.local/lib/python3.10/site-packages/airflow/example_dags/example_subdag_operator.py
[2026-06-10T10:44:48.381+0000] {processor.py:839} INFO - DAG(s) dict_keys(['example_subdag_operator.section-1', 'example_subdag_operator.section-2', 'example_subdag_operator']) retrieved from /home/airflow/.local/lib/python3.10/site-packages/airflow/example_dags/example_subdag_operator.py
[2026-06-10T10:44:48.496+0000] {logging_mixin.py:154} INFO - [2026-06-10T10:44:48.496+0000] {dag.py:2941} INFO - Sync 3 DAGs
[2026-06-10T10:44:48.649+0000] {logging_mixin.py:154} INFO - [2026-06-10T10:44:48.649+0000] {dag.py:3722} INFO - Setting next_dagrun for example_subdag_operator to 2022-01-01T00:00:00+00:00, run_after=2022-01-01T00:00:00+00:00
[2026-06-10T10:44:48.668+0000] {logging_mixin.py:154} INFO - [2026-06-10T10:44:48.667+0000] {dag.py:3722} INFO - Setting next_dagrun for example_subdag_operator.section-1 to None, run_after=None
[2026-06-10T10:44:48.678+0000] {logging_mixin.py:154} INFO - [2026-06-10T10:44:48.677+0000] {dag.py:3722} INFO - Setting next_dagrun for example_subdag_operator.section-2 to None, run_after=None
[2026-06-10T10:44:48.726+0000] {logging_mixin.py:154} INFO - [2026-06-10T10:44:48.726+0000] {dag.py:2941} INFO - Sync 2 DAGs
[2026-06-10T10:44:48.746+0000] {logging_mixin.py:154} INFO - [2026-06-10T10:44:48.746+0000] {dag.py:3722} INFO - Setting next_dagrun for example_subdag_operator.section-1 to None, run_after=None
[2026-06-10T10:44:48.747+0000] {logging_mixin.py:154} INFO - [2026-06-10T10:44:48.746+0000] {dag.py:3722} INFO - Setting next_dagrun for example_subdag_operator.section-2 to None, run_after=None
[2026-06-10T10:44:48.788+0000] {processor.py:179} INFO - Processing /home/airflow/.local/lib/python3.10/site-packages/airflow/example_dags/example_subdag_operator.py took 0.549 seconds
[2026-06-10T10:45:19.052+0000] {processor.py:157} INFO - Started process (PID=1456) to work on /home/airflow/.local/lib/python3.10/site-packages/airflow/example_dags/example_subdag_operator.py
[2026-06-10T10:45:19.053+0000] {processor.py:829} INFO - Processing file /home/airflow/.local/lib/python3.10/site-packages/airflow/example_dags/example_subdag_operator.py for tasks to queue
[2026-06-10T10:45:19.054+0000] {logging_mixin.py:154} INFO - [2026-06-10T10:45:19.054+0000] {dagbag.py:536} INFO - Filling up the DagBag from /home/airflow/.local/lib/python3.10/site-packages/airflow/example_dags/example_subdag_operator.py
[2026-06-10T10:45:19.081+0000] {processor.py:839} INFO - DAG(s) dict_keys(['example_subdag_operator.section-1', 'example_subdag_operator.section-2', 'example_subdag_operator']) retrieved from /home/airflow/.local/lib/python3.10/site-packages/airflow/example_dags/example_subdag_operator.py
[2026-06-10T10:45:19.098+0000] {logging_mixin.py:154} INFO - [2026-06-10T10:45:19.098+0000] {dag.py:2941} INFO - Sync 3 DAGs
[2026-06-10T10:45:19.126+0000] {logging_mixin.py:154} INFO - [2026-06-10T10:45:19.126+0000] {dag.py:3722} INFO - Setting next_dagrun for example_subdag_operator to 2022-01-01T00:00:00+00:00, run_after=2022-01-01T00:00:00+00:00
[2026-06-10T10:45:19.130+0000] {logging_mixin.py:154} INFO - [2026-06-10T10:45:19.129+0000] {dag.py:3722} INFO - Setting next_dagrun for example_subdag_operator.section-1 to None, run_after=None
[2026-06-10T10:45:19.131+0000] {logging_mixin.py:154} INFO - [2026-06-10T10:45:19.131+0000] {dag.py:3722} INFO - Setting next_dagrun for example_subdag_operator.section-2 to None, run_after=None
[2026-06-10T10:45:19.138+0000] {logging_mixin.py:154} INFO - [2026-06-10T10:45:19.138+0000] {dag.py:2941} INFO - Sync 2 DAGs
[2026-06-10T10:45:19.143+0000] {logging_mixin.py:154} INFO - [2026-06-10T10:45:19.143+0000] {dag.py:3722} INFO - Setting next_dagrun for example_subdag_operator.section-1 to None, run_after=None
[2026-06-10T10:45:19.143+0000] {logging_mixin.py:154} INFO - [2026-06-10T10:45:19.143+0000] {dag.py:3722} INFO - Setting next_dagrun for example_subdag_operator.section-2 to None, run_after=None
[2026-06-10T10:45:19.154+0000] {processor.py:179} INFO - Processing /home/airflow/.local/lib/python3.10/site-packages/airflow/example_dags/example_subdag_operator.py took 0.105 seconds
[2026-06-10T10:45:49.961+0000] {processor.py:157} INFO - Started process (PID=1507) to work on /home/airflow/.local/lib/python3.10/site-packages/airflow/example_dags/example_subdag_operator.py
[2026-06-10T10:45:49.968+0000] {processor.py:829} INFO - Processing file /home/airflow/.local/lib/python3.10/site-packages/airflow/example_dags/example_subdag_operator.py for tasks to queue
[2026-06-10T10:45:49.969+0000] {logging_mixin.py:154} INFO - [2026-06-10T10:45:49.969+0000] {dagbag.py:536} INFO - Filling up the DagBag from /home/airflow/.local/lib/python3.10/site-packages/airflow/example_dags/example_subdag_operator.py
[2026-06-10T10:45:50.016+0000] {processor.py:839} INFO - DAG(s) dict_keys(['example_subdag_operator.section-1', 'example_subdag_operator.section-2', 'example_subdag_operator']) retrieved from /home/airflow/.local/lib/python3.10/site-packages/airflow/example_dags/example_subdag_operator.py
[2026-06-10T10:45:50.057+0000] {logging_mixin.py:154} INFO - [2026-06-10T10:45:50.056+0000] {dag.py:2941} INFO - Sync 3 DAGs
[2026-06-10T10:45:50.098+0000] {logging_mixin.py:154} INFO - [2026-06-10T10:45:50.098+0000] {dag.py:3722} INFO - Setting next_dagrun for example_subdag_operator to 2022-01-01T00:00:00+00:00, run_after=2022-01-01T00:00:00+00:00
[2026-06-10T10:45:50.106+0000] {logging_mixin.py:154} INFO - [2026-06-10T10:45:50.106+0000] {dag.py:3722} INFO - Setting next_dagrun for example_subdag_operator.section-1 to None, run_after=None
[2026-06-10T10:45:50.115+0000] {logging_mixin.py:154} INFO - [2026-06-10T10:45:50.115+0000] {dag.py:3722} INFO - Setting next_dagrun for example_subdag_operator.section-2 to None, run_after=None
[2026-06-10T10:45:50.153+0000] {logging_mixin.py:154} INFO - [2026-06-10T10:45:50.153+0000] {dag.py:2941} INFO - Sync 2 DAGs
[2026-06-10T10:45:50.172+0000] {logging_mixin.py:154} INFO - [2026-06-10T10:45:50.171+0000] {dag.py:3722} INFO - Setting next_dagrun for example_subdag_operator.section-1 to None, run_after=None
[2026-06-10T10:45:50.172+0000] {logging_mixin.py:154} INFO - [2026-06-10T10:45:50.172+0000] {dag.py:3722} INFO - Setting next_dagrun for example_subdag_operator.section-2 to None, run_after=None
[2026-06-10T10:45:50.214+0000] {processor.py:179} INFO - Processing /home/airflow/.local/lib/python3.10/site-packages/airflow/example_dags/example_subdag_operator.py took 0.264 seconds
[2026-06-10T10:46:20.398+0000] {processor.py:157} INFO - Started process (PID=1558) to work on /home/airflow/.local/lib/python3.10/site-packages/airflow/example_dags/example_subdag_operator.py
[2026-06-10T10:46:20.399+0000] {processor.py:829} INFO - Processing file /home/airflow/.local/lib/python3.10/site-packages/airflow/example_dags/example_subdag_operator.py for tasks to queue
[2026-06-10T10:46:20.400+0000] {logging_mixin.py:154} INFO - [2026-06-10T10:46:20.400+0000] {dagbag.py:536} INFO - Filling up the DagBag from /home/airflow/.local/lib/python3.10/site-packages/airflow/example_dags/example_subdag_operator.py
[2026-06-10T10:46:20.427+0000] {processor.py:839} INFO - DAG(s) dict_keys(['example_subdag_operator.section-1', 'example_subdag_operator.section-2', 'example_subdag_operator']) retrieved from /home/airflow/.local/lib/python3.10/site-packages/airflow/example_dags/example_subdag_operator.py
[2026-06-10T10:46:20.444+0000] {logging_mixin.py:154} INFO - [2026-06-10T10:46:20.444+0000] {dag.py:2941} INFO - Sync 3 DAGs
[2026-06-10T10:46:20.467+0000] {logging_mixin.py:154} INFO - [2026-06-10T10:46:20.466+0000] {dag.py:3722} INFO - Setting next_dagrun for example_subdag_operator to 2022-01-01T00:00:00+00:00, run_after=2022-01-01T00:00:00+00:00
[2026-06-10T10:46:20.471+0000] {logging_mixin.py:154} INFO - [2026-06-10T10:46:20.471+0000] {dag.py:3722} INFO - Setting next_dagrun for example_subdag_operator.section-1 to None, run_after=None
[2026-06-10T10:46:20.473+0000] {logging_mixin.py:154} INFO - [2026-06-10T10:46:20.473+0000] {dag.py:3722} INFO - Setting next_dagrun for example_subdag_operator.section-2 to None, run_after=None
[2026-06-10T10:46:20.482+0000] {logging_mixin.py:154} INFO - [2026-06-10T10:46:20.482+0000] {dag.py:2941} INFO - Sync 2 DAGs
[2026-06-10T10:46:20.491+0000] {logging_mixin.py:154} INFO - [2026-06-10T10:46:20.491+0000] {dag.py:3722} INFO - Setting next_dagrun for example_subdag_operator.section-1 to None, run_after=None
[2026-06-10T10:46:20.492+0000] {logging_mixin.py:154} INFO - [2026-06-10T10:46:20.492+0000] {dag.py:3722} INFO - Setting next_dagrun for example_subdag_operator.section-2 to None, run_after=None
[2026-06-10T10:46:20.505+0000] {processor.py:179} INFO - Processing /home/airflow/.local/lib/python3.10/site-packages/airflow/example_dags/example_subdag_operator.py took 0.111 seconds
[2026-06-10T10:46:50.604+0000] {processor.py:157} INFO - Started process (PID=1609) to work on /home/airflow/.local/lib/python3.10/site-packages/airflow/example_dags/example_subdag_operator.py
[2026-06-10T10:46:50.605+0000] {processor.py:829} INFO - Processing file /home/airflow/.local/lib/python3.10/site-packages/airflow/example_dags/example_subdag_operator.py for tasks to queue
[2026-06-10T10:46:50.606+0000] {logging_mixin.py:154} INFO - [2026-06-10T10:46:50.606+0000] {dagbag.py:536} INFO - Filling up the DagBag from /home/airflow/.local/lib/python3.10/site-packages/airflow/example_dags/example_subdag_operator.py
[2026-06-10T10:46:50.642+0000] {processor.py:839} INFO - DAG(s) dict_keys(['example_subdag_operator.section-1', 'example_subdag_operator.section-2', 'example_subdag_operator']) retrieved from /home/airflow/.local/lib/python3.10/site-packages/airflow/example_dags/example_subdag_operator.py
[2026-06-10T10:46:50.665+0000] {logging_mixin.py:154} INFO - [2026-06-10T10:46:50.665+0000] {dag.py:2941} INFO - Sync 3 DAGs
[2026-06-10T10:46:50.694+0000] {logging_mixin.py:154} INFO - [2026-06-10T10:46:50.694+0000] {dag.py:3722} INFO - Setting next_dagrun for example_subdag_operator to 2022-01-01T00:00:00+00:00, run_after=2022-01-01T00:00:00+00:00
[2026-06-10T10:46:50.698+0000] {logging_mixin.py:154} INFO - [2026-06-10T10:46:50.697+0000] {dag.py:3722} INFO - Setting next_dagrun for example_subdag_operator.section-1 to None, run_after=None
[2026-06-10T10:46:50.699+0000] {logging_mixin.py:154} INFO - [2026-06-10T10:46:50.699+0000] {dag.py:3722} INFO - Setting next_dagrun for example_subdag_operator.section-2 to None, run_after=None
[2026-06-10T10:46:50.706+0000] {logging_mixin.py:154} INFO - [2026-06-10T10:46:50.706+0000] {dag.py:2941} INFO - Sync 2 DAGs
[2026-06-10T10:46:50.711+0000] {logging_mixin.py:154} INFO - [2026-06-10T10:46:50.711+0000] {dag.py:3722} INFO - Setting next_dagrun for example_subdag_operator.section-1 to None, run_after=None
[2026-06-10T10:46:50.711+0000] {logging_mixin.py:154} INFO - [2026-06-10T10:46:50.711+0000] {dag.py:3722} INFO - Setting next_dagrun for example_subdag_operator.section-2 to None, run_after=None
[2026-06-10T10:46:50.730+0000] {processor.py:179} INFO - Processing /home/airflow/.local/lib/python3.10/site-packages/airflow/example_dags/example_subdag_operator.py took 0.141 seconds
[2026-06-10T10:47:21.283+0000] {processor.py:157} INFO - Started process (PID=1660) to work on /home/airflow/.local/lib/python3.10/site-packages/airflow/example_dags/example_subdag_operator.py
[2026-06-10T10:47:21.284+0000] {processor.py:829} INFO - Processing file /home/airflow/.local/lib/python3.10/site-packages/airflow/example_dags/example_subdag_operator.py for tasks to queue
[2026-06-10T10:47:21.285+0000] {logging_mixin.py:154} INFO - [2026-06-10T10:47:21.285+0000] {dagbag.py:536} INFO - Filling up the DagBag from /home/airflow/.local/lib/python3.10/site-packages/airflow/example_dags/example_subdag_operator.py
[2026-06-10T10:47:21.311+0000] {processor.py:839} INFO - DAG(s) dict_keys(['example_subdag_operator.section-1', 'example_subdag_operator.section-2', 'example_subdag_operator']) retrieved from /home/airflow/.local/lib/python3.10/site-packages/airflow/example_dags/example_subdag_operator.py
[2026-06-10T10:47:21.327+0000] {logging_mixin.py:154} INFO - [2026-06-10T10:47:21.327+0000] {dag.py:2941} INFO - Sync 3 DAGs
[2026-06-10T10:47:21.349+0000] {logging_mixin.py:154} INFO - [2026-06-10T10:47:21.348+0000] {dag.py:3722} INFO - Setting next_dagrun for example_subdag_operator to 2022-01-01T00:00:00+00:00, run_after=2022-01-01T00:00:00+00:00
[2026-06-10T10:47:21.352+0000] {logging_mixin.py:154} INFO - [2026-06-10T10:47:21.352+0000] {dag.py:3722} INFO - Setting next_dagrun for example_subdag_operator.section-1 to None, run_after=None
[2026-06-10T10:47:21.353+0000] {logging_mixin.py:154} INFO - [2026-06-10T10:47:21.353+0000] {dag.py:3722} INFO - Setting next_dagrun for example_subdag_operator.section-2 to None, run_after=None
[2026-06-10T10:47:21.360+0000] {logging_mixin.py:154} INFO - [2026-06-10T10:47:21.360+0000] {dag.py:2941} INFO - Sync 2 DAGs
[2026-06-10T10:47:21.365+0000] {logging_mixin.py:154} INFO - [2026-06-10T10:47:21.365+0000] {dag.py:3722} INFO - Setting next_dagrun for example_subdag_operator.section-1 to None, run_after=None
[2026-06-10T10:47:21.365+0000] {logging_mixin.py:154} INFO - [2026-06-10T10:47:21.365+0000] {dag.py:3722} INFO - Setting next_dagrun for example_subdag_operator.section-2 to None, run_after=None
[2026-06-10T10:47:21.376+0000] {processor.py:179} INFO - Processing /home/airflow/.local/lib/python3.10/site-packages/airflow/example_dags/example_subdag_operator.py took 0.097 seconds
[2026-06-10T10:47:52.292+0000] {processor.py:157} INFO - Started process (PID=1711) to work on /home/airflow/.local/lib/python3.10/site-packages/airflow/example_dags/example_subdag_operator.py
[2026-06-10T10:47:52.295+0000] {processor.py:829} INFO - Processing file /home/airflow/.local/lib/python3.10/site-packages/airflow/example_dags/example_subdag_operator.py for tasks to queue
[2026-06-10T10:47:52.296+0000] {logging_mixin.py:154} INFO - [2026-06-10T10:47:52.295+0000] {dagbag.py:536} INFO - Filling up the DagBag from /home/airflow/.local/lib/python3.10/site-packages/airflow/example_dags/example_subdag_operator.py
[2026-06-10T10:47:52.373+0000] {processor.py:839} INFO - DAG(s) dict_keys(['example_subdag_operator.section-1', 'example_subdag_operator.section-2', 'example_subdag_operator']) retrieved from /home/airflow/.local/lib/python3.10/site-packages/airflow/example_dags/example_subdag_operator.py
[2026-06-10T10:47:52.424+0000] {logging_mixin.py:154} INFO - [2026-06-10T10:47:52.424+0000] {dag.py:2941} INFO - Sync 3 DAGs
[2026-06-10T10:47:52.474+0000] {logging_mixin.py:154} INFO - [2026-06-10T10:47:52.474+0000] {dag.py:3722} INFO - Setting next_dagrun for example_subdag_operator to 2022-01-01T00:00:00+00:00, run_after=2022-01-01T00:00:00+00:00
[2026-06-10T10:47:52.486+0000] {logging_mixin.py:154} INFO - [2026-06-10T10:47:52.486+0000] {dag.py:3722} INFO - Setting next_dagrun for example_subdag_operator.section-1 to None, run_after=None
[2026-06-10T10:47:52.496+0000] {logging_mixin.py:154} INFO - [2026-06-10T10:47:52.495+0000] {dag.py:3722} INFO - Setting next_dagrun for example_subdag_operator.section-2 to None, run_after=None
[2026-06-10T10:47:52.514+0000] {logging_mixin.py:154} INFO - [2026-06-10T10:47:52.514+0000] {dag.py:2941} INFO - Sync 2 DAGs
[2026-06-10T10:47:52.534+0000] {logging_mixin.py:154} INFO - [2026-06-10T10:47:52.534+0000] {dag.py:3722} INFO - Setting next_dagrun for example_subdag_operator.section-1 to None, run_after=None
[2026-06-10T10:47:52.536+0000] {logging_mixin.py:154} INFO - [2026-06-10T10:47:52.535+0000] {dag.py:3722} INFO - Setting next_dagrun for example_subdag_operator.section-2 to None, run_after=None
[2026-06-10T10:47:52.569+0000] {processor.py:179} INFO - Processing /home/airflow/.local/lib/python3.10/site-packages/airflow/example_dags/example_subdag_operator.py took 0.282 seconds
[2026-06-10T10:48:22.644+0000] {processor.py:157} INFO - Started process (PID=1760) to work on /home/airflow/.local/lib/python3.10/site-packages/airflow/example_dags/example_subdag_operator.py
[2026-06-10T10:48:22.650+0000] {processor.py:829} INFO - Processing file /home/airflow/.local/lib/python3.10/site-packages/airflow/example_dags/example_subdag_operator.py for tasks to queue
[2026-06-10T10:48:22.651+0000] {logging_mixin.py:154} INFO - [2026-06-10T10:48:22.650+0000] {dagbag.py:536} INFO - Filling up the DagBag from /home/airflow/.local/lib/python3.10/site-packages/airflow/example_dags/example_subdag_operator.py
[2026-06-10T10:48:22.694+0000] {processor.py:839} INFO - DAG(s) dict_keys(['example_subdag_operator.section-1', 'example_subdag_operator.section-2', 'example_subdag_operator']) retrieved from /home/airflow/.local/lib/python3.10/site-packages/airflow/example_dags/example_subdag_operator.py
[2026-06-10T10:48:22.718+0000] {logging_mixin.py:154} INFO - [2026-06-10T10:48:22.718+0000] {dag.py:2941} INFO - Sync 3 DAGs
[2026-06-10T10:48:22.750+0000] {logging_mixin.py:154} INFO - [2026-06-10T10:48:22.750+0000] {dag.py:3722} INFO - Setting next_dagrun for example_subdag_operator to 2022-01-01T00:00:00+00:00, run_after=2022-01-01T00:00:00+00:00
[2026-06-10T10:48:22.755+0000] {logging_mixin.py:154} INFO - [2026-06-10T10:48:22.755+0000] {dag.py:3722} INFO - Setting next_dagrun for example_subdag_operator.section-1 to None, run_after=None
[2026-06-10T10:48:22.757+0000] {logging_mixin.py:154} INFO - [2026-06-10T10:48:22.756+0000] {dag.py:3722} INFO - Setting next_dagrun for example_subdag_operator.section-2 to None, run_after=None
[2026-06-10T10:48:22.766+0000] {logging_mixin.py:154} INFO - [2026-06-10T10:48:22.766+0000] {dag.py:2941} INFO - Sync 2 DAGs
[2026-06-10T10:48:22.772+0000] {logging_mixin.py:154} INFO - [2026-06-10T10:48:22.772+0000] {dag.py:3722} INFO - Setting next_dagrun for example_subdag_operator.section-1 to None, run_after=None
[2026-06-10T10:48:22.773+0000] {logging_mixin.py:154} INFO - [2026-06-10T10:48:22.773+0000] {dag.py:3722} INFO - Setting next_dagrun for example_subdag_operator.section-2 to None, run_after=None
[2026-06-10T10:48:22.786+0000] {processor.py:179} INFO - Processing /home/airflow/.local/lib/python3.10/site-packages/airflow/example_dags/example_subdag_operator.py took 0.153 seconds
[2026-06-10T10:48:53.571+0000] {processor.py:157} INFO - Started process (PID=1811) to work on /home/airflow/.local/lib/python3.10/site-packages/airflow/example_dags/example_subdag_operator.py
[2026-06-10T10:48:53.572+0000] {processor.py:829} INFO - Processing file /home/airflow/.local/lib/python3.10/site-packages/airflow/example_dags/example_subdag_operator.py for tasks to queue
[2026-06-10T10:48:53.573+0000] {logging_mixin.py:154} INFO - [2026-06-10T10:48:53.572+0000] {dagbag.py:536} INFO - Filling up the DagBag from /home/airflow/.local/lib/python3.10/site-packages/airflow/example_dags/example_subdag_operator.py
[2026-06-10T10:48:53.598+0000] {processor.py:839} INFO - DAG(s) dict_keys(['example_subdag_operator.section-1', 'example_subdag_operator.section-2', 'example_subdag_operator']) retrieved from /home/airflow/.local/lib/python3.10/site-packages/airflow/example_dags/example_subdag_operator.py
[2026-06-10T10:48:53.615+0000] {logging_mixin.py:154} INFO - [2026-06-10T10:48:53.615+0000] {dag.py:2941} INFO - Sync 3 DAGs
[2026-06-10T10:48:53.641+0000] {logging_mixin.py:154} INFO - [2026-06-10T10:48:53.641+0000] {dag.py:3722} INFO - Setting next_dagrun for example_subdag_operator to 2022-01-01T00:00:00+00:00, run_after=2022-01-01T00:00:00+00:00
[2026-06-10T10:48:53.646+0000] {logging_mixin.py:154} INFO - [2026-06-10T10:48:53.646+0000] {dag.py:3722} INFO - Setting next_dagrun for example_subdag_operator.section-1 to None, run_after=None
[2026-06-10T10:48:53.648+0000] {logging_mixin.py:154} INFO - [2026-06-10T10:48:53.647+0000] {dag.py:3722} INFO - Setting next_dagrun for example_subdag_operator.section-2 to None, run_after=None
[2026-06-10T10:48:53.655+0000] {logging_mixin.py:154} INFO - [2026-06-10T10:48:53.655+0000] {dag.py:2941} INFO - Sync 2 DAGs
[2026-06-10T10:48:53.660+0000] {logging_mixin.py:154} INFO - [2026-06-10T10:48:53.660+0000] {dag.py:3722} INFO - Setting next_dagrun for example_subdag_operator.section-1 to None, run_after=None
[2026-06-10T10:48:53.661+0000] {logging_mixin.py:154} INFO - [2026-06-10T10:48:53.661+0000] {dag.py:3722} INFO - Setting next_dagrun for example_subdag_operator.section-2 to None, run_after=None
[2026-06-10T10:48:53.671+0000] {processor.py:179} INFO - Processing /home/airflow/.local/lib/python3.10/site-packages/airflow/example_dags/example_subdag_operator.py took 0.104 seconds
[2026-06-10T10:49:24.198+0000] {processor.py:157} INFO - Started process (PID=1862) to work on /home/airflow/.local/lib/python3.10/site-packages/airflow/example_dags/example_subdag_operator.py
[2026-06-10T10:49:24.209+0000] {processor.py:829} INFO - Processing file /home/airflow/.local/lib/python3.10/site-packages/airflow/example_dags/example_subdag_operator.py for tasks to queue
[2026-06-10T10:49:24.211+0000] {logging_mixin.py:154} INFO - [2026-06-10T10:49:24.210+0000] {dagbag.py:536} INFO - Filling up the DagBag from /home/airflow/.local/lib/python3.10/site-packages/airflow/example_dags/example_subdag_operator.py
[2026-06-10T10:49:24.246+0000] {processor.py:839} INFO - DAG(s) dict_keys(['example_subdag_operator.section-1', 'example_subdag_operator.section-2', 'example_subdag_operator']) retrieved from /home/airflow/.local/lib/python3.10/site-packages/airflow/example_dags/example_subdag_operator.py
[2026-06-10T10:49:24.269+0000] {logging_mixin.py:154} INFO - [2026-06-10T10:49:24.268+0000] {dag.py:2941} INFO - Sync 3 DAGs
[2026-06-10T10:49:24.337+0000] {logging_mixin.py:154} INFO - [2026-06-10T10:49:24.337+0000] {dag.py:3722} INFO - Setting next_dagrun for example_subdag_operator to 2022-01-01T00:00:00+00:00, run_after=2022-01-01T00:00:00+00:00
[2026-06-10T10:49:24.342+0000] {logging_mixin.py:154} INFO - [2026-06-10T10:49:24.342+0000] {dag.py:3722} INFO - Setting next_dagrun for example_subdag_operator.section-1 to None, run_after=None
[2026-06-10T10:49:24.344+0000] {logging_mixin.py:154} INFO - [2026-06-10T10:49:24.344+0000] {dag.py:3722} INFO - Setting next_dagrun for example_subdag_operator.section-2 to None, run_after=None
[2026-06-10T10:49:24.353+0000] {logging_mixin.py:154} INFO - [2026-06-10T10:49:24.352+0000] {dag.py:2941} INFO - Sync 2 DAGs
[2026-06-10T10:49:24.359+0000] {logging_mixin.py:154} INFO - [2026-06-10T10:49:24.359+0000] {dag.py:3722} INFO - Setting next_dagrun for example_subdag_operator.section-1 to None, run_after=None
[2026-06-10T10:49:24.360+0000] {logging_mixin.py:154} INFO - [2026-06-10T10:49:24.360+0000] {dag.py:3722} INFO - Setting next_dagrun for example_subdag_operator.section-2 to None, run_after=None
[2026-06-10T10:49:24.386+0000] {processor.py:179} INFO - Processing /home/airflow/.local/lib/python3.10/site-packages/airflow/example_dags/example_subdag_operator.py took 0.205 seconds
[2026-06-10T10:49:54.702+0000] {processor.py:157} INFO - Started process (PID=1913) to work on /home/airflow/.local/lib/python3.10/site-packages/airflow/example_dags/example_subdag_operator.py
[2026-06-10T10:49:54.711+0000] {processor.py:829} INFO - Processing file /home/airflow/.local/lib/python3.10/site-packages/airflow/example_dags/example_subdag_operator.py for tasks to queue
[2026-06-10T10:49:54.712+0000] {logging_mixin.py:154} INFO - [2026-06-10T10:49:54.712+0000] {dagbag.py:536} INFO - Filling up the DagBag from /home/airflow/.local/lib/python3.10/site-packages/airflow/example_dags/example_subdag_operator.py
[2026-06-10T10:49:54.750+0000] {processor.py:839} INFO - DAG(s) dict_keys(['example_subdag_operator.section-1', 'example_subdag_operator.section-2', 'example_subdag_operator']) retrieved from /home/airflow/.local/lib/python3.10/site-packages/airflow/example_dags/example_subdag_operator.py
[2026-06-10T10:49:54.773+0000] {logging_mixin.py:154} INFO - [2026-06-10T10:49:54.773+0000] {dag.py:2941} INFO - Sync 3 DAGs
[2026-06-10T10:49:54.797+0000] {logging_mixin.py:154} INFO - [2026-06-10T10:49:54.797+0000] {dag.py:3722} INFO - Setting next_dagrun for example_subdag_operator to 2022-01-01T00:00:00+00:00, run_after=2022-01-01T00:00:00+00:00
[2026-06-10T10:49:54.800+0000] {logging_mixin.py:154} INFO - [2026-06-10T10:49:54.800+0000] {dag.py:3722} INFO - Setting next_dagrun for example_subdag_operator.section-1 to None, run_after=None
[2026-06-10T10:49:54.802+0000] {logging_mixin.py:154} INFO - [2026-06-10T10:49:54.801+0000] {dag.py:3722} INFO - Setting next_dagrun for example_subdag_operator.section-2 to None, run_after=None
[2026-06-10T10:49:54.810+0000] {logging_mixin.py:154} INFO - [2026-06-10T10:49:54.810+0000] {dag.py:2941} INFO - Sync 2 DAGs
[2026-06-10T10:49:54.815+0000] {logging_mixin.py:154} INFO - [2026-06-10T10:49:54.815+0000] {dag.py:3722} INFO - Setting next_dagrun for example_subdag_operator.section-1 to None, run_after=None
[2026-06-10T10:49:54.815+0000] {logging_mixin.py:154} INFO - [2026-06-10T10:49:54.815+0000] {dag.py:3722} INFO - Setting next_dagrun for example_subdag_operator.section-2 to None, run_after=None
[2026-06-10T10:49:54.827+0000] {processor.py:179} INFO - Processing /home/airflow/.local/lib/python3.10/site-packages/airflow/example_dags/example_subdag_operator.py took 0.137 seconds
[2026-06-10T10:50:25.474+0000] {processor.py:157} INFO - Started process (PID=1964) to work on /home/airflow/.local/lib/python3.10/site-packages/airflow/example_dags/example_subdag_operator.py
[2026-06-10T10:50:25.476+0000] {processor.py:829} INFO - Processing file /home/airflow/.local/lib/python3.10/site-packages/airflow/example_dags/example_subdag_operator.py for tasks to queue
[2026-06-10T10:50:25.478+0000] {logging_mixin.py:154} INFO - [2026-06-10T10:50:25.477+0000] {dagbag.py:536} INFO - Filling up the DagBag from /home/airflow/.local/lib/python3.10/site-packages/airflow/example_dags/example_subdag_operator.py
[2026-06-10T10:50:25.507+0000] {processor.py:839} INFO - DAG(s) dict_keys(['example_subdag_operator.section-1', 'example_subdag_operator.section-2', 'example_subdag_operator']) retrieved from /home/airflow/.local/lib/python3.10/site-packages/airflow/example_dags/example_subdag_operator.py
[2026-06-10T10:50:25.524+0000] {logging_mixin.py:154} INFO - [2026-06-10T10:50:25.524+0000] {dag.py:2941} INFO - Sync 3 DAGs
[2026-06-10T10:50:25.554+0000] {logging_mixin.py:154} INFO - [2026-06-10T10:50:25.553+0000] {dag.py:3722} INFO - Setting next_dagrun for example_subdag_operator to 2022-01-01T00:00:00+00:00, run_after=2022-01-01T00:00:00+00:00
[2026-06-10T10:50:25.557+0000] {logging_mixin.py:154} INFO - [2026-06-10T10:50:25.557+0000] {dag.py:3722} INFO - Setting next_dagrun for example_subdag_operator.section-1 to None, run_after=None
[2026-06-10T10:50:25.558+0000] {logging_mixin.py:154} INFO - [2026-06-10T10:50:25.558+0000] {dag.py:3722} INFO - Setting next_dagrun for example_subdag_operator.section-2 to None, run_after=None
[2026-06-10T10:50:25.565+0000] {logging_mixin.py:154} INFO - [2026-06-10T10:50:25.565+0000] {dag.py:2941} INFO - Sync 2 DAGs
[2026-06-10T10:50:25.570+0000] {logging_mixin.py:154} INFO - [2026-06-10T10:50:25.570+0000] {dag.py:3722} INFO - Setting next_dagrun for example_subdag_operator.section-1 to None, run_after=None
[2026-06-10T10:50:25.571+0000] {logging_mixin.py:154} INFO - [2026-06-10T10:50:25.570+0000] {dag.py:3722} INFO - Setting next_dagrun for example_subdag_operator.section-2 to None, run_after=None
[2026-06-10T10:50:25.582+0000] {processor.py:179} INFO - Processing /home/airflow/.local/lib/python3.10/site-packages/airflow/example_dags/example_subdag_operator.py took 0.113 seconds
[2026-06-10T10:50:55.754+0000] {processor.py:157} INFO - Started process (PID=2015) to work on /home/airflow/.local/lib/python3.10/site-packages/airflow/example_dags/example_subdag_operator.py
[2026-06-10T10:50:55.755+0000] {processor.py:829} INFO - Processing file /home/airflow/.local/lib/python3.10/site-packages/airflow/example_dags/example_subdag_operator.py for tasks to queue
[2026-06-10T10:50:55.756+0000] {logging_mixin.py:154} INFO - [2026-06-10T10:50:55.756+0000] {dagbag.py:536} INFO - Filling up the DagBag from /home/airflow/.local/lib/python3.10/site-packages/airflow/example_dags/example_subdag_operator.py
[2026-06-10T10:50:55.795+0000] {processor.py:839} INFO - DAG(s) dict_keys(['example_subdag_operator.section-1', 'example_subdag_operator.section-2', 'example_subdag_operator']) retrieved from /home/airflow/.local/lib/python3.10/site-packages/airflow/example_dags/example_subdag_operator.py
[2026-06-10T10:50:55.818+0000] {logging_mixin.py:154} INFO - [2026-06-10T10:50:55.817+0000] {dag.py:2941} INFO - Sync 3 DAGs
[2026-06-10T10:50:55.849+0000] {logging_mixin.py:154} INFO - [2026-06-10T10:50:55.848+0000] {dag.py:3722} INFO - Setting next_dagrun for example_subdag_operator to 2022-01-01T00:00:00+00:00, run_after=2022-01-01T00:00:00+00:00
[2026-06-10T10:50:55.854+0000] {logging_mixin.py:154} INFO - [2026-06-10T10:50:55.853+0000] {dag.py:3722} INFO - Setting next_dagrun for example_subdag_operator.section-1 to None, run_after=None
[2026-06-10T10:50:55.855+0000] {logging_mixin.py:154} INFO - [2026-06-10T10:50:55.855+0000] {dag.py:3722} INFO - Setting next_dagrun for example_subdag_operator.section-2 to None, run_after=None
[2026-06-10T10:50:55.865+0000] {logging_mixin.py:154} INFO - [2026-06-10T10:50:55.864+0000] {dag.py:2941} INFO - Sync 2 DAGs
[2026-06-10T10:50:55.871+0000] {logging_mixin.py:154} INFO - [2026-06-10T10:50:55.871+0000] {dag.py:3722} INFO - Setting next_dagrun for example_subdag_operator.section-1 to None, run_after=None
[2026-06-10T10:50:55.872+0000] {logging_mixin.py:154} INFO - [2026-06-10T10:50:55.872+0000] {dag.py:3722} INFO - Setting next_dagrun for example_subdag_operator.section-2 to None, run_after=None
[2026-06-10T10:50:55.901+0000] {processor.py:179} INFO - Processing /home/airflow/.local/lib/python3.10/site-packages/airflow/example_dags/example_subdag_operator.py took 0.153 seconds
[2026-06-10T10:51:26.085+0000] {processor.py:157} INFO - Started process (PID=2066) to work on /home/airflow/.local/lib/python3.10/site-packages/airflow/example_dags/example_subdag_operator.py
[2026-06-10T10:51:26.086+0000] {processor.py:829} INFO - Processing file /home/airflow/.local/lib/python3.10/site-packages/airflow/example_dags/example_subdag_operator.py for tasks to queue
[2026-06-10T10:51:26.087+0000] {logging_mixin.py:154} INFO - [2026-06-10T10:51:26.087+0000] {dagbag.py:536} INFO - Filling up the DagBag from /home/airflow/.local/lib/python3.10/site-packages/airflow/example_dags/example_subdag_operator.py
[2026-06-10T10:51:26.115+0000] {processor.py:839} INFO - DAG(s) dict_keys(['example_subdag_operator.section-1', 'example_subdag_operator.section-2', 'example_subdag_operator']) retrieved from /home/airflow/.local/lib/python3.10/site-packages/airflow/example_dags/example_subdag_operator.py
[2026-06-10T10:51:26.132+0000] {logging_mixin.py:154} INFO - [2026-06-10T10:51:26.132+0000] {dag.py:2941} INFO - Sync 3 DAGs
[2026-06-10T10:51:26.154+0000] {logging_mixin.py:154} INFO - [2026-06-10T10:51:26.154+0000] {dag.py:3722} INFO - Setting next_dagrun for example_subdag_operator to 2022-01-01T00:00:00+00:00, run_after=2022-01-01T00:00:00+00:00
[2026-06-10T10:51:26.158+0000] {logging_mixin.py:154} INFO - [2026-06-10T10:51:26.158+0000] {dag.py:3722} INFO - Setting next_dagrun for example_subdag_operator.section-1 to None, run_after=None
[2026-06-10T10:51:26.159+0000] {logging_mixin.py:154} INFO - [2026-06-10T10:51:26.159+0000] {dag.py:3722} INFO - Setting next_dagrun for example_subdag_operator.section-2 to None, run_after=None
[2026-06-10T10:51:26.167+0000] {logging_mixin.py:154} INFO - [2026-06-10T10:51:26.166+0000] {dag.py:2941} INFO - Sync 2 DAGs
[2026-06-10T10:51:26.172+0000] {logging_mixin.py:154} INFO - [2026-06-10T10:51:26.171+0000] {dag.py:3722} INFO - Setting next_dagrun for example_subdag_operator.section-1 to None, run_after=None
[2026-06-10T10:51:26.172+0000] {logging_mixin.py:154} INFO - [2026-06-10T10:51:26.172+0000] {dag.py:3722} INFO - Setting next_dagrun for example_subdag_operator.section-2 to None, run_after=None
[2026-06-10T10:51:26.186+0000] {processor.py:179} INFO - Processing /home/airflow/.local/lib/python3.10/site-packages/airflow/example_dags/example_subdag_operator.py took 0.106 seconds
[2026-06-10T10:51:56.531+0000] {processor.py:157} INFO - Started process (PID=2117) to work on /home/airflow/.local/lib/python3.10/site-packages/airflow/example_dags/example_subdag_operator.py
[2026-06-10T10:51:56.536+0000] {processor.py:829} INFO - Processing file /home/airflow/.local/lib/python3.10/site-packages/airflow/example_dags/example_subdag_operator.py for tasks to queue
[2026-06-10T10:51:56.537+0000] {logging_mixin.py:154} INFO - [2026-06-10T10:51:56.537+0000] {dagbag.py:536} INFO - Filling up the DagBag from /home/airflow/.local/lib/python3.10/site-packages/airflow/example_dags/example_subdag_operator.py
[2026-06-10T10:51:56.566+0000] {processor.py:839} INFO - DAG(s) dict_keys(['example_subdag_operator.section-1', 'example_subdag_operator.section-2', 'example_subdag_operator']) retrieved from /home/airflow/.local/lib/python3.10/site-packages/airflow/example_dags/example_subdag_operator.py
[2026-06-10T10:51:56.591+0000] {logging_mixin.py:154} INFO - [2026-06-10T10:51:56.590+0000] {dag.py:2941} INFO - Sync 3 DAGs
[2026-06-10T10:51:56.619+0000] {logging_mixin.py:154} INFO - [2026-06-10T10:51:56.618+0000] {dag.py:3722} INFO - Setting next_dagrun for example_subdag_operator to 2022-01-01T00:00:00+00:00, run_after=2022-01-01T00:00:00+00:00
[2026-06-10T10:51:56.622+0000] {logging_mixin.py:154} INFO - [2026-06-10T10:51:56.622+0000] {dag.py:3722} INFO - Setting next_dagrun for example_subdag_operator.section-1 to None, run_after=None
[2026-06-10T10:51:56.623+0000] {logging_mixin.py:154} INFO - [2026-06-10T10:51:56.623+0000] {dag.py:3722} INFO - Setting next_dagrun for example_subdag_operator.section-2 to None, run_after=None
[2026-06-10T10:51:56.630+0000] {logging_mixin.py:154} INFO - [2026-06-10T10:51:56.630+0000] {dag.py:2941} INFO - Sync 2 DAGs
[2026-06-10T10:51:56.635+0000] {logging_mixin.py:154} INFO - [2026-06-10T10:51:56.635+0000] {dag.py:3722} INFO - Setting next_dagrun for example_subdag_operator.section-1 to None, run_after=None
[2026-06-10T10:51:56.635+0000] {logging_mixin.py:154} INFO - [2026-06-10T10:51:56.635+0000] {dag.py:3722} INFO - Setting next_dagrun for example_subdag_operator.section-2 to None, run_after=None
[2026-06-10T10:51:56.646+0000] {processor.py:179} INFO - Processing /home/airflow/.local/lib/python3.10/site-packages/airflow/example_dags/example_subdag_operator.py took 0.120 seconds
[2026-06-10T10:52:27.427+0000] {processor.py:157} INFO - Started process (PID=2168) to work on /home/airflow/.local/lib/python3.10/site-packages/airflow/example_dags/example_subdag_operator.py
[2026-06-10T10:52:27.428+0000] {processor.py:829} INFO - Processing file /home/airflow/.local/lib/python3.10/site-packages/airflow/example_dags/example_subdag_operator.py for tasks to queue
[2026-06-10T10:52:27.429+0000] {logging_mixin.py:154} INFO - [2026-06-10T10:52:27.428+0000] {dagbag.py:536} INFO - Filling up the DagBag from /home/airflow/.local/lib/python3.10/site-packages/airflow/example_dags/example_subdag_operator.py
[2026-06-10T10:52:27.454+0000] {processor.py:839} INFO - DAG(s) dict_keys(['example_subdag_operator.section-1', 'example_subdag_operator.section-2', 'example_subdag_operator']) retrieved from /home/airflow/.local/lib/python3.10/site-packages/airflow/example_dags/example_subdag_operator.py
[2026-06-10T10:52:27.471+0000] {logging_mixin.py:154} INFO - [2026-06-10T10:52:27.470+0000] {dag.py:2941} INFO - Sync 3 DAGs
[2026-06-10T10:52:27.492+0000] {logging_mixin.py:154} INFO - [2026-06-10T10:52:27.492+0000] {dag.py:3722} INFO - Setting next_dagrun for example_subdag_operator to 2022-01-01T00:00:00+00:00, run_after=2022-01-01T00:00:00+00:00
[2026-06-10T10:52:27.496+0000] {logging_mixin.py:154} INFO - [2026-06-10T10:52:27.495+0000] {dag.py:3722} INFO - Setting next_dagrun for example_subdag_operator.section-1 to None, run_after=None
[2026-06-10T10:52:27.497+0000] {logging_mixin.py:154} INFO - [2026-06-10T10:52:27.497+0000] {dag.py:3722} INFO - Setting next_dagrun for example_subdag_operator.section-2 to None, run_after=None
[2026-06-10T10:52:27.504+0000] {logging_mixin.py:154} INFO - [2026-06-10T10:52:27.503+0000] {dag.py:2941} INFO - Sync 2 DAGs
[2026-06-10T10:52:27.508+0000] {logging_mixin.py:154} INFO - [2026-06-10T10:52:27.508+0000] {dag.py:3722} INFO - Setting next_dagrun for example_subdag_operator.section-1 to None, run_after=None
[2026-06-10T10:52:27.509+0000] {logging_mixin.py:154} INFO - [2026-06-10T10:52:27.509+0000] {dag.py:3722} INFO - Setting next_dagrun for example_subdag_operator.section-2 to None, run_after=None
[2026-06-10T10:52:27.519+0000] {processor.py:179} INFO - Processing /home/airflow/.local/lib/python3.10/site-packages/airflow/example_dags/example_subdag_operator.py took 0.097 seconds
[2026-06-10T10:52:58.023+0000] {processor.py:157} INFO - Started process (PID=2219) to work on /home/airflow/.local/lib/python3.10/site-packages/airflow/example_dags/example_subdag_operator.py
[2026-06-10T10:52:58.028+0000] {processor.py:829} INFO - Processing file /home/airflow/.local/lib/python3.10/site-packages/airflow/example_dags/example_subdag_operator.py for tasks to queue
[2026-06-10T10:52:58.031+0000] {logging_mixin.py:154} INFO - [2026-06-10T10:52:58.031+0000] {dagbag.py:536} INFO - Filling up the DagBag from /home/airflow/.local/lib/python3.10/site-packages/airflow/example_dags/example_subdag_operator.py
[2026-06-10T10:52:58.108+0000] {processor.py:839} INFO - DAG(s) dict_keys(['example_subdag_operator.section-1', 'example_subdag_operator.section-2', 'example_subdag_operator']) retrieved from /home/airflow/.local/lib/python3.10/site-packages/airflow/example_dags/example_subdag_operator.py
[2026-06-10T10:52:58.143+0000] {logging_mixin.py:154} INFO - [2026-06-10T10:52:58.143+0000] {dag.py:2941} INFO - Sync 3 DAGs
[2026-06-10T10:52:58.183+0000] {logging_mixin.py:154} INFO - [2026-06-10T10:52:58.183+0000] {dag.py:3722} INFO - Setting next_dagrun for example_subdag_operator to 2022-01-01T00:00:00+00:00, run_after=2022-01-01T00:00:00+00:00
[2026-06-10T10:52:58.189+0000] {logging_mixin.py:154} INFO - [2026-06-10T10:52:58.188+0000] {dag.py:3722} INFO - Setting next_dagrun for example_subdag_operator.section-1 to None, run_after=None
[2026-06-10T10:52:58.191+0000] {logging_mixin.py:154} INFO - [2026-06-10T10:52:58.190+0000] {dag.py:3722} INFO - Setting next_dagrun for example_subdag_operator.section-2 to None, run_after=None
[2026-06-10T10:52:58.201+0000] {logging_mixin.py:154} INFO - [2026-06-10T10:52:58.200+0000] {dag.py:2941} INFO - Sync 2 DAGs
[2026-06-10T10:52:58.208+0000] {logging_mixin.py:154} INFO - [2026-06-10T10:52:58.208+0000] {dag.py:3722} INFO - Setting next_dagrun for example_subdag_operator.section-1 to None, run_after=None
[2026-06-10T10:52:58.209+0000] {logging_mixin.py:154} INFO - [2026-06-10T10:52:58.208+0000] {dag.py:3722} INFO - Setting next_dagrun for example_subdag_operator.section-2 to None, run_after=None
[2026-06-10T10:52:58.247+0000] {processor.py:179} INFO - Processing /home/airflow/.local/lib/python3.10/site-packages/airflow/example_dags/example_subdag_operator.py took 0.230 seconds
[2026-06-10T10:53:28.369+0000] {processor.py:157} INFO - Started process (PID=2270) to work on /home/airflow/.local/lib/python3.10/site-packages/airflow/example_dags/example_subdag_operator.py
[2026-06-10T10:53:28.370+0000] {processor.py:829} INFO - Processing file /home/airflow/.local/lib/python3.10/site-packages/airflow/example_dags/example_subdag_operator.py for tasks to queue
[2026-06-10T10:53:28.372+0000] {logging_mixin.py:154} INFO - [2026-06-10T10:53:28.371+0000] {dagbag.py:536} INFO - Filling up the DagBag from /home/airflow/.local/lib/python3.10/site-packages/airflow/example_dags/example_subdag_operator.py
[2026-06-10T10:53:28.399+0000] {processor.py:839} INFO - DAG(s) dict_keys(['example_subdag_operator.section-1', 'example_subdag_operator.section-2', 'example_subdag_operator']) retrieved from /home/airflow/.local/lib/python3.10/site-packages/airflow/example_dags/example_subdag_operator.py
[2026-06-10T10:53:28.416+0000] {logging_mixin.py:154} INFO - [2026-06-10T10:53:28.415+0000] {dag.py:2941} INFO - Sync 3 DAGs
[2026-06-10T10:53:28.437+0000] {logging_mixin.py:154} INFO - [2026-06-10T10:53:28.436+0000] {dag.py:3722} INFO - Setting next_dagrun for example_subdag_operator to 2022-01-01T00:00:00+00:00, run_after=2022-01-01T00:00:00+00:00
[2026-06-10T10:53:28.440+0000] {logging_mixin.py:154} INFO - [2026-06-10T10:53:28.440+0000] {dag.py:3722} INFO - Setting next_dagrun for example_subdag_operator.section-1 to None, run_after=None
[2026-06-10T10:53:28.441+0000] {logging_mixin.py:154} INFO - [2026-06-10T10:53:28.441+0000] {dag.py:3722} INFO - Setting next_dagrun for example_subdag_operator.section-2 to None, run_after=None
[2026-06-10T10:53:28.448+0000] {logging_mixin.py:154} INFO - [2026-06-10T10:53:28.448+0000] {dag.py:2941} INFO - Sync 2 DAGs
[2026-06-10T10:53:28.453+0000] {logging_mixin.py:154} INFO - [2026-06-10T10:53:28.453+0000] {dag.py:3722} INFO - Setting next_dagrun for example_subdag_operator.section-1 to None, run_after=None
[2026-06-10T10:53:28.453+0000] {logging_mixin.py:154} INFO - [2026-06-10T10:53:28.453+0000] {dag.py:3722} INFO - Setting next_dagrun for example_subdag_operator.section-2 to None, run_after=None
[2026-06-10T10:53:28.464+0000] {processor.py:179} INFO - Processing /home/airflow/.local/lib/python3.10/site-packages/airflow/example_dags/example_subdag_operator.py took 0.100 seconds
[2026-06-10T10:53:59.160+0000] {processor.py:157} INFO - Started process (PID=2321) to work on /home/airflow/.local/lib/python3.10/site-packages/airflow/example_dags/example_subdag_operator.py
[2026-06-10T10:53:59.163+0000] {processor.py:829} INFO - Processing file /home/airflow/.local/lib/python3.10/site-packages/airflow/example_dags/example_subdag_operator.py for tasks to queue
[2026-06-10T10:53:59.164+0000] {logging_mixin.py:154} INFO - [2026-06-10T10:53:59.163+0000] {dagbag.py:536} INFO - Filling up the DagBag from /home/airflow/.local/lib/python3.10/site-packages/airflow/example_dags/example_subdag_operator.py
[2026-06-10T10:53:59.226+0000] {processor.py:839} INFO - DAG(s) dict_keys(['example_subdag_operator.section-1', 'example_subdag_operator.section-2', 'example_subdag_operator']) retrieved from /home/airflow/.local/lib/python3.10/site-packages/airflow/example_dags/example_subdag_operator.py
[2026-06-10T10:53:59.255+0000] {logging_mixin.py:154} INFO - [2026-06-10T10:53:59.254+0000] {dag.py:2941} INFO - Sync 3 DAGs
[2026-06-10T10:53:59.290+0000] {logging_mixin.py:154} INFO - [2026-06-10T10:53:59.290+0000] {dag.py:3722} INFO - Setting next_dagrun for example_subdag_operator to 2022-01-01T00:00:00+00:00, run_after=2022-01-01T00:00:00+00:00
[2026-06-10T10:53:59.295+0000] {logging_mixin.py:154} INFO - [2026-06-10T10:53:59.295+0000] {dag.py:3722} INFO - Setting next_dagrun for example_subdag_operator.section-1 to None, run_after=None
[2026-06-10T10:53:59.297+0000] {logging_mixin.py:154} INFO - [2026-06-10T10:53:59.297+0000] {dag.py:3722} INFO - Setting next_dagrun for example_subdag_operator.section-2 to None, run_after=None
[2026-06-10T10:53:59.307+0000] {logging_mixin.py:154} INFO - [2026-06-10T10:53:59.307+0000] {dag.py:2941} INFO - Sync 2 DAGs
[2026-06-10T10:53:59.314+0000] {logging_mixin.py:154} INFO - [2026-06-10T10:53:59.314+0000] {dag.py:3722} INFO - Setting next_dagrun for example_subdag_operator.section-1 to None, run_after=None
[2026-06-10T10:53:59.315+0000] {logging_mixin.py:154} INFO - [2026-06-10T10:53:59.315+0000] {dag.py:3722} INFO - Setting next_dagrun for example_subdag_operator.section-2 to None, run_after=None
[2026-06-10T10:53:59.328+0000] {processor.py:179} INFO - Processing /home/airflow/.local/lib/python3.10/site-packages/airflow/example_dags/example_subdag_operator.py took 0.181 seconds
[2026-06-10T10:54:29.359+0000] {processor.py:157} INFO - Started process (PID=2372) to work on /home/airflow/.local/lib/python3.10/site-packages/airflow/example_dags/example_subdag_operator.py
[2026-06-10T10:54:29.360+0000] {processor.py:829} INFO - Processing file /home/airflow/.local/lib/python3.10/site-packages/airflow/example_dags/example_subdag_operator.py for tasks to queue
[2026-06-10T10:54:29.361+0000] {logging_mixin.py:154} INFO - [2026-06-10T10:54:29.361+0000] {dagbag.py:536} INFO - Filling up the DagBag from /home/airflow/.local/lib/python3.10/site-packages/airflow/example_dags/example_subdag_operator.py
[2026-06-10T10:54:29.386+0000] {processor.py:839} INFO - DAG(s) dict_keys(['example_subdag_operator.section-1', 'example_subdag_operator.section-2', 'example_subdag_operator']) retrieved from /home/airflow/.local/lib/python3.10/site-packages/airflow/example_dags/example_subdag_operator.py
[2026-06-10T10:54:29.403+0000] {logging_mixin.py:154} INFO - [2026-06-10T10:54:29.403+0000] {dag.py:2941} INFO - Sync 3 DAGs
[2026-06-10T10:54:29.425+0000] {logging_mixin.py:154} INFO - [2026-06-10T10:54:29.425+0000] {dag.py:3722} INFO - Setting next_dagrun for example_subdag_operator to 2022-01-01T00:00:00+00:00, run_after=2022-01-01T00:00:00+00:00
[2026-06-10T10:54:29.428+0000] {logging_mixin.py:154} INFO - [2026-06-10T10:54:29.428+0000] {dag.py:3722} INFO - Setting next_dagrun for example_subdag_operator.section-1 to None, run_after=None
[2026-06-10T10:54:29.430+0000] {logging_mixin.py:154} INFO - [2026-06-10T10:54:29.430+0000] {dag.py:3722} INFO - Setting next_dagrun for example_subdag_operator.section-2 to None, run_after=None
[2026-06-10T10:54:29.437+0000] {logging_mixin.py:154} INFO - [2026-06-10T10:54:29.436+0000] {dag.py:2941} INFO - Sync 2 DAGs
[2026-06-10T10:54:29.442+0000] {logging_mixin.py:154} INFO - [2026-06-10T10:54:29.442+0000] {dag.py:3722} INFO - Setting next_dagrun for example_subdag_operator.section-1 to None, run_after=None
[2026-06-10T10:54:29.442+0000] {logging_mixin.py:154} INFO - [2026-06-10T10:54:29.442+0000] {dag.py:3722} INFO - Setting next_dagrun for example_subdag_operator.section-2 to None, run_after=None
[2026-06-10T10:54:29.453+0000] {processor.py:179} INFO - Processing /home/airflow/.local/lib/python3.10/site-packages/airflow/example_dags/example_subdag_operator.py took 0.097 seconds
[2026-06-10T10:54:59.896+0000] {processor.py:157} INFO - Started process (PID=2423) to work on /home/airflow/.local/lib/python3.10/site-packages/airflow/example_dags/example_subdag_operator.py
[2026-06-10T10:54:59.899+0000] {processor.py:829} INFO - Processing file /home/airflow/.local/lib/python3.10/site-packages/airflow/example_dags/example_subdag_operator.py for tasks to queue
[2026-06-10T10:54:59.901+0000] {logging_mixin.py:154} INFO - [2026-06-10T10:54:59.900+0000] {dagbag.py:536} INFO - Filling up the DagBag from /home/airflow/.local/lib/python3.10/site-packages/airflow/example_dags/example_subdag_operator.py
[2026-06-10T10:54:59.928+0000] {processor.py:839} INFO - DAG(s) dict_keys(['example_subdag_operator.section-1', 'example_subdag_operator.section-2', 'example_subdag_operator']) retrieved from /home/airflow/.local/lib/python3.10/site-packages/airflow/example_dags/example_subdag_operator.py
[2026-06-10T10:54:59.946+0000] {logging_mixin.py:154} INFO - [2026-06-10T10:54:59.945+0000] {dag.py:2941} INFO - Sync 3 DAGs
[2026-06-10T10:54:59.975+0000] {logging_mixin.py:154} INFO - [2026-06-10T10:54:59.974+0000] {dag.py:3722} INFO - Setting next_dagrun for example_subdag_operator to 2022-01-01T00:00:00+00:00, run_after=2022-01-01T00:00:00+00:00
[2026-06-10T10:54:59.979+0000] {logging_mixin.py:154} INFO - [2026-06-10T10:54:59.979+0000] {dag.py:3722} INFO - Setting next_dagrun for example_subdag_operator.section-1 to None, run_after=None
[2026-06-10T10:54:59.981+0000] {logging_mixin.py:154} INFO - [2026-06-10T10:54:59.981+0000] {dag.py:3722} INFO - Setting next_dagrun for example_subdag_operator.section-2 to None, run_after=None
[2026-06-10T10:54:59.990+0000] {logging_mixin.py:154} INFO - [2026-06-10T10:54:59.990+0000] {dag.py:2941} INFO - Sync 2 DAGs
[2026-06-10T10:54:59.998+0000] {logging_mixin.py:154} INFO - [2026-06-10T10:54:59.998+0000] {dag.py:3722} INFO - Setting next_dagrun for example_subdag_operator.section-1 to None, run_after=None
[2026-06-10T10:54:59.998+0000] {logging_mixin.py:154} INFO - [2026-06-10T10:54:59.998+0000] {dag.py:3722} INFO - Setting next_dagrun for example_subdag_operator.section-2 to None, run_after=None
[2026-06-10T10:55:00.031+0000] {processor.py:179} INFO - Processing /home/airflow/.local/lib/python3.10/site-packages/airflow/example_dags/example_subdag_operator.py took 0.140 seconds
[2026-06-10T10:55:30.129+0000] {processor.py:157} INFO - Started process (PID=2474) to work on /home/airflow/.local/lib/python3.10/site-packages/airflow/example_dags/example_subdag_operator.py
[2026-06-10T10:55:30.132+0000] {processor.py:829} INFO - Processing file /home/airflow/.local/lib/python3.10/site-packages/airflow/example_dags/example_subdag_operator.py for tasks to queue
[2026-06-10T10:55:30.133+0000] {logging_mixin.py:154} INFO - [2026-06-10T10:55:30.132+0000] {dagbag.py:536} INFO - Filling up the DagBag from /home/airflow/.local/lib/python3.10/site-packages/airflow/example_dags/example_subdag_operator.py
[2026-06-10T10:55:30.163+0000] {processor.py:839} INFO - DAG(s) dict_keys(['example_subdag_operator.section-1', 'example_subdag_operator.section-2', 'example_subdag_operator']) retrieved from /home/airflow/.local/lib/python3.10/site-packages/airflow/example_dags/example_subdag_operator.py
[2026-06-10T10:55:30.181+0000] {logging_mixin.py:154} INFO - [2026-06-10T10:55:30.181+0000] {dag.py:2941} INFO - Sync 3 DAGs
[2026-06-10T10:55:30.205+0000] {logging_mixin.py:154} INFO - [2026-06-10T10:55:30.205+0000] {dag.py:3722} INFO - Setting next_dagrun for example_subdag_operator to 2022-01-01T00:00:00+00:00, run_after=2022-01-01T00:00:00+00:00
[2026-06-10T10:55:30.209+0000] {logging_mixin.py:154} INFO - [2026-06-10T10:55:30.209+0000] {dag.py:3722} INFO - Setting next_dagrun for example_subdag_operator.section-1 to None, run_after=None
[2026-06-10T10:55:30.210+0000] {logging_mixin.py:154} INFO - [2026-06-10T10:55:30.210+0000] {dag.py:3722} INFO - Setting next_dagrun for example_subdag_operator.section-2 to None, run_after=None
[2026-06-10T10:55:30.218+0000] {logging_mixin.py:154} INFO - [2026-06-10T10:55:30.218+0000] {dag.py:2941} INFO - Sync 2 DAGs
[2026-06-10T10:55:30.223+0000] {logging_mixin.py:154} INFO - [2026-06-10T10:55:30.223+0000] {dag.py:3722} INFO - Setting next_dagrun for example_subdag_operator.section-1 to None, run_after=None
[2026-06-10T10:55:30.224+0000] {logging_mixin.py:154} INFO - [2026-06-10T10:55:30.224+0000] {dag.py:3722} INFO - Setting next_dagrun for example_subdag_operator.section-2 to None, run_after=None
[2026-06-10T10:55:30.238+0000] {processor.py:179} INFO - Processing /home/airflow/.local/lib/python3.10/site-packages/airflow/example_dags/example_subdag_operator.py took 0.117 seconds
[2026-06-10T10:56:00.692+0000] {processor.py:157} INFO - Started process (PID=2525) to work on /home/airflow/.local/lib/python3.10/site-packages/airflow/example_dags/example_subdag_operator.py
[2026-06-10T10:56:00.693+0000] {processor.py:829} INFO - Processing file /home/airflow/.local/lib/python3.10/site-packages/airflow/example_dags/example_subdag_operator.py for tasks to queue
[2026-06-10T10:56:00.695+0000] {logging_mixin.py:154} INFO - [2026-06-10T10:56:00.694+0000] {dagbag.py:536} INFO - Filling up the DagBag from /home/airflow/.local/lib/python3.10/site-packages/airflow/example_dags/example_subdag_operator.py
[2026-06-10T10:56:00.756+0000] {processor.py:839} INFO - DAG(s) dict_keys(['example_subdag_operator.section-1', 'example_subdag_operator.section-2', 'example_subdag_operator']) retrieved from /home/airflow/.local/lib/python3.10/site-packages/airflow/example_dags/example_subdag_operator.py
[2026-06-10T10:56:00.805+0000] {logging_mixin.py:154} INFO - [2026-06-10T10:56:00.804+0000] {dag.py:2941} INFO - Sync 3 DAGs
[2026-06-10T10:56:00.856+0000] {logging_mixin.py:154} INFO - [2026-06-10T10:56:00.856+0000] {dag.py:3722} INFO - Setting next_dagrun for example_subdag_operator to 2022-01-01T00:00:00+00:00, run_after=2022-01-01T00:00:00+00:00
[2026-06-10T10:56:00.865+0000] {logging_mixin.py:154} INFO - [2026-06-10T10:56:00.865+0000] {dag.py:3722} INFO - Setting next_dagrun for example_subdag_operator.section-1 to None, run_after=None
[2026-06-10T10:56:00.869+0000] {logging_mixin.py:154} INFO - [2026-06-10T10:56:00.869+0000] {dag.py:3722} INFO - Setting next_dagrun for example_subdag_operator.section-2 to None, run_after=None
[2026-06-10T10:56:00.887+0000] {logging_mixin.py:154} INFO - [2026-06-10T10:56:00.887+0000] {dag.py:2941} INFO - Sync 2 DAGs
[2026-06-10T10:56:00.925+0000] {logging_mixin.py:154} INFO - [2026-06-10T10:56:00.924+0000] {dag.py:3722} INFO - Setting next_dagrun for example_subdag_operator.section-1 to None, run_after=None
[2026-06-10T10:56:00.925+0000] {logging_mixin.py:154} INFO - [2026-06-10T10:56:00.925+0000] {dag.py:3722} INFO - Setting next_dagrun for example_subdag_operator.section-2 to None, run_after=None
[2026-06-10T10:56:00.975+0000] {processor.py:179} INFO - Processing /home/airflow/.local/lib/python3.10/site-packages/airflow/example_dags/example_subdag_operator.py took 0.303 seconds
[2026-06-10T10:56:31.379+0000] {processor.py:157} INFO - Started process (PID=2574) to work on /home/airflow/.local/lib/python3.10/site-packages/airflow/example_dags/example_subdag_operator.py
[2026-06-10T10:56:31.380+0000] {processor.py:829} INFO - Processing file /home/airflow/.local/lib/python3.10/site-packages/airflow/example_dags/example_subdag_operator.py for tasks to queue
[2026-06-10T10:56:31.380+0000] {logging_mixin.py:154} INFO - [2026-06-10T10:56:31.380+0000] {dagbag.py:536} INFO - Filling up the DagBag from /home/airflow/.local/lib/python3.10/site-packages/airflow/example_dags/example_subdag_operator.py
[2026-06-10T10:56:31.405+0000] {processor.py:839} INFO - DAG(s) dict_keys(['example_subdag_operator.section-1', 'example_subdag_operator.section-2', 'example_subdag_operator']) retrieved from /home/airflow/.local/lib/python3.10/site-packages/airflow/example_dags/example_subdag_operator.py
[2026-06-10T10:56:31.423+0000] {logging_mixin.py:154} INFO - [2026-06-10T10:56:31.422+0000] {dag.py:2941} INFO - Sync 3 DAGs
[2026-06-10T10:56:31.444+0000] {logging_mixin.py:154} INFO - [2026-06-10T10:56:31.444+0000] {dag.py:3722} INFO - Setting next_dagrun for example_subdag_operator to 2022-01-01T00:00:00+00:00, run_after=2022-01-01T00:00:00+00:00
[2026-06-10T10:56:31.448+0000] {logging_mixin.py:154} INFO - [2026-06-10T10:56:31.447+0000] {dag.py:3722} INFO - Setting next_dagrun for example_subdag_operator.section-1 to None, run_after=None
[2026-06-10T10:56:31.449+0000] {logging_mixin.py:154} INFO - [2026-06-10T10:56:31.449+0000] {dag.py:3722} INFO - Setting next_dagrun for example_subdag_operator.section-2 to None, run_after=None
[2026-06-10T10:56:31.456+0000] {logging_mixin.py:154} INFO - [2026-06-10T10:56:31.455+0000] {dag.py:2941} INFO - Sync 2 DAGs
[2026-06-10T10:56:31.465+0000] {logging_mixin.py:154} INFO - [2026-06-10T10:56:31.465+0000] {dag.py:3722} INFO - Setting next_dagrun for example_subdag_operator.section-1 to None, run_after=None
[2026-06-10T10:56:31.466+0000] {logging_mixin.py:154} INFO - [2026-06-10T10:56:31.466+0000] {dag.py:3722} INFO - Setting next_dagrun for example_subdag_operator.section-2 to None, run_after=None
[2026-06-10T10:56:31.481+0000] {processor.py:179} INFO - Processing /home/airflow/.local/lib/python3.10/site-packages/airflow/example_dags/example_subdag_operator.py took 0.107 seconds
[2026-06-10T10:57:02.133+0000] {processor.py:157} INFO - Started process (PID=2625) to work on /home/airflow/.local/lib/python3.10/site-packages/airflow/example_dags/example_subdag_operator.py
[2026-06-10T10:57:02.140+0000] {processor.py:829} INFO - Processing file /home/airflow/.local/lib/python3.10/site-packages/airflow/example_dags/example_subdag_operator.py for tasks to queue
[2026-06-10T10:57:02.142+0000] {logging_mixin.py:154} INFO - [2026-06-10T10:57:02.141+0000] {dagbag.py:536} INFO - Filling up the DagBag from /home/airflow/.local/lib/python3.10/site-packages/airflow/example_dags/example_subdag_operator.py
[2026-06-10T10:57:02.253+0000] {processor.py:839} INFO - DAG(s) dict_keys(['example_subdag_operator.section-1', 'example_subdag_operator.section-2', 'example_subdag_operator']) retrieved from /home/airflow/.local/lib/python3.10/site-packages/airflow/example_dags/example_subdag_operator.py
[2026-06-10T10:57:02.331+0000] {logging_mixin.py:154} INFO - [2026-06-10T10:57:02.329+0000] {dag.py:2941} INFO - Sync 3 DAGs
[2026-06-10T10:57:02.436+0000] {logging_mixin.py:154} INFO - [2026-06-10T10:57:02.435+0000] {dag.py:3722} INFO - Setting next_dagrun for example_subdag_operator to 2022-01-01T00:00:00+00:00, run_after=2022-01-01T00:00:00+00:00
[2026-06-10T10:57:02.442+0000] {logging_mixin.py:154} INFO - [2026-06-10T10:57:02.442+0000] {dag.py:3722} INFO - Setting next_dagrun for example_subdag_operator.section-1 to None, run_after=None
[2026-06-10T10:57:02.453+0000] {logging_mixin.py:154} INFO - [2026-06-10T10:57:02.452+0000] {dag.py:3722} INFO - Setting next_dagrun for example_subdag_operator.section-2 to None, run_after=None
[2026-06-10T10:57:02.469+0000] {logging_mixin.py:154} INFO - [2026-06-10T10:57:02.469+0000] {dag.py:2941} INFO - Sync 2 DAGs
[2026-06-10T10:57:02.482+0000] {logging_mixin.py:154} INFO - [2026-06-10T10:57:02.482+0000] {dag.py:3722} INFO - Setting next_dagrun for example_subdag_operator.section-1 to None, run_after=None
[2026-06-10T10:57:02.483+0000] {logging_mixin.py:154} INFO - [2026-06-10T10:57:02.482+0000] {dag.py:3722} INFO - Setting next_dagrun for example_subdag_operator.section-2 to None, run_after=None
[2026-06-10T10:57:02.509+0000] {processor.py:179} INFO - Processing /home/airflow/.local/lib/python3.10/site-packages/airflow/example_dags/example_subdag_operator.py took 0.381 seconds
[2026-06-10T10:57:32.855+0000] {processor.py:157} INFO - Started process (PID=2676) to work on /home/airflow/.local/lib/python3.10/site-packages/airflow/example_dags/example_subdag_operator.py
[2026-06-10T10:57:32.856+0000] {processor.py:829} INFO - Processing file /home/airflow/.local/lib/python3.10/site-packages/airflow/example_dags/example_subdag_operator.py for tasks to queue
[2026-06-10T10:57:32.857+0000] {logging_mixin.py:154} INFO - [2026-06-10T10:57:32.857+0000] {dagbag.py:536} INFO - Filling up the DagBag from /home/airflow/.local/lib/python3.10/site-packages/airflow/example_dags/example_subdag_operator.py
[2026-06-10T10:57:32.890+0000] {processor.py:839} INFO - DAG(s) dict_keys(['example_subdag_operator.section-1', 'example_subdag_operator.section-2', 'example_subdag_operator']) retrieved from /home/airflow/.local/lib/python3.10/site-packages/airflow/example_dags/example_subdag_operator.py
[2026-06-10T10:57:32.908+0000] {logging_mixin.py:154} INFO - [2026-06-10T10:57:32.907+0000] {dag.py:2941} INFO - Sync 3 DAGs
[2026-06-10T10:57:32.931+0000] {logging_mixin.py:154} INFO - [2026-06-10T10:57:32.930+0000] {dag.py:3722} INFO - Setting next_dagrun for example_subdag_operator to 2022-01-01T00:00:00+00:00, run_after=2022-01-01T00:00:00+00:00
[2026-06-10T10:57:32.934+0000] {logging_mixin.py:154} INFO - [2026-06-10T10:57:32.934+0000] {dag.py:3722} INFO - Setting next_dagrun for example_subdag_operator.section-1 to None, run_after=None
[2026-06-10T10:57:32.935+0000] {logging_mixin.py:154} INFO - [2026-06-10T10:57:32.935+0000] {dag.py:3722} INFO - Setting next_dagrun for example_subdag_operator.section-2 to None, run_after=None
[2026-06-10T10:57:32.942+0000] {logging_mixin.py:154} INFO - [2026-06-10T10:57:32.942+0000] {dag.py:2941} INFO - Sync 2 DAGs
[2026-06-10T10:57:32.948+0000] {logging_mixin.py:154} INFO - [2026-06-10T10:57:32.947+0000] {dag.py:3722} INFO - Setting next_dagrun for example_subdag_operator.section-1 to None, run_after=None
[2026-06-10T10:57:32.948+0000] {logging_mixin.py:154} INFO - [2026-06-10T10:57:32.948+0000] {dag.py:3722} INFO - Setting next_dagrun for example_subdag_operator.section-2 to None, run_after=None
[2026-06-10T10:57:32.960+0000] {processor.py:179} INFO - Processing /home/airflow/.local/lib/python3.10/site-packages/airflow/example_dags/example_subdag_operator.py took 0.110 seconds
[2026-06-10T10:58:03.161+0000] {processor.py:157} INFO - Started process (PID=2727) to work on /home/airflow/.local/lib/python3.10/site-packages/airflow/example_dags/example_subdag_operator.py
[2026-06-10T10:58:03.163+0000] {processor.py:829} INFO - Processing file /home/airflow/.local/lib/python3.10/site-packages/airflow/example_dags/example_subdag_operator.py for tasks to queue
[2026-06-10T10:58:03.164+0000] {logging_mixin.py:154} INFO - [2026-06-10T10:58:03.163+0000] {dagbag.py:536} INFO - Filling up the DagBag from /home/airflow/.local/lib/python3.10/site-packages/airflow/example_dags/example_subdag_operator.py
[2026-06-10T10:58:03.190+0000] {processor.py:839} INFO - DAG(s) dict_keys(['example_subdag_operator.section-1', 'example_subdag_operator.section-2', 'example_subdag_operator']) retrieved from /home/airflow/.local/lib/python3.10/site-packages/airflow/example_dags/example_subdag_operator.py
[2026-06-10T10:58:03.208+0000] {logging_mixin.py:154} INFO - [2026-06-10T10:58:03.207+0000] {dag.py:2941} INFO - Sync 3 DAGs
[2026-06-10T10:58:03.231+0000] {logging_mixin.py:154} INFO - [2026-06-10T10:58:03.231+0000] {dag.py:3722} INFO - Setting next_dagrun for example_subdag_operator to 2022-01-01T00:00:00+00:00, run_after=2022-01-01T00:00:00+00:00
[2026-06-10T10:58:03.235+0000] {logging_mixin.py:154} INFO - [2026-06-10T10:58:03.235+0000] {dag.py:3722} INFO - Setting next_dagrun for example_subdag_operator.section-1 to None, run_after=None
[2026-06-10T10:58:03.236+0000] {logging_mixin.py:154} INFO - [2026-06-10T10:58:03.236+0000] {dag.py:3722} INFO - Setting next_dagrun for example_subdag_operator.section-2 to None, run_after=None
[2026-06-10T10:58:03.243+0000] {logging_mixin.py:154} INFO - [2026-06-10T10:58:03.243+0000] {dag.py:2941} INFO - Sync 2 DAGs
[2026-06-10T10:58:03.249+0000] {logging_mixin.py:154} INFO - [2026-06-10T10:58:03.248+0000] {dag.py:3722} INFO - Setting next_dagrun for example_subdag_operator.section-1 to None, run_after=None
[2026-06-10T10:58:03.249+0000] {logging_mixin.py:154} INFO - [2026-06-10T10:58:03.249+0000] {dag.py:3722} INFO - Setting next_dagrun for example_subdag_operator.section-2 to None, run_after=None
[2026-06-10T10:58:03.260+0000] {processor.py:179} INFO - Processing /home/airflow/.local/lib/python3.10/site-packages/airflow/example_dags/example_subdag_operator.py took 0.103 seconds
[2026-06-10T10:58:33.539+0000] {processor.py:157} INFO - Started process (PID=2778) to work on /home/airflow/.local/lib/python3.10/site-packages/airflow/example_dags/example_subdag_operator.py
[2026-06-10T10:58:33.540+0000] {processor.py:829} INFO - Processing file /home/airflow/.local/lib/python3.10/site-packages/airflow/example_dags/example_subdag_operator.py for tasks to queue
[2026-06-10T10:58:33.542+0000] {logging_mixin.py:154} INFO - [2026-06-10T10:58:33.541+0000] {dagbag.py:536} INFO - Filling up the DagBag from /home/airflow/.local/lib/python3.10/site-packages/airflow/example_dags/example_subdag_operator.py
[2026-06-10T10:58:33.577+0000] {processor.py:839} INFO - DAG(s) dict_keys(['example_subdag_operator.section-1', 'example_subdag_operator.section-2', 'example_subdag_operator']) retrieved from /home/airflow/.local/lib/python3.10/site-packages/airflow/example_dags/example_subdag_operator.py
[2026-06-10T10:58:33.598+0000] {logging_mixin.py:154} INFO - [2026-06-10T10:58:33.598+0000] {dag.py:2941} INFO - Sync 3 DAGs
[2026-06-10T10:58:33.631+0000] {logging_mixin.py:154} INFO - [2026-06-10T10:58:33.631+0000] {dag.py:3722} INFO - Setting next_dagrun for example_subdag_operator to 2022-01-01T00:00:00+00:00, run_after=2022-01-01T00:00:00+00:00
[2026-06-10T10:58:33.637+0000] {logging_mixin.py:154} INFO - [2026-06-10T10:58:33.636+0000] {dag.py:3722} INFO - Setting next_dagrun for example_subdag_operator.section-1 to None, run_after=None
[2026-06-10T10:58:33.638+0000] {logging_mixin.py:154} INFO - [2026-06-10T10:58:33.638+0000] {dag.py:3722} INFO - Setting next_dagrun for example_subdag_operator.section-2 to None, run_after=None
[2026-06-10T10:58:33.647+0000] {logging_mixin.py:154} INFO - [2026-06-10T10:58:33.647+0000] {dag.py:2941} INFO - Sync 2 DAGs
[2026-06-10T10:58:33.655+0000] {logging_mixin.py:154} INFO - [2026-06-10T10:58:33.654+0000] {dag.py:3722} INFO - Setting next_dagrun for example_subdag_operator.section-1 to None, run_after=None
[2026-06-10T10:58:33.655+0000] {logging_mixin.py:154} INFO - [2026-06-10T10:58:33.655+0000] {dag.py:3722} INFO - Setting next_dagrun for example_subdag_operator.section-2 to None, run_after=None
[2026-06-10T10:58:33.676+0000] {processor.py:179} INFO - Processing /home/airflow/.local/lib/python3.10/site-packages/airflow/example_dags/example_subdag_operator.py took 0.142 seconds
[2026-06-10T10:59:04.539+0000] {processor.py:157} INFO - Started process (PID=2829) to work on /home/airflow/.local/lib/python3.10/site-packages/airflow/example_dags/example_subdag_operator.py
[2026-06-10T10:59:04.541+0000] {processor.py:829} INFO - Processing file /home/airflow/.local/lib/python3.10/site-packages/airflow/example_dags/example_subdag_operator.py for tasks to queue
[2026-06-10T10:59:04.542+0000] {logging_mixin.py:154} INFO - [2026-06-10T10:59:04.541+0000] {dagbag.py:536} INFO - Filling up the DagBag from /home/airflow/.local/lib/python3.10/site-packages/airflow/example_dags/example_subdag_operator.py
[2026-06-10T10:59:04.578+0000] {processor.py:839} INFO - DAG(s) dict_keys(['example_subdag_operator.section-1', 'example_subdag_operator.section-2', 'example_subdag_operator']) retrieved from /home/airflow/.local/lib/python3.10/site-packages/airflow/example_dags/example_subdag_operator.py
[2026-06-10T10:59:04.606+0000] {logging_mixin.py:154} INFO - [2026-06-10T10:59:04.605+0000] {dag.py:2941} INFO - Sync 3 DAGs
[2026-06-10T10:59:04.644+0000] {logging_mixin.py:154} INFO - [2026-06-10T10:59:04.643+0000] {dag.py:3722} INFO - Setting next_dagrun for example_subdag_operator to 2022-01-01T00:00:00+00:00, run_after=2022-01-01T00:00:00+00:00
[2026-06-10T10:59:04.648+0000] {logging_mixin.py:154} INFO - [2026-06-10T10:59:04.648+0000] {dag.py:3722} INFO - Setting next_dagrun for example_subdag_operator.section-1 to None, run_after=None
[2026-06-10T10:59:04.650+0000] {logging_mixin.py:154} INFO - [2026-06-10T10:59:04.650+0000] {dag.py:3722} INFO - Setting next_dagrun for example_subdag_operator.section-2 to None, run_after=None
[2026-06-10T10:59:04.659+0000] {logging_mixin.py:154} INFO - [2026-06-10T10:59:04.659+0000] {dag.py:2941} INFO - Sync 2 DAGs
[2026-06-10T10:59:04.666+0000] {logging_mixin.py:154} INFO - [2026-06-10T10:59:04.666+0000] {dag.py:3722} INFO - Setting next_dagrun for example_subdag_operator.section-1 to None, run_after=None
[2026-06-10T10:59:04.667+0000] {logging_mixin.py:154} INFO - [2026-06-10T10:59:04.667+0000] {dag.py:3722} INFO - Setting next_dagrun for example_subdag_operator.section-2 to None, run_after=None
[2026-06-10T10:59:04.680+0000] {processor.py:179} INFO - Processing /home/airflow/.local/lib/python3.10/site-packages/airflow/example_dags/example_subdag_operator.py took 0.146 seconds
[2026-06-10T10:59:35.195+0000] {processor.py:157} INFO - Started process (PID=2880) to work on /home/airflow/.local/lib/python3.10/site-packages/airflow/example_dags/example_subdag_operator.py
[2026-06-10T10:59:35.199+0000] {processor.py:829} INFO - Processing file /home/airflow/.local/lib/python3.10/site-packages/airflow/example_dags/example_subdag_operator.py for tasks to queue
[2026-06-10T10:59:35.200+0000] {logging_mixin.py:154} INFO - [2026-06-10T10:59:35.200+0000] {dagbag.py:536} INFO - Filling up the DagBag from /home/airflow/.local/lib/python3.10/site-packages/airflow/example_dags/example_subdag_operator.py
[2026-06-10T10:59:35.257+0000] {processor.py:839} INFO - DAG(s) dict_keys(['example_subdag_operator.section-1', 'example_subdag_operator.section-2', 'example_subdag_operator']) retrieved from /home/airflow/.local/lib/python3.10/site-packages/airflow/example_dags/example_subdag_operator.py
[2026-06-10T10:59:35.285+0000] {logging_mixin.py:154} INFO - [2026-06-10T10:59:35.285+0000] {dag.py:2941} INFO - Sync 3 DAGs
[2026-06-10T10:59:35.333+0000] {logging_mixin.py:154} INFO - [2026-06-10T10:59:35.333+0000] {dag.py:3722} INFO - Setting next_dagrun for example_subdag_operator to 2022-01-01T00:00:00+00:00, run_after=2022-01-01T00:00:00+00:00
[2026-06-10T10:59:35.339+0000] {logging_mixin.py:154} INFO - [2026-06-10T10:59:35.339+0000] {dag.py:3722} INFO - Setting next_dagrun for example_subdag_operator.section-1 to None, run_after=None
[2026-06-10T10:59:35.341+0000] {logging_mixin.py:154} INFO - [2026-06-10T10:59:35.341+0000] {dag.py:3722} INFO - Setting next_dagrun for example_subdag_operator.section-2 to None, run_after=None
[2026-06-10T10:59:35.360+0000] {logging_mixin.py:154} INFO - [2026-06-10T10:59:35.360+0000] {dag.py:2941} INFO - Sync 2 DAGs
[2026-06-10T10:59:35.378+0000] {logging_mixin.py:154} INFO - [2026-06-10T10:59:35.378+0000] {dag.py:3722} INFO - Setting next_dagrun for example_subdag_operator.section-1 to None, run_after=None
[2026-06-10T10:59:35.379+0000] {logging_mixin.py:154} INFO - [2026-06-10T10:59:35.379+0000] {dag.py:3722} INFO - Setting next_dagrun for example_subdag_operator.section-2 to None, run_after=None
[2026-06-10T10:59:35.399+0000] {processor.py:179} INFO - Processing /home/airflow/.local/lib/python3.10/site-packages/airflow/example_dags/example_subdag_operator.py took 0.209 seconds
[2026-06-10T11:00:05.614+0000] {processor.py:157} INFO - Started process (PID=2931) to work on /home/airflow/.local/lib/python3.10/site-packages/airflow/example_dags/example_subdag_operator.py
[2026-06-10T11:00:05.615+0000] {processor.py:829} INFO - Processing file /home/airflow/.local/lib/python3.10/site-packages/airflow/example_dags/example_subdag_operator.py for tasks to queue
[2026-06-10T11:00:05.616+0000] {logging_mixin.py:154} INFO - [2026-06-10T11:00:05.616+0000] {dagbag.py:536} INFO - Filling up the DagBag from /home/airflow/.local/lib/python3.10/site-packages/airflow/example_dags/example_subdag_operator.py
[2026-06-10T11:00:05.647+0000] {processor.py:839} INFO - DAG(s) dict_keys(['example_subdag_operator.section-1', 'example_subdag_operator.section-2', 'example_subdag_operator']) retrieved from /home/airflow/.local/lib/python3.10/site-packages/airflow/example_dags/example_subdag_operator.py
[2026-06-10T11:00:05.664+0000] {logging_mixin.py:154} INFO - [2026-06-10T11:00:05.664+0000] {dag.py:2941} INFO - Sync 3 DAGs
[2026-06-10T11:00:05.686+0000] {logging_mixin.py:154} INFO - [2026-06-10T11:00:05.686+0000] {dag.py:3722} INFO - Setting next_dagrun for example_subdag_operator to 2022-01-01T00:00:00+00:00, run_after=2022-01-01T00:00:00+00:00
[2026-06-10T11:00:05.690+0000] {logging_mixin.py:154} INFO - [2026-06-10T11:00:05.690+0000] {dag.py:3722} INFO - Setting next_dagrun for example_subdag_operator.section-1 to None, run_after=None
[2026-06-10T11:00:05.691+0000] {logging_mixin.py:154} INFO - [2026-06-10T11:00:05.691+0000] {dag.py:3722} INFO - Setting next_dagrun for example_subdag_operator.section-2 to None, run_after=None
[2026-06-10T11:00:05.699+0000] {logging_mixin.py:154} INFO - [2026-06-10T11:00:05.699+0000] {dag.py:2941} INFO - Sync 2 DAGs
[2026-06-10T11:00:05.704+0000] {logging_mixin.py:154} INFO - [2026-06-10T11:00:05.704+0000] {dag.py:3722} INFO - Setting next_dagrun for example_subdag_operator.section-1 to None, run_after=None
[2026-06-10T11:00:05.704+0000] {logging_mixin.py:154} INFO - [2026-06-10T11:00:05.704+0000] {dag.py:3722} INFO - Setting next_dagrun for example_subdag_operator.section-2 to None, run_after=None
[2026-06-10T11:00:05.717+0000] {processor.py:179} INFO - Processing /home/airflow/.local/lib/python3.10/site-packages/airflow/example_dags/example_subdag_operator.py took 0.108 seconds
[2026-06-10T11:00:36.180+0000] {processor.py:157} INFO - Started process (PID=2982) to work on /home/airflow/.local/lib/python3.10/site-packages/airflow/example_dags/example_subdag_operator.py
[2026-06-10T11:00:36.182+0000] {processor.py:829} INFO - Processing file /home/airflow/.local/lib/python3.10/site-packages/airflow/example_dags/example_subdag_operator.py for tasks to queue
[2026-06-10T11:00:36.183+0000] {logging_mixin.py:154} INFO - [2026-06-10T11:00:36.183+0000] {dagbag.py:536} INFO - Filling up the DagBag from /home/airflow/.local/lib/python3.10/site-packages/airflow/example_dags/example_subdag_operator.py
[2026-06-10T11:00:36.211+0000] {processor.py:839} INFO - DAG(s) dict_keys(['example_subdag_operator.section-1', 'example_subdag_operator.section-2', 'example_subdag_operator']) retrieved from /home/airflow/.local/lib/python3.10/site-packages/airflow/example_dags/example_subdag_operator.py
[2026-06-10T11:00:36.228+0000] {logging_mixin.py:154} INFO - [2026-06-10T11:00:36.228+0000] {dag.py:2941} INFO - Sync 3 DAGs
[2026-06-10T11:00:36.250+0000] {logging_mixin.py:154} INFO - [2026-06-10T11:00:36.250+0000] {dag.py:3722} INFO - Setting next_dagrun for example_subdag_operator to 2022-01-01T00:00:00+00:00, run_after=2022-01-01T00:00:00+00:00
[2026-06-10T11:00:36.254+0000] {logging_mixin.py:154} INFO - [2026-06-10T11:00:36.254+0000] {dag.py:3722} INFO - Setting next_dagrun for example_subdag_operator.section-1 to None, run_after=None
[2026-06-10T11:00:36.255+0000] {logging_mixin.py:154} INFO - [2026-06-10T11:00:36.255+0000] {dag.py:3722} INFO - Setting next_dagrun for example_subdag_operator.section-2 to None, run_after=None
[2026-06-10T11:00:36.262+0000] {logging_mixin.py:154} INFO - [2026-06-10T11:00:36.262+0000] {dag.py:2941} INFO - Sync 2 DAGs
[2026-06-10T11:00:36.268+0000] {logging_mixin.py:154} INFO - [2026-06-10T11:00:36.268+0000] {dag.py:3722} INFO - Setting next_dagrun for example_subdag_operator.section-1 to None, run_after=None
[2026-06-10T11:00:36.268+0000] {logging_mixin.py:154} INFO - [2026-06-10T11:00:36.268+0000] {dag.py:3722} INFO - Setting next_dagrun for example_subdag_operator.section-2 to None, run_after=None
[2026-06-10T11:00:36.281+0000] {processor.py:179} INFO - Processing /home/airflow/.local/lib/python3.10/site-packages/airflow/example_dags/example_subdag_operator.py took 0.105 seconds
[2026-06-10T11:01:06.384+0000] {processor.py:157} INFO - Started process (PID=3033) to work on /home/airflow/.local/lib/python3.10/site-packages/airflow/example_dags/example_subdag_operator.py
[2026-06-10T11:01:06.385+0000] {processor.py:829} INFO - Processing file /home/airflow/.local/lib/python3.10/site-packages/airflow/example_dags/example_subdag_operator.py for tasks to queue
[2026-06-10T11:01:06.386+0000] {logging_mixin.py:154} INFO - [2026-06-10T11:01:06.385+0000] {dagbag.py:536} INFO - Filling up the DagBag from /home/airflow/.local/lib/python3.10/site-packages/airflow/example_dags/example_subdag_operator.py
[2026-06-10T11:01:06.419+0000] {processor.py:839} INFO - DAG(s) dict_keys(['example_subdag_operator.section-1', 'example_subdag_operator.section-2', 'example_subdag_operator']) retrieved from /home/airflow/.local/lib/python3.10/site-packages/airflow/example_dags/example_subdag_operator.py
[2026-06-10T11:01:06.441+0000] {logging_mixin.py:154} INFO - [2026-06-10T11:01:06.441+0000] {dag.py:2941} INFO - Sync 3 DAGs
[2026-06-10T11:01:06.470+0000] {logging_mixin.py:154} INFO - [2026-06-10T11:01:06.469+0000] {dag.py:3722} INFO - Setting next_dagrun for example_subdag_operator to 2022-01-01T00:00:00+00:00, run_after=2022-01-01T00:00:00+00:00
[2026-06-10T11:01:06.474+0000] {logging_mixin.py:154} INFO - [2026-06-10T11:01:06.474+0000] {dag.py:3722} INFO - Setting next_dagrun for example_subdag_operator.section-1 to None, run_after=None
[2026-06-10T11:01:06.476+0000] {logging_mixin.py:154} INFO - [2026-06-10T11:01:06.476+0000] {dag.py:3722} INFO - Setting next_dagrun for example_subdag_operator.section-2 to None, run_after=None
[2026-06-10T11:01:06.485+0000] {logging_mixin.py:154} INFO - [2026-06-10T11:01:06.485+0000] {dag.py:2941} INFO - Sync 2 DAGs
[2026-06-10T11:01:06.491+0000] {logging_mixin.py:154} INFO - [2026-06-10T11:01:06.491+0000] {dag.py:3722} INFO - Setting next_dagrun for example_subdag_operator.section-1 to None, run_after=None
[2026-06-10T11:01:06.491+0000] {logging_mixin.py:154} INFO - [2026-06-10T11:01:06.491+0000] {dag.py:3722} INFO - Setting next_dagrun for example_subdag_operator.section-2 to None, run_after=None
[2026-06-10T11:01:06.505+0000] {processor.py:179} INFO - Processing /home/airflow/.local/lib/python3.10/site-packages/airflow/example_dags/example_subdag_operator.py took 0.127 seconds
[2026-06-10T11:01:37.281+0000] {processor.py:157} INFO - Started process (PID=3084) to work on /home/airflow/.local/lib/python3.10/site-packages/airflow/example_dags/example_subdag_operator.py
[2026-06-10T11:01:37.283+0000] {processor.py:829} INFO - Processing file /home/airflow/.local/lib/python3.10/site-packages/airflow/example_dags/example_subdag_operator.py for tasks to queue
[2026-06-10T11:01:37.284+0000] {logging_mixin.py:154} INFO - [2026-06-10T11:01:37.284+0000] {dagbag.py:536} INFO - Filling up the DagBag from /home/airflow/.local/lib/python3.10/site-packages/airflow/example_dags/example_subdag_operator.py
[2026-06-10T11:01:37.321+0000] {processor.py:839} INFO - DAG(s) dict_keys(['example_subdag_operator.section-1', 'example_subdag_operator.section-2', 'example_subdag_operator']) retrieved from /home/airflow/.local/lib/python3.10/site-packages/airflow/example_dags/example_subdag_operator.py
[2026-06-10T11:01:37.342+0000] {logging_mixin.py:154} INFO - [2026-06-10T11:01:37.342+0000] {dag.py:2941} INFO - Sync 3 DAGs
[2026-06-10T11:01:37.369+0000] {logging_mixin.py:154} INFO - [2026-06-10T11:01:37.369+0000] {dag.py:3722} INFO - Setting next_dagrun for example_subdag_operator to 2022-01-01T00:00:00+00:00, run_after=2022-01-01T00:00:00+00:00
[2026-06-10T11:01:37.374+0000] {logging_mixin.py:154} INFO - [2026-06-10T11:01:37.374+0000] {dag.py:3722} INFO - Setting next_dagrun for example_subdag_operator.section-1 to None, run_after=None
[2026-06-10T11:01:37.376+0000] {logging_mixin.py:154} INFO - [2026-06-10T11:01:37.376+0000] {dag.py:3722} INFO - Setting next_dagrun for example_subdag_operator.section-2 to None, run_after=None
[2026-06-10T11:01:37.385+0000] {logging_mixin.py:154} INFO - [2026-06-10T11:01:37.385+0000] {dag.py:2941} INFO - Sync 2 DAGs
[2026-06-10T11:01:37.390+0000] {logging_mixin.py:154} INFO - [2026-06-10T11:01:37.390+0000] {dag.py:3722} INFO - Setting next_dagrun for example_subdag_operator.section-1 to None, run_after=None
[2026-06-10T11:01:37.390+0000] {logging_mixin.py:154} INFO - [2026-06-10T11:01:37.390+0000] {dag.py:3722} INFO - Setting next_dagrun for example_subdag_operator.section-2 to None, run_after=None
[2026-06-10T11:01:37.401+0000] {processor.py:179} INFO - Processing /home/airflow/.local/lib/python3.10/site-packages/airflow/example_dags/example_subdag_operator.py took 0.126 seconds
[2026-06-10T11:02:09.278+0000] {processor.py:157} INFO - Started process (PID=3135) to work on /home/airflow/.local/lib/python3.10/site-packages/airflow/example_dags/example_subdag_operator.py
[2026-06-10T11:02:09.284+0000] {processor.py:829} INFO - Processing file /home/airflow/.local/lib/python3.10/site-packages/airflow/example_dags/example_subdag_operator.py for tasks to queue
[2026-06-10T11:02:09.285+0000] {logging_mixin.py:154} INFO - [2026-06-10T11:02:09.285+0000] {dagbag.py:536} INFO - Filling up the DagBag from /home/airflow/.local/lib/python3.10/site-packages/airflow/example_dags/example_subdag_operator.py
[2026-06-10T11:02:09.409+0000] {processor.py:839} INFO - DAG(s) dict_keys(['example_subdag_operator.section-1', 'example_subdag_operator.section-2', 'example_subdag_operator']) retrieved from /home/airflow/.local/lib/python3.10/site-packages/airflow/example_dags/example_subdag_operator.py
[2026-06-10T11:02:09.493+0000] {logging_mixin.py:154} INFO - [2026-06-10T11:02:09.493+0000] {dag.py:2941} INFO - Sync 3 DAGs
[2026-06-10T11:02:09.557+0000] {logging_mixin.py:154} INFO - [2026-06-10T11:02:09.557+0000] {dag.py:3722} INFO - Setting next_dagrun for example_subdag_operator to 2022-01-01T00:00:00+00:00, run_after=2022-01-01T00:00:00+00:00
[2026-06-10T11:02:09.569+0000] {logging_mixin.py:154} INFO - [2026-06-10T11:02:09.569+0000] {dag.py:3722} INFO - Setting next_dagrun for example_subdag_operator.section-1 to None, run_after=None
[2026-06-10T11:02:09.571+0000] {logging_mixin.py:154} INFO - [2026-06-10T11:02:09.571+0000] {dag.py:3722} INFO - Setting next_dagrun for example_subdag_operator.section-2 to None, run_after=None
[2026-06-10T11:02:09.597+0000] {logging_mixin.py:154} INFO - [2026-06-10T11:02:09.597+0000] {dag.py:2941} INFO - Sync 2 DAGs
[2026-06-10T11:02:09.605+0000] {logging_mixin.py:154} INFO - [2026-06-10T11:02:09.605+0000] {dag.py:3722} INFO - Setting next_dagrun for example_subdag_operator.section-1 to None, run_after=None
[2026-06-10T11:02:09.606+0000] {logging_mixin.py:154} INFO - [2026-06-10T11:02:09.606+0000] {dag.py:3722} INFO - Setting next_dagrun for example_subdag_operator.section-2 to None, run_after=None
[2026-06-10T11:02:09.637+0000] {processor.py:179} INFO - Processing /home/airflow/.local/lib/python3.10/site-packages/airflow/example_dags/example_subdag_operator.py took 0.386 seconds
[2026-06-10T11:02:40.575+0000] {processor.py:157} INFO - Started process (PID=3186) to work on /home/airflow/.local/lib/python3.10/site-packages/airflow/example_dags/example_subdag_operator.py
[2026-06-10T11:02:40.577+0000] {processor.py:829} INFO - Processing file /home/airflow/.local/lib/python3.10/site-packages/airflow/example_dags/example_subdag_operator.py for tasks to queue
[2026-06-10T11:02:40.578+0000] {logging_mixin.py:154} INFO - [2026-06-10T11:02:40.578+0000] {dagbag.py:536} INFO - Filling up the DagBag from /home/airflow/.local/lib/python3.10/site-packages/airflow/example_dags/example_subdag_operator.py
[2026-06-10T11:02:40.637+0000] {processor.py:839} INFO - DAG(s) dict_keys(['example_subdag_operator.section-1', 'example_subdag_operator.section-2', 'example_subdag_operator']) retrieved from /home/airflow/.local/lib/python3.10/site-packages/airflow/example_dags/example_subdag_operator.py
[2026-06-10T11:02:40.668+0000] {logging_mixin.py:154} INFO - [2026-06-10T11:02:40.667+0000] {dag.py:2941} INFO - Sync 3 DAGs
[2026-06-10T11:02:40.714+0000] {logging_mixin.py:154} INFO - [2026-06-10T11:02:40.714+0000] {dag.py:3722} INFO - Setting next_dagrun for example_subdag_operator to 2022-01-01T00:00:00+00:00, run_after=2022-01-01T00:00:00+00:00
[2026-06-10T11:02:40.733+0000] {logging_mixin.py:154} INFO - [2026-06-10T11:02:40.732+0000] {dag.py:3722} INFO - Setting next_dagrun for example_subdag_operator.section-1 to None, run_after=None
[2026-06-10T11:02:40.735+0000] {logging_mixin.py:154} INFO - [2026-06-10T11:02:40.734+0000] {dag.py:3722} INFO - Setting next_dagrun for example_subdag_operator.section-2 to None, run_after=None
[2026-06-10T11:02:40.745+0000] {logging_mixin.py:154} INFO - [2026-06-10T11:02:40.744+0000] {dag.py:2941} INFO - Sync 2 DAGs
[2026-06-10T11:02:40.752+0000] {logging_mixin.py:154} INFO - [2026-06-10T11:02:40.751+0000] {dag.py:3722} INFO - Setting next_dagrun for example_subdag_operator.section-1 to None, run_after=None
[2026-06-10T11:02:40.752+0000] {logging_mixin.py:154} INFO - [2026-06-10T11:02:40.752+0000] {dag.py:3722} INFO - Setting next_dagrun for example_subdag_operator.section-2 to None, run_after=None
[2026-06-10T11:02:40.766+0000] {processor.py:179} INFO - Processing /home/airflow/.local/lib/python3.10/site-packages/airflow/example_dags/example_subdag_operator.py took 0.196 seconds
[2026-06-10T11:03:11.548+0000] {processor.py:157} INFO - Started process (PID=3237) to work on /home/airflow/.local/lib/python3.10/site-packages/airflow/example_dags/example_subdag_operator.py
[2026-06-10T11:03:11.549+0000] {processor.py:829} INFO - Processing file /home/airflow/.local/lib/python3.10/site-packages/airflow/example_dags/example_subdag_operator.py for tasks to queue
[2026-06-10T11:03:11.550+0000] {logging_mixin.py:154} INFO - [2026-06-10T11:03:11.550+0000] {dagbag.py:536} INFO - Filling up the DagBag from /home/airflow/.local/lib/python3.10/site-packages/airflow/example_dags/example_subdag_operator.py
[2026-06-10T11:03:11.591+0000] {processor.py:839} INFO - DAG(s) dict_keys(['example_subdag_operator.section-1', 'example_subdag_operator.section-2', 'example_subdag_operator']) retrieved from /home/airflow/.local/lib/python3.10/site-packages/airflow/example_dags/example_subdag_operator.py
[2026-06-10T11:03:11.613+0000] {logging_mixin.py:154} INFO - [2026-06-10T11:03:11.613+0000] {dag.py:2941} INFO - Sync 3 DAGs
[2026-06-10T11:03:11.643+0000] {logging_mixin.py:154} INFO - [2026-06-10T11:03:11.643+0000] {dag.py:3722} INFO - Setting next_dagrun for example_subdag_operator to 2022-01-01T00:00:00+00:00, run_after=2022-01-01T00:00:00+00:00
[2026-06-10T11:03:11.648+0000] {logging_mixin.py:154} INFO - [2026-06-10T11:03:11.648+0000] {dag.py:3722} INFO - Setting next_dagrun for example_subdag_operator.section-1 to None, run_after=None
[2026-06-10T11:03:11.649+0000] {logging_mixin.py:154} INFO - [2026-06-10T11:03:11.649+0000] {dag.py:3722} INFO - Setting next_dagrun for example_subdag_operator.section-2 to None, run_after=None
[2026-06-10T11:03:11.659+0000] {logging_mixin.py:154} INFO - [2026-06-10T11:03:11.659+0000] {dag.py:2941} INFO - Sync 2 DAGs
[2026-06-10T11:03:11.666+0000] {logging_mixin.py:154} INFO - [2026-06-10T11:03:11.666+0000] {dag.py:3722} INFO - Setting next_dagrun for example_subdag_operator.section-1 to None, run_after=None
[2026-06-10T11:03:11.666+0000] {logging_mixin.py:154} INFO - [2026-06-10T11:03:11.666+0000] {dag.py:3722} INFO - Setting next_dagrun for example_subdag_operator.section-2 to None, run_after=None
[2026-06-10T11:03:11.681+0000] {processor.py:179} INFO - Processing /home/airflow/.local/lib/python3.10/site-packages/airflow/example_dags/example_subdag_operator.py took 0.138 seconds
[2026-06-10T11:03:42.580+0000] {processor.py:157} INFO - Started process (PID=3288) to work on /home/airflow/.local/lib/python3.10/site-packages/airflow/example_dags/example_subdag_operator.py
[2026-06-10T11:03:42.581+0000] {processor.py:829} INFO - Processing file /home/airflow/.local/lib/python3.10/site-packages/airflow/example_dags/example_subdag_operator.py for tasks to queue
[2026-06-10T11:03:42.582+0000] {logging_mixin.py:154} INFO - [2026-06-10T11:03:42.582+0000] {dagbag.py:536} INFO - Filling up the DagBag from /home/airflow/.local/lib/python3.10/site-packages/airflow/example_dags/example_subdag_operator.py
[2026-06-10T11:03:42.616+0000] {processor.py:839} INFO - DAG(s) dict_keys(['example_subdag_operator.section-1', 'example_subdag_operator.section-2', 'example_subdag_operator']) retrieved from /home/airflow/.local/lib/python3.10/site-packages/airflow/example_dags/example_subdag_operator.py
[2026-06-10T11:03:42.639+0000] {logging_mixin.py:154} INFO - [2026-06-10T11:03:42.639+0000] {dag.py:2941} INFO - Sync 3 DAGs
[2026-06-10T11:03:42.670+0000] {logging_mixin.py:154} INFO - [2026-06-10T11:03:42.670+0000] {dag.py:3722} INFO - Setting next_dagrun for example_subdag_operator to 2022-01-01T00:00:00+00:00, run_after=2022-01-01T00:00:00+00:00
[2026-06-10T11:03:42.675+0000] {logging_mixin.py:154} INFO - [2026-06-10T11:03:42.675+0000] {dag.py:3722} INFO - Setting next_dagrun for example_subdag_operator.section-1 to None, run_after=None
[2026-06-10T11:03:42.676+0000] {logging_mixin.py:154} INFO - [2026-06-10T11:03:42.676+0000] {dag.py:3722} INFO - Setting next_dagrun for example_subdag_operator.section-2 to None, run_after=None
[2026-06-10T11:03:42.686+0000] {logging_mixin.py:154} INFO - [2026-06-10T11:03:42.685+0000] {dag.py:2941} INFO - Sync 2 DAGs
[2026-06-10T11:03:42.692+0000] {logging_mixin.py:154} INFO - [2026-06-10T11:03:42.692+0000] {dag.py:3722} INFO - Setting next_dagrun for example_subdag_operator.section-1 to None, run_after=None
[2026-06-10T11:03:42.693+0000] {logging_mixin.py:154} INFO - [2026-06-10T11:03:42.692+0000] {dag.py:3722} INFO - Setting next_dagrun for example_subdag_operator.section-2 to None, run_after=None
[2026-06-10T11:03:42.706+0000] {processor.py:179} INFO - Processing /home/airflow/.local/lib/python3.10/site-packages/airflow/example_dags/example_subdag_operator.py took 0.130 seconds
[2026-06-10T11:04:13.427+0000] {processor.py:157} INFO - Started process (PID=3339) to work on /home/airflow/.local/lib/python3.10/site-packages/airflow/example_dags/example_subdag_operator.py
[2026-06-10T11:04:13.438+0000] {processor.py:829} INFO - Processing file /home/airflow/.local/lib/python3.10/site-packages/airflow/example_dags/example_subdag_operator.py for tasks to queue
[2026-06-10T11:04:13.445+0000] {logging_mixin.py:154} INFO - [2026-06-10T11:04:13.444+0000] {dagbag.py:536} INFO - Filling up the DagBag from /home/airflow/.local/lib/python3.10/site-packages/airflow/example_dags/example_subdag_operator.py
[2026-06-10T11:04:13.547+0000] {processor.py:839} INFO - DAG(s) dict_keys(['example_subdag_operator.section-1', 'example_subdag_operator.section-2', 'example_subdag_operator']) retrieved from /home/airflow/.local/lib/python3.10/site-packages/airflow/example_dags/example_subdag_operator.py
[2026-06-10T11:04:13.591+0000] {logging_mixin.py:154} INFO - [2026-06-10T11:04:13.590+0000] {dag.py:2941} INFO - Sync 3 DAGs
[2026-06-10T11:04:13.623+0000] {logging_mixin.py:154} INFO - [2026-06-10T11:04:13.622+0000] {dag.py:3722} INFO - Setting next_dagrun for example_subdag_operator to 2022-01-01T00:00:00+00:00, run_after=2022-01-01T00:00:00+00:00
[2026-06-10T11:04:13.627+0000] {logging_mixin.py:154} INFO - [2026-06-10T11:04:13.627+0000] {dag.py:3722} INFO - Setting next_dagrun for example_subdag_operator.section-1 to None, run_after=None
[2026-06-10T11:04:13.628+0000] {logging_mixin.py:154} INFO - [2026-06-10T11:04:13.628+0000] {dag.py:3722} INFO - Setting next_dagrun for example_subdag_operator.section-2 to None, run_after=None
[2026-06-10T11:04:13.637+0000] {logging_mixin.py:154} INFO - [2026-06-10T11:04:13.637+0000] {dag.py:2941} INFO - Sync 2 DAGs
[2026-06-10T11:04:13.654+0000] {logging_mixin.py:154} INFO - [2026-06-10T11:04:13.654+0000] {dag.py:3722} INFO - Setting next_dagrun for example_subdag_operator.section-1 to None, run_after=None
[2026-06-10T11:04:13.654+0000] {logging_mixin.py:154} INFO - [2026-06-10T11:04:13.654+0000] {dag.py:3722} INFO - Setting next_dagrun for example_subdag_operator.section-2 to None, run_after=None
[2026-06-10T11:04:13.690+0000] {processor.py:179} INFO - Processing /home/airflow/.local/lib/python3.10/site-packages/airflow/example_dags/example_subdag_operator.py took 0.315 seconds
[2026-06-10T11:04:44.255+0000] {processor.py:157} INFO - Started process (PID=3390) to work on /home/airflow/.local/lib/python3.10/site-packages/airflow/example_dags/example_subdag_operator.py
[2026-06-10T11:04:44.264+0000] {processor.py:829} INFO - Processing file /home/airflow/.local/lib/python3.10/site-packages/airflow/example_dags/example_subdag_operator.py for tasks to queue
[2026-06-10T11:04:44.265+0000] {logging_mixin.py:154} INFO - [2026-06-10T11:04:44.265+0000] {dagbag.py:536} INFO - Filling up the DagBag from /home/airflow/.local/lib/python3.10/site-packages/airflow/example_dags/example_subdag_operator.py
[2026-06-10T11:04:44.358+0000] {processor.py:839} INFO - DAG(s) dict_keys(['example_subdag_operator.section-1', 'example_subdag_operator.section-2', 'example_subdag_operator']) retrieved from /home/airflow/.local/lib/python3.10/site-packages/airflow/example_dags/example_subdag_operator.py
[2026-06-10T11:04:44.412+0000] {logging_mixin.py:154} INFO - [2026-06-10T11:04:44.412+0000] {dag.py:2941} INFO - Sync 3 DAGs
[2026-06-10T11:04:44.497+0000] {logging_mixin.py:154} INFO - [2026-06-10T11:04:44.497+0000] {dag.py:3722} INFO - Setting next_dagrun for example_subdag_operator to 2022-01-01T00:00:00+00:00, run_after=2022-01-01T00:00:00+00:00
[2026-06-10T11:04:44.505+0000] {logging_mixin.py:154} INFO - [2026-06-10T11:04:44.504+0000] {dag.py:3722} INFO - Setting next_dagrun for example_subdag_operator.section-1 to None, run_after=None
[2026-06-10T11:04:44.508+0000] {logging_mixin.py:154} INFO - [2026-06-10T11:04:44.508+0000] {dag.py:3722} INFO - Setting next_dagrun for example_subdag_operator.section-2 to None, run_after=None
[2026-06-10T11:04:44.537+0000] {logging_mixin.py:154} INFO - [2026-06-10T11:04:44.537+0000] {dag.py:2941} INFO - Sync 2 DAGs
[2026-06-10T11:04:44.555+0000] {logging_mixin.py:154} INFO - [2026-06-10T11:04:44.554+0000] {dag.py:3722} INFO - Setting next_dagrun for example_subdag_operator.section-1 to None, run_after=None
[2026-06-10T11:04:44.560+0000] {logging_mixin.py:154} INFO - [2026-06-10T11:04:44.560+0000] {dag.py:3722} INFO - Setting next_dagrun for example_subdag_operator.section-2 to None, run_after=None
[2026-06-10T11:04:44.587+0000] {processor.py:179} INFO - Processing /home/airflow/.local/lib/python3.10/site-packages/airflow/example_dags/example_subdag_operator.py took 0.337 seconds
[2026-06-10T11:05:15.228+0000] {processor.py:157} INFO - Started process (PID=3441) to work on /home/airflow/.local/lib/python3.10/site-packages/airflow/example_dags/example_subdag_operator.py
[2026-06-10T11:05:15.230+0000] {processor.py:829} INFO - Processing file /home/airflow/.local/lib/python3.10/site-packages/airflow/example_dags/example_subdag_operator.py for tasks to queue
[2026-06-10T11:05:15.230+0000] {logging_mixin.py:154} INFO - [2026-06-10T11:05:15.230+0000] {dagbag.py:536} INFO - Filling up the DagBag from /home/airflow/.local/lib/python3.10/site-packages/airflow/example_dags/example_subdag_operator.py
[2026-06-10T11:05:15.261+0000] {processor.py:839} INFO - DAG(s) dict_keys(['example_subdag_operator.section-1', 'example_subdag_operator.section-2', 'example_subdag_operator']) retrieved from /home/airflow/.local/lib/python3.10/site-packages/airflow/example_dags/example_subdag_operator.py
[2026-06-10T11:05:15.284+0000] {logging_mixin.py:154} INFO - [2026-06-10T11:05:15.284+0000] {dag.py:2941} INFO - Sync 3 DAGs
[2026-06-10T11:05:15.316+0000] {logging_mixin.py:154} INFO - [2026-06-10T11:05:15.315+0000] {dag.py:3722} INFO - Setting next_dagrun for example_subdag_operator to 2022-01-01T00:00:00+00:00, run_after=2022-01-01T00:00:00+00:00
[2026-06-10T11:05:15.322+0000] {logging_mixin.py:154} INFO - [2026-06-10T11:05:15.322+0000] {dag.py:3722} INFO - Setting next_dagrun for example_subdag_operator.section-1 to None, run_after=None
[2026-06-10T11:05:15.324+0000] {logging_mixin.py:154} INFO - [2026-06-10T11:05:15.324+0000] {dag.py:3722} INFO - Setting next_dagrun for example_subdag_operator.section-2 to None, run_after=None
[2026-06-10T11:05:15.334+0000] {logging_mixin.py:154} INFO - [2026-06-10T11:05:15.334+0000] {dag.py:2941} INFO - Sync 2 DAGs
[2026-06-10T11:05:15.355+0000] {logging_mixin.py:154} INFO - [2026-06-10T11:05:15.354+0000] {dag.py:3722} INFO - Setting next_dagrun for example_subdag_operator.section-1 to None, run_after=None
[2026-06-10T11:05:15.357+0000] {logging_mixin.py:154} INFO - [2026-06-10T11:05:15.357+0000] {dag.py:3722} INFO - Setting next_dagrun for example_subdag_operator.section-2 to None, run_after=None
[2026-06-10T11:05:15.381+0000] {processor.py:179} INFO - Processing /home/airflow/.local/lib/python3.10/site-packages/airflow/example_dags/example_subdag_operator.py took 0.156 seconds
[2026-06-10T11:05:45.666+0000] {processor.py:157} INFO - Started process (PID=3492) to work on /home/airflow/.local/lib/python3.10/site-packages/airflow/example_dags/example_subdag_operator.py
[2026-06-10T11:05:45.668+0000] {processor.py:829} INFO - Processing file /home/airflow/.local/lib/python3.10/site-packages/airflow/example_dags/example_subdag_operator.py for tasks to queue
[2026-06-10T11:05:45.669+0000] {logging_mixin.py:154} INFO - [2026-06-10T11:05:45.669+0000] {dagbag.py:536} INFO - Filling up the DagBag from /home/airflow/.local/lib/python3.10/site-packages/airflow/example_dags/example_subdag_operator.py
[2026-06-10T11:05:45.707+0000] {processor.py:839} INFO - DAG(s) dict_keys(['example_subdag_operator.section-1', 'example_subdag_operator.section-2', 'example_subdag_operator']) retrieved from /home/airflow/.local/lib/python3.10/site-packages/airflow/example_dags/example_subdag_operator.py
[2026-06-10T11:05:45.740+0000] {logging_mixin.py:154} INFO - [2026-06-10T11:05:45.739+0000] {dag.py:2941} INFO - Sync 3 DAGs
[2026-06-10T11:05:45.769+0000] {logging_mixin.py:154} INFO - [2026-06-10T11:05:45.769+0000] {dag.py:3722} INFO - Setting next_dagrun for example_subdag_operator to 2022-01-01T00:00:00+00:00, run_after=2022-01-01T00:00:00+00:00
[2026-06-10T11:05:45.774+0000] {logging_mixin.py:154} INFO - [2026-06-10T11:05:45.774+0000] {dag.py:3722} INFO - Setting next_dagrun for example_subdag_operator.section-1 to None, run_after=None
[2026-06-10T11:05:45.775+0000] {logging_mixin.py:154} INFO - [2026-06-10T11:05:45.775+0000] {dag.py:3722} INFO - Setting next_dagrun for example_subdag_operator.section-2 to None, run_after=None
[2026-06-10T11:05:45.784+0000] {logging_mixin.py:154} INFO - [2026-06-10T11:05:45.784+0000] {dag.py:2941} INFO - Sync 2 DAGs
[2026-06-10T11:05:45.794+0000] {logging_mixin.py:154} INFO - [2026-06-10T11:05:45.793+0000] {dag.py:3722} INFO - Setting next_dagrun for example_subdag_operator.section-1 to None, run_after=None
[2026-06-10T11:05:45.794+0000] {logging_mixin.py:154} INFO - [2026-06-10T11:05:45.794+0000] {dag.py:3722} INFO - Setting next_dagrun for example_subdag_operator.section-2 to None, run_after=None
[2026-06-10T11:05:45.813+0000] {processor.py:179} INFO - Processing /home/airflow/.local/lib/python3.10/site-packages/airflow/example_dags/example_subdag_operator.py took 0.152 seconds
[2026-06-10T11:06:16.163+0000] {processor.py:157} INFO - Started process (PID=3543) to work on /home/airflow/.local/lib/python3.10/site-packages/airflow/example_dags/example_subdag_operator.py
[2026-06-10T11:06:16.164+0000] {processor.py:829} INFO - Processing file /home/airflow/.local/lib/python3.10/site-packages/airflow/example_dags/example_subdag_operator.py for tasks to queue
[2026-06-10T11:06:16.165+0000] {logging_mixin.py:154} INFO - [2026-06-10T11:06:16.165+0000] {dagbag.py:536} INFO - Filling up the DagBag from /home/airflow/.local/lib/python3.10/site-packages/airflow/example_dags/example_subdag_operator.py
[2026-06-10T11:06:16.198+0000] {processor.py:839} INFO - DAG(s) dict_keys(['example_subdag_operator.section-1', 'example_subdag_operator.section-2', 'example_subdag_operator']) retrieved from /home/airflow/.local/lib/python3.10/site-packages/airflow/example_dags/example_subdag_operator.py
[2026-06-10T11:06:16.219+0000] {logging_mixin.py:154} INFO - [2026-06-10T11:06:16.219+0000] {dag.py:2941} INFO - Sync 3 DAGs
[2026-06-10T11:06:16.248+0000] {logging_mixin.py:154} INFO - [2026-06-10T11:06:16.248+0000] {dag.py:3722} INFO - Setting next_dagrun for example_subdag_operator to 2022-01-01T00:00:00+00:00, run_after=2022-01-01T00:00:00+00:00
[2026-06-10T11:06:16.253+0000] {logging_mixin.py:154} INFO - [2026-06-10T11:06:16.252+0000] {dag.py:3722} INFO - Setting next_dagrun for example_subdag_operator.section-1 to None, run_after=None
[2026-06-10T11:06:16.254+0000] {logging_mixin.py:154} INFO - [2026-06-10T11:06:16.254+0000] {dag.py:3722} INFO - Setting next_dagrun for example_subdag_operator.section-2 to None, run_after=None
[2026-06-10T11:06:16.263+0000] {logging_mixin.py:154} INFO - [2026-06-10T11:06:16.263+0000] {dag.py:2941} INFO - Sync 2 DAGs
[2026-06-10T11:06:16.270+0000] {logging_mixin.py:154} INFO - [2026-06-10T11:06:16.269+0000] {dag.py:3722} INFO - Setting next_dagrun for example_subdag_operator.section-1 to None, run_after=None
[2026-06-10T11:06:16.270+0000] {logging_mixin.py:154} INFO - [2026-06-10T11:06:16.270+0000] {dag.py:3722} INFO - Setting next_dagrun for example_subdag_operator.section-2 to None, run_after=None
[2026-06-10T11:06:16.284+0000] {processor.py:179} INFO - Processing /home/airflow/.local/lib/python3.10/site-packages/airflow/example_dags/example_subdag_operator.py took 0.126 seconds
[2026-06-10T11:06:47.112+0000] {processor.py:157} INFO - Started process (PID=3594) to work on /home/airflow/.local/lib/python3.10/site-packages/airflow/example_dags/example_subdag_operator.py
[2026-06-10T11:06:47.117+0000] {processor.py:829} INFO - Processing file /home/airflow/.local/lib/python3.10/site-packages/airflow/example_dags/example_subdag_operator.py for tasks to queue
[2026-06-10T11:06:47.118+0000] {logging_mixin.py:154} INFO - [2026-06-10T11:06:47.117+0000] {dagbag.py:536} INFO - Filling up the DagBag from /home/airflow/.local/lib/python3.10/site-packages/airflow/example_dags/example_subdag_operator.py
[2026-06-10T11:06:47.175+0000] {processor.py:839} INFO - DAG(s) dict_keys(['example_subdag_operator.section-1', 'example_subdag_operator.section-2', 'example_subdag_operator']) retrieved from /home/airflow/.local/lib/python3.10/site-packages/airflow/example_dags/example_subdag_operator.py
[2026-06-10T11:06:47.229+0000] {logging_mixin.py:154} INFO - [2026-06-10T11:06:47.229+0000] {dag.py:2941} INFO - Sync 3 DAGs
[2026-06-10T11:06:47.290+0000] {logging_mixin.py:154} INFO - [2026-06-10T11:06:47.290+0000] {dag.py:3722} INFO - Setting next_dagrun for example_subdag_operator to 2022-01-01T00:00:00+00:00, run_after=2022-01-01T00:00:00+00:00
[2026-06-10T11:06:47.313+0000] {logging_mixin.py:154} INFO - [2026-06-10T11:06:47.313+0000] {dag.py:3722} INFO - Setting next_dagrun for example_subdag_operator.section-1 to None, run_after=None
[2026-06-10T11:06:47.317+0000] {logging_mixin.py:154} INFO - [2026-06-10T11:06:47.317+0000] {dag.py:3722} INFO - Setting next_dagrun for example_subdag_operator.section-2 to None, run_after=None
[2026-06-10T11:06:47.342+0000] {logging_mixin.py:154} INFO - [2026-06-10T11:06:47.341+0000] {dag.py:2941} INFO - Sync 2 DAGs
[2026-06-10T11:06:47.362+0000] {logging_mixin.py:154} INFO - [2026-06-10T11:06:47.362+0000] {dag.py:3722} INFO - Setting next_dagrun for example_subdag_operator.section-1 to None, run_after=None
[2026-06-10T11:06:47.363+0000] {logging_mixin.py:154} INFO - [2026-06-10T11:06:47.363+0000] {dag.py:3722} INFO - Setting next_dagrun for example_subdag_operator.section-2 to None, run_after=None
[2026-06-10T11:06:47.400+0000] {processor.py:179} INFO - Processing /home/airflow/.local/lib/python3.10/site-packages/airflow/example_dags/example_subdag_operator.py took 0.292 seconds
[2026-06-10T11:07:17.724+0000] {processor.py:157} INFO - Started process (PID=3645) to work on /home/airflow/.local/lib/python3.10/site-packages/airflow/example_dags/example_subdag_operator.py
[2026-06-10T11:07:17.725+0000] {processor.py:829} INFO - Processing file /home/airflow/.local/lib/python3.10/site-packages/airflow/example_dags/example_subdag_operator.py for tasks to queue
[2026-06-10T11:07:17.726+0000] {logging_mixin.py:154} INFO - [2026-06-10T11:07:17.726+0000] {dagbag.py:536} INFO - Filling up the DagBag from /home/airflow/.local/lib/python3.10/site-packages/airflow/example_dags/example_subdag_operator.py
[2026-06-10T11:07:17.762+0000] {processor.py:839} INFO - DAG(s) dict_keys(['example_subdag_operator.section-1', 'example_subdag_operator.section-2', 'example_subdag_operator']) retrieved from /home/airflow/.local/lib/python3.10/site-packages/airflow/example_dags/example_subdag_operator.py
[2026-06-10T11:07:17.786+0000] {logging_mixin.py:154} INFO - [2026-06-10T11:07:17.785+0000] {dag.py:2941} INFO - Sync 3 DAGs
[2026-06-10T11:07:17.846+0000] {logging_mixin.py:154} INFO - [2026-06-10T11:07:17.845+0000] {dag.py:3722} INFO - Setting next_dagrun for example_subdag_operator to 2022-01-01T00:00:00+00:00, run_after=2022-01-01T00:00:00+00:00
[2026-06-10T11:07:17.857+0000] {logging_mixin.py:154} INFO - [2026-06-10T11:07:17.857+0000] {dag.py:3722} INFO - Setting next_dagrun for example_subdag_operator.section-1 to None, run_after=None
[2026-06-10T11:07:17.862+0000] {logging_mixin.py:154} INFO - [2026-06-10T11:07:17.862+0000] {dag.py:3722} INFO - Setting next_dagrun for example_subdag_operator.section-2 to None, run_after=None
[2026-06-10T11:07:17.874+0000] {logging_mixin.py:154} INFO - [2026-06-10T11:07:17.874+0000] {dag.py:2941} INFO - Sync 2 DAGs
[2026-06-10T11:07:17.881+0000] {logging_mixin.py:154} INFO - [2026-06-10T11:07:17.881+0000] {dag.py:3722} INFO - Setting next_dagrun for example_subdag_operator.section-1 to None, run_after=None
[2026-06-10T11:07:17.882+0000] {logging_mixin.py:154} INFO - [2026-06-10T11:07:17.881+0000] {dag.py:3722} INFO - Setting next_dagrun for example_subdag_operator.section-2 to None, run_after=None
[2026-06-10T11:07:17.916+0000] {processor.py:179} INFO - Processing /home/airflow/.local/lib/python3.10/site-packages/airflow/example_dags/example_subdag_operator.py took 0.197 seconds
[2026-06-10T11:07:48.903+0000] {processor.py:157} INFO - Started process (PID=3696) to work on /home/airflow/.local/lib/python3.10/site-packages/airflow/example_dags/example_subdag_operator.py
[2026-06-10T11:07:48.904+0000] {processor.py:829} INFO - Processing file /home/airflow/.local/lib/python3.10/site-packages/airflow/example_dags/example_subdag_operator.py for tasks to queue
[2026-06-10T11:07:48.905+0000] {logging_mixin.py:154} INFO - [2026-06-10T11:07:48.905+0000] {dagbag.py:536} INFO - Filling up the DagBag from /home/airflow/.local/lib/python3.10/site-packages/airflow/example_dags/example_subdag_operator.py
[2026-06-10T11:07:48.971+0000] {processor.py:839} INFO - DAG(s) dict_keys(['example_subdag_operator.section-1', 'example_subdag_operator.section-2', 'example_subdag_operator']) retrieved from /home/airflow/.local/lib/python3.10/site-packages/airflow/example_dags/example_subdag_operator.py
[2026-06-10T11:07:49.029+0000] {logging_mixin.py:154} INFO - [2026-06-10T11:07:49.029+0000] {dag.py:2941} INFO - Sync 3 DAGs
[2026-06-10T11:07:49.068+0000] {logging_mixin.py:154} INFO - [2026-06-10T11:07:49.067+0000] {dag.py:3722} INFO - Setting next_dagrun for example_subdag_operator to 2022-01-01T00:00:00+00:00, run_after=2022-01-01T00:00:00+00:00
[2026-06-10T11:07:49.075+0000] {logging_mixin.py:154} INFO - [2026-06-10T11:07:49.075+0000] {dag.py:3722} INFO - Setting next_dagrun for example_subdag_operator.section-1 to None, run_after=None
[2026-06-10T11:07:49.077+0000] {logging_mixin.py:154} INFO - [2026-06-10T11:07:49.077+0000] {dag.py:3722} INFO - Setting next_dagrun for example_subdag_operator.section-2 to None, run_after=None
[2026-06-10T11:07:49.092+0000] {logging_mixin.py:154} INFO - [2026-06-10T11:07:49.091+0000] {dag.py:2941} INFO - Sync 2 DAGs
[2026-06-10T11:07:49.100+0000] {logging_mixin.py:154} INFO - [2026-06-10T11:07:49.099+0000] {dag.py:3722} INFO - Setting next_dagrun for example_subdag_operator.section-1 to None, run_after=None
[2026-06-10T11:07:49.101+0000] {logging_mixin.py:154} INFO - [2026-06-10T11:07:49.100+0000] {dag.py:3722} INFO - Setting next_dagrun for example_subdag_operator.section-2 to None, run_after=None
[2026-06-10T11:07:49.136+0000] {processor.py:179} INFO - Processing /home/airflow/.local/lib/python3.10/site-packages/airflow/example_dags/example_subdag_operator.py took 0.240 seconds
[2026-06-10T11:08:20.147+0000] {processor.py:157} INFO - Started process (PID=3747) to work on /home/airflow/.local/lib/python3.10/site-packages/airflow/example_dags/example_subdag_operator.py
[2026-06-10T11:08:20.172+0000] {processor.py:829} INFO - Processing file /home/airflow/.local/lib/python3.10/site-packages/airflow/example_dags/example_subdag_operator.py for tasks to queue
[2026-06-10T11:08:20.173+0000] {logging_mixin.py:154} INFO - [2026-06-10T11:08:20.173+0000] {dagbag.py:536} INFO - Filling up the DagBag from /home/airflow/.local/lib/python3.10/site-packages/airflow/example_dags/example_subdag_operator.py
[2026-06-10T11:08:20.292+0000] {processor.py:839} INFO - DAG(s) dict_keys(['example_subdag_operator.section-1', 'example_subdag_operator.section-2', 'example_subdag_operator']) retrieved from /home/airflow/.local/lib/python3.10/site-packages/airflow/example_dags/example_subdag_operator.py
[2026-06-10T11:08:20.365+0000] {logging_mixin.py:154} INFO - [2026-06-10T11:08:20.365+0000] {dag.py:2941} INFO - Sync 3 DAGs
[2026-06-10T11:08:20.512+0000] {logging_mixin.py:154} INFO - [2026-06-10T11:08:20.512+0000] {dag.py:3722} INFO - Setting next_dagrun for example_subdag_operator to 2022-01-01T00:00:00+00:00, run_after=2022-01-01T00:00:00+00:00
[2026-06-10T11:08:20.526+0000] {logging_mixin.py:154} INFO - [2026-06-10T11:08:20.526+0000] {dag.py:3722} INFO - Setting next_dagrun for example_subdag_operator.section-1 to None, run_after=None
[2026-06-10T11:08:20.528+0000] {logging_mixin.py:154} INFO - [2026-06-10T11:08:20.527+0000] {dag.py:3722} INFO - Setting next_dagrun for example_subdag_operator.section-2 to None, run_after=None
[2026-06-10T11:08:20.538+0000] {logging_mixin.py:154} INFO - [2026-06-10T11:08:20.538+0000] {dag.py:2941} INFO - Sync 2 DAGs
[2026-06-10T11:08:20.546+0000] {logging_mixin.py:154} INFO - [2026-06-10T11:08:20.546+0000] {dag.py:3722} INFO - Setting next_dagrun for example_subdag_operator.section-1 to None, run_after=None
[2026-06-10T11:08:20.547+0000] {logging_mixin.py:154} INFO - [2026-06-10T11:08:20.547+0000] {dag.py:3722} INFO - Setting next_dagrun for example_subdag_operator.section-2 to None, run_after=None
[2026-06-10T11:08:20.585+0000] {processor.py:179} INFO - Processing /home/airflow/.local/lib/python3.10/site-packages/airflow/example_dags/example_subdag_operator.py took 0.458 seconds
[2026-06-10T11:08:51.088+0000] {processor.py:157} INFO - Started process (PID=3798) to work on /home/airflow/.local/lib/python3.10/site-packages/airflow/example_dags/example_subdag_operator.py
[2026-06-10T11:08:51.091+0000] {processor.py:829} INFO - Processing file /home/airflow/.local/lib/python3.10/site-packages/airflow/example_dags/example_subdag_operator.py for tasks to queue
[2026-06-10T11:08:51.092+0000] {logging_mixin.py:154} INFO - [2026-06-10T11:08:51.091+0000] {dagbag.py:536} INFO - Filling up the DagBag from /home/airflow/.local/lib/python3.10/site-packages/airflow/example_dags/example_subdag_operator.py
[2026-06-10T11:08:51.153+0000] {processor.py:839} INFO - DAG(s) dict_keys(['example_subdag_operator.section-1', 'example_subdag_operator.section-2', 'example_subdag_operator']) retrieved from /home/airflow/.local/lib/python3.10/site-packages/airflow/example_dags/example_subdag_operator.py
[2026-06-10T11:08:51.205+0000] {logging_mixin.py:154} INFO - [2026-06-10T11:08:51.204+0000] {dag.py:2941} INFO - Sync 3 DAGs
[2026-06-10T11:08:51.257+0000] {logging_mixin.py:154} INFO - [2026-06-10T11:08:51.257+0000] {dag.py:3722} INFO - Setting next_dagrun for example_subdag_operator to 2022-01-01T00:00:00+00:00, run_after=2022-01-01T00:00:00+00:00
[2026-06-10T11:08:51.277+0000] {logging_mixin.py:154} INFO - [2026-06-10T11:08:51.277+0000] {dag.py:3722} INFO - Setting next_dagrun for example_subdag_operator.section-1 to None, run_after=None
[2026-06-10T11:08:51.289+0000] {logging_mixin.py:154} INFO - [2026-06-10T11:08:51.288+0000] {dag.py:3722} INFO - Setting next_dagrun for example_subdag_operator.section-2 to None, run_after=None
[2026-06-10T11:08:51.318+0000] {logging_mixin.py:154} INFO - [2026-06-10T11:08:51.318+0000] {dag.py:2941} INFO - Sync 2 DAGs
[2026-06-10T11:08:51.338+0000] {logging_mixin.py:154} INFO - [2026-06-10T11:08:51.338+0000] {dag.py:3722} INFO - Setting next_dagrun for example_subdag_operator.section-1 to None, run_after=None
[2026-06-10T11:08:51.339+0000] {logging_mixin.py:154} INFO - [2026-06-10T11:08:51.339+0000] {dag.py:3722} INFO - Setting next_dagrun for example_subdag_operator.section-2 to None, run_after=None
[2026-06-10T11:08:51.395+0000] {processor.py:179} INFO - Processing /home/airflow/.local/lib/python3.10/site-packages/airflow/example_dags/example_subdag_operator.py took 0.311 seconds
[2026-06-10T11:09:21.454+0000] {processor.py:157} INFO - Started process (PID=3849) to work on /home/airflow/.local/lib/python3.10/site-packages/airflow/example_dags/example_subdag_operator.py
[2026-06-10T11:09:21.455+0000] {processor.py:829} INFO - Processing file /home/airflow/.local/lib/python3.10/site-packages/airflow/example_dags/example_subdag_operator.py for tasks to queue
[2026-06-10T11:09:21.456+0000] {logging_mixin.py:154} INFO - [2026-06-10T11:09:21.455+0000] {dagbag.py:536} INFO - Filling up the DagBag from /home/airflow/.local/lib/python3.10/site-packages/airflow/example_dags/example_subdag_operator.py
[2026-06-10T11:09:21.490+0000] {processor.py:839} INFO - DAG(s) dict_keys(['example_subdag_operator.section-1', 'example_subdag_operator.section-2', 'example_subdag_operator']) retrieved from /home/airflow/.local/lib/python3.10/site-packages/airflow/example_dags/example_subdag_operator.py
[2026-06-10T11:09:21.514+0000] {logging_mixin.py:154} INFO - [2026-06-10T11:09:21.513+0000] {dag.py:2941} INFO - Sync 3 DAGs
[2026-06-10T11:09:21.547+0000] {logging_mixin.py:154} INFO - [2026-06-10T11:09:21.546+0000] {dag.py:3722} INFO - Setting next_dagrun for example_subdag_operator to 2022-01-01T00:00:00+00:00, run_after=2022-01-01T00:00:00+00:00
[2026-06-10T11:09:21.551+0000] {logging_mixin.py:154} INFO - [2026-06-10T11:09:21.551+0000] {dag.py:3722} INFO - Setting next_dagrun for example_subdag_operator.section-1 to None, run_after=None
[2026-06-10T11:09:21.552+0000] {logging_mixin.py:154} INFO - [2026-06-10T11:09:21.552+0000] {dag.py:3722} INFO - Setting next_dagrun for example_subdag_operator.section-2 to None, run_after=None
[2026-06-10T11:09:21.560+0000] {logging_mixin.py:154} INFO - [2026-06-10T11:09:21.560+0000] {dag.py:2941} INFO - Sync 2 DAGs
[2026-06-10T11:09:21.565+0000] {logging_mixin.py:154} INFO - [2026-06-10T11:09:21.565+0000] {dag.py:3722} INFO - Setting next_dagrun for example_subdag_operator.section-1 to None, run_after=None
[2026-06-10T11:09:21.566+0000] {logging_mixin.py:154} INFO - [2026-06-10T11:09:21.565+0000] {dag.py:3722} INFO - Setting next_dagrun for example_subdag_operator.section-2 to None, run_after=None
[2026-06-10T11:09:21.576+0000] {processor.py:179} INFO - Processing /home/airflow/.local/lib/python3.10/site-packages/airflow/example_dags/example_subdag_operator.py took 0.128 seconds
[2026-06-10T11:09:51.993+0000] {processor.py:157} INFO - Started process (PID=3900) to work on /home/airflow/.local/lib/python3.10/site-packages/airflow/example_dags/example_subdag_operator.py
[2026-06-10T11:09:51.996+0000] {processor.py:829} INFO - Processing file /home/airflow/.local/lib/python3.10/site-packages/airflow/example_dags/example_subdag_operator.py for tasks to queue
[2026-06-10T11:09:51.997+0000] {logging_mixin.py:154} INFO - [2026-06-10T11:09:51.997+0000] {dagbag.py:536} INFO - Filling up the DagBag from /home/airflow/.local/lib/python3.10/site-packages/airflow/example_dags/example_subdag_operator.py
[2026-06-10T11:09:52.046+0000] {processor.py:839} INFO - DAG(s) dict_keys(['example_subdag_operator.section-1', 'example_subdag_operator.section-2', 'example_subdag_operator']) retrieved from /home/airflow/.local/lib/python3.10/site-packages/airflow/example_dags/example_subdag_operator.py
[2026-06-10T11:09:52.068+0000] {logging_mixin.py:154} INFO - [2026-06-10T11:09:52.068+0000] {dag.py:2941} INFO - Sync 3 DAGs
[2026-06-10T11:09:52.106+0000] {logging_mixin.py:154} INFO - [2026-06-10T11:09:52.106+0000] {dag.py:3722} INFO - Setting next_dagrun for example_subdag_operator to 2022-01-01T00:00:00+00:00, run_after=2022-01-01T00:00:00+00:00
[2026-06-10T11:09:52.111+0000] {logging_mixin.py:154} INFO - [2026-06-10T11:09:52.111+0000] {dag.py:3722} INFO - Setting next_dagrun for example_subdag_operator.section-1 to None, run_after=None
[2026-06-10T11:09:52.112+0000] {logging_mixin.py:154} INFO - [2026-06-10T11:09:52.112+0000] {dag.py:3722} INFO - Setting next_dagrun for example_subdag_operator.section-2 to None, run_after=None
[2026-06-10T11:09:52.122+0000] {logging_mixin.py:154} INFO - [2026-06-10T11:09:52.122+0000] {dag.py:2941} INFO - Sync 2 DAGs
[2026-06-10T11:09:52.129+0000] {logging_mixin.py:154} INFO - [2026-06-10T11:09:52.128+0000] {dag.py:3722} INFO - Setting next_dagrun for example_subdag_operator.section-1 to None, run_after=None
[2026-06-10T11:09:52.129+0000] {logging_mixin.py:154} INFO - [2026-06-10T11:09:52.129+0000] {dag.py:3722} INFO - Setting next_dagrun for example_subdag_operator.section-2 to None, run_after=None
[2026-06-10T11:09:52.140+0000] {processor.py:179} INFO - Processing /home/airflow/.local/lib/python3.10/site-packages/airflow/example_dags/example_subdag_operator.py took 0.156 seconds
[2026-06-10T11:10:22.360+0000] {processor.py:157} INFO - Started process (PID=3951) to work on /home/airflow/.local/lib/python3.10/site-packages/airflow/example_dags/example_subdag_operator.py
[2026-06-10T11:10:22.361+0000] {processor.py:829} INFO - Processing file /home/airflow/.local/lib/python3.10/site-packages/airflow/example_dags/example_subdag_operator.py for tasks to queue
[2026-06-10T11:10:22.362+0000] {logging_mixin.py:154} INFO - [2026-06-10T11:10:22.362+0000] {dagbag.py:536} INFO - Filling up the DagBag from /home/airflow/.local/lib/python3.10/site-packages/airflow/example_dags/example_subdag_operator.py
[2026-06-10T11:10:22.398+0000] {processor.py:839} INFO - DAG(s) dict_keys(['example_subdag_operator.section-1', 'example_subdag_operator.section-2', 'example_subdag_operator']) retrieved from /home/airflow/.local/lib/python3.10/site-packages/airflow/example_dags/example_subdag_operator.py
[2026-06-10T11:10:22.420+0000] {logging_mixin.py:154} INFO - [2026-06-10T11:10:22.420+0000] {dag.py:2941} INFO - Sync 3 DAGs
[2026-06-10T11:10:22.451+0000] {logging_mixin.py:154} INFO - [2026-06-10T11:10:22.450+0000] {dag.py:3722} INFO - Setting next_dagrun for example_subdag_operator to 2022-01-01T00:00:00+00:00, run_after=2022-01-01T00:00:00+00:00
[2026-06-10T11:10:22.455+0000] {logging_mixin.py:154} INFO - [2026-06-10T11:10:22.455+0000] {dag.py:3722} INFO - Setting next_dagrun for example_subdag_operator.section-1 to None, run_after=None
[2026-06-10T11:10:22.457+0000] {logging_mixin.py:154} INFO - [2026-06-10T11:10:22.457+0000] {dag.py:3722} INFO - Setting next_dagrun for example_subdag_operator.section-2 to None, run_after=None
[2026-06-10T11:10:22.465+0000] {logging_mixin.py:154} INFO - [2026-06-10T11:10:22.464+0000] {dag.py:2941} INFO - Sync 2 DAGs
[2026-06-10T11:10:22.471+0000] {logging_mixin.py:154} INFO - [2026-06-10T11:10:22.471+0000] {dag.py:3722} INFO - Setting next_dagrun for example_subdag_operator.section-1 to None, run_after=None
[2026-06-10T11:10:22.471+0000] {logging_mixin.py:154} INFO - [2026-06-10T11:10:22.471+0000] {dag.py:3722} INFO - Setting next_dagrun for example_subdag_operator.section-2 to None, run_after=None
[2026-06-10T11:10:22.482+0000] {processor.py:179} INFO - Processing /home/airflow/.local/lib/python3.10/site-packages/airflow/example_dags/example_subdag_operator.py took 0.127 seconds
[2026-06-10T11:10:52.683+0000] {processor.py:157} INFO - Started process (PID=4002) to work on /home/airflow/.local/lib/python3.10/site-packages/airflow/example_dags/example_subdag_operator.py
[2026-06-10T11:10:52.688+0000] {processor.py:829} INFO - Processing file /home/airflow/.local/lib/python3.10/site-packages/airflow/example_dags/example_subdag_operator.py for tasks to queue
[2026-06-10T11:10:52.689+0000] {logging_mixin.py:154} INFO - [2026-06-10T11:10:52.689+0000] {dagbag.py:536} INFO - Filling up the DagBag from /home/airflow/.local/lib/python3.10/site-packages/airflow/example_dags/example_subdag_operator.py
[2026-06-10T11:10:52.722+0000] {processor.py:839} INFO - DAG(s) dict_keys(['example_subdag_operator.section-1', 'example_subdag_operator.section-2', 'example_subdag_operator']) retrieved from /home/airflow/.local/lib/python3.10/site-packages/airflow/example_dags/example_subdag_operator.py
[2026-06-10T11:10:52.739+0000] {logging_mixin.py:154} INFO - [2026-06-10T11:10:52.739+0000] {dag.py:2941} INFO - Sync 3 DAGs
[2026-06-10T11:10:52.763+0000] {logging_mixin.py:154} INFO - [2026-06-10T11:10:52.763+0000] {dag.py:3722} INFO - Setting next_dagrun for example_subdag_operator to 2022-01-01T00:00:00+00:00, run_after=2022-01-01T00:00:00+00:00
[2026-06-10T11:10:52.768+0000] {logging_mixin.py:154} INFO - [2026-06-10T11:10:52.768+0000] {dag.py:3722} INFO - Setting next_dagrun for example_subdag_operator.section-1 to None, run_after=None
[2026-06-10T11:10:52.770+0000] {logging_mixin.py:154} INFO - [2026-06-10T11:10:52.770+0000] {dag.py:3722} INFO - Setting next_dagrun for example_subdag_operator.section-2 to None, run_after=None
[2026-06-10T11:10:52.779+0000] {logging_mixin.py:154} INFO - [2026-06-10T11:10:52.779+0000] {dag.py:2941} INFO - Sync 2 DAGs
[2026-06-10T11:10:52.786+0000] {logging_mixin.py:154} INFO - [2026-06-10T11:10:52.785+0000] {dag.py:3722} INFO - Setting next_dagrun for example_subdag_operator.section-1 to None, run_after=None
[2026-06-10T11:10:52.786+0000] {logging_mixin.py:154} INFO - [2026-06-10T11:10:52.786+0000] {dag.py:3722} INFO - Setting next_dagrun for example_subdag_operator.section-2 to None, run_after=None
[2026-06-10T11:10:52.797+0000] {processor.py:179} INFO - Processing /home/airflow/.local/lib/python3.10/site-packages/airflow/example_dags/example_subdag_operator.py took 0.123 seconds
[2026-06-10T11:11:22.913+0000] {processor.py:157} INFO - Started process (PID=4053) to work on /home/airflow/.local/lib/python3.10/site-packages/airflow/example_dags/example_subdag_operator.py
[2026-06-10T11:11:22.914+0000] {processor.py:829} INFO - Processing file /home/airflow/.local/lib/python3.10/site-packages/airflow/example_dags/example_subdag_operator.py for tasks to queue
[2026-06-10T11:11:22.915+0000] {logging_mixin.py:154} INFO - [2026-06-10T11:11:22.915+0000] {dagbag.py:536} INFO - Filling up the DagBag from /home/airflow/.local/lib/python3.10/site-packages/airflow/example_dags/example_subdag_operator.py
[2026-06-10T11:11:22.950+0000] {processor.py:839} INFO - DAG(s) dict_keys(['example_subdag_operator.section-1', 'example_subdag_operator.section-2', 'example_subdag_operator']) retrieved from /home/airflow/.local/lib/python3.10/site-packages/airflow/example_dags/example_subdag_operator.py
[2026-06-10T11:11:22.972+0000] {logging_mixin.py:154} INFO - [2026-06-10T11:11:22.972+0000] {dag.py:2941} INFO - Sync 3 DAGs
[2026-06-10T11:11:23.060+0000] {logging_mixin.py:154} INFO - [2026-06-10T11:11:23.059+0000] {dag.py:3722} INFO - Setting next_dagrun for example_subdag_operator to 2022-01-01T00:00:00+00:00, run_after=2022-01-01T00:00:00+00:00
[2026-06-10T11:11:23.096+0000] {logging_mixin.py:154} INFO - [2026-06-10T11:11:23.093+0000] {dag.py:3722} INFO - Setting next_dagrun for example_subdag_operator.section-1 to None, run_after=None
[2026-06-10T11:11:23.120+0000] {logging_mixin.py:154} INFO - [2026-06-10T11:11:23.120+0000] {dag.py:3722} INFO - Setting next_dagrun for example_subdag_operator.section-2 to None, run_after=None
[2026-06-10T11:11:23.145+0000] {logging_mixin.py:154} INFO - [2026-06-10T11:11:23.145+0000] {dag.py:2941} INFO - Sync 2 DAGs
[2026-06-10T11:11:23.159+0000] {logging_mixin.py:154} INFO - [2026-06-10T11:11:23.159+0000] {dag.py:3722} INFO - Setting next_dagrun for example_subdag_operator.section-1 to None, run_after=None
[2026-06-10T11:11:23.160+0000] {logging_mixin.py:154} INFO - [2026-06-10T11:11:23.160+0000] {dag.py:3722} INFO - Setting next_dagrun for example_subdag_operator.section-2 to None, run_after=None
[2026-06-10T11:11:23.189+0000] {processor.py:179} INFO - Processing /home/airflow/.local/lib/python3.10/site-packages/airflow/example_dags/example_subdag_operator.py took 0.281 seconds
[2026-06-10T11:11:53.890+0000] {processor.py:157} INFO - Started process (PID=4102) to work on /home/airflow/.local/lib/python3.10/site-packages/airflow/example_dags/example_subdag_operator.py
[2026-06-10T11:11:53.892+0000] {processor.py:829} INFO - Processing file /home/airflow/.local/lib/python3.10/site-packages/airflow/example_dags/example_subdag_operator.py for tasks to queue
[2026-06-10T11:11:53.893+0000] {logging_mixin.py:154} INFO - [2026-06-10T11:11:53.892+0000] {dagbag.py:536} INFO - Filling up the DagBag from /home/airflow/.local/lib/python3.10/site-packages/airflow/example_dags/example_subdag_operator.py
[2026-06-10T11:11:53.926+0000] {processor.py:839} INFO - DAG(s) dict_keys(['example_subdag_operator.section-1', 'example_subdag_operator.section-2', 'example_subdag_operator']) retrieved from /home/airflow/.local/lib/python3.10/site-packages/airflow/example_dags/example_subdag_operator.py
[2026-06-10T11:11:53.948+0000] {logging_mixin.py:154} INFO - [2026-06-10T11:11:53.948+0000] {dag.py:2941} INFO - Sync 3 DAGs
[2026-06-10T11:11:53.979+0000] {logging_mixin.py:154} INFO - [2026-06-10T11:11:53.979+0000] {dag.py:3722} INFO - Setting next_dagrun for example_subdag_operator to 2022-01-01T00:00:00+00:00, run_after=2022-01-01T00:00:00+00:00
[2026-06-10T11:11:53.984+0000] {logging_mixin.py:154} INFO - [2026-06-10T11:11:53.983+0000] {dag.py:3722} INFO - Setting next_dagrun for example_subdag_operator.section-1 to None, run_after=None
[2026-06-10T11:11:53.985+0000] {logging_mixin.py:154} INFO - [2026-06-10T11:11:53.985+0000] {dag.py:3722} INFO - Setting next_dagrun for example_subdag_operator.section-2 to None, run_after=None
[2026-06-10T11:11:53.994+0000] {logging_mixin.py:154} INFO - [2026-06-10T11:11:53.994+0000] {dag.py:2941} INFO - Sync 2 DAGs
[2026-06-10T11:11:54.001+0000] {logging_mixin.py:154} INFO - [2026-06-10T11:11:54.001+0000] {dag.py:3722} INFO - Setting next_dagrun for example_subdag_operator.section-1 to None, run_after=None
[2026-06-10T11:11:54.002+0000] {logging_mixin.py:154} INFO - [2026-06-10T11:11:54.002+0000] {dag.py:3722} INFO - Setting next_dagrun for example_subdag_operator.section-2 to None, run_after=None
[2026-06-10T11:11:54.015+0000] {processor.py:179} INFO - Processing /home/airflow/.local/lib/python3.10/site-packages/airflow/example_dags/example_subdag_operator.py took 0.129 seconds
[2026-06-10T11:12:25.435+0000] {processor.py:157} INFO - Started process (PID=4153) to work on /home/airflow/.local/lib/python3.10/site-packages/airflow/example_dags/example_subdag_operator.py
[2026-06-10T11:12:25.457+0000] {processor.py:829} INFO - Processing file /home/airflow/.local/lib/python3.10/site-packages/airflow/example_dags/example_subdag_operator.py for tasks to queue
[2026-06-10T11:12:25.459+0000] {logging_mixin.py:154} INFO - [2026-06-10T11:12:25.458+0000] {dagbag.py:536} INFO - Filling up the DagBag from /home/airflow/.local/lib/python3.10/site-packages/airflow/example_dags/example_subdag_operator.py
[2026-06-10T11:12:25.559+0000] {processor.py:839} INFO - DAG(s) dict_keys(['example_subdag_operator.section-1', 'example_subdag_operator.section-2', 'example_subdag_operator']) retrieved from /home/airflow/.local/lib/python3.10/site-packages/airflow/example_dags/example_subdag_operator.py
[2026-06-10T11:12:25.618+0000] {logging_mixin.py:154} INFO - [2026-06-10T11:12:25.618+0000] {dag.py:2941} INFO - Sync 3 DAGs
[2026-06-10T11:12:25.688+0000] {logging_mixin.py:154} INFO - [2026-06-10T11:12:25.687+0000] {dag.py:3722} INFO - Setting next_dagrun for example_subdag_operator to 2022-01-01T00:00:00+00:00, run_after=2022-01-01T00:00:00+00:00
[2026-06-10T11:12:25.694+0000] {logging_mixin.py:154} INFO - [2026-06-10T11:12:25.694+0000] {dag.py:3722} INFO - Setting next_dagrun for example_subdag_operator.section-1 to None, run_after=None
[2026-06-10T11:12:25.696+0000] {logging_mixin.py:154} INFO - [2026-06-10T11:12:25.695+0000] {dag.py:3722} INFO - Setting next_dagrun for example_subdag_operator.section-2 to None, run_after=None
[2026-06-10T11:12:25.709+0000] {logging_mixin.py:154} INFO - [2026-06-10T11:12:25.709+0000] {dag.py:2941} INFO - Sync 2 DAGs
[2026-06-10T11:12:25.723+0000] {logging_mixin.py:154} INFO - [2026-06-10T11:12:25.723+0000] {dag.py:3722} INFO - Setting next_dagrun for example_subdag_operator.section-1 to None, run_after=None
[2026-06-10T11:12:25.728+0000] {logging_mixin.py:154} INFO - [2026-06-10T11:12:25.728+0000] {dag.py:3722} INFO - Setting next_dagrun for example_subdag_operator.section-2 to None, run_after=None
[2026-06-10T11:12:25.772+0000] {processor.py:179} INFO - Processing /home/airflow/.local/lib/python3.10/site-packages/airflow/example_dags/example_subdag_operator.py took 0.341 seconds
[2026-06-10T11:12:56.258+0000] {processor.py:157} INFO - Started process (PID=4204) to work on /home/airflow/.local/lib/python3.10/site-packages/airflow/example_dags/example_subdag_operator.py
[2026-06-10T11:12:56.260+0000] {processor.py:829} INFO - Processing file /home/airflow/.local/lib/python3.10/site-packages/airflow/example_dags/example_subdag_operator.py for tasks to queue
[2026-06-10T11:12:56.261+0000] {logging_mixin.py:154} INFO - [2026-06-10T11:12:56.260+0000] {dagbag.py:536} INFO - Filling up the DagBag from /home/airflow/.local/lib/python3.10/site-packages/airflow/example_dags/example_subdag_operator.py
[2026-06-10T11:12:56.295+0000] {processor.py:839} INFO - DAG(s) dict_keys(['example_subdag_operator.section-1', 'example_subdag_operator.section-2', 'example_subdag_operator']) retrieved from /home/airflow/.local/lib/python3.10/site-packages/airflow/example_dags/example_subdag_operator.py
[2026-06-10T11:12:56.337+0000] {logging_mixin.py:154} INFO - [2026-06-10T11:12:56.337+0000] {dag.py:2941} INFO - Sync 3 DAGs
[2026-06-10T11:12:56.405+0000] {logging_mixin.py:154} INFO - [2026-06-10T11:12:56.405+0000] {dag.py:3722} INFO - Setting next_dagrun for example_subdag_operator to 2022-01-01T00:00:00+00:00, run_after=2022-01-01T00:00:00+00:00
[2026-06-10T11:12:56.421+0000] {logging_mixin.py:154} INFO - [2026-06-10T11:12:56.421+0000] {dag.py:3722} INFO - Setting next_dagrun for example_subdag_operator.section-1 to None, run_after=None
[2026-06-10T11:12:56.423+0000] {logging_mixin.py:154} INFO - [2026-06-10T11:12:56.423+0000] {dag.py:3722} INFO - Setting next_dagrun for example_subdag_operator.section-2 to None, run_after=None
[2026-06-10T11:12:56.438+0000] {logging_mixin.py:154} INFO - [2026-06-10T11:12:56.438+0000] {dag.py:2941} INFO - Sync 2 DAGs
[2026-06-10T11:12:56.454+0000] {logging_mixin.py:154} INFO - [2026-06-10T11:12:56.454+0000] {dag.py:3722} INFO - Setting next_dagrun for example_subdag_operator.section-1 to None, run_after=None
[2026-06-10T11:12:56.454+0000] {logging_mixin.py:154} INFO - [2026-06-10T11:12:56.454+0000] {dag.py:3722} INFO - Setting next_dagrun for example_subdag_operator.section-2 to None, run_after=None
[2026-06-10T11:12:56.498+0000] {processor.py:179} INFO - Processing /home/airflow/.local/lib/python3.10/site-packages/airflow/example_dags/example_subdag_operator.py took 0.246 seconds
[2026-06-10T11:13:27.071+0000] {processor.py:157} INFO - Started process (PID=4255) to work on /home/airflow/.local/lib/python3.10/site-packages/airflow/example_dags/example_subdag_operator.py
[2026-06-10T11:13:27.084+0000] {processor.py:829} INFO - Processing file /home/airflow/.local/lib/python3.10/site-packages/airflow/example_dags/example_subdag_operator.py for tasks to queue
[2026-06-10T11:13:27.085+0000] {logging_mixin.py:154} INFO - [2026-06-10T11:13:27.085+0000] {dagbag.py:536} INFO - Filling up the DagBag from /home/airflow/.local/lib/python3.10/site-packages/airflow/example_dags/example_subdag_operator.py
[2026-06-10T11:13:27.125+0000] {processor.py:839} INFO - DAG(s) dict_keys(['example_subdag_operator.section-1', 'example_subdag_operator.section-2', 'example_subdag_operator']) retrieved from /home/airflow/.local/lib/python3.10/site-packages/airflow/example_dags/example_subdag_operator.py
[2026-06-10T11:13:27.146+0000] {logging_mixin.py:154} INFO - [2026-06-10T11:13:27.146+0000] {dag.py:2941} INFO - Sync 3 DAGs
[2026-06-10T11:13:27.176+0000] {logging_mixin.py:154} INFO - [2026-06-10T11:13:27.175+0000] {dag.py:3722} INFO - Setting next_dagrun for example_subdag_operator to 2022-01-01T00:00:00+00:00, run_after=2022-01-01T00:00:00+00:00
[2026-06-10T11:13:27.181+0000] {logging_mixin.py:154} INFO - [2026-06-10T11:13:27.180+0000] {dag.py:3722} INFO - Setting next_dagrun for example_subdag_operator.section-1 to None, run_after=None
[2026-06-10T11:13:27.182+0000] {logging_mixin.py:154} INFO - [2026-06-10T11:13:27.182+0000] {dag.py:3722} INFO - Setting next_dagrun for example_subdag_operator.section-2 to None, run_after=None
[2026-06-10T11:13:27.192+0000] {logging_mixin.py:154} INFO - [2026-06-10T11:13:27.191+0000] {dag.py:2941} INFO - Sync 2 DAGs
[2026-06-10T11:13:27.199+0000] {logging_mixin.py:154} INFO - [2026-06-10T11:13:27.199+0000] {dag.py:3722} INFO - Setting next_dagrun for example_subdag_operator.section-1 to None, run_after=None
[2026-06-10T11:13:27.199+0000] {logging_mixin.py:154} INFO - [2026-06-10T11:13:27.199+0000] {dag.py:3722} INFO - Setting next_dagrun for example_subdag_operator.section-2 to None, run_after=None
[2026-06-10T11:13:27.226+0000] {processor.py:179} INFO - Processing /home/airflow/.local/lib/python3.10/site-packages/airflow/example_dags/example_subdag_operator.py took 0.168 seconds
[2026-06-10T11:13:57.459+0000] {processor.py:157} INFO - Started process (PID=4304) to work on /home/airflow/.local/lib/python3.10/site-packages/airflow/example_dags/example_subdag_operator.py
[2026-06-10T11:13:57.468+0000] {processor.py:829} INFO - Processing file /home/airflow/.local/lib/python3.10/site-packages/airflow/example_dags/example_subdag_operator.py for tasks to queue
[2026-06-10T11:13:57.470+0000] {logging_mixin.py:154} INFO - [2026-06-10T11:13:57.469+0000] {dagbag.py:536} INFO - Filling up the DagBag from /home/airflow/.local/lib/python3.10/site-packages/airflow/example_dags/example_subdag_operator.py
[2026-06-10T11:13:57.525+0000] {processor.py:839} INFO - DAG(s) dict_keys(['example_subdag_operator.section-1', 'example_subdag_operator.section-2', 'example_subdag_operator']) retrieved from /home/airflow/.local/lib/python3.10/site-packages/airflow/example_dags/example_subdag_operator.py
[2026-06-10T11:13:57.563+0000] {logging_mixin.py:154} INFO - [2026-06-10T11:13:57.563+0000] {dag.py:2941} INFO - Sync 3 DAGs
[2026-06-10T11:13:57.622+0000] {logging_mixin.py:154} INFO - [2026-06-10T11:13:57.622+0000] {dag.py:3722} INFO - Setting next_dagrun for example_subdag_operator to 2022-01-01T00:00:00+00:00, run_after=2022-01-01T00:00:00+00:00
[2026-06-10T11:13:57.631+0000] {logging_mixin.py:154} INFO - [2026-06-10T11:13:57.631+0000] {dag.py:3722} INFO - Setting next_dagrun for example_subdag_operator.section-1 to None, run_after=None
[2026-06-10T11:13:57.633+0000] {logging_mixin.py:154} INFO - [2026-06-10T11:13:57.633+0000] {dag.py:3722} INFO - Setting next_dagrun for example_subdag_operator.section-2 to None, run_after=None
[2026-06-10T11:13:57.642+0000] {logging_mixin.py:154} INFO - [2026-06-10T11:13:57.642+0000] {dag.py:2941} INFO - Sync 2 DAGs
[2026-06-10T11:13:57.649+0000] {logging_mixin.py:154} INFO - [2026-06-10T11:13:57.649+0000] {dag.py:3722} INFO - Setting next_dagrun for example_subdag_operator.section-1 to None, run_after=None
[2026-06-10T11:13:57.650+0000] {logging_mixin.py:154} INFO - [2026-06-10T11:13:57.649+0000] {dag.py:3722} INFO - Setting next_dagrun for example_subdag_operator.section-2 to None, run_after=None
[2026-06-10T11:13:57.677+0000] {processor.py:179} INFO - Processing /home/airflow/.local/lib/python3.10/site-packages/airflow/example_dags/example_subdag_operator.py took 0.223 seconds
[2026-06-10T11:14:27.757+0000] {processor.py:157} INFO - Started process (PID=4355) to work on /home/airflow/.local/lib/python3.10/site-packages/airflow/example_dags/example_subdag_operator.py
[2026-06-10T11:14:27.758+0000] {processor.py:829} INFO - Processing file /home/airflow/.local/lib/python3.10/site-packages/airflow/example_dags/example_subdag_operator.py for tasks to queue
[2026-06-10T11:14:27.758+0000] {logging_mixin.py:154} INFO - [2026-06-10T11:14:27.758+0000] {dagbag.py:536} INFO - Filling up the DagBag from /home/airflow/.local/lib/python3.10/site-packages/airflow/example_dags/example_subdag_operator.py
[2026-06-10T11:14:27.784+0000] {processor.py:839} INFO - DAG(s) dict_keys(['example_subdag_operator.section-1', 'example_subdag_operator.section-2', 'example_subdag_operator']) retrieved from /home/airflow/.local/lib/python3.10/site-packages/airflow/example_dags/example_subdag_operator.py
[2026-06-10T11:14:27.800+0000] {logging_mixin.py:154} INFO - [2026-06-10T11:14:27.800+0000] {dag.py:2941} INFO - Sync 3 DAGs
[2026-06-10T11:14:27.822+0000] {logging_mixin.py:154} INFO - [2026-06-10T11:14:27.822+0000] {dag.py:3722} INFO - Setting next_dagrun for example_subdag_operator to 2022-01-01T00:00:00+00:00, run_after=2022-01-01T00:00:00+00:00
[2026-06-10T11:14:27.825+0000] {logging_mixin.py:154} INFO - [2026-06-10T11:14:27.825+0000] {dag.py:3722} INFO - Setting next_dagrun for example_subdag_operator.section-1 to None, run_after=None
[2026-06-10T11:14:27.827+0000] {logging_mixin.py:154} INFO - [2026-06-10T11:14:27.826+0000] {dag.py:3722} INFO - Setting next_dagrun for example_subdag_operator.section-2 to None, run_after=None
[2026-06-10T11:14:27.833+0000] {logging_mixin.py:154} INFO - [2026-06-10T11:14:27.833+0000] {dag.py:2941} INFO - Sync 2 DAGs
[2026-06-10T11:14:27.838+0000] {logging_mixin.py:154} INFO - [2026-06-10T11:14:27.838+0000] {dag.py:3722} INFO - Setting next_dagrun for example_subdag_operator.section-1 to None, run_after=None
[2026-06-10T11:14:27.838+0000] {logging_mixin.py:154} INFO - [2026-06-10T11:14:27.838+0000] {dag.py:3722} INFO - Setting next_dagrun for example_subdag_operator.section-2 to None, run_after=None
[2026-06-10T11:14:27.848+0000] {processor.py:179} INFO - Processing /home/airflow/.local/lib/python3.10/site-packages/airflow/example_dags/example_subdag_operator.py took 0.095 seconds
[2026-06-10T11:14:58.160+0000] {processor.py:157} INFO - Started process (PID=4406) to work on /home/airflow/.local/lib/python3.10/site-packages/airflow/example_dags/example_subdag_operator.py
[2026-06-10T11:14:58.164+0000] {processor.py:829} INFO - Processing file /home/airflow/.local/lib/python3.10/site-packages/airflow/example_dags/example_subdag_operator.py for tasks to queue
[2026-06-10T11:14:58.165+0000] {logging_mixin.py:154} INFO - [2026-06-10T11:14:58.165+0000] {dagbag.py:536} INFO - Filling up the DagBag from /home/airflow/.local/lib/python3.10/site-packages/airflow/example_dags/example_subdag_operator.py
[2026-06-10T11:14:58.274+0000] {processor.py:839} INFO - DAG(s) dict_keys(['example_subdag_operator.section-1', 'example_subdag_operator.section-2', 'example_subdag_operator']) retrieved from /home/airflow/.local/lib/python3.10/site-packages/airflow/example_dags/example_subdag_operator.py
[2026-06-10T11:14:58.375+0000] {logging_mixin.py:154} INFO - [2026-06-10T11:14:58.375+0000] {dag.py:2941} INFO - Sync 3 DAGs
[2026-06-10T11:14:58.472+0000] {logging_mixin.py:154} INFO - [2026-06-10T11:14:58.472+0000] {dag.py:3722} INFO - Setting next_dagrun for example_subdag_operator to 2022-01-01T00:00:00+00:00, run_after=2022-01-01T00:00:00+00:00
[2026-06-10T11:14:58.496+0000] {logging_mixin.py:154} INFO - [2026-06-10T11:14:58.495+0000] {dag.py:3722} INFO - Setting next_dagrun for example_subdag_operator.section-1 to None, run_after=None
[2026-06-10T11:14:58.511+0000] {logging_mixin.py:154} INFO - [2026-06-10T11:14:58.511+0000] {dag.py:3722} INFO - Setting next_dagrun for example_subdag_operator.section-2 to None, run_after=None
[2026-06-10T11:14:58.551+0000] {logging_mixin.py:154} INFO - [2026-06-10T11:14:58.551+0000] {dag.py:2941} INFO - Sync 2 DAGs
[2026-06-10T11:14:58.570+0000] {logging_mixin.py:154} INFO - [2026-06-10T11:14:58.570+0000] {dag.py:3722} INFO - Setting next_dagrun for example_subdag_operator.section-1 to None, run_after=None
[2026-06-10T11:14:58.571+0000] {logging_mixin.py:154} INFO - [2026-06-10T11:14:58.571+0000] {dag.py:3722} INFO - Setting next_dagrun for example_subdag_operator.section-2 to None, run_after=None
[2026-06-10T11:14:58.591+0000] {processor.py:179} INFO - Processing /home/airflow/.local/lib/python3.10/site-packages/airflow/example_dags/example_subdag_operator.py took 0.451 seconds
[2026-06-10T11:15:28.710+0000] {processor.py:157} INFO - Started process (PID=4457) to work on /home/airflow/.local/lib/python3.10/site-packages/airflow/example_dags/example_subdag_operator.py
[2026-06-10T11:15:28.713+0000] {processor.py:829} INFO - Processing file /home/airflow/.local/lib/python3.10/site-packages/airflow/example_dags/example_subdag_operator.py for tasks to queue
[2026-06-10T11:15:28.714+0000] {logging_mixin.py:154} INFO - [2026-06-10T11:15:28.713+0000] {dagbag.py:536} INFO - Filling up the DagBag from /home/airflow/.local/lib/python3.10/site-packages/airflow/example_dags/example_subdag_operator.py
[2026-06-10T11:15:28.748+0000] {processor.py:839} INFO - DAG(s) dict_keys(['example_subdag_operator.section-1', 'example_subdag_operator.section-2', 'example_subdag_operator']) retrieved from /home/airflow/.local/lib/python3.10/site-packages/airflow/example_dags/example_subdag_operator.py
[2026-06-10T11:15:28.776+0000] {logging_mixin.py:154} INFO - [2026-06-10T11:15:28.776+0000] {dag.py:2941} INFO - Sync 3 DAGs
[2026-06-10T11:15:28.808+0000] {logging_mixin.py:154} INFO - [2026-06-10T11:15:28.807+0000] {dag.py:3722} INFO - Setting next_dagrun for example_subdag_operator to 2022-01-01T00:00:00+00:00, run_after=2022-01-01T00:00:00+00:00
[2026-06-10T11:15:28.812+0000] {logging_mixin.py:154} INFO - [2026-06-10T11:15:28.812+0000] {dag.py:3722} INFO - Setting next_dagrun for example_subdag_operator.section-1 to None, run_after=None
[2026-06-10T11:15:28.814+0000] {logging_mixin.py:154} INFO - [2026-06-10T11:15:28.814+0000] {dag.py:3722} INFO - Setting next_dagrun for example_subdag_operator.section-2 to None, run_after=None
[2026-06-10T11:15:28.823+0000] {logging_mixin.py:154} INFO - [2026-06-10T11:15:28.823+0000] {dag.py:2941} INFO - Sync 2 DAGs
[2026-06-10T11:15:28.830+0000] {logging_mixin.py:154} INFO - [2026-06-10T11:15:28.829+0000] {dag.py:3722} INFO - Setting next_dagrun for example_subdag_operator.section-1 to None, run_after=None
[2026-06-10T11:15:28.830+0000] {logging_mixin.py:154} INFO - [2026-06-10T11:15:28.830+0000] {dag.py:3722} INFO - Setting next_dagrun for example_subdag_operator.section-2 to None, run_after=None
[2026-06-10T11:15:28.843+0000] {processor.py:179} INFO - Processing /home/airflow/.local/lib/python3.10/site-packages/airflow/example_dags/example_subdag_operator.py took 0.138 seconds
[2026-06-10T11:15:59.126+0000] {processor.py:157} INFO - Started process (PID=4508) to work on /home/airflow/.local/lib/python3.10/site-packages/airflow/example_dags/example_subdag_operator.py
[2026-06-10T11:15:59.128+0000] {processor.py:829} INFO - Processing file /home/airflow/.local/lib/python3.10/site-packages/airflow/example_dags/example_subdag_operator.py for tasks to queue
[2026-06-10T11:15:59.129+0000] {logging_mixin.py:154} INFO - [2026-06-10T11:15:59.129+0000] {dagbag.py:536} INFO - Filling up the DagBag from /home/airflow/.local/lib/python3.10/site-packages/airflow/example_dags/example_subdag_operator.py
[2026-06-10T11:15:59.171+0000] {processor.py:839} INFO - DAG(s) dict_keys(['example_subdag_operator.section-1', 'example_subdag_operator.section-2', 'example_subdag_operator']) retrieved from /home/airflow/.local/lib/python3.10/site-packages/airflow/example_dags/example_subdag_operator.py
[2026-06-10T11:15:59.208+0000] {logging_mixin.py:154} INFO - [2026-06-10T11:15:59.208+0000] {dag.py:2941} INFO - Sync 3 DAGs
[2026-06-10T11:15:59.242+0000] {logging_mixin.py:154} INFO - [2026-06-10T11:15:59.242+0000] {dag.py:3722} INFO - Setting next_dagrun for example_subdag_operator to 2022-01-01T00:00:00+00:00, run_after=2022-01-01T00:00:00+00:00
[2026-06-10T11:15:59.246+0000] {logging_mixin.py:154} INFO - [2026-06-10T11:15:59.245+0000] {dag.py:3722} INFO - Setting next_dagrun for example_subdag_operator.section-1 to None, run_after=None
[2026-06-10T11:15:59.247+0000] {logging_mixin.py:154} INFO - [2026-06-10T11:15:59.247+0000] {dag.py:3722} INFO - Setting next_dagrun for example_subdag_operator.section-2 to None, run_after=None
[2026-06-10T11:15:59.254+0000] {logging_mixin.py:154} INFO - [2026-06-10T11:15:59.254+0000] {dag.py:2941} INFO - Sync 2 DAGs
[2026-06-10T11:15:59.259+0000] {logging_mixin.py:154} INFO - [2026-06-10T11:15:59.259+0000] {dag.py:3722} INFO - Setting next_dagrun for example_subdag_operator.section-1 to None, run_after=None
[2026-06-10T11:15:59.259+0000] {logging_mixin.py:154} INFO - [2026-06-10T11:15:59.259+0000] {dag.py:3722} INFO - Setting next_dagrun for example_subdag_operator.section-2 to None, run_after=None
[2026-06-10T11:15:59.272+0000] {processor.py:179} INFO - Processing /home/airflow/.local/lib/python3.10/site-packages/airflow/example_dags/example_subdag_operator.py took 0.150 seconds
[2026-06-10T11:16:29.379+0000] {processor.py:157} INFO - Started process (PID=4559) to work on /home/airflow/.local/lib/python3.10/site-packages/airflow/example_dags/example_subdag_operator.py
[2026-06-10T11:16:29.380+0000] {processor.py:829} INFO - Processing file /home/airflow/.local/lib/python3.10/site-packages/airflow/example_dags/example_subdag_operator.py for tasks to queue
[2026-06-10T11:16:29.381+0000] {logging_mixin.py:154} INFO - [2026-06-10T11:16:29.381+0000] {dagbag.py:536} INFO - Filling up the DagBag from /home/airflow/.local/lib/python3.10/site-packages/airflow/example_dags/example_subdag_operator.py
[2026-06-10T11:16:29.408+0000] {processor.py:839} INFO - DAG(s) dict_keys(['example_subdag_operator.section-1', 'example_subdag_operator.section-2', 'example_subdag_operator']) retrieved from /home/airflow/.local/lib/python3.10/site-packages/airflow/example_dags/example_subdag_operator.py
[2026-06-10T11:16:29.430+0000] {logging_mixin.py:154} INFO - [2026-06-10T11:16:29.429+0000] {dag.py:2941} INFO - Sync 3 DAGs
[2026-06-10T11:16:29.454+0000] {logging_mixin.py:154} INFO - [2026-06-10T11:16:29.454+0000] {dag.py:3722} INFO - Setting next_dagrun for example_subdag_operator to 2022-01-01T00:00:00+00:00, run_after=2022-01-01T00:00:00+00:00
[2026-06-10T11:16:29.458+0000] {logging_mixin.py:154} INFO - [2026-06-10T11:16:29.458+0000] {dag.py:3722} INFO - Setting next_dagrun for example_subdag_operator.section-1 to None, run_after=None
[2026-06-10T11:16:29.459+0000] {logging_mixin.py:154} INFO - [2026-06-10T11:16:29.459+0000] {dag.py:3722} INFO - Setting next_dagrun for example_subdag_operator.section-2 to None, run_after=None
[2026-06-10T11:16:29.471+0000] {logging_mixin.py:154} INFO - [2026-06-10T11:16:29.471+0000] {dag.py:2941} INFO - Sync 2 DAGs
[2026-06-10T11:16:29.478+0000] {logging_mixin.py:154} INFO - [2026-06-10T11:16:29.478+0000] {dag.py:3722} INFO - Setting next_dagrun for example_subdag_operator.section-1 to None, run_after=None
[2026-06-10T11:16:29.479+0000] {logging_mixin.py:154} INFO - [2026-06-10T11:16:29.478+0000] {dag.py:3722} INFO - Setting next_dagrun for example_subdag_operator.section-2 to None, run_after=None
[2026-06-10T11:16:29.492+0000] {processor.py:179} INFO - Processing /home/airflow/.local/lib/python3.10/site-packages/airflow/example_dags/example_subdag_operator.py took 0.118 seconds
[2026-06-10T11:17:00.230+0000] {processor.py:157} INFO - Started process (PID=4610) to work on /home/airflow/.local/lib/python3.10/site-packages/airflow/example_dags/example_subdag_operator.py
[2026-06-10T11:17:00.231+0000] {processor.py:829} INFO - Processing file /home/airflow/.local/lib/python3.10/site-packages/airflow/example_dags/example_subdag_operator.py for tasks to queue
[2026-06-10T11:17:00.232+0000] {logging_mixin.py:154} INFO - [2026-06-10T11:17:00.232+0000] {dagbag.py:536} INFO - Filling up the DagBag from /home/airflow/.local/lib/python3.10/site-packages/airflow/example_dags/example_subdag_operator.py
[2026-06-10T11:17:00.267+0000] {processor.py:839} INFO - DAG(s) dict_keys(['example_subdag_operator.section-1', 'example_subdag_operator.section-2', 'example_subdag_operator']) retrieved from /home/airflow/.local/lib/python3.10/site-packages/airflow/example_dags/example_subdag_operator.py
[2026-06-10T11:17:00.288+0000] {logging_mixin.py:154} INFO - [2026-06-10T11:17:00.288+0000] {dag.py:2941} INFO - Sync 3 DAGs
[2026-06-10T11:17:00.312+0000] {logging_mixin.py:154} INFO - [2026-06-10T11:17:00.312+0000] {dag.py:3722} INFO - Setting next_dagrun for example_subdag_operator to 2022-01-01T00:00:00+00:00, run_after=2022-01-01T00:00:00+00:00
[2026-06-10T11:17:00.316+0000] {logging_mixin.py:154} INFO - [2026-06-10T11:17:00.316+0000] {dag.py:3722} INFO - Setting next_dagrun for example_subdag_operator.section-1 to None, run_after=None
[2026-06-10T11:17:00.317+0000] {logging_mixin.py:154} INFO - [2026-06-10T11:17:00.317+0000] {dag.py:3722} INFO - Setting next_dagrun for example_subdag_operator.section-2 to None, run_after=None
[2026-06-10T11:17:00.324+0000] {logging_mixin.py:154} INFO - [2026-06-10T11:17:00.324+0000] {dag.py:2941} INFO - Sync 2 DAGs
[2026-06-10T11:17:00.329+0000] {logging_mixin.py:154} INFO - [2026-06-10T11:17:00.328+0000] {dag.py:3722} INFO - Setting next_dagrun for example_subdag_operator.section-1 to None, run_after=None
[2026-06-10T11:17:00.329+0000] {logging_mixin.py:154} INFO - [2026-06-10T11:17:00.329+0000] {dag.py:3722} INFO - Setting next_dagrun for example_subdag_operator.section-2 to None, run_after=None
[2026-06-10T11:17:00.341+0000] {processor.py:179} INFO - Processing /home/airflow/.local/lib/python3.10/site-packages/airflow/example_dags/example_subdag_operator.py took 0.116 seconds
[2026-06-10T11:17:30.494+0000] {processor.py:157} INFO - Started process (PID=4661) to work on /home/airflow/.local/lib/python3.10/site-packages/airflow/example_dags/example_subdag_operator.py
[2026-06-10T11:17:30.495+0000] {processor.py:829} INFO - Processing file /home/airflow/.local/lib/python3.10/site-packages/airflow/example_dags/example_subdag_operator.py for tasks to queue
[2026-06-10T11:17:30.496+0000] {logging_mixin.py:154} INFO - [2026-06-10T11:17:30.496+0000] {dagbag.py:536} INFO - Filling up the DagBag from /home/airflow/.local/lib/python3.10/site-packages/airflow/example_dags/example_subdag_operator.py
[2026-06-10T11:17:30.531+0000] {processor.py:839} INFO - DAG(s) dict_keys(['example_subdag_operator.section-1', 'example_subdag_operator.section-2', 'example_subdag_operator']) retrieved from /home/airflow/.local/lib/python3.10/site-packages/airflow/example_dags/example_subdag_operator.py
[2026-06-10T11:17:30.556+0000] {logging_mixin.py:154} INFO - [2026-06-10T11:17:30.556+0000] {dag.py:2941} INFO - Sync 3 DAGs
[2026-06-10T11:17:30.587+0000] {logging_mixin.py:154} INFO - [2026-06-10T11:17:30.587+0000] {dag.py:3722} INFO - Setting next_dagrun for example_subdag_operator to 2022-01-01T00:00:00+00:00, run_after=2022-01-01T00:00:00+00:00
[2026-06-10T11:17:30.592+0000] {logging_mixin.py:154} INFO - [2026-06-10T11:17:30.592+0000] {dag.py:3722} INFO - Setting next_dagrun for example_subdag_operator.section-1 to None, run_after=None
[2026-06-10T11:17:30.594+0000] {logging_mixin.py:154} INFO - [2026-06-10T11:17:30.594+0000] {dag.py:3722} INFO - Setting next_dagrun for example_subdag_operator.section-2 to None, run_after=None
[2026-06-10T11:17:30.603+0000] {logging_mixin.py:154} INFO - [2026-06-10T11:17:30.603+0000] {dag.py:2941} INFO - Sync 2 DAGs
[2026-06-10T11:17:30.608+0000] {logging_mixin.py:154} INFO - [2026-06-10T11:17:30.608+0000] {dag.py:3722} INFO - Setting next_dagrun for example_subdag_operator.section-1 to None, run_after=None
[2026-06-10T11:17:30.609+0000] {logging_mixin.py:154} INFO - [2026-06-10T11:17:30.609+0000] {dag.py:3722} INFO - Setting next_dagrun for example_subdag_operator.section-2 to None, run_after=None
[2026-06-10T11:17:30.623+0000] {processor.py:179} INFO - Processing /home/airflow/.local/lib/python3.10/site-packages/airflow/example_dags/example_subdag_operator.py took 0.134 seconds
[2026-06-10T11:20:26.388+0000] {processor.py:157} INFO - Started process (PID=43) to work on /home/airflow/.local/lib/python3.10/site-packages/airflow/example_dags/example_subdag_operator.py
[2026-06-10T11:20:26.394+0000] {processor.py:829} INFO - Processing file /home/airflow/.local/lib/python3.10/site-packages/airflow/example_dags/example_subdag_operator.py for tasks to queue
[2026-06-10T11:20:26.396+0000] {logging_mixin.py:154} INFO - [2026-06-10T11:20:26.396+0000] {dagbag.py:536} INFO - Filling up the DagBag from /home/airflow/.local/lib/python3.10/site-packages/airflow/example_dags/example_subdag_operator.py
[2026-06-10T11:20:26.850+0000] {processor.py:839} INFO - DAG(s) dict_keys(['example_subdag_operator.section-1', 'example_subdag_operator.section-2', 'example_subdag_operator']) retrieved from /home/airflow/.local/lib/python3.10/site-packages/airflow/example_dags/example_subdag_operator.py
[2026-06-10T11:20:27.446+0000] {logging_mixin.py:154} INFO - [2026-06-10T11:20:27.446+0000] {dag.py:2941} INFO - Sync 3 DAGs
[2026-06-10T11:20:27.920+0000] {logging_mixin.py:154} INFO - [2026-06-10T11:20:27.920+0000] {dag.py:3722} INFO - Setting next_dagrun for example_subdag_operator to 2022-01-01T00:00:00+00:00, run_after=2022-01-01T00:00:00+00:00
[2026-06-10T11:20:28.029+0000] {logging_mixin.py:154} INFO - [2026-06-10T11:20:28.029+0000] {dag.py:3722} INFO - Setting next_dagrun for example_subdag_operator.section-1 to None, run_after=None
[2026-06-10T11:20:28.068+0000] {logging_mixin.py:154} INFO - [2026-06-10T11:20:28.067+0000] {dag.py:3722} INFO - Setting next_dagrun for example_subdag_operator.section-2 to None, run_after=None
[2026-06-10T11:20:28.231+0000] {logging_mixin.py:154} INFO - [2026-06-10T11:20:28.231+0000] {dag.py:2941} INFO - Sync 2 DAGs
[2026-06-10T11:20:28.378+0000] {logging_mixin.py:154} INFO - [2026-06-10T11:20:28.361+0000] {dag.py:3722} INFO - Setting next_dagrun for example_subdag_operator.section-1 to None, run_after=None
[2026-06-10T11:20:28.378+0000] {logging_mixin.py:154} INFO - [2026-06-10T11:20:28.378+0000] {dag.py:3722} INFO - Setting next_dagrun for example_subdag_operator.section-2 to None, run_after=None
[2026-06-10T11:20:28.708+0000] {processor.py:179} INFO - Processing /home/airflow/.local/lib/python3.10/site-packages/airflow/example_dags/example_subdag_operator.py took 2.358 seconds
[2026-06-10T11:22:57.413+0000] {processor.py:157} INFO - Started process (PID=43) to work on /home/airflow/.local/lib/python3.10/site-packages/airflow/example_dags/example_subdag_operator.py
[2026-06-10T11:22:57.422+0000] {processor.py:829} INFO - Processing file /home/airflow/.local/lib/python3.10/site-packages/airflow/example_dags/example_subdag_operator.py for tasks to queue
[2026-06-10T11:22:57.438+0000] {logging_mixin.py:154} INFO - [2026-06-10T11:22:57.438+0000] {dagbag.py:536} INFO - Filling up the DagBag from /home/airflow/.local/lib/python3.10/site-packages/airflow/example_dags/example_subdag_operator.py
[2026-06-10T11:22:57.652+0000] {processor.py:839} INFO - DAG(s) dict_keys(['example_subdag_operator.section-1', 'example_subdag_operator.section-2', 'example_subdag_operator']) retrieved from /home/airflow/.local/lib/python3.10/site-packages/airflow/example_dags/example_subdag_operator.py
[2026-06-10T11:22:57.868+0000] {logging_mixin.py:154} INFO - [2026-06-10T11:22:57.867+0000] {dag.py:2941} INFO - Sync 3 DAGs
[2026-06-10T11:22:58.011+0000] {logging_mixin.py:154} INFO - [2026-06-10T11:22:58.011+0000] {dag.py:3722} INFO - Setting next_dagrun for example_subdag_operator to 2022-01-01T00:00:00+00:00, run_after=2022-01-01T00:00:00+00:00
[2026-06-10T11:22:58.035+0000] {logging_mixin.py:154} INFO - [2026-06-10T11:22:58.035+0000] {dag.py:3722} INFO - Setting next_dagrun for example_subdag_operator.section-1 to None, run_after=None
[2026-06-10T11:22:58.058+0000] {logging_mixin.py:154} INFO - [2026-06-10T11:22:58.058+0000] {dag.py:3722} INFO - Setting next_dagrun for example_subdag_operator.section-2 to None, run_after=None
[2026-06-10T11:22:58.088+0000] {logging_mixin.py:154} INFO - [2026-06-10T11:22:58.088+0000] {dag.py:2941} INFO - Sync 2 DAGs
[2026-06-10T11:22:58.132+0000] {logging_mixin.py:154} INFO - [2026-06-10T11:22:58.132+0000] {dag.py:3722} INFO - Setting next_dagrun for example_subdag_operator.section-1 to None, run_after=None
[2026-06-10T11:22:58.139+0000] {logging_mixin.py:154} INFO - [2026-06-10T11:22:58.138+0000] {dag.py:3722} INFO - Setting next_dagrun for example_subdag_operator.section-2 to None, run_after=None
[2026-06-10T11:22:58.201+0000] {processor.py:179} INFO - Processing /home/airflow/.local/lib/python3.10/site-packages/airflow/example_dags/example_subdag_operator.py took 0.814 seconds
[2026-06-10T11:23:28.344+0000] {processor.py:157} INFO - Started process (PID=94) to work on /home/airflow/.local/lib/python3.10/site-packages/airflow/example_dags/example_subdag_operator.py
[2026-06-10T11:23:28.346+0000] {processor.py:829} INFO - Processing file /home/airflow/.local/lib/python3.10/site-packages/airflow/example_dags/example_subdag_operator.py for tasks to queue
[2026-06-10T11:23:28.348+0000] {logging_mixin.py:154} INFO - [2026-06-10T11:23:28.348+0000] {dagbag.py:536} INFO - Filling up the DagBag from /home/airflow/.local/lib/python3.10/site-packages/airflow/example_dags/example_subdag_operator.py
[2026-06-10T11:23:28.372+0000] {processor.py:839} INFO - DAG(s) dict_keys(['example_subdag_operator.section-1', 'example_subdag_operator.section-2', 'example_subdag_operator']) retrieved from /home/airflow/.local/lib/python3.10/site-packages/airflow/example_dags/example_subdag_operator.py
[2026-06-10T11:23:28.388+0000] {logging_mixin.py:154} INFO - [2026-06-10T11:23:28.388+0000] {dag.py:2941} INFO - Sync 3 DAGs
[2026-06-10T11:23:28.411+0000] {logging_mixin.py:154} INFO - [2026-06-10T11:23:28.411+0000] {dag.py:3722} INFO - Setting next_dagrun for example_subdag_operator to 2022-01-01T00:00:00+00:00, run_after=2022-01-01T00:00:00+00:00
[2026-06-10T11:23:28.414+0000] {logging_mixin.py:154} INFO - [2026-06-10T11:23:28.414+0000] {dag.py:3722} INFO - Setting next_dagrun for example_subdag_operator.section-1 to None, run_after=None
[2026-06-10T11:23:28.416+0000] {logging_mixin.py:154} INFO - [2026-06-10T11:23:28.415+0000] {dag.py:3722} INFO - Setting next_dagrun for example_subdag_operator.section-2 to None, run_after=None
[2026-06-10T11:23:28.422+0000] {logging_mixin.py:154} INFO - [2026-06-10T11:23:28.422+0000] {dag.py:2941} INFO - Sync 2 DAGs
[2026-06-10T11:23:28.427+0000] {logging_mixin.py:154} INFO - [2026-06-10T11:23:28.427+0000] {dag.py:3722} INFO - Setting next_dagrun for example_subdag_operator.section-1 to None, run_after=None
[2026-06-10T11:23:28.428+0000] {logging_mixin.py:154} INFO - [2026-06-10T11:23:28.427+0000] {dag.py:3722} INFO - Setting next_dagrun for example_subdag_operator.section-2 to None, run_after=None
[2026-06-10T11:23:28.441+0000] {processor.py:179} INFO - Processing /home/airflow/.local/lib/python3.10/site-packages/airflow/example_dags/example_subdag_operator.py took 0.101 seconds
[2026-06-10T11:23:59.364+0000] {processor.py:157} INFO - Started process (PID=145) to work on /home/airflow/.local/lib/python3.10/site-packages/airflow/example_dags/example_subdag_operator.py
[2026-06-10T11:23:59.366+0000] {processor.py:829} INFO - Processing file /home/airflow/.local/lib/python3.10/site-packages/airflow/example_dags/example_subdag_operator.py for tasks to queue
[2026-06-10T11:23:59.368+0000] {logging_mixin.py:154} INFO - [2026-06-10T11:23:59.368+0000] {dagbag.py:536} INFO - Filling up the DagBag from /home/airflow/.local/lib/python3.10/site-packages/airflow/example_dags/example_subdag_operator.py
[2026-06-10T11:23:59.394+0000] {processor.py:839} INFO - DAG(s) dict_keys(['example_subdag_operator.section-1', 'example_subdag_operator.section-2', 'example_subdag_operator']) retrieved from /home/airflow/.local/lib/python3.10/site-packages/airflow/example_dags/example_subdag_operator.py
[2026-06-10T11:23:59.411+0000] {logging_mixin.py:154} INFO - [2026-06-10T11:23:59.410+0000] {dag.py:2941} INFO - Sync 3 DAGs
[2026-06-10T11:23:59.438+0000] {logging_mixin.py:154} INFO - [2026-06-10T11:23:59.438+0000] {dag.py:3722} INFO - Setting next_dagrun for example_subdag_operator to 2022-01-01T00:00:00+00:00, run_after=2022-01-01T00:00:00+00:00
[2026-06-10T11:23:59.442+0000] {logging_mixin.py:154} INFO - [2026-06-10T11:23:59.441+0000] {dag.py:3722} INFO - Setting next_dagrun for example_subdag_operator.section-1 to None, run_after=None
[2026-06-10T11:23:59.443+0000] {logging_mixin.py:154} INFO - [2026-06-10T11:23:59.443+0000] {dag.py:3722} INFO - Setting next_dagrun for example_subdag_operator.section-2 to None, run_after=None
[2026-06-10T11:23:59.450+0000] {logging_mixin.py:154} INFO - [2026-06-10T11:23:59.450+0000] {dag.py:2941} INFO - Sync 2 DAGs
[2026-06-10T11:23:59.455+0000] {logging_mixin.py:154} INFO - [2026-06-10T11:23:59.455+0000] {dag.py:3722} INFO - Setting next_dagrun for example_subdag_operator.section-1 to None, run_after=None
[2026-06-10T11:23:59.455+0000] {logging_mixin.py:154} INFO - [2026-06-10T11:23:59.455+0000] {dag.py:3722} INFO - Setting next_dagrun for example_subdag_operator.section-2 to None, run_after=None
[2026-06-10T11:23:59.466+0000] {processor.py:179} INFO - Processing /home/airflow/.local/lib/python3.10/site-packages/airflow/example_dags/example_subdag_operator.py took 0.107 seconds
[2026-06-10T11:24:30.052+0000] {processor.py:157} INFO - Started process (PID=196) to work on /home/airflow/.local/lib/python3.10/site-packages/airflow/example_dags/example_subdag_operator.py
[2026-06-10T11:24:30.054+0000] {processor.py:829} INFO - Processing file /home/airflow/.local/lib/python3.10/site-packages/airflow/example_dags/example_subdag_operator.py for tasks to queue
[2026-06-10T11:24:30.056+0000] {logging_mixin.py:154} INFO - [2026-06-10T11:24:30.056+0000] {dagbag.py:536} INFO - Filling up the DagBag from /home/airflow/.local/lib/python3.10/site-packages/airflow/example_dags/example_subdag_operator.py
[2026-06-10T11:24:30.092+0000] {processor.py:839} INFO - DAG(s) dict_keys(['example_subdag_operator.section-1', 'example_subdag_operator.section-2', 'example_subdag_operator']) retrieved from /home/airflow/.local/lib/python3.10/site-packages/airflow/example_dags/example_subdag_operator.py
[2026-06-10T11:24:30.112+0000] {logging_mixin.py:154} INFO - [2026-06-10T11:24:30.112+0000] {dag.py:2941} INFO - Sync 3 DAGs
[2026-06-10T11:24:30.148+0000] {logging_mixin.py:154} INFO - [2026-06-10T11:24:30.147+0000] {dag.py:3722} INFO - Setting next_dagrun for example_subdag_operator to 2022-01-01T00:00:00+00:00, run_after=2022-01-01T00:00:00+00:00
[2026-06-10T11:24:30.153+0000] {logging_mixin.py:154} INFO - [2026-06-10T11:24:30.152+0000] {dag.py:3722} INFO - Setting next_dagrun for example_subdag_operator.section-1 to None, run_after=None
[2026-06-10T11:24:30.155+0000] {logging_mixin.py:154} INFO - [2026-06-10T11:24:30.154+0000] {dag.py:3722} INFO - Setting next_dagrun for example_subdag_operator.section-2 to None, run_after=None
[2026-06-10T11:24:30.164+0000] {logging_mixin.py:154} INFO - [2026-06-10T11:24:30.164+0000] {dag.py:2941} INFO - Sync 2 DAGs
[2026-06-10T11:24:30.170+0000] {logging_mixin.py:154} INFO - [2026-06-10T11:24:30.170+0000] {dag.py:3722} INFO - Setting next_dagrun for example_subdag_operator.section-1 to None, run_after=None
[2026-06-10T11:24:30.171+0000] {logging_mixin.py:154} INFO - [2026-06-10T11:24:30.170+0000] {dag.py:3722} INFO - Setting next_dagrun for example_subdag_operator.section-2 to None, run_after=None
[2026-06-10T11:24:30.195+0000] {processor.py:179} INFO - Processing /home/airflow/.local/lib/python3.10/site-packages/airflow/example_dags/example_subdag_operator.py took 0.149 seconds
[2026-06-10T11:25:00.564+0000] {processor.py:157} INFO - Started process (PID=247) to work on /home/airflow/.local/lib/python3.10/site-packages/airflow/example_dags/example_subdag_operator.py
[2026-06-10T11:25:00.567+0000] {processor.py:829} INFO - Processing file /home/airflow/.local/lib/python3.10/site-packages/airflow/example_dags/example_subdag_operator.py for tasks to queue
[2026-06-10T11:25:00.569+0000] {logging_mixin.py:154} INFO - [2026-06-10T11:25:00.569+0000] {dagbag.py:536} INFO - Filling up the DagBag from /home/airflow/.local/lib/python3.10/site-packages/airflow/example_dags/example_subdag_operator.py
[2026-06-10T11:25:00.596+0000] {processor.py:839} INFO - DAG(s) dict_keys(['example_subdag_operator.section-1', 'example_subdag_operator.section-2', 'example_subdag_operator']) retrieved from /home/airflow/.local/lib/python3.10/site-packages/airflow/example_dags/example_subdag_operator.py
[2026-06-10T11:25:00.612+0000] {logging_mixin.py:154} INFO - [2026-06-10T11:25:00.612+0000] {dag.py:2941} INFO - Sync 3 DAGs
[2026-06-10T11:25:00.636+0000] {logging_mixin.py:154} INFO - [2026-06-10T11:25:00.636+0000] {dag.py:3722} INFO - Setting next_dagrun for example_subdag_operator to 2022-01-01T00:00:00+00:00, run_after=2022-01-01T00:00:00+00:00
[2026-06-10T11:25:00.640+0000] {logging_mixin.py:154} INFO - [2026-06-10T11:25:00.639+0000] {dag.py:3722} INFO - Setting next_dagrun for example_subdag_operator.section-1 to None, run_after=None
[2026-06-10T11:25:00.641+0000] {logging_mixin.py:154} INFO - [2026-06-10T11:25:00.641+0000] {dag.py:3722} INFO - Setting next_dagrun for example_subdag_operator.section-2 to None, run_after=None
[2026-06-10T11:25:00.648+0000] {logging_mixin.py:154} INFO - [2026-06-10T11:25:00.648+0000] {dag.py:2941} INFO - Sync 2 DAGs
[2026-06-10T11:25:00.653+0000] {logging_mixin.py:154} INFO - [2026-06-10T11:25:00.653+0000] {dag.py:3722} INFO - Setting next_dagrun for example_subdag_operator.section-1 to None, run_after=None
[2026-06-10T11:25:00.654+0000] {logging_mixin.py:154} INFO - [2026-06-10T11:25:00.654+0000] {dag.py:3722} INFO - Setting next_dagrun for example_subdag_operator.section-2 to None, run_after=None
[2026-06-10T11:25:00.665+0000] {processor.py:179} INFO - Processing /home/airflow/.local/lib/python3.10/site-packages/airflow/example_dags/example_subdag_operator.py took 0.107 seconds
[2026-06-10T11:25:32.792+0000] {processor.py:157} INFO - Started process (PID=298) to work on /home/airflow/.local/lib/python3.10/site-packages/airflow/example_dags/example_subdag_operator.py
[2026-06-10T11:25:32.798+0000] {processor.py:829} INFO - Processing file /home/airflow/.local/lib/python3.10/site-packages/airflow/example_dags/example_subdag_operator.py for tasks to queue
[2026-06-10T11:25:32.801+0000] {logging_mixin.py:154} INFO - [2026-06-10T11:25:32.801+0000] {dagbag.py:536} INFO - Filling up the DagBag from /home/airflow/.local/lib/python3.10/site-packages/airflow/example_dags/example_subdag_operator.py
[2026-06-10T11:25:32.896+0000] {processor.py:839} INFO - DAG(s) dict_keys(['example_subdag_operator.section-1', 'example_subdag_operator.section-2', 'example_subdag_operator']) retrieved from /home/airflow/.local/lib/python3.10/site-packages/airflow/example_dags/example_subdag_operator.py
[2026-06-10T11:25:32.982+0000] {logging_mixin.py:154} INFO - [2026-06-10T11:25:32.982+0000] {dag.py:2941} INFO - Sync 3 DAGs
[2026-06-10T11:25:33.047+0000] {logging_mixin.py:154} INFO - [2026-06-10T11:25:33.047+0000] {dag.py:3722} INFO - Setting next_dagrun for example_subdag_operator to 2022-01-01T00:00:00+00:00, run_after=2022-01-01T00:00:00+00:00
[2026-06-10T11:25:33.063+0000] {logging_mixin.py:154} INFO - [2026-06-10T11:25:33.062+0000] {dag.py:3722} INFO - Setting next_dagrun for example_subdag_operator.section-1 to None, run_after=None
[2026-06-10T11:25:33.068+0000] {logging_mixin.py:154} INFO - [2026-06-10T11:25:33.065+0000] {dag.py:3722} INFO - Setting next_dagrun for example_subdag_operator.section-2 to None, run_after=None
[2026-06-10T11:25:33.097+0000] {logging_mixin.py:154} INFO - [2026-06-10T11:25:33.096+0000] {dag.py:2941} INFO - Sync 2 DAGs
[2026-06-10T11:25:33.120+0000] {logging_mixin.py:154} INFO - [2026-06-10T11:25:33.120+0000] {dag.py:3722} INFO - Setting next_dagrun for example_subdag_operator.section-1 to None, run_after=None
[2026-06-10T11:25:33.121+0000] {logging_mixin.py:154} INFO - [2026-06-10T11:25:33.121+0000] {dag.py:3722} INFO - Setting next_dagrun for example_subdag_operator.section-2 to None, run_after=None
[2026-06-10T11:25:33.193+0000] {processor.py:179} INFO - Processing /home/airflow/.local/lib/python3.10/site-packages/airflow/example_dags/example_subdag_operator.py took 0.413 seconds
[2026-06-10T11:26:04.479+0000] {processor.py:157} INFO - Started process (PID=349) to work on /home/airflow/.local/lib/python3.10/site-packages/airflow/example_dags/example_subdag_operator.py
[2026-06-10T11:26:04.481+0000] {processor.py:829} INFO - Processing file /home/airflow/.local/lib/python3.10/site-packages/airflow/example_dags/example_subdag_operator.py for tasks to queue
[2026-06-10T11:26:04.488+0000] {logging_mixin.py:154} INFO - [2026-06-10T11:26:04.487+0000] {dagbag.py:536} INFO - Filling up the DagBag from /home/airflow/.local/lib/python3.10/site-packages/airflow/example_dags/example_subdag_operator.py
[2026-06-10T11:26:04.590+0000] {processor.py:839} INFO - DAG(s) dict_keys(['example_subdag_operator.section-1', 'example_subdag_operator.section-2', 'example_subdag_operator']) retrieved from /home/airflow/.local/lib/python3.10/site-packages/airflow/example_dags/example_subdag_operator.py
[2026-06-10T11:26:04.619+0000] {logging_mixin.py:154} INFO - [2026-06-10T11:26:04.619+0000] {dag.py:2941} INFO - Sync 3 DAGs
[2026-06-10T11:26:04.665+0000] {logging_mixin.py:154} INFO - [2026-06-10T11:26:04.665+0000] {dag.py:3722} INFO - Setting next_dagrun for example_subdag_operator to 2022-01-01T00:00:00+00:00, run_after=2022-01-01T00:00:00+00:00
[2026-06-10T11:26:04.672+0000] {logging_mixin.py:154} INFO - [2026-06-10T11:26:04.671+0000] {dag.py:3722} INFO - Setting next_dagrun for example_subdag_operator.section-1 to None, run_after=None
[2026-06-10T11:26:04.674+0000] {logging_mixin.py:154} INFO - [2026-06-10T11:26:04.674+0000] {dag.py:3722} INFO - Setting next_dagrun for example_subdag_operator.section-2 to None, run_after=None
[2026-06-10T11:26:04.689+0000] {logging_mixin.py:154} INFO - [2026-06-10T11:26:04.688+0000] {dag.py:2941} INFO - Sync 2 DAGs
[2026-06-10T11:26:04.702+0000] {logging_mixin.py:154} INFO - [2026-06-10T11:26:04.702+0000] {dag.py:3722} INFO - Setting next_dagrun for example_subdag_operator.section-1 to None, run_after=None
[2026-06-10T11:26:04.704+0000] {logging_mixin.py:154} INFO - [2026-06-10T11:26:04.704+0000] {dag.py:3722} INFO - Setting next_dagrun for example_subdag_operator.section-2 to None, run_after=None
[2026-06-10T11:26:04.734+0000] {processor.py:179} INFO - Processing /home/airflow/.local/lib/python3.10/site-packages/airflow/example_dags/example_subdag_operator.py took 0.261 seconds
[2026-06-10T11:26:36.074+0000] {processor.py:157} INFO - Started process (PID=400) to work on /home/airflow/.local/lib/python3.10/site-packages/airflow/example_dags/example_subdag_operator.py
[2026-06-10T11:26:36.083+0000] {processor.py:829} INFO - Processing file /home/airflow/.local/lib/python3.10/site-packages/airflow/example_dags/example_subdag_operator.py for tasks to queue
[2026-06-10T11:26:36.086+0000] {logging_mixin.py:154} INFO - [2026-06-10T11:26:36.085+0000] {dagbag.py:536} INFO - Filling up the DagBag from /home/airflow/.local/lib/python3.10/site-packages/airflow/example_dags/example_subdag_operator.py
[2026-06-10T11:26:36.137+0000] {processor.py:839} INFO - DAG(s) dict_keys(['example_subdag_operator.section-1', 'example_subdag_operator.section-2', 'example_subdag_operator']) retrieved from /home/airflow/.local/lib/python3.10/site-packages/airflow/example_dags/example_subdag_operator.py
[2026-06-10T11:26:36.188+0000] {logging_mixin.py:154} INFO - [2026-06-10T11:26:36.188+0000] {dag.py:2941} INFO - Sync 3 DAGs
[2026-06-10T11:26:36.243+0000] {logging_mixin.py:154} INFO - [2026-06-10T11:26:36.243+0000] {dag.py:3722} INFO - Setting next_dagrun for example_subdag_operator to 2022-01-01T00:00:00+00:00, run_after=2022-01-01T00:00:00+00:00
[2026-06-10T11:26:36.249+0000] {logging_mixin.py:154} INFO - [2026-06-10T11:26:36.248+0000] {dag.py:3722} INFO - Setting next_dagrun for example_subdag_operator.section-1 to None, run_after=None
[2026-06-10T11:26:36.250+0000] {logging_mixin.py:154} INFO - [2026-06-10T11:26:36.250+0000] {dag.py:3722} INFO - Setting next_dagrun for example_subdag_operator.section-2 to None, run_after=None
[2026-06-10T11:26:36.259+0000] {logging_mixin.py:154} INFO - [2026-06-10T11:26:36.259+0000] {dag.py:2941} INFO - Sync 2 DAGs
[2026-06-10T11:26:36.267+0000] {logging_mixin.py:154} INFO - [2026-06-10T11:26:36.267+0000] {dag.py:3722} INFO - Setting next_dagrun for example_subdag_operator.section-1 to None, run_after=None
[2026-06-10T11:26:36.267+0000] {logging_mixin.py:154} INFO - [2026-06-10T11:26:36.267+0000] {dag.py:3722} INFO - Setting next_dagrun for example_subdag_operator.section-2 to None, run_after=None
[2026-06-10T11:26:36.314+0000] {processor.py:179} INFO - Processing /home/airflow/.local/lib/python3.10/site-packages/airflow/example_dags/example_subdag_operator.py took 0.257 seconds
[2026-06-10T11:27:09.964+0000] {processor.py:157} INFO - Started process (PID=451) to work on /home/airflow/.local/lib/python3.10/site-packages/airflow/example_dags/example_subdag_operator.py
[2026-06-10T11:27:09.978+0000] {processor.py:829} INFO - Processing file /home/airflow/.local/lib/python3.10/site-packages/airflow/example_dags/example_subdag_operator.py for tasks to queue
[2026-06-10T11:27:09.997+0000] {logging_mixin.py:154} INFO - [2026-06-10T11:27:09.980+0000] {dagbag.py:536} INFO - Filling up the DagBag from /home/airflow/.local/lib/python3.10/site-packages/airflow/example_dags/example_subdag_operator.py
[2026-06-10T11:27:10.133+0000] {processor.py:839} INFO - DAG(s) dict_keys(['example_subdag_operator.section-1', 'example_subdag_operator.section-2', 'example_subdag_operator']) retrieved from /home/airflow/.local/lib/python3.10/site-packages/airflow/example_dags/example_subdag_operator.py
[2026-06-10T11:27:10.182+0000] {logging_mixin.py:154} INFO - [2026-06-10T11:27:10.182+0000] {dag.py:2941} INFO - Sync 3 DAGs
[2026-06-10T11:27:10.274+0000] {logging_mixin.py:154} INFO - [2026-06-10T11:27:10.274+0000] {dag.py:3722} INFO - Setting next_dagrun for example_subdag_operator to 2022-01-01T00:00:00+00:00, run_after=2022-01-01T00:00:00+00:00
[2026-06-10T11:27:10.297+0000] {logging_mixin.py:154} INFO - [2026-06-10T11:27:10.297+0000] {dag.py:3722} INFO - Setting next_dagrun for example_subdag_operator.section-1 to None, run_after=None
[2026-06-10T11:27:10.306+0000] {logging_mixin.py:154} INFO - [2026-06-10T11:27:10.306+0000] {dag.py:3722} INFO - Setting next_dagrun for example_subdag_operator.section-2 to None, run_after=None
[2026-06-10T11:27:10.908+0000] {logging_mixin.py:154} INFO - [2026-06-10T11:27:10.908+0000] {dag.py:2941} INFO - Sync 2 DAGs
[2026-06-10T11:27:10.954+0000] {logging_mixin.py:154} INFO - [2026-06-10T11:27:10.953+0000] {dag.py:3722} INFO - Setting next_dagrun for example_subdag_operator.section-1 to None, run_after=None
[2026-06-10T11:27:10.955+0000] {logging_mixin.py:154} INFO - [2026-06-10T11:27:10.955+0000] {dag.py:3722} INFO - Setting next_dagrun for example_subdag_operator.section-2 to None, run_after=None
[2026-06-10T11:27:10.986+0000] {processor.py:179} INFO - Processing /home/airflow/.local/lib/python3.10/site-packages/airflow/example_dags/example_subdag_operator.py took 1.027 seconds
[2026-06-10T11:27:41.615+0000] {processor.py:157} INFO - Started process (PID=503) to work on /home/airflow/.local/lib/python3.10/site-packages/airflow/example_dags/example_subdag_operator.py
[2026-06-10T11:27:41.620+0000] {processor.py:829} INFO - Processing file /home/airflow/.local/lib/python3.10/site-packages/airflow/example_dags/example_subdag_operator.py for tasks to queue
[2026-06-10T11:27:41.623+0000] {logging_mixin.py:154} INFO - [2026-06-10T11:27:41.623+0000] {dagbag.py:536} INFO - Filling up the DagBag from /home/airflow/.local/lib/python3.10/site-packages/airflow/example_dags/example_subdag_operator.py
[2026-06-10T11:27:41.709+0000] {processor.py:839} INFO - DAG(s) dict_keys(['example_subdag_operator.section-1', 'example_subdag_operator.section-2', 'example_subdag_operator']) retrieved from /home/airflow/.local/lib/python3.10/site-packages/airflow/example_dags/example_subdag_operator.py
[2026-06-10T11:27:41.818+0000] {logging_mixin.py:154} INFO - [2026-06-10T11:27:41.818+0000] {dag.py:2941} INFO - Sync 3 DAGs
[2026-06-10T11:27:41.913+0000] {logging_mixin.py:154} INFO - [2026-06-10T11:27:41.913+0000] {dag.py:3722} INFO - Setting next_dagrun for example_subdag_operator to 2022-01-01T00:00:00+00:00, run_after=2022-01-01T00:00:00+00:00
[2026-06-10T11:27:41.921+0000] {logging_mixin.py:154} INFO - [2026-06-10T11:27:41.920+0000] {dag.py:3722} INFO - Setting next_dagrun for example_subdag_operator.section-1 to None, run_after=None
[2026-06-10T11:27:41.926+0000] {logging_mixin.py:154} INFO - [2026-06-10T11:27:41.926+0000] {dag.py:3722} INFO - Setting next_dagrun for example_subdag_operator.section-2 to None, run_after=None
[2026-06-10T11:27:41.944+0000] {logging_mixin.py:154} INFO - [2026-06-10T11:27:41.944+0000] {dag.py:2941} INFO - Sync 2 DAGs
[2026-06-10T11:27:41.959+0000] {logging_mixin.py:154} INFO - [2026-06-10T11:27:41.958+0000] {dag.py:3722} INFO - Setting next_dagrun for example_subdag_operator.section-1 to None, run_after=None
[2026-06-10T11:27:41.960+0000] {logging_mixin.py:154} INFO - [2026-06-10T11:27:41.960+0000] {dag.py:3722} INFO - Setting next_dagrun for example_subdag_operator.section-2 to None, run_after=None
[2026-06-10T11:27:42.005+0000] {processor.py:179} INFO - Processing /home/airflow/.local/lib/python3.10/site-packages/airflow/example_dags/example_subdag_operator.py took 0.417 seconds
[2026-06-10T11:28:12.108+0000] {processor.py:157} INFO - Started process (PID=554) to work on /home/airflow/.local/lib/python3.10/site-packages/airflow/example_dags/example_subdag_operator.py
[2026-06-10T11:28:12.110+0000] {processor.py:829} INFO - Processing file /home/airflow/.local/lib/python3.10/site-packages/airflow/example_dags/example_subdag_operator.py for tasks to queue
[2026-06-10T11:28:12.112+0000] {logging_mixin.py:154} INFO - [2026-06-10T11:28:12.112+0000] {dagbag.py:536} INFO - Filling up the DagBag from /home/airflow/.local/lib/python3.10/site-packages/airflow/example_dags/example_subdag_operator.py
[2026-06-10T11:28:12.148+0000] {processor.py:839} INFO - DAG(s) dict_keys(['example_subdag_operator.section-1', 'example_subdag_operator.section-2', 'example_subdag_operator']) retrieved from /home/airflow/.local/lib/python3.10/site-packages/airflow/example_dags/example_subdag_operator.py
[2026-06-10T11:28:12.172+0000] {logging_mixin.py:154} INFO - [2026-06-10T11:28:12.171+0000] {dag.py:2941} INFO - Sync 3 DAGs
[2026-06-10T11:28:12.207+0000] {logging_mixin.py:154} INFO - [2026-06-10T11:28:12.207+0000] {dag.py:3722} INFO - Setting next_dagrun for example_subdag_operator to 2022-01-01T00:00:00+00:00, run_after=2022-01-01T00:00:00+00:00
[2026-06-10T11:28:12.212+0000] {logging_mixin.py:154} INFO - [2026-06-10T11:28:12.212+0000] {dag.py:3722} INFO - Setting next_dagrun for example_subdag_operator.section-1 to None, run_after=None
[2026-06-10T11:28:12.214+0000] {logging_mixin.py:154} INFO - [2026-06-10T11:28:12.213+0000] {dag.py:3722} INFO - Setting next_dagrun for example_subdag_operator.section-2 to None, run_after=None
[2026-06-10T11:28:12.223+0000] {logging_mixin.py:154} INFO - [2026-06-10T11:28:12.222+0000] {dag.py:2941} INFO - Sync 2 DAGs
[2026-06-10T11:28:12.229+0000] {logging_mixin.py:154} INFO - [2026-06-10T11:28:12.229+0000] {dag.py:3722} INFO - Setting next_dagrun for example_subdag_operator.section-1 to None, run_after=None
[2026-06-10T11:28:12.230+0000] {logging_mixin.py:154} INFO - [2026-06-10T11:28:12.230+0000] {dag.py:3722} INFO - Setting next_dagrun for example_subdag_operator.section-2 to None, run_after=None
[2026-06-10T11:28:12.243+0000] {processor.py:179} INFO - Processing /home/airflow/.local/lib/python3.10/site-packages/airflow/example_dags/example_subdag_operator.py took 0.139 seconds
[2026-06-10T11:28:42.988+0000] {processor.py:157} INFO - Started process (PID=605) to work on /home/airflow/.local/lib/python3.10/site-packages/airflow/example_dags/example_subdag_operator.py
[2026-06-10T11:28:42.989+0000] {processor.py:829} INFO - Processing file /home/airflow/.local/lib/python3.10/site-packages/airflow/example_dags/example_subdag_operator.py for tasks to queue
[2026-06-10T11:28:42.992+0000] {logging_mixin.py:154} INFO - [2026-06-10T11:28:42.991+0000] {dagbag.py:536} INFO - Filling up the DagBag from /home/airflow/.local/lib/python3.10/site-packages/airflow/example_dags/example_subdag_operator.py
[2026-06-10T11:28:43.027+0000] {processor.py:839} INFO - DAG(s) dict_keys(['example_subdag_operator.section-1', 'example_subdag_operator.section-2', 'example_subdag_operator']) retrieved from /home/airflow/.local/lib/python3.10/site-packages/airflow/example_dags/example_subdag_operator.py
[2026-06-10T11:28:43.050+0000] {logging_mixin.py:154} INFO - [2026-06-10T11:28:43.050+0000] {dag.py:2941} INFO - Sync 3 DAGs
[2026-06-10T11:28:43.337+0000] {logging_mixin.py:154} INFO - [2026-06-10T11:28:43.337+0000] {dag.py:3722} INFO - Setting next_dagrun for example_subdag_operator to 2022-01-01T00:00:00+00:00, run_after=2022-01-01T00:00:00+00:00
[2026-06-10T11:28:43.341+0000] {logging_mixin.py:154} INFO - [2026-06-10T11:28:43.341+0000] {dag.py:3722} INFO - Setting next_dagrun for example_subdag_operator.section-1 to None, run_after=None
[2026-06-10T11:28:43.343+0000] {logging_mixin.py:154} INFO - [2026-06-10T11:28:43.343+0000] {dag.py:3722} INFO - Setting next_dagrun for example_subdag_operator.section-2 to None, run_after=None
[2026-06-10T11:28:43.352+0000] {logging_mixin.py:154} INFO - [2026-06-10T11:28:43.352+0000] {dag.py:2941} INFO - Sync 2 DAGs
[2026-06-10T11:28:43.359+0000] {logging_mixin.py:154} INFO - [2026-06-10T11:28:43.359+0000] {dag.py:3722} INFO - Setting next_dagrun for example_subdag_operator.section-1 to None, run_after=None
[2026-06-10T11:28:43.359+0000] {logging_mixin.py:154} INFO - [2026-06-10T11:28:43.359+0000] {dag.py:3722} INFO - Setting next_dagrun for example_subdag_operator.section-2 to None, run_after=None
[2026-06-10T11:28:43.376+0000] {processor.py:179} INFO - Processing /home/airflow/.local/lib/python3.10/site-packages/airflow/example_dags/example_subdag_operator.py took 0.393 seconds
[2026-06-10T11:29:13.659+0000] {processor.py:157} INFO - Started process (PID=656) to work on /home/airflow/.local/lib/python3.10/site-packages/airflow/example_dags/example_subdag_operator.py
[2026-06-10T11:29:13.661+0000] {processor.py:829} INFO - Processing file /home/airflow/.local/lib/python3.10/site-packages/airflow/example_dags/example_subdag_operator.py for tasks to queue
[2026-06-10T11:29:13.663+0000] {logging_mixin.py:154} INFO - [2026-06-10T11:29:13.663+0000] {dagbag.py:536} INFO - Filling up the DagBag from /home/airflow/.local/lib/python3.10/site-packages/airflow/example_dags/example_subdag_operator.py
[2026-06-10T11:29:13.711+0000] {processor.py:839} INFO - DAG(s) dict_keys(['example_subdag_operator.section-1', 'example_subdag_operator.section-2', 'example_subdag_operator']) retrieved from /home/airflow/.local/lib/python3.10/site-packages/airflow/example_dags/example_subdag_operator.py
[2026-06-10T11:29:13.778+0000] {logging_mixin.py:154} INFO - [2026-06-10T11:29:13.778+0000] {dag.py:2941} INFO - Sync 3 DAGs
[2026-06-10T11:29:13.873+0000] {logging_mixin.py:154} INFO - [2026-06-10T11:29:13.873+0000] {dag.py:3722} INFO - Setting next_dagrun for example_subdag_operator to 2022-01-01T00:00:00+00:00, run_after=2022-01-01T00:00:00+00:00
[2026-06-10T11:29:13.895+0000] {logging_mixin.py:154} INFO - [2026-06-10T11:29:13.895+0000] {dag.py:3722} INFO - Setting next_dagrun for example_subdag_operator.section-1 to None, run_after=None
[2026-06-10T11:29:13.899+0000] {logging_mixin.py:154} INFO - [2026-06-10T11:29:13.899+0000] {dag.py:3722} INFO - Setting next_dagrun for example_subdag_operator.section-2 to None, run_after=None
[2026-06-10T11:29:13.917+0000] {logging_mixin.py:154} INFO - [2026-06-10T11:29:13.916+0000] {dag.py:2941} INFO - Sync 2 DAGs
[2026-06-10T11:29:13.941+0000] {logging_mixin.py:154} INFO - [2026-06-10T11:29:13.941+0000] {dag.py:3722} INFO - Setting next_dagrun for example_subdag_operator.section-1 to None, run_after=None
[2026-06-10T11:29:13.942+0000] {logging_mixin.py:154} INFO - [2026-06-10T11:29:13.942+0000] {dag.py:3722} INFO - Setting next_dagrun for example_subdag_operator.section-2 to None, run_after=None
[2026-06-10T11:29:13.990+0000] {processor.py:179} INFO - Processing /home/airflow/.local/lib/python3.10/site-packages/airflow/example_dags/example_subdag_operator.py took 0.335 seconds
[2026-06-10T11:29:44.772+0000] {processor.py:157} INFO - Started process (PID=707) to work on /home/airflow/.local/lib/python3.10/site-packages/airflow/example_dags/example_subdag_operator.py
[2026-06-10T11:29:44.774+0000] {processor.py:829} INFO - Processing file /home/airflow/.local/lib/python3.10/site-packages/airflow/example_dags/example_subdag_operator.py for tasks to queue
[2026-06-10T11:29:44.777+0000] {logging_mixin.py:154} INFO - [2026-06-10T11:29:44.777+0000] {dagbag.py:536} INFO - Filling up the DagBag from /home/airflow/.local/lib/python3.10/site-packages/airflow/example_dags/example_subdag_operator.py
[2026-06-10T11:29:44.811+0000] {processor.py:839} INFO - DAG(s) dict_keys(['example_subdag_operator.section-1', 'example_subdag_operator.section-2', 'example_subdag_operator']) retrieved from /home/airflow/.local/lib/python3.10/site-packages/airflow/example_dags/example_subdag_operator.py
[2026-06-10T11:29:44.850+0000] {logging_mixin.py:154} INFO - [2026-06-10T11:29:44.849+0000] {dag.py:2941} INFO - Sync 3 DAGs
[2026-06-10T11:29:44.882+0000] {logging_mixin.py:154} INFO - [2026-06-10T11:29:44.882+0000] {dag.py:3722} INFO - Setting next_dagrun for example_subdag_operator to 2022-01-01T00:00:00+00:00, run_after=2022-01-01T00:00:00+00:00
[2026-06-10T11:29:44.887+0000] {logging_mixin.py:154} INFO - [2026-06-10T11:29:44.887+0000] {dag.py:3722} INFO - Setting next_dagrun for example_subdag_operator.section-1 to None, run_after=None
[2026-06-10T11:29:44.889+0000] {logging_mixin.py:154} INFO - [2026-06-10T11:29:44.889+0000] {dag.py:3722} INFO - Setting next_dagrun for example_subdag_operator.section-2 to None, run_after=None
[2026-06-10T11:29:44.898+0000] {logging_mixin.py:154} INFO - [2026-06-10T11:29:44.897+0000] {dag.py:2941} INFO - Sync 2 DAGs
[2026-06-10T11:29:44.905+0000] {logging_mixin.py:154} INFO - [2026-06-10T11:29:44.905+0000] {dag.py:3722} INFO - Setting next_dagrun for example_subdag_operator.section-1 to None, run_after=None
[2026-06-10T11:29:44.905+0000] {logging_mixin.py:154} INFO - [2026-06-10T11:29:44.905+0000] {dag.py:3722} INFO - Setting next_dagrun for example_subdag_operator.section-2 to None, run_after=None
[2026-06-10T11:29:44.918+0000] {processor.py:179} INFO - Processing /home/airflow/.local/lib/python3.10/site-packages/airflow/example_dags/example_subdag_operator.py took 0.150 seconds
[2026-06-10T11:30:15.697+0000] {processor.py:157} INFO - Started process (PID=758) to work on /home/airflow/.local/lib/python3.10/site-packages/airflow/example_dags/example_subdag_operator.py
[2026-06-10T11:30:15.704+0000] {processor.py:829} INFO - Processing file /home/airflow/.local/lib/python3.10/site-packages/airflow/example_dags/example_subdag_operator.py for tasks to queue
[2026-06-10T11:30:15.707+0000] {logging_mixin.py:154} INFO - [2026-06-10T11:30:15.707+0000] {dagbag.py:536} INFO - Filling up the DagBag from /home/airflow/.local/lib/python3.10/site-packages/airflow/example_dags/example_subdag_operator.py
[2026-06-10T11:30:15.743+0000] {processor.py:839} INFO - DAG(s) dict_keys(['example_subdag_operator.section-1', 'example_subdag_operator.section-2', 'example_subdag_operator']) retrieved from /home/airflow/.local/lib/python3.10/site-packages/airflow/example_dags/example_subdag_operator.py
[2026-06-10T11:30:15.767+0000] {logging_mixin.py:154} INFO - [2026-06-10T11:30:15.767+0000] {dag.py:2941} INFO - Sync 3 DAGs
[2026-06-10T11:30:16.009+0000] {logging_mixin.py:154} INFO - [2026-06-10T11:30:16.009+0000] {dag.py:3722} INFO - Setting next_dagrun for example_subdag_operator to 2022-01-01T00:00:00+00:00, run_after=2022-01-01T00:00:00+00:00
[2026-06-10T11:30:16.014+0000] {logging_mixin.py:154} INFO - [2026-06-10T11:30:16.013+0000] {dag.py:3722} INFO - Setting next_dagrun for example_subdag_operator.section-1 to None, run_after=None
[2026-06-10T11:30:16.015+0000] {logging_mixin.py:154} INFO - [2026-06-10T11:30:16.015+0000] {dag.py:3722} INFO - Setting next_dagrun for example_subdag_operator.section-2 to None, run_after=None
[2026-06-10T11:30:16.024+0000] {logging_mixin.py:154} INFO - [2026-06-10T11:30:16.024+0000] {dag.py:2941} INFO - Sync 2 DAGs
[2026-06-10T11:30:16.032+0000] {logging_mixin.py:154} INFO - [2026-06-10T11:30:16.031+0000] {dag.py:3722} INFO - Setting next_dagrun for example_subdag_operator.section-1 to None, run_after=None
[2026-06-10T11:30:16.032+0000] {logging_mixin.py:154} INFO - [2026-06-10T11:30:16.032+0000] {dag.py:3722} INFO - Setting next_dagrun for example_subdag_operator.section-2 to None, run_after=None
[2026-06-10T11:30:16.046+0000] {processor.py:179} INFO - Processing /home/airflow/.local/lib/python3.10/site-packages/airflow/example_dags/example_subdag_operator.py took 0.364 seconds
[2026-06-10T11:30:46.587+0000] {processor.py:157} INFO - Started process (PID=808) to work on /home/airflow/.local/lib/python3.10/site-packages/airflow/example_dags/example_subdag_operator.py
[2026-06-10T11:30:46.589+0000] {processor.py:829} INFO - Processing file /home/airflow/.local/lib/python3.10/site-packages/airflow/example_dags/example_subdag_operator.py for tasks to queue
[2026-06-10T11:30:46.591+0000] {logging_mixin.py:154} INFO - [2026-06-10T11:30:46.591+0000] {dagbag.py:536} INFO - Filling up the DagBag from /home/airflow/.local/lib/python3.10/site-packages/airflow/example_dags/example_subdag_operator.py
[2026-06-10T11:30:46.664+0000] {processor.py:839} INFO - DAG(s) dict_keys(['example_subdag_operator.section-1', 'example_subdag_operator.section-2', 'example_subdag_operator']) retrieved from /home/airflow/.local/lib/python3.10/site-packages/airflow/example_dags/example_subdag_operator.py
[2026-06-10T11:30:46.699+0000] {logging_mixin.py:154} INFO - [2026-06-10T11:30:46.699+0000] {dag.py:2941} INFO - Sync 3 DAGs
[2026-06-10T11:30:46.728+0000] {logging_mixin.py:154} INFO - [2026-06-10T11:30:46.728+0000] {dag.py:3722} INFO - Setting next_dagrun for example_subdag_operator to 2022-01-01T00:00:00+00:00, run_after=2022-01-01T00:00:00+00:00
[2026-06-10T11:30:46.733+0000] {logging_mixin.py:154} INFO - [2026-06-10T11:30:46.733+0000] {dag.py:3722} INFO - Setting next_dagrun for example_subdag_operator.section-1 to None, run_after=None
[2026-06-10T11:30:46.734+0000] {logging_mixin.py:154} INFO - [2026-06-10T11:30:46.734+0000] {dag.py:3722} INFO - Setting next_dagrun for example_subdag_operator.section-2 to None, run_after=None
[2026-06-10T11:30:46.751+0000] {logging_mixin.py:154} INFO - [2026-06-10T11:30:46.750+0000] {dag.py:2941} INFO - Sync 2 DAGs
[2026-06-10T11:30:46.763+0000] {logging_mixin.py:154} INFO - [2026-06-10T11:30:46.763+0000] {dag.py:3722} INFO - Setting next_dagrun for example_subdag_operator.section-1 to None, run_after=None
[2026-06-10T11:30:46.763+0000] {logging_mixin.py:154} INFO - [2026-06-10T11:30:46.763+0000] {dag.py:3722} INFO - Setting next_dagrun for example_subdag_operator.section-2 to None, run_after=None
[2026-06-10T11:30:46.790+0000] {processor.py:179} INFO - Processing /home/airflow/.local/lib/python3.10/site-packages/airflow/example_dags/example_subdag_operator.py took 0.220 seconds
[2026-06-10T11:31:17.825+0000] {processor.py:157} INFO - Started process (PID=859) to work on /home/airflow/.local/lib/python3.10/site-packages/airflow/example_dags/example_subdag_operator.py
[2026-06-10T11:31:17.829+0000] {processor.py:829} INFO - Processing file /home/airflow/.local/lib/python3.10/site-packages/airflow/example_dags/example_subdag_operator.py for tasks to queue
[2026-06-10T11:31:17.831+0000] {logging_mixin.py:154} INFO - [2026-06-10T11:31:17.831+0000] {dagbag.py:536} INFO - Filling up the DagBag from /home/airflow/.local/lib/python3.10/site-packages/airflow/example_dags/example_subdag_operator.py
[2026-06-10T11:31:17.896+0000] {processor.py:839} INFO - DAG(s) dict_keys(['example_subdag_operator.section-1', 'example_subdag_operator.section-2', 'example_subdag_operator']) retrieved from /home/airflow/.local/lib/python3.10/site-packages/airflow/example_dags/example_subdag_operator.py
[2026-06-10T11:31:17.946+0000] {logging_mixin.py:154} INFO - [2026-06-10T11:31:17.946+0000] {dag.py:2941} INFO - Sync 3 DAGs
[2026-06-10T11:31:18.013+0000] {logging_mixin.py:154} INFO - [2026-06-10T11:31:18.012+0000] {dag.py:3722} INFO - Setting next_dagrun for example_subdag_operator to 2022-01-01T00:00:00+00:00, run_after=2022-01-01T00:00:00+00:00
[2026-06-10T11:31:18.026+0000] {logging_mixin.py:154} INFO - [2026-06-10T11:31:18.026+0000] {dag.py:3722} INFO - Setting next_dagrun for example_subdag_operator.section-1 to None, run_after=None
[2026-06-10T11:31:18.029+0000] {logging_mixin.py:154} INFO - [2026-06-10T11:31:18.029+0000] {dag.py:3722} INFO - Setting next_dagrun for example_subdag_operator.section-2 to None, run_after=None
[2026-06-10T11:31:18.047+0000] {logging_mixin.py:154} INFO - [2026-06-10T11:31:18.047+0000] {dag.py:2941} INFO - Sync 2 DAGs
[2026-06-10T11:31:18.059+0000] {logging_mixin.py:154} INFO - [2026-06-10T11:31:18.059+0000] {dag.py:3722} INFO - Setting next_dagrun for example_subdag_operator.section-1 to None, run_after=None
[2026-06-10T11:31:18.060+0000] {logging_mixin.py:154} INFO - [2026-06-10T11:31:18.060+0000] {dag.py:3722} INFO - Setting next_dagrun for example_subdag_operator.section-2 to None, run_after=None
[2026-06-10T11:31:18.084+0000] {processor.py:179} INFO - Processing /home/airflow/.local/lib/python3.10/site-packages/airflow/example_dags/example_subdag_operator.py took 0.264 seconds
[2026-06-10T11:31:50.518+0000] {processor.py:157} INFO - Started process (PID=910) to work on /home/airflow/.local/lib/python3.10/site-packages/airflow/example_dags/example_subdag_operator.py
[2026-06-10T11:31:50.524+0000] {processor.py:829} INFO - Processing file /home/airflow/.local/lib/python3.10/site-packages/airflow/example_dags/example_subdag_operator.py for tasks to queue
[2026-06-10T11:31:50.527+0000] {logging_mixin.py:154} INFO - [2026-06-10T11:31:50.526+0000] {dagbag.py:536} INFO - Filling up the DagBag from /home/airflow/.local/lib/python3.10/site-packages/airflow/example_dags/example_subdag_operator.py
[2026-06-10T11:31:50.608+0000] {processor.py:839} INFO - DAG(s) dict_keys(['example_subdag_operator.section-1', 'example_subdag_operator.section-2', 'example_subdag_operator']) retrieved from /home/airflow/.local/lib/python3.10/site-packages/airflow/example_dags/example_subdag_operator.py
[2026-06-10T11:31:50.696+0000] {logging_mixin.py:154} INFO - [2026-06-10T11:31:50.696+0000] {dag.py:2941} INFO - Sync 3 DAGs
[2026-06-10T11:31:50.786+0000] {logging_mixin.py:154} INFO - [2026-06-10T11:31:50.786+0000] {dag.py:3722} INFO - Setting next_dagrun for example_subdag_operator to 2022-01-01T00:00:00+00:00, run_after=2022-01-01T00:00:00+00:00
[2026-06-10T11:31:51.414+0000] {logging_mixin.py:154} INFO - [2026-06-10T11:31:51.414+0000] {dag.py:3722} INFO - Setting next_dagrun for example_subdag_operator.section-1 to None, run_after=None
[2026-06-10T11:31:51.416+0000] {logging_mixin.py:154} INFO - [2026-06-10T11:31:51.416+0000] {dag.py:3722} INFO - Setting next_dagrun for example_subdag_operator.section-2 to None, run_after=None
[2026-06-10T11:31:51.430+0000] {logging_mixin.py:154} INFO - [2026-06-10T11:31:51.429+0000] {dag.py:2941} INFO - Sync 2 DAGs
[2026-06-10T11:31:51.452+0000] {logging_mixin.py:154} INFO - [2026-06-10T11:31:51.451+0000] {dag.py:3722} INFO - Setting next_dagrun for example_subdag_operator.section-1 to None, run_after=None
[2026-06-10T11:31:51.452+0000] {logging_mixin.py:154} INFO - [2026-06-10T11:31:51.452+0000] {dag.py:3722} INFO - Setting next_dagrun for example_subdag_operator.section-2 to None, run_after=None
[2026-06-10T11:31:51.470+0000] {processor.py:179} INFO - Processing /home/airflow/.local/lib/python3.10/site-packages/airflow/example_dags/example_subdag_operator.py took 0.989 seconds
[2026-06-10T11:32:21.917+0000] {processor.py:157} INFO - Started process (PID=961) to work on /home/airflow/.local/lib/python3.10/site-packages/airflow/example_dags/example_subdag_operator.py
[2026-06-10T11:32:21.926+0000] {processor.py:829} INFO - Processing file /home/airflow/.local/lib/python3.10/site-packages/airflow/example_dags/example_subdag_operator.py for tasks to queue
[2026-06-10T11:32:21.929+0000] {logging_mixin.py:154} INFO - [2026-06-10T11:32:21.929+0000] {dagbag.py:536} INFO - Filling up the DagBag from /home/airflow/.local/lib/python3.10/site-packages/airflow/example_dags/example_subdag_operator.py
[2026-06-10T11:32:22.064+0000] {processor.py:839} INFO - DAG(s) dict_keys(['example_subdag_operator.section-1', 'example_subdag_operator.section-2', 'example_subdag_operator']) retrieved from /home/airflow/.local/lib/python3.10/site-packages/airflow/example_dags/example_subdag_operator.py
[2026-06-10T11:32:22.126+0000] {logging_mixin.py:154} INFO - [2026-06-10T11:32:22.126+0000] {dag.py:2941} INFO - Sync 3 DAGs
[2026-06-10T11:32:22.217+0000] {logging_mixin.py:154} INFO - [2026-06-10T11:32:22.216+0000] {dag.py:3722} INFO - Setting next_dagrun for example_subdag_operator to 2022-01-01T00:00:00+00:00, run_after=2022-01-01T00:00:00+00:00
[2026-06-10T11:32:22.237+0000] {logging_mixin.py:154} INFO - [2026-06-10T11:32:22.237+0000] {dag.py:3722} INFO - Setting next_dagrun for example_subdag_operator.section-1 to None, run_after=None
[2026-06-10T11:32:22.239+0000] {logging_mixin.py:154} INFO - [2026-06-10T11:32:22.238+0000] {dag.py:3722} INFO - Setting next_dagrun for example_subdag_operator.section-2 to None, run_after=None
[2026-06-10T11:32:22.262+0000] {logging_mixin.py:154} INFO - [2026-06-10T11:32:22.262+0000] {dag.py:2941} INFO - Sync 2 DAGs
[2026-06-10T11:32:22.281+0000] {logging_mixin.py:154} INFO - [2026-06-10T11:32:22.281+0000] {dag.py:3722} INFO - Setting next_dagrun for example_subdag_operator.section-1 to None, run_after=None
[2026-06-10T11:32:22.287+0000] {logging_mixin.py:154} INFO - [2026-06-10T11:32:22.282+0000] {dag.py:3722} INFO - Setting next_dagrun for example_subdag_operator.section-2 to None, run_after=None
[2026-06-10T11:32:22.317+0000] {processor.py:179} INFO - Processing /home/airflow/.local/lib/python3.10/site-packages/airflow/example_dags/example_subdag_operator.py took 0.413 seconds
[2026-06-10T11:32:53.009+0000] {processor.py:157} INFO - Started process (PID=1012) to work on /home/airflow/.local/lib/python3.10/site-packages/airflow/example_dags/example_subdag_operator.py
[2026-06-10T11:32:53.022+0000] {processor.py:829} INFO - Processing file /home/airflow/.local/lib/python3.10/site-packages/airflow/example_dags/example_subdag_operator.py for tasks to queue
[2026-06-10T11:32:53.026+0000] {logging_mixin.py:154} INFO - [2026-06-10T11:32:53.025+0000] {dagbag.py:536} INFO - Filling up the DagBag from /home/airflow/.local/lib/python3.10/site-packages/airflow/example_dags/example_subdag_operator.py
[2026-06-10T11:32:53.120+0000] {processor.py:839} INFO - DAG(s) dict_keys(['example_subdag_operator.section-1', 'example_subdag_operator.section-2', 'example_subdag_operator']) retrieved from /home/airflow/.local/lib/python3.10/site-packages/airflow/example_dags/example_subdag_operator.py
[2026-06-10T11:32:53.210+0000] {logging_mixin.py:154} INFO - [2026-06-10T11:32:53.210+0000] {dag.py:2941} INFO - Sync 3 DAGs
[2026-06-10T11:32:53.272+0000] {logging_mixin.py:154} INFO - [2026-06-10T11:32:53.271+0000] {dag.py:3722} INFO - Setting next_dagrun for example_subdag_operator to 2022-01-01T00:00:00+00:00, run_after=2022-01-01T00:00:00+00:00
[2026-06-10T11:32:53.277+0000] {logging_mixin.py:154} INFO - [2026-06-10T11:32:53.277+0000] {dag.py:3722} INFO - Setting next_dagrun for example_subdag_operator.section-1 to None, run_after=None
[2026-06-10T11:32:53.279+0000] {logging_mixin.py:154} INFO - [2026-06-10T11:32:53.279+0000] {dag.py:3722} INFO - Setting next_dagrun for example_subdag_operator.section-2 to None, run_after=None
[2026-06-10T11:32:53.288+0000] {logging_mixin.py:154} INFO - [2026-06-10T11:32:53.288+0000] {dag.py:2941} INFO - Sync 2 DAGs
[2026-06-10T11:32:53.304+0000] {logging_mixin.py:154} INFO - [2026-06-10T11:32:53.303+0000] {dag.py:3722} INFO - Setting next_dagrun for example_subdag_operator.section-1 to None, run_after=None
[2026-06-10T11:32:53.304+0000] {logging_mixin.py:154} INFO - [2026-06-10T11:32:53.304+0000] {dag.py:3722} INFO - Setting next_dagrun for example_subdag_operator.section-2 to None, run_after=None
[2026-06-10T11:32:53.332+0000] {processor.py:179} INFO - Processing /home/airflow/.local/lib/python3.10/site-packages/airflow/example_dags/example_subdag_operator.py took 0.329 seconds
[2026-06-10T11:33:23.793+0000] {processor.py:157} INFO - Started process (PID=1063) to work on /home/airflow/.local/lib/python3.10/site-packages/airflow/example_dags/example_subdag_operator.py
[2026-06-10T11:33:23.797+0000] {processor.py:829} INFO - Processing file /home/airflow/.local/lib/python3.10/site-packages/airflow/example_dags/example_subdag_operator.py for tasks to queue
[2026-06-10T11:33:23.800+0000] {logging_mixin.py:154} INFO - [2026-06-10T11:33:23.799+0000] {dagbag.py:536} INFO - Filling up the DagBag from /home/airflow/.local/lib/python3.10/site-packages/airflow/example_dags/example_subdag_operator.py
[2026-06-10T11:33:23.834+0000] {processor.py:839} INFO - DAG(s) dict_keys(['example_subdag_operator.section-1', 'example_subdag_operator.section-2', 'example_subdag_operator']) retrieved from /home/airflow/.local/lib/python3.10/site-packages/airflow/example_dags/example_subdag_operator.py
[2026-06-10T11:33:23.857+0000] {logging_mixin.py:154} INFO - [2026-06-10T11:33:23.857+0000] {dag.py:2941} INFO - Sync 3 DAGs
[2026-06-10T11:33:24.105+0000] {logging_mixin.py:154} INFO - [2026-06-10T11:33:24.105+0000] {dag.py:3722} INFO - Setting next_dagrun for example_subdag_operator to 2022-01-01T00:00:00+00:00, run_after=2022-01-01T00:00:00+00:00
[2026-06-10T11:33:24.110+0000] {logging_mixin.py:154} INFO - [2026-06-10T11:33:24.110+0000] {dag.py:3722} INFO - Setting next_dagrun for example_subdag_operator.section-1 to None, run_after=None
[2026-06-10T11:33:24.112+0000] {logging_mixin.py:154} INFO - [2026-06-10T11:33:24.112+0000] {dag.py:3722} INFO - Setting next_dagrun for example_subdag_operator.section-2 to None, run_after=None
[2026-06-10T11:33:24.122+0000] {logging_mixin.py:154} INFO - [2026-06-10T11:33:24.121+0000] {dag.py:2941} INFO - Sync 2 DAGs
[2026-06-10T11:33:24.128+0000] {logging_mixin.py:154} INFO - [2026-06-10T11:33:24.128+0000] {dag.py:3722} INFO - Setting next_dagrun for example_subdag_operator.section-1 to None, run_after=None
[2026-06-10T11:33:24.128+0000] {logging_mixin.py:154} INFO - [2026-06-10T11:33:24.128+0000] {dag.py:3722} INFO - Setting next_dagrun for example_subdag_operator.section-2 to None, run_after=None
[2026-06-10T11:33:24.141+0000] {processor.py:179} INFO - Processing /home/airflow/.local/lib/python3.10/site-packages/airflow/example_dags/example_subdag_operator.py took 0.353 seconds
[2026-06-10T11:33:54.802+0000] {processor.py:157} INFO - Started process (PID=1114) to work on /home/airflow/.local/lib/python3.10/site-packages/airflow/example_dags/example_subdag_operator.py
[2026-06-10T11:33:54.812+0000] {processor.py:829} INFO - Processing file /home/airflow/.local/lib/python3.10/site-packages/airflow/example_dags/example_subdag_operator.py for tasks to queue
[2026-06-10T11:33:54.815+0000] {logging_mixin.py:154} INFO - [2026-06-10T11:33:54.814+0000] {dagbag.py:536} INFO - Filling up the DagBag from /home/airflow/.local/lib/python3.10/site-packages/airflow/example_dags/example_subdag_operator.py
[2026-06-10T11:33:54.872+0000] {processor.py:839} INFO - DAG(s) dict_keys(['example_subdag_operator.section-1', 'example_subdag_operator.section-2', 'example_subdag_operator']) retrieved from /home/airflow/.local/lib/python3.10/site-packages/airflow/example_dags/example_subdag_operator.py
[2026-06-10T11:33:54.896+0000] {logging_mixin.py:154} INFO - [2026-06-10T11:33:54.895+0000] {dag.py:2941} INFO - Sync 3 DAGs
[2026-06-10T11:33:54.929+0000] {logging_mixin.py:154} INFO - [2026-06-10T11:33:54.928+0000] {dag.py:3722} INFO - Setting next_dagrun for example_subdag_operator to 2022-01-01T00:00:00+00:00, run_after=2022-01-01T00:00:00+00:00
[2026-06-10T11:33:54.933+0000] {logging_mixin.py:154} INFO - [2026-06-10T11:33:54.933+0000] {dag.py:3722} INFO - Setting next_dagrun for example_subdag_operator.section-1 to None, run_after=None
[2026-06-10T11:33:54.935+0000] {logging_mixin.py:154} INFO - [2026-06-10T11:33:54.935+0000] {dag.py:3722} INFO - Setting next_dagrun for example_subdag_operator.section-2 to None, run_after=None
[2026-06-10T11:33:54.968+0000] {logging_mixin.py:154} INFO - [2026-06-10T11:33:54.967+0000] {dag.py:2941} INFO - Sync 2 DAGs
[2026-06-10T11:33:54.996+0000] {logging_mixin.py:154} INFO - [2026-06-10T11:33:54.996+0000] {dag.py:3722} INFO - Setting next_dagrun for example_subdag_operator.section-1 to None, run_after=None
[2026-06-10T11:33:54.999+0000] {logging_mixin.py:154} INFO - [2026-06-10T11:33:54.999+0000] {dag.py:3722} INFO - Setting next_dagrun for example_subdag_operator.section-2 to None, run_after=None
[2026-06-10T11:33:55.025+0000] {processor.py:179} INFO - Processing /home/airflow/.local/lib/python3.10/site-packages/airflow/example_dags/example_subdag_operator.py took 0.229 seconds
[2026-06-10T11:34:25.249+0000] {processor.py:157} INFO - Started process (PID=1164) to work on /home/airflow/.local/lib/python3.10/site-packages/airflow/example_dags/example_subdag_operator.py
[2026-06-10T11:34:25.250+0000] {processor.py:829} INFO - Processing file /home/airflow/.local/lib/python3.10/site-packages/airflow/example_dags/example_subdag_operator.py for tasks to queue
[2026-06-10T11:34:25.253+0000] {logging_mixin.py:154} INFO - [2026-06-10T11:34:25.253+0000] {dagbag.py:536} INFO - Filling up the DagBag from /home/airflow/.local/lib/python3.10/site-packages/airflow/example_dags/example_subdag_operator.py
[2026-06-10T11:34:25.288+0000] {processor.py:839} INFO - DAG(s) dict_keys(['example_subdag_operator.section-1', 'example_subdag_operator.section-2', 'example_subdag_operator']) retrieved from /home/airflow/.local/lib/python3.10/site-packages/airflow/example_dags/example_subdag_operator.py
[2026-06-10T11:34:25.327+0000] {logging_mixin.py:154} INFO - [2026-06-10T11:34:25.327+0000] {dag.py:2941} INFO - Sync 3 DAGs
[2026-06-10T11:34:25.396+0000] {logging_mixin.py:154} INFO - [2026-06-10T11:34:25.396+0000] {dag.py:3722} INFO - Setting next_dagrun for example_subdag_operator to 2022-01-01T00:00:00+00:00, run_after=2022-01-01T00:00:00+00:00
[2026-06-10T11:34:25.401+0000] {logging_mixin.py:154} INFO - [2026-06-10T11:34:25.401+0000] {dag.py:3722} INFO - Setting next_dagrun for example_subdag_operator.section-1 to None, run_after=None
[2026-06-10T11:34:25.403+0000] {logging_mixin.py:154} INFO - [2026-06-10T11:34:25.402+0000] {dag.py:3722} INFO - Setting next_dagrun for example_subdag_operator.section-2 to None, run_after=None
[2026-06-10T11:34:25.421+0000] {logging_mixin.py:154} INFO - [2026-06-10T11:34:25.421+0000] {dag.py:2941} INFO - Sync 2 DAGs
[2026-06-10T11:34:25.436+0000] {logging_mixin.py:154} INFO - [2026-06-10T11:34:25.435+0000] {dag.py:3722} INFO - Setting next_dagrun for example_subdag_operator.section-1 to None, run_after=None
[2026-06-10T11:34:25.436+0000] {logging_mixin.py:154} INFO - [2026-06-10T11:34:25.436+0000] {dag.py:3722} INFO - Setting next_dagrun for example_subdag_operator.section-2 to None, run_after=None
[2026-06-10T11:34:25.456+0000] {processor.py:179} INFO - Processing /home/airflow/.local/lib/python3.10/site-packages/airflow/example_dags/example_subdag_operator.py took 0.212 seconds
[2026-06-10T11:34:55.997+0000] {processor.py:157} INFO - Started process (PID=1214) to work on /home/airflow/.local/lib/python3.10/site-packages/airflow/example_dags/example_subdag_operator.py
[2026-06-10T11:34:55.998+0000] {processor.py:829} INFO - Processing file /home/airflow/.local/lib/python3.10/site-packages/airflow/example_dags/example_subdag_operator.py for tasks to queue
[2026-06-10T11:34:56.001+0000] {logging_mixin.py:154} INFO - [2026-06-10T11:34:56.000+0000] {dagbag.py:536} INFO - Filling up the DagBag from /home/airflow/.local/lib/python3.10/site-packages/airflow/example_dags/example_subdag_operator.py
[2026-06-10T11:34:56.038+0000] {processor.py:839} INFO - DAG(s) dict_keys(['example_subdag_operator.section-1', 'example_subdag_operator.section-2', 'example_subdag_operator']) retrieved from /home/airflow/.local/lib/python3.10/site-packages/airflow/example_dags/example_subdag_operator.py
[2026-06-10T11:34:56.060+0000] {logging_mixin.py:154} INFO - [2026-06-10T11:34:56.060+0000] {dag.py:2941} INFO - Sync 3 DAGs
[2026-06-10T11:34:56.118+0000] {logging_mixin.py:154} INFO - [2026-06-10T11:34:56.117+0000] {dag.py:3722} INFO - Setting next_dagrun for example_subdag_operator to 2022-01-01T00:00:00+00:00, run_after=2022-01-01T00:00:00+00:00
[2026-06-10T11:34:56.130+0000] {logging_mixin.py:154} INFO - [2026-06-10T11:34:56.130+0000] {dag.py:3722} INFO - Setting next_dagrun for example_subdag_operator.section-1 to None, run_after=None
[2026-06-10T11:34:56.143+0000] {logging_mixin.py:154} INFO - [2026-06-10T11:34:56.143+0000] {dag.py:3722} INFO - Setting next_dagrun for example_subdag_operator.section-2 to None, run_after=None
[2026-06-10T11:34:56.159+0000] {logging_mixin.py:154} INFO - [2026-06-10T11:34:56.159+0000] {dag.py:2941} INFO - Sync 2 DAGs
[2026-06-10T11:34:56.179+0000] {logging_mixin.py:154} INFO - [2026-06-10T11:34:56.179+0000] {dag.py:3722} INFO - Setting next_dagrun for example_subdag_operator.section-1 to None, run_after=None
[2026-06-10T11:34:56.189+0000] {logging_mixin.py:154} INFO - [2026-06-10T11:34:56.189+0000] {dag.py:3722} INFO - Setting next_dagrun for example_subdag_operator.section-2 to None, run_after=None
[2026-06-10T11:34:56.220+0000] {processor.py:179} INFO - Processing /home/airflow/.local/lib/python3.10/site-packages/airflow/example_dags/example_subdag_operator.py took 0.228 seconds
[2026-06-10T11:35:27.154+0000] {processor.py:157} INFO - Started process (PID=1265) to work on /home/airflow/.local/lib/python3.10/site-packages/airflow/example_dags/example_subdag_operator.py
[2026-06-10T11:35:27.155+0000] {processor.py:829} INFO - Processing file /home/airflow/.local/lib/python3.10/site-packages/airflow/example_dags/example_subdag_operator.py for tasks to queue
[2026-06-10T11:35:27.157+0000] {logging_mixin.py:154} INFO - [2026-06-10T11:35:27.157+0000] {dagbag.py:536} INFO - Filling up the DagBag from /home/airflow/.local/lib/python3.10/site-packages/airflow/example_dags/example_subdag_operator.py
[2026-06-10T11:35:27.191+0000] {processor.py:839} INFO - DAG(s) dict_keys(['example_subdag_operator.section-1', 'example_subdag_operator.section-2', 'example_subdag_operator']) retrieved from /home/airflow/.local/lib/python3.10/site-packages/airflow/example_dags/example_subdag_operator.py
[2026-06-10T11:35:27.213+0000] {logging_mixin.py:154} INFO - [2026-06-10T11:35:27.213+0000] {dag.py:2941} INFO - Sync 3 DAGs
[2026-06-10T11:35:27.245+0000] {logging_mixin.py:154} INFO - [2026-06-10T11:35:27.244+0000] {dag.py:3722} INFO - Setting next_dagrun for example_subdag_operator to 2022-01-01T00:00:00+00:00, run_after=2022-01-01T00:00:00+00:00
[2026-06-10T11:35:27.249+0000] {logging_mixin.py:154} INFO - [2026-06-10T11:35:27.249+0000] {dag.py:3722} INFO - Setting next_dagrun for example_subdag_operator.section-1 to None, run_after=None
[2026-06-10T11:35:27.251+0000] {logging_mixin.py:154} INFO - [2026-06-10T11:35:27.251+0000] {dag.py:3722} INFO - Setting next_dagrun for example_subdag_operator.section-2 to None, run_after=None
[2026-06-10T11:35:27.260+0000] {logging_mixin.py:154} INFO - [2026-06-10T11:35:27.260+0000] {dag.py:2941} INFO - Sync 2 DAGs
[2026-06-10T11:35:27.267+0000] {logging_mixin.py:154} INFO - [2026-06-10T11:35:27.266+0000] {dag.py:3722} INFO - Setting next_dagrun for example_subdag_operator.section-1 to None, run_after=None
[2026-06-10T11:35:27.267+0000] {logging_mixin.py:154} INFO - [2026-06-10T11:35:27.267+0000] {dag.py:3722} INFO - Setting next_dagrun for example_subdag_operator.section-2 to None, run_after=None
[2026-06-10T11:35:27.281+0000] {processor.py:179} INFO - Processing /home/airflow/.local/lib/python3.10/site-packages/airflow/example_dags/example_subdag_operator.py took 0.132 seconds
[2026-06-10T11:35:58.005+0000] {processor.py:157} INFO - Started process (PID=1316) to work on /home/airflow/.local/lib/python3.10/site-packages/airflow/example_dags/example_subdag_operator.py
[2026-06-10T11:35:58.015+0000] {processor.py:829} INFO - Processing file /home/airflow/.local/lib/python3.10/site-packages/airflow/example_dags/example_subdag_operator.py for tasks to queue
[2026-06-10T11:35:58.017+0000] {logging_mixin.py:154} INFO - [2026-06-10T11:35:58.017+0000] {dagbag.py:536} INFO - Filling up the DagBag from /home/airflow/.local/lib/python3.10/site-packages/airflow/example_dags/example_subdag_operator.py
[2026-06-10T11:35:58.148+0000] {processor.py:839} INFO - DAG(s) dict_keys(['example_subdag_operator.section-1', 'example_subdag_operator.section-2', 'example_subdag_operator']) retrieved from /home/airflow/.local/lib/python3.10/site-packages/airflow/example_dags/example_subdag_operator.py
[2026-06-10T11:35:58.215+0000] {logging_mixin.py:154} INFO - [2026-06-10T11:35:58.214+0000] {dag.py:2941} INFO - Sync 3 DAGs
[2026-06-10T11:35:58.314+0000] {logging_mixin.py:154} INFO - [2026-06-10T11:35:58.314+0000] {dag.py:3722} INFO - Setting next_dagrun for example_subdag_operator to 2022-01-01T00:00:00+00:00, run_after=2022-01-01T00:00:00+00:00
[2026-06-10T11:35:58.346+0000] {logging_mixin.py:154} INFO - [2026-06-10T11:35:58.346+0000] {dag.py:3722} INFO - Setting next_dagrun for example_subdag_operator.section-1 to None, run_after=None
[2026-06-10T11:35:58.348+0000] {logging_mixin.py:154} INFO - [2026-06-10T11:35:58.348+0000] {dag.py:3722} INFO - Setting next_dagrun for example_subdag_operator.section-2 to None, run_after=None
[2026-06-10T11:35:58.384+0000] {logging_mixin.py:154} INFO - [2026-06-10T11:35:58.384+0000] {dag.py:2941} INFO - Sync 2 DAGs
[2026-06-10T11:35:58.410+0000] {logging_mixin.py:154} INFO - [2026-06-10T11:35:58.410+0000] {dag.py:3722} INFO - Setting next_dagrun for example_subdag_operator.section-1 to None, run_after=None
[2026-06-10T11:35:58.414+0000] {logging_mixin.py:154} INFO - [2026-06-10T11:35:58.413+0000] {dag.py:3722} INFO - Setting next_dagrun for example_subdag_operator.section-2 to None, run_after=None
[2026-06-10T11:35:58.456+0000] {processor.py:179} INFO - Processing /home/airflow/.local/lib/python3.10/site-packages/airflow/example_dags/example_subdag_operator.py took 0.456 seconds
[2026-06-10T11:36:29.354+0000] {processor.py:157} INFO - Started process (PID=1367) to work on /home/airflow/.local/lib/python3.10/site-packages/airflow/example_dags/example_subdag_operator.py
[2026-06-10T11:36:29.355+0000] {processor.py:829} INFO - Processing file /home/airflow/.local/lib/python3.10/site-packages/airflow/example_dags/example_subdag_operator.py for tasks to queue
[2026-06-10T11:36:29.357+0000] {logging_mixin.py:154} INFO - [2026-06-10T11:36:29.357+0000] {dagbag.py:536} INFO - Filling up the DagBag from /home/airflow/.local/lib/python3.10/site-packages/airflow/example_dags/example_subdag_operator.py
[2026-06-10T11:36:29.391+0000] {processor.py:839} INFO - DAG(s) dict_keys(['example_subdag_operator.section-1', 'example_subdag_operator.section-2', 'example_subdag_operator']) retrieved from /home/airflow/.local/lib/python3.10/site-packages/airflow/example_dags/example_subdag_operator.py
[2026-06-10T11:36:29.413+0000] {logging_mixin.py:154} INFO - [2026-06-10T11:36:29.413+0000] {dag.py:2941} INFO - Sync 3 DAGs
[2026-06-10T11:36:29.443+0000] {logging_mixin.py:154} INFO - [2026-06-10T11:36:29.443+0000] {dag.py:3722} INFO - Setting next_dagrun for example_subdag_operator to 2022-01-01T00:00:00+00:00, run_after=2022-01-01T00:00:00+00:00
[2026-06-10T11:36:29.448+0000] {logging_mixin.py:154} INFO - [2026-06-10T11:36:29.448+0000] {dag.py:3722} INFO - Setting next_dagrun for example_subdag_operator.section-1 to None, run_after=None
[2026-06-10T11:36:29.449+0000] {logging_mixin.py:154} INFO - [2026-06-10T11:36:29.449+0000] {dag.py:3722} INFO - Setting next_dagrun for example_subdag_operator.section-2 to None, run_after=None
[2026-06-10T11:36:29.459+0000] {logging_mixin.py:154} INFO - [2026-06-10T11:36:29.458+0000] {dag.py:2941} INFO - Sync 2 DAGs
[2026-06-10T11:36:29.465+0000] {logging_mixin.py:154} INFO - [2026-06-10T11:36:29.465+0000] {dag.py:3722} INFO - Setting next_dagrun for example_subdag_operator.section-1 to None, run_after=None
[2026-06-10T11:36:29.466+0000] {logging_mixin.py:154} INFO - [2026-06-10T11:36:29.466+0000] {dag.py:3722} INFO - Setting next_dagrun for example_subdag_operator.section-2 to None, run_after=None
[2026-06-10T11:36:29.481+0000] {processor.py:179} INFO - Processing /home/airflow/.local/lib/python3.10/site-packages/airflow/example_dags/example_subdag_operator.py took 0.132 seconds
[2026-06-10T11:37:00.327+0000] {processor.py:157} INFO - Started process (PID=1418) to work on /home/airflow/.local/lib/python3.10/site-packages/airflow/example_dags/example_subdag_operator.py
[2026-06-10T11:37:00.330+0000] {processor.py:829} INFO - Processing file /home/airflow/.local/lib/python3.10/site-packages/airflow/example_dags/example_subdag_operator.py for tasks to queue
[2026-06-10T11:37:00.333+0000] {logging_mixin.py:154} INFO - [2026-06-10T11:37:00.332+0000] {dagbag.py:536} INFO - Filling up the DagBag from /home/airflow/.local/lib/python3.10/site-packages/airflow/example_dags/example_subdag_operator.py
[2026-06-10T11:37:00.373+0000] {processor.py:839} INFO - DAG(s) dict_keys(['example_subdag_operator.section-1', 'example_subdag_operator.section-2', 'example_subdag_operator']) retrieved from /home/airflow/.local/lib/python3.10/site-packages/airflow/example_dags/example_subdag_operator.py
[2026-06-10T11:37:00.395+0000] {logging_mixin.py:154} INFO - [2026-06-10T11:37:00.395+0000] {dag.py:2941} INFO - Sync 3 DAGs
[2026-06-10T11:37:00.429+0000] {logging_mixin.py:154} INFO - [2026-06-10T11:37:00.428+0000] {dag.py:3722} INFO - Setting next_dagrun for example_subdag_operator to 2022-01-01T00:00:00+00:00, run_after=2022-01-01T00:00:00+00:00
[2026-06-10T11:37:00.450+0000] {logging_mixin.py:154} INFO - [2026-06-10T11:37:00.449+0000] {dag.py:3722} INFO - Setting next_dagrun for example_subdag_operator.section-1 to None, run_after=None
[2026-06-10T11:37:00.451+0000] {logging_mixin.py:154} INFO - [2026-06-10T11:37:00.451+0000] {dag.py:3722} INFO - Setting next_dagrun for example_subdag_operator.section-2 to None, run_after=None
[2026-06-10T11:37:00.461+0000] {logging_mixin.py:154} INFO - [2026-06-10T11:37:00.461+0000] {dag.py:2941} INFO - Sync 2 DAGs
[2026-06-10T11:37:00.468+0000] {logging_mixin.py:154} INFO - [2026-06-10T11:37:00.467+0000] {dag.py:3722} INFO - Setting next_dagrun for example_subdag_operator.section-1 to None, run_after=None
[2026-06-10T11:37:00.468+0000] {logging_mixin.py:154} INFO - [2026-06-10T11:37:00.468+0000] {dag.py:3722} INFO - Setting next_dagrun for example_subdag_operator.section-2 to None, run_after=None
[2026-06-10T11:37:00.484+0000] {processor.py:179} INFO - Processing /home/airflow/.local/lib/python3.10/site-packages/airflow/example_dags/example_subdag_operator.py took 0.166 seconds
[2026-06-10T11:37:30.988+0000] {processor.py:157} INFO - Started process (PID=1469) to work on /home/airflow/.local/lib/python3.10/site-packages/airflow/example_dags/example_subdag_operator.py
[2026-06-10T11:37:30.989+0000] {processor.py:829} INFO - Processing file /home/airflow/.local/lib/python3.10/site-packages/airflow/example_dags/example_subdag_operator.py for tasks to queue
[2026-06-10T11:37:30.991+0000] {logging_mixin.py:154} INFO - [2026-06-10T11:37:30.991+0000] {dagbag.py:536} INFO - Filling up the DagBag from /home/airflow/.local/lib/python3.10/site-packages/airflow/example_dags/example_subdag_operator.py
[2026-06-10T11:37:31.028+0000] {processor.py:839} INFO - DAG(s) dict_keys(['example_subdag_operator.section-1', 'example_subdag_operator.section-2', 'example_subdag_operator']) retrieved from /home/airflow/.local/lib/python3.10/site-packages/airflow/example_dags/example_subdag_operator.py
[2026-06-10T11:37:31.081+0000] {logging_mixin.py:154} INFO - [2026-06-10T11:37:31.081+0000] {dag.py:2941} INFO - Sync 3 DAGs
[2026-06-10T11:37:31.165+0000] {logging_mixin.py:154} INFO - [2026-06-10T11:37:31.165+0000] {dag.py:3722} INFO - Setting next_dagrun for example_subdag_operator to 2022-01-01T00:00:00+00:00, run_after=2022-01-01T00:00:00+00:00
[2026-06-10T11:37:31.182+0000] {logging_mixin.py:154} INFO - [2026-06-10T11:37:31.182+0000] {dag.py:3722} INFO - Setting next_dagrun for example_subdag_operator.section-1 to None, run_after=None
[2026-06-10T11:37:31.183+0000] {logging_mixin.py:154} INFO - [2026-06-10T11:37:31.183+0000] {dag.py:3722} INFO - Setting next_dagrun for example_subdag_operator.section-2 to None, run_after=None
[2026-06-10T11:37:31.211+0000] {logging_mixin.py:154} INFO - [2026-06-10T11:37:31.210+0000] {dag.py:2941} INFO - Sync 2 DAGs
[2026-06-10T11:37:31.218+0000] {logging_mixin.py:154} INFO - [2026-06-10T11:37:31.218+0000] {dag.py:3722} INFO - Setting next_dagrun for example_subdag_operator.section-1 to None, run_after=None
[2026-06-10T11:37:31.219+0000] {logging_mixin.py:154} INFO - [2026-06-10T11:37:31.218+0000] {dag.py:3722} INFO - Setting next_dagrun for example_subdag_operator.section-2 to None, run_after=None
[2026-06-10T11:37:31.236+0000] {processor.py:179} INFO - Processing /home/airflow/.local/lib/python3.10/site-packages/airflow/example_dags/example_subdag_operator.py took 0.253 seconds
[2026-06-10T11:38:01.696+0000] {processor.py:157} INFO - Started process (PID=1520) to work on /home/airflow/.local/lib/python3.10/site-packages/airflow/example_dags/example_subdag_operator.py
[2026-06-10T11:38:01.706+0000] {processor.py:829} INFO - Processing file /home/airflow/.local/lib/python3.10/site-packages/airflow/example_dags/example_subdag_operator.py for tasks to queue
[2026-06-10T11:38:01.708+0000] {logging_mixin.py:154} INFO - [2026-06-10T11:38:01.708+0000] {dagbag.py:536} INFO - Filling up the DagBag from /home/airflow/.local/lib/python3.10/site-packages/airflow/example_dags/example_subdag_operator.py
[2026-06-10T11:38:01.849+0000] {processor.py:839} INFO - DAG(s) dict_keys(['example_subdag_operator.section-1', 'example_subdag_operator.section-2', 'example_subdag_operator']) retrieved from /home/airflow/.local/lib/python3.10/site-packages/airflow/example_dags/example_subdag_operator.py
[2026-06-10T11:38:01.947+0000] {logging_mixin.py:154} INFO - [2026-06-10T11:38:01.947+0000] {dag.py:2941} INFO - Sync 3 DAGs
[2026-06-10T11:38:02.026+0000] {logging_mixin.py:154} INFO - [2026-06-10T11:38:02.025+0000] {dag.py:3722} INFO - Setting next_dagrun for example_subdag_operator to 2022-01-01T00:00:00+00:00, run_after=2022-01-01T00:00:00+00:00
[2026-06-10T11:38:02.036+0000] {logging_mixin.py:154} INFO - [2026-06-10T11:38:02.036+0000] {dag.py:3722} INFO - Setting next_dagrun for example_subdag_operator.section-1 to None, run_after=None
[2026-06-10T11:38:02.042+0000] {logging_mixin.py:154} INFO - [2026-06-10T11:38:02.041+0000] {dag.py:3722} INFO - Setting next_dagrun for example_subdag_operator.section-2 to None, run_after=None
[2026-06-10T11:38:02.060+0000] {logging_mixin.py:154} INFO - [2026-06-10T11:38:02.060+0000] {dag.py:2941} INFO - Sync 2 DAGs
[2026-06-10T11:38:02.077+0000] {logging_mixin.py:154} INFO - [2026-06-10T11:38:02.077+0000] {dag.py:3722} INFO - Setting next_dagrun for example_subdag_operator.section-1 to None, run_after=None
[2026-06-10T11:38:02.078+0000] {logging_mixin.py:154} INFO - [2026-06-10T11:38:02.078+0000] {dag.py:3722} INFO - Setting next_dagrun for example_subdag_operator.section-2 to None, run_after=None
[2026-06-10T11:38:02.106+0000] {processor.py:179} INFO - Processing /home/airflow/.local/lib/python3.10/site-packages/airflow/example_dags/example_subdag_operator.py took 0.415 seconds
[2026-06-10T11:38:33.079+0000] {processor.py:157} INFO - Started process (PID=1571) to work on /home/airflow/.local/lib/python3.10/site-packages/airflow/example_dags/example_subdag_operator.py
[2026-06-10T11:38:33.080+0000] {processor.py:829} INFO - Processing file /home/airflow/.local/lib/python3.10/site-packages/airflow/example_dags/example_subdag_operator.py for tasks to queue
[2026-06-10T11:38:33.083+0000] {logging_mixin.py:154} INFO - [2026-06-10T11:38:33.082+0000] {dagbag.py:536} INFO - Filling up the DagBag from /home/airflow/.local/lib/python3.10/site-packages/airflow/example_dags/example_subdag_operator.py
[2026-06-10T11:38:33.118+0000] {processor.py:839} INFO - DAG(s) dict_keys(['example_subdag_operator.section-1', 'example_subdag_operator.section-2', 'example_subdag_operator']) retrieved from /home/airflow/.local/lib/python3.10/site-packages/airflow/example_dags/example_subdag_operator.py
[2026-06-10T11:38:33.141+0000] {logging_mixin.py:154} INFO - [2026-06-10T11:38:33.141+0000] {dag.py:2941} INFO - Sync 3 DAGs
[2026-06-10T11:38:33.194+0000] {logging_mixin.py:154} INFO - [2026-06-10T11:38:33.183+0000] {dag.py:3722} INFO - Setting next_dagrun for example_subdag_operator to 2022-01-01T00:00:00+00:00, run_after=2022-01-01T00:00:00+00:00
[2026-06-10T11:38:33.201+0000] {logging_mixin.py:154} INFO - [2026-06-10T11:38:33.200+0000] {dag.py:3722} INFO - Setting next_dagrun for example_subdag_operator.section-1 to None, run_after=None
[2026-06-10T11:38:33.202+0000] {logging_mixin.py:154} INFO - [2026-06-10T11:38:33.202+0000] {dag.py:3722} INFO - Setting next_dagrun for example_subdag_operator.section-2 to None, run_after=None
[2026-06-10T11:38:33.223+0000] {logging_mixin.py:154} INFO - [2026-06-10T11:38:33.223+0000] {dag.py:2941} INFO - Sync 2 DAGs
[2026-06-10T11:38:33.233+0000] {logging_mixin.py:154} INFO - [2026-06-10T11:38:33.232+0000] {dag.py:3722} INFO - Setting next_dagrun for example_subdag_operator.section-1 to None, run_after=None
[2026-06-10T11:38:33.233+0000] {logging_mixin.py:154} INFO - [2026-06-10T11:38:33.233+0000] {dag.py:3722} INFO - Setting next_dagrun for example_subdag_operator.section-2 to None, run_after=None
[2026-06-10T11:38:33.253+0000] {processor.py:179} INFO - Processing /home/airflow/.local/lib/python3.10/site-packages/airflow/example_dags/example_subdag_operator.py took 0.179 seconds
[2026-06-10T11:39:03.587+0000] {processor.py:157} INFO - Started process (PID=1622) to work on /home/airflow/.local/lib/python3.10/site-packages/airflow/example_dags/example_subdag_operator.py
[2026-06-10T11:39:03.589+0000] {processor.py:829} INFO - Processing file /home/airflow/.local/lib/python3.10/site-packages/airflow/example_dags/example_subdag_operator.py for tasks to queue
[2026-06-10T11:39:03.591+0000] {logging_mixin.py:154} INFO - [2026-06-10T11:39:03.591+0000] {dagbag.py:536} INFO - Filling up the DagBag from /home/airflow/.local/lib/python3.10/site-packages/airflow/example_dags/example_subdag_operator.py
[2026-06-10T11:39:03.628+0000] {processor.py:839} INFO - DAG(s) dict_keys(['example_subdag_operator.section-1', 'example_subdag_operator.section-2', 'example_subdag_operator']) retrieved from /home/airflow/.local/lib/python3.10/site-packages/airflow/example_dags/example_subdag_operator.py
[2026-06-10T11:39:03.651+0000] {logging_mixin.py:154} INFO - [2026-06-10T11:39:03.651+0000] {dag.py:2941} INFO - Sync 3 DAGs
[2026-06-10T11:39:03.683+0000] {logging_mixin.py:154} INFO - [2026-06-10T11:39:03.682+0000] {dag.py:3722} INFO - Setting next_dagrun for example_subdag_operator to 2022-01-01T00:00:00+00:00, run_after=2022-01-01T00:00:00+00:00
[2026-06-10T11:39:03.688+0000] {logging_mixin.py:154} INFO - [2026-06-10T11:39:03.687+0000] {dag.py:3722} INFO - Setting next_dagrun for example_subdag_operator.section-1 to None, run_after=None
[2026-06-10T11:39:03.689+0000] {logging_mixin.py:154} INFO - [2026-06-10T11:39:03.689+0000] {dag.py:3722} INFO - Setting next_dagrun for example_subdag_operator.section-2 to None, run_after=None
[2026-06-10T11:39:03.699+0000] {logging_mixin.py:154} INFO - [2026-06-10T11:39:03.698+0000] {dag.py:2941} INFO - Sync 2 DAGs
[2026-06-10T11:39:03.705+0000] {logging_mixin.py:154} INFO - [2026-06-10T11:39:03.705+0000] {dag.py:3722} INFO - Setting next_dagrun for example_subdag_operator.section-1 to None, run_after=None
[2026-06-10T11:39:03.706+0000] {logging_mixin.py:154} INFO - [2026-06-10T11:39:03.706+0000] {dag.py:3722} INFO - Setting next_dagrun for example_subdag_operator.section-2 to None, run_after=None
[2026-06-10T11:39:03.719+0000] {processor.py:179} INFO - Processing /home/airflow/.local/lib/python3.10/site-packages/airflow/example_dags/example_subdag_operator.py took 0.137 seconds
[2026-06-10T11:39:34.248+0000] {processor.py:157} INFO - Started process (PID=1673) to work on /home/airflow/.local/lib/python3.10/site-packages/airflow/example_dags/example_subdag_operator.py
[2026-06-10T11:39:34.250+0000] {processor.py:829} INFO - Processing file /home/airflow/.local/lib/python3.10/site-packages/airflow/example_dags/example_subdag_operator.py for tasks to queue
[2026-06-10T11:39:34.257+0000] {logging_mixin.py:154} INFO - [2026-06-10T11:39:34.257+0000] {dagbag.py:536} INFO - Filling up the DagBag from /home/airflow/.local/lib/python3.10/site-packages/airflow/example_dags/example_subdag_operator.py
[2026-06-10T11:39:34.292+0000] {processor.py:839} INFO - DAG(s) dict_keys(['example_subdag_operator.section-1', 'example_subdag_operator.section-2', 'example_subdag_operator']) retrieved from /home/airflow/.local/lib/python3.10/site-packages/airflow/example_dags/example_subdag_operator.py
[2026-06-10T11:39:34.316+0000] {logging_mixin.py:154} INFO - [2026-06-10T11:39:34.316+0000] {dag.py:2941} INFO - Sync 3 DAGs
[2026-06-10T11:39:34.348+0000] {logging_mixin.py:154} INFO - [2026-06-10T11:39:34.348+0000] {dag.py:3722} INFO - Setting next_dagrun for example_subdag_operator to 2022-01-01T00:00:00+00:00, run_after=2022-01-01T00:00:00+00:00
[2026-06-10T11:39:34.353+0000] {logging_mixin.py:154} INFO - [2026-06-10T11:39:34.353+0000] {dag.py:3722} INFO - Setting next_dagrun for example_subdag_operator.section-1 to None, run_after=None
[2026-06-10T11:39:34.355+0000] {logging_mixin.py:154} INFO - [2026-06-10T11:39:34.354+0000] {dag.py:3722} INFO - Setting next_dagrun for example_subdag_operator.section-2 to None, run_after=None
[2026-06-10T11:39:34.364+0000] {logging_mixin.py:154} INFO - [2026-06-10T11:39:34.364+0000] {dag.py:2941} INFO - Sync 2 DAGs
[2026-06-10T11:39:34.371+0000] {logging_mixin.py:154} INFO - [2026-06-10T11:39:34.371+0000] {dag.py:3722} INFO - Setting next_dagrun for example_subdag_operator.section-1 to None, run_after=None
[2026-06-10T11:39:34.372+0000] {logging_mixin.py:154} INFO - [2026-06-10T11:39:34.372+0000] {dag.py:3722} INFO - Setting next_dagrun for example_subdag_operator.section-2 to None, run_after=None
[2026-06-10T11:39:34.385+0000] {processor.py:179} INFO - Processing /home/airflow/.local/lib/python3.10/site-packages/airflow/example_dags/example_subdag_operator.py took 0.143 seconds
[2026-06-10T11:40:04.958+0000] {processor.py:157} INFO - Started process (PID=1724) to work on /home/airflow/.local/lib/python3.10/site-packages/airflow/example_dags/example_subdag_operator.py
[2026-06-10T11:40:04.962+0000] {processor.py:829} INFO - Processing file /home/airflow/.local/lib/python3.10/site-packages/airflow/example_dags/example_subdag_operator.py for tasks to queue
[2026-06-10T11:40:04.964+0000] {logging_mixin.py:154} INFO - [2026-06-10T11:40:04.964+0000] {dagbag.py:536} INFO - Filling up the DagBag from /home/airflow/.local/lib/python3.10/site-packages/airflow/example_dags/example_subdag_operator.py
[2026-06-10T11:40:05.014+0000] {processor.py:839} INFO - DAG(s) dict_keys(['example_subdag_operator.section-1', 'example_subdag_operator.section-2', 'example_subdag_operator']) retrieved from /home/airflow/.local/lib/python3.10/site-packages/airflow/example_dags/example_subdag_operator.py
[2026-06-10T11:40:05.037+0000] {logging_mixin.py:154} INFO - [2026-06-10T11:40:05.037+0000] {dag.py:2941} INFO - Sync 3 DAGs
[2026-06-10T11:40:05.068+0000] {logging_mixin.py:154} INFO - [2026-06-10T11:40:05.068+0000] {dag.py:3722} INFO - Setting next_dagrun for example_subdag_operator to 2022-01-01T00:00:00+00:00, run_after=2022-01-01T00:00:00+00:00
[2026-06-10T11:40:05.073+0000] {logging_mixin.py:154} INFO - [2026-06-10T11:40:05.072+0000] {dag.py:3722} INFO - Setting next_dagrun for example_subdag_operator.section-1 to None, run_after=None
[2026-06-10T11:40:05.074+0000] {logging_mixin.py:154} INFO - [2026-06-10T11:40:05.074+0000] {dag.py:3722} INFO - Setting next_dagrun for example_subdag_operator.section-2 to None, run_after=None
[2026-06-10T11:40:05.095+0000] {logging_mixin.py:154} INFO - [2026-06-10T11:40:05.094+0000] {dag.py:2941} INFO - Sync 2 DAGs
[2026-06-10T11:40:05.102+0000] {logging_mixin.py:154} INFO - [2026-06-10T11:40:05.101+0000] {dag.py:3722} INFO - Setting next_dagrun for example_subdag_operator.section-1 to None, run_after=None
[2026-06-10T11:40:05.102+0000] {logging_mixin.py:154} INFO - [2026-06-10T11:40:05.102+0000] {dag.py:3722} INFO - Setting next_dagrun for example_subdag_operator.section-2 to None, run_after=None
[2026-06-10T11:40:05.131+0000] {processor.py:179} INFO - Processing /home/airflow/.local/lib/python3.10/site-packages/airflow/example_dags/example_subdag_operator.py took 0.186 seconds
[2026-06-10T11:40:35.218+0000] {processor.py:157} INFO - Started process (PID=1775) to work on /home/airflow/.local/lib/python3.10/site-packages/airflow/example_dags/example_subdag_operator.py
[2026-06-10T11:40:35.219+0000] {processor.py:829} INFO - Processing file /home/airflow/.local/lib/python3.10/site-packages/airflow/example_dags/example_subdag_operator.py for tasks to queue
[2026-06-10T11:40:35.221+0000] {logging_mixin.py:154} INFO - [2026-06-10T11:40:35.221+0000] {dagbag.py:536} INFO - Filling up the DagBag from /home/airflow/.local/lib/python3.10/site-packages/airflow/example_dags/example_subdag_operator.py
[2026-06-10T11:40:35.252+0000] {processor.py:839} INFO - DAG(s) dict_keys(['example_subdag_operator.section-1', 'example_subdag_operator.section-2', 'example_subdag_operator']) retrieved from /home/airflow/.local/lib/python3.10/site-packages/airflow/example_dags/example_subdag_operator.py
[2026-06-10T11:40:35.269+0000] {logging_mixin.py:154} INFO - [2026-06-10T11:40:35.269+0000] {dag.py:2941} INFO - Sync 3 DAGs
[2026-06-10T11:40:35.292+0000] {logging_mixin.py:154} INFO - [2026-06-10T11:40:35.292+0000] {dag.py:3722} INFO - Setting next_dagrun for example_subdag_operator to 2022-01-01T00:00:00+00:00, run_after=2022-01-01T00:00:00+00:00
[2026-06-10T11:40:35.296+0000] {logging_mixin.py:154} INFO - [2026-06-10T11:40:35.296+0000] {dag.py:3722} INFO - Setting next_dagrun for example_subdag_operator.section-1 to None, run_after=None
[2026-06-10T11:40:35.297+0000] {logging_mixin.py:154} INFO - [2026-06-10T11:40:35.297+0000] {dag.py:3722} INFO - Setting next_dagrun for example_subdag_operator.section-2 to None, run_after=None
[2026-06-10T11:40:35.306+0000] {logging_mixin.py:154} INFO - [2026-06-10T11:40:35.305+0000] {dag.py:2941} INFO - Sync 2 DAGs
[2026-06-10T11:40:35.311+0000] {logging_mixin.py:154} INFO - [2026-06-10T11:40:35.311+0000] {dag.py:3722} INFO - Setting next_dagrun for example_subdag_operator.section-1 to None, run_after=None
[2026-06-10T11:40:35.311+0000] {logging_mixin.py:154} INFO - [2026-06-10T11:40:35.311+0000] {dag.py:3722} INFO - Setting next_dagrun for example_subdag_operator.section-2 to None, run_after=None
[2026-06-10T11:40:35.327+0000] {processor.py:179} INFO - Processing /home/airflow/.local/lib/python3.10/site-packages/airflow/example_dags/example_subdag_operator.py took 0.113 seconds
[2026-06-10T11:41:05.962+0000] {processor.py:157} INFO - Started process (PID=1826) to work on /home/airflow/.local/lib/python3.10/site-packages/airflow/example_dags/example_subdag_operator.py
[2026-06-10T11:41:05.974+0000] {processor.py:829} INFO - Processing file /home/airflow/.local/lib/python3.10/site-packages/airflow/example_dags/example_subdag_operator.py for tasks to queue
[2026-06-10T11:41:05.996+0000] {logging_mixin.py:154} INFO - [2026-06-10T11:41:05.996+0000] {dagbag.py:536} INFO - Filling up the DagBag from /home/airflow/.local/lib/python3.10/site-packages/airflow/example_dags/example_subdag_operator.py
[2026-06-10T11:41:06.145+0000] {processor.py:839} INFO - DAG(s) dict_keys(['example_subdag_operator.section-1', 'example_subdag_operator.section-2', 'example_subdag_operator']) retrieved from /home/airflow/.local/lib/python3.10/site-packages/airflow/example_dags/example_subdag_operator.py
[2026-06-10T11:41:06.192+0000] {logging_mixin.py:154} INFO - [2026-06-10T11:41:06.191+0000] {dag.py:2941} INFO - Sync 3 DAGs
[2026-06-10T11:41:06.279+0000] {logging_mixin.py:154} INFO - [2026-06-10T11:41:06.279+0000] {dag.py:3722} INFO - Setting next_dagrun for example_subdag_operator to 2022-01-01T00:00:00+00:00, run_after=2022-01-01T00:00:00+00:00
[2026-06-10T11:41:06.298+0000] {logging_mixin.py:154} INFO - [2026-06-10T11:41:06.298+0000] {dag.py:3722} INFO - Setting next_dagrun for example_subdag_operator.section-1 to None, run_after=None
[2026-06-10T11:41:06.300+0000] {logging_mixin.py:154} INFO - [2026-06-10T11:41:06.300+0000] {dag.py:3722} INFO - Setting next_dagrun for example_subdag_operator.section-2 to None, run_after=None
[2026-06-10T11:41:06.327+0000] {logging_mixin.py:154} INFO - [2026-06-10T11:41:06.327+0000] {dag.py:2941} INFO - Sync 2 DAGs
[2026-06-10T11:41:06.362+0000] {logging_mixin.py:154} INFO - [2026-06-10T11:41:06.362+0000] {dag.py:3722} INFO - Setting next_dagrun for example_subdag_operator.section-1 to None, run_after=None
[2026-06-10T11:41:06.363+0000] {logging_mixin.py:154} INFO - [2026-06-10T11:41:06.363+0000] {dag.py:3722} INFO - Setting next_dagrun for example_subdag_operator.section-2 to None, run_after=None
[2026-06-10T11:41:06.417+0000] {processor.py:179} INFO - Processing /home/airflow/.local/lib/python3.10/site-packages/airflow/example_dags/example_subdag_operator.py took 0.464 seconds
[2026-06-10T11:41:36.565+0000] {processor.py:157} INFO - Started process (PID=1877) to work on /home/airflow/.local/lib/python3.10/site-packages/airflow/example_dags/example_subdag_operator.py
[2026-06-10T11:41:36.566+0000] {processor.py:829} INFO - Processing file /home/airflow/.local/lib/python3.10/site-packages/airflow/example_dags/example_subdag_operator.py for tasks to queue
[2026-06-10T11:41:36.575+0000] {logging_mixin.py:154} INFO - [2026-06-10T11:41:36.574+0000] {dagbag.py:536} INFO - Filling up the DagBag from /home/airflow/.local/lib/python3.10/site-packages/airflow/example_dags/example_subdag_operator.py
[2026-06-10T11:41:36.619+0000] {processor.py:839} INFO - DAG(s) dict_keys(['example_subdag_operator.section-1', 'example_subdag_operator.section-2', 'example_subdag_operator']) retrieved from /home/airflow/.local/lib/python3.10/site-packages/airflow/example_dags/example_subdag_operator.py
[2026-06-10T11:41:36.645+0000] {logging_mixin.py:154} INFO - [2026-06-10T11:41:36.645+0000] {dag.py:2941} INFO - Sync 3 DAGs
[2026-06-10T11:41:36.694+0000] {logging_mixin.py:154} INFO - [2026-06-10T11:41:36.694+0000] {dag.py:3722} INFO - Setting next_dagrun for example_subdag_operator to 2022-01-01T00:00:00+00:00, run_after=2022-01-01T00:00:00+00:00
[2026-06-10T11:41:36.701+0000] {logging_mixin.py:154} INFO - [2026-06-10T11:41:36.701+0000] {dag.py:3722} INFO - Setting next_dagrun for example_subdag_operator.section-1 to None, run_after=None
[2026-06-10T11:41:36.705+0000] {logging_mixin.py:154} INFO - [2026-06-10T11:41:36.705+0000] {dag.py:3722} INFO - Setting next_dagrun for example_subdag_operator.section-2 to None, run_after=None
[2026-06-10T11:41:36.715+0000] {logging_mixin.py:154} INFO - [2026-06-10T11:41:36.715+0000] {dag.py:2941} INFO - Sync 2 DAGs
[2026-06-10T11:41:36.722+0000] {logging_mixin.py:154} INFO - [2026-06-10T11:41:36.722+0000] {dag.py:3722} INFO - Setting next_dagrun for example_subdag_operator.section-1 to None, run_after=None
[2026-06-10T11:41:36.723+0000] {logging_mixin.py:154} INFO - [2026-06-10T11:41:36.722+0000] {dag.py:3722} INFO - Setting next_dagrun for example_subdag_operator.section-2 to None, run_after=None
[2026-06-10T11:41:36.739+0000] {processor.py:179} INFO - Processing /home/airflow/.local/lib/python3.10/site-packages/airflow/example_dags/example_subdag_operator.py took 0.180 seconds
[2026-06-10T11:42:06.841+0000] {processor.py:157} INFO - Started process (PID=1928) to work on /home/airflow/.local/lib/python3.10/site-packages/airflow/example_dags/example_subdag_operator.py
[2026-06-10T11:42:06.845+0000] {processor.py:829} INFO - Processing file /home/airflow/.local/lib/python3.10/site-packages/airflow/example_dags/example_subdag_operator.py for tasks to queue
[2026-06-10T11:42:06.849+0000] {logging_mixin.py:154} INFO - [2026-06-10T11:42:06.849+0000] {dagbag.py:536} INFO - Filling up the DagBag from /home/airflow/.local/lib/python3.10/site-packages/airflow/example_dags/example_subdag_operator.py
[2026-06-10T11:42:06.878+0000] {processor.py:839} INFO - DAG(s) dict_keys(['example_subdag_operator.section-1', 'example_subdag_operator.section-2', 'example_subdag_operator']) retrieved from /home/airflow/.local/lib/python3.10/site-packages/airflow/example_dags/example_subdag_operator.py
[2026-06-10T11:42:06.896+0000] {logging_mixin.py:154} INFO - [2026-06-10T11:42:06.896+0000] {dag.py:2941} INFO - Sync 3 DAGs
[2026-06-10T11:42:06.919+0000] {logging_mixin.py:154} INFO - [2026-06-10T11:42:06.918+0000] {dag.py:3722} INFO - Setting next_dagrun for example_subdag_operator to 2022-01-01T00:00:00+00:00, run_after=2022-01-01T00:00:00+00:00
[2026-06-10T11:42:06.922+0000] {logging_mixin.py:154} INFO - [2026-06-10T11:42:06.922+0000] {dag.py:3722} INFO - Setting next_dagrun for example_subdag_operator.section-1 to None, run_after=None
[2026-06-10T11:42:06.923+0000] {logging_mixin.py:154} INFO - [2026-06-10T11:42:06.923+0000] {dag.py:3722} INFO - Setting next_dagrun for example_subdag_operator.section-2 to None, run_after=None
[2026-06-10T11:42:06.931+0000] {logging_mixin.py:154} INFO - [2026-06-10T11:42:06.930+0000] {dag.py:2941} INFO - Sync 2 DAGs
[2026-06-10T11:42:06.936+0000] {logging_mixin.py:154} INFO - [2026-06-10T11:42:06.935+0000] {dag.py:3722} INFO - Setting next_dagrun for example_subdag_operator.section-1 to None, run_after=None
[2026-06-10T11:42:06.936+0000] {logging_mixin.py:154} INFO - [2026-06-10T11:42:06.936+0000] {dag.py:3722} INFO - Setting next_dagrun for example_subdag_operator.section-2 to None, run_after=None
[2026-06-10T11:42:06.954+0000] {processor.py:179} INFO - Processing /home/airflow/.local/lib/python3.10/site-packages/airflow/example_dags/example_subdag_operator.py took 0.117 seconds
[2026-06-10T11:42:37.201+0000] {processor.py:157} INFO - Started process (PID=1978) to work on /home/airflow/.local/lib/python3.10/site-packages/airflow/example_dags/example_subdag_operator.py
[2026-06-10T11:42:37.211+0000] {processor.py:829} INFO - Processing file /home/airflow/.local/lib/python3.10/site-packages/airflow/example_dags/example_subdag_operator.py for tasks to queue
[2026-06-10T11:42:37.216+0000] {logging_mixin.py:154} INFO - [2026-06-10T11:42:37.216+0000] {dagbag.py:536} INFO - Filling up the DagBag from /home/airflow/.local/lib/python3.10/site-packages/airflow/example_dags/example_subdag_operator.py
[2026-06-10T11:42:37.316+0000] {processor.py:839} INFO - DAG(s) dict_keys(['example_subdag_operator.section-1', 'example_subdag_operator.section-2', 'example_subdag_operator']) retrieved from /home/airflow/.local/lib/python3.10/site-packages/airflow/example_dags/example_subdag_operator.py
[2026-06-10T11:42:37.399+0000] {logging_mixin.py:154} INFO - [2026-06-10T11:42:37.399+0000] {dag.py:2941} INFO - Sync 3 DAGs
[2026-06-10T11:42:37.470+0000] {logging_mixin.py:154} INFO - [2026-06-10T11:42:37.470+0000] {dag.py:3722} INFO - Setting next_dagrun for example_subdag_operator to 2022-01-01T00:00:00+00:00, run_after=2022-01-01T00:00:00+00:00
[2026-06-10T11:42:37.477+0000] {logging_mixin.py:154} INFO - [2026-06-10T11:42:37.477+0000] {dag.py:3722} INFO - Setting next_dagrun for example_subdag_operator.section-1 to None, run_after=None
[2026-06-10T11:42:37.488+0000] {logging_mixin.py:154} INFO - [2026-06-10T11:42:37.487+0000] {dag.py:3722} INFO - Setting next_dagrun for example_subdag_operator.section-2 to None, run_after=None
[2026-06-10T11:42:37.502+0000] {logging_mixin.py:154} INFO - [2026-06-10T11:42:37.502+0000] {dag.py:2941} INFO - Sync 2 DAGs
[2026-06-10T11:42:37.517+0000] {logging_mixin.py:154} INFO - [2026-06-10T11:42:37.517+0000] {dag.py:3722} INFO - Setting next_dagrun for example_subdag_operator.section-1 to None, run_after=None
[2026-06-10T11:42:37.518+0000] {logging_mixin.py:154} INFO - [2026-06-10T11:42:37.518+0000] {dag.py:3722} INFO - Setting next_dagrun for example_subdag_operator.section-2 to None, run_after=None
[2026-06-10T11:42:37.546+0000] {processor.py:179} INFO - Processing /home/airflow/.local/lib/python3.10/site-packages/airflow/example_dags/example_subdag_operator.py took 0.358 seconds
[2026-06-10T11:43:07.663+0000] {processor.py:157} INFO - Started process (PID=2028) to work on /home/airflow/.local/lib/python3.10/site-packages/airflow/example_dags/example_subdag_operator.py
[2026-06-10T11:43:07.664+0000] {processor.py:829} INFO - Processing file /home/airflow/.local/lib/python3.10/site-packages/airflow/example_dags/example_subdag_operator.py for tasks to queue
[2026-06-10T11:43:07.666+0000] {logging_mixin.py:154} INFO - [2026-06-10T11:43:07.666+0000] {dagbag.py:536} INFO - Filling up the DagBag from /home/airflow/.local/lib/python3.10/site-packages/airflow/example_dags/example_subdag_operator.py
[2026-06-10T11:43:07.693+0000] {processor.py:839} INFO - DAG(s) dict_keys(['example_subdag_operator.section-1', 'example_subdag_operator.section-2', 'example_subdag_operator']) retrieved from /home/airflow/.local/lib/python3.10/site-packages/airflow/example_dags/example_subdag_operator.py
[2026-06-10T11:43:07.709+0000] {logging_mixin.py:154} INFO - [2026-06-10T11:43:07.709+0000] {dag.py:2941} INFO - Sync 3 DAGs
[2026-06-10T11:43:07.733+0000] {logging_mixin.py:154} INFO - [2026-06-10T11:43:07.733+0000] {dag.py:3722} INFO - Setting next_dagrun for example_subdag_operator to 2022-01-01T00:00:00+00:00, run_after=2022-01-01T00:00:00+00:00
[2026-06-10T11:43:07.736+0000] {logging_mixin.py:154} INFO - [2026-06-10T11:43:07.736+0000] {dag.py:3722} INFO - Setting next_dagrun for example_subdag_operator.section-1 to None, run_after=None
[2026-06-10T11:43:07.737+0000] {logging_mixin.py:154} INFO - [2026-06-10T11:43:07.737+0000] {dag.py:3722} INFO - Setting next_dagrun for example_subdag_operator.section-2 to None, run_after=None
[2026-06-10T11:43:07.744+0000] {logging_mixin.py:154} INFO - [2026-06-10T11:43:07.744+0000] {dag.py:2941} INFO - Sync 2 DAGs
[2026-06-10T11:43:07.749+0000] {logging_mixin.py:154} INFO - [2026-06-10T11:43:07.749+0000] {dag.py:3722} INFO - Setting next_dagrun for example_subdag_operator.section-1 to None, run_after=None
[2026-06-10T11:43:07.750+0000] {logging_mixin.py:154} INFO - [2026-06-10T11:43:07.750+0000] {dag.py:3722} INFO - Setting next_dagrun for example_subdag_operator.section-2 to None, run_after=None
[2026-06-10T11:43:07.761+0000] {processor.py:179} INFO - Processing /home/airflow/.local/lib/python3.10/site-packages/airflow/example_dags/example_subdag_operator.py took 0.105 seconds
[2026-06-10T11:43:38.731+0000] {processor.py:157} INFO - Started process (PID=2079) to work on /home/airflow/.local/lib/python3.10/site-packages/airflow/example_dags/example_subdag_operator.py
[2026-06-10T11:43:38.732+0000] {processor.py:829} INFO - Processing file /home/airflow/.local/lib/python3.10/site-packages/airflow/example_dags/example_subdag_operator.py for tasks to queue
[2026-06-10T11:43:38.734+0000] {logging_mixin.py:154} INFO - [2026-06-10T11:43:38.734+0000] {dagbag.py:536} INFO - Filling up the DagBag from /home/airflow/.local/lib/python3.10/site-packages/airflow/example_dags/example_subdag_operator.py
[2026-06-10T11:43:38.761+0000] {processor.py:839} INFO - DAG(s) dict_keys(['example_subdag_operator.section-1', 'example_subdag_operator.section-2', 'example_subdag_operator']) retrieved from /home/airflow/.local/lib/python3.10/site-packages/airflow/example_dags/example_subdag_operator.py
[2026-06-10T11:43:38.779+0000] {logging_mixin.py:154} INFO - [2026-06-10T11:43:38.779+0000] {dag.py:2941} INFO - Sync 3 DAGs
[2026-06-10T11:43:38.802+0000] {logging_mixin.py:154} INFO - [2026-06-10T11:43:38.802+0000] {dag.py:3722} INFO - Setting next_dagrun for example_subdag_operator to 2022-01-01T00:00:00+00:00, run_after=2022-01-01T00:00:00+00:00
[2026-06-10T11:43:38.806+0000] {logging_mixin.py:154} INFO - [2026-06-10T11:43:38.806+0000] {dag.py:3722} INFO - Setting next_dagrun for example_subdag_operator.section-1 to None, run_after=None
[2026-06-10T11:43:38.807+0000] {logging_mixin.py:154} INFO - [2026-06-10T11:43:38.807+0000] {dag.py:3722} INFO - Setting next_dagrun for example_subdag_operator.section-2 to None, run_after=None
[2026-06-10T11:43:38.814+0000] {logging_mixin.py:154} INFO - [2026-06-10T11:43:38.814+0000] {dag.py:2941} INFO - Sync 2 DAGs
[2026-06-10T11:43:38.819+0000] {logging_mixin.py:154} INFO - [2026-06-10T11:43:38.819+0000] {dag.py:3722} INFO - Setting next_dagrun for example_subdag_operator.section-1 to None, run_after=None
[2026-06-10T11:43:38.819+0000] {logging_mixin.py:154} INFO - [2026-06-10T11:43:38.819+0000] {dag.py:3722} INFO - Setting next_dagrun for example_subdag_operator.section-2 to None, run_after=None
[2026-06-10T11:43:38.831+0000] {processor.py:179} INFO - Processing /home/airflow/.local/lib/python3.10/site-packages/airflow/example_dags/example_subdag_operator.py took 0.106 seconds
[2026-06-10T11:44:09.380+0000] {processor.py:157} INFO - Started process (PID=2130) to work on /home/airflow/.local/lib/python3.10/site-packages/airflow/example_dags/example_subdag_operator.py
[2026-06-10T11:44:09.391+0000] {processor.py:829} INFO - Processing file /home/airflow/.local/lib/python3.10/site-packages/airflow/example_dags/example_subdag_operator.py for tasks to queue
[2026-06-10T11:44:09.396+0000] {logging_mixin.py:154} INFO - [2026-06-10T11:44:09.395+0000] {dagbag.py:536} INFO - Filling up the DagBag from /home/airflow/.local/lib/python3.10/site-packages/airflow/example_dags/example_subdag_operator.py
[2026-06-10T11:44:09.429+0000] {processor.py:839} INFO - DAG(s) dict_keys(['example_subdag_operator.section-1', 'example_subdag_operator.section-2', 'example_subdag_operator']) retrieved from /home/airflow/.local/lib/python3.10/site-packages/airflow/example_dags/example_subdag_operator.py
[2026-06-10T11:44:09.451+0000] {logging_mixin.py:154} INFO - [2026-06-10T11:44:09.451+0000] {dag.py:2941} INFO - Sync 3 DAGs
[2026-06-10T11:44:09.484+0000] {logging_mixin.py:154} INFO - [2026-06-10T11:44:09.484+0000] {dag.py:3722} INFO - Setting next_dagrun for example_subdag_operator to 2022-01-01T00:00:00+00:00, run_after=2022-01-01T00:00:00+00:00
[2026-06-10T11:44:09.489+0000] {logging_mixin.py:154} INFO - [2026-06-10T11:44:09.489+0000] {dag.py:3722} INFO - Setting next_dagrun for example_subdag_operator.section-1 to None, run_after=None
[2026-06-10T11:44:09.491+0000] {logging_mixin.py:154} INFO - [2026-06-10T11:44:09.490+0000] {dag.py:3722} INFO - Setting next_dagrun for example_subdag_operator.section-2 to None, run_after=None
[2026-06-10T11:44:09.499+0000] {logging_mixin.py:154} INFO - [2026-06-10T11:44:09.499+0000] {dag.py:2941} INFO - Sync 2 DAGs
[2026-06-10T11:44:09.506+0000] {logging_mixin.py:154} INFO - [2026-06-10T11:44:09.505+0000] {dag.py:3722} INFO - Setting next_dagrun for example_subdag_operator.section-1 to None, run_after=None
[2026-06-10T11:44:09.506+0000] {logging_mixin.py:154} INFO - [2026-06-10T11:44:09.506+0000] {dag.py:3722} INFO - Setting next_dagrun for example_subdag_operator.section-2 to None, run_after=None
[2026-06-10T11:44:09.521+0000] {processor.py:179} INFO - Processing /home/airflow/.local/lib/python3.10/site-packages/airflow/example_dags/example_subdag_operator.py took 0.155 seconds
[2026-06-10T11:44:39.880+0000] {processor.py:157} INFO - Started process (PID=2181) to work on /home/airflow/.local/lib/python3.10/site-packages/airflow/example_dags/example_subdag_operator.py
[2026-06-10T11:44:39.882+0000] {processor.py:829} INFO - Processing file /home/airflow/.local/lib/python3.10/site-packages/airflow/example_dags/example_subdag_operator.py for tasks to queue
[2026-06-10T11:44:39.884+0000] {logging_mixin.py:154} INFO - [2026-06-10T11:44:39.883+0000] {dagbag.py:536} INFO - Filling up the DagBag from /home/airflow/.local/lib/python3.10/site-packages/airflow/example_dags/example_subdag_operator.py
[2026-06-10T11:44:39.912+0000] {processor.py:839} INFO - DAG(s) dict_keys(['example_subdag_operator.section-1', 'example_subdag_operator.section-2', 'example_subdag_operator']) retrieved from /home/airflow/.local/lib/python3.10/site-packages/airflow/example_dags/example_subdag_operator.py
[2026-06-10T11:44:39.931+0000] {logging_mixin.py:154} INFO - [2026-06-10T11:44:39.931+0000] {dag.py:2941} INFO - Sync 3 DAGs
[2026-06-10T11:44:39.956+0000] {logging_mixin.py:154} INFO - [2026-06-10T11:44:39.956+0000] {dag.py:3722} INFO - Setting next_dagrun for example_subdag_operator to 2022-01-01T00:00:00+00:00, run_after=2022-01-01T00:00:00+00:00
[2026-06-10T11:44:39.960+0000] {logging_mixin.py:154} INFO - [2026-06-10T11:44:39.960+0000] {dag.py:3722} INFO - Setting next_dagrun for example_subdag_operator.section-1 to None, run_after=None
[2026-06-10T11:44:39.961+0000] {logging_mixin.py:154} INFO - [2026-06-10T11:44:39.961+0000] {dag.py:3722} INFO - Setting next_dagrun for example_subdag_operator.section-2 to None, run_after=None
[2026-06-10T11:44:39.969+0000] {logging_mixin.py:154} INFO - [2026-06-10T11:44:39.969+0000] {dag.py:2941} INFO - Sync 2 DAGs
[2026-06-10T11:44:39.974+0000] {logging_mixin.py:154} INFO - [2026-06-10T11:44:39.974+0000] {dag.py:3722} INFO - Setting next_dagrun for example_subdag_operator.section-1 to None, run_after=None
[2026-06-10T11:44:39.975+0000] {logging_mixin.py:154} INFO - [2026-06-10T11:44:39.975+0000] {dag.py:3722} INFO - Setting next_dagrun for example_subdag_operator.section-2 to None, run_after=None
[2026-06-10T11:44:39.986+0000] {processor.py:179} INFO - Processing /home/airflow/.local/lib/python3.10/site-packages/airflow/example_dags/example_subdag_operator.py took 0.111 seconds
[2026-06-10T11:45:10.691+0000] {processor.py:157} INFO - Started process (PID=2232) to work on /home/airflow/.local/lib/python3.10/site-packages/airflow/example_dags/example_subdag_operator.py
[2026-06-10T11:45:10.692+0000] {processor.py:829} INFO - Processing file /home/airflow/.local/lib/python3.10/site-packages/airflow/example_dags/example_subdag_operator.py for tasks to queue
[2026-06-10T11:45:10.695+0000] {logging_mixin.py:154} INFO - [2026-06-10T11:45:10.695+0000] {dagbag.py:536} INFO - Filling up the DagBag from /home/airflow/.local/lib/python3.10/site-packages/airflow/example_dags/example_subdag_operator.py
[2026-06-10T11:45:10.721+0000] {processor.py:839} INFO - DAG(s) dict_keys(['example_subdag_operator.section-1', 'example_subdag_operator.section-2', 'example_subdag_operator']) retrieved from /home/airflow/.local/lib/python3.10/site-packages/airflow/example_dags/example_subdag_operator.py
[2026-06-10T11:45:10.739+0000] {logging_mixin.py:154} INFO - [2026-06-10T11:45:10.738+0000] {dag.py:2941} INFO - Sync 3 DAGs
[2026-06-10T11:45:10.762+0000] {logging_mixin.py:154} INFO - [2026-06-10T11:45:10.762+0000] {dag.py:3722} INFO - Setting next_dagrun for example_subdag_operator to 2022-01-01T00:00:00+00:00, run_after=2022-01-01T00:00:00+00:00
[2026-06-10T11:45:10.766+0000] {logging_mixin.py:154} INFO - [2026-06-10T11:45:10.766+0000] {dag.py:3722} INFO - Setting next_dagrun for example_subdag_operator.section-1 to None, run_after=None
[2026-06-10T11:45:10.767+0000] {logging_mixin.py:154} INFO - [2026-06-10T11:45:10.767+0000] {dag.py:3722} INFO - Setting next_dagrun for example_subdag_operator.section-2 to None, run_after=None
[2026-06-10T11:45:10.774+0000] {logging_mixin.py:154} INFO - [2026-06-10T11:45:10.774+0000] {dag.py:2941} INFO - Sync 2 DAGs
[2026-06-10T11:45:10.780+0000] {logging_mixin.py:154} INFO - [2026-06-10T11:45:10.780+0000] {dag.py:3722} INFO - Setting next_dagrun for example_subdag_operator.section-1 to None, run_after=None
[2026-06-10T11:45:10.780+0000] {logging_mixin.py:154} INFO - [2026-06-10T11:45:10.780+0000] {dag.py:3722} INFO - Setting next_dagrun for example_subdag_operator.section-2 to None, run_after=None
[2026-06-10T11:45:10.791+0000] {processor.py:179} INFO - Processing /home/airflow/.local/lib/python3.10/site-packages/airflow/example_dags/example_subdag_operator.py took 0.104 seconds
[2026-06-10T11:45:41.592+0000] {processor.py:157} INFO - Started process (PID=2283) to work on /home/airflow/.local/lib/python3.10/site-packages/airflow/example_dags/example_subdag_operator.py
[2026-06-10T11:45:41.602+0000] {processor.py:829} INFO - Processing file /home/airflow/.local/lib/python3.10/site-packages/airflow/example_dags/example_subdag_operator.py for tasks to queue
[2026-06-10T11:45:41.606+0000] {logging_mixin.py:154} INFO - [2026-06-10T11:45:41.605+0000] {dagbag.py:536} INFO - Filling up the DagBag from /home/airflow/.local/lib/python3.10/site-packages/airflow/example_dags/example_subdag_operator.py
[2026-06-10T11:45:41.650+0000] {processor.py:839} INFO - DAG(s) dict_keys(['example_subdag_operator.section-1', 'example_subdag_operator.section-2', 'example_subdag_operator']) retrieved from /home/airflow/.local/lib/python3.10/site-packages/airflow/example_dags/example_subdag_operator.py
[2026-06-10T11:45:41.672+0000] {logging_mixin.py:154} INFO - [2026-06-10T11:45:41.672+0000] {dag.py:2941} INFO - Sync 3 DAGs
[2026-06-10T11:45:41.705+0000] {logging_mixin.py:154} INFO - [2026-06-10T11:45:41.705+0000] {dag.py:3722} INFO - Setting next_dagrun for example_subdag_operator to 2022-01-01T00:00:00+00:00, run_after=2022-01-01T00:00:00+00:00
[2026-06-10T11:45:41.710+0000] {logging_mixin.py:154} INFO - [2026-06-10T11:45:41.710+0000] {dag.py:3722} INFO - Setting next_dagrun for example_subdag_operator.section-1 to None, run_after=None
[2026-06-10T11:45:41.712+0000] {logging_mixin.py:154} INFO - [2026-06-10T11:45:41.712+0000] {dag.py:3722} INFO - Setting next_dagrun for example_subdag_operator.section-2 to None, run_after=None
[2026-06-10T11:45:41.721+0000] {logging_mixin.py:154} INFO - [2026-06-10T11:45:41.720+0000] {dag.py:2941} INFO - Sync 2 DAGs
[2026-06-10T11:45:41.728+0000] {logging_mixin.py:154} INFO - [2026-06-10T11:45:41.728+0000] {dag.py:3722} INFO - Setting next_dagrun for example_subdag_operator.section-1 to None, run_after=None
[2026-06-10T11:45:41.728+0000] {logging_mixin.py:154} INFO - [2026-06-10T11:45:41.728+0000] {dag.py:3722} INFO - Setting next_dagrun for example_subdag_operator.section-2 to None, run_after=None
[2026-06-10T11:45:41.757+0000] {processor.py:179} INFO - Processing /home/airflow/.local/lib/python3.10/site-packages/airflow/example_dags/example_subdag_operator.py took 0.176 seconds
[2026-06-10T11:46:11.914+0000] {processor.py:157} INFO - Started process (PID=2334) to work on /home/airflow/.local/lib/python3.10/site-packages/airflow/example_dags/example_subdag_operator.py
[2026-06-10T11:46:11.915+0000] {processor.py:829} INFO - Processing file /home/airflow/.local/lib/python3.10/site-packages/airflow/example_dags/example_subdag_operator.py for tasks to queue
[2026-06-10T11:46:11.918+0000] {logging_mixin.py:154} INFO - [2026-06-10T11:46:11.918+0000] {dagbag.py:536} INFO - Filling up the DagBag from /home/airflow/.local/lib/python3.10/site-packages/airflow/example_dags/example_subdag_operator.py
[2026-06-10T11:46:11.974+0000] {processor.py:839} INFO - DAG(s) dict_keys(['example_subdag_operator.section-1', 'example_subdag_operator.section-2', 'example_subdag_operator']) retrieved from /home/airflow/.local/lib/python3.10/site-packages/airflow/example_dags/example_subdag_operator.py
[2026-06-10T11:46:11.996+0000] {logging_mixin.py:154} INFO - [2026-06-10T11:46:11.996+0000] {dag.py:2941} INFO - Sync 3 DAGs
[2026-06-10T11:46:12.026+0000] {logging_mixin.py:154} INFO - [2026-06-10T11:46:12.025+0000] {dag.py:3722} INFO - Setting next_dagrun for example_subdag_operator to 2022-01-01T00:00:00+00:00, run_after=2022-01-01T00:00:00+00:00
[2026-06-10T11:46:12.042+0000] {logging_mixin.py:154} INFO - [2026-06-10T11:46:12.042+0000] {dag.py:3722} INFO - Setting next_dagrun for example_subdag_operator.section-1 to None, run_after=None
[2026-06-10T11:46:12.044+0000] {logging_mixin.py:154} INFO - [2026-06-10T11:46:12.044+0000] {dag.py:3722} INFO - Setting next_dagrun for example_subdag_operator.section-2 to None, run_after=None
[2026-06-10T11:46:12.062+0000] {logging_mixin.py:154} INFO - [2026-06-10T11:46:12.062+0000] {dag.py:2941} INFO - Sync 2 DAGs
[2026-06-10T11:46:12.077+0000] {logging_mixin.py:154} INFO - [2026-06-10T11:46:12.077+0000] {dag.py:3722} INFO - Setting next_dagrun for example_subdag_operator.section-1 to None, run_after=None
[2026-06-10T11:46:12.078+0000] {logging_mixin.py:154} INFO - [2026-06-10T11:46:12.078+0000] {dag.py:3722} INFO - Setting next_dagrun for example_subdag_operator.section-2 to None, run_after=None
[2026-06-10T11:46:12.098+0000] {processor.py:179} INFO - Processing /home/airflow/.local/lib/python3.10/site-packages/airflow/example_dags/example_subdag_operator.py took 0.196 seconds
[2026-06-10T11:46:42.255+0000] {processor.py:157} INFO - Started process (PID=2385) to work on /home/airflow/.local/lib/python3.10/site-packages/airflow/example_dags/example_subdag_operator.py
[2026-06-10T11:46:42.258+0000] {processor.py:829} INFO - Processing file /home/airflow/.local/lib/python3.10/site-packages/airflow/example_dags/example_subdag_operator.py for tasks to queue
[2026-06-10T11:46:42.261+0000] {logging_mixin.py:154} INFO - [2026-06-10T11:46:42.261+0000] {dagbag.py:536} INFO - Filling up the DagBag from /home/airflow/.local/lib/python3.10/site-packages/airflow/example_dags/example_subdag_operator.py
[2026-06-10T11:46:42.286+0000] {processor.py:839} INFO - DAG(s) dict_keys(['example_subdag_operator.section-1', 'example_subdag_operator.section-2', 'example_subdag_operator']) retrieved from /home/airflow/.local/lib/python3.10/site-packages/airflow/example_dags/example_subdag_operator.py
[2026-06-10T11:46:42.301+0000] {logging_mixin.py:154} INFO - [2026-06-10T11:46:42.301+0000] {dag.py:2941} INFO - Sync 3 DAGs
[2026-06-10T11:46:42.323+0000] {logging_mixin.py:154} INFO - [2026-06-10T11:46:42.323+0000] {dag.py:3722} INFO - Setting next_dagrun for example_subdag_operator to 2022-01-01T00:00:00+00:00, run_after=2022-01-01T00:00:00+00:00
[2026-06-10T11:46:42.326+0000] {logging_mixin.py:154} INFO - [2026-06-10T11:46:42.326+0000] {dag.py:3722} INFO - Setting next_dagrun for example_subdag_operator.section-1 to None, run_after=None
[2026-06-10T11:46:42.327+0000] {logging_mixin.py:154} INFO - [2026-06-10T11:46:42.327+0000] {dag.py:3722} INFO - Setting next_dagrun for example_subdag_operator.section-2 to None, run_after=None
[2026-06-10T11:46:42.335+0000] {logging_mixin.py:154} INFO - [2026-06-10T11:46:42.335+0000] {dag.py:2941} INFO - Sync 2 DAGs
[2026-06-10T11:46:42.340+0000] {logging_mixin.py:154} INFO - [2026-06-10T11:46:42.340+0000] {dag.py:3722} INFO - Setting next_dagrun for example_subdag_operator.section-1 to None, run_after=None
[2026-06-10T11:46:42.340+0000] {logging_mixin.py:154} INFO - [2026-06-10T11:46:42.340+0000] {dag.py:3722} INFO - Setting next_dagrun for example_subdag_operator.section-2 to None, run_after=None
[2026-06-10T11:46:42.350+0000] {processor.py:179} INFO - Processing /home/airflow/.local/lib/python3.10/site-packages/airflow/example_dags/example_subdag_operator.py took 0.099 seconds
[2026-06-10T11:47:12.887+0000] {processor.py:157} INFO - Started process (PID=2436) to work on /home/airflow/.local/lib/python3.10/site-packages/airflow/example_dags/example_subdag_operator.py
[2026-06-10T11:47:12.889+0000] {processor.py:829} INFO - Processing file /home/airflow/.local/lib/python3.10/site-packages/airflow/example_dags/example_subdag_operator.py for tasks to queue
[2026-06-10T11:47:12.892+0000] {logging_mixin.py:154} INFO - [2026-06-10T11:47:12.891+0000] {dagbag.py:536} INFO - Filling up the DagBag from /home/airflow/.local/lib/python3.10/site-packages/airflow/example_dags/example_subdag_operator.py
[2026-06-10T11:47:12.917+0000] {processor.py:839} INFO - DAG(s) dict_keys(['example_subdag_operator.section-1', 'example_subdag_operator.section-2', 'example_subdag_operator']) retrieved from /home/airflow/.local/lib/python3.10/site-packages/airflow/example_dags/example_subdag_operator.py
[2026-06-10T11:47:12.934+0000] {logging_mixin.py:154} INFO - [2026-06-10T11:47:12.934+0000] {dag.py:2941} INFO - Sync 3 DAGs
[2026-06-10T11:47:12.959+0000] {logging_mixin.py:154} INFO - [2026-06-10T11:47:12.958+0000] {dag.py:3722} INFO - Setting next_dagrun for example_subdag_operator to 2022-01-01T00:00:00+00:00, run_after=2022-01-01T00:00:00+00:00
[2026-06-10T11:47:12.962+0000] {logging_mixin.py:154} INFO - [2026-06-10T11:47:12.962+0000] {dag.py:3722} INFO - Setting next_dagrun for example_subdag_operator.section-1 to None, run_after=None
[2026-06-10T11:47:12.964+0000] {logging_mixin.py:154} INFO - [2026-06-10T11:47:12.963+0000] {dag.py:3722} INFO - Setting next_dagrun for example_subdag_operator.section-2 to None, run_after=None
[2026-06-10T11:47:12.971+0000] {logging_mixin.py:154} INFO - [2026-06-10T11:47:12.970+0000] {dag.py:2941} INFO - Sync 2 DAGs
[2026-06-10T11:47:12.976+0000] {logging_mixin.py:154} INFO - [2026-06-10T11:47:12.976+0000] {dag.py:3722} INFO - Setting next_dagrun for example_subdag_operator.section-1 to None, run_after=None
[2026-06-10T11:47:12.976+0000] {logging_mixin.py:154} INFO - [2026-06-10T11:47:12.976+0000] {dag.py:3722} INFO - Setting next_dagrun for example_subdag_operator.section-2 to None, run_after=None
[2026-06-10T11:47:12.987+0000] {processor.py:179} INFO - Processing /home/airflow/.local/lib/python3.10/site-packages/airflow/example_dags/example_subdag_operator.py took 0.104 seconds
[2026-06-10T11:47:43.579+0000] {processor.py:157} INFO - Started process (PID=2487) to work on /home/airflow/.local/lib/python3.10/site-packages/airflow/example_dags/example_subdag_operator.py
[2026-06-10T11:47:43.580+0000] {processor.py:829} INFO - Processing file /home/airflow/.local/lib/python3.10/site-packages/airflow/example_dags/example_subdag_operator.py for tasks to queue
[2026-06-10T11:47:43.582+0000] {logging_mixin.py:154} INFO - [2026-06-10T11:47:43.581+0000] {dagbag.py:536} INFO - Filling up the DagBag from /home/airflow/.local/lib/python3.10/site-packages/airflow/example_dags/example_subdag_operator.py
[2026-06-10T11:47:43.607+0000] {processor.py:839} INFO - DAG(s) dict_keys(['example_subdag_operator.section-1', 'example_subdag_operator.section-2', 'example_subdag_operator']) retrieved from /home/airflow/.local/lib/python3.10/site-packages/airflow/example_dags/example_subdag_operator.py
[2026-06-10T11:47:43.624+0000] {logging_mixin.py:154} INFO - [2026-06-10T11:47:43.624+0000] {dag.py:2941} INFO - Sync 3 DAGs
[2026-06-10T11:47:43.649+0000] {logging_mixin.py:154} INFO - [2026-06-10T11:47:43.649+0000] {dag.py:3722} INFO - Setting next_dagrun for example_subdag_operator to 2022-01-01T00:00:00+00:00, run_after=2022-01-01T00:00:00+00:00
[2026-06-10T11:47:43.654+0000] {logging_mixin.py:154} INFO - [2026-06-10T11:47:43.654+0000] {dag.py:3722} INFO - Setting next_dagrun for example_subdag_operator.section-1 to None, run_after=None
[2026-06-10T11:47:43.656+0000] {logging_mixin.py:154} INFO - [2026-06-10T11:47:43.655+0000] {dag.py:3722} INFO - Setting next_dagrun for example_subdag_operator.section-2 to None, run_after=None
[2026-06-10T11:47:43.663+0000] {logging_mixin.py:154} INFO - [2026-06-10T11:47:43.663+0000] {dag.py:2941} INFO - Sync 2 DAGs
[2026-06-10T11:47:43.668+0000] {logging_mixin.py:154} INFO - [2026-06-10T11:47:43.668+0000] {dag.py:3722} INFO - Setting next_dagrun for example_subdag_operator.section-1 to None, run_after=None
[2026-06-10T11:47:43.669+0000] {logging_mixin.py:154} INFO - [2026-06-10T11:47:43.669+0000] {dag.py:3722} INFO - Setting next_dagrun for example_subdag_operator.section-2 to None, run_after=None
[2026-06-10T11:47:43.681+0000] {processor.py:179} INFO - Processing /home/airflow/.local/lib/python3.10/site-packages/airflow/example_dags/example_subdag_operator.py took 0.107 seconds
[2026-06-10T11:48:13.845+0000] {processor.py:157} INFO - Started process (PID=2538) to work on /home/airflow/.local/lib/python3.10/site-packages/airflow/example_dags/example_subdag_operator.py
[2026-06-10T11:48:13.848+0000] {processor.py:829} INFO - Processing file /home/airflow/.local/lib/python3.10/site-packages/airflow/example_dags/example_subdag_operator.py for tasks to queue
[2026-06-10T11:48:13.850+0000] {logging_mixin.py:154} INFO - [2026-06-10T11:48:13.850+0000] {dagbag.py:536} INFO - Filling up the DagBag from /home/airflow/.local/lib/python3.10/site-packages/airflow/example_dags/example_subdag_operator.py
[2026-06-10T11:48:13.877+0000] {processor.py:839} INFO - DAG(s) dict_keys(['example_subdag_operator.section-1', 'example_subdag_operator.section-2', 'example_subdag_operator']) retrieved from /home/airflow/.local/lib/python3.10/site-packages/airflow/example_dags/example_subdag_operator.py
[2026-06-10T11:48:13.893+0000] {logging_mixin.py:154} INFO - [2026-06-10T11:48:13.893+0000] {dag.py:2941} INFO - Sync 3 DAGs
[2026-06-10T11:48:13.920+0000] {logging_mixin.py:154} INFO - [2026-06-10T11:48:13.919+0000] {dag.py:3722} INFO - Setting next_dagrun for example_subdag_operator to 2022-01-01T00:00:00+00:00, run_after=2022-01-01T00:00:00+00:00
[2026-06-10T11:48:13.923+0000] {logging_mixin.py:154} INFO - [2026-06-10T11:48:13.923+0000] {dag.py:3722} INFO - Setting next_dagrun for example_subdag_operator.section-1 to None, run_after=None
[2026-06-10T11:48:13.924+0000] {logging_mixin.py:154} INFO - [2026-06-10T11:48:13.924+0000] {dag.py:3722} INFO - Setting next_dagrun for example_subdag_operator.section-2 to None, run_after=None
[2026-06-10T11:48:13.931+0000] {logging_mixin.py:154} INFO - [2026-06-10T11:48:13.931+0000] {dag.py:2941} INFO - Sync 2 DAGs
[2026-06-10T11:48:13.936+0000] {logging_mixin.py:154} INFO - [2026-06-10T11:48:13.936+0000] {dag.py:3722} INFO - Setting next_dagrun for example_subdag_operator.section-1 to None, run_after=None
[2026-06-10T11:48:13.936+0000] {logging_mixin.py:154} INFO - [2026-06-10T11:48:13.936+0000] {dag.py:3722} INFO - Setting next_dagrun for example_subdag_operator.section-2 to None, run_after=None
[2026-06-10T11:48:13.947+0000] {processor.py:179} INFO - Processing /home/airflow/.local/lib/python3.10/site-packages/airflow/example_dags/example_subdag_operator.py took 0.106 seconds
[2026-06-10T11:48:44.379+0000] {processor.py:157} INFO - Started process (PID=2589) to work on /home/airflow/.local/lib/python3.10/site-packages/airflow/example_dags/example_subdag_operator.py
[2026-06-10T11:48:44.382+0000] {processor.py:829} INFO - Processing file /home/airflow/.local/lib/python3.10/site-packages/airflow/example_dags/example_subdag_operator.py for tasks to queue
[2026-06-10T11:48:44.384+0000] {logging_mixin.py:154} INFO - [2026-06-10T11:48:44.384+0000] {dagbag.py:536} INFO - Filling up the DagBag from /home/airflow/.local/lib/python3.10/site-packages/airflow/example_dags/example_subdag_operator.py
[2026-06-10T11:48:44.505+0000] {processor.py:839} INFO - DAG(s) dict_keys(['example_subdag_operator.section-1', 'example_subdag_operator.section-2', 'example_subdag_operator']) retrieved from /home/airflow/.local/lib/python3.10/site-packages/airflow/example_dags/example_subdag_operator.py
[2026-06-10T11:48:44.554+0000] {logging_mixin.py:154} INFO - [2026-06-10T11:48:44.554+0000] {dag.py:2941} INFO - Sync 3 DAGs
[2026-06-10T11:48:44.620+0000] {logging_mixin.py:154} INFO - [2026-06-10T11:48:44.619+0000] {dag.py:3722} INFO - Setting next_dagrun for example_subdag_operator to 2022-01-01T00:00:00+00:00, run_after=2022-01-01T00:00:00+00:00
[2026-06-10T11:48:44.628+0000] {logging_mixin.py:154} INFO - [2026-06-10T11:48:44.628+0000] {dag.py:3722} INFO - Setting next_dagrun for example_subdag_operator.section-1 to None, run_after=None
[2026-06-10T11:48:44.643+0000] {logging_mixin.py:154} INFO - [2026-06-10T11:48:44.643+0000] {dag.py:3722} INFO - Setting next_dagrun for example_subdag_operator.section-2 to None, run_after=None
[2026-06-10T11:48:44.698+0000] {logging_mixin.py:154} INFO - [2026-06-10T11:48:44.698+0000] {dag.py:2941} INFO - Sync 2 DAGs
[2026-06-10T11:48:44.732+0000] {logging_mixin.py:154} INFO - [2026-06-10T11:48:44.732+0000] {dag.py:3722} INFO - Setting next_dagrun for example_subdag_operator.section-1 to None, run_after=None
[2026-06-10T11:48:44.732+0000] {logging_mixin.py:154} INFO - [2026-06-10T11:48:44.732+0000] {dag.py:3722} INFO - Setting next_dagrun for example_subdag_operator.section-2 to None, run_after=None
[2026-06-10T11:48:44.766+0000] {processor.py:179} INFO - Processing /home/airflow/.local/lib/python3.10/site-packages/airflow/example_dags/example_subdag_operator.py took 0.409 seconds
[2026-06-10T11:49:15.061+0000] {processor.py:157} INFO - Started process (PID=2640) to work on /home/airflow/.local/lib/python3.10/site-packages/airflow/example_dags/example_subdag_operator.py
[2026-06-10T11:49:15.063+0000] {processor.py:829} INFO - Processing file /home/airflow/.local/lib/python3.10/site-packages/airflow/example_dags/example_subdag_operator.py for tasks to queue
[2026-06-10T11:49:15.065+0000] {logging_mixin.py:154} INFO - [2026-06-10T11:49:15.065+0000] {dagbag.py:536} INFO - Filling up the DagBag from /home/airflow/.local/lib/python3.10/site-packages/airflow/example_dags/example_subdag_operator.py
[2026-06-10T11:49:15.140+0000] {processor.py:839} INFO - DAG(s) dict_keys(['example_subdag_operator.section-1', 'example_subdag_operator.section-2', 'example_subdag_operator']) retrieved from /home/airflow/.local/lib/python3.10/site-packages/airflow/example_dags/example_subdag_operator.py
[2026-06-10T11:49:15.191+0000] {logging_mixin.py:154} INFO - [2026-06-10T11:49:15.190+0000] {dag.py:2941} INFO - Sync 3 DAGs
[2026-06-10T11:49:15.241+0000] {logging_mixin.py:154} INFO - [2026-06-10T11:49:15.240+0000] {dag.py:3722} INFO - Setting next_dagrun for example_subdag_operator to 2022-01-01T00:00:00+00:00, run_after=2022-01-01T00:00:00+00:00
[2026-06-10T11:49:15.250+0000] {logging_mixin.py:154} INFO - [2026-06-10T11:49:15.250+0000] {dag.py:3722} INFO - Setting next_dagrun for example_subdag_operator.section-1 to None, run_after=None
[2026-06-10T11:49:15.252+0000] {logging_mixin.py:154} INFO - [2026-06-10T11:49:15.252+0000] {dag.py:3722} INFO - Setting next_dagrun for example_subdag_operator.section-2 to None, run_after=None
[2026-06-10T11:49:15.267+0000] {logging_mixin.py:154} INFO - [2026-06-10T11:49:15.267+0000] {dag.py:2941} INFO - Sync 2 DAGs
[2026-06-10T11:49:15.274+0000] {logging_mixin.py:154} INFO - [2026-06-10T11:49:15.274+0000] {dag.py:3722} INFO - Setting next_dagrun for example_subdag_operator.section-1 to None, run_after=None
[2026-06-10T11:49:15.275+0000] {logging_mixin.py:154} INFO - [2026-06-10T11:49:15.274+0000] {dag.py:3722} INFO - Setting next_dagrun for example_subdag_operator.section-2 to None, run_after=None
[2026-06-10T11:49:15.299+0000] {processor.py:179} INFO - Processing /home/airflow/.local/lib/python3.10/site-packages/airflow/example_dags/example_subdag_operator.py took 0.252 seconds
