[2026-06-07T17:06:35.306+0000] {processor.py:157} INFO - Started process (PID=86) to work on /home/airflow/.local/lib/python3.8/site-packages/airflow/example_dags/subdags/subdag.py
[2026-06-07T17:06:35.307+0000] {processor.py:829} INFO - Processing file /home/airflow/.local/lib/python3.8/site-packages/airflow/example_dags/subdags/subdag.py for tasks to queue
[2026-06-07T17:06:35.327+0000] {logging_mixin.py:154} INFO - [2026-06-07T17:06:35.326+0000] {dagbag.py:536} INFO - Filling up the DagBag from /home/airflow/.local/lib/python3.8/site-packages/airflow/example_dags/subdags/subdag.py
[2026-06-07T17:06:35.342+0000] {processor.py:841} WARNING - No viable dags retrieved from /home/airflow/.local/lib/python3.8/site-packages/airflow/example_dags/subdags/subdag.py
[2026-06-07T17:06:35.405+0000] {processor.py:179} INFO - Processing /home/airflow/.local/lib/python3.8/site-packages/airflow/example_dags/subdags/subdag.py took 0.118 seconds
[2026-06-07T17:07:05.815+0000] {processor.py:157} INFO - Started process (PID=141) to work on /home/airflow/.local/lib/python3.8/site-packages/airflow/example_dags/subdags/subdag.py
[2026-06-07T17:07:05.832+0000] {processor.py:829} INFO - Processing file /home/airflow/.local/lib/python3.8/site-packages/airflow/example_dags/subdags/subdag.py for tasks to queue
[2026-06-07T17:07:05.835+0000] {logging_mixin.py:154} INFO - [2026-06-07T17:07:05.835+0000] {dagbag.py:536} INFO - Filling up the DagBag from /home/airflow/.local/lib/python3.8/site-packages/airflow/example_dags/subdags/subdag.py
[2026-06-07T17:07:05.849+0000] {processor.py:841} WARNING - No viable dags retrieved from /home/airflow/.local/lib/python3.8/site-packages/airflow/example_dags/subdags/subdag.py
[2026-06-07T17:07:05.901+0000] {processor.py:179} INFO - Processing /home/airflow/.local/lib/python3.8/site-packages/airflow/example_dags/subdags/subdag.py took 0.111 seconds
[2026-06-07T17:07:36.389+0000] {processor.py:157} INFO - Started process (PID=197) to work on /home/airflow/.local/lib/python3.8/site-packages/airflow/example_dags/subdags/subdag.py
[2026-06-07T17:07:36.391+0000] {processor.py:829} INFO - Processing file /home/airflow/.local/lib/python3.8/site-packages/airflow/example_dags/subdags/subdag.py for tasks to queue
[2026-06-07T17:07:36.399+0000] {logging_mixin.py:154} INFO - [2026-06-07T17:07:36.398+0000] {dagbag.py:536} INFO - Filling up the DagBag from /home/airflow/.local/lib/python3.8/site-packages/airflow/example_dags/subdags/subdag.py
[2026-06-07T17:07:36.412+0000] {processor.py:841} WARNING - No viable dags retrieved from /home/airflow/.local/lib/python3.8/site-packages/airflow/example_dags/subdags/subdag.py
[2026-06-07T17:07:36.452+0000] {processor.py:179} INFO - Processing /home/airflow/.local/lib/python3.8/site-packages/airflow/example_dags/subdags/subdag.py took 0.080 seconds
[2026-06-07T17:08:10.225+0000] {processor.py:157} INFO - Started process (PID=261) to work on /home/airflow/.local/lib/python3.8/site-packages/airflow/example_dags/subdags/subdag.py
[2026-06-07T17:08:10.229+0000] {processor.py:829} INFO - Processing file /home/airflow/.local/lib/python3.8/site-packages/airflow/example_dags/subdags/subdag.py for tasks to queue
[2026-06-07T17:08:10.232+0000] {logging_mixin.py:154} INFO - [2026-06-07T17:08:10.231+0000] {dagbag.py:536} INFO - Filling up the DagBag from /home/airflow/.local/lib/python3.8/site-packages/airflow/example_dags/subdags/subdag.py
[2026-06-07T17:08:10.237+0000] {processor.py:841} WARNING - No viable dags retrieved from /home/airflow/.local/lib/python3.8/site-packages/airflow/example_dags/subdags/subdag.py
[2026-06-07T17:08:10.255+0000] {processor.py:179} INFO - Processing /home/airflow/.local/lib/python3.8/site-packages/airflow/example_dags/subdags/subdag.py took 0.035 seconds
[2026-06-07T17:08:42.882+0000] {processor.py:157} INFO - Started process (PID=316) to work on /home/airflow/.local/lib/python3.8/site-packages/airflow/example_dags/subdags/subdag.py
[2026-06-07T17:08:42.884+0000] {processor.py:829} INFO - Processing file /home/airflow/.local/lib/python3.8/site-packages/airflow/example_dags/subdags/subdag.py for tasks to queue
[2026-06-07T17:08:42.887+0000] {logging_mixin.py:154} INFO - [2026-06-07T17:08:42.886+0000] {dagbag.py:536} INFO - Filling up the DagBag from /home/airflow/.local/lib/python3.8/site-packages/airflow/example_dags/subdags/subdag.py
[2026-06-07T17:08:42.890+0000] {processor.py:841} WARNING - No viable dags retrieved from /home/airflow/.local/lib/python3.8/site-packages/airflow/example_dags/subdags/subdag.py
[2026-06-07T17:08:42.907+0000] {processor.py:179} INFO - Processing /home/airflow/.local/lib/python3.8/site-packages/airflow/example_dags/subdags/subdag.py took 0.030 seconds
[2026-06-07T17:09:14.408+0000] {processor.py:157} INFO - Started process (PID=371) to work on /home/airflow/.local/lib/python3.8/site-packages/airflow/example_dags/subdags/subdag.py
[2026-06-07T17:09:14.417+0000] {processor.py:829} INFO - Processing file /home/airflow/.local/lib/python3.8/site-packages/airflow/example_dags/subdags/subdag.py for tasks to queue
[2026-06-07T17:09:14.420+0000] {logging_mixin.py:154} INFO - [2026-06-07T17:09:14.420+0000] {dagbag.py:536} INFO - Filling up the DagBag from /home/airflow/.local/lib/python3.8/site-packages/airflow/example_dags/subdags/subdag.py
[2026-06-07T17:09:14.436+0000] {processor.py:841} WARNING - No viable dags retrieved from /home/airflow/.local/lib/python3.8/site-packages/airflow/example_dags/subdags/subdag.py
[2026-06-07T17:09:14.465+0000] {processor.py:179} INFO - Processing /home/airflow/.local/lib/python3.8/site-packages/airflow/example_dags/subdags/subdag.py took 0.068 seconds
[2026-06-07T17:09:45.257+0000] {processor.py:157} INFO - Started process (PID=427) to work on /home/airflow/.local/lib/python3.8/site-packages/airflow/example_dags/subdags/subdag.py
[2026-06-07T17:09:45.258+0000] {processor.py:829} INFO - Processing file /home/airflow/.local/lib/python3.8/site-packages/airflow/example_dags/subdags/subdag.py for tasks to queue
[2026-06-07T17:09:45.269+0000] {logging_mixin.py:154} INFO - [2026-06-07T17:09:45.269+0000] {dagbag.py:536} INFO - Filling up the DagBag from /home/airflow/.local/lib/python3.8/site-packages/airflow/example_dags/subdags/subdag.py
[2026-06-07T17:09:45.280+0000] {processor.py:841} WARNING - No viable dags retrieved from /home/airflow/.local/lib/python3.8/site-packages/airflow/example_dags/subdags/subdag.py
[2026-06-07T17:09:45.312+0000] {processor.py:179} INFO - Processing /home/airflow/.local/lib/python3.8/site-packages/airflow/example_dags/subdags/subdag.py took 0.065 seconds
[2026-06-07T17:10:15.404+0000] {processor.py:157} INFO - Started process (PID=481) to work on /home/airflow/.local/lib/python3.8/site-packages/airflow/example_dags/subdags/subdag.py
[2026-06-07T17:10:15.406+0000] {processor.py:829} INFO - Processing file /home/airflow/.local/lib/python3.8/site-packages/airflow/example_dags/subdags/subdag.py for tasks to queue
[2026-06-07T17:10:15.409+0000] {logging_mixin.py:154} INFO - [2026-06-07T17:10:15.409+0000] {dagbag.py:536} INFO - Filling up the DagBag from /home/airflow/.local/lib/python3.8/site-packages/airflow/example_dags/subdags/subdag.py
[2026-06-07T17:10:15.412+0000] {processor.py:841} WARNING - No viable dags retrieved from /home/airflow/.local/lib/python3.8/site-packages/airflow/example_dags/subdags/subdag.py
[2026-06-07T17:10:15.431+0000] {processor.py:179} INFO - Processing /home/airflow/.local/lib/python3.8/site-packages/airflow/example_dags/subdags/subdag.py took 0.032 seconds
[2026-06-07T17:10:47.639+0000] {processor.py:157} INFO - Started process (PID=538) to work on /home/airflow/.local/lib/python3.8/site-packages/airflow/example_dags/subdags/subdag.py
[2026-06-07T17:10:47.641+0000] {processor.py:829} INFO - Processing file /home/airflow/.local/lib/python3.8/site-packages/airflow/example_dags/subdags/subdag.py for tasks to queue
[2026-06-07T17:10:47.645+0000] {logging_mixin.py:154} INFO - [2026-06-07T17:10:47.644+0000] {dagbag.py:536} INFO - Filling up the DagBag from /home/airflow/.local/lib/python3.8/site-packages/airflow/example_dags/subdags/subdag.py
[2026-06-07T17:10:47.648+0000] {processor.py:841} WARNING - No viable dags retrieved from /home/airflow/.local/lib/python3.8/site-packages/airflow/example_dags/subdags/subdag.py
[2026-06-07T17:10:47.671+0000] {processor.py:179} INFO - Processing /home/airflow/.local/lib/python3.8/site-packages/airflow/example_dags/subdags/subdag.py took 0.037 seconds
[2026-06-07T17:11:20.467+0000] {processor.py:157} INFO - Started process (PID=595) to work on /home/airflow/.local/lib/python3.8/site-packages/airflow/example_dags/subdags/subdag.py
[2026-06-07T17:11:20.473+0000] {processor.py:829} INFO - Processing file /home/airflow/.local/lib/python3.8/site-packages/airflow/example_dags/subdags/subdag.py for tasks to queue
[2026-06-07T17:11:20.476+0000] {logging_mixin.py:154} INFO - [2026-06-07T17:11:20.476+0000] {dagbag.py:536} INFO - Filling up the DagBag from /home/airflow/.local/lib/python3.8/site-packages/airflow/example_dags/subdags/subdag.py
[2026-06-07T17:11:20.483+0000] {processor.py:841} WARNING - No viable dags retrieved from /home/airflow/.local/lib/python3.8/site-packages/airflow/example_dags/subdags/subdag.py
[2026-06-07T17:11:20.523+0000] {processor.py:179} INFO - Processing /home/airflow/.local/lib/python3.8/site-packages/airflow/example_dags/subdags/subdag.py took 0.070 seconds
[2026-06-07T17:11:51.302+0000] {processor.py:157} INFO - Started process (PID=652) to work on /home/airflow/.local/lib/python3.8/site-packages/airflow/example_dags/subdags/subdag.py
[2026-06-07T17:11:51.303+0000] {processor.py:829} INFO - Processing file /home/airflow/.local/lib/python3.8/site-packages/airflow/example_dags/subdags/subdag.py for tasks to queue
[2026-06-07T17:11:51.306+0000] {logging_mixin.py:154} INFO - [2026-06-07T17:11:51.306+0000] {dagbag.py:536} INFO - Filling up the DagBag from /home/airflow/.local/lib/python3.8/site-packages/airflow/example_dags/subdags/subdag.py
[2026-06-07T17:11:51.314+0000] {processor.py:841} WARNING - No viable dags retrieved from /home/airflow/.local/lib/python3.8/site-packages/airflow/example_dags/subdags/subdag.py
[2026-06-07T17:11:51.335+0000] {processor.py:179} INFO - Processing /home/airflow/.local/lib/python3.8/site-packages/airflow/example_dags/subdags/subdag.py took 0.040 seconds
[2026-06-07T17:12:21.778+0000] {processor.py:157} INFO - Started process (PID=708) to work on /home/airflow/.local/lib/python3.8/site-packages/airflow/example_dags/subdags/subdag.py
[2026-06-07T17:12:21.779+0000] {processor.py:829} INFO - Processing file /home/airflow/.local/lib/python3.8/site-packages/airflow/example_dags/subdags/subdag.py for tasks to queue
[2026-06-07T17:12:21.782+0000] {logging_mixin.py:154} INFO - [2026-06-07T17:12:21.782+0000] {dagbag.py:536} INFO - Filling up the DagBag from /home/airflow/.local/lib/python3.8/site-packages/airflow/example_dags/subdags/subdag.py
[2026-06-07T17:12:21.786+0000] {processor.py:841} WARNING - No viable dags retrieved from /home/airflow/.local/lib/python3.8/site-packages/airflow/example_dags/subdags/subdag.py
[2026-06-07T17:12:21.804+0000] {processor.py:179} INFO - Processing /home/airflow/.local/lib/python3.8/site-packages/airflow/example_dags/subdags/subdag.py took 0.032 seconds
[2026-06-07T17:12:52.966+0000] {processor.py:157} INFO - Started process (PID=764) to work on /home/airflow/.local/lib/python3.8/site-packages/airflow/example_dags/subdags/subdag.py
[2026-06-07T17:12:52.967+0000] {processor.py:829} INFO - Processing file /home/airflow/.local/lib/python3.8/site-packages/airflow/example_dags/subdags/subdag.py for tasks to queue
[2026-06-07T17:12:52.976+0000] {logging_mixin.py:154} INFO - [2026-06-07T17:12:52.974+0000] {dagbag.py:536} INFO - Filling up the DagBag from /home/airflow/.local/lib/python3.8/site-packages/airflow/example_dags/subdags/subdag.py
[2026-06-07T17:12:52.980+0000] {processor.py:841} WARNING - No viable dags retrieved from /home/airflow/.local/lib/python3.8/site-packages/airflow/example_dags/subdags/subdag.py
[2026-06-07T17:12:53.030+0000] {processor.py:179} INFO - Processing /home/airflow/.local/lib/python3.8/site-packages/airflow/example_dags/subdags/subdag.py took 0.080 seconds
[2026-06-07T17:13:23.253+0000] {processor.py:157} INFO - Started process (PID=819) to work on /home/airflow/.local/lib/python3.8/site-packages/airflow/example_dags/subdags/subdag.py
[2026-06-07T17:13:23.260+0000] {processor.py:829} INFO - Processing file /home/airflow/.local/lib/python3.8/site-packages/airflow/example_dags/subdags/subdag.py for tasks to queue
[2026-06-07T17:13:23.267+0000] {logging_mixin.py:154} INFO - [2026-06-07T17:13:23.266+0000] {dagbag.py:536} INFO - Filling up the DagBag from /home/airflow/.local/lib/python3.8/site-packages/airflow/example_dags/subdags/subdag.py
[2026-06-07T17:13:23.270+0000] {processor.py:841} WARNING - No viable dags retrieved from /home/airflow/.local/lib/python3.8/site-packages/airflow/example_dags/subdags/subdag.py
[2026-06-07T17:13:23.289+0000] {processor.py:179} INFO - Processing /home/airflow/.local/lib/python3.8/site-packages/airflow/example_dags/subdags/subdag.py took 0.041 seconds
[2026-06-07T17:13:54.361+0000] {processor.py:157} INFO - Started process (PID=875) to work on /home/airflow/.local/lib/python3.8/site-packages/airflow/example_dags/subdags/subdag.py
[2026-06-07T17:13:54.362+0000] {processor.py:829} INFO - Processing file /home/airflow/.local/lib/python3.8/site-packages/airflow/example_dags/subdags/subdag.py for tasks to queue
[2026-06-07T17:13:54.365+0000] {logging_mixin.py:154} INFO - [2026-06-07T17:13:54.365+0000] {dagbag.py:536} INFO - Filling up the DagBag from /home/airflow/.local/lib/python3.8/site-packages/airflow/example_dags/subdags/subdag.py
[2026-06-07T17:13:54.368+0000] {processor.py:841} WARNING - No viable dags retrieved from /home/airflow/.local/lib/python3.8/site-packages/airflow/example_dags/subdags/subdag.py
[2026-06-07T17:13:54.387+0000] {processor.py:179} INFO - Processing /home/airflow/.local/lib/python3.8/site-packages/airflow/example_dags/subdags/subdag.py took 0.032 seconds
[2026-06-07T17:14:24.476+0000] {processor.py:157} INFO - Started process (PID=929) to work on /home/airflow/.local/lib/python3.8/site-packages/airflow/example_dags/subdags/subdag.py
[2026-06-07T17:14:24.477+0000] {processor.py:829} INFO - Processing file /home/airflow/.local/lib/python3.8/site-packages/airflow/example_dags/subdags/subdag.py for tasks to queue
[2026-06-07T17:14:24.480+0000] {logging_mixin.py:154} INFO - [2026-06-07T17:14:24.480+0000] {dagbag.py:536} INFO - Filling up the DagBag from /home/airflow/.local/lib/python3.8/site-packages/airflow/example_dags/subdags/subdag.py
[2026-06-07T17:14:24.483+0000] {processor.py:841} WARNING - No viable dags retrieved from /home/airflow/.local/lib/python3.8/site-packages/airflow/example_dags/subdags/subdag.py
[2026-06-07T17:14:24.501+0000] {processor.py:179} INFO - Processing /home/airflow/.local/lib/python3.8/site-packages/airflow/example_dags/subdags/subdag.py took 0.030 seconds
[2026-06-07T17:14:54.576+0000] {processor.py:157} INFO - Started process (PID=985) to work on /home/airflow/.local/lib/python3.8/site-packages/airflow/example_dags/subdags/subdag.py
[2026-06-07T17:14:54.578+0000] {processor.py:829} INFO - Processing file /home/airflow/.local/lib/python3.8/site-packages/airflow/example_dags/subdags/subdag.py for tasks to queue
[2026-06-07T17:14:54.581+0000] {logging_mixin.py:154} INFO - [2026-06-07T17:14:54.581+0000] {dagbag.py:536} INFO - Filling up the DagBag from /home/airflow/.local/lib/python3.8/site-packages/airflow/example_dags/subdags/subdag.py
[2026-06-07T17:14:54.584+0000] {processor.py:841} WARNING - No viable dags retrieved from /home/airflow/.local/lib/python3.8/site-packages/airflow/example_dags/subdags/subdag.py
[2026-06-07T17:14:54.604+0000] {processor.py:179} INFO - Processing /home/airflow/.local/lib/python3.8/site-packages/airflow/example_dags/subdags/subdag.py took 0.034 seconds
[2026-06-07T17:15:25.503+0000] {processor.py:157} INFO - Started process (PID=1041) to work on /home/airflow/.local/lib/python3.8/site-packages/airflow/example_dags/subdags/subdag.py
[2026-06-07T17:15:25.513+0000] {processor.py:829} INFO - Processing file /home/airflow/.local/lib/python3.8/site-packages/airflow/example_dags/subdags/subdag.py for tasks to queue
[2026-06-07T17:15:25.516+0000] {logging_mixin.py:154} INFO - [2026-06-07T17:15:25.516+0000] {dagbag.py:536} INFO - Filling up the DagBag from /home/airflow/.local/lib/python3.8/site-packages/airflow/example_dags/subdags/subdag.py
[2026-06-07T17:15:25.520+0000] {processor.py:841} WARNING - No viable dags retrieved from /home/airflow/.local/lib/python3.8/site-packages/airflow/example_dags/subdags/subdag.py
[2026-06-07T17:15:25.562+0000] {processor.py:179} INFO - Processing /home/airflow/.local/lib/python3.8/site-packages/airflow/example_dags/subdags/subdag.py took 0.072 seconds
[2026-06-07T17:15:55.917+0000] {processor.py:157} INFO - Started process (PID=1096) to work on /home/airflow/.local/lib/python3.8/site-packages/airflow/example_dags/subdags/subdag.py
[2026-06-07T17:15:55.918+0000] {processor.py:829} INFO - Processing file /home/airflow/.local/lib/python3.8/site-packages/airflow/example_dags/subdags/subdag.py for tasks to queue
[2026-06-07T17:15:55.921+0000] {logging_mixin.py:154} INFO - [2026-06-07T17:15:55.920+0000] {dagbag.py:536} INFO - Filling up the DagBag from /home/airflow/.local/lib/python3.8/site-packages/airflow/example_dags/subdags/subdag.py
[2026-06-07T17:15:55.923+0000] {processor.py:841} WARNING - No viable dags retrieved from /home/airflow/.local/lib/python3.8/site-packages/airflow/example_dags/subdags/subdag.py
[2026-06-07T17:15:55.938+0000] {processor.py:179} INFO - Processing /home/airflow/.local/lib/python3.8/site-packages/airflow/example_dags/subdags/subdag.py took 0.025 seconds
[2026-06-07T17:16:27.272+0000] {processor.py:157} INFO - Started process (PID=1153) to work on /home/airflow/.local/lib/python3.8/site-packages/airflow/example_dags/subdags/subdag.py
[2026-06-07T17:16:27.275+0000] {processor.py:829} INFO - Processing file /home/airflow/.local/lib/python3.8/site-packages/airflow/example_dags/subdags/subdag.py for tasks to queue
[2026-06-07T17:16:27.278+0000] {logging_mixin.py:154} INFO - [2026-06-07T17:16:27.277+0000] {dagbag.py:536} INFO - Filling up the DagBag from /home/airflow/.local/lib/python3.8/site-packages/airflow/example_dags/subdags/subdag.py
[2026-06-07T17:16:27.287+0000] {processor.py:841} WARNING - No viable dags retrieved from /home/airflow/.local/lib/python3.8/site-packages/airflow/example_dags/subdags/subdag.py
[2026-06-07T17:16:27.309+0000] {processor.py:179} INFO - Processing /home/airflow/.local/lib/python3.8/site-packages/airflow/example_dags/subdags/subdag.py took 0.049 seconds
[2026-06-07T17:16:58.166+0000] {processor.py:157} INFO - Started process (PID=1209) to work on /home/airflow/.local/lib/python3.8/site-packages/airflow/example_dags/subdags/subdag.py
[2026-06-07T17:16:58.167+0000] {processor.py:829} INFO - Processing file /home/airflow/.local/lib/python3.8/site-packages/airflow/example_dags/subdags/subdag.py for tasks to queue
[2026-06-07T17:16:58.178+0000] {logging_mixin.py:154} INFO - [2026-06-07T17:16:58.178+0000] {dagbag.py:536} INFO - Filling up the DagBag from /home/airflow/.local/lib/python3.8/site-packages/airflow/example_dags/subdags/subdag.py
[2026-06-07T17:16:58.193+0000] {processor.py:841} WARNING - No viable dags retrieved from /home/airflow/.local/lib/python3.8/site-packages/airflow/example_dags/subdags/subdag.py
[2026-06-07T17:16:58.235+0000] {processor.py:179} INFO - Processing /home/airflow/.local/lib/python3.8/site-packages/airflow/example_dags/subdags/subdag.py took 0.086 seconds
[2026-06-07T17:17:30.435+0000] {processor.py:157} INFO - Started process (PID=1266) to work on /home/airflow/.local/lib/python3.8/site-packages/airflow/example_dags/subdags/subdag.py
[2026-06-07T17:17:30.441+0000] {processor.py:829} INFO - Processing file /home/airflow/.local/lib/python3.8/site-packages/airflow/example_dags/subdags/subdag.py for tasks to queue
[2026-06-07T17:17:30.445+0000] {logging_mixin.py:154} INFO - [2026-06-07T17:17:30.444+0000] {dagbag.py:536} INFO - Filling up the DagBag from /home/airflow/.local/lib/python3.8/site-packages/airflow/example_dags/subdags/subdag.py
[2026-06-07T17:17:30.455+0000] {processor.py:841} WARNING - No viable dags retrieved from /home/airflow/.local/lib/python3.8/site-packages/airflow/example_dags/subdags/subdag.py
[2026-06-07T17:17:30.512+0000] {processor.py:179} INFO - Processing /home/airflow/.local/lib/python3.8/site-packages/airflow/example_dags/subdags/subdag.py took 0.082 seconds
[2026-06-07T17:18:00.876+0000] {processor.py:157} INFO - Started process (PID=1321) to work on /home/airflow/.local/lib/python3.8/site-packages/airflow/example_dags/subdags/subdag.py
[2026-06-07T17:18:00.877+0000] {processor.py:829} INFO - Processing file /home/airflow/.local/lib/python3.8/site-packages/airflow/example_dags/subdags/subdag.py for tasks to queue
[2026-06-07T17:18:00.880+0000] {logging_mixin.py:154} INFO - [2026-06-07T17:18:00.879+0000] {dagbag.py:536} INFO - Filling up the DagBag from /home/airflow/.local/lib/python3.8/site-packages/airflow/example_dags/subdags/subdag.py
[2026-06-07T17:18:00.882+0000] {processor.py:841} WARNING - No viable dags retrieved from /home/airflow/.local/lib/python3.8/site-packages/airflow/example_dags/subdags/subdag.py
[2026-06-07T17:18:00.897+0000] {processor.py:179} INFO - Processing /home/airflow/.local/lib/python3.8/site-packages/airflow/example_dags/subdags/subdag.py took 0.025 seconds
[2026-06-07T17:18:31.260+0000] {processor.py:157} INFO - Started process (PID=1377) to work on /home/airflow/.local/lib/python3.8/site-packages/airflow/example_dags/subdags/subdag.py
[2026-06-07T17:18:31.262+0000] {processor.py:829} INFO - Processing file /home/airflow/.local/lib/python3.8/site-packages/airflow/example_dags/subdags/subdag.py for tasks to queue
[2026-06-07T17:18:31.265+0000] {logging_mixin.py:154} INFO - [2026-06-07T17:18:31.265+0000] {dagbag.py:536} INFO - Filling up the DagBag from /home/airflow/.local/lib/python3.8/site-packages/airflow/example_dags/subdags/subdag.py
[2026-06-07T17:18:31.269+0000] {processor.py:841} WARNING - No viable dags retrieved from /home/airflow/.local/lib/python3.8/site-packages/airflow/example_dags/subdags/subdag.py
[2026-06-07T17:18:31.287+0000] {processor.py:179} INFO - Processing /home/airflow/.local/lib/python3.8/site-packages/airflow/example_dags/subdags/subdag.py took 0.033 seconds
[2026-06-07T17:19:02.772+0000] {processor.py:157} INFO - Started process (PID=1433) to work on /home/airflow/.local/lib/python3.8/site-packages/airflow/example_dags/subdags/subdag.py
[2026-06-07T17:19:02.781+0000] {processor.py:829} INFO - Processing file /home/airflow/.local/lib/python3.8/site-packages/airflow/example_dags/subdags/subdag.py for tasks to queue
[2026-06-07T17:19:02.785+0000] {logging_mixin.py:154} INFO - [2026-06-07T17:19:02.784+0000] {dagbag.py:536} INFO - Filling up the DagBag from /home/airflow/.local/lib/python3.8/site-packages/airflow/example_dags/subdags/subdag.py
[2026-06-07T17:19:02.795+0000] {processor.py:841} WARNING - No viable dags retrieved from /home/airflow/.local/lib/python3.8/site-packages/airflow/example_dags/subdags/subdag.py
[2026-06-07T17:19:02.823+0000] {processor.py:179} INFO - Processing /home/airflow/.local/lib/python3.8/site-packages/airflow/example_dags/subdags/subdag.py took 0.073 seconds
[2026-06-07T17:19:34.011+0000] {processor.py:157} INFO - Started process (PID=1489) to work on /home/airflow/.local/lib/python3.8/site-packages/airflow/example_dags/subdags/subdag.py
[2026-06-07T17:19:34.014+0000] {processor.py:829} INFO - Processing file /home/airflow/.local/lib/python3.8/site-packages/airflow/example_dags/subdags/subdag.py for tasks to queue
[2026-06-07T17:19:34.019+0000] {logging_mixin.py:154} INFO - [2026-06-07T17:19:34.019+0000] {dagbag.py:536} INFO - Filling up the DagBag from /home/airflow/.local/lib/python3.8/site-packages/airflow/example_dags/subdags/subdag.py
[2026-06-07T17:19:34.023+0000] {processor.py:841} WARNING - No viable dags retrieved from /home/airflow/.local/lib/python3.8/site-packages/airflow/example_dags/subdags/subdag.py
[2026-06-07T17:19:34.083+0000] {processor.py:179} INFO - Processing /home/airflow/.local/lib/python3.8/site-packages/airflow/example_dags/subdags/subdag.py took 0.077 seconds
[2026-06-07T17:20:04.495+0000] {processor.py:157} INFO - Started process (PID=1545) to work on /home/airflow/.local/lib/python3.8/site-packages/airflow/example_dags/subdags/subdag.py
[2026-06-07T17:20:04.496+0000] {processor.py:829} INFO - Processing file /home/airflow/.local/lib/python3.8/site-packages/airflow/example_dags/subdags/subdag.py for tasks to queue
[2026-06-07T17:20:04.499+0000] {logging_mixin.py:154} INFO - [2026-06-07T17:20:04.499+0000] {dagbag.py:536} INFO - Filling up the DagBag from /home/airflow/.local/lib/python3.8/site-packages/airflow/example_dags/subdags/subdag.py
[2026-06-07T17:20:04.503+0000] {processor.py:841} WARNING - No viable dags retrieved from /home/airflow/.local/lib/python3.8/site-packages/airflow/example_dags/subdags/subdag.py
[2026-06-07T17:20:04.521+0000] {processor.py:179} INFO - Processing /home/airflow/.local/lib/python3.8/site-packages/airflow/example_dags/subdags/subdag.py took 0.032 seconds
[2026-06-07T17:20:36.566+0000] {processor.py:157} INFO - Started process (PID=1601) to work on /home/airflow/.local/lib/python3.8/site-packages/airflow/example_dags/subdags/subdag.py
[2026-06-07T17:20:36.568+0000] {processor.py:829} INFO - Processing file /home/airflow/.local/lib/python3.8/site-packages/airflow/example_dags/subdags/subdag.py for tasks to queue
[2026-06-07T17:20:36.571+0000] {logging_mixin.py:154} INFO - [2026-06-07T17:20:36.570+0000] {dagbag.py:536} INFO - Filling up the DagBag from /home/airflow/.local/lib/python3.8/site-packages/airflow/example_dags/subdags/subdag.py
[2026-06-07T17:20:36.574+0000] {processor.py:841} WARNING - No viable dags retrieved from /home/airflow/.local/lib/python3.8/site-packages/airflow/example_dags/subdags/subdag.py
[2026-06-07T17:20:36.594+0000] {processor.py:179} INFO - Processing /home/airflow/.local/lib/python3.8/site-packages/airflow/example_dags/subdags/subdag.py took 0.033 seconds
[2026-06-07T17:26:48.136+0000] {processor.py:157} INFO - Started process (PID=93) to work on /home/airflow/.local/lib/python3.8/site-packages/airflow/example_dags/subdags/subdag.py
[2026-06-07T17:26:48.154+0000] {processor.py:829} INFO - Processing file /home/airflow/.local/lib/python3.8/site-packages/airflow/example_dags/subdags/subdag.py for tasks to queue
[2026-06-07T17:26:48.166+0000] {logging_mixin.py:154} INFO - [2026-06-07T17:26:48.156+0000] {dagbag.py:536} INFO - Filling up the DagBag from /home/airflow/.local/lib/python3.8/site-packages/airflow/example_dags/subdags/subdag.py
[2026-06-07T17:26:48.169+0000] {processor.py:841} WARNING - No viable dags retrieved from /home/airflow/.local/lib/python3.8/site-packages/airflow/example_dags/subdags/subdag.py
[2026-06-07T17:26:48.222+0000] {processor.py:179} INFO - Processing /home/airflow/.local/lib/python3.8/site-packages/airflow/example_dags/subdags/subdag.py took 0.096 seconds
[2026-06-07T17:27:18.840+0000] {processor.py:157} INFO - Started process (PID=149) to work on /home/airflow/.local/lib/python3.8/site-packages/airflow/example_dags/subdags/subdag.py
[2026-06-07T17:27:18.845+0000] {processor.py:829} INFO - Processing file /home/airflow/.local/lib/python3.8/site-packages/airflow/example_dags/subdags/subdag.py for tasks to queue
[2026-06-07T17:27:18.852+0000] {logging_mixin.py:154} INFO - [2026-06-07T17:27:18.852+0000] {dagbag.py:536} INFO - Filling up the DagBag from /home/airflow/.local/lib/python3.8/site-packages/airflow/example_dags/subdags/subdag.py
[2026-06-07T17:27:18.857+0000] {processor.py:841} WARNING - No viable dags retrieved from /home/airflow/.local/lib/python3.8/site-packages/airflow/example_dags/subdags/subdag.py
[2026-06-07T17:27:18.874+0000] {processor.py:179} INFO - Processing /home/airflow/.local/lib/python3.8/site-packages/airflow/example_dags/subdags/subdag.py took 0.039 seconds
[2026-06-07T17:27:51.550+0000] {processor.py:157} INFO - Started process (PID=204) to work on /home/airflow/.local/lib/python3.8/site-packages/airflow/example_dags/subdags/subdag.py
[2026-06-07T17:27:51.567+0000] {processor.py:829} INFO - Processing file /home/airflow/.local/lib/python3.8/site-packages/airflow/example_dags/subdags/subdag.py for tasks to queue
[2026-06-07T17:27:51.572+0000] {logging_mixin.py:154} INFO - [2026-06-07T17:27:51.572+0000] {dagbag.py:536} INFO - Filling up the DagBag from /home/airflow/.local/lib/python3.8/site-packages/airflow/example_dags/subdags/subdag.py
[2026-06-07T17:27:51.606+0000] {processor.py:841} WARNING - No viable dags retrieved from /home/airflow/.local/lib/python3.8/site-packages/airflow/example_dags/subdags/subdag.py
[2026-06-07T17:27:51.729+0000] {processor.py:179} INFO - Processing /home/airflow/.local/lib/python3.8/site-packages/airflow/example_dags/subdags/subdag.py took 0.185 seconds
[2026-06-07T17:39:32.967+0000] {processor.py:157} INFO - Started process (PID=262) to work on /home/airflow/.local/lib/python3.8/site-packages/airflow/example_dags/subdags/subdag.py
[2026-06-07T17:39:32.974+0000] {processor.py:829} INFO - Processing file /home/airflow/.local/lib/python3.8/site-packages/airflow/example_dags/subdags/subdag.py for tasks to queue
[2026-06-07T17:39:32.975+0000] {logging_mixin.py:154} INFO - [2026-06-07T17:39:32.975+0000] {dagbag.py:536} INFO - Filling up the DagBag from /home/airflow/.local/lib/python3.8/site-packages/airflow/example_dags/subdags/subdag.py
[2026-06-07T17:39:32.985+0000] {processor.py:841} WARNING - No viable dags retrieved from /home/airflow/.local/lib/python3.8/site-packages/airflow/example_dags/subdags/subdag.py
[2026-06-07T17:39:33.025+0000] {processor.py:179} INFO - Processing /home/airflow/.local/lib/python3.8/site-packages/airflow/example_dags/subdags/subdag.py took 0.064 seconds
[2026-06-07T17:40:04.998+0000] {processor.py:157} INFO - Started process (PID=318) to work on /home/airflow/.local/lib/python3.8/site-packages/airflow/example_dags/subdags/subdag.py
[2026-06-07T17:40:05.009+0000] {processor.py:829} INFO - Processing file /home/airflow/.local/lib/python3.8/site-packages/airflow/example_dags/subdags/subdag.py for tasks to queue
[2026-06-07T17:40:05.010+0000] {logging_mixin.py:154} INFO - [2026-06-07T17:40:05.010+0000] {dagbag.py:536} INFO - Filling up the DagBag from /home/airflow/.local/lib/python3.8/site-packages/airflow/example_dags/subdags/subdag.py
[2026-06-07T17:40:05.052+0000] {processor.py:841} WARNING - No viable dags retrieved from /home/airflow/.local/lib/python3.8/site-packages/airflow/example_dags/subdags/subdag.py
[2026-06-07T17:40:05.095+0000] {processor.py:179} INFO - Processing /home/airflow/.local/lib/python3.8/site-packages/airflow/example_dags/subdags/subdag.py took 0.102 seconds
[2026-06-07T17:40:38.026+0000] {processor.py:157} INFO - Started process (PID=373) to work on /home/airflow/.local/lib/python3.8/site-packages/airflow/example_dags/subdags/subdag.py
[2026-06-07T17:40:38.029+0000] {processor.py:829} INFO - Processing file /home/airflow/.local/lib/python3.8/site-packages/airflow/example_dags/subdags/subdag.py for tasks to queue
[2026-06-07T17:40:38.030+0000] {logging_mixin.py:154} INFO - [2026-06-07T17:40:38.029+0000] {dagbag.py:536} INFO - Filling up the DagBag from /home/airflow/.local/lib/python3.8/site-packages/airflow/example_dags/subdags/subdag.py
[2026-06-07T17:40:38.057+0000] {processor.py:841} WARNING - No viable dags retrieved from /home/airflow/.local/lib/python3.8/site-packages/airflow/example_dags/subdags/subdag.py
[2026-06-07T17:40:38.153+0000] {processor.py:179} INFO - Processing /home/airflow/.local/lib/python3.8/site-packages/airflow/example_dags/subdags/subdag.py took 0.148 seconds
[2026-06-07T17:41:08.280+0000] {processor.py:157} INFO - Started process (PID=427) to work on /home/airflow/.local/lib/python3.8/site-packages/airflow/example_dags/subdags/subdag.py
[2026-06-07T17:41:08.281+0000] {processor.py:829} INFO - Processing file /home/airflow/.local/lib/python3.8/site-packages/airflow/example_dags/subdags/subdag.py for tasks to queue
[2026-06-07T17:41:08.282+0000] {logging_mixin.py:154} INFO - [2026-06-07T17:41:08.282+0000] {dagbag.py:536} INFO - Filling up the DagBag from /home/airflow/.local/lib/python3.8/site-packages/airflow/example_dags/subdags/subdag.py
[2026-06-07T17:41:08.285+0000] {processor.py:841} WARNING - No viable dags retrieved from /home/airflow/.local/lib/python3.8/site-packages/airflow/example_dags/subdags/subdag.py
[2026-06-07T17:41:08.323+0000] {processor.py:179} INFO - Processing /home/airflow/.local/lib/python3.8/site-packages/airflow/example_dags/subdags/subdag.py took 0.048 seconds
[2026-06-07T17:41:38.585+0000] {processor.py:157} INFO - Started process (PID=483) to work on /home/airflow/.local/lib/python3.8/site-packages/airflow/example_dags/subdags/subdag.py
[2026-06-07T17:41:38.588+0000] {processor.py:829} INFO - Processing file /home/airflow/.local/lib/python3.8/site-packages/airflow/example_dags/subdags/subdag.py for tasks to queue
[2026-06-07T17:41:38.588+0000] {logging_mixin.py:154} INFO - [2026-06-07T17:41:38.588+0000] {dagbag.py:536} INFO - Filling up the DagBag from /home/airflow/.local/lib/python3.8/site-packages/airflow/example_dags/subdags/subdag.py
[2026-06-07T17:41:38.591+0000] {processor.py:841} WARNING - No viable dags retrieved from /home/airflow/.local/lib/python3.8/site-packages/airflow/example_dags/subdags/subdag.py
[2026-06-07T17:41:38.606+0000] {processor.py:179} INFO - Processing /home/airflow/.local/lib/python3.8/site-packages/airflow/example_dags/subdags/subdag.py took 0.024 seconds
[2026-06-07T17:42:08.914+0000] {processor.py:157} INFO - Started process (PID=539) to work on /home/airflow/.local/lib/python3.8/site-packages/airflow/example_dags/subdags/subdag.py
[2026-06-07T17:42:08.917+0000] {processor.py:829} INFO - Processing file /home/airflow/.local/lib/python3.8/site-packages/airflow/example_dags/subdags/subdag.py for tasks to queue
[2026-06-07T17:42:08.918+0000] {logging_mixin.py:154} INFO - [2026-06-07T17:42:08.918+0000] {dagbag.py:536} INFO - Filling up the DagBag from /home/airflow/.local/lib/python3.8/site-packages/airflow/example_dags/subdags/subdag.py
[2026-06-07T17:42:08.939+0000] {processor.py:841} WARNING - No viable dags retrieved from /home/airflow/.local/lib/python3.8/site-packages/airflow/example_dags/subdags/subdag.py
[2026-06-07T17:42:08.958+0000] {processor.py:179} INFO - Processing /home/airflow/.local/lib/python3.8/site-packages/airflow/example_dags/subdags/subdag.py took 0.050 seconds
[2026-06-07T17:42:44.638+0000] {processor.py:157} INFO - Started process (PID=603) to work on /home/airflow/.local/lib/python3.8/site-packages/airflow/example_dags/subdags/subdag.py
[2026-06-07T17:42:44.649+0000] {processor.py:829} INFO - Processing file /home/airflow/.local/lib/python3.8/site-packages/airflow/example_dags/subdags/subdag.py for tasks to queue
[2026-06-07T17:42:44.650+0000] {logging_mixin.py:154} INFO - [2026-06-07T17:42:44.650+0000] {dagbag.py:536} INFO - Filling up the DagBag from /home/airflow/.local/lib/python3.8/site-packages/airflow/example_dags/subdags/subdag.py
[2026-06-07T17:42:44.665+0000] {processor.py:841} WARNING - No viable dags retrieved from /home/airflow/.local/lib/python3.8/site-packages/airflow/example_dags/subdags/subdag.py
[2026-06-07T17:42:44.758+0000] {processor.py:179} INFO - Processing /home/airflow/.local/lib/python3.8/site-packages/airflow/example_dags/subdags/subdag.py took 0.132 seconds
[2026-06-07T17:43:16.156+0000] {processor.py:157} INFO - Started process (PID=658) to work on /home/airflow/.local/lib/python3.8/site-packages/airflow/example_dags/subdags/subdag.py
[2026-06-07T17:43:16.165+0000] {processor.py:829} INFO - Processing file /home/airflow/.local/lib/python3.8/site-packages/airflow/example_dags/subdags/subdag.py for tasks to queue
[2026-06-07T17:43:16.176+0000] {logging_mixin.py:154} INFO - [2026-06-07T17:43:16.175+0000] {dagbag.py:536} INFO - Filling up the DagBag from /home/airflow/.local/lib/python3.8/site-packages/airflow/example_dags/subdags/subdag.py
[2026-06-07T17:43:16.197+0000] {processor.py:841} WARNING - No viable dags retrieved from /home/airflow/.local/lib/python3.8/site-packages/airflow/example_dags/subdags/subdag.py
[2026-06-07T17:43:16.261+0000] {processor.py:179} INFO - Processing /home/airflow/.local/lib/python3.8/site-packages/airflow/example_dags/subdags/subdag.py took 0.172 seconds
[2026-06-07T17:43:47.077+0000] {processor.py:157} INFO - Started process (PID=714) to work on /home/airflow/.local/lib/python3.8/site-packages/airflow/example_dags/subdags/subdag.py
[2026-06-07T17:43:47.089+0000] {processor.py:829} INFO - Processing file /home/airflow/.local/lib/python3.8/site-packages/airflow/example_dags/subdags/subdag.py for tasks to queue
[2026-06-07T17:43:47.090+0000] {logging_mixin.py:154} INFO - [2026-06-07T17:43:47.090+0000] {dagbag.py:536} INFO - Filling up the DagBag from /home/airflow/.local/lib/python3.8/site-packages/airflow/example_dags/subdags/subdag.py
[2026-06-07T17:43:47.094+0000] {processor.py:841} WARNING - No viable dags retrieved from /home/airflow/.local/lib/python3.8/site-packages/airflow/example_dags/subdags/subdag.py
[2026-06-07T17:43:47.137+0000] {processor.py:179} INFO - Processing /home/airflow/.local/lib/python3.8/site-packages/airflow/example_dags/subdags/subdag.py took 0.089 seconds
[2026-06-07T17:44:17.642+0000] {processor.py:157} INFO - Started process (PID=770) to work on /home/airflow/.local/lib/python3.8/site-packages/airflow/example_dags/subdags/subdag.py
[2026-06-07T17:44:17.643+0000] {processor.py:829} INFO - Processing file /home/airflow/.local/lib/python3.8/site-packages/airflow/example_dags/subdags/subdag.py for tasks to queue
[2026-06-07T17:44:17.644+0000] {logging_mixin.py:154} INFO - [2026-06-07T17:44:17.644+0000] {dagbag.py:536} INFO - Filling up the DagBag from /home/airflow/.local/lib/python3.8/site-packages/airflow/example_dags/subdags/subdag.py
[2026-06-07T17:44:17.647+0000] {processor.py:841} WARNING - No viable dags retrieved from /home/airflow/.local/lib/python3.8/site-packages/airflow/example_dags/subdags/subdag.py
[2026-06-07T17:44:17.667+0000] {processor.py:179} INFO - Processing /home/airflow/.local/lib/python3.8/site-packages/airflow/example_dags/subdags/subdag.py took 0.030 seconds
[2026-06-07T17:44:48.357+0000] {processor.py:157} INFO - Started process (PID=827) to work on /home/airflow/.local/lib/python3.8/site-packages/airflow/example_dags/subdags/subdag.py
[2026-06-07T17:44:48.358+0000] {processor.py:829} INFO - Processing file /home/airflow/.local/lib/python3.8/site-packages/airflow/example_dags/subdags/subdag.py for tasks to queue
[2026-06-07T17:44:48.359+0000] {logging_mixin.py:154} INFO - [2026-06-07T17:44:48.359+0000] {dagbag.py:536} INFO - Filling up the DagBag from /home/airflow/.local/lib/python3.8/site-packages/airflow/example_dags/subdags/subdag.py
[2026-06-07T17:44:48.362+0000] {processor.py:841} WARNING - No viable dags retrieved from /home/airflow/.local/lib/python3.8/site-packages/airflow/example_dags/subdags/subdag.py
[2026-06-07T17:44:48.378+0000] {processor.py:179} INFO - Processing /home/airflow/.local/lib/python3.8/site-packages/airflow/example_dags/subdags/subdag.py took 0.026 seconds
[2026-06-07T17:45:23.158+0000] {processor.py:157} INFO - Started process (PID=886) to work on /home/airflow/.local/lib/python3.8/site-packages/airflow/example_dags/subdags/subdag.py
[2026-06-07T17:45:23.167+0000] {processor.py:829} INFO - Processing file /home/airflow/.local/lib/python3.8/site-packages/airflow/example_dags/subdags/subdag.py for tasks to queue
[2026-06-07T17:45:23.177+0000] {logging_mixin.py:154} INFO - [2026-06-07T17:45:23.168+0000] {dagbag.py:536} INFO - Filling up the DagBag from /home/airflow/.local/lib/python3.8/site-packages/airflow/example_dags/subdags/subdag.py
[2026-06-07T17:45:23.182+0000] {processor.py:841} WARNING - No viable dags retrieved from /home/airflow/.local/lib/python3.8/site-packages/airflow/example_dags/subdags/subdag.py
[2026-06-07T17:45:23.226+0000] {processor.py:179} INFO - Processing /home/airflow/.local/lib/python3.8/site-packages/airflow/example_dags/subdags/subdag.py took 0.072 seconds
[2026-06-07T17:45:56.469+0000] {processor.py:157} INFO - Started process (PID=945) to work on /home/airflow/.local/lib/python3.8/site-packages/airflow/example_dags/subdags/subdag.py
[2026-06-07T17:45:56.485+0000] {processor.py:829} INFO - Processing file /home/airflow/.local/lib/python3.8/site-packages/airflow/example_dags/subdags/subdag.py for tasks to queue
[2026-06-07T17:45:56.489+0000] {logging_mixin.py:154} INFO - [2026-06-07T17:45:56.489+0000] {dagbag.py:536} INFO - Filling up the DagBag from /home/airflow/.local/lib/python3.8/site-packages/airflow/example_dags/subdags/subdag.py
[2026-06-07T17:45:56.508+0000] {processor.py:841} WARNING - No viable dags retrieved from /home/airflow/.local/lib/python3.8/site-packages/airflow/example_dags/subdags/subdag.py
[2026-06-07T17:45:56.649+0000] {processor.py:179} INFO - Processing /home/airflow/.local/lib/python3.8/site-packages/airflow/example_dags/subdags/subdag.py took 0.225 seconds
[2026-06-07T17:46:26.744+0000] {processor.py:157} INFO - Started process (PID=998) to work on /home/airflow/.local/lib/python3.8/site-packages/airflow/example_dags/subdags/subdag.py
[2026-06-07T17:46:26.746+0000] {processor.py:829} INFO - Processing file /home/airflow/.local/lib/python3.8/site-packages/airflow/example_dags/subdags/subdag.py for tasks to queue
[2026-06-07T17:46:26.746+0000] {logging_mixin.py:154} INFO - [2026-06-07T17:46:26.746+0000] {dagbag.py:536} INFO - Filling up the DagBag from /home/airflow/.local/lib/python3.8/site-packages/airflow/example_dags/subdags/subdag.py
[2026-06-07T17:46:26.749+0000] {processor.py:841} WARNING - No viable dags retrieved from /home/airflow/.local/lib/python3.8/site-packages/airflow/example_dags/subdags/subdag.py
[2026-06-07T17:46:26.763+0000] {processor.py:179} INFO - Processing /home/airflow/.local/lib/python3.8/site-packages/airflow/example_dags/subdags/subdag.py took 0.022 seconds
[2026-06-07T17:46:56.929+0000] {processor.py:157} INFO - Started process (PID=1054) to work on /home/airflow/.local/lib/python3.8/site-packages/airflow/example_dags/subdags/subdag.py
[2026-06-07T17:46:56.931+0000] {processor.py:829} INFO - Processing file /home/airflow/.local/lib/python3.8/site-packages/airflow/example_dags/subdags/subdag.py for tasks to queue
[2026-06-07T17:46:56.932+0000] {logging_mixin.py:154} INFO - [2026-06-07T17:46:56.932+0000] {dagbag.py:536} INFO - Filling up the DagBag from /home/airflow/.local/lib/python3.8/site-packages/airflow/example_dags/subdags/subdag.py
[2026-06-07T17:46:56.935+0000] {processor.py:841} WARNING - No viable dags retrieved from /home/airflow/.local/lib/python3.8/site-packages/airflow/example_dags/subdags/subdag.py
[2026-06-07T17:46:56.950+0000] {processor.py:179} INFO - Processing /home/airflow/.local/lib/python3.8/site-packages/airflow/example_dags/subdags/subdag.py took 0.024 seconds
[2026-06-07T17:47:28.654+0000] {processor.py:157} INFO - Started process (PID=1109) to work on /home/airflow/.local/lib/python3.8/site-packages/airflow/example_dags/subdags/subdag.py
[2026-06-07T17:47:28.657+0000] {processor.py:829} INFO - Processing file /home/airflow/.local/lib/python3.8/site-packages/airflow/example_dags/subdags/subdag.py for tasks to queue
[2026-06-07T17:47:28.658+0000] {logging_mixin.py:154} INFO - [2026-06-07T17:47:28.658+0000] {dagbag.py:536} INFO - Filling up the DagBag from /home/airflow/.local/lib/python3.8/site-packages/airflow/example_dags/subdags/subdag.py
[2026-06-07T17:47:28.663+0000] {processor.py:841} WARNING - No viable dags retrieved from /home/airflow/.local/lib/python3.8/site-packages/airflow/example_dags/subdags/subdag.py
[2026-06-07T17:47:28.682+0000] {processor.py:179} INFO - Processing /home/airflow/.local/lib/python3.8/site-packages/airflow/example_dags/subdags/subdag.py took 0.033 seconds
[2026-06-07T17:48:08.198+0000] {processor.py:157} INFO - Started process (PID=1166) to work on /home/airflow/.local/lib/python3.8/site-packages/airflow/example_dags/subdags/subdag.py
[2026-06-07T17:48:08.200+0000] {processor.py:829} INFO - Processing file /home/airflow/.local/lib/python3.8/site-packages/airflow/example_dags/subdags/subdag.py for tasks to queue
[2026-06-07T17:48:08.201+0000] {logging_mixin.py:154} INFO - [2026-06-07T17:48:08.201+0000] {dagbag.py:536} INFO - Filling up the DagBag from /home/airflow/.local/lib/python3.8/site-packages/airflow/example_dags/subdags/subdag.py
[2026-06-07T17:48:08.208+0000] {processor.py:841} WARNING - No viable dags retrieved from /home/airflow/.local/lib/python3.8/site-packages/airflow/example_dags/subdags/subdag.py
[2026-06-07T17:48:08.226+0000] {processor.py:179} INFO - Processing /home/airflow/.local/lib/python3.8/site-packages/airflow/example_dags/subdags/subdag.py took 0.033 seconds
[2026-06-07T17:51:02.033+0000] {processor.py:157} INFO - Started process (PID=1222) to work on /home/airflow/.local/lib/python3.8/site-packages/airflow/example_dags/subdags/subdag.py
[2026-06-07T17:51:02.059+0000] {processor.py:829} INFO - Processing file /home/airflow/.local/lib/python3.8/site-packages/airflow/example_dags/subdags/subdag.py for tasks to queue
[2026-06-07T17:51:02.060+0000] {logging_mixin.py:154} INFO - [2026-06-07T17:51:02.060+0000] {dagbag.py:536} INFO - Filling up the DagBag from /home/airflow/.local/lib/python3.8/site-packages/airflow/example_dags/subdags/subdag.py
[2026-06-07T17:51:02.063+0000] {processor.py:841} WARNING - No viable dags retrieved from /home/airflow/.local/lib/python3.8/site-packages/airflow/example_dags/subdags/subdag.py
[2026-06-07T17:51:02.466+0000] {processor.py:179} INFO - Processing /home/airflow/.local/lib/python3.8/site-packages/airflow/example_dags/subdags/subdag.py took 0.456 seconds
[2026-06-07T17:51:33.387+0000] {processor.py:157} INFO - Started process (PID=1278) to work on /home/airflow/.local/lib/python3.8/site-packages/airflow/example_dags/subdags/subdag.py
[2026-06-07T17:51:33.397+0000] {processor.py:829} INFO - Processing file /home/airflow/.local/lib/python3.8/site-packages/airflow/example_dags/subdags/subdag.py for tasks to queue
[2026-06-07T17:51:33.398+0000] {logging_mixin.py:154} INFO - [2026-06-07T17:51:33.398+0000] {dagbag.py:536} INFO - Filling up the DagBag from /home/airflow/.local/lib/python3.8/site-packages/airflow/example_dags/subdags/subdag.py
[2026-06-07T17:51:33.405+0000] {processor.py:841} WARNING - No viable dags retrieved from /home/airflow/.local/lib/python3.8/site-packages/airflow/example_dags/subdags/subdag.py
[2026-06-07T17:51:33.424+0000] {processor.py:179} INFO - Processing /home/airflow/.local/lib/python3.8/site-packages/airflow/example_dags/subdags/subdag.py took 0.042 seconds
[2026-06-07T17:52:03.628+0000] {processor.py:157} INFO - Started process (PID=1334) to work on /home/airflow/.local/lib/python3.8/site-packages/airflow/example_dags/subdags/subdag.py
[2026-06-07T17:52:03.630+0000] {processor.py:829} INFO - Processing file /home/airflow/.local/lib/python3.8/site-packages/airflow/example_dags/subdags/subdag.py for tasks to queue
[2026-06-07T17:52:03.632+0000] {logging_mixin.py:154} INFO - [2026-06-07T17:52:03.631+0000] {dagbag.py:536} INFO - Filling up the DagBag from /home/airflow/.local/lib/python3.8/site-packages/airflow/example_dags/subdags/subdag.py
[2026-06-07T17:52:03.658+0000] {processor.py:841} WARNING - No viable dags retrieved from /home/airflow/.local/lib/python3.8/site-packages/airflow/example_dags/subdags/subdag.py
[2026-06-07T17:52:03.675+0000] {processor.py:179} INFO - Processing /home/airflow/.local/lib/python3.8/site-packages/airflow/example_dags/subdags/subdag.py took 0.052 seconds
[2026-06-07T17:52:37.459+0000] {processor.py:157} INFO - Started process (PID=1397) to work on /home/airflow/.local/lib/python3.8/site-packages/airflow/example_dags/subdags/subdag.py
[2026-06-07T17:52:37.464+0000] {processor.py:829} INFO - Processing file /home/airflow/.local/lib/python3.8/site-packages/airflow/example_dags/subdags/subdag.py for tasks to queue
[2026-06-07T17:52:37.465+0000] {logging_mixin.py:154} INFO - [2026-06-07T17:52:37.464+0000] {dagbag.py:536} INFO - Filling up the DagBag from /home/airflow/.local/lib/python3.8/site-packages/airflow/example_dags/subdags/subdag.py
[2026-06-07T17:52:37.468+0000] {processor.py:841} WARNING - No viable dags retrieved from /home/airflow/.local/lib/python3.8/site-packages/airflow/example_dags/subdags/subdag.py
[2026-06-07T17:52:37.482+0000] {processor.py:179} INFO - Processing /home/airflow/.local/lib/python3.8/site-packages/airflow/example_dags/subdags/subdag.py took 0.027 seconds
[2026-06-07T17:53:08.197+0000] {processor.py:157} INFO - Started process (PID=1451) to work on /home/airflow/.local/lib/python3.8/site-packages/airflow/example_dags/subdags/subdag.py
[2026-06-07T17:53:08.198+0000] {processor.py:829} INFO - Processing file /home/airflow/.local/lib/python3.8/site-packages/airflow/example_dags/subdags/subdag.py for tasks to queue
[2026-06-07T17:53:08.199+0000] {logging_mixin.py:154} INFO - [2026-06-07T17:53:08.198+0000] {dagbag.py:536} INFO - Filling up the DagBag from /home/airflow/.local/lib/python3.8/site-packages/airflow/example_dags/subdags/subdag.py
[2026-06-07T17:53:08.210+0000] {processor.py:841} WARNING - No viable dags retrieved from /home/airflow/.local/lib/python3.8/site-packages/airflow/example_dags/subdags/subdag.py
[2026-06-07T17:53:08.254+0000] {processor.py:179} INFO - Processing /home/airflow/.local/lib/python3.8/site-packages/airflow/example_dags/subdags/subdag.py took 0.075 seconds
[2026-06-07T17:53:38.963+0000] {processor.py:157} INFO - Started process (PID=1507) to work on /home/airflow/.local/lib/python3.8/site-packages/airflow/example_dags/subdags/subdag.py
[2026-06-07T17:53:38.964+0000] {processor.py:829} INFO - Processing file /home/airflow/.local/lib/python3.8/site-packages/airflow/example_dags/subdags/subdag.py for tasks to queue
[2026-06-07T17:53:38.965+0000] {logging_mixin.py:154} INFO - [2026-06-07T17:53:38.965+0000] {dagbag.py:536} INFO - Filling up the DagBag from /home/airflow/.local/lib/python3.8/site-packages/airflow/example_dags/subdags/subdag.py
[2026-06-07T17:53:38.968+0000] {processor.py:841} WARNING - No viable dags retrieved from /home/airflow/.local/lib/python3.8/site-packages/airflow/example_dags/subdags/subdag.py
[2026-06-07T17:53:38.982+0000] {processor.py:179} INFO - Processing /home/airflow/.local/lib/python3.8/site-packages/airflow/example_dags/subdags/subdag.py took 0.024 seconds
[2026-06-07T17:54:09.272+0000] {processor.py:157} INFO - Started process (PID=1563) to work on /home/airflow/.local/lib/python3.8/site-packages/airflow/example_dags/subdags/subdag.py
[2026-06-07T17:54:09.273+0000] {processor.py:829} INFO - Processing file /home/airflow/.local/lib/python3.8/site-packages/airflow/example_dags/subdags/subdag.py for tasks to queue
[2026-06-07T17:54:09.275+0000] {logging_mixin.py:154} INFO - [2026-06-07T17:54:09.274+0000] {dagbag.py:536} INFO - Filling up the DagBag from /home/airflow/.local/lib/python3.8/site-packages/airflow/example_dags/subdags/subdag.py
[2026-06-07T17:54:09.278+0000] {processor.py:841} WARNING - No viable dags retrieved from /home/airflow/.local/lib/python3.8/site-packages/airflow/example_dags/subdags/subdag.py
[2026-06-07T17:54:09.294+0000] {processor.py:179} INFO - Processing /home/airflow/.local/lib/python3.8/site-packages/airflow/example_dags/subdags/subdag.py took 0.027 seconds
[2026-06-07T17:54:39.643+0000] {processor.py:157} INFO - Started process (PID=1619) to work on /home/airflow/.local/lib/python3.8/site-packages/airflow/example_dags/subdags/subdag.py
[2026-06-07T17:54:39.645+0000] {processor.py:829} INFO - Processing file /home/airflow/.local/lib/python3.8/site-packages/airflow/example_dags/subdags/subdag.py for tasks to queue
[2026-06-07T17:54:39.646+0000] {logging_mixin.py:154} INFO - [2026-06-07T17:54:39.645+0000] {dagbag.py:536} INFO - Filling up the DagBag from /home/airflow/.local/lib/python3.8/site-packages/airflow/example_dags/subdags/subdag.py
[2026-06-07T17:54:39.648+0000] {processor.py:841} WARNING - No viable dags retrieved from /home/airflow/.local/lib/python3.8/site-packages/airflow/example_dags/subdags/subdag.py
[2026-06-07T17:54:39.662+0000] {processor.py:179} INFO - Processing /home/airflow/.local/lib/python3.8/site-packages/airflow/example_dags/subdags/subdag.py took 0.023 seconds
[2026-06-07T17:55:10.430+0000] {processor.py:157} INFO - Started process (PID=1675) to work on /home/airflow/.local/lib/python3.8/site-packages/airflow/example_dags/subdags/subdag.py
[2026-06-07T17:55:10.432+0000] {processor.py:829} INFO - Processing file /home/airflow/.local/lib/python3.8/site-packages/airflow/example_dags/subdags/subdag.py for tasks to queue
[2026-06-07T17:55:10.433+0000] {logging_mixin.py:154} INFO - [2026-06-07T17:55:10.432+0000] {dagbag.py:536} INFO - Filling up the DagBag from /home/airflow/.local/lib/python3.8/site-packages/airflow/example_dags/subdags/subdag.py
[2026-06-07T17:55:10.436+0000] {processor.py:841} WARNING - No viable dags retrieved from /home/airflow/.local/lib/python3.8/site-packages/airflow/example_dags/subdags/subdag.py
[2026-06-07T17:55:10.455+0000] {processor.py:179} INFO - Processing /home/airflow/.local/lib/python3.8/site-packages/airflow/example_dags/subdags/subdag.py took 0.030 seconds
[2026-06-07T17:55:41.009+0000] {processor.py:157} INFO - Started process (PID=1731) to work on /home/airflow/.local/lib/python3.8/site-packages/airflow/example_dags/subdags/subdag.py
[2026-06-07T17:55:41.010+0000] {processor.py:829} INFO - Processing file /home/airflow/.local/lib/python3.8/site-packages/airflow/example_dags/subdags/subdag.py for tasks to queue
[2026-06-07T17:55:41.011+0000] {logging_mixin.py:154} INFO - [2026-06-07T17:55:41.011+0000] {dagbag.py:536} INFO - Filling up the DagBag from /home/airflow/.local/lib/python3.8/site-packages/airflow/example_dags/subdags/subdag.py
[2026-06-07T17:55:41.014+0000] {processor.py:841} WARNING - No viable dags retrieved from /home/airflow/.local/lib/python3.8/site-packages/airflow/example_dags/subdags/subdag.py
[2026-06-07T17:55:41.030+0000] {processor.py:179} INFO - Processing /home/airflow/.local/lib/python3.8/site-packages/airflow/example_dags/subdags/subdag.py took 0.026 seconds
[2026-06-07T17:56:11.893+0000] {processor.py:157} INFO - Started process (PID=1786) to work on /home/airflow/.local/lib/python3.8/site-packages/airflow/example_dags/subdags/subdag.py
[2026-06-07T17:56:11.894+0000] {processor.py:829} INFO - Processing file /home/airflow/.local/lib/python3.8/site-packages/airflow/example_dags/subdags/subdag.py for tasks to queue
[2026-06-07T17:56:11.895+0000] {logging_mixin.py:154} INFO - [2026-06-07T17:56:11.895+0000] {dagbag.py:536} INFO - Filling up the DagBag from /home/airflow/.local/lib/python3.8/site-packages/airflow/example_dags/subdags/subdag.py
[2026-06-07T17:56:11.914+0000] {processor.py:841} WARNING - No viable dags retrieved from /home/airflow/.local/lib/python3.8/site-packages/airflow/example_dags/subdags/subdag.py
[2026-06-07T17:56:11.966+0000] {processor.py:179} INFO - Processing /home/airflow/.local/lib/python3.8/site-packages/airflow/example_dags/subdags/subdag.py took 0.087 seconds
[2026-06-07T17:56:42.164+0000] {processor.py:157} INFO - Started process (PID=1842) to work on /home/airflow/.local/lib/python3.8/site-packages/airflow/example_dags/subdags/subdag.py
[2026-06-07T17:56:42.170+0000] {processor.py:829} INFO - Processing file /home/airflow/.local/lib/python3.8/site-packages/airflow/example_dags/subdags/subdag.py for tasks to queue
[2026-06-07T17:56:42.171+0000] {logging_mixin.py:154} INFO - [2026-06-07T17:56:42.171+0000] {dagbag.py:536} INFO - Filling up the DagBag from /home/airflow/.local/lib/python3.8/site-packages/airflow/example_dags/subdags/subdag.py
[2026-06-07T17:56:42.175+0000] {processor.py:841} WARNING - No viable dags retrieved from /home/airflow/.local/lib/python3.8/site-packages/airflow/example_dags/subdags/subdag.py
[2026-06-07T17:56:42.199+0000] {processor.py:179} INFO - Processing /home/airflow/.local/lib/python3.8/site-packages/airflow/example_dags/subdags/subdag.py took 0.039 seconds
[2026-06-07T17:57:12.775+0000] {processor.py:157} INFO - Started process (PID=1898) to work on /home/airflow/.local/lib/python3.8/site-packages/airflow/example_dags/subdags/subdag.py
[2026-06-07T17:57:12.781+0000] {processor.py:829} INFO - Processing file /home/airflow/.local/lib/python3.8/site-packages/airflow/example_dags/subdags/subdag.py for tasks to queue
[2026-06-07T17:57:12.782+0000] {logging_mixin.py:154} INFO - [2026-06-07T17:57:12.782+0000] {dagbag.py:536} INFO - Filling up the DagBag from /home/airflow/.local/lib/python3.8/site-packages/airflow/example_dags/subdags/subdag.py
[2026-06-07T17:57:12.785+0000] {processor.py:841} WARNING - No viable dags retrieved from /home/airflow/.local/lib/python3.8/site-packages/airflow/example_dags/subdags/subdag.py
[2026-06-07T17:57:12.830+0000] {processor.py:179} INFO - Processing /home/airflow/.local/lib/python3.8/site-packages/airflow/example_dags/subdags/subdag.py took 0.066 seconds
[2026-06-07T17:57:43.801+0000] {processor.py:157} INFO - Started process (PID=1953) to work on /home/airflow/.local/lib/python3.8/site-packages/airflow/example_dags/subdags/subdag.py
[2026-06-07T17:57:43.805+0000] {processor.py:829} INFO - Processing file /home/airflow/.local/lib/python3.8/site-packages/airflow/example_dags/subdags/subdag.py for tasks to queue
[2026-06-07T17:57:43.806+0000] {logging_mixin.py:154} INFO - [2026-06-07T17:57:43.806+0000] {dagbag.py:536} INFO - Filling up the DagBag from /home/airflow/.local/lib/python3.8/site-packages/airflow/example_dags/subdags/subdag.py
[2026-06-07T17:57:43.829+0000] {processor.py:841} WARNING - No viable dags retrieved from /home/airflow/.local/lib/python3.8/site-packages/airflow/example_dags/subdags/subdag.py
[2026-06-07T17:57:43.873+0000] {processor.py:179} INFO - Processing /home/airflow/.local/lib/python3.8/site-packages/airflow/example_dags/subdags/subdag.py took 0.089 seconds
[2026-06-07T17:58:14.442+0000] {processor.py:157} INFO - Started process (PID=2008) to work on /home/airflow/.local/lib/python3.8/site-packages/airflow/example_dags/subdags/subdag.py
[2026-06-07T17:58:14.443+0000] {processor.py:829} INFO - Processing file /home/airflow/.local/lib/python3.8/site-packages/airflow/example_dags/subdags/subdag.py for tasks to queue
[2026-06-07T17:58:14.444+0000] {logging_mixin.py:154} INFO - [2026-06-07T17:58:14.444+0000] {dagbag.py:536} INFO - Filling up the DagBag from /home/airflow/.local/lib/python3.8/site-packages/airflow/example_dags/subdags/subdag.py
[2026-06-07T17:58:14.447+0000] {processor.py:841} WARNING - No viable dags retrieved from /home/airflow/.local/lib/python3.8/site-packages/airflow/example_dags/subdags/subdag.py
[2026-06-07T17:58:14.489+0000] {processor.py:179} INFO - Processing /home/airflow/.local/lib/python3.8/site-packages/airflow/example_dags/subdags/subdag.py took 0.052 seconds
[2026-06-07T17:58:45.197+0000] {processor.py:157} INFO - Started process (PID=2064) to work on /home/airflow/.local/lib/python3.8/site-packages/airflow/example_dags/subdags/subdag.py
[2026-06-07T17:58:45.201+0000] {processor.py:829} INFO - Processing file /home/airflow/.local/lib/python3.8/site-packages/airflow/example_dags/subdags/subdag.py for tasks to queue
[2026-06-07T17:58:45.202+0000] {logging_mixin.py:154} INFO - [2026-06-07T17:58:45.202+0000] {dagbag.py:536} INFO - Filling up the DagBag from /home/airflow/.local/lib/python3.8/site-packages/airflow/example_dags/subdags/subdag.py
[2026-06-07T17:58:45.205+0000] {processor.py:841} WARNING - No viable dags retrieved from /home/airflow/.local/lib/python3.8/site-packages/airflow/example_dags/subdags/subdag.py
[2026-06-07T17:58:45.225+0000] {processor.py:179} INFO - Processing /home/airflow/.local/lib/python3.8/site-packages/airflow/example_dags/subdags/subdag.py took 0.032 seconds
[2026-06-07T17:59:15.894+0000] {processor.py:157} INFO - Started process (PID=2119) to work on /home/airflow/.local/lib/python3.8/site-packages/airflow/example_dags/subdags/subdag.py
[2026-06-07T17:59:15.895+0000] {processor.py:829} INFO - Processing file /home/airflow/.local/lib/python3.8/site-packages/airflow/example_dags/subdags/subdag.py for tasks to queue
[2026-06-07T17:59:15.896+0000] {logging_mixin.py:154} INFO - [2026-06-07T17:59:15.896+0000] {dagbag.py:536} INFO - Filling up the DagBag from /home/airflow/.local/lib/python3.8/site-packages/airflow/example_dags/subdags/subdag.py
[2026-06-07T17:59:15.899+0000] {processor.py:841} WARNING - No viable dags retrieved from /home/airflow/.local/lib/python3.8/site-packages/airflow/example_dags/subdags/subdag.py
[2026-06-07T17:59:15.920+0000] {processor.py:179} INFO - Processing /home/airflow/.local/lib/python3.8/site-packages/airflow/example_dags/subdags/subdag.py took 0.031 seconds
[2026-06-07T17:59:46.990+0000] {processor.py:157} INFO - Started process (PID=2175) to work on /home/airflow/.local/lib/python3.8/site-packages/airflow/example_dags/subdags/subdag.py
[2026-06-07T17:59:46.997+0000] {processor.py:829} INFO - Processing file /home/airflow/.local/lib/python3.8/site-packages/airflow/example_dags/subdags/subdag.py for tasks to queue
[2026-06-07T17:59:47.000+0000] {logging_mixin.py:154} INFO - [2026-06-07T17:59:46.999+0000] {dagbag.py:536} INFO - Filling up the DagBag from /home/airflow/.local/lib/python3.8/site-packages/airflow/example_dags/subdags/subdag.py
[2026-06-07T17:59:47.017+0000] {processor.py:841} WARNING - No viable dags retrieved from /home/airflow/.local/lib/python3.8/site-packages/airflow/example_dags/subdags/subdag.py
[2026-06-07T17:59:47.061+0000] {processor.py:179} INFO - Processing /home/airflow/.local/lib/python3.8/site-packages/airflow/example_dags/subdags/subdag.py took 0.090 seconds
[2026-06-07T18:00:18.537+0000] {processor.py:157} INFO - Started process (PID=2231) to work on /home/airflow/.local/lib/python3.8/site-packages/airflow/example_dags/subdags/subdag.py
[2026-06-07T18:00:18.538+0000] {processor.py:829} INFO - Processing file /home/airflow/.local/lib/python3.8/site-packages/airflow/example_dags/subdags/subdag.py for tasks to queue
[2026-06-07T18:00:18.539+0000] {logging_mixin.py:154} INFO - [2026-06-07T18:00:18.539+0000] {dagbag.py:536} INFO - Filling up the DagBag from /home/airflow/.local/lib/python3.8/site-packages/airflow/example_dags/subdags/subdag.py
[2026-06-07T18:00:18.542+0000] {processor.py:841} WARNING - No viable dags retrieved from /home/airflow/.local/lib/python3.8/site-packages/airflow/example_dags/subdags/subdag.py
[2026-06-07T18:00:18.618+0000] {processor.py:179} INFO - Processing /home/airflow/.local/lib/python3.8/site-packages/airflow/example_dags/subdags/subdag.py took 0.104 seconds
[2026-06-07T18:00:49.447+0000] {processor.py:157} INFO - Started process (PID=2288) to work on /home/airflow/.local/lib/python3.8/site-packages/airflow/example_dags/subdags/subdag.py
[2026-06-07T18:00:49.450+0000] {processor.py:829} INFO - Processing file /home/airflow/.local/lib/python3.8/site-packages/airflow/example_dags/subdags/subdag.py for tasks to queue
[2026-06-07T18:00:49.457+0000] {logging_mixin.py:154} INFO - [2026-06-07T18:00:49.457+0000] {dagbag.py:536} INFO - Filling up the DagBag from /home/airflow/.local/lib/python3.8/site-packages/airflow/example_dags/subdags/subdag.py
[2026-06-07T18:00:49.466+0000] {processor.py:841} WARNING - No viable dags retrieved from /home/airflow/.local/lib/python3.8/site-packages/airflow/example_dags/subdags/subdag.py
[2026-06-07T18:00:49.515+0000] {processor.py:179} INFO - Processing /home/airflow/.local/lib/python3.8/site-packages/airflow/example_dags/subdags/subdag.py took 0.075 seconds
[2026-06-07T18:01:20.261+0000] {processor.py:157} INFO - Started process (PID=2346) to work on /home/airflow/.local/lib/python3.8/site-packages/airflow/example_dags/subdags/subdag.py
[2026-06-07T18:01:20.262+0000] {processor.py:829} INFO - Processing file /home/airflow/.local/lib/python3.8/site-packages/airflow/example_dags/subdags/subdag.py for tasks to queue
[2026-06-07T18:01:20.264+0000] {logging_mixin.py:154} INFO - [2026-06-07T18:01:20.263+0000] {dagbag.py:536} INFO - Filling up the DagBag from /home/airflow/.local/lib/python3.8/site-packages/airflow/example_dags/subdags/subdag.py
[2026-06-07T18:01:20.267+0000] {processor.py:841} WARNING - No viable dags retrieved from /home/airflow/.local/lib/python3.8/site-packages/airflow/example_dags/subdags/subdag.py
[2026-06-07T18:01:20.286+0000] {processor.py:179} INFO - Processing /home/airflow/.local/lib/python3.8/site-packages/airflow/example_dags/subdags/subdag.py took 0.030 seconds
[2026-06-07T18:01:50.565+0000] {processor.py:157} INFO - Started process (PID=2400) to work on /home/airflow/.local/lib/python3.8/site-packages/airflow/example_dags/subdags/subdag.py
[2026-06-07T18:01:50.572+0000] {processor.py:829} INFO - Processing file /home/airflow/.local/lib/python3.8/site-packages/airflow/example_dags/subdags/subdag.py for tasks to queue
[2026-06-07T18:01:50.573+0000] {logging_mixin.py:154} INFO - [2026-06-07T18:01:50.573+0000] {dagbag.py:536} INFO - Filling up the DagBag from /home/airflow/.local/lib/python3.8/site-packages/airflow/example_dags/subdags/subdag.py
[2026-06-07T18:01:50.576+0000] {processor.py:841} WARNING - No viable dags retrieved from /home/airflow/.local/lib/python3.8/site-packages/airflow/example_dags/subdags/subdag.py
[2026-06-07T18:01:50.621+0000] {processor.py:179} INFO - Processing /home/airflow/.local/lib/python3.8/site-packages/airflow/example_dags/subdags/subdag.py took 0.061 seconds
[2026-06-07T18:02:22.028+0000] {processor.py:157} INFO - Started process (PID=2458) to work on /home/airflow/.local/lib/python3.8/site-packages/airflow/example_dags/subdags/subdag.py
[2026-06-07T18:02:22.029+0000] {processor.py:829} INFO - Processing file /home/airflow/.local/lib/python3.8/site-packages/airflow/example_dags/subdags/subdag.py for tasks to queue
[2026-06-07T18:02:22.030+0000] {logging_mixin.py:154} INFO - [2026-06-07T18:02:22.030+0000] {dagbag.py:536} INFO - Filling up the DagBag from /home/airflow/.local/lib/python3.8/site-packages/airflow/example_dags/subdags/subdag.py
[2026-06-07T18:02:22.033+0000] {processor.py:841} WARNING - No viable dags retrieved from /home/airflow/.local/lib/python3.8/site-packages/airflow/example_dags/subdags/subdag.py
[2026-06-07T18:02:22.051+0000] {processor.py:179} INFO - Processing /home/airflow/.local/lib/python3.8/site-packages/airflow/example_dags/subdags/subdag.py took 0.028 seconds
[2026-06-07T18:02:53.945+0000] {processor.py:157} INFO - Started process (PID=2514) to work on /home/airflow/.local/lib/python3.8/site-packages/airflow/example_dags/subdags/subdag.py
[2026-06-07T18:02:53.965+0000] {processor.py:829} INFO - Processing file /home/airflow/.local/lib/python3.8/site-packages/airflow/example_dags/subdags/subdag.py for tasks to queue
[2026-06-07T18:02:53.966+0000] {logging_mixin.py:154} INFO - [2026-06-07T18:02:53.966+0000] {dagbag.py:536} INFO - Filling up the DagBag from /home/airflow/.local/lib/python3.8/site-packages/airflow/example_dags/subdags/subdag.py
[2026-06-07T18:02:53.977+0000] {processor.py:841} WARNING - No viable dags retrieved from /home/airflow/.local/lib/python3.8/site-packages/airflow/example_dags/subdags/subdag.py
[2026-06-07T18:02:54.045+0000] {processor.py:179} INFO - Processing /home/airflow/.local/lib/python3.8/site-packages/airflow/example_dags/subdags/subdag.py took 0.117 seconds
[2026-06-07T18:03:24.257+0000] {processor.py:157} INFO - Started process (PID=2570) to work on /home/airflow/.local/lib/python3.8/site-packages/airflow/example_dags/subdags/subdag.py
[2026-06-07T18:03:24.266+0000] {processor.py:829} INFO - Processing file /home/airflow/.local/lib/python3.8/site-packages/airflow/example_dags/subdags/subdag.py for tasks to queue
[2026-06-07T18:03:24.267+0000] {logging_mixin.py:154} INFO - [2026-06-07T18:03:24.267+0000] {dagbag.py:536} INFO - Filling up the DagBag from /home/airflow/.local/lib/python3.8/site-packages/airflow/example_dags/subdags/subdag.py
[2026-06-07T18:03:24.270+0000] {processor.py:841} WARNING - No viable dags retrieved from /home/airflow/.local/lib/python3.8/site-packages/airflow/example_dags/subdags/subdag.py
[2026-06-07T18:03:24.289+0000] {processor.py:179} INFO - Processing /home/airflow/.local/lib/python3.8/site-packages/airflow/example_dags/subdags/subdag.py took 0.036 seconds
[2026-06-07T18:11:36.517+0000] {processor.py:157} INFO - Started process (PID=98) to work on /home/airflow/.local/lib/python3.8/site-packages/airflow/example_dags/subdags/subdag.py
[2026-06-07T18:11:36.541+0000] {processor.py:829} INFO - Processing file /home/airflow/.local/lib/python3.8/site-packages/airflow/example_dags/subdags/subdag.py for tasks to queue
[2026-06-07T18:11:36.552+0000] {logging_mixin.py:154} INFO - [2026-06-07T18:11:36.552+0000] {dagbag.py:536} INFO - Filling up the DagBag from /home/airflow/.local/lib/python3.8/site-packages/airflow/example_dags/subdags/subdag.py
[2026-06-07T18:11:36.592+0000] {processor.py:841} WARNING - No viable dags retrieved from /home/airflow/.local/lib/python3.8/site-packages/airflow/example_dags/subdags/subdag.py
[2026-06-07T18:11:36.718+0000] {processor.py:179} INFO - Processing /home/airflow/.local/lib/python3.8/site-packages/airflow/example_dags/subdags/subdag.py took 0.239 seconds
[2026-06-07T18:14:57.929+0000] {processor.py:157} INFO - Started process (PID=164) to work on /home/airflow/.local/lib/python3.8/site-packages/airflow/example_dags/subdags/subdag.py
[2026-06-07T18:14:57.955+0000] {processor.py:829} INFO - Processing file /home/airflow/.local/lib/python3.8/site-packages/airflow/example_dags/subdags/subdag.py for tasks to queue
[2026-06-07T18:14:57.969+0000] {logging_mixin.py:154} INFO - [2026-06-07T18:14:57.968+0000] {dagbag.py:536} INFO - Filling up the DagBag from /home/airflow/.local/lib/python3.8/site-packages/airflow/example_dags/subdags/subdag.py
[2026-06-07T18:14:57.989+0000] {processor.py:841} WARNING - No viable dags retrieved from /home/airflow/.local/lib/python3.8/site-packages/airflow/example_dags/subdags/subdag.py
[2026-06-07T18:14:58.126+0000] {processor.py:179} INFO - Processing /home/airflow/.local/lib/python3.8/site-packages/airflow/example_dags/subdags/subdag.py took 0.244 seconds
[2026-06-07T18:23:44.139+0000] {processor.py:157} INFO - Started process (PID=105) to work on /home/airflow/.local/lib/python3.8/site-packages/airflow/example_dags/subdags/subdag.py
[2026-06-07T18:23:44.182+0000] {processor.py:829} INFO - Processing file /home/airflow/.local/lib/python3.8/site-packages/airflow/example_dags/subdags/subdag.py for tasks to queue
[2026-06-07T18:23:44.195+0000] {logging_mixin.py:154} INFO - [2026-06-07T18:23:44.194+0000] {dagbag.py:536} INFO - Filling up the DagBag from /home/airflow/.local/lib/python3.8/site-packages/airflow/example_dags/subdags/subdag.py
[2026-06-07T18:23:44.197+0000] {processor.py:841} WARNING - No viable dags retrieved from /home/airflow/.local/lib/python3.8/site-packages/airflow/example_dags/subdags/subdag.py
[2026-06-07T18:23:44.350+0000] {processor.py:179} INFO - Processing /home/airflow/.local/lib/python3.8/site-packages/airflow/example_dags/subdags/subdag.py took 0.236 seconds
[2026-06-07T18:24:18.086+0000] {processor.py:157} INFO - Started process (PID=160) to work on /home/airflow/.local/lib/python3.8/site-packages/airflow/example_dags/subdags/subdag.py
[2026-06-07T18:24:18.102+0000] {processor.py:829} INFO - Processing file /home/airflow/.local/lib/python3.8/site-packages/airflow/example_dags/subdags/subdag.py for tasks to queue
[2026-06-07T18:24:18.105+0000] {logging_mixin.py:154} INFO - [2026-06-07T18:24:18.105+0000] {dagbag.py:536} INFO - Filling up the DagBag from /home/airflow/.local/lib/python3.8/site-packages/airflow/example_dags/subdags/subdag.py
[2026-06-07T18:24:18.132+0000] {processor.py:841} WARNING - No viable dags retrieved from /home/airflow/.local/lib/python3.8/site-packages/airflow/example_dags/subdags/subdag.py
[2026-06-07T18:24:18.276+0000] {processor.py:179} INFO - Processing /home/airflow/.local/lib/python3.8/site-packages/airflow/example_dags/subdags/subdag.py took 0.252 seconds
[2026-06-07T18:41:16.817+0000] {processor.py:157} INFO - Started process (PID=93) to work on /home/airflow/.local/lib/python3.8/site-packages/airflow/example_dags/subdags/subdag.py
[2026-06-07T18:41:16.826+0000] {processor.py:829} INFO - Processing file /home/airflow/.local/lib/python3.8/site-packages/airflow/example_dags/subdags/subdag.py for tasks to queue
[2026-06-07T18:41:16.834+0000] {logging_mixin.py:154} INFO - [2026-06-07T18:41:16.829+0000] {dagbag.py:536} INFO - Filling up the DagBag from /home/airflow/.local/lib/python3.8/site-packages/airflow/example_dags/subdags/subdag.py
[2026-06-07T18:41:16.840+0000] {processor.py:841} WARNING - No viable dags retrieved from /home/airflow/.local/lib/python3.8/site-packages/airflow/example_dags/subdags/subdag.py
[2026-06-07T18:41:16.914+0000] {processor.py:179} INFO - Processing /home/airflow/.local/lib/python3.8/site-packages/airflow/example_dags/subdags/subdag.py took 0.126 seconds
[2026-06-07T18:41:47.676+0000] {processor.py:157} INFO - Started process (PID=149) to work on /home/airflow/.local/lib/python3.8/site-packages/airflow/example_dags/subdags/subdag.py
[2026-06-07T18:41:47.683+0000] {processor.py:829} INFO - Processing file /home/airflow/.local/lib/python3.8/site-packages/airflow/example_dags/subdags/subdag.py for tasks to queue
[2026-06-07T18:41:47.686+0000] {logging_mixin.py:154} INFO - [2026-06-07T18:41:47.686+0000] {dagbag.py:536} INFO - Filling up the DagBag from /home/airflow/.local/lib/python3.8/site-packages/airflow/example_dags/subdags/subdag.py
[2026-06-07T18:41:47.697+0000] {processor.py:841} WARNING - No viable dags retrieved from /home/airflow/.local/lib/python3.8/site-packages/airflow/example_dags/subdags/subdag.py
[2026-06-07T18:41:47.717+0000] {processor.py:179} INFO - Processing /home/airflow/.local/lib/python3.8/site-packages/airflow/example_dags/subdags/subdag.py took 0.053 seconds
[2026-06-07T18:42:18.160+0000] {processor.py:157} INFO - Started process (PID=205) to work on /home/airflow/.local/lib/python3.8/site-packages/airflow/example_dags/subdags/subdag.py
[2026-06-07T18:42:18.162+0000] {processor.py:829} INFO - Processing file /home/airflow/.local/lib/python3.8/site-packages/airflow/example_dags/subdags/subdag.py for tasks to queue
[2026-06-07T18:42:18.165+0000] {logging_mixin.py:154} INFO - [2026-06-07T18:42:18.165+0000] {dagbag.py:536} INFO - Filling up the DagBag from /home/airflow/.local/lib/python3.8/site-packages/airflow/example_dags/subdags/subdag.py
[2026-06-07T18:42:18.168+0000] {processor.py:841} WARNING - No viable dags retrieved from /home/airflow/.local/lib/python3.8/site-packages/airflow/example_dags/subdags/subdag.py
[2026-06-07T18:42:18.185+0000] {processor.py:179} INFO - Processing /home/airflow/.local/lib/python3.8/site-packages/airflow/example_dags/subdags/subdag.py took 0.030 seconds
[2026-06-07T18:42:49.593+0000] {processor.py:157} INFO - Started process (PID=262) to work on /home/airflow/.local/lib/python3.8/site-packages/airflow/example_dags/subdags/subdag.py
[2026-06-07T18:42:49.602+0000] {processor.py:829} INFO - Processing file /home/airflow/.local/lib/python3.8/site-packages/airflow/example_dags/subdags/subdag.py for tasks to queue
[2026-06-07T18:42:49.612+0000] {logging_mixin.py:154} INFO - [2026-06-07T18:42:49.612+0000] {dagbag.py:536} INFO - Filling up the DagBag from /home/airflow/.local/lib/python3.8/site-packages/airflow/example_dags/subdags/subdag.py
[2026-06-07T18:42:49.617+0000] {processor.py:841} WARNING - No viable dags retrieved from /home/airflow/.local/lib/python3.8/site-packages/airflow/example_dags/subdags/subdag.py
[2026-06-07T18:42:49.686+0000] {processor.py:179} INFO - Processing /home/airflow/.local/lib/python3.8/site-packages/airflow/example_dags/subdags/subdag.py took 0.113 seconds
[2026-06-07T18:43:20.400+0000] {processor.py:157} INFO - Started process (PID=318) to work on /home/airflow/.local/lib/python3.8/site-packages/airflow/example_dags/subdags/subdag.py
[2026-06-07T18:43:20.407+0000] {processor.py:829} INFO - Processing file /home/airflow/.local/lib/python3.8/site-packages/airflow/example_dags/subdags/subdag.py for tasks to queue
[2026-06-07T18:43:20.419+0000] {logging_mixin.py:154} INFO - [2026-06-07T18:43:20.418+0000] {dagbag.py:536} INFO - Filling up the DagBag from /home/airflow/.local/lib/python3.8/site-packages/airflow/example_dags/subdags/subdag.py
[2026-06-07T18:43:20.428+0000] {processor.py:841} WARNING - No viable dags retrieved from /home/airflow/.local/lib/python3.8/site-packages/airflow/example_dags/subdags/subdag.py
[2026-06-07T18:43:20.471+0000] {processor.py:179} INFO - Processing /home/airflow/.local/lib/python3.8/site-packages/airflow/example_dags/subdags/subdag.py took 0.087 seconds
[2026-06-07T18:43:51.661+0000] {processor.py:157} INFO - Started process (PID=374) to work on /home/airflow/.local/lib/python3.8/site-packages/airflow/example_dags/subdags/subdag.py
[2026-06-07T18:43:51.665+0000] {processor.py:829} INFO - Processing file /home/airflow/.local/lib/python3.8/site-packages/airflow/example_dags/subdags/subdag.py for tasks to queue
[2026-06-07T18:43:51.672+0000] {logging_mixin.py:154} INFO - [2026-06-07T18:43:51.671+0000] {dagbag.py:536} INFO - Filling up the DagBag from /home/airflow/.local/lib/python3.8/site-packages/airflow/example_dags/subdags/subdag.py
[2026-06-07T18:43:51.675+0000] {processor.py:841} WARNING - No viable dags retrieved from /home/airflow/.local/lib/python3.8/site-packages/airflow/example_dags/subdags/subdag.py
[2026-06-07T18:43:51.697+0000] {processor.py:179} INFO - Processing /home/airflow/.local/lib/python3.8/site-packages/airflow/example_dags/subdags/subdag.py took 0.050 seconds
[2026-06-07T18:44:22.225+0000] {processor.py:157} INFO - Started process (PID=431) to work on /home/airflow/.local/lib/python3.8/site-packages/airflow/example_dags/subdags/subdag.py
[2026-06-07T18:44:22.231+0000] {processor.py:829} INFO - Processing file /home/airflow/.local/lib/python3.8/site-packages/airflow/example_dags/subdags/subdag.py for tasks to queue
[2026-06-07T18:44:22.234+0000] {logging_mixin.py:154} INFO - [2026-06-07T18:44:22.234+0000] {dagbag.py:536} INFO - Filling up the DagBag from /home/airflow/.local/lib/python3.8/site-packages/airflow/example_dags/subdags/subdag.py
[2026-06-07T18:44:22.237+0000] {processor.py:841} WARNING - No viable dags retrieved from /home/airflow/.local/lib/python3.8/site-packages/airflow/example_dags/subdags/subdag.py
[2026-06-07T18:44:22.256+0000] {processor.py:179} INFO - Processing /home/airflow/.local/lib/python3.8/site-packages/airflow/example_dags/subdags/subdag.py took 0.034 seconds
[2026-06-07T18:44:53.644+0000] {processor.py:157} INFO - Started process (PID=487) to work on /home/airflow/.local/lib/python3.8/site-packages/airflow/example_dags/subdags/subdag.py
[2026-06-07T18:44:53.650+0000] {processor.py:829} INFO - Processing file /home/airflow/.local/lib/python3.8/site-packages/airflow/example_dags/subdags/subdag.py for tasks to queue
[2026-06-07T18:44:53.655+0000] {logging_mixin.py:154} INFO - [2026-06-07T18:44:53.655+0000] {dagbag.py:536} INFO - Filling up the DagBag from /home/airflow/.local/lib/python3.8/site-packages/airflow/example_dags/subdags/subdag.py
[2026-06-07T18:44:53.660+0000] {processor.py:841} WARNING - No viable dags retrieved from /home/airflow/.local/lib/python3.8/site-packages/airflow/example_dags/subdags/subdag.py
[2026-06-07T18:44:53.701+0000] {processor.py:179} INFO - Processing /home/airflow/.local/lib/python3.8/site-packages/airflow/example_dags/subdags/subdag.py took 0.071 seconds
[2026-06-07T18:45:25.779+0000] {processor.py:157} INFO - Started process (PID=543) to work on /home/airflow/.local/lib/python3.8/site-packages/airflow/example_dags/subdags/subdag.py
[2026-06-07T18:45:25.786+0000] {processor.py:829} INFO - Processing file /home/airflow/.local/lib/python3.8/site-packages/airflow/example_dags/subdags/subdag.py for tasks to queue
[2026-06-07T18:45:25.819+0000] {logging_mixin.py:154} INFO - [2026-06-07T18:45:25.804+0000] {dagbag.py:536} INFO - Filling up the DagBag from /home/airflow/.local/lib/python3.8/site-packages/airflow/example_dags/subdags/subdag.py
[2026-06-07T18:45:25.835+0000] {processor.py:841} WARNING - No viable dags retrieved from /home/airflow/.local/lib/python3.8/site-packages/airflow/example_dags/subdags/subdag.py
[2026-06-07T18:45:25.984+0000] {processor.py:179} INFO - Processing /home/airflow/.local/lib/python3.8/site-packages/airflow/example_dags/subdags/subdag.py took 0.223 seconds
[2026-06-07T18:45:56.732+0000] {processor.py:157} INFO - Started process (PID=599) to work on /home/airflow/.local/lib/python3.8/site-packages/airflow/example_dags/subdags/subdag.py
[2026-06-07T18:45:56.733+0000] {processor.py:829} INFO - Processing file /home/airflow/.local/lib/python3.8/site-packages/airflow/example_dags/subdags/subdag.py for tasks to queue
[2026-06-07T18:45:56.739+0000] {logging_mixin.py:154} INFO - [2026-06-07T18:45:56.738+0000] {dagbag.py:536} INFO - Filling up the DagBag from /home/airflow/.local/lib/python3.8/site-packages/airflow/example_dags/subdags/subdag.py
[2026-06-07T18:45:56.744+0000] {processor.py:841} WARNING - No viable dags retrieved from /home/airflow/.local/lib/python3.8/site-packages/airflow/example_dags/subdags/subdag.py
[2026-06-07T18:45:56.788+0000] {processor.py:179} INFO - Processing /home/airflow/.local/lib/python3.8/site-packages/airflow/example_dags/subdags/subdag.py took 0.068 seconds
[2026-06-07T18:46:27.451+0000] {processor.py:157} INFO - Started process (PID=657) to work on /home/airflow/.local/lib/python3.8/site-packages/airflow/example_dags/subdags/subdag.py
[2026-06-07T18:46:27.452+0000] {processor.py:829} INFO - Processing file /home/airflow/.local/lib/python3.8/site-packages/airflow/example_dags/subdags/subdag.py for tasks to queue
[2026-06-07T18:46:27.455+0000] {logging_mixin.py:154} INFO - [2026-06-07T18:46:27.455+0000] {dagbag.py:536} INFO - Filling up the DagBag from /home/airflow/.local/lib/python3.8/site-packages/airflow/example_dags/subdags/subdag.py
[2026-06-07T18:46:27.459+0000] {processor.py:841} WARNING - No viable dags retrieved from /home/airflow/.local/lib/python3.8/site-packages/airflow/example_dags/subdags/subdag.py
[2026-06-07T18:46:27.478+0000] {processor.py:179} INFO - Processing /home/airflow/.local/lib/python3.8/site-packages/airflow/example_dags/subdags/subdag.py took 0.032 seconds
[2026-06-07T18:46:57.794+0000] {processor.py:157} INFO - Started process (PID=713) to work on /home/airflow/.local/lib/python3.8/site-packages/airflow/example_dags/subdags/subdag.py
[2026-06-07T18:46:57.795+0000] {processor.py:829} INFO - Processing file /home/airflow/.local/lib/python3.8/site-packages/airflow/example_dags/subdags/subdag.py for tasks to queue
[2026-06-07T18:46:57.798+0000] {logging_mixin.py:154} INFO - [2026-06-07T18:46:57.797+0000] {dagbag.py:536} INFO - Filling up the DagBag from /home/airflow/.local/lib/python3.8/site-packages/airflow/example_dags/subdags/subdag.py
[2026-06-07T18:46:57.801+0000] {processor.py:841} WARNING - No viable dags retrieved from /home/airflow/.local/lib/python3.8/site-packages/airflow/example_dags/subdags/subdag.py
[2026-06-07T18:46:57.820+0000] {processor.py:179} INFO - Processing /home/airflow/.local/lib/python3.8/site-packages/airflow/example_dags/subdags/subdag.py took 0.031 seconds
[2026-06-07T18:47:28.414+0000] {processor.py:157} INFO - Started process (PID=771) to work on /home/airflow/.local/lib/python3.8/site-packages/airflow/example_dags/subdags/subdag.py
[2026-06-07T18:47:28.415+0000] {processor.py:829} INFO - Processing file /home/airflow/.local/lib/python3.8/site-packages/airflow/example_dags/subdags/subdag.py for tasks to queue
[2026-06-07T18:47:28.419+0000] {logging_mixin.py:154} INFO - [2026-06-07T18:47:28.419+0000] {dagbag.py:536} INFO - Filling up the DagBag from /home/airflow/.local/lib/python3.8/site-packages/airflow/example_dags/subdags/subdag.py
[2026-06-07T18:47:28.422+0000] {processor.py:841} WARNING - No viable dags retrieved from /home/airflow/.local/lib/python3.8/site-packages/airflow/example_dags/subdags/subdag.py
[2026-06-07T18:47:28.441+0000] {processor.py:179} INFO - Processing /home/airflow/.local/lib/python3.8/site-packages/airflow/example_dags/subdags/subdag.py took 0.034 seconds
[2026-06-07T18:47:59.050+0000] {processor.py:157} INFO - Started process (PID=826) to work on /home/airflow/.local/lib/python3.8/site-packages/airflow/example_dags/subdags/subdag.py
[2026-06-07T18:47:59.052+0000] {processor.py:829} INFO - Processing file /home/airflow/.local/lib/python3.8/site-packages/airflow/example_dags/subdags/subdag.py for tasks to queue
[2026-06-07T18:47:59.055+0000] {logging_mixin.py:154} INFO - [2026-06-07T18:47:59.055+0000] {dagbag.py:536} INFO - Filling up the DagBag from /home/airflow/.local/lib/python3.8/site-packages/airflow/example_dags/subdags/subdag.py
[2026-06-07T18:47:59.058+0000] {processor.py:841} WARNING - No viable dags retrieved from /home/airflow/.local/lib/python3.8/site-packages/airflow/example_dags/subdags/subdag.py
[2026-06-07T18:47:59.076+0000] {processor.py:179} INFO - Processing /home/airflow/.local/lib/python3.8/site-packages/airflow/example_dags/subdags/subdag.py took 0.030 seconds
[2026-06-07T18:48:29.445+0000] {processor.py:157} INFO - Started process (PID=882) to work on /home/airflow/.local/lib/python3.8/site-packages/airflow/example_dags/subdags/subdag.py
[2026-06-07T18:48:29.446+0000] {processor.py:829} INFO - Processing file /home/airflow/.local/lib/python3.8/site-packages/airflow/example_dags/subdags/subdag.py for tasks to queue
[2026-06-07T18:48:29.450+0000] {logging_mixin.py:154} INFO - [2026-06-07T18:48:29.450+0000] {dagbag.py:536} INFO - Filling up the DagBag from /home/airflow/.local/lib/python3.8/site-packages/airflow/example_dags/subdags/subdag.py
[2026-06-07T18:48:29.454+0000] {processor.py:841} WARNING - No viable dags retrieved from /home/airflow/.local/lib/python3.8/site-packages/airflow/example_dags/subdags/subdag.py
[2026-06-07T18:48:29.475+0000] {processor.py:179} INFO - Processing /home/airflow/.local/lib/python3.8/site-packages/airflow/example_dags/subdags/subdag.py took 0.035 seconds
[2026-06-07T18:49:00.431+0000] {processor.py:157} INFO - Started process (PID=937) to work on /home/airflow/.local/lib/python3.8/site-packages/airflow/example_dags/subdags/subdag.py
[2026-06-07T18:49:00.434+0000] {processor.py:829} INFO - Processing file /home/airflow/.local/lib/python3.8/site-packages/airflow/example_dags/subdags/subdag.py for tasks to queue
[2026-06-07T18:49:00.446+0000] {logging_mixin.py:154} INFO - [2026-06-07T18:49:00.441+0000] {dagbag.py:536} INFO - Filling up the DagBag from /home/airflow/.local/lib/python3.8/site-packages/airflow/example_dags/subdags/subdag.py
[2026-06-07T18:49:00.449+0000] {processor.py:841} WARNING - No viable dags retrieved from /home/airflow/.local/lib/python3.8/site-packages/airflow/example_dags/subdags/subdag.py
[2026-06-07T18:49:00.519+0000] {processor.py:179} INFO - Processing /home/airflow/.local/lib/python3.8/site-packages/airflow/example_dags/subdags/subdag.py took 0.102 seconds
[2026-06-07T18:49:33.902+0000] {processor.py:157} INFO - Started process (PID=993) to work on /home/airflow/.local/lib/python3.8/site-packages/airflow/example_dags/subdags/subdag.py
[2026-06-07T18:49:33.906+0000] {processor.py:829} INFO - Processing file /home/airflow/.local/lib/python3.8/site-packages/airflow/example_dags/subdags/subdag.py for tasks to queue
[2026-06-07T18:49:33.909+0000] {logging_mixin.py:154} INFO - [2026-06-07T18:49:33.909+0000] {dagbag.py:536} INFO - Filling up the DagBag from /home/airflow/.local/lib/python3.8/site-packages/airflow/example_dags/subdags/subdag.py
[2026-06-07T18:49:33.935+0000] {processor.py:841} WARNING - No viable dags retrieved from /home/airflow/.local/lib/python3.8/site-packages/airflow/example_dags/subdags/subdag.py
[2026-06-07T18:49:34.014+0000] {processor.py:179} INFO - Processing /home/airflow/.local/lib/python3.8/site-packages/airflow/example_dags/subdags/subdag.py took 0.160 seconds
[2026-06-07T18:50:04.503+0000] {processor.py:157} INFO - Started process (PID=1048) to work on /home/airflow/.local/lib/python3.8/site-packages/airflow/example_dags/subdags/subdag.py
[2026-06-07T18:50:04.504+0000] {processor.py:829} INFO - Processing file /home/airflow/.local/lib/python3.8/site-packages/airflow/example_dags/subdags/subdag.py for tasks to queue
[2026-06-07T18:50:04.508+0000] {logging_mixin.py:154} INFO - [2026-06-07T18:50:04.508+0000] {dagbag.py:536} INFO - Filling up the DagBag from /home/airflow/.local/lib/python3.8/site-packages/airflow/example_dags/subdags/subdag.py
[2026-06-07T18:50:04.519+0000] {processor.py:841} WARNING - No viable dags retrieved from /home/airflow/.local/lib/python3.8/site-packages/airflow/example_dags/subdags/subdag.py
[2026-06-07T18:50:04.556+0000] {processor.py:179} INFO - Processing /home/airflow/.local/lib/python3.8/site-packages/airflow/example_dags/subdags/subdag.py took 0.063 seconds
[2026-06-07T18:50:35.193+0000] {processor.py:157} INFO - Started process (PID=1103) to work on /home/airflow/.local/lib/python3.8/site-packages/airflow/example_dags/subdags/subdag.py
[2026-06-07T18:50:35.197+0000] {processor.py:829} INFO - Processing file /home/airflow/.local/lib/python3.8/site-packages/airflow/example_dags/subdags/subdag.py for tasks to queue
[2026-06-07T18:50:35.201+0000] {logging_mixin.py:154} INFO - [2026-06-07T18:50:35.200+0000] {dagbag.py:536} INFO - Filling up the DagBag from /home/airflow/.local/lib/python3.8/site-packages/airflow/example_dags/subdags/subdag.py
[2026-06-07T18:50:35.205+0000] {processor.py:841} WARNING - No viable dags retrieved from /home/airflow/.local/lib/python3.8/site-packages/airflow/example_dags/subdags/subdag.py
[2026-06-07T18:50:35.237+0000] {processor.py:179} INFO - Processing /home/airflow/.local/lib/python3.8/site-packages/airflow/example_dags/subdags/subdag.py took 0.055 seconds
[2026-06-07T18:51:05.310+0000] {processor.py:157} INFO - Started process (PID=1158) to work on /home/airflow/.local/lib/python3.8/site-packages/airflow/example_dags/subdags/subdag.py
[2026-06-07T18:51:05.312+0000] {processor.py:829} INFO - Processing file /home/airflow/.local/lib/python3.8/site-packages/airflow/example_dags/subdags/subdag.py for tasks to queue
[2026-06-07T18:51:05.316+0000] {logging_mixin.py:154} INFO - [2026-06-07T18:51:05.315+0000] {dagbag.py:536} INFO - Filling up the DagBag from /home/airflow/.local/lib/python3.8/site-packages/airflow/example_dags/subdags/subdag.py
[2026-06-07T18:51:05.319+0000] {processor.py:841} WARNING - No viable dags retrieved from /home/airflow/.local/lib/python3.8/site-packages/airflow/example_dags/subdags/subdag.py
[2026-06-07T18:51:05.337+0000] {processor.py:179} INFO - Processing /home/airflow/.local/lib/python3.8/site-packages/airflow/example_dags/subdags/subdag.py took 0.032 seconds
[2026-06-07T18:51:35.520+0000] {processor.py:157} INFO - Started process (PID=1213) to work on /home/airflow/.local/lib/python3.8/site-packages/airflow/example_dags/subdags/subdag.py
[2026-06-07T18:51:35.521+0000] {processor.py:829} INFO - Processing file /home/airflow/.local/lib/python3.8/site-packages/airflow/example_dags/subdags/subdag.py for tasks to queue
[2026-06-07T18:51:35.524+0000] {logging_mixin.py:154} INFO - [2026-06-07T18:51:35.524+0000] {dagbag.py:536} INFO - Filling up the DagBag from /home/airflow/.local/lib/python3.8/site-packages/airflow/example_dags/subdags/subdag.py
[2026-06-07T18:51:35.527+0000] {processor.py:841} WARNING - No viable dags retrieved from /home/airflow/.local/lib/python3.8/site-packages/airflow/example_dags/subdags/subdag.py
[2026-06-07T18:51:35.545+0000] {processor.py:179} INFO - Processing /home/airflow/.local/lib/python3.8/site-packages/airflow/example_dags/subdags/subdag.py took 0.030 seconds
[2026-06-07T18:52:06.485+0000] {processor.py:157} INFO - Started process (PID=1274) to work on /home/airflow/.local/lib/python3.8/site-packages/airflow/example_dags/subdags/subdag.py
[2026-06-07T18:52:06.487+0000] {processor.py:829} INFO - Processing file /home/airflow/.local/lib/python3.8/site-packages/airflow/example_dags/subdags/subdag.py for tasks to queue
[2026-06-07T18:52:06.490+0000] {logging_mixin.py:154} INFO - [2026-06-07T18:52:06.490+0000] {dagbag.py:536} INFO - Filling up the DagBag from /home/airflow/.local/lib/python3.8/site-packages/airflow/example_dags/subdags/subdag.py
[2026-06-07T18:52:06.493+0000] {processor.py:841} WARNING - No viable dags retrieved from /home/airflow/.local/lib/python3.8/site-packages/airflow/example_dags/subdags/subdag.py
[2026-06-07T18:52:06.525+0000] {processor.py:179} INFO - Processing /home/airflow/.local/lib/python3.8/site-packages/airflow/example_dags/subdags/subdag.py took 0.044 seconds
[2026-06-07T18:52:38.010+0000] {processor.py:157} INFO - Started process (PID=1330) to work on /home/airflow/.local/lib/python3.8/site-packages/airflow/example_dags/subdags/subdag.py
[2026-06-07T18:52:38.018+0000] {processor.py:829} INFO - Processing file /home/airflow/.local/lib/python3.8/site-packages/airflow/example_dags/subdags/subdag.py for tasks to queue
[2026-06-07T18:52:38.023+0000] {logging_mixin.py:154} INFO - [2026-06-07T18:52:38.023+0000] {dagbag.py:536} INFO - Filling up the DagBag from /home/airflow/.local/lib/python3.8/site-packages/airflow/example_dags/subdags/subdag.py
[2026-06-07T18:52:38.040+0000] {processor.py:841} WARNING - No viable dags retrieved from /home/airflow/.local/lib/python3.8/site-packages/airflow/example_dags/subdags/subdag.py
[2026-06-07T18:52:38.083+0000] {processor.py:179} INFO - Processing /home/airflow/.local/lib/python3.8/site-packages/airflow/example_dags/subdags/subdag.py took 0.094 seconds
[2026-06-07T18:55:36.744+0000] {processor.py:157} INFO - Started process (PID=86) to work on /home/airflow/.local/lib/python3.8/site-packages/airflow/example_dags/subdags/subdag.py
[2026-06-07T18:55:36.763+0000] {processor.py:829} INFO - Processing file /home/airflow/.local/lib/python3.8/site-packages/airflow/example_dags/subdags/subdag.py for tasks to queue
[2026-06-07T18:55:36.773+0000] {logging_mixin.py:154} INFO - [2026-06-07T18:55:36.773+0000] {dagbag.py:536} INFO - Filling up the DagBag from /home/airflow/.local/lib/python3.8/site-packages/airflow/example_dags/subdags/subdag.py
[2026-06-07T18:55:36.789+0000] {processor.py:841} WARNING - No viable dags retrieved from /home/airflow/.local/lib/python3.8/site-packages/airflow/example_dags/subdags/subdag.py
[2026-06-07T18:55:36.899+0000] {processor.py:179} INFO - Processing /home/airflow/.local/lib/python3.8/site-packages/airflow/example_dags/subdags/subdag.py took 0.190 seconds
[2026-06-07T18:56:07.760+0000] {processor.py:157} INFO - Started process (PID=142) to work on /home/airflow/.local/lib/python3.8/site-packages/airflow/example_dags/subdags/subdag.py
[2026-06-07T18:56:07.761+0000] {processor.py:829} INFO - Processing file /home/airflow/.local/lib/python3.8/site-packages/airflow/example_dags/subdags/subdag.py for tasks to queue
[2026-06-07T18:56:07.784+0000] {logging_mixin.py:154} INFO - [2026-06-07T18:56:07.783+0000] {dagbag.py:536} INFO - Filling up the DagBag from /home/airflow/.local/lib/python3.8/site-packages/airflow/example_dags/subdags/subdag.py
[2026-06-07T18:56:07.787+0000] {processor.py:841} WARNING - No viable dags retrieved from /home/airflow/.local/lib/python3.8/site-packages/airflow/example_dags/subdags/subdag.py
[2026-06-07T18:56:07.883+0000] {processor.py:179} INFO - Processing /home/airflow/.local/lib/python3.8/site-packages/airflow/example_dags/subdags/subdag.py took 0.141 seconds
[2026-06-07T18:56:38.165+0000] {processor.py:157} INFO - Started process (PID=197) to work on /home/airflow/.local/lib/python3.8/site-packages/airflow/example_dags/subdags/subdag.py
[2026-06-07T18:56:38.168+0000] {processor.py:829} INFO - Processing file /home/airflow/.local/lib/python3.8/site-packages/airflow/example_dags/subdags/subdag.py for tasks to queue
[2026-06-07T18:56:38.170+0000] {logging_mixin.py:154} INFO - [2026-06-07T18:56:38.170+0000] {dagbag.py:536} INFO - Filling up the DagBag from /home/airflow/.local/lib/python3.8/site-packages/airflow/example_dags/subdags/subdag.py
[2026-06-07T18:56:38.173+0000] {processor.py:841} WARNING - No viable dags retrieved from /home/airflow/.local/lib/python3.8/site-packages/airflow/example_dags/subdags/subdag.py
[2026-06-07T18:56:38.186+0000] {processor.py:179} INFO - Processing /home/airflow/.local/lib/python3.8/site-packages/airflow/example_dags/subdags/subdag.py took 0.025 seconds
[2026-06-07T18:57:08.770+0000] {processor.py:157} INFO - Started process (PID=253) to work on /home/airflow/.local/lib/python3.8/site-packages/airflow/example_dags/subdags/subdag.py
[2026-06-07T18:57:08.771+0000] {processor.py:829} INFO - Processing file /home/airflow/.local/lib/python3.8/site-packages/airflow/example_dags/subdags/subdag.py for tasks to queue
[2026-06-07T18:57:08.773+0000] {logging_mixin.py:154} INFO - [2026-06-07T18:57:08.773+0000] {dagbag.py:536} INFO - Filling up the DagBag from /home/airflow/.local/lib/python3.8/site-packages/airflow/example_dags/subdags/subdag.py
[2026-06-07T18:57:08.776+0000] {processor.py:841} WARNING - No viable dags retrieved from /home/airflow/.local/lib/python3.8/site-packages/airflow/example_dags/subdags/subdag.py
[2026-06-07T18:57:08.789+0000] {processor.py:179} INFO - Processing /home/airflow/.local/lib/python3.8/site-packages/airflow/example_dags/subdags/subdag.py took 0.023 seconds
[2026-06-07T18:57:39.415+0000] {processor.py:157} INFO - Started process (PID=309) to work on /home/airflow/.local/lib/python3.8/site-packages/airflow/example_dags/subdags/subdag.py
[2026-06-07T18:57:39.417+0000] {processor.py:829} INFO - Processing file /home/airflow/.local/lib/python3.8/site-packages/airflow/example_dags/subdags/subdag.py for tasks to queue
[2026-06-07T18:57:39.419+0000] {logging_mixin.py:154} INFO - [2026-06-07T18:57:39.419+0000] {dagbag.py:536} INFO - Filling up the DagBag from /home/airflow/.local/lib/python3.8/site-packages/airflow/example_dags/subdags/subdag.py
[2026-06-07T18:57:39.421+0000] {processor.py:841} WARNING - No viable dags retrieved from /home/airflow/.local/lib/python3.8/site-packages/airflow/example_dags/subdags/subdag.py
[2026-06-07T18:57:39.435+0000] {processor.py:179} INFO - Processing /home/airflow/.local/lib/python3.8/site-packages/airflow/example_dags/subdags/subdag.py took 0.024 seconds
[2026-06-07T18:58:09.959+0000] {processor.py:157} INFO - Started process (PID=366) to work on /home/airflow/.local/lib/python3.8/site-packages/airflow/example_dags/subdags/subdag.py
[2026-06-07T18:58:09.961+0000] {processor.py:829} INFO - Processing file /home/airflow/.local/lib/python3.8/site-packages/airflow/example_dags/subdags/subdag.py for tasks to queue
[2026-06-07T18:58:09.964+0000] {logging_mixin.py:154} INFO - [2026-06-07T18:58:09.964+0000] {dagbag.py:536} INFO - Filling up the DagBag from /home/airflow/.local/lib/python3.8/site-packages/airflow/example_dags/subdags/subdag.py
[2026-06-07T18:58:09.967+0000] {processor.py:841} WARNING - No viable dags retrieved from /home/airflow/.local/lib/python3.8/site-packages/airflow/example_dags/subdags/subdag.py
[2026-06-07T18:58:09.987+0000] {processor.py:179} INFO - Processing /home/airflow/.local/lib/python3.8/site-packages/airflow/example_dags/subdags/subdag.py took 0.036 seconds
[2026-06-07T18:58:41.328+0000] {processor.py:157} INFO - Started process (PID=422) to work on /home/airflow/.local/lib/python3.8/site-packages/airflow/example_dags/subdags/subdag.py
[2026-06-07T18:58:41.338+0000] {processor.py:829} INFO - Processing file /home/airflow/.local/lib/python3.8/site-packages/airflow/example_dags/subdags/subdag.py for tasks to queue
[2026-06-07T18:58:41.352+0000] {logging_mixin.py:154} INFO - [2026-06-07T18:58:41.352+0000] {dagbag.py:536} INFO - Filling up the DagBag from /home/airflow/.local/lib/python3.8/site-packages/airflow/example_dags/subdags/subdag.py
[2026-06-07T18:58:41.358+0000] {processor.py:841} WARNING - No viable dags retrieved from /home/airflow/.local/lib/python3.8/site-packages/airflow/example_dags/subdags/subdag.py
[2026-06-07T18:58:41.446+0000] {processor.py:179} INFO - Processing /home/airflow/.local/lib/python3.8/site-packages/airflow/example_dags/subdags/subdag.py took 0.135 seconds
[2026-06-07T18:59:11.732+0000] {processor.py:157} INFO - Started process (PID=476) to work on /home/airflow/.local/lib/python3.8/site-packages/airflow/example_dags/subdags/subdag.py
[2026-06-07T18:59:11.734+0000] {processor.py:829} INFO - Processing file /home/airflow/.local/lib/python3.8/site-packages/airflow/example_dags/subdags/subdag.py for tasks to queue
[2026-06-07T18:59:11.737+0000] {logging_mixin.py:154} INFO - [2026-06-07T18:59:11.736+0000] {dagbag.py:536} INFO - Filling up the DagBag from /home/airflow/.local/lib/python3.8/site-packages/airflow/example_dags/subdags/subdag.py
[2026-06-07T18:59:11.739+0000] {processor.py:841} WARNING - No viable dags retrieved from /home/airflow/.local/lib/python3.8/site-packages/airflow/example_dags/subdags/subdag.py
[2026-06-07T18:59:11.758+0000] {processor.py:179} INFO - Processing /home/airflow/.local/lib/python3.8/site-packages/airflow/example_dags/subdags/subdag.py took 0.030 seconds
[2026-06-07T18:59:42.330+0000] {processor.py:157} INFO - Started process (PID=532) to work on /home/airflow/.local/lib/python3.8/site-packages/airflow/example_dags/subdags/subdag.py
[2026-06-07T18:59:42.332+0000] {processor.py:829} INFO - Processing file /home/airflow/.local/lib/python3.8/site-packages/airflow/example_dags/subdags/subdag.py for tasks to queue
[2026-06-07T18:59:42.335+0000] {logging_mixin.py:154} INFO - [2026-06-07T18:59:42.335+0000] {dagbag.py:536} INFO - Filling up the DagBag from /home/airflow/.local/lib/python3.8/site-packages/airflow/example_dags/subdags/subdag.py
[2026-06-07T18:59:42.338+0000] {processor.py:841} WARNING - No viable dags retrieved from /home/airflow/.local/lib/python3.8/site-packages/airflow/example_dags/subdags/subdag.py
[2026-06-07T18:59:42.358+0000] {processor.py:179} INFO - Processing /home/airflow/.local/lib/python3.8/site-packages/airflow/example_dags/subdags/subdag.py took 0.033 seconds
[2026-06-07T19:00:13.277+0000] {processor.py:157} INFO - Started process (PID=588) to work on /home/airflow/.local/lib/python3.8/site-packages/airflow/example_dags/subdags/subdag.py
[2026-06-07T19:00:13.279+0000] {processor.py:829} INFO - Processing file /home/airflow/.local/lib/python3.8/site-packages/airflow/example_dags/subdags/subdag.py for tasks to queue
[2026-06-07T19:00:13.282+0000] {logging_mixin.py:154} INFO - [2026-06-07T19:00:13.281+0000] {dagbag.py:536} INFO - Filling up the DagBag from /home/airflow/.local/lib/python3.8/site-packages/airflow/example_dags/subdags/subdag.py
[2026-06-07T19:00:13.287+0000] {processor.py:841} WARNING - No viable dags retrieved from /home/airflow/.local/lib/python3.8/site-packages/airflow/example_dags/subdags/subdag.py
[2026-06-07T19:00:13.307+0000] {processor.py:179} INFO - Processing /home/airflow/.local/lib/python3.8/site-packages/airflow/example_dags/subdags/subdag.py took 0.036 seconds
[2026-06-07T19:00:43.991+0000] {processor.py:157} INFO - Started process (PID=645) to work on /home/airflow/.local/lib/python3.8/site-packages/airflow/example_dags/subdags/subdag.py
[2026-06-07T19:00:44.006+0000] {processor.py:829} INFO - Processing file /home/airflow/.local/lib/python3.8/site-packages/airflow/example_dags/subdags/subdag.py for tasks to queue
[2026-06-07T19:00:44.009+0000] {logging_mixin.py:154} INFO - [2026-06-07T19:00:44.009+0000] {dagbag.py:536} INFO - Filling up the DagBag from /home/airflow/.local/lib/python3.8/site-packages/airflow/example_dags/subdags/subdag.py
[2026-06-07T19:00:44.012+0000] {processor.py:841} WARNING - No viable dags retrieved from /home/airflow/.local/lib/python3.8/site-packages/airflow/example_dags/subdags/subdag.py
[2026-06-07T19:00:44.074+0000] {processor.py:179} INFO - Processing /home/airflow/.local/lib/python3.8/site-packages/airflow/example_dags/subdags/subdag.py took 0.092 seconds
[2026-06-07T19:01:15.089+0000] {processor.py:157} INFO - Started process (PID=709) to work on /home/airflow/.local/lib/python3.8/site-packages/airflow/example_dags/subdags/subdag.py
[2026-06-07T19:01:15.095+0000] {processor.py:829} INFO - Processing file /home/airflow/.local/lib/python3.8/site-packages/airflow/example_dags/subdags/subdag.py for tasks to queue
[2026-06-07T19:01:15.098+0000] {logging_mixin.py:154} INFO - [2026-06-07T19:01:15.098+0000] {dagbag.py:536} INFO - Filling up the DagBag from /home/airflow/.local/lib/python3.8/site-packages/airflow/example_dags/subdags/subdag.py
[2026-06-07T19:01:15.102+0000] {processor.py:841} WARNING - No viable dags retrieved from /home/airflow/.local/lib/python3.8/site-packages/airflow/example_dags/subdags/subdag.py
[2026-06-07T19:01:15.119+0000] {processor.py:179} INFO - Processing /home/airflow/.local/lib/python3.8/site-packages/airflow/example_dags/subdags/subdag.py took 0.034 seconds
[2026-06-07T19:01:45.501+0000] {processor.py:157} INFO - Started process (PID=764) to work on /home/airflow/.local/lib/python3.8/site-packages/airflow/example_dags/subdags/subdag.py
[2026-06-07T19:01:45.508+0000] {processor.py:829} INFO - Processing file /home/airflow/.local/lib/python3.8/site-packages/airflow/example_dags/subdags/subdag.py for tasks to queue
[2026-06-07T19:01:45.523+0000] {logging_mixin.py:154} INFO - [2026-06-07T19:01:45.516+0000] {dagbag.py:536} INFO - Filling up the DagBag from /home/airflow/.local/lib/python3.8/site-packages/airflow/example_dags/subdags/subdag.py
[2026-06-07T19:01:45.539+0000] {processor.py:841} WARNING - No viable dags retrieved from /home/airflow/.local/lib/python3.8/site-packages/airflow/example_dags/subdags/subdag.py
[2026-06-07T19:01:45.585+0000] {processor.py:179} INFO - Processing /home/airflow/.local/lib/python3.8/site-packages/airflow/example_dags/subdags/subdag.py took 0.105 seconds
[2026-06-07T19:02:16.556+0000] {processor.py:157} INFO - Started process (PID=820) to work on /home/airflow/.local/lib/python3.8/site-packages/airflow/example_dags/subdags/subdag.py
[2026-06-07T19:02:16.565+0000] {processor.py:829} INFO - Processing file /home/airflow/.local/lib/python3.8/site-packages/airflow/example_dags/subdags/subdag.py for tasks to queue
[2026-06-07T19:02:16.573+0000] {logging_mixin.py:154} INFO - [2026-06-07T19:02:16.572+0000] {dagbag.py:536} INFO - Filling up the DagBag from /home/airflow/.local/lib/python3.8/site-packages/airflow/example_dags/subdags/subdag.py
[2026-06-07T19:02:16.576+0000] {processor.py:841} WARNING - No viable dags retrieved from /home/airflow/.local/lib/python3.8/site-packages/airflow/example_dags/subdags/subdag.py
[2026-06-07T19:02:16.611+0000] {processor.py:179} INFO - Processing /home/airflow/.local/lib/python3.8/site-packages/airflow/example_dags/subdags/subdag.py took 0.060 seconds
[2026-06-07T19:02:46.658+0000] {processor.py:157} INFO - Started process (PID=875) to work on /home/airflow/.local/lib/python3.8/site-packages/airflow/example_dags/subdags/subdag.py
[2026-06-07T19:02:46.659+0000] {processor.py:829} INFO - Processing file /home/airflow/.local/lib/python3.8/site-packages/airflow/example_dags/subdags/subdag.py for tasks to queue
[2026-06-07T19:02:46.661+0000] {logging_mixin.py:154} INFO - [2026-06-07T19:02:46.661+0000] {dagbag.py:536} INFO - Filling up the DagBag from /home/airflow/.local/lib/python3.8/site-packages/airflow/example_dags/subdags/subdag.py
[2026-06-07T19:02:46.664+0000] {processor.py:841} WARNING - No viable dags retrieved from /home/airflow/.local/lib/python3.8/site-packages/airflow/example_dags/subdags/subdag.py
[2026-06-07T19:02:46.684+0000] {processor.py:179} INFO - Processing /home/airflow/.local/lib/python3.8/site-packages/airflow/example_dags/subdags/subdag.py took 0.029 seconds
[2026-06-07T19:03:17.291+0000] {processor.py:157} INFO - Started process (PID=931) to work on /home/airflow/.local/lib/python3.8/site-packages/airflow/example_dags/subdags/subdag.py
[2026-06-07T19:03:17.294+0000] {processor.py:829} INFO - Processing file /home/airflow/.local/lib/python3.8/site-packages/airflow/example_dags/subdags/subdag.py for tasks to queue
[2026-06-07T19:03:17.297+0000] {logging_mixin.py:154} INFO - [2026-06-07T19:03:17.297+0000] {dagbag.py:536} INFO - Filling up the DagBag from /home/airflow/.local/lib/python3.8/site-packages/airflow/example_dags/subdags/subdag.py
[2026-06-07T19:03:17.300+0000] {processor.py:841} WARNING - No viable dags retrieved from /home/airflow/.local/lib/python3.8/site-packages/airflow/example_dags/subdags/subdag.py
[2026-06-07T19:03:17.318+0000] {processor.py:179} INFO - Processing /home/airflow/.local/lib/python3.8/site-packages/airflow/example_dags/subdags/subdag.py took 0.032 seconds
[2026-06-07T19:03:48.392+0000] {processor.py:157} INFO - Started process (PID=986) to work on /home/airflow/.local/lib/python3.8/site-packages/airflow/example_dags/subdags/subdag.py
[2026-06-07T19:03:48.393+0000] {processor.py:829} INFO - Processing file /home/airflow/.local/lib/python3.8/site-packages/airflow/example_dags/subdags/subdag.py for tasks to queue
[2026-06-07T19:03:48.395+0000] {logging_mixin.py:154} INFO - [2026-06-07T19:03:48.395+0000] {dagbag.py:536} INFO - Filling up the DagBag from /home/airflow/.local/lib/python3.8/site-packages/airflow/example_dags/subdags/subdag.py
[2026-06-07T19:03:48.398+0000] {processor.py:841} WARNING - No viable dags retrieved from /home/airflow/.local/lib/python3.8/site-packages/airflow/example_dags/subdags/subdag.py
[2026-06-07T19:03:48.416+0000] {processor.py:179} INFO - Processing /home/airflow/.local/lib/python3.8/site-packages/airflow/example_dags/subdags/subdag.py took 0.029 seconds
[2026-06-07T19:04:18.559+0000] {processor.py:157} INFO - Started process (PID=1040) to work on /home/airflow/.local/lib/python3.8/site-packages/airflow/example_dags/subdags/subdag.py
[2026-06-07T19:04:18.561+0000] {processor.py:829} INFO - Processing file /home/airflow/.local/lib/python3.8/site-packages/airflow/example_dags/subdags/subdag.py for tasks to queue
[2026-06-07T19:04:18.563+0000] {logging_mixin.py:154} INFO - [2026-06-07T19:04:18.563+0000] {dagbag.py:536} INFO - Filling up the DagBag from /home/airflow/.local/lib/python3.8/site-packages/airflow/example_dags/subdags/subdag.py
[2026-06-07T19:04:18.566+0000] {processor.py:841} WARNING - No viable dags retrieved from /home/airflow/.local/lib/python3.8/site-packages/airflow/example_dags/subdags/subdag.py
[2026-06-07T19:04:18.582+0000] {processor.py:179} INFO - Processing /home/airflow/.local/lib/python3.8/site-packages/airflow/example_dags/subdags/subdag.py took 0.027 seconds
[2026-06-07T19:04:49.540+0000] {processor.py:157} INFO - Started process (PID=1099) to work on /home/airflow/.local/lib/python3.8/site-packages/airflow/example_dags/subdags/subdag.py
[2026-06-07T19:04:49.559+0000] {processor.py:829} INFO - Processing file /home/airflow/.local/lib/python3.8/site-packages/airflow/example_dags/subdags/subdag.py for tasks to queue
[2026-06-07T19:04:49.562+0000] {logging_mixin.py:154} INFO - [2026-06-07T19:04:49.561+0000] {dagbag.py:536} INFO - Filling up the DagBag from /home/airflow/.local/lib/python3.8/site-packages/airflow/example_dags/subdags/subdag.py
[2026-06-07T19:04:49.565+0000] {processor.py:841} WARNING - No viable dags retrieved from /home/airflow/.local/lib/python3.8/site-packages/airflow/example_dags/subdags/subdag.py
[2026-06-07T19:04:49.589+0000] {processor.py:179} INFO - Processing /home/airflow/.local/lib/python3.8/site-packages/airflow/example_dags/subdags/subdag.py took 0.054 seconds
[2026-06-07T19:05:20.511+0000] {processor.py:157} INFO - Started process (PID=1153) to work on /home/airflow/.local/lib/python3.8/site-packages/airflow/example_dags/subdags/subdag.py
[2026-06-07T19:05:20.514+0000] {processor.py:829} INFO - Processing file /home/airflow/.local/lib/python3.8/site-packages/airflow/example_dags/subdags/subdag.py for tasks to queue
[2026-06-07T19:05:20.523+0000] {logging_mixin.py:154} INFO - [2026-06-07T19:05:20.522+0000] {dagbag.py:536} INFO - Filling up the DagBag from /home/airflow/.local/lib/python3.8/site-packages/airflow/example_dags/subdags/subdag.py
[2026-06-07T19:05:20.525+0000] {processor.py:841} WARNING - No viable dags retrieved from /home/airflow/.local/lib/python3.8/site-packages/airflow/example_dags/subdags/subdag.py
[2026-06-07T19:05:20.568+0000] {processor.py:179} INFO - Processing /home/airflow/.local/lib/python3.8/site-packages/airflow/example_dags/subdags/subdag.py took 0.071 seconds
[2026-06-07T19:05:51.137+0000] {processor.py:157} INFO - Started process (PID=1208) to work on /home/airflow/.local/lib/python3.8/site-packages/airflow/example_dags/subdags/subdag.py
[2026-06-07T19:05:51.139+0000] {processor.py:829} INFO - Processing file /home/airflow/.local/lib/python3.8/site-packages/airflow/example_dags/subdags/subdag.py for tasks to queue
[2026-06-07T19:05:51.142+0000] {logging_mixin.py:154} INFO - [2026-06-07T19:05:51.141+0000] {dagbag.py:536} INFO - Filling up the DagBag from /home/airflow/.local/lib/python3.8/site-packages/airflow/example_dags/subdags/subdag.py
[2026-06-07T19:05:51.144+0000] {processor.py:841} WARNING - No viable dags retrieved from /home/airflow/.local/lib/python3.8/site-packages/airflow/example_dags/subdags/subdag.py
[2026-06-07T19:05:51.162+0000] {processor.py:179} INFO - Processing /home/airflow/.local/lib/python3.8/site-packages/airflow/example_dags/subdags/subdag.py took 0.030 seconds
[2026-06-07T19:08:59.347+0000] {processor.py:157} INFO - Started process (PID=72) to work on /home/airflow/.local/lib/python3.8/site-packages/airflow/example_dags/subdags/subdag.py
[2026-06-07T19:08:59.354+0000] {processor.py:829} INFO - Processing file /home/airflow/.local/lib/python3.8/site-packages/airflow/example_dags/subdags/subdag.py for tasks to queue
[2026-06-07T19:08:59.369+0000] {logging_mixin.py:154} INFO - [2026-06-07T19:08:59.368+0000] {dagbag.py:536} INFO - Filling up the DagBag from /home/airflow/.local/lib/python3.8/site-packages/airflow/example_dags/subdags/subdag.py
[2026-06-07T19:08:59.376+0000] {processor.py:841} WARNING - No viable dags retrieved from /home/airflow/.local/lib/python3.8/site-packages/airflow/example_dags/subdags/subdag.py
[2026-06-07T19:08:59.470+0000] {processor.py:179} INFO - Processing /home/airflow/.local/lib/python3.8/site-packages/airflow/example_dags/subdags/subdag.py took 0.180 seconds
[2026-06-07T19:09:30.610+0000] {processor.py:157} INFO - Started process (PID=121) to work on /home/airflow/.local/lib/python3.8/site-packages/airflow/example_dags/subdags/subdag.py
[2026-06-07T19:09:30.619+0000] {processor.py:829} INFO - Processing file /home/airflow/.local/lib/python3.8/site-packages/airflow/example_dags/subdags/subdag.py for tasks to queue
[2026-06-07T19:09:30.661+0000] {logging_mixin.py:154} INFO - [2026-06-07T19:09:30.661+0000] {dagbag.py:536} INFO - Filling up the DagBag from /home/airflow/.local/lib/python3.8/site-packages/airflow/example_dags/subdags/subdag.py
[2026-06-07T19:09:30.676+0000] {processor.py:841} WARNING - No viable dags retrieved from /home/airflow/.local/lib/python3.8/site-packages/airflow/example_dags/subdags/subdag.py
[2026-06-07T19:09:30.779+0000] {processor.py:179} INFO - Processing /home/airflow/.local/lib/python3.8/site-packages/airflow/example_dags/subdags/subdag.py took 0.187 seconds
[2026-06-07T19:10:01.078+0000] {processor.py:157} INFO - Started process (PID=170) to work on /home/airflow/.local/lib/python3.8/site-packages/airflow/example_dags/subdags/subdag.py
[2026-06-07T19:10:01.079+0000] {processor.py:829} INFO - Processing file /home/airflow/.local/lib/python3.8/site-packages/airflow/example_dags/subdags/subdag.py for tasks to queue
[2026-06-07T19:10:01.082+0000] {logging_mixin.py:154} INFO - [2026-06-07T19:10:01.082+0000] {dagbag.py:536} INFO - Filling up the DagBag from /home/airflow/.local/lib/python3.8/site-packages/airflow/example_dags/subdags/subdag.py
[2026-06-07T19:10:01.086+0000] {processor.py:841} WARNING - No viable dags retrieved from /home/airflow/.local/lib/python3.8/site-packages/airflow/example_dags/subdags/subdag.py
[2026-06-07T19:10:01.104+0000] {processor.py:179} INFO - Processing /home/airflow/.local/lib/python3.8/site-packages/airflow/example_dags/subdags/subdag.py took 0.032 seconds
[2026-06-07T19:10:31.353+0000] {processor.py:157} INFO - Started process (PID=219) to work on /home/airflow/.local/lib/python3.8/site-packages/airflow/example_dags/subdags/subdag.py
[2026-06-07T19:10:31.354+0000] {processor.py:829} INFO - Processing file /home/airflow/.local/lib/python3.8/site-packages/airflow/example_dags/subdags/subdag.py for tasks to queue
[2026-06-07T19:10:31.358+0000] {logging_mixin.py:154} INFO - [2026-06-07T19:10:31.358+0000] {dagbag.py:536} INFO - Filling up the DagBag from /home/airflow/.local/lib/python3.8/site-packages/airflow/example_dags/subdags/subdag.py
[2026-06-07T19:10:31.361+0000] {processor.py:841} WARNING - No viable dags retrieved from /home/airflow/.local/lib/python3.8/site-packages/airflow/example_dags/subdags/subdag.py
[2026-06-07T19:10:31.380+0000] {processor.py:179} INFO - Processing /home/airflow/.local/lib/python3.8/site-packages/airflow/example_dags/subdags/subdag.py took 0.032 seconds
[2026-06-07T19:11:01.792+0000] {processor.py:157} INFO - Started process (PID=268) to work on /home/airflow/.local/lib/python3.8/site-packages/airflow/example_dags/subdags/subdag.py
[2026-06-07T19:11:01.794+0000] {processor.py:829} INFO - Processing file /home/airflow/.local/lib/python3.8/site-packages/airflow/example_dags/subdags/subdag.py for tasks to queue
[2026-06-07T19:11:01.797+0000] {logging_mixin.py:154} INFO - [2026-06-07T19:11:01.797+0000] {dagbag.py:536} INFO - Filling up the DagBag from /home/airflow/.local/lib/python3.8/site-packages/airflow/example_dags/subdags/subdag.py
[2026-06-07T19:11:01.800+0000] {processor.py:841} WARNING - No viable dags retrieved from /home/airflow/.local/lib/python3.8/site-packages/airflow/example_dags/subdags/subdag.py
[2026-06-07T19:11:01.816+0000] {processor.py:179} INFO - Processing /home/airflow/.local/lib/python3.8/site-packages/airflow/example_dags/subdags/subdag.py took 0.029 seconds
[2026-06-07T19:11:32.037+0000] {processor.py:157} INFO - Started process (PID=317) to work on /home/airflow/.local/lib/python3.8/site-packages/airflow/example_dags/subdags/subdag.py
[2026-06-07T19:11:32.038+0000] {processor.py:829} INFO - Processing file /home/airflow/.local/lib/python3.8/site-packages/airflow/example_dags/subdags/subdag.py for tasks to queue
[2026-06-07T19:11:32.040+0000] {logging_mixin.py:154} INFO - [2026-06-07T19:11:32.040+0000] {dagbag.py:536} INFO - Filling up the DagBag from /home/airflow/.local/lib/python3.8/site-packages/airflow/example_dags/subdags/subdag.py
[2026-06-07T19:11:32.042+0000] {processor.py:841} WARNING - No viable dags retrieved from /home/airflow/.local/lib/python3.8/site-packages/airflow/example_dags/subdags/subdag.py
[2026-06-07T19:11:32.056+0000] {processor.py:179} INFO - Processing /home/airflow/.local/lib/python3.8/site-packages/airflow/example_dags/subdags/subdag.py took 0.023 seconds
[2026-06-07T19:12:02.502+0000] {processor.py:157} INFO - Started process (PID=366) to work on /home/airflow/.local/lib/python3.8/site-packages/airflow/example_dags/subdags/subdag.py
[2026-06-07T19:12:02.506+0000] {processor.py:829} INFO - Processing file /home/airflow/.local/lib/python3.8/site-packages/airflow/example_dags/subdags/subdag.py for tasks to queue
[2026-06-07T19:12:02.509+0000] {logging_mixin.py:154} INFO - [2026-06-07T19:12:02.509+0000] {dagbag.py:536} INFO - Filling up the DagBag from /home/airflow/.local/lib/python3.8/site-packages/airflow/example_dags/subdags/subdag.py
[2026-06-07T19:12:02.512+0000] {processor.py:841} WARNING - No viable dags retrieved from /home/airflow/.local/lib/python3.8/site-packages/airflow/example_dags/subdags/subdag.py
[2026-06-07T19:12:02.529+0000] {processor.py:179} INFO - Processing /home/airflow/.local/lib/python3.8/site-packages/airflow/example_dags/subdags/subdag.py took 0.031 seconds
[2026-06-07T19:12:33.355+0000] {processor.py:157} INFO - Started process (PID=415) to work on /home/airflow/.local/lib/python3.8/site-packages/airflow/example_dags/subdags/subdag.py
[2026-06-07T19:12:33.356+0000] {processor.py:829} INFO - Processing file /home/airflow/.local/lib/python3.8/site-packages/airflow/example_dags/subdags/subdag.py for tasks to queue
[2026-06-07T19:12:33.370+0000] {logging_mixin.py:154} INFO - [2026-06-07T19:12:33.370+0000] {dagbag.py:536} INFO - Filling up the DagBag from /home/airflow/.local/lib/python3.8/site-packages/airflow/example_dags/subdags/subdag.py
[2026-06-07T19:12:33.374+0000] {processor.py:841} WARNING - No viable dags retrieved from /home/airflow/.local/lib/python3.8/site-packages/airflow/example_dags/subdags/subdag.py
[2026-06-07T19:12:33.430+0000] {processor.py:179} INFO - Processing /home/airflow/.local/lib/python3.8/site-packages/airflow/example_dags/subdags/subdag.py took 0.089 seconds
[2026-06-07T19:13:04.178+0000] {processor.py:157} INFO - Started process (PID=464) to work on /home/airflow/.local/lib/python3.8/site-packages/airflow/example_dags/subdags/subdag.py
[2026-06-07T19:13:04.179+0000] {processor.py:829} INFO - Processing file /home/airflow/.local/lib/python3.8/site-packages/airflow/example_dags/subdags/subdag.py for tasks to queue
[2026-06-07T19:13:04.196+0000] {logging_mixin.py:154} INFO - [2026-06-07T19:13:04.196+0000] {dagbag.py:536} INFO - Filling up the DagBag from /home/airflow/.local/lib/python3.8/site-packages/airflow/example_dags/subdags/subdag.py
[2026-06-07T19:13:04.212+0000] {processor.py:841} WARNING - No viable dags retrieved from /home/airflow/.local/lib/python3.8/site-packages/airflow/example_dags/subdags/subdag.py
[2026-06-07T19:13:04.267+0000] {processor.py:179} INFO - Processing /home/airflow/.local/lib/python3.8/site-packages/airflow/example_dags/subdags/subdag.py took 0.106 seconds
[2026-06-07T19:13:34.437+0000] {processor.py:157} INFO - Started process (PID=513) to work on /home/airflow/.local/lib/python3.8/site-packages/airflow/example_dags/subdags/subdag.py
[2026-06-07T19:13:34.440+0000] {processor.py:829} INFO - Processing file /home/airflow/.local/lib/python3.8/site-packages/airflow/example_dags/subdags/subdag.py for tasks to queue
[2026-06-07T19:13:34.447+0000] {logging_mixin.py:154} INFO - [2026-06-07T19:13:34.446+0000] {dagbag.py:536} INFO - Filling up the DagBag from /home/airflow/.local/lib/python3.8/site-packages/airflow/example_dags/subdags/subdag.py
[2026-06-07T19:13:34.451+0000] {processor.py:841} WARNING - No viable dags retrieved from /home/airflow/.local/lib/python3.8/site-packages/airflow/example_dags/subdags/subdag.py
[2026-06-07T19:13:34.470+0000] {processor.py:179} INFO - Processing /home/airflow/.local/lib/python3.8/site-packages/airflow/example_dags/subdags/subdag.py took 0.048 seconds
[2026-06-07T19:14:05.609+0000] {processor.py:157} INFO - Started process (PID=562) to work on /home/airflow/.local/lib/python3.8/site-packages/airflow/example_dags/subdags/subdag.py
[2026-06-07T19:14:05.610+0000] {processor.py:829} INFO - Processing file /home/airflow/.local/lib/python3.8/site-packages/airflow/example_dags/subdags/subdag.py for tasks to queue
[2026-06-07T19:14:05.632+0000] {logging_mixin.py:154} INFO - [2026-06-07T19:14:05.613+0000] {dagbag.py:536} INFO - Filling up the DagBag from /home/airflow/.local/lib/python3.8/site-packages/airflow/example_dags/subdags/subdag.py
[2026-06-07T19:14:05.641+0000] {processor.py:841} WARNING - No viable dags retrieved from /home/airflow/.local/lib/python3.8/site-packages/airflow/example_dags/subdags/subdag.py
[2026-06-07T19:14:05.690+0000] {processor.py:179} INFO - Processing /home/airflow/.local/lib/python3.8/site-packages/airflow/example_dags/subdags/subdag.py took 0.092 seconds
[2026-06-07T19:14:36.249+0000] {processor.py:157} INFO - Started process (PID=610) to work on /home/airflow/.local/lib/python3.8/site-packages/airflow/example_dags/subdags/subdag.py
[2026-06-07T19:14:36.254+0000] {processor.py:829} INFO - Processing file /home/airflow/.local/lib/python3.8/site-packages/airflow/example_dags/subdags/subdag.py for tasks to queue
[2026-06-07T19:14:36.305+0000] {logging_mixin.py:154} INFO - [2026-06-07T19:14:36.289+0000] {dagbag.py:536} INFO - Filling up the DagBag from /home/airflow/.local/lib/python3.8/site-packages/airflow/example_dags/subdags/subdag.py
[2026-06-07T19:14:36.332+0000] {processor.py:841} WARNING - No viable dags retrieved from /home/airflow/.local/lib/python3.8/site-packages/airflow/example_dags/subdags/subdag.py
[2026-06-07T19:14:36.408+0000] {processor.py:179} INFO - Processing /home/airflow/.local/lib/python3.8/site-packages/airflow/example_dags/subdags/subdag.py took 0.182 seconds
[2026-06-07T19:17:50.703+0000] {processor.py:157} INFO - Started process (PID=72) to work on /home/airflow/.local/lib/python3.8/site-packages/airflow/example_dags/subdags/subdag.py
[2026-06-07T19:17:50.718+0000] {processor.py:829} INFO - Processing file /home/airflow/.local/lib/python3.8/site-packages/airflow/example_dags/subdags/subdag.py for tasks to queue
[2026-06-07T19:17:50.721+0000] {logging_mixin.py:154} INFO - [2026-06-07T19:17:50.721+0000] {dagbag.py:536} INFO - Filling up the DagBag from /home/airflow/.local/lib/python3.8/site-packages/airflow/example_dags/subdags/subdag.py
[2026-06-07T19:17:50.724+0000] {processor.py:841} WARNING - No viable dags retrieved from /home/airflow/.local/lib/python3.8/site-packages/airflow/example_dags/subdags/subdag.py
[2026-06-07T19:17:50.785+0000] {processor.py:179} INFO - Processing /home/airflow/.local/lib/python3.8/site-packages/airflow/example_dags/subdags/subdag.py took 0.099 seconds
[2026-06-07T19:18:22.066+0000] {processor.py:157} INFO - Started process (PID=121) to work on /home/airflow/.local/lib/python3.8/site-packages/airflow/example_dags/subdags/subdag.py
[2026-06-07T19:18:22.074+0000] {processor.py:829} INFO - Processing file /home/airflow/.local/lib/python3.8/site-packages/airflow/example_dags/subdags/subdag.py for tasks to queue
[2026-06-07T19:18:22.078+0000] {logging_mixin.py:154} INFO - [2026-06-07T19:18:22.078+0000] {dagbag.py:536} INFO - Filling up the DagBag from /home/airflow/.local/lib/python3.8/site-packages/airflow/example_dags/subdags/subdag.py
[2026-06-07T19:18:22.092+0000] {processor.py:841} WARNING - No viable dags retrieved from /home/airflow/.local/lib/python3.8/site-packages/airflow/example_dags/subdags/subdag.py
[2026-06-07T19:18:22.172+0000] {processor.py:179} INFO - Processing /home/airflow/.local/lib/python3.8/site-packages/airflow/example_dags/subdags/subdag.py took 0.131 seconds
[2026-06-07T19:18:52.422+0000] {processor.py:157} INFO - Started process (PID=170) to work on /home/airflow/.local/lib/python3.8/site-packages/airflow/example_dags/subdags/subdag.py
[2026-06-07T19:18:52.427+0000] {processor.py:829} INFO - Processing file /home/airflow/.local/lib/python3.8/site-packages/airflow/example_dags/subdags/subdag.py for tasks to queue
[2026-06-07T19:18:52.437+0000] {logging_mixin.py:154} INFO - [2026-06-07T19:18:52.436+0000] {dagbag.py:536} INFO - Filling up the DagBag from /home/airflow/.local/lib/python3.8/site-packages/airflow/example_dags/subdags/subdag.py
[2026-06-07T19:18:52.440+0000] {processor.py:841} WARNING - No viable dags retrieved from /home/airflow/.local/lib/python3.8/site-packages/airflow/example_dags/subdags/subdag.py
[2026-06-07T19:18:52.487+0000] {processor.py:179} INFO - Processing /home/airflow/.local/lib/python3.8/site-packages/airflow/example_dags/subdags/subdag.py took 0.081 seconds
[2026-06-07T19:19:22.937+0000] {processor.py:157} INFO - Started process (PID=218) to work on /home/airflow/.local/lib/python3.8/site-packages/airflow/example_dags/subdags/subdag.py
[2026-06-07T19:19:22.942+0000] {processor.py:829} INFO - Processing file /home/airflow/.local/lib/python3.8/site-packages/airflow/example_dags/subdags/subdag.py for tasks to queue
[2026-06-07T19:19:22.948+0000] {logging_mixin.py:154} INFO - [2026-06-07T19:19:22.948+0000] {dagbag.py:536} INFO - Filling up the DagBag from /home/airflow/.local/lib/python3.8/site-packages/airflow/example_dags/subdags/subdag.py
[2026-06-07T19:19:22.953+0000] {processor.py:841} WARNING - No viable dags retrieved from /home/airflow/.local/lib/python3.8/site-packages/airflow/example_dags/subdags/subdag.py
[2026-06-07T19:19:22.978+0000] {processor.py:179} INFO - Processing /home/airflow/.local/lib/python3.8/site-packages/airflow/example_dags/subdags/subdag.py took 0.046 seconds
[2026-06-07T19:19:54.601+0000] {processor.py:157} INFO - Started process (PID=268) to work on /home/airflow/.local/lib/python3.8/site-packages/airflow/example_dags/subdags/subdag.py
[2026-06-07T19:19:54.602+0000] {processor.py:829} INFO - Processing file /home/airflow/.local/lib/python3.8/site-packages/airflow/example_dags/subdags/subdag.py for tasks to queue
[2026-06-07T19:19:54.605+0000] {logging_mixin.py:154} INFO - [2026-06-07T19:19:54.605+0000] {dagbag.py:536} INFO - Filling up the DagBag from /home/airflow/.local/lib/python3.8/site-packages/airflow/example_dags/subdags/subdag.py
[2026-06-07T19:19:54.609+0000] {processor.py:841} WARNING - No viable dags retrieved from /home/airflow/.local/lib/python3.8/site-packages/airflow/example_dags/subdags/subdag.py
[2026-06-07T19:19:54.627+0000] {processor.py:179} INFO - Processing /home/airflow/.local/lib/python3.8/site-packages/airflow/example_dags/subdags/subdag.py took 0.031 seconds
[2026-06-07T19:20:25.463+0000] {processor.py:157} INFO - Started process (PID=317) to work on /home/airflow/.local/lib/python3.8/site-packages/airflow/example_dags/subdags/subdag.py
[2026-06-07T19:20:25.466+0000] {processor.py:829} INFO - Processing file /home/airflow/.local/lib/python3.8/site-packages/airflow/example_dags/subdags/subdag.py for tasks to queue
[2026-06-07T19:20:25.474+0000] {logging_mixin.py:154} INFO - [2026-06-07T19:20:25.474+0000] {dagbag.py:536} INFO - Filling up the DagBag from /home/airflow/.local/lib/python3.8/site-packages/airflow/example_dags/subdags/subdag.py
[2026-06-07T19:20:25.477+0000] {processor.py:841} WARNING - No viable dags retrieved from /home/airflow/.local/lib/python3.8/site-packages/airflow/example_dags/subdags/subdag.py
[2026-06-07T19:20:25.515+0000] {processor.py:179} INFO - Processing /home/airflow/.local/lib/python3.8/site-packages/airflow/example_dags/subdags/subdag.py took 0.065 seconds
[2026-06-07T19:20:56.022+0000] {processor.py:157} INFO - Started process (PID=366) to work on /home/airflow/.local/lib/python3.8/site-packages/airflow/example_dags/subdags/subdag.py
[2026-06-07T19:20:56.023+0000] {processor.py:829} INFO - Processing file /home/airflow/.local/lib/python3.8/site-packages/airflow/example_dags/subdags/subdag.py for tasks to queue
[2026-06-07T19:20:56.027+0000] {logging_mixin.py:154} INFO - [2026-06-07T19:20:56.027+0000] {dagbag.py:536} INFO - Filling up the DagBag from /home/airflow/.local/lib/python3.8/site-packages/airflow/example_dags/subdags/subdag.py
[2026-06-07T19:20:56.030+0000] {processor.py:841} WARNING - No viable dags retrieved from /home/airflow/.local/lib/python3.8/site-packages/airflow/example_dags/subdags/subdag.py
[2026-06-07T19:20:56.047+0000] {processor.py:179} INFO - Processing /home/airflow/.local/lib/python3.8/site-packages/airflow/example_dags/subdags/subdag.py took 0.030 seconds
[2026-06-07T19:21:26.449+0000] {processor.py:157} INFO - Started process (PID=415) to work on /home/airflow/.local/lib/python3.8/site-packages/airflow/example_dags/subdags/subdag.py
[2026-06-07T19:21:26.454+0000] {processor.py:829} INFO - Processing file /home/airflow/.local/lib/python3.8/site-packages/airflow/example_dags/subdags/subdag.py for tasks to queue
[2026-06-07T19:21:26.457+0000] {logging_mixin.py:154} INFO - [2026-06-07T19:21:26.457+0000] {dagbag.py:536} INFO - Filling up the DagBag from /home/airflow/.local/lib/python3.8/site-packages/airflow/example_dags/subdags/subdag.py
[2026-06-07T19:21:26.460+0000] {processor.py:841} WARNING - No viable dags retrieved from /home/airflow/.local/lib/python3.8/site-packages/airflow/example_dags/subdags/subdag.py
[2026-06-07T19:21:26.478+0000] {processor.py:179} INFO - Processing /home/airflow/.local/lib/python3.8/site-packages/airflow/example_dags/subdags/subdag.py took 0.035 seconds
[2026-06-07T19:21:57.546+0000] {processor.py:157} INFO - Started process (PID=464) to work on /home/airflow/.local/lib/python3.8/site-packages/airflow/example_dags/subdags/subdag.py
[2026-06-07T19:21:57.547+0000] {processor.py:829} INFO - Processing file /home/airflow/.local/lib/python3.8/site-packages/airflow/example_dags/subdags/subdag.py for tasks to queue
[2026-06-07T19:21:57.550+0000] {logging_mixin.py:154} INFO - [2026-06-07T19:21:57.549+0000] {dagbag.py:536} INFO - Filling up the DagBag from /home/airflow/.local/lib/python3.8/site-packages/airflow/example_dags/subdags/subdag.py
[2026-06-07T19:21:57.562+0000] {processor.py:841} WARNING - No viable dags retrieved from /home/airflow/.local/lib/python3.8/site-packages/airflow/example_dags/subdags/subdag.py
[2026-06-07T19:21:57.606+0000] {processor.py:179} INFO - Processing /home/airflow/.local/lib/python3.8/site-packages/airflow/example_dags/subdags/subdag.py took 0.076 seconds
[2026-06-07T19:22:27.805+0000] {processor.py:157} INFO - Started process (PID=513) to work on /home/airflow/.local/lib/python3.8/site-packages/airflow/example_dags/subdags/subdag.py
[2026-06-07T19:22:27.809+0000] {processor.py:829} INFO - Processing file /home/airflow/.local/lib/python3.8/site-packages/airflow/example_dags/subdags/subdag.py for tasks to queue
[2026-06-07T19:22:27.811+0000] {logging_mixin.py:154} INFO - [2026-06-07T19:22:27.811+0000] {dagbag.py:536} INFO - Filling up the DagBag from /home/airflow/.local/lib/python3.8/site-packages/airflow/example_dags/subdags/subdag.py
[2026-06-07T19:22:27.815+0000] {processor.py:841} WARNING - No viable dags retrieved from /home/airflow/.local/lib/python3.8/site-packages/airflow/example_dags/subdags/subdag.py
[2026-06-07T19:22:27.832+0000] {processor.py:179} INFO - Processing /home/airflow/.local/lib/python3.8/site-packages/airflow/example_dags/subdags/subdag.py took 0.032 seconds
[2026-06-07T19:22:58.489+0000] {processor.py:157} INFO - Started process (PID=562) to work on /home/airflow/.local/lib/python3.8/site-packages/airflow/example_dags/subdags/subdag.py
[2026-06-07T19:22:58.491+0000] {processor.py:829} INFO - Processing file /home/airflow/.local/lib/python3.8/site-packages/airflow/example_dags/subdags/subdag.py for tasks to queue
[2026-06-07T19:22:58.494+0000] {logging_mixin.py:154} INFO - [2026-06-07T19:22:58.493+0000] {dagbag.py:536} INFO - Filling up the DagBag from /home/airflow/.local/lib/python3.8/site-packages/airflow/example_dags/subdags/subdag.py
[2026-06-07T19:22:58.496+0000] {processor.py:841} WARNING - No viable dags retrieved from /home/airflow/.local/lib/python3.8/site-packages/airflow/example_dags/subdags/subdag.py
[2026-06-07T19:22:58.512+0000] {processor.py:179} INFO - Processing /home/airflow/.local/lib/python3.8/site-packages/airflow/example_dags/subdags/subdag.py took 0.028 seconds
[2026-06-07T19:23:29.167+0000] {processor.py:157} INFO - Started process (PID=611) to work on /home/airflow/.local/lib/python3.8/site-packages/airflow/example_dags/subdags/subdag.py
[2026-06-07T19:23:29.171+0000] {processor.py:829} INFO - Processing file /home/airflow/.local/lib/python3.8/site-packages/airflow/example_dags/subdags/subdag.py for tasks to queue
[2026-06-07T19:23:29.174+0000] {logging_mixin.py:154} INFO - [2026-06-07T19:23:29.174+0000] {dagbag.py:536} INFO - Filling up the DagBag from /home/airflow/.local/lib/python3.8/site-packages/airflow/example_dags/subdags/subdag.py
[2026-06-07T19:23:29.177+0000] {processor.py:841} WARNING - No viable dags retrieved from /home/airflow/.local/lib/python3.8/site-packages/airflow/example_dags/subdags/subdag.py
[2026-06-07T19:23:29.196+0000] {processor.py:179} INFO - Processing /home/airflow/.local/lib/python3.8/site-packages/airflow/example_dags/subdags/subdag.py took 0.039 seconds
[2026-06-07T19:23:59.724+0000] {processor.py:157} INFO - Started process (PID=660) to work on /home/airflow/.local/lib/python3.8/site-packages/airflow/example_dags/subdags/subdag.py
[2026-06-07T19:23:59.726+0000] {processor.py:829} INFO - Processing file /home/airflow/.local/lib/python3.8/site-packages/airflow/example_dags/subdags/subdag.py for tasks to queue
[2026-06-07T19:23:59.729+0000] {logging_mixin.py:154} INFO - [2026-06-07T19:23:59.729+0000] {dagbag.py:536} INFO - Filling up the DagBag from /home/airflow/.local/lib/python3.8/site-packages/airflow/example_dags/subdags/subdag.py
[2026-06-07T19:23:59.732+0000] {processor.py:841} WARNING - No viable dags retrieved from /home/airflow/.local/lib/python3.8/site-packages/airflow/example_dags/subdags/subdag.py
[2026-06-07T19:23:59.752+0000] {processor.py:179} INFO - Processing /home/airflow/.local/lib/python3.8/site-packages/airflow/example_dags/subdags/subdag.py took 0.033 seconds
[2026-06-07T19:24:31.655+0000] {processor.py:157} INFO - Started process (PID=709) to work on /home/airflow/.local/lib/python3.8/site-packages/airflow/example_dags/subdags/subdag.py
[2026-06-07T19:24:31.657+0000] {processor.py:829} INFO - Processing file /home/airflow/.local/lib/python3.8/site-packages/airflow/example_dags/subdags/subdag.py for tasks to queue
[2026-06-07T19:24:31.659+0000] {logging_mixin.py:154} INFO - [2026-06-07T19:24:31.659+0000] {dagbag.py:536} INFO - Filling up the DagBag from /home/airflow/.local/lib/python3.8/site-packages/airflow/example_dags/subdags/subdag.py
[2026-06-07T19:24:31.662+0000] {processor.py:841} WARNING - No viable dags retrieved from /home/airflow/.local/lib/python3.8/site-packages/airflow/example_dags/subdags/subdag.py
[2026-06-07T19:24:31.680+0000] {processor.py:179} INFO - Processing /home/airflow/.local/lib/python3.8/site-packages/airflow/example_dags/subdags/subdag.py took 0.030 seconds
[2026-06-07T19:25:05.871+0000] {processor.py:157} INFO - Started process (PID=758) to work on /home/airflow/.local/lib/python3.8/site-packages/airflow/example_dags/subdags/subdag.py
[2026-06-07T19:25:05.882+0000] {processor.py:829} INFO - Processing file /home/airflow/.local/lib/python3.8/site-packages/airflow/example_dags/subdags/subdag.py for tasks to queue
[2026-06-07T19:25:05.885+0000] {logging_mixin.py:154} INFO - [2026-06-07T19:25:05.885+0000] {dagbag.py:536} INFO - Filling up the DagBag from /home/airflow/.local/lib/python3.8/site-packages/airflow/example_dags/subdags/subdag.py
[2026-06-07T19:25:05.889+0000] {processor.py:841} WARNING - No viable dags retrieved from /home/airflow/.local/lib/python3.8/site-packages/airflow/example_dags/subdags/subdag.py
[2026-06-07T19:25:05.924+0000] {processor.py:179} INFO - Processing /home/airflow/.local/lib/python3.8/site-packages/airflow/example_dags/subdags/subdag.py took 0.057 seconds
[2026-06-07T19:25:37.061+0000] {processor.py:157} INFO - Started process (PID=807) to work on /home/airflow/.local/lib/python3.8/site-packages/airflow/example_dags/subdags/subdag.py
[2026-06-07T19:25:37.066+0000] {processor.py:829} INFO - Processing file /home/airflow/.local/lib/python3.8/site-packages/airflow/example_dags/subdags/subdag.py for tasks to queue
[2026-06-07T19:25:37.101+0000] {logging_mixin.py:154} INFO - [2026-06-07T19:25:37.100+0000] {dagbag.py:536} INFO - Filling up the DagBag from /home/airflow/.local/lib/python3.8/site-packages/airflow/example_dags/subdags/subdag.py
[2026-06-07T19:25:37.116+0000] {processor.py:841} WARNING - No viable dags retrieved from /home/airflow/.local/lib/python3.8/site-packages/airflow/example_dags/subdags/subdag.py
[2026-06-07T19:25:37.185+0000] {processor.py:179} INFO - Processing /home/airflow/.local/lib/python3.8/site-packages/airflow/example_dags/subdags/subdag.py took 0.147 seconds
[2026-06-07T19:26:07.820+0000] {processor.py:157} INFO - Started process (PID=856) to work on /home/airflow/.local/lib/python3.8/site-packages/airflow/example_dags/subdags/subdag.py
[2026-06-07T19:26:07.823+0000] {processor.py:829} INFO - Processing file /home/airflow/.local/lib/python3.8/site-packages/airflow/example_dags/subdags/subdag.py for tasks to queue
[2026-06-07T19:26:07.826+0000] {logging_mixin.py:154} INFO - [2026-06-07T19:26:07.825+0000] {dagbag.py:536} INFO - Filling up the DagBag from /home/airflow/.local/lib/python3.8/site-packages/airflow/example_dags/subdags/subdag.py
[2026-06-07T19:26:07.829+0000] {processor.py:841} WARNING - No viable dags retrieved from /home/airflow/.local/lib/python3.8/site-packages/airflow/example_dags/subdags/subdag.py
[2026-06-07T19:26:07.846+0000] {processor.py:179} INFO - Processing /home/airflow/.local/lib/python3.8/site-packages/airflow/example_dags/subdags/subdag.py took 0.030 seconds
[2026-06-07T19:26:38.268+0000] {processor.py:157} INFO - Started process (PID=903) to work on /home/airflow/.local/lib/python3.8/site-packages/airflow/example_dags/subdags/subdag.py
[2026-06-07T19:26:38.269+0000] {processor.py:829} INFO - Processing file /home/airflow/.local/lib/python3.8/site-packages/airflow/example_dags/subdags/subdag.py for tasks to queue
[2026-06-07T19:26:38.273+0000] {logging_mixin.py:154} INFO - [2026-06-07T19:26:38.272+0000] {dagbag.py:536} INFO - Filling up the DagBag from /home/airflow/.local/lib/python3.8/site-packages/airflow/example_dags/subdags/subdag.py
[2026-06-07T19:26:38.276+0000] {processor.py:841} WARNING - No viable dags retrieved from /home/airflow/.local/lib/python3.8/site-packages/airflow/example_dags/subdags/subdag.py
[2026-06-07T19:26:38.293+0000] {processor.py:179} INFO - Processing /home/airflow/.local/lib/python3.8/site-packages/airflow/example_dags/subdags/subdag.py took 0.030 seconds
[2026-06-07T19:27:09.551+0000] {processor.py:157} INFO - Started process (PID=952) to work on /home/airflow/.local/lib/python3.8/site-packages/airflow/example_dags/subdags/subdag.py
[2026-06-07T19:27:09.562+0000] {processor.py:829} INFO - Processing file /home/airflow/.local/lib/python3.8/site-packages/airflow/example_dags/subdags/subdag.py for tasks to queue
[2026-06-07T19:27:09.576+0000] {logging_mixin.py:154} INFO - [2026-06-07T19:27:09.574+0000] {dagbag.py:536} INFO - Filling up the DagBag from /home/airflow/.local/lib/python3.8/site-packages/airflow/example_dags/subdags/subdag.py
[2026-06-07T19:27:09.579+0000] {processor.py:841} WARNING - No viable dags retrieved from /home/airflow/.local/lib/python3.8/site-packages/airflow/example_dags/subdags/subdag.py
[2026-06-07T19:27:09.614+0000] {processor.py:179} INFO - Processing /home/airflow/.local/lib/python3.8/site-packages/airflow/example_dags/subdags/subdag.py took 0.071 seconds
[2026-06-07T19:27:40.512+0000] {processor.py:157} INFO - Started process (PID=1001) to work on /home/airflow/.local/lib/python3.8/site-packages/airflow/example_dags/subdags/subdag.py
[2026-06-07T19:27:40.513+0000] {processor.py:829} INFO - Processing file /home/airflow/.local/lib/python3.8/site-packages/airflow/example_dags/subdags/subdag.py for tasks to queue
[2026-06-07T19:27:40.517+0000] {logging_mixin.py:154} INFO - [2026-06-07T19:27:40.517+0000] {dagbag.py:536} INFO - Filling up the DagBag from /home/airflow/.local/lib/python3.8/site-packages/airflow/example_dags/subdags/subdag.py
[2026-06-07T19:27:40.520+0000] {processor.py:841} WARNING - No viable dags retrieved from /home/airflow/.local/lib/python3.8/site-packages/airflow/example_dags/subdags/subdag.py
[2026-06-07T19:27:40.537+0000] {processor.py:179} INFO - Processing /home/airflow/.local/lib/python3.8/site-packages/airflow/example_dags/subdags/subdag.py took 0.029 seconds
[2026-06-07T19:31:11.744+0000] {processor.py:157} INFO - Started process (PID=72) to work on /home/airflow/.local/lib/python3.8/site-packages/airflow/example_dags/subdags/subdag.py
[2026-06-07T19:31:11.750+0000] {processor.py:829} INFO - Processing file /home/airflow/.local/lib/python3.8/site-packages/airflow/example_dags/subdags/subdag.py for tasks to queue
[2026-06-07T19:31:11.753+0000] {logging_mixin.py:154} INFO - [2026-06-07T19:31:11.753+0000] {dagbag.py:536} INFO - Filling up the DagBag from /home/airflow/.local/lib/python3.8/site-packages/airflow/example_dags/subdags/subdag.py
[2026-06-07T19:31:11.772+0000] {processor.py:841} WARNING - No viable dags retrieved from /home/airflow/.local/lib/python3.8/site-packages/airflow/example_dags/subdags/subdag.py
[2026-06-07T19:31:11.847+0000] {processor.py:179} INFO - Processing /home/airflow/.local/lib/python3.8/site-packages/airflow/example_dags/subdags/subdag.py took 0.120 seconds
[2026-06-07T19:31:42.269+0000] {processor.py:157} INFO - Started process (PID=120) to work on /home/airflow/.local/lib/python3.8/site-packages/airflow/example_dags/subdags/subdag.py
[2026-06-07T19:31:42.286+0000] {processor.py:829} INFO - Processing file /home/airflow/.local/lib/python3.8/site-packages/airflow/example_dags/subdags/subdag.py for tasks to queue
[2026-06-07T19:31:42.289+0000] {logging_mixin.py:154} INFO - [2026-06-07T19:31:42.289+0000] {dagbag.py:536} INFO - Filling up the DagBag from /home/airflow/.local/lib/python3.8/site-packages/airflow/example_dags/subdags/subdag.py
[2026-06-07T19:31:42.306+0000] {processor.py:841} WARNING - No viable dags retrieved from /home/airflow/.local/lib/python3.8/site-packages/airflow/example_dags/subdags/subdag.py
[2026-06-07T19:31:42.418+0000] {processor.py:179} INFO - Processing /home/airflow/.local/lib/python3.8/site-packages/airflow/example_dags/subdags/subdag.py took 0.171 seconds
[2026-06-07T19:32:13.370+0000] {processor.py:157} INFO - Started process (PID=170) to work on /home/airflow/.local/lib/python3.8/site-packages/airflow/example_dags/subdags/subdag.py
[2026-06-07T19:32:13.371+0000] {processor.py:829} INFO - Processing file /home/airflow/.local/lib/python3.8/site-packages/airflow/example_dags/subdags/subdag.py for tasks to queue
[2026-06-07T19:32:13.375+0000] {logging_mixin.py:154} INFO - [2026-06-07T19:32:13.374+0000] {dagbag.py:536} INFO - Filling up the DagBag from /home/airflow/.local/lib/python3.8/site-packages/airflow/example_dags/subdags/subdag.py
[2026-06-07T19:32:13.377+0000] {processor.py:841} WARNING - No viable dags retrieved from /home/airflow/.local/lib/python3.8/site-packages/airflow/example_dags/subdags/subdag.py
[2026-06-07T19:32:13.394+0000] {processor.py:179} INFO - Processing /home/airflow/.local/lib/python3.8/site-packages/airflow/example_dags/subdags/subdag.py took 0.028 seconds
[2026-06-07T19:32:44.105+0000] {processor.py:157} INFO - Started process (PID=219) to work on /home/airflow/.local/lib/python3.8/site-packages/airflow/example_dags/subdags/subdag.py
[2026-06-07T19:32:44.110+0000] {processor.py:829} INFO - Processing file /home/airflow/.local/lib/python3.8/site-packages/airflow/example_dags/subdags/subdag.py for tasks to queue
[2026-06-07T19:32:44.113+0000] {logging_mixin.py:154} INFO - [2026-06-07T19:32:44.113+0000] {dagbag.py:536} INFO - Filling up the DagBag from /home/airflow/.local/lib/python3.8/site-packages/airflow/example_dags/subdags/subdag.py
[2026-06-07T19:32:44.120+0000] {processor.py:841} WARNING - No viable dags retrieved from /home/airflow/.local/lib/python3.8/site-packages/airflow/example_dags/subdags/subdag.py
[2026-06-07T19:32:44.142+0000] {processor.py:179} INFO - Processing /home/airflow/.local/lib/python3.8/site-packages/airflow/example_dags/subdags/subdag.py took 0.042 seconds
[2026-06-07T19:33:14.573+0000] {processor.py:157} INFO - Started process (PID=268) to work on /home/airflow/.local/lib/python3.8/site-packages/airflow/example_dags/subdags/subdag.py
[2026-06-07T19:33:14.576+0000] {processor.py:829} INFO - Processing file /home/airflow/.local/lib/python3.8/site-packages/airflow/example_dags/subdags/subdag.py for tasks to queue
[2026-06-07T19:33:14.579+0000] {logging_mixin.py:154} INFO - [2026-06-07T19:33:14.579+0000] {dagbag.py:536} INFO - Filling up the DagBag from /home/airflow/.local/lib/python3.8/site-packages/airflow/example_dags/subdags/subdag.py
[2026-06-07T19:33:14.582+0000] {processor.py:841} WARNING - No viable dags retrieved from /home/airflow/.local/lib/python3.8/site-packages/airflow/example_dags/subdags/subdag.py
[2026-06-07T19:33:14.601+0000] {processor.py:179} INFO - Processing /home/airflow/.local/lib/python3.8/site-packages/airflow/example_dags/subdags/subdag.py took 0.033 seconds
[2026-06-07T19:33:47.552+0000] {processor.py:157} INFO - Started process (PID=317) to work on /home/airflow/.local/lib/python3.8/site-packages/airflow/example_dags/subdags/subdag.py
[2026-06-07T19:33:47.559+0000] {processor.py:829} INFO - Processing file /home/airflow/.local/lib/python3.8/site-packages/airflow/example_dags/subdags/subdag.py for tasks to queue
[2026-06-07T19:33:47.575+0000] {logging_mixin.py:154} INFO - [2026-06-07T19:33:47.572+0000] {dagbag.py:536} INFO - Filling up the DagBag from /home/airflow/.local/lib/python3.8/site-packages/airflow/example_dags/subdags/subdag.py
[2026-06-07T19:33:47.593+0000] {processor.py:841} WARNING - No viable dags retrieved from /home/airflow/.local/lib/python3.8/site-packages/airflow/example_dags/subdags/subdag.py
[2026-06-07T19:33:47.686+0000] {processor.py:179} INFO - Processing /home/airflow/.local/lib/python3.8/site-packages/airflow/example_dags/subdags/subdag.py took 0.185 seconds
[2026-06-07T19:34:19.831+0000] {processor.py:157} INFO - Started process (PID=366) to work on /home/airflow/.local/lib/python3.8/site-packages/airflow/example_dags/subdags/subdag.py
[2026-06-07T19:34:19.832+0000] {processor.py:829} INFO - Processing file /home/airflow/.local/lib/python3.8/site-packages/airflow/example_dags/subdags/subdag.py for tasks to queue
[2026-06-07T19:34:19.842+0000] {logging_mixin.py:154} INFO - [2026-06-07T19:34:19.839+0000] {dagbag.py:536} INFO - Filling up the DagBag from /home/airflow/.local/lib/python3.8/site-packages/airflow/example_dags/subdags/subdag.py
[2026-06-07T19:34:19.860+0000] {processor.py:841} WARNING - No viable dags retrieved from /home/airflow/.local/lib/python3.8/site-packages/airflow/example_dags/subdags/subdag.py
[2026-06-07T19:34:19.929+0000] {processor.py:179} INFO - Processing /home/airflow/.local/lib/python3.8/site-packages/airflow/example_dags/subdags/subdag.py took 0.121 seconds
[2026-06-07T19:34:50.171+0000] {processor.py:157} INFO - Started process (PID=415) to work on /home/airflow/.local/lib/python3.8/site-packages/airflow/example_dags/subdags/subdag.py
[2026-06-07T19:34:50.176+0000] {processor.py:829} INFO - Processing file /home/airflow/.local/lib/python3.8/site-packages/airflow/example_dags/subdags/subdag.py for tasks to queue
[2026-06-07T19:34:50.179+0000] {logging_mixin.py:154} INFO - [2026-06-07T19:34:50.179+0000] {dagbag.py:536} INFO - Filling up the DagBag from /home/airflow/.local/lib/python3.8/site-packages/airflow/example_dags/subdags/subdag.py
[2026-06-07T19:34:50.182+0000] {processor.py:841} WARNING - No viable dags retrieved from /home/airflow/.local/lib/python3.8/site-packages/airflow/example_dags/subdags/subdag.py
[2026-06-07T19:34:50.217+0000] {processor.py:179} INFO - Processing /home/airflow/.local/lib/python3.8/site-packages/airflow/example_dags/subdags/subdag.py took 0.055 seconds
[2026-06-07T19:35:20.609+0000] {processor.py:157} INFO - Started process (PID=464) to work on /home/airflow/.local/lib/python3.8/site-packages/airflow/example_dags/subdags/subdag.py
[2026-06-07T19:35:20.611+0000] {processor.py:829} INFO - Processing file /home/airflow/.local/lib/python3.8/site-packages/airflow/example_dags/subdags/subdag.py for tasks to queue
[2026-06-07T19:35:20.614+0000] {logging_mixin.py:154} INFO - [2026-06-07T19:35:20.613+0000] {dagbag.py:536} INFO - Filling up the DagBag from /home/airflow/.local/lib/python3.8/site-packages/airflow/example_dags/subdags/subdag.py
[2026-06-07T19:35:20.617+0000] {processor.py:841} WARNING - No viable dags retrieved from /home/airflow/.local/lib/python3.8/site-packages/airflow/example_dags/subdags/subdag.py
[2026-06-07T19:35:20.655+0000] {processor.py:179} INFO - Processing /home/airflow/.local/lib/python3.8/site-packages/airflow/example_dags/subdags/subdag.py took 0.062 seconds
[2026-06-07T19:35:51.343+0000] {processor.py:157} INFO - Started process (PID=513) to work on /home/airflow/.local/lib/python3.8/site-packages/airflow/example_dags/subdags/subdag.py
[2026-06-07T19:35:51.344+0000] {processor.py:829} INFO - Processing file /home/airflow/.local/lib/python3.8/site-packages/airflow/example_dags/subdags/subdag.py for tasks to queue
[2026-06-07T19:35:51.347+0000] {logging_mixin.py:154} INFO - [2026-06-07T19:35:51.347+0000] {dagbag.py:536} INFO - Filling up the DagBag from /home/airflow/.local/lib/python3.8/site-packages/airflow/example_dags/subdags/subdag.py
[2026-06-07T19:35:51.350+0000] {processor.py:841} WARNING - No viable dags retrieved from /home/airflow/.local/lib/python3.8/site-packages/airflow/example_dags/subdags/subdag.py
[2026-06-07T19:35:51.370+0000] {processor.py:179} INFO - Processing /home/airflow/.local/lib/python3.8/site-packages/airflow/example_dags/subdags/subdag.py took 0.032 seconds
[2026-06-07T19:36:21.849+0000] {processor.py:157} INFO - Started process (PID=562) to work on /home/airflow/.local/lib/python3.8/site-packages/airflow/example_dags/subdags/subdag.py
[2026-06-07T19:36:21.855+0000] {processor.py:829} INFO - Processing file /home/airflow/.local/lib/python3.8/site-packages/airflow/example_dags/subdags/subdag.py for tasks to queue
[2026-06-07T19:36:21.858+0000] {logging_mixin.py:154} INFO - [2026-06-07T19:36:21.858+0000] {dagbag.py:536} INFO - Filling up the DagBag from /home/airflow/.local/lib/python3.8/site-packages/airflow/example_dags/subdags/subdag.py
[2026-06-07T19:36:21.862+0000] {processor.py:841} WARNING - No viable dags retrieved from /home/airflow/.local/lib/python3.8/site-packages/airflow/example_dags/subdags/subdag.py
[2026-06-07T19:36:21.879+0000] {processor.py:179} INFO - Processing /home/airflow/.local/lib/python3.8/site-packages/airflow/example_dags/subdags/subdag.py took 0.036 seconds
[2026-06-07T19:36:54.447+0000] {processor.py:157} INFO - Started process (PID=611) to work on /home/airflow/.local/lib/python3.8/site-packages/airflow/example_dags/subdags/subdag.py
[2026-06-07T19:36:54.451+0000] {processor.py:829} INFO - Processing file /home/airflow/.local/lib/python3.8/site-packages/airflow/example_dags/subdags/subdag.py for tasks to queue
[2026-06-07T19:36:54.456+0000] {logging_mixin.py:154} INFO - [2026-06-07T19:36:54.456+0000] {dagbag.py:536} INFO - Filling up the DagBag from /home/airflow/.local/lib/python3.8/site-packages/airflow/example_dags/subdags/subdag.py
[2026-06-07T19:36:54.463+0000] {processor.py:841} WARNING - No viable dags retrieved from /home/airflow/.local/lib/python3.8/site-packages/airflow/example_dags/subdags/subdag.py
[2026-06-07T19:36:54.501+0000] {processor.py:179} INFO - Processing /home/airflow/.local/lib/python3.8/site-packages/airflow/example_dags/subdags/subdag.py took 0.062 seconds
