[2026-06-07T14:55:43.198+0000] {processor.py:157} INFO - Started process (PID=84) to work on /home/airflow/.local/lib/python3.8/site-packages/airflow/example_dags/example_python_operator.py
[2026-06-07T14:55:43.216+0000] {processor.py:829} INFO - Processing file /home/airflow/.local/lib/python3.8/site-packages/airflow/example_dags/example_python_operator.py for tasks to queue
[2026-06-07T14:55:43.219+0000] {logging_mixin.py:154} INFO - [2026-06-07T14:55:43.219+0000] {dagbag.py:536} INFO - Filling up the DagBag from /home/airflow/.local/lib/python3.8/site-packages/airflow/example_dags/example_python_operator.py
[2026-06-07T14:55:43.304+0000] {processor.py:839} INFO - DAG(s) dict_keys(['example_python_operator']) retrieved from /home/airflow/.local/lib/python3.8/site-packages/airflow/example_dags/example_python_operator.py
[2026-06-07T14:55:43.908+0000] {logging_mixin.py:154} INFO - [2026-06-07T14:55:43.907+0000] {manager.py:499} INFO - Created Permission View: %s
[2026-06-07T14:55:43.965+0000] {logging_mixin.py:154} INFO - [2026-06-07T14:55:43.964+0000] {manager.py:499} INFO - Created Permission View: %s
[2026-06-07T14:55:43.982+0000] {logging_mixin.py:154} INFO - [2026-06-07T14:55:43.982+0000] {manager.py:499} INFO - Created Permission View: %s
[2026-06-07T14:55:43.992+0000] {logging_mixin.py:154} INFO - [2026-06-07T14:55:43.992+0000] {dag.py:2941} INFO - Sync 1 DAGs
[2026-06-07T14:55:44.031+0000] {logging_mixin.py:154} INFO - [2026-06-07T14:55:44.031+0000] {dag.py:2963} INFO - Creating ORM DAG for example_python_operator
[2026-06-07T14:55:44.046+0000] {logging_mixin.py:154} INFO - [2026-06-07T14:55:44.042+0000] {dag.py:3722} INFO - Setting next_dagrun for example_python_operator to None, run_after=None
[2026-06-07T14:55:44.126+0000] {processor.py:179} INFO - Processing /home/airflow/.local/lib/python3.8/site-packages/airflow/example_dags/example_python_operator.py took 0.945 seconds
[2026-06-07T14:56:14.687+0000] {processor.py:157} INFO - Started process (PID=138) to work on /home/airflow/.local/lib/python3.8/site-packages/airflow/example_dags/example_python_operator.py
[2026-06-07T14:56:14.696+0000] {processor.py:829} INFO - Processing file /home/airflow/.local/lib/python3.8/site-packages/airflow/example_dags/example_python_operator.py for tasks to queue
[2026-06-07T14:56:14.700+0000] {logging_mixin.py:154} INFO - [2026-06-07T14:56:14.699+0000] {dagbag.py:536} INFO - Filling up the DagBag from /home/airflow/.local/lib/python3.8/site-packages/airflow/example_dags/example_python_operator.py
[2026-06-07T14:56:14.744+0000] {processor.py:839} INFO - DAG(s) dict_keys(['example_python_operator']) retrieved from /home/airflow/.local/lib/python3.8/site-packages/airflow/example_dags/example_python_operator.py
[2026-06-07T14:56:14.830+0000] {logging_mixin.py:154} INFO - [2026-06-07T14:56:14.830+0000] {dag.py:2941} INFO - Sync 1 DAGs
[2026-06-07T14:56:14.853+0000] {logging_mixin.py:154} INFO - [2026-06-07T14:56:14.853+0000] {dag.py:3722} INFO - Setting next_dagrun for example_python_operator to None, run_after=None
[2026-06-07T14:56:14.878+0000] {processor.py:179} INFO - Processing /home/airflow/.local/lib/python3.8/site-packages/airflow/example_dags/example_python_operator.py took 0.198 seconds
[2026-06-07T14:56:45.590+0000] {processor.py:157} INFO - Started process (PID=192) to work on /home/airflow/.local/lib/python3.8/site-packages/airflow/example_dags/example_python_operator.py
[2026-06-07T14:56:45.598+0000] {processor.py:829} INFO - Processing file /home/airflow/.local/lib/python3.8/site-packages/airflow/example_dags/example_python_operator.py for tasks to queue
[2026-06-07T14:56:45.602+0000] {logging_mixin.py:154} INFO - [2026-06-07T14:56:45.601+0000] {dagbag.py:536} INFO - Filling up the DagBag from /home/airflow/.local/lib/python3.8/site-packages/airflow/example_dags/example_python_operator.py
[2026-06-07T14:56:45.656+0000] {processor.py:839} INFO - DAG(s) dict_keys(['example_python_operator']) retrieved from /home/airflow/.local/lib/python3.8/site-packages/airflow/example_dags/example_python_operator.py
[2026-06-07T14:56:45.738+0000] {logging_mixin.py:154} INFO - [2026-06-07T14:56:45.738+0000] {dag.py:2941} INFO - Sync 1 DAGs
[2026-06-07T14:56:45.815+0000] {logging_mixin.py:154} INFO - [2026-06-07T14:56:45.815+0000] {dag.py:3722} INFO - Setting next_dagrun for example_python_operator to None, run_after=None
[2026-06-07T14:56:45.878+0000] {processor.py:179} INFO - Processing /home/airflow/.local/lib/python3.8/site-packages/airflow/example_dags/example_python_operator.py took 0.299 seconds
[2026-06-07T14:57:16.753+0000] {processor.py:157} INFO - Started process (PID=246) to work on /home/airflow/.local/lib/python3.8/site-packages/airflow/example_dags/example_python_operator.py
[2026-06-07T14:57:16.757+0000] {processor.py:829} INFO - Processing file /home/airflow/.local/lib/python3.8/site-packages/airflow/example_dags/example_python_operator.py for tasks to queue
[2026-06-07T14:57:16.778+0000] {logging_mixin.py:154} INFO - [2026-06-07T14:57:16.777+0000] {dagbag.py:536} INFO - Filling up the DagBag from /home/airflow/.local/lib/python3.8/site-packages/airflow/example_dags/example_python_operator.py
[2026-06-07T14:57:16.831+0000] {processor.py:839} INFO - DAG(s) dict_keys(['example_python_operator']) retrieved from /home/airflow/.local/lib/python3.8/site-packages/airflow/example_dags/example_python_operator.py
[2026-06-07T14:57:16.957+0000] {logging_mixin.py:154} INFO - [2026-06-07T14:57:16.957+0000] {dag.py:2941} INFO - Sync 1 DAGs
[2026-06-07T14:57:17.010+0000] {logging_mixin.py:154} INFO - [2026-06-07T14:57:17.010+0000] {dag.py:3722} INFO - Setting next_dagrun for example_python_operator to None, run_after=None
[2026-06-07T14:57:17.102+0000] {processor.py:179} INFO - Processing /home/airflow/.local/lib/python3.8/site-packages/airflow/example_dags/example_python_operator.py took 0.374 seconds
[2026-06-07T14:57:47.865+0000] {processor.py:157} INFO - Started process (PID=300) to work on /home/airflow/.local/lib/python3.8/site-packages/airflow/example_dags/example_python_operator.py
[2026-06-07T14:57:47.867+0000] {processor.py:829} INFO - Processing file /home/airflow/.local/lib/python3.8/site-packages/airflow/example_dags/example_python_operator.py for tasks to queue
[2026-06-07T14:57:47.870+0000] {logging_mixin.py:154} INFO - [2026-06-07T14:57:47.870+0000] {dagbag.py:536} INFO - Filling up the DagBag from /home/airflow/.local/lib/python3.8/site-packages/airflow/example_dags/example_python_operator.py
[2026-06-07T14:57:47.997+0000] {processor.py:839} INFO - DAG(s) dict_keys(['example_python_operator']) retrieved from /home/airflow/.local/lib/python3.8/site-packages/airflow/example_dags/example_python_operator.py
[2026-06-07T14:57:48.155+0000] {logging_mixin.py:154} INFO - [2026-06-07T14:57:48.155+0000] {dag.py:2941} INFO - Sync 1 DAGs
[2026-06-07T14:57:48.227+0000] {logging_mixin.py:154} INFO - [2026-06-07T14:57:48.227+0000] {dag.py:3722} INFO - Setting next_dagrun for example_python_operator to None, run_after=None
[2026-06-07T14:57:48.353+0000] {processor.py:179} INFO - Processing /home/airflow/.local/lib/python3.8/site-packages/airflow/example_dags/example_python_operator.py took 0.508 seconds
[2026-06-07T15:06:23.664+0000] {processor.py:157} INFO - Started process (PID=77) to work on /home/airflow/.local/lib/python3.8/site-packages/airflow/example_dags/example_python_operator.py
[2026-06-07T15:06:23.686+0000] {processor.py:829} INFO - Processing file /home/airflow/.local/lib/python3.8/site-packages/airflow/example_dags/example_python_operator.py for tasks to queue
[2026-06-07T15:06:23.699+0000] {logging_mixin.py:154} INFO - [2026-06-07T15:06:23.698+0000] {dagbag.py:536} INFO - Filling up the DagBag from /home/airflow/.local/lib/python3.8/site-packages/airflow/example_dags/example_python_operator.py
[2026-06-07T15:06:23.817+0000] {processor.py:839} INFO - DAG(s) dict_keys(['example_python_operator']) retrieved from /home/airflow/.local/lib/python3.8/site-packages/airflow/example_dags/example_python_operator.py
[2026-06-07T15:06:25.133+0000] {logging_mixin.py:154} INFO - [2026-06-07T15:06:25.133+0000] {dag.py:2941} INFO - Sync 1 DAGs
[2026-06-07T15:06:25.235+0000] {logging_mixin.py:154} INFO - [2026-06-07T15:06:25.235+0000] {dag.py:3722} INFO - Setting next_dagrun for example_python_operator to None, run_after=None
[2026-06-07T15:06:25.434+0000] {processor.py:179} INFO - Processing /home/airflow/.local/lib/python3.8/site-packages/airflow/example_dags/example_python_operator.py took 1.783 seconds
[2026-06-07T15:06:55.976+0000] {processor.py:157} INFO - Started process (PID=131) to work on /home/airflow/.local/lib/python3.8/site-packages/airflow/example_dags/example_python_operator.py
[2026-06-07T15:06:55.986+0000] {processor.py:829} INFO - Processing file /home/airflow/.local/lib/python3.8/site-packages/airflow/example_dags/example_python_operator.py for tasks to queue
[2026-06-07T15:06:55.994+0000] {logging_mixin.py:154} INFO - [2026-06-07T15:06:55.993+0000] {dagbag.py:536} INFO - Filling up the DagBag from /home/airflow/.local/lib/python3.8/site-packages/airflow/example_dags/example_python_operator.py
[2026-06-07T15:06:56.024+0000] {processor.py:839} INFO - DAG(s) dict_keys(['example_python_operator']) retrieved from /home/airflow/.local/lib/python3.8/site-packages/airflow/example_dags/example_python_operator.py
[2026-06-07T15:06:56.085+0000] {logging_mixin.py:154} INFO - [2026-06-07T15:06:56.084+0000] {dag.py:2941} INFO - Sync 1 DAGs
[2026-06-07T15:06:56.106+0000] {logging_mixin.py:154} INFO - [2026-06-07T15:06:56.105+0000] {dag.py:3722} INFO - Setting next_dagrun for example_python_operator to None, run_after=None
[2026-06-07T15:06:56.147+0000] {processor.py:179} INFO - Processing /home/airflow/.local/lib/python3.8/site-packages/airflow/example_dags/example_python_operator.py took 0.202 seconds
[2026-06-07T15:07:26.577+0000] {processor.py:157} INFO - Started process (PID=185) to work on /home/airflow/.local/lib/python3.8/site-packages/airflow/example_dags/example_python_operator.py
[2026-06-07T15:07:26.579+0000] {processor.py:829} INFO - Processing file /home/airflow/.local/lib/python3.8/site-packages/airflow/example_dags/example_python_operator.py for tasks to queue
[2026-06-07T15:07:26.585+0000] {logging_mixin.py:154} INFO - [2026-06-07T15:07:26.585+0000] {dagbag.py:536} INFO - Filling up the DagBag from /home/airflow/.local/lib/python3.8/site-packages/airflow/example_dags/example_python_operator.py
[2026-06-07T15:07:26.607+0000] {processor.py:839} INFO - DAG(s) dict_keys(['example_python_operator']) retrieved from /home/airflow/.local/lib/python3.8/site-packages/airflow/example_dags/example_python_operator.py
[2026-06-07T15:07:26.643+0000] {logging_mixin.py:154} INFO - [2026-06-07T15:07:26.643+0000] {dag.py:2941} INFO - Sync 1 DAGs
[2026-06-07T15:07:26.665+0000] {logging_mixin.py:154} INFO - [2026-06-07T15:07:26.664+0000] {dag.py:3722} INFO - Setting next_dagrun for example_python_operator to None, run_after=None
[2026-06-07T15:07:26.690+0000] {processor.py:179} INFO - Processing /home/airflow/.local/lib/python3.8/site-packages/airflow/example_dags/example_python_operator.py took 0.119 seconds
[2026-06-07T15:07:57.093+0000] {processor.py:157} INFO - Started process (PID=239) to work on /home/airflow/.local/lib/python3.8/site-packages/airflow/example_dags/example_python_operator.py
[2026-06-07T15:07:57.094+0000] {processor.py:829} INFO - Processing file /home/airflow/.local/lib/python3.8/site-packages/airflow/example_dags/example_python_operator.py for tasks to queue
[2026-06-07T15:07:57.097+0000] {logging_mixin.py:154} INFO - [2026-06-07T15:07:57.097+0000] {dagbag.py:536} INFO - Filling up the DagBag from /home/airflow/.local/lib/python3.8/site-packages/airflow/example_dags/example_python_operator.py
[2026-06-07T15:07:57.114+0000] {processor.py:839} INFO - DAG(s) dict_keys(['example_python_operator']) retrieved from /home/airflow/.local/lib/python3.8/site-packages/airflow/example_dags/example_python_operator.py
[2026-06-07T15:07:57.150+0000] {logging_mixin.py:154} INFO - [2026-06-07T15:07:57.150+0000] {dag.py:2941} INFO - Sync 1 DAGs
[2026-06-07T15:07:57.175+0000] {logging_mixin.py:154} INFO - [2026-06-07T15:07:57.175+0000] {dag.py:3722} INFO - Setting next_dagrun for example_python_operator to None, run_after=None
[2026-06-07T15:07:57.250+0000] {processor.py:179} INFO - Processing /home/airflow/.local/lib/python3.8/site-packages/airflow/example_dags/example_python_operator.py took 0.162 seconds
[2026-06-07T15:08:28.138+0000] {processor.py:157} INFO - Started process (PID=293) to work on /home/airflow/.local/lib/python3.8/site-packages/airflow/example_dags/example_python_operator.py
[2026-06-07T15:08:28.139+0000] {processor.py:829} INFO - Processing file /home/airflow/.local/lib/python3.8/site-packages/airflow/example_dags/example_python_operator.py for tasks to queue
[2026-06-07T15:08:28.143+0000] {logging_mixin.py:154} INFO - [2026-06-07T15:08:28.142+0000] {dagbag.py:536} INFO - Filling up the DagBag from /home/airflow/.local/lib/python3.8/site-packages/airflow/example_dags/example_python_operator.py
[2026-06-07T15:08:28.160+0000] {processor.py:839} INFO - DAG(s) dict_keys(['example_python_operator']) retrieved from /home/airflow/.local/lib/python3.8/site-packages/airflow/example_dags/example_python_operator.py
[2026-06-07T15:08:28.199+0000] {logging_mixin.py:154} INFO - [2026-06-07T15:08:28.199+0000] {dag.py:2941} INFO - Sync 1 DAGs
[2026-06-07T15:08:28.220+0000] {logging_mixin.py:154} INFO - [2026-06-07T15:08:28.220+0000] {dag.py:3722} INFO - Setting next_dagrun for example_python_operator to None, run_after=None
[2026-06-07T15:08:28.259+0000] {processor.py:179} INFO - Processing /home/airflow/.local/lib/python3.8/site-packages/airflow/example_dags/example_python_operator.py took 0.127 seconds
[2026-06-07T15:08:59.158+0000] {processor.py:157} INFO - Started process (PID=346) to work on /home/airflow/.local/lib/python3.8/site-packages/airflow/example_dags/example_python_operator.py
[2026-06-07T15:08:59.165+0000] {processor.py:829} INFO - Processing file /home/airflow/.local/lib/python3.8/site-packages/airflow/example_dags/example_python_operator.py for tasks to queue
[2026-06-07T15:08:59.173+0000] {logging_mixin.py:154} INFO - [2026-06-07T15:08:59.173+0000] {dagbag.py:536} INFO - Filling up the DagBag from /home/airflow/.local/lib/python3.8/site-packages/airflow/example_dags/example_python_operator.py
[2026-06-07T15:08:59.223+0000] {processor.py:839} INFO - DAG(s) dict_keys(['example_python_operator']) retrieved from /home/airflow/.local/lib/python3.8/site-packages/airflow/example_dags/example_python_operator.py
[2026-06-07T15:08:59.316+0000] {logging_mixin.py:154} INFO - [2026-06-07T15:08:59.316+0000] {dag.py:2941} INFO - Sync 1 DAGs
[2026-06-07T15:08:59.355+0000] {logging_mixin.py:154} INFO - [2026-06-07T15:08:59.355+0000] {dag.py:3722} INFO - Setting next_dagrun for example_python_operator to None, run_after=None
[2026-06-07T15:08:59.410+0000] {processor.py:179} INFO - Processing /home/airflow/.local/lib/python3.8/site-packages/airflow/example_dags/example_python_operator.py took 0.265 seconds
[2026-06-07T15:09:30.464+0000] {processor.py:157} INFO - Started process (PID=399) to work on /home/airflow/.local/lib/python3.8/site-packages/airflow/example_dags/example_python_operator.py
[2026-06-07T15:09:30.466+0000] {processor.py:829} INFO - Processing file /home/airflow/.local/lib/python3.8/site-packages/airflow/example_dags/example_python_operator.py for tasks to queue
[2026-06-07T15:09:30.497+0000] {logging_mixin.py:154} INFO - [2026-06-07T15:09:30.497+0000] {dagbag.py:536} INFO - Filling up the DagBag from /home/airflow/.local/lib/python3.8/site-packages/airflow/example_dags/example_python_operator.py
[2026-06-07T15:09:30.577+0000] {processor.py:839} INFO - DAG(s) dict_keys(['example_python_operator']) retrieved from /home/airflow/.local/lib/python3.8/site-packages/airflow/example_dags/example_python_operator.py
[2026-06-07T15:09:30.753+0000] {logging_mixin.py:154} INFO - [2026-06-07T15:09:30.753+0000] {dag.py:2941} INFO - Sync 1 DAGs
[2026-06-07T15:09:30.843+0000] {logging_mixin.py:154} INFO - [2026-06-07T15:09:30.843+0000] {dag.py:3722} INFO - Setting next_dagrun for example_python_operator to None, run_after=None
[2026-06-07T15:09:31.049+0000] {processor.py:179} INFO - Processing /home/airflow/.local/lib/python3.8/site-packages/airflow/example_dags/example_python_operator.py took 0.612 seconds
[2026-06-07T15:10:01.132+0000] {processor.py:157} INFO - Started process (PID=453) to work on /home/airflow/.local/lib/python3.8/site-packages/airflow/example_dags/example_python_operator.py
[2026-06-07T15:10:01.135+0000] {processor.py:829} INFO - Processing file /home/airflow/.local/lib/python3.8/site-packages/airflow/example_dags/example_python_operator.py for tasks to queue
[2026-06-07T15:10:01.137+0000] {logging_mixin.py:154} INFO - [2026-06-07T15:10:01.137+0000] {dagbag.py:536} INFO - Filling up the DagBag from /home/airflow/.local/lib/python3.8/site-packages/airflow/example_dags/example_python_operator.py
[2026-06-07T15:10:01.149+0000] {processor.py:839} INFO - DAG(s) dict_keys(['example_python_operator']) retrieved from /home/airflow/.local/lib/python3.8/site-packages/airflow/example_dags/example_python_operator.py
[2026-06-07T15:10:01.175+0000] {logging_mixin.py:154} INFO - [2026-06-07T15:10:01.175+0000] {dag.py:2941} INFO - Sync 1 DAGs
[2026-06-07T15:10:01.189+0000] {logging_mixin.py:154} INFO - [2026-06-07T15:10:01.189+0000] {dag.py:3722} INFO - Setting next_dagrun for example_python_operator to None, run_after=None
[2026-06-07T15:10:01.218+0000] {processor.py:179} INFO - Processing /home/airflow/.local/lib/python3.8/site-packages/airflow/example_dags/example_python_operator.py took 0.091 seconds
[2026-06-07T15:10:31.834+0000] {processor.py:157} INFO - Started process (PID=507) to work on /home/airflow/.local/lib/python3.8/site-packages/airflow/example_dags/example_python_operator.py
[2026-06-07T15:10:31.835+0000] {processor.py:829} INFO - Processing file /home/airflow/.local/lib/python3.8/site-packages/airflow/example_dags/example_python_operator.py for tasks to queue
[2026-06-07T15:10:31.838+0000] {logging_mixin.py:154} INFO - [2026-06-07T15:10:31.837+0000] {dagbag.py:536} INFO - Filling up the DagBag from /home/airflow/.local/lib/python3.8/site-packages/airflow/example_dags/example_python_operator.py
[2026-06-07T15:10:31.849+0000] {processor.py:839} INFO - DAG(s) dict_keys(['example_python_operator']) retrieved from /home/airflow/.local/lib/python3.8/site-packages/airflow/example_dags/example_python_operator.py
[2026-06-07T15:10:31.875+0000] {logging_mixin.py:154} INFO - [2026-06-07T15:10:31.875+0000] {dag.py:2941} INFO - Sync 1 DAGs
[2026-06-07T15:10:31.889+0000] {logging_mixin.py:154} INFO - [2026-06-07T15:10:31.889+0000] {dag.py:3722} INFO - Setting next_dagrun for example_python_operator to None, run_after=None
[2026-06-07T15:10:31.912+0000] {processor.py:179} INFO - Processing /home/airflow/.local/lib/python3.8/site-packages/airflow/example_dags/example_python_operator.py took 0.082 seconds
[2026-06-07T15:11:02.457+0000] {processor.py:157} INFO - Started process (PID=561) to work on /home/airflow/.local/lib/python3.8/site-packages/airflow/example_dags/example_python_operator.py
[2026-06-07T15:11:02.460+0000] {processor.py:829} INFO - Processing file /home/airflow/.local/lib/python3.8/site-packages/airflow/example_dags/example_python_operator.py for tasks to queue
[2026-06-07T15:11:02.462+0000] {logging_mixin.py:154} INFO - [2026-06-07T15:11:02.462+0000] {dagbag.py:536} INFO - Filling up the DagBag from /home/airflow/.local/lib/python3.8/site-packages/airflow/example_dags/example_python_operator.py
[2026-06-07T15:11:02.473+0000] {processor.py:839} INFO - DAG(s) dict_keys(['example_python_operator']) retrieved from /home/airflow/.local/lib/python3.8/site-packages/airflow/example_dags/example_python_operator.py
[2026-06-07T15:11:02.502+0000] {logging_mixin.py:154} INFO - [2026-06-07T15:11:02.502+0000] {dag.py:2941} INFO - Sync 1 DAGs
[2026-06-07T15:11:02.516+0000] {logging_mixin.py:154} INFO - [2026-06-07T15:11:02.516+0000] {dag.py:3722} INFO - Setting next_dagrun for example_python_operator to None, run_after=None
[2026-06-07T15:11:02.536+0000] {processor.py:179} INFO - Processing /home/airflow/.local/lib/python3.8/site-packages/airflow/example_dags/example_python_operator.py took 0.082 seconds
[2026-06-07T15:11:33.394+0000] {processor.py:157} INFO - Started process (PID=615) to work on /home/airflow/.local/lib/python3.8/site-packages/airflow/example_dags/example_python_operator.py
[2026-06-07T15:11:33.395+0000] {processor.py:829} INFO - Processing file /home/airflow/.local/lib/python3.8/site-packages/airflow/example_dags/example_python_operator.py for tasks to queue
[2026-06-07T15:11:33.398+0000] {logging_mixin.py:154} INFO - [2026-06-07T15:11:33.398+0000] {dagbag.py:536} INFO - Filling up the DagBag from /home/airflow/.local/lib/python3.8/site-packages/airflow/example_dags/example_python_operator.py
[2026-06-07T15:11:33.456+0000] {processor.py:839} INFO - DAG(s) dict_keys(['example_python_operator']) retrieved from /home/airflow/.local/lib/python3.8/site-packages/airflow/example_dags/example_python_operator.py
[2026-06-07T15:11:33.529+0000] {logging_mixin.py:154} INFO - [2026-06-07T15:11:33.529+0000] {dag.py:2941} INFO - Sync 1 DAGs
[2026-06-07T15:11:33.560+0000] {logging_mixin.py:154} INFO - [2026-06-07T15:11:33.559+0000] {dag.py:3722} INFO - Setting next_dagrun for example_python_operator to None, run_after=None
[2026-06-07T15:11:33.613+0000] {processor.py:179} INFO - Processing /home/airflow/.local/lib/python3.8/site-packages/airflow/example_dags/example_python_operator.py took 0.232 seconds
[2026-06-07T15:12:04.530+0000] {processor.py:157} INFO - Started process (PID=668) to work on /home/airflow/.local/lib/python3.8/site-packages/airflow/example_dags/example_python_operator.py
[2026-06-07T15:12:04.532+0000] {processor.py:829} INFO - Processing file /home/airflow/.local/lib/python3.8/site-packages/airflow/example_dags/example_python_operator.py for tasks to queue
[2026-06-07T15:12:04.535+0000] {logging_mixin.py:154} INFO - [2026-06-07T15:12:04.534+0000] {dagbag.py:536} INFO - Filling up the DagBag from /home/airflow/.local/lib/python3.8/site-packages/airflow/example_dags/example_python_operator.py
[2026-06-07T15:12:04.551+0000] {processor.py:839} INFO - DAG(s) dict_keys(['example_python_operator']) retrieved from /home/airflow/.local/lib/python3.8/site-packages/airflow/example_dags/example_python_operator.py
[2026-06-07T15:12:04.585+0000] {logging_mixin.py:154} INFO - [2026-06-07T15:12:04.585+0000] {dag.py:2941} INFO - Sync 1 DAGs
[2026-06-07T15:12:04.605+0000] {logging_mixin.py:154} INFO - [2026-06-07T15:12:04.605+0000] {dag.py:3722} INFO - Setting next_dagrun for example_python_operator to None, run_after=None
[2026-06-07T15:12:04.633+0000] {processor.py:179} INFO - Processing /home/airflow/.local/lib/python3.8/site-packages/airflow/example_dags/example_python_operator.py took 0.107 seconds
[2026-06-07T15:12:35.079+0000] {processor.py:157} INFO - Started process (PID=722) to work on /home/airflow/.local/lib/python3.8/site-packages/airflow/example_dags/example_python_operator.py
[2026-06-07T15:12:35.089+0000] {processor.py:829} INFO - Processing file /home/airflow/.local/lib/python3.8/site-packages/airflow/example_dags/example_python_operator.py for tasks to queue
[2026-06-07T15:12:35.092+0000] {logging_mixin.py:154} INFO - [2026-06-07T15:12:35.092+0000] {dagbag.py:536} INFO - Filling up the DagBag from /home/airflow/.local/lib/python3.8/site-packages/airflow/example_dags/example_python_operator.py
[2026-06-07T15:12:35.144+0000] {processor.py:839} INFO - DAG(s) dict_keys(['example_python_operator']) retrieved from /home/airflow/.local/lib/python3.8/site-packages/airflow/example_dags/example_python_operator.py
[2026-06-07T15:12:35.258+0000] {logging_mixin.py:154} INFO - [2026-06-07T15:12:35.257+0000] {dag.py:2941} INFO - Sync 1 DAGs
[2026-06-07T15:12:35.368+0000] {logging_mixin.py:154} INFO - [2026-06-07T15:12:35.368+0000] {dag.py:3722} INFO - Setting next_dagrun for example_python_operator to None, run_after=None
[2026-06-07T15:12:35.438+0000] {processor.py:179} INFO - Processing /home/airflow/.local/lib/python3.8/site-packages/airflow/example_dags/example_python_operator.py took 0.372 seconds
[2026-06-07T15:13:06.082+0000] {processor.py:157} INFO - Started process (PID=777) to work on /home/airflow/.local/lib/python3.8/site-packages/airflow/example_dags/example_python_operator.py
[2026-06-07T15:13:06.085+0000] {processor.py:829} INFO - Processing file /home/airflow/.local/lib/python3.8/site-packages/airflow/example_dags/example_python_operator.py for tasks to queue
[2026-06-07T15:13:06.092+0000] {logging_mixin.py:154} INFO - [2026-06-07T15:13:06.092+0000] {dagbag.py:536} INFO - Filling up the DagBag from /home/airflow/.local/lib/python3.8/site-packages/airflow/example_dags/example_python_operator.py
[2026-06-07T15:13:06.132+0000] {processor.py:839} INFO - DAG(s) dict_keys(['example_python_operator']) retrieved from /home/airflow/.local/lib/python3.8/site-packages/airflow/example_dags/example_python_operator.py
[2026-06-07T15:13:06.213+0000] {logging_mixin.py:154} INFO - [2026-06-07T15:13:06.213+0000] {dag.py:2941} INFO - Sync 1 DAGs
[2026-06-07T15:13:06.263+0000] {logging_mixin.py:154} INFO - [2026-06-07T15:13:06.263+0000] {dag.py:3722} INFO - Setting next_dagrun for example_python_operator to None, run_after=None
[2026-06-07T15:13:06.394+0000] {processor.py:179} INFO - Processing /home/airflow/.local/lib/python3.8/site-packages/airflow/example_dags/example_python_operator.py took 0.322 seconds
[2026-06-07T15:13:36.771+0000] {processor.py:157} INFO - Started process (PID=831) to work on /home/airflow/.local/lib/python3.8/site-packages/airflow/example_dags/example_python_operator.py
[2026-06-07T15:13:36.773+0000] {processor.py:829} INFO - Processing file /home/airflow/.local/lib/python3.8/site-packages/airflow/example_dags/example_python_operator.py for tasks to queue
[2026-06-07T15:13:36.776+0000] {logging_mixin.py:154} INFO - [2026-06-07T15:13:36.776+0000] {dagbag.py:536} INFO - Filling up the DagBag from /home/airflow/.local/lib/python3.8/site-packages/airflow/example_dags/example_python_operator.py
[2026-06-07T15:13:36.793+0000] {processor.py:839} INFO - DAG(s) dict_keys(['example_python_operator']) retrieved from /home/airflow/.local/lib/python3.8/site-packages/airflow/example_dags/example_python_operator.py
[2026-06-07T15:13:36.837+0000] {logging_mixin.py:154} INFO - [2026-06-07T15:13:36.837+0000] {dag.py:2941} INFO - Sync 1 DAGs
[2026-06-07T15:13:36.858+0000] {logging_mixin.py:154} INFO - [2026-06-07T15:13:36.858+0000] {dag.py:3722} INFO - Setting next_dagrun for example_python_operator to None, run_after=None
[2026-06-07T15:13:36.884+0000] {processor.py:179} INFO - Processing /home/airflow/.local/lib/python3.8/site-packages/airflow/example_dags/example_python_operator.py took 0.118 seconds
[2026-06-07T15:14:07.694+0000] {processor.py:157} INFO - Started process (PID=885) to work on /home/airflow/.local/lib/python3.8/site-packages/airflow/example_dags/example_python_operator.py
[2026-06-07T15:14:07.701+0000] {processor.py:829} INFO - Processing file /home/airflow/.local/lib/python3.8/site-packages/airflow/example_dags/example_python_operator.py for tasks to queue
[2026-06-07T15:14:07.705+0000] {logging_mixin.py:154} INFO - [2026-06-07T15:14:07.704+0000] {dagbag.py:536} INFO - Filling up the DagBag from /home/airflow/.local/lib/python3.8/site-packages/airflow/example_dags/example_python_operator.py
[2026-06-07T15:14:07.736+0000] {processor.py:839} INFO - DAG(s) dict_keys(['example_python_operator']) retrieved from /home/airflow/.local/lib/python3.8/site-packages/airflow/example_dags/example_python_operator.py
[2026-06-07T15:14:07.805+0000] {logging_mixin.py:154} INFO - [2026-06-07T15:14:07.805+0000] {dag.py:2941} INFO - Sync 1 DAGs
[2026-06-07T15:14:07.830+0000] {logging_mixin.py:154} INFO - [2026-06-07T15:14:07.829+0000] {dag.py:3722} INFO - Setting next_dagrun for example_python_operator to None, run_after=None
[2026-06-07T15:14:07.871+0000] {processor.py:179} INFO - Processing /home/airflow/.local/lib/python3.8/site-packages/airflow/example_dags/example_python_operator.py took 0.182 seconds
[2026-06-07T15:14:38.479+0000] {processor.py:157} INFO - Started process (PID=939) to work on /home/airflow/.local/lib/python3.8/site-packages/airflow/example_dags/example_python_operator.py
[2026-06-07T15:14:38.481+0000] {processor.py:829} INFO - Processing file /home/airflow/.local/lib/python3.8/site-packages/airflow/example_dags/example_python_operator.py for tasks to queue
[2026-06-07T15:14:38.489+0000] {logging_mixin.py:154} INFO - [2026-06-07T15:14:38.489+0000] {dagbag.py:536} INFO - Filling up the DagBag from /home/airflow/.local/lib/python3.8/site-packages/airflow/example_dags/example_python_operator.py
[2026-06-07T15:14:38.559+0000] {processor.py:839} INFO - DAG(s) dict_keys(['example_python_operator']) retrieved from /home/airflow/.local/lib/python3.8/site-packages/airflow/example_dags/example_python_operator.py
[2026-06-07T15:14:38.709+0000] {logging_mixin.py:154} INFO - [2026-06-07T15:14:38.709+0000] {dag.py:2941} INFO - Sync 1 DAGs
[2026-06-07T15:14:38.771+0000] {logging_mixin.py:154} INFO - [2026-06-07T15:14:38.771+0000] {dag.py:3722} INFO - Setting next_dagrun for example_python_operator to None, run_after=None
[2026-06-07T15:14:38.822+0000] {processor.py:179} INFO - Processing /home/airflow/.local/lib/python3.8/site-packages/airflow/example_dags/example_python_operator.py took 0.369 seconds
[2026-06-07T15:15:09.403+0000] {processor.py:157} INFO - Started process (PID=993) to work on /home/airflow/.local/lib/python3.8/site-packages/airflow/example_dags/example_python_operator.py
[2026-06-07T15:15:09.405+0000] {processor.py:829} INFO - Processing file /home/airflow/.local/lib/python3.8/site-packages/airflow/example_dags/example_python_operator.py for tasks to queue
[2026-06-07T15:15:09.413+0000] {logging_mixin.py:154} INFO - [2026-06-07T15:15:09.413+0000] {dagbag.py:536} INFO - Filling up the DagBag from /home/airflow/.local/lib/python3.8/site-packages/airflow/example_dags/example_python_operator.py
[2026-06-07T15:15:09.448+0000] {processor.py:839} INFO - DAG(s) dict_keys(['example_python_operator']) retrieved from /home/airflow/.local/lib/python3.8/site-packages/airflow/example_dags/example_python_operator.py
[2026-06-07T15:15:09.525+0000] {logging_mixin.py:154} INFO - [2026-06-07T15:15:09.525+0000] {dag.py:2941} INFO - Sync 1 DAGs
[2026-06-07T15:15:09.575+0000] {logging_mixin.py:154} INFO - [2026-06-07T15:15:09.574+0000] {dag.py:3722} INFO - Setting next_dagrun for example_python_operator to None, run_after=None
[2026-06-07T15:15:09.627+0000] {processor.py:179} INFO - Processing /home/airflow/.local/lib/python3.8/site-packages/airflow/example_dags/example_python_operator.py took 0.242 seconds
[2026-06-07T15:15:40.288+0000] {processor.py:157} INFO - Started process (PID=1046) to work on /home/airflow/.local/lib/python3.8/site-packages/airflow/example_dags/example_python_operator.py
[2026-06-07T15:15:40.290+0000] {processor.py:829} INFO - Processing file /home/airflow/.local/lib/python3.8/site-packages/airflow/example_dags/example_python_operator.py for tasks to queue
[2026-06-07T15:15:40.293+0000] {logging_mixin.py:154} INFO - [2026-06-07T15:15:40.293+0000] {dagbag.py:536} INFO - Filling up the DagBag from /home/airflow/.local/lib/python3.8/site-packages/airflow/example_dags/example_python_operator.py
[2026-06-07T15:15:40.309+0000] {processor.py:839} INFO - DAG(s) dict_keys(['example_python_operator']) retrieved from /home/airflow/.local/lib/python3.8/site-packages/airflow/example_dags/example_python_operator.py
[2026-06-07T15:15:40.346+0000] {logging_mixin.py:154} INFO - [2026-06-07T15:15:40.346+0000] {dag.py:2941} INFO - Sync 1 DAGs
[2026-06-07T15:15:40.388+0000] {logging_mixin.py:154} INFO - [2026-06-07T15:15:40.388+0000] {dag.py:3722} INFO - Setting next_dagrun for example_python_operator to None, run_after=None
[2026-06-07T15:15:40.449+0000] {processor.py:179} INFO - Processing /home/airflow/.local/lib/python3.8/site-packages/airflow/example_dags/example_python_operator.py took 0.165 seconds
[2026-06-07T15:16:11.017+0000] {processor.py:157} INFO - Started process (PID=1100) to work on /home/airflow/.local/lib/python3.8/site-packages/airflow/example_dags/example_python_operator.py
[2026-06-07T15:16:11.028+0000] {processor.py:829} INFO - Processing file /home/airflow/.local/lib/python3.8/site-packages/airflow/example_dags/example_python_operator.py for tasks to queue
[2026-06-07T15:16:11.033+0000] {logging_mixin.py:154} INFO - [2026-06-07T15:16:11.033+0000] {dagbag.py:536} INFO - Filling up the DagBag from /home/airflow/.local/lib/python3.8/site-packages/airflow/example_dags/example_python_operator.py
[2026-06-07T15:16:11.080+0000] {processor.py:839} INFO - DAG(s) dict_keys(['example_python_operator']) retrieved from /home/airflow/.local/lib/python3.8/site-packages/airflow/example_dags/example_python_operator.py
[2026-06-07T15:16:11.261+0000] {logging_mixin.py:154} INFO - [2026-06-07T15:16:11.248+0000] {dag.py:2941} INFO - Sync 1 DAGs
[2026-06-07T15:16:11.317+0000] {logging_mixin.py:154} INFO - [2026-06-07T15:16:11.317+0000] {dag.py:3722} INFO - Setting next_dagrun for example_python_operator to None, run_after=None
[2026-06-07T15:16:11.425+0000] {processor.py:179} INFO - Processing /home/airflow/.local/lib/python3.8/site-packages/airflow/example_dags/example_python_operator.py took 0.421 seconds
[2026-06-07T15:16:41.965+0000] {processor.py:157} INFO - Started process (PID=1161) to work on /home/airflow/.local/lib/python3.8/site-packages/airflow/example_dags/example_python_operator.py
[2026-06-07T15:16:41.972+0000] {processor.py:829} INFO - Processing file /home/airflow/.local/lib/python3.8/site-packages/airflow/example_dags/example_python_operator.py for tasks to queue
[2026-06-07T15:16:41.982+0000] {logging_mixin.py:154} INFO - [2026-06-07T15:16:41.982+0000] {dagbag.py:536} INFO - Filling up the DagBag from /home/airflow/.local/lib/python3.8/site-packages/airflow/example_dags/example_python_operator.py
[2026-06-07T15:16:42.080+0000] {processor.py:839} INFO - DAG(s) dict_keys(['example_python_operator']) retrieved from /home/airflow/.local/lib/python3.8/site-packages/airflow/example_dags/example_python_operator.py
[2026-06-07T15:16:42.257+0000] {logging_mixin.py:154} INFO - [2026-06-07T15:16:42.257+0000] {dag.py:2941} INFO - Sync 1 DAGs
[2026-06-07T15:16:42.355+0000] {logging_mixin.py:154} INFO - [2026-06-07T15:16:42.354+0000] {dag.py:3722} INFO - Setting next_dagrun for example_python_operator to None, run_after=None
[2026-06-07T15:16:42.553+0000] {processor.py:179} INFO - Processing /home/airflow/.local/lib/python3.8/site-packages/airflow/example_dags/example_python_operator.py took 0.603 seconds
[2026-06-07T15:17:13.267+0000] {processor.py:157} INFO - Started process (PID=1215) to work on /home/airflow/.local/lib/python3.8/site-packages/airflow/example_dags/example_python_operator.py
[2026-06-07T15:17:13.277+0000] {processor.py:829} INFO - Processing file /home/airflow/.local/lib/python3.8/site-packages/airflow/example_dags/example_python_operator.py for tasks to queue
[2026-06-07T15:17:13.284+0000] {logging_mixin.py:154} INFO - [2026-06-07T15:17:13.283+0000] {dagbag.py:536} INFO - Filling up the DagBag from /home/airflow/.local/lib/python3.8/site-packages/airflow/example_dags/example_python_operator.py
[2026-06-07T15:17:13.318+0000] {processor.py:839} INFO - DAG(s) dict_keys(['example_python_operator']) retrieved from /home/airflow/.local/lib/python3.8/site-packages/airflow/example_dags/example_python_operator.py
[2026-06-07T15:17:13.417+0000] {logging_mixin.py:154} INFO - [2026-06-07T15:17:13.417+0000] {dag.py:2941} INFO - Sync 1 DAGs
[2026-06-07T15:17:13.458+0000] {logging_mixin.py:154} INFO - [2026-06-07T15:17:13.458+0000] {dag.py:3722} INFO - Setting next_dagrun for example_python_operator to None, run_after=None
[2026-06-07T15:17:13.520+0000] {processor.py:179} INFO - Processing /home/airflow/.local/lib/python3.8/site-packages/airflow/example_dags/example_python_operator.py took 0.258 seconds
[2026-06-07T15:17:43.744+0000] {processor.py:157} INFO - Started process (PID=1268) to work on /home/airflow/.local/lib/python3.8/site-packages/airflow/example_dags/example_python_operator.py
[2026-06-07T15:17:43.746+0000] {processor.py:829} INFO - Processing file /home/airflow/.local/lib/python3.8/site-packages/airflow/example_dags/example_python_operator.py for tasks to queue
[2026-06-07T15:17:43.749+0000] {logging_mixin.py:154} INFO - [2026-06-07T15:17:43.749+0000] {dagbag.py:536} INFO - Filling up the DagBag from /home/airflow/.local/lib/python3.8/site-packages/airflow/example_dags/example_python_operator.py
[2026-06-07T15:17:43.766+0000] {processor.py:839} INFO - DAG(s) dict_keys(['example_python_operator']) retrieved from /home/airflow/.local/lib/python3.8/site-packages/airflow/example_dags/example_python_operator.py
[2026-06-07T15:17:43.807+0000] {logging_mixin.py:154} INFO - [2026-06-07T15:17:43.807+0000] {dag.py:2941} INFO - Sync 1 DAGs
[2026-06-07T15:17:43.827+0000] {logging_mixin.py:154} INFO - [2026-06-07T15:17:43.827+0000] {dag.py:3722} INFO - Setting next_dagrun for example_python_operator to None, run_after=None
[2026-06-07T15:17:43.852+0000] {processor.py:179} INFO - Processing /home/airflow/.local/lib/python3.8/site-packages/airflow/example_dags/example_python_operator.py took 0.112 seconds
[2026-06-07T15:18:14.036+0000] {processor.py:157} INFO - Started process (PID=1322) to work on /home/airflow/.local/lib/python3.8/site-packages/airflow/example_dags/example_python_operator.py
[2026-06-07T15:18:14.042+0000] {processor.py:829} INFO - Processing file /home/airflow/.local/lib/python3.8/site-packages/airflow/example_dags/example_python_operator.py for tasks to queue
[2026-06-07T15:18:14.051+0000] {logging_mixin.py:154} INFO - [2026-06-07T15:18:14.051+0000] {dagbag.py:536} INFO - Filling up the DagBag from /home/airflow/.local/lib/python3.8/site-packages/airflow/example_dags/example_python_operator.py
[2026-06-07T15:18:14.088+0000] {processor.py:839} INFO - DAG(s) dict_keys(['example_python_operator']) retrieved from /home/airflow/.local/lib/python3.8/site-packages/airflow/example_dags/example_python_operator.py
[2026-06-07T15:18:14.139+0000] {logging_mixin.py:154} INFO - [2026-06-07T15:18:14.139+0000] {dag.py:2941} INFO - Sync 1 DAGs
[2026-06-07T15:18:14.167+0000] {logging_mixin.py:154} INFO - [2026-06-07T15:18:14.167+0000] {dag.py:3722} INFO - Setting next_dagrun for example_python_operator to None, run_after=None
[2026-06-07T15:18:14.397+0000] {processor.py:179} INFO - Processing /home/airflow/.local/lib/python3.8/site-packages/airflow/example_dags/example_python_operator.py took 0.374 seconds
[2026-06-07T15:18:44.779+0000] {processor.py:157} INFO - Started process (PID=1376) to work on /home/airflow/.local/lib/python3.8/site-packages/airflow/example_dags/example_python_operator.py
[2026-06-07T15:18:44.789+0000] {processor.py:829} INFO - Processing file /home/airflow/.local/lib/python3.8/site-packages/airflow/example_dags/example_python_operator.py for tasks to queue
[2026-06-07T15:18:44.797+0000] {logging_mixin.py:154} INFO - [2026-06-07T15:18:44.796+0000] {dagbag.py:536} INFO - Filling up the DagBag from /home/airflow/.local/lib/python3.8/site-packages/airflow/example_dags/example_python_operator.py
[2026-06-07T15:18:44.813+0000] {processor.py:839} INFO - DAG(s) dict_keys(['example_python_operator']) retrieved from /home/airflow/.local/lib/python3.8/site-packages/airflow/example_dags/example_python_operator.py
[2026-06-07T15:18:44.848+0000] {logging_mixin.py:154} INFO - [2026-06-07T15:18:44.848+0000] {dag.py:2941} INFO - Sync 1 DAGs
[2026-06-07T15:18:44.874+0000] {logging_mixin.py:154} INFO - [2026-06-07T15:18:44.873+0000] {dag.py:3722} INFO - Setting next_dagrun for example_python_operator to None, run_after=None
[2026-06-07T15:18:44.906+0000] {processor.py:179} INFO - Processing /home/airflow/.local/lib/python3.8/site-packages/airflow/example_dags/example_python_operator.py took 0.132 seconds
[2026-06-07T15:19:16.498+0000] {processor.py:157} INFO - Started process (PID=1430) to work on /home/airflow/.local/lib/python3.8/site-packages/airflow/example_dags/example_python_operator.py
[2026-06-07T15:19:16.501+0000] {processor.py:829} INFO - Processing file /home/airflow/.local/lib/python3.8/site-packages/airflow/example_dags/example_python_operator.py for tasks to queue
[2026-06-07T15:19:16.504+0000] {logging_mixin.py:154} INFO - [2026-06-07T15:19:16.503+0000] {dagbag.py:536} INFO - Filling up the DagBag from /home/airflow/.local/lib/python3.8/site-packages/airflow/example_dags/example_python_operator.py
[2026-06-07T15:19:16.519+0000] {processor.py:839} INFO - DAG(s) dict_keys(['example_python_operator']) retrieved from /home/airflow/.local/lib/python3.8/site-packages/airflow/example_dags/example_python_operator.py
[2026-06-07T15:19:16.554+0000] {logging_mixin.py:154} INFO - [2026-06-07T15:19:16.553+0000] {dag.py:2941} INFO - Sync 1 DAGs
[2026-06-07T15:19:16.582+0000] {logging_mixin.py:154} INFO - [2026-06-07T15:19:16.582+0000] {dag.py:3722} INFO - Setting next_dagrun for example_python_operator to None, run_after=None
[2026-06-07T15:19:16.654+0000] {processor.py:179} INFO - Processing /home/airflow/.local/lib/python3.8/site-packages/airflow/example_dags/example_python_operator.py took 0.161 seconds
[2026-06-07T15:19:50.138+0000] {processor.py:157} INFO - Started process (PID=1483) to work on /home/airflow/.local/lib/python3.8/site-packages/airflow/example_dags/example_python_operator.py
[2026-06-07T15:19:50.139+0000] {processor.py:829} INFO - Processing file /home/airflow/.local/lib/python3.8/site-packages/airflow/example_dags/example_python_operator.py for tasks to queue
[2026-06-07T15:19:50.149+0000] {logging_mixin.py:154} INFO - [2026-06-07T15:19:50.149+0000] {dagbag.py:536} INFO - Filling up the DagBag from /home/airflow/.local/lib/python3.8/site-packages/airflow/example_dags/example_python_operator.py
[2026-06-07T15:19:50.185+0000] {processor.py:839} INFO - DAG(s) dict_keys(['example_python_operator']) retrieved from /home/airflow/.local/lib/python3.8/site-packages/airflow/example_dags/example_python_operator.py
[2026-06-07T15:19:50.253+0000] {logging_mixin.py:154} INFO - [2026-06-07T15:19:50.253+0000] {dag.py:2941} INFO - Sync 1 DAGs
[2026-06-07T15:19:50.567+0000] {logging_mixin.py:154} INFO - [2026-06-07T15:19:50.567+0000] {dag.py:3722} INFO - Setting next_dagrun for example_python_operator to None, run_after=None
[2026-06-07T15:19:50.601+0000] {processor.py:179} INFO - Processing /home/airflow/.local/lib/python3.8/site-packages/airflow/example_dags/example_python_operator.py took 0.480 seconds
[2026-06-07T15:20:21.494+0000] {processor.py:157} INFO - Started process (PID=1536) to work on /home/airflow/.local/lib/python3.8/site-packages/airflow/example_dags/example_python_operator.py
[2026-06-07T15:20:21.497+0000] {processor.py:829} INFO - Processing file /home/airflow/.local/lib/python3.8/site-packages/airflow/example_dags/example_python_operator.py for tasks to queue
[2026-06-07T15:20:21.509+0000] {logging_mixin.py:154} INFO - [2026-06-07T15:20:21.501+0000] {dagbag.py:536} INFO - Filling up the DagBag from /home/airflow/.local/lib/python3.8/site-packages/airflow/example_dags/example_python_operator.py
[2026-06-07T15:20:21.542+0000] {processor.py:839} INFO - DAG(s) dict_keys(['example_python_operator']) retrieved from /home/airflow/.local/lib/python3.8/site-packages/airflow/example_dags/example_python_operator.py
[2026-06-07T15:20:21.649+0000] {logging_mixin.py:154} INFO - [2026-06-07T15:20:21.649+0000] {dag.py:2941} INFO - Sync 1 DAGs
[2026-06-07T15:20:21.684+0000] {logging_mixin.py:154} INFO - [2026-06-07T15:20:21.683+0000] {dag.py:3722} INFO - Setting next_dagrun for example_python_operator to None, run_after=None
[2026-06-07T15:20:22.186+0000] {processor.py:179} INFO - Processing /home/airflow/.local/lib/python3.8/site-packages/airflow/example_dags/example_python_operator.py took 0.697 seconds
[2026-06-07T15:20:53.747+0000] {processor.py:157} INFO - Started process (PID=1590) to work on /home/airflow/.local/lib/python3.8/site-packages/airflow/example_dags/example_python_operator.py
[2026-06-07T15:20:53.756+0000] {processor.py:829} INFO - Processing file /home/airflow/.local/lib/python3.8/site-packages/airflow/example_dags/example_python_operator.py for tasks to queue
[2026-06-07T15:20:53.761+0000] {logging_mixin.py:154} INFO - [2026-06-07T15:20:53.760+0000] {dagbag.py:536} INFO - Filling up the DagBag from /home/airflow/.local/lib/python3.8/site-packages/airflow/example_dags/example_python_operator.py
[2026-06-07T15:20:53.785+0000] {processor.py:839} INFO - DAG(s) dict_keys(['example_python_operator']) retrieved from /home/airflow/.local/lib/python3.8/site-packages/airflow/example_dags/example_python_operator.py
[2026-06-07T15:20:53.898+0000] {logging_mixin.py:154} INFO - [2026-06-07T15:20:53.897+0000] {dag.py:2941} INFO - Sync 1 DAGs
[2026-06-07T15:20:53.929+0000] {logging_mixin.py:154} INFO - [2026-06-07T15:20:53.926+0000] {dag.py:3722} INFO - Setting next_dagrun for example_python_operator to None, run_after=None
[2026-06-07T15:20:54.069+0000] {processor.py:179} INFO - Processing /home/airflow/.local/lib/python3.8/site-packages/airflow/example_dags/example_python_operator.py took 0.344 seconds
[2026-06-07T15:21:24.272+0000] {processor.py:157} INFO - Started process (PID=1645) to work on /home/airflow/.local/lib/python3.8/site-packages/airflow/example_dags/example_python_operator.py
[2026-06-07T15:21:24.296+0000] {processor.py:829} INFO - Processing file /home/airflow/.local/lib/python3.8/site-packages/airflow/example_dags/example_python_operator.py for tasks to queue
[2026-06-07T15:21:24.334+0000] {logging_mixin.py:154} INFO - [2026-06-07T15:21:24.324+0000] {dagbag.py:536} INFO - Filling up the DagBag from /home/airflow/.local/lib/python3.8/site-packages/airflow/example_dags/example_python_operator.py
[2026-06-07T15:21:24.386+0000] {processor.py:839} INFO - DAG(s) dict_keys(['example_python_operator']) retrieved from /home/airflow/.local/lib/python3.8/site-packages/airflow/example_dags/example_python_operator.py
[2026-06-07T15:21:24.425+0000] {logging_mixin.py:154} INFO - [2026-06-07T15:21:24.424+0000] {dag.py:2941} INFO - Sync 1 DAGs
[2026-06-07T15:21:24.459+0000] {logging_mixin.py:154} INFO - [2026-06-07T15:21:24.459+0000] {dag.py:3722} INFO - Setting next_dagrun for example_python_operator to None, run_after=None
[2026-06-07T15:21:24.567+0000] {processor.py:179} INFO - Processing /home/airflow/.local/lib/python3.8/site-packages/airflow/example_dags/example_python_operator.py took 0.301 seconds
[2026-06-07T15:21:55.297+0000] {processor.py:157} INFO - Started process (PID=1698) to work on /home/airflow/.local/lib/python3.8/site-packages/airflow/example_dags/example_python_operator.py
[2026-06-07T15:21:55.305+0000] {processor.py:829} INFO - Processing file /home/airflow/.local/lib/python3.8/site-packages/airflow/example_dags/example_python_operator.py for tasks to queue
[2026-06-07T15:21:55.308+0000] {logging_mixin.py:154} INFO - [2026-06-07T15:21:55.308+0000] {dagbag.py:536} INFO - Filling up the DagBag from /home/airflow/.local/lib/python3.8/site-packages/airflow/example_dags/example_python_operator.py
[2026-06-07T15:21:55.341+0000] {processor.py:839} INFO - DAG(s) dict_keys(['example_python_operator']) retrieved from /home/airflow/.local/lib/python3.8/site-packages/airflow/example_dags/example_python_operator.py
[2026-06-07T15:21:55.399+0000] {logging_mixin.py:154} INFO - [2026-06-07T15:21:55.399+0000] {dag.py:2941} INFO - Sync 1 DAGs
[2026-06-07T15:21:55.439+0000] {logging_mixin.py:154} INFO - [2026-06-07T15:21:55.438+0000] {dag.py:3722} INFO - Setting next_dagrun for example_python_operator to None, run_after=None
[2026-06-07T15:21:55.490+0000] {processor.py:179} INFO - Processing /home/airflow/.local/lib/python3.8/site-packages/airflow/example_dags/example_python_operator.py took 0.210 seconds
[2026-06-07T15:22:25.796+0000] {processor.py:157} INFO - Started process (PID=1752) to work on /home/airflow/.local/lib/python3.8/site-packages/airflow/example_dags/example_python_operator.py
[2026-06-07T15:22:25.801+0000] {processor.py:829} INFO - Processing file /home/airflow/.local/lib/python3.8/site-packages/airflow/example_dags/example_python_operator.py for tasks to queue
[2026-06-07T15:22:25.804+0000] {logging_mixin.py:154} INFO - [2026-06-07T15:22:25.804+0000] {dagbag.py:536} INFO - Filling up the DagBag from /home/airflow/.local/lib/python3.8/site-packages/airflow/example_dags/example_python_operator.py
[2026-06-07T15:22:25.821+0000] {processor.py:839} INFO - DAG(s) dict_keys(['example_python_operator']) retrieved from /home/airflow/.local/lib/python3.8/site-packages/airflow/example_dags/example_python_operator.py
[2026-06-07T15:22:25.883+0000] {logging_mixin.py:154} INFO - [2026-06-07T15:22:25.882+0000] {dag.py:2941} INFO - Sync 1 DAGs
[2026-06-07T15:22:25.902+0000] {logging_mixin.py:154} INFO - [2026-06-07T15:22:25.902+0000] {dag.py:3722} INFO - Setting next_dagrun for example_python_operator to None, run_after=None
[2026-06-07T15:22:25.928+0000] {processor.py:179} INFO - Processing /home/airflow/.local/lib/python3.8/site-packages/airflow/example_dags/example_python_operator.py took 0.138 seconds
[2026-06-07T15:22:56.085+0000] {processor.py:157} INFO - Started process (PID=1806) to work on /home/airflow/.local/lib/python3.8/site-packages/airflow/example_dags/example_python_operator.py
[2026-06-07T15:22:56.086+0000] {processor.py:829} INFO - Processing file /home/airflow/.local/lib/python3.8/site-packages/airflow/example_dags/example_python_operator.py for tasks to queue
[2026-06-07T15:22:56.102+0000] {logging_mixin.py:154} INFO - [2026-06-07T15:22:56.094+0000] {dagbag.py:536} INFO - Filling up the DagBag from /home/airflow/.local/lib/python3.8/site-packages/airflow/example_dags/example_python_operator.py
[2026-06-07T15:22:56.141+0000] {processor.py:839} INFO - DAG(s) dict_keys(['example_python_operator']) retrieved from /home/airflow/.local/lib/python3.8/site-packages/airflow/example_dags/example_python_operator.py
[2026-06-07T15:22:56.195+0000] {logging_mixin.py:154} INFO - [2026-06-07T15:22:56.194+0000] {dag.py:2941} INFO - Sync 1 DAGs
[2026-06-07T15:22:56.214+0000] {logging_mixin.py:154} INFO - [2026-06-07T15:22:56.214+0000] {dag.py:3722} INFO - Setting next_dagrun for example_python_operator to None, run_after=None
[2026-06-07T15:22:56.240+0000] {processor.py:179} INFO - Processing /home/airflow/.local/lib/python3.8/site-packages/airflow/example_dags/example_python_operator.py took 0.172 seconds
[2026-06-07T15:23:26.400+0000] {processor.py:157} INFO - Started process (PID=1860) to work on /home/airflow/.local/lib/python3.8/site-packages/airflow/example_dags/example_python_operator.py
[2026-06-07T15:23:26.402+0000] {processor.py:829} INFO - Processing file /home/airflow/.local/lib/python3.8/site-packages/airflow/example_dags/example_python_operator.py for tasks to queue
[2026-06-07T15:23:26.406+0000] {logging_mixin.py:154} INFO - [2026-06-07T15:23:26.405+0000] {dagbag.py:536} INFO - Filling up the DagBag from /home/airflow/.local/lib/python3.8/site-packages/airflow/example_dags/example_python_operator.py
[2026-06-07T15:23:26.422+0000] {processor.py:839} INFO - DAG(s) dict_keys(['example_python_operator']) retrieved from /home/airflow/.local/lib/python3.8/site-packages/airflow/example_dags/example_python_operator.py
[2026-06-07T15:23:26.458+0000] {logging_mixin.py:154} INFO - [2026-06-07T15:23:26.458+0000] {dag.py:2941} INFO - Sync 1 DAGs
[2026-06-07T15:23:26.478+0000] {logging_mixin.py:154} INFO - [2026-06-07T15:23:26.477+0000] {dag.py:3722} INFO - Setting next_dagrun for example_python_operator to None, run_after=None
[2026-06-07T15:23:26.503+0000] {processor.py:179} INFO - Processing /home/airflow/.local/lib/python3.8/site-packages/airflow/example_dags/example_python_operator.py took 0.108 seconds
[2026-06-07T15:23:56.547+0000] {processor.py:157} INFO - Started process (PID=1912) to work on /home/airflow/.local/lib/python3.8/site-packages/airflow/example_dags/example_python_operator.py
[2026-06-07T15:23:56.548+0000] {processor.py:829} INFO - Processing file /home/airflow/.local/lib/python3.8/site-packages/airflow/example_dags/example_python_operator.py for tasks to queue
[2026-06-07T15:23:56.551+0000] {logging_mixin.py:154} INFO - [2026-06-07T15:23:56.550+0000] {dagbag.py:536} INFO - Filling up the DagBag from /home/airflow/.local/lib/python3.8/site-packages/airflow/example_dags/example_python_operator.py
[2026-06-07T15:23:56.564+0000] {processor.py:839} INFO - DAG(s) dict_keys(['example_python_operator']) retrieved from /home/airflow/.local/lib/python3.8/site-packages/airflow/example_dags/example_python_operator.py
[2026-06-07T15:23:56.592+0000] {logging_mixin.py:154} INFO - [2026-06-07T15:23:56.592+0000] {dag.py:2941} INFO - Sync 1 DAGs
[2026-06-07T15:23:56.611+0000] {logging_mixin.py:154} INFO - [2026-06-07T15:23:56.610+0000] {dag.py:3722} INFO - Setting next_dagrun for example_python_operator to None, run_after=None
[2026-06-07T15:23:56.636+0000] {processor.py:179} INFO - Processing /home/airflow/.local/lib/python3.8/site-packages/airflow/example_dags/example_python_operator.py took 0.093 seconds
[2026-06-07T15:24:27.988+0000] {processor.py:157} INFO - Started process (PID=1966) to work on /home/airflow/.local/lib/python3.8/site-packages/airflow/example_dags/example_python_operator.py
[2026-06-07T15:24:28.001+0000] {processor.py:829} INFO - Processing file /home/airflow/.local/lib/python3.8/site-packages/airflow/example_dags/example_python_operator.py for tasks to queue
[2026-06-07T15:24:28.004+0000] {logging_mixin.py:154} INFO - [2026-06-07T15:24:28.004+0000] {dagbag.py:536} INFO - Filling up the DagBag from /home/airflow/.local/lib/python3.8/site-packages/airflow/example_dags/example_python_operator.py
[2026-06-07T15:24:28.052+0000] {processor.py:839} INFO - DAG(s) dict_keys(['example_python_operator']) retrieved from /home/airflow/.local/lib/python3.8/site-packages/airflow/example_dags/example_python_operator.py
[2026-06-07T15:24:28.231+0000] {logging_mixin.py:154} INFO - [2026-06-07T15:24:28.230+0000] {dag.py:2941} INFO - Sync 1 DAGs
[2026-06-07T15:24:28.323+0000] {logging_mixin.py:154} INFO - [2026-06-07T15:24:28.323+0000] {dag.py:3722} INFO - Setting next_dagrun for example_python_operator to None, run_after=None
[2026-06-07T15:24:28.413+0000] {processor.py:179} INFO - Processing /home/airflow/.local/lib/python3.8/site-packages/airflow/example_dags/example_python_operator.py took 0.446 seconds
[2026-06-07T15:24:58.987+0000] {processor.py:157} INFO - Started process (PID=2020) to work on /home/airflow/.local/lib/python3.8/site-packages/airflow/example_dags/example_python_operator.py
[2026-06-07T15:24:58.991+0000] {processor.py:829} INFO - Processing file /home/airflow/.local/lib/python3.8/site-packages/airflow/example_dags/example_python_operator.py for tasks to queue
[2026-06-07T15:24:59.004+0000] {logging_mixin.py:154} INFO - [2026-06-07T15:24:59.003+0000] {dagbag.py:536} INFO - Filling up the DagBag from /home/airflow/.local/lib/python3.8/site-packages/airflow/example_dags/example_python_operator.py
[2026-06-07T15:24:59.075+0000] {processor.py:839} INFO - DAG(s) dict_keys(['example_python_operator']) retrieved from /home/airflow/.local/lib/python3.8/site-packages/airflow/example_dags/example_python_operator.py
[2026-06-07T15:24:59.225+0000] {logging_mixin.py:154} INFO - [2026-06-07T15:24:59.225+0000] {dag.py:2941} INFO - Sync 1 DAGs
[2026-06-07T15:24:59.287+0000] {logging_mixin.py:154} INFO - [2026-06-07T15:24:59.287+0000] {dag.py:3722} INFO - Setting next_dagrun for example_python_operator to None, run_after=None
[2026-06-07T15:24:59.358+0000] {processor.py:179} INFO - Processing /home/airflow/.local/lib/python3.8/site-packages/airflow/example_dags/example_python_operator.py took 0.390 seconds
[2026-06-07T15:25:30.161+0000] {processor.py:157} INFO - Started process (PID=2074) to work on /home/airflow/.local/lib/python3.8/site-packages/airflow/example_dags/example_python_operator.py
[2026-06-07T15:25:30.163+0000] {processor.py:829} INFO - Processing file /home/airflow/.local/lib/python3.8/site-packages/airflow/example_dags/example_python_operator.py for tasks to queue
[2026-06-07T15:25:30.167+0000] {logging_mixin.py:154} INFO - [2026-06-07T15:25:30.167+0000] {dagbag.py:536} INFO - Filling up the DagBag from /home/airflow/.local/lib/python3.8/site-packages/airflow/example_dags/example_python_operator.py
[2026-06-07T15:25:30.185+0000] {processor.py:839} INFO - DAG(s) dict_keys(['example_python_operator']) retrieved from /home/airflow/.local/lib/python3.8/site-packages/airflow/example_dags/example_python_operator.py
[2026-06-07T15:25:30.231+0000] {logging_mixin.py:154} INFO - [2026-06-07T15:25:30.231+0000] {dag.py:2941} INFO - Sync 1 DAGs
[2026-06-07T15:25:30.264+0000] {logging_mixin.py:154} INFO - [2026-06-07T15:25:30.263+0000] {dag.py:3722} INFO - Setting next_dagrun for example_python_operator to None, run_after=None
[2026-06-07T15:25:30.294+0000] {processor.py:179} INFO - Processing /home/airflow/.local/lib/python3.8/site-packages/airflow/example_dags/example_python_operator.py took 0.138 seconds
[2026-06-07T15:26:00.588+0000] {processor.py:157} INFO - Started process (PID=2128) to work on /home/airflow/.local/lib/python3.8/site-packages/airflow/example_dags/example_python_operator.py
[2026-06-07T15:26:00.599+0000] {processor.py:829} INFO - Processing file /home/airflow/.local/lib/python3.8/site-packages/airflow/example_dags/example_python_operator.py for tasks to queue
[2026-06-07T15:26:00.612+0000] {logging_mixin.py:154} INFO - [2026-06-07T15:26:00.612+0000] {dagbag.py:536} INFO - Filling up the DagBag from /home/airflow/.local/lib/python3.8/site-packages/airflow/example_dags/example_python_operator.py
[2026-06-07T15:26:00.675+0000] {processor.py:839} INFO - DAG(s) dict_keys(['example_python_operator']) retrieved from /home/airflow/.local/lib/python3.8/site-packages/airflow/example_dags/example_python_operator.py
[2026-06-07T15:26:00.782+0000] {logging_mixin.py:154} INFO - [2026-06-07T15:26:00.781+0000] {dag.py:2941} INFO - Sync 1 DAGs
[2026-06-07T15:26:00.837+0000] {logging_mixin.py:154} INFO - [2026-06-07T15:26:00.837+0000] {dag.py:3722} INFO - Setting next_dagrun for example_python_operator to None, run_after=None
[2026-06-07T15:26:00.926+0000] {processor.py:179} INFO - Processing /home/airflow/.local/lib/python3.8/site-packages/airflow/example_dags/example_python_operator.py took 0.351 seconds
[2026-06-07T15:26:31.023+0000] {processor.py:157} INFO - Started process (PID=2182) to work on /home/airflow/.local/lib/python3.8/site-packages/airflow/example_dags/example_python_operator.py
[2026-06-07T15:26:31.024+0000] {processor.py:829} INFO - Processing file /home/airflow/.local/lib/python3.8/site-packages/airflow/example_dags/example_python_operator.py for tasks to queue
[2026-06-07T15:26:31.027+0000] {logging_mixin.py:154} INFO - [2026-06-07T15:26:31.027+0000] {dagbag.py:536} INFO - Filling up the DagBag from /home/airflow/.local/lib/python3.8/site-packages/airflow/example_dags/example_python_operator.py
[2026-06-07T15:26:31.039+0000] {processor.py:839} INFO - DAG(s) dict_keys(['example_python_operator']) retrieved from /home/airflow/.local/lib/python3.8/site-packages/airflow/example_dags/example_python_operator.py
[2026-06-07T15:26:31.075+0000] {logging_mixin.py:154} INFO - [2026-06-07T15:26:31.075+0000] {dag.py:2941} INFO - Sync 1 DAGs
[2026-06-07T15:26:31.090+0000] {logging_mixin.py:154} INFO - [2026-06-07T15:26:31.089+0000] {dag.py:3722} INFO - Setting next_dagrun for example_python_operator to None, run_after=None
[2026-06-07T15:26:31.112+0000] {processor.py:179} INFO - Processing /home/airflow/.local/lib/python3.8/site-packages/airflow/example_dags/example_python_operator.py took 0.093 seconds
[2026-06-07T15:27:02.010+0000] {processor.py:157} INFO - Started process (PID=2236) to work on /home/airflow/.local/lib/python3.8/site-packages/airflow/example_dags/example_python_operator.py
[2026-06-07T15:27:02.021+0000] {processor.py:829} INFO - Processing file /home/airflow/.local/lib/python3.8/site-packages/airflow/example_dags/example_python_operator.py for tasks to queue
[2026-06-07T15:27:02.025+0000] {logging_mixin.py:154} INFO - [2026-06-07T15:27:02.025+0000] {dagbag.py:536} INFO - Filling up the DagBag from /home/airflow/.local/lib/python3.8/site-packages/airflow/example_dags/example_python_operator.py
[2026-06-07T15:27:02.039+0000] {processor.py:839} INFO - DAG(s) dict_keys(['example_python_operator']) retrieved from /home/airflow/.local/lib/python3.8/site-packages/airflow/example_dags/example_python_operator.py
[2026-06-07T15:27:02.065+0000] {logging_mixin.py:154} INFO - [2026-06-07T15:27:02.064+0000] {dag.py:2941} INFO - Sync 1 DAGs
[2026-06-07T15:27:02.079+0000] {logging_mixin.py:154} INFO - [2026-06-07T15:27:02.079+0000] {dag.py:3722} INFO - Setting next_dagrun for example_python_operator to None, run_after=None
[2026-06-07T15:27:02.103+0000] {processor.py:179} INFO - Processing /home/airflow/.local/lib/python3.8/site-packages/airflow/example_dags/example_python_operator.py took 0.098 seconds
[2026-06-07T15:27:32.828+0000] {processor.py:157} INFO - Started process (PID=2290) to work on /home/airflow/.local/lib/python3.8/site-packages/airflow/example_dags/example_python_operator.py
[2026-06-07T15:27:32.830+0000] {processor.py:829} INFO - Processing file /home/airflow/.local/lib/python3.8/site-packages/airflow/example_dags/example_python_operator.py for tasks to queue
[2026-06-07T15:27:32.834+0000] {logging_mixin.py:154} INFO - [2026-06-07T15:27:32.833+0000] {dagbag.py:536} INFO - Filling up the DagBag from /home/airflow/.local/lib/python3.8/site-packages/airflow/example_dags/example_python_operator.py
[2026-06-07T15:27:32.851+0000] {processor.py:839} INFO - DAG(s) dict_keys(['example_python_operator']) retrieved from /home/airflow/.local/lib/python3.8/site-packages/airflow/example_dags/example_python_operator.py
[2026-06-07T15:27:32.877+0000] {logging_mixin.py:154} INFO - [2026-06-07T15:27:32.877+0000] {dag.py:2941} INFO - Sync 1 DAGs
[2026-06-07T15:27:32.891+0000] {logging_mixin.py:154} INFO - [2026-06-07T15:27:32.891+0000] {dag.py:3722} INFO - Setting next_dagrun for example_python_operator to None, run_after=None
[2026-06-07T15:27:32.912+0000] {processor.py:179} INFO - Processing /home/airflow/.local/lib/python3.8/site-packages/airflow/example_dags/example_python_operator.py took 0.089 seconds
[2026-06-07T15:28:03.026+0000] {processor.py:157} INFO - Started process (PID=2344) to work on /home/airflow/.local/lib/python3.8/site-packages/airflow/example_dags/example_python_operator.py
[2026-06-07T15:28:03.027+0000] {processor.py:829} INFO - Processing file /home/airflow/.local/lib/python3.8/site-packages/airflow/example_dags/example_python_operator.py for tasks to queue
[2026-06-07T15:28:03.031+0000] {logging_mixin.py:154} INFO - [2026-06-07T15:28:03.031+0000] {dagbag.py:536} INFO - Filling up the DagBag from /home/airflow/.local/lib/python3.8/site-packages/airflow/example_dags/example_python_operator.py
[2026-06-07T15:28:03.048+0000] {processor.py:839} INFO - DAG(s) dict_keys(['example_python_operator']) retrieved from /home/airflow/.local/lib/python3.8/site-packages/airflow/example_dags/example_python_operator.py
[2026-06-07T15:28:03.085+0000] {logging_mixin.py:154} INFO - [2026-06-07T15:28:03.085+0000] {dag.py:2941} INFO - Sync 1 DAGs
[2026-06-07T15:28:03.107+0000] {logging_mixin.py:154} INFO - [2026-06-07T15:28:03.107+0000] {dag.py:3722} INFO - Setting next_dagrun for example_python_operator to None, run_after=None
[2026-06-07T15:28:03.135+0000] {processor.py:179} INFO - Processing /home/airflow/.local/lib/python3.8/site-packages/airflow/example_dags/example_python_operator.py took 0.119 seconds
[2026-06-07T15:28:33.485+0000] {processor.py:157} INFO - Started process (PID=2398) to work on /home/airflow/.local/lib/python3.8/site-packages/airflow/example_dags/example_python_operator.py
[2026-06-07T15:28:33.487+0000] {processor.py:829} INFO - Processing file /home/airflow/.local/lib/python3.8/site-packages/airflow/example_dags/example_python_operator.py for tasks to queue
[2026-06-07T15:28:33.491+0000] {logging_mixin.py:154} INFO - [2026-06-07T15:28:33.490+0000] {dagbag.py:536} INFO - Filling up the DagBag from /home/airflow/.local/lib/python3.8/site-packages/airflow/example_dags/example_python_operator.py
[2026-06-07T15:28:33.506+0000] {processor.py:839} INFO - DAG(s) dict_keys(['example_python_operator']) retrieved from /home/airflow/.local/lib/python3.8/site-packages/airflow/example_dags/example_python_operator.py
[2026-06-07T15:28:33.543+0000] {logging_mixin.py:154} INFO - [2026-06-07T15:28:33.542+0000] {dag.py:2941} INFO - Sync 1 DAGs
[2026-06-07T15:28:33.562+0000] {logging_mixin.py:154} INFO - [2026-06-07T15:28:33.562+0000] {dag.py:3722} INFO - Setting next_dagrun for example_python_operator to None, run_after=None
[2026-06-07T15:28:33.588+0000] {processor.py:179} INFO - Processing /home/airflow/.local/lib/python3.8/site-packages/airflow/example_dags/example_python_operator.py took 0.108 seconds
[2026-06-07T15:29:05.399+0000] {processor.py:157} INFO - Started process (PID=2452) to work on /home/airflow/.local/lib/python3.8/site-packages/airflow/example_dags/example_python_operator.py
[2026-06-07T15:29:05.406+0000] {processor.py:829} INFO - Processing file /home/airflow/.local/lib/python3.8/site-packages/airflow/example_dags/example_python_operator.py for tasks to queue
[2026-06-07T15:29:05.418+0000] {logging_mixin.py:154} INFO - [2026-06-07T15:29:05.418+0000] {dagbag.py:536} INFO - Filling up the DagBag from /home/airflow/.local/lib/python3.8/site-packages/airflow/example_dags/example_python_operator.py
[2026-06-07T15:29:05.494+0000] {processor.py:839} INFO - DAG(s) dict_keys(['example_python_operator']) retrieved from /home/airflow/.local/lib/python3.8/site-packages/airflow/example_dags/example_python_operator.py
[2026-06-07T15:29:05.662+0000] {logging_mixin.py:154} INFO - [2026-06-07T15:29:05.661+0000] {dag.py:2941} INFO - Sync 1 DAGs
[2026-06-07T15:29:05.783+0000] {logging_mixin.py:154} INFO - [2026-06-07T15:29:05.783+0000] {dag.py:3722} INFO - Setting next_dagrun for example_python_operator to None, run_after=None
[2026-06-07T15:29:05.918+0000] {processor.py:179} INFO - Processing /home/airflow/.local/lib/python3.8/site-packages/airflow/example_dags/example_python_operator.py took 0.534 seconds
[2026-06-07T15:29:36.010+0000] {processor.py:157} INFO - Started process (PID=2506) to work on /home/airflow/.local/lib/python3.8/site-packages/airflow/example_dags/example_python_operator.py
[2026-06-07T15:29:36.012+0000] {processor.py:829} INFO - Processing file /home/airflow/.local/lib/python3.8/site-packages/airflow/example_dags/example_python_operator.py for tasks to queue
[2026-06-07T15:29:36.015+0000] {logging_mixin.py:154} INFO - [2026-06-07T15:29:36.014+0000] {dagbag.py:536} INFO - Filling up the DagBag from /home/airflow/.local/lib/python3.8/site-packages/airflow/example_dags/example_python_operator.py
[2026-06-07T15:29:36.027+0000] {processor.py:839} INFO - DAG(s) dict_keys(['example_python_operator']) retrieved from /home/airflow/.local/lib/python3.8/site-packages/airflow/example_dags/example_python_operator.py
[2026-06-07T15:29:36.054+0000] {logging_mixin.py:154} INFO - [2026-06-07T15:29:36.054+0000] {dag.py:2941} INFO - Sync 1 DAGs
[2026-06-07T15:29:36.068+0000] {logging_mixin.py:154} INFO - [2026-06-07T15:29:36.068+0000] {dag.py:3722} INFO - Setting next_dagrun for example_python_operator to None, run_after=None
[2026-06-07T15:29:36.089+0000] {processor.py:179} INFO - Processing /home/airflow/.local/lib/python3.8/site-packages/airflow/example_dags/example_python_operator.py took 0.082 seconds
[2026-06-07T15:30:06.680+0000] {processor.py:157} INFO - Started process (PID=2559) to work on /home/airflow/.local/lib/python3.8/site-packages/airflow/example_dags/example_python_operator.py
[2026-06-07T15:30:06.693+0000] {processor.py:829} INFO - Processing file /home/airflow/.local/lib/python3.8/site-packages/airflow/example_dags/example_python_operator.py for tasks to queue
[2026-06-07T15:30:06.697+0000] {logging_mixin.py:154} INFO - [2026-06-07T15:30:06.696+0000] {dagbag.py:536} INFO - Filling up the DagBag from /home/airflow/.local/lib/python3.8/site-packages/airflow/example_dags/example_python_operator.py
[2026-06-07T15:30:06.746+0000] {processor.py:839} INFO - DAG(s) dict_keys(['example_python_operator']) retrieved from /home/airflow/.local/lib/python3.8/site-packages/airflow/example_dags/example_python_operator.py
[2026-06-07T15:30:06.828+0000] {logging_mixin.py:154} INFO - [2026-06-07T15:30:06.827+0000] {dag.py:2941} INFO - Sync 1 DAGs
[2026-06-07T15:30:06.864+0000] {logging_mixin.py:154} INFO - [2026-06-07T15:30:06.863+0000] {dag.py:3722} INFO - Setting next_dagrun for example_python_operator to None, run_after=None
[2026-06-07T15:30:06.903+0000] {processor.py:179} INFO - Processing /home/airflow/.local/lib/python3.8/site-packages/airflow/example_dags/example_python_operator.py took 0.229 seconds
[2026-06-07T15:30:37.696+0000] {processor.py:157} INFO - Started process (PID=2613) to work on /home/airflow/.local/lib/python3.8/site-packages/airflow/example_dags/example_python_operator.py
[2026-06-07T15:30:37.697+0000] {processor.py:829} INFO - Processing file /home/airflow/.local/lib/python3.8/site-packages/airflow/example_dags/example_python_operator.py for tasks to queue
[2026-06-07T15:30:37.701+0000] {logging_mixin.py:154} INFO - [2026-06-07T15:30:37.701+0000] {dagbag.py:536} INFO - Filling up the DagBag from /home/airflow/.local/lib/python3.8/site-packages/airflow/example_dags/example_python_operator.py
[2026-06-07T15:30:37.717+0000] {processor.py:839} INFO - DAG(s) dict_keys(['example_python_operator']) retrieved from /home/airflow/.local/lib/python3.8/site-packages/airflow/example_dags/example_python_operator.py
[2026-06-07T15:30:37.747+0000] {logging_mixin.py:154} INFO - [2026-06-07T15:30:37.747+0000] {dag.py:2941} INFO - Sync 1 DAGs
[2026-06-07T15:30:37.761+0000] {logging_mixin.py:154} INFO - [2026-06-07T15:30:37.761+0000] {dag.py:3722} INFO - Setting next_dagrun for example_python_operator to None, run_after=None
[2026-06-07T15:30:37.787+0000] {processor.py:179} INFO - Processing /home/airflow/.local/lib/python3.8/site-packages/airflow/example_dags/example_python_operator.py took 0.096 seconds
[2026-06-07T15:31:08.075+0000] {processor.py:157} INFO - Started process (PID=2667) to work on /home/airflow/.local/lib/python3.8/site-packages/airflow/example_dags/example_python_operator.py
[2026-06-07T15:31:08.077+0000] {processor.py:829} INFO - Processing file /home/airflow/.local/lib/python3.8/site-packages/airflow/example_dags/example_python_operator.py for tasks to queue
[2026-06-07T15:31:08.079+0000] {logging_mixin.py:154} INFO - [2026-06-07T15:31:08.079+0000] {dagbag.py:536} INFO - Filling up the DagBag from /home/airflow/.local/lib/python3.8/site-packages/airflow/example_dags/example_python_operator.py
[2026-06-07T15:31:08.092+0000] {processor.py:839} INFO - DAG(s) dict_keys(['example_python_operator']) retrieved from /home/airflow/.local/lib/python3.8/site-packages/airflow/example_dags/example_python_operator.py
[2026-06-07T15:31:08.120+0000] {logging_mixin.py:154} INFO - [2026-06-07T15:31:08.120+0000] {dag.py:2941} INFO - Sync 1 DAGs
[2026-06-07T15:31:08.139+0000] {logging_mixin.py:154} INFO - [2026-06-07T15:31:08.139+0000] {dag.py:3722} INFO - Setting next_dagrun for example_python_operator to None, run_after=None
[2026-06-07T15:31:08.159+0000] {processor.py:179} INFO - Processing /home/airflow/.local/lib/python3.8/site-packages/airflow/example_dags/example_python_operator.py took 0.088 seconds
[2026-06-07T15:31:38.452+0000] {processor.py:157} INFO - Started process (PID=2721) to work on /home/airflow/.local/lib/python3.8/site-packages/airflow/example_dags/example_python_operator.py
[2026-06-07T15:31:38.453+0000] {processor.py:829} INFO - Processing file /home/airflow/.local/lib/python3.8/site-packages/airflow/example_dags/example_python_operator.py for tasks to queue
[2026-06-07T15:31:38.457+0000] {logging_mixin.py:154} INFO - [2026-06-07T15:31:38.456+0000] {dagbag.py:536} INFO - Filling up the DagBag from /home/airflow/.local/lib/python3.8/site-packages/airflow/example_dags/example_python_operator.py
[2026-06-07T15:31:38.474+0000] {processor.py:839} INFO - DAG(s) dict_keys(['example_python_operator']) retrieved from /home/airflow/.local/lib/python3.8/site-packages/airflow/example_dags/example_python_operator.py
[2026-06-07T15:31:38.503+0000] {logging_mixin.py:154} INFO - [2026-06-07T15:31:38.503+0000] {dag.py:2941} INFO - Sync 1 DAGs
[2026-06-07T15:31:38.517+0000] {logging_mixin.py:154} INFO - [2026-06-07T15:31:38.517+0000] {dag.py:3722} INFO - Setting next_dagrun for example_python_operator to None, run_after=None
[2026-06-07T15:31:38.537+0000] {processor.py:179} INFO - Processing /home/airflow/.local/lib/python3.8/site-packages/airflow/example_dags/example_python_operator.py took 0.090 seconds
[2026-06-07T15:32:09.538+0000] {processor.py:157} INFO - Started process (PID=2775) to work on /home/airflow/.local/lib/python3.8/site-packages/airflow/example_dags/example_python_operator.py
[2026-06-07T15:32:09.540+0000] {processor.py:829} INFO - Processing file /home/airflow/.local/lib/python3.8/site-packages/airflow/example_dags/example_python_operator.py for tasks to queue
[2026-06-07T15:32:09.543+0000] {logging_mixin.py:154} INFO - [2026-06-07T15:32:09.543+0000] {dagbag.py:536} INFO - Filling up the DagBag from /home/airflow/.local/lib/python3.8/site-packages/airflow/example_dags/example_python_operator.py
[2026-06-07T15:32:09.555+0000] {processor.py:839} INFO - DAG(s) dict_keys(['example_python_operator']) retrieved from /home/airflow/.local/lib/python3.8/site-packages/airflow/example_dags/example_python_operator.py
[2026-06-07T15:32:09.581+0000] {logging_mixin.py:154} INFO - [2026-06-07T15:32:09.580+0000] {dag.py:2941} INFO - Sync 1 DAGs
[2026-06-07T15:32:09.594+0000] {logging_mixin.py:154} INFO - [2026-06-07T15:32:09.594+0000] {dag.py:3722} INFO - Setting next_dagrun for example_python_operator to None, run_after=None
[2026-06-07T15:32:09.618+0000] {processor.py:179} INFO - Processing /home/airflow/.local/lib/python3.8/site-packages/airflow/example_dags/example_python_operator.py took 0.085 seconds
[2026-06-07T15:32:40.564+0000] {processor.py:157} INFO - Started process (PID=2829) to work on /home/airflow/.local/lib/python3.8/site-packages/airflow/example_dags/example_python_operator.py
[2026-06-07T15:32:40.591+0000] {processor.py:829} INFO - Processing file /home/airflow/.local/lib/python3.8/site-packages/airflow/example_dags/example_python_operator.py for tasks to queue
[2026-06-07T15:32:40.594+0000] {logging_mixin.py:154} INFO - [2026-06-07T15:32:40.594+0000] {dagbag.py:536} INFO - Filling up the DagBag from /home/airflow/.local/lib/python3.8/site-packages/airflow/example_dags/example_python_operator.py
[2026-06-07T15:32:40.606+0000] {processor.py:839} INFO - DAG(s) dict_keys(['example_python_operator']) retrieved from /home/airflow/.local/lib/python3.8/site-packages/airflow/example_dags/example_python_operator.py
[2026-06-07T15:32:40.632+0000] {logging_mixin.py:154} INFO - [2026-06-07T15:32:40.632+0000] {dag.py:2941} INFO - Sync 1 DAGs
[2026-06-07T15:32:40.646+0000] {logging_mixin.py:154} INFO - [2026-06-07T15:32:40.646+0000] {dag.py:3722} INFO - Setting next_dagrun for example_python_operator to None, run_after=None
[2026-06-07T15:32:40.668+0000] {processor.py:179} INFO - Processing /home/airflow/.local/lib/python3.8/site-packages/airflow/example_dags/example_python_operator.py took 0.108 seconds
[2026-06-07T15:33:12.194+0000] {processor.py:157} INFO - Started process (PID=2883) to work on /home/airflow/.local/lib/python3.8/site-packages/airflow/example_dags/example_python_operator.py
[2026-06-07T15:33:12.210+0000] {processor.py:829} INFO - Processing file /home/airflow/.local/lib/python3.8/site-packages/airflow/example_dags/example_python_operator.py for tasks to queue
[2026-06-07T15:33:12.230+0000] {logging_mixin.py:154} INFO - [2026-06-07T15:33:12.229+0000] {dagbag.py:536} INFO - Filling up the DagBag from /home/airflow/.local/lib/python3.8/site-packages/airflow/example_dags/example_python_operator.py
[2026-06-07T15:33:12.278+0000] {processor.py:839} INFO - DAG(s) dict_keys(['example_python_operator']) retrieved from /home/airflow/.local/lib/python3.8/site-packages/airflow/example_dags/example_python_operator.py
[2026-06-07T15:33:12.400+0000] {logging_mixin.py:154} INFO - [2026-06-07T15:33:12.400+0000] {dag.py:2941} INFO - Sync 1 DAGs
[2026-06-07T15:33:12.461+0000] {logging_mixin.py:154} INFO - [2026-06-07T15:33:12.461+0000] {dag.py:3722} INFO - Setting next_dagrun for example_python_operator to None, run_after=None
[2026-06-07T15:33:12.550+0000] {processor.py:179} INFO - Processing /home/airflow/.local/lib/python3.8/site-packages/airflow/example_dags/example_python_operator.py took 0.383 seconds
[2026-06-07T15:33:42.655+0000] {processor.py:157} INFO - Started process (PID=2937) to work on /home/airflow/.local/lib/python3.8/site-packages/airflow/example_dags/example_python_operator.py
[2026-06-07T15:33:42.657+0000] {processor.py:829} INFO - Processing file /home/airflow/.local/lib/python3.8/site-packages/airflow/example_dags/example_python_operator.py for tasks to queue
[2026-06-07T15:33:42.661+0000] {logging_mixin.py:154} INFO - [2026-06-07T15:33:42.660+0000] {dagbag.py:536} INFO - Filling up the DagBag from /home/airflow/.local/lib/python3.8/site-packages/airflow/example_dags/example_python_operator.py
[2026-06-07T15:33:42.677+0000] {processor.py:839} INFO - DAG(s) dict_keys(['example_python_operator']) retrieved from /home/airflow/.local/lib/python3.8/site-packages/airflow/example_dags/example_python_operator.py
[2026-06-07T15:33:42.730+0000] {logging_mixin.py:154} INFO - [2026-06-07T15:33:42.729+0000] {dag.py:2941} INFO - Sync 1 DAGs
[2026-06-07T15:33:42.781+0000] {logging_mixin.py:154} INFO - [2026-06-07T15:33:42.780+0000] {dag.py:3722} INFO - Setting next_dagrun for example_python_operator to None, run_after=None
[2026-06-07T15:33:42.843+0000] {processor.py:179} INFO - Processing /home/airflow/.local/lib/python3.8/site-packages/airflow/example_dags/example_python_operator.py took 0.193 seconds
[2026-06-07T15:34:13.476+0000] {processor.py:157} INFO - Started process (PID=2991) to work on /home/airflow/.local/lib/python3.8/site-packages/airflow/example_dags/example_python_operator.py
[2026-06-07T15:34:13.482+0000] {processor.py:829} INFO - Processing file /home/airflow/.local/lib/python3.8/site-packages/airflow/example_dags/example_python_operator.py for tasks to queue
[2026-06-07T15:34:13.486+0000] {logging_mixin.py:154} INFO - [2026-06-07T15:34:13.485+0000] {dagbag.py:536} INFO - Filling up the DagBag from /home/airflow/.local/lib/python3.8/site-packages/airflow/example_dags/example_python_operator.py
[2026-06-07T15:34:13.502+0000] {processor.py:839} INFO - DAG(s) dict_keys(['example_python_operator']) retrieved from /home/airflow/.local/lib/python3.8/site-packages/airflow/example_dags/example_python_operator.py
[2026-06-07T15:34:13.545+0000] {logging_mixin.py:154} INFO - [2026-06-07T15:34:13.545+0000] {dag.py:2941} INFO - Sync 1 DAGs
[2026-06-07T15:34:13.584+0000] {logging_mixin.py:154} INFO - [2026-06-07T15:34:13.584+0000] {dag.py:3722} INFO - Setting next_dagrun for example_python_operator to None, run_after=None
[2026-06-07T15:34:13.630+0000] {processor.py:179} INFO - Processing /home/airflow/.local/lib/python3.8/site-packages/airflow/example_dags/example_python_operator.py took 0.163 seconds
[2026-06-07T15:34:44.034+0000] {processor.py:157} INFO - Started process (PID=3045) to work on /home/airflow/.local/lib/python3.8/site-packages/airflow/example_dags/example_python_operator.py
[2026-06-07T15:34:44.045+0000] {processor.py:829} INFO - Processing file /home/airflow/.local/lib/python3.8/site-packages/airflow/example_dags/example_python_operator.py for tasks to queue
[2026-06-07T15:34:44.048+0000] {logging_mixin.py:154} INFO - [2026-06-07T15:34:44.048+0000] {dagbag.py:536} INFO - Filling up the DagBag from /home/airflow/.local/lib/python3.8/site-packages/airflow/example_dags/example_python_operator.py
[2026-06-07T15:34:44.110+0000] {processor.py:839} INFO - DAG(s) dict_keys(['example_python_operator']) retrieved from /home/airflow/.local/lib/python3.8/site-packages/airflow/example_dags/example_python_operator.py
[2026-06-07T15:34:44.152+0000] {logging_mixin.py:154} INFO - [2026-06-07T15:34:44.151+0000] {dag.py:2941} INFO - Sync 1 DAGs
[2026-06-07T15:34:44.172+0000] {logging_mixin.py:154} INFO - [2026-06-07T15:34:44.171+0000] {dag.py:3722} INFO - Setting next_dagrun for example_python_operator to None, run_after=None
[2026-06-07T15:34:44.208+0000] {processor.py:179} INFO - Processing /home/airflow/.local/lib/python3.8/site-packages/airflow/example_dags/example_python_operator.py took 0.178 seconds
[2026-06-07T15:35:14.861+0000] {processor.py:157} INFO - Started process (PID=3099) to work on /home/airflow/.local/lib/python3.8/site-packages/airflow/example_dags/example_python_operator.py
[2026-06-07T15:35:14.865+0000] {processor.py:829} INFO - Processing file /home/airflow/.local/lib/python3.8/site-packages/airflow/example_dags/example_python_operator.py for tasks to queue
[2026-06-07T15:35:14.868+0000] {logging_mixin.py:154} INFO - [2026-06-07T15:35:14.868+0000] {dagbag.py:536} INFO - Filling up the DagBag from /home/airflow/.local/lib/python3.8/site-packages/airflow/example_dags/example_python_operator.py
[2026-06-07T15:35:14.885+0000] {processor.py:839} INFO - DAG(s) dict_keys(['example_python_operator']) retrieved from /home/airflow/.local/lib/python3.8/site-packages/airflow/example_dags/example_python_operator.py
[2026-06-07T15:35:14.921+0000] {logging_mixin.py:154} INFO - [2026-06-07T15:35:14.920+0000] {dag.py:2941} INFO - Sync 1 DAGs
[2026-06-07T15:35:14.942+0000] {logging_mixin.py:154} INFO - [2026-06-07T15:35:14.941+0000] {dag.py:3722} INFO - Setting next_dagrun for example_python_operator to None, run_after=None
[2026-06-07T15:35:14.968+0000] {processor.py:179} INFO - Processing /home/airflow/.local/lib/python3.8/site-packages/airflow/example_dags/example_python_operator.py took 0.112 seconds
[2026-06-07T15:35:45.386+0000] {processor.py:157} INFO - Started process (PID=3153) to work on /home/airflow/.local/lib/python3.8/site-packages/airflow/example_dags/example_python_operator.py
[2026-06-07T15:35:45.388+0000] {processor.py:829} INFO - Processing file /home/airflow/.local/lib/python3.8/site-packages/airflow/example_dags/example_python_operator.py for tasks to queue
[2026-06-07T15:35:45.391+0000] {logging_mixin.py:154} INFO - [2026-06-07T15:35:45.391+0000] {dagbag.py:536} INFO - Filling up the DagBag from /home/airflow/.local/lib/python3.8/site-packages/airflow/example_dags/example_python_operator.py
[2026-06-07T15:35:45.408+0000] {processor.py:839} INFO - DAG(s) dict_keys(['example_python_operator']) retrieved from /home/airflow/.local/lib/python3.8/site-packages/airflow/example_dags/example_python_operator.py
[2026-06-07T15:35:45.490+0000] {logging_mixin.py:154} INFO - [2026-06-07T15:35:45.490+0000] {dag.py:2941} INFO - Sync 1 DAGs
[2026-06-07T15:35:45.513+0000] {logging_mixin.py:154} INFO - [2026-06-07T15:35:45.513+0000] {dag.py:3722} INFO - Setting next_dagrun for example_python_operator to None, run_after=None
[2026-06-07T15:35:45.543+0000] {processor.py:179} INFO - Processing /home/airflow/.local/lib/python3.8/site-packages/airflow/example_dags/example_python_operator.py took 0.162 seconds
[2026-06-07T15:36:16.441+0000] {processor.py:157} INFO - Started process (PID=3207) to work on /home/airflow/.local/lib/python3.8/site-packages/airflow/example_dags/example_python_operator.py
[2026-06-07T15:36:16.445+0000] {processor.py:829} INFO - Processing file /home/airflow/.local/lib/python3.8/site-packages/airflow/example_dags/example_python_operator.py for tasks to queue
[2026-06-07T15:36:16.456+0000] {logging_mixin.py:154} INFO - [2026-06-07T15:36:16.454+0000] {dagbag.py:536} INFO - Filling up the DagBag from /home/airflow/.local/lib/python3.8/site-packages/airflow/example_dags/example_python_operator.py
[2026-06-07T15:36:16.477+0000] {processor.py:839} INFO - DAG(s) dict_keys(['example_python_operator']) retrieved from /home/airflow/.local/lib/python3.8/site-packages/airflow/example_dags/example_python_operator.py
[2026-06-07T15:36:16.558+0000] {logging_mixin.py:154} INFO - [2026-06-07T15:36:16.557+0000] {dag.py:2941} INFO - Sync 1 DAGs
[2026-06-07T15:36:16.599+0000] {logging_mixin.py:154} INFO - [2026-06-07T15:36:16.598+0000] {dag.py:3722} INFO - Setting next_dagrun for example_python_operator to None, run_after=None
[2026-06-07T15:36:16.653+0000] {processor.py:179} INFO - Processing /home/airflow/.local/lib/python3.8/site-packages/airflow/example_dags/example_python_operator.py took 0.223 seconds
[2026-06-07T15:36:47.003+0000] {processor.py:157} INFO - Started process (PID=3260) to work on /home/airflow/.local/lib/python3.8/site-packages/airflow/example_dags/example_python_operator.py
[2026-06-07T15:36:47.013+0000] {processor.py:829} INFO - Processing file /home/airflow/.local/lib/python3.8/site-packages/airflow/example_dags/example_python_operator.py for tasks to queue
[2026-06-07T15:36:47.017+0000] {logging_mixin.py:154} INFO - [2026-06-07T15:36:47.016+0000] {dagbag.py:536} INFO - Filling up the DagBag from /home/airflow/.local/lib/python3.8/site-packages/airflow/example_dags/example_python_operator.py
[2026-06-07T15:36:47.078+0000] {processor.py:839} INFO - DAG(s) dict_keys(['example_python_operator']) retrieved from /home/airflow/.local/lib/python3.8/site-packages/airflow/example_dags/example_python_operator.py
[2026-06-07T15:36:47.363+0000] {logging_mixin.py:154} INFO - [2026-06-07T15:36:47.362+0000] {dag.py:2941} INFO - Sync 1 DAGs
[2026-06-07T15:36:47.446+0000] {logging_mixin.py:154} INFO - [2026-06-07T15:36:47.446+0000] {dag.py:3722} INFO - Setting next_dagrun for example_python_operator to None, run_after=None
[2026-06-07T15:36:47.530+0000] {processor.py:179} INFO - Processing /home/airflow/.local/lib/python3.8/site-packages/airflow/example_dags/example_python_operator.py took 0.540 seconds
[2026-06-07T15:37:18.252+0000] {processor.py:157} INFO - Started process (PID=3320) to work on /home/airflow/.local/lib/python3.8/site-packages/airflow/example_dags/example_python_operator.py
[2026-06-07T15:37:18.261+0000] {processor.py:829} INFO - Processing file /home/airflow/.local/lib/python3.8/site-packages/airflow/example_dags/example_python_operator.py for tasks to queue
[2026-06-07T15:37:18.267+0000] {logging_mixin.py:154} INFO - [2026-06-07T15:37:18.266+0000] {dagbag.py:536} INFO - Filling up the DagBag from /home/airflow/.local/lib/python3.8/site-packages/airflow/example_dags/example_python_operator.py
[2026-06-07T15:37:18.321+0000] {processor.py:839} INFO - DAG(s) dict_keys(['example_python_operator']) retrieved from /home/airflow/.local/lib/python3.8/site-packages/airflow/example_dags/example_python_operator.py
[2026-06-07T15:37:18.409+0000] {logging_mixin.py:154} INFO - [2026-06-07T15:37:18.409+0000] {dag.py:2941} INFO - Sync 1 DAGs
[2026-06-07T15:37:18.453+0000] {logging_mixin.py:154} INFO - [2026-06-07T15:37:18.452+0000] {dag.py:3722} INFO - Setting next_dagrun for example_python_operator to None, run_after=None
[2026-06-07T15:37:18.514+0000] {processor.py:179} INFO - Processing /home/airflow/.local/lib/python3.8/site-packages/airflow/example_dags/example_python_operator.py took 0.267 seconds
[2026-06-07T15:37:48.604+0000] {processor.py:157} INFO - Started process (PID=3372) to work on /home/airflow/.local/lib/python3.8/site-packages/airflow/example_dags/example_python_operator.py
[2026-06-07T15:37:48.605+0000] {processor.py:829} INFO - Processing file /home/airflow/.local/lib/python3.8/site-packages/airflow/example_dags/example_python_operator.py for tasks to queue
[2026-06-07T15:37:48.608+0000] {logging_mixin.py:154} INFO - [2026-06-07T15:37:48.608+0000] {dagbag.py:536} INFO - Filling up the DagBag from /home/airflow/.local/lib/python3.8/site-packages/airflow/example_dags/example_python_operator.py
[2026-06-07T15:37:48.619+0000] {processor.py:839} INFO - DAG(s) dict_keys(['example_python_operator']) retrieved from /home/airflow/.local/lib/python3.8/site-packages/airflow/example_dags/example_python_operator.py
[2026-06-07T15:37:48.647+0000] {logging_mixin.py:154} INFO - [2026-06-07T15:37:48.647+0000] {dag.py:2941} INFO - Sync 1 DAGs
[2026-06-07T15:37:48.661+0000] {logging_mixin.py:154} INFO - [2026-06-07T15:37:48.661+0000] {dag.py:3722} INFO - Setting next_dagrun for example_python_operator to None, run_after=None
[2026-06-07T15:37:48.686+0000] {processor.py:179} INFO - Processing /home/airflow/.local/lib/python3.8/site-packages/airflow/example_dags/example_python_operator.py took 0.087 seconds
[2026-06-07T15:38:19.331+0000] {processor.py:157} INFO - Started process (PID=3426) to work on /home/airflow/.local/lib/python3.8/site-packages/airflow/example_dags/example_python_operator.py
[2026-06-07T15:38:19.334+0000] {processor.py:829} INFO - Processing file /home/airflow/.local/lib/python3.8/site-packages/airflow/example_dags/example_python_operator.py for tasks to queue
[2026-06-07T15:38:19.338+0000] {logging_mixin.py:154} INFO - [2026-06-07T15:38:19.337+0000] {dagbag.py:536} INFO - Filling up the DagBag from /home/airflow/.local/lib/python3.8/site-packages/airflow/example_dags/example_python_operator.py
[2026-06-07T15:38:19.354+0000] {processor.py:839} INFO - DAG(s) dict_keys(['example_python_operator']) retrieved from /home/airflow/.local/lib/python3.8/site-packages/airflow/example_dags/example_python_operator.py
[2026-06-07T15:38:19.390+0000] {logging_mixin.py:154} INFO - [2026-06-07T15:38:19.389+0000] {dag.py:2941} INFO - Sync 1 DAGs
[2026-06-07T15:38:19.409+0000] {logging_mixin.py:154} INFO - [2026-06-07T15:38:19.409+0000] {dag.py:3722} INFO - Setting next_dagrun for example_python_operator to None, run_after=None
[2026-06-07T15:38:19.434+0000] {processor.py:179} INFO - Processing /home/airflow/.local/lib/python3.8/site-packages/airflow/example_dags/example_python_operator.py took 0.109 seconds
[2026-06-07T15:38:50.378+0000] {processor.py:157} INFO - Started process (PID=3481) to work on /home/airflow/.local/lib/python3.8/site-packages/airflow/example_dags/example_python_operator.py
[2026-06-07T15:38:50.380+0000] {processor.py:829} INFO - Processing file /home/airflow/.local/lib/python3.8/site-packages/airflow/example_dags/example_python_operator.py for tasks to queue
[2026-06-07T15:38:50.383+0000] {logging_mixin.py:154} INFO - [2026-06-07T15:38:50.382+0000] {dagbag.py:536} INFO - Filling up the DagBag from /home/airflow/.local/lib/python3.8/site-packages/airflow/example_dags/example_python_operator.py
[2026-06-07T15:38:50.397+0000] {processor.py:839} INFO - DAG(s) dict_keys(['example_python_operator']) retrieved from /home/airflow/.local/lib/python3.8/site-packages/airflow/example_dags/example_python_operator.py
[2026-06-07T15:38:50.422+0000] {logging_mixin.py:154} INFO - [2026-06-07T15:38:50.422+0000] {dag.py:2941} INFO - Sync 1 DAGs
[2026-06-07T15:38:50.439+0000] {logging_mixin.py:154} INFO - [2026-06-07T15:38:50.439+0000] {dag.py:3722} INFO - Setting next_dagrun for example_python_operator to None, run_after=None
[2026-06-07T15:38:50.464+0000] {processor.py:179} INFO - Processing /home/airflow/.local/lib/python3.8/site-packages/airflow/example_dags/example_python_operator.py took 0.090 seconds
[2026-06-07T15:39:20.932+0000] {processor.py:157} INFO - Started process (PID=3535) to work on /home/airflow/.local/lib/python3.8/site-packages/airflow/example_dags/example_python_operator.py
[2026-06-07T15:39:20.933+0000] {processor.py:829} INFO - Processing file /home/airflow/.local/lib/python3.8/site-packages/airflow/example_dags/example_python_operator.py for tasks to queue
[2026-06-07T15:39:20.936+0000] {logging_mixin.py:154} INFO - [2026-06-07T15:39:20.936+0000] {dagbag.py:536} INFO - Filling up the DagBag from /home/airflow/.local/lib/python3.8/site-packages/airflow/example_dags/example_python_operator.py
[2026-06-07T15:39:20.947+0000] {processor.py:839} INFO - DAG(s) dict_keys(['example_python_operator']) retrieved from /home/airflow/.local/lib/python3.8/site-packages/airflow/example_dags/example_python_operator.py
[2026-06-07T15:39:20.974+0000] {logging_mixin.py:154} INFO - [2026-06-07T15:39:20.974+0000] {dag.py:2941} INFO - Sync 1 DAGs
[2026-06-07T15:39:20.992+0000] {logging_mixin.py:154} INFO - [2026-06-07T15:39:20.992+0000] {dag.py:3722} INFO - Setting next_dagrun for example_python_operator to None, run_after=None
[2026-06-07T15:39:21.013+0000] {processor.py:179} INFO - Processing /home/airflow/.local/lib/python3.8/site-packages/airflow/example_dags/example_python_operator.py took 0.086 seconds
[2026-06-07T15:39:51.352+0000] {processor.py:157} INFO - Started process (PID=3589) to work on /home/airflow/.local/lib/python3.8/site-packages/airflow/example_dags/example_python_operator.py
[2026-06-07T15:39:51.354+0000] {processor.py:829} INFO - Processing file /home/airflow/.local/lib/python3.8/site-packages/airflow/example_dags/example_python_operator.py for tasks to queue
[2026-06-07T15:39:51.358+0000] {logging_mixin.py:154} INFO - [2026-06-07T15:39:51.357+0000] {dagbag.py:536} INFO - Filling up the DagBag from /home/airflow/.local/lib/python3.8/site-packages/airflow/example_dags/example_python_operator.py
[2026-06-07T15:39:51.374+0000] {processor.py:839} INFO - DAG(s) dict_keys(['example_python_operator']) retrieved from /home/airflow/.local/lib/python3.8/site-packages/airflow/example_dags/example_python_operator.py
[2026-06-07T15:39:51.410+0000] {logging_mixin.py:154} INFO - [2026-06-07T15:39:51.410+0000] {dag.py:2941} INFO - Sync 1 DAGs
[2026-06-07T15:39:51.443+0000] {logging_mixin.py:154} INFO - [2026-06-07T15:39:51.443+0000] {dag.py:3722} INFO - Setting next_dagrun for example_python_operator to None, run_after=None
[2026-06-07T15:39:51.510+0000] {processor.py:179} INFO - Processing /home/airflow/.local/lib/python3.8/site-packages/airflow/example_dags/example_python_operator.py took 0.163 seconds
[2026-06-07T15:40:22.082+0000] {processor.py:157} INFO - Started process (PID=3643) to work on /home/airflow/.local/lib/python3.8/site-packages/airflow/example_dags/example_python_operator.py
[2026-06-07T15:40:22.089+0000] {processor.py:829} INFO - Processing file /home/airflow/.local/lib/python3.8/site-packages/airflow/example_dags/example_python_operator.py for tasks to queue
[2026-06-07T15:40:22.105+0000] {logging_mixin.py:154} INFO - [2026-06-07T15:40:22.105+0000] {dagbag.py:536} INFO - Filling up the DagBag from /home/airflow/.local/lib/python3.8/site-packages/airflow/example_dags/example_python_operator.py
[2026-06-07T15:40:22.161+0000] {processor.py:839} INFO - DAG(s) dict_keys(['example_python_operator']) retrieved from /home/airflow/.local/lib/python3.8/site-packages/airflow/example_dags/example_python_operator.py
[2026-06-07T15:40:22.253+0000] {logging_mixin.py:154} INFO - [2026-06-07T15:40:22.253+0000] {dag.py:2941} INFO - Sync 1 DAGs
[2026-06-07T15:40:22.307+0000] {logging_mixin.py:154} INFO - [2026-06-07T15:40:22.307+0000] {dag.py:3722} INFO - Setting next_dagrun for example_python_operator to None, run_after=None
[2026-06-07T15:40:22.356+0000] {processor.py:179} INFO - Processing /home/airflow/.local/lib/python3.8/site-packages/airflow/example_dags/example_python_operator.py took 0.302 seconds
[2026-06-07T15:40:53.196+0000] {processor.py:157} INFO - Started process (PID=3697) to work on /home/airflow/.local/lib/python3.8/site-packages/airflow/example_dags/example_python_operator.py
[2026-06-07T15:40:53.198+0000] {processor.py:829} INFO - Processing file /home/airflow/.local/lib/python3.8/site-packages/airflow/example_dags/example_python_operator.py for tasks to queue
[2026-06-07T15:40:53.202+0000] {logging_mixin.py:154} INFO - [2026-06-07T15:40:53.201+0000] {dagbag.py:536} INFO - Filling up the DagBag from /home/airflow/.local/lib/python3.8/site-packages/airflow/example_dags/example_python_operator.py
[2026-06-07T15:40:53.218+0000] {processor.py:839} INFO - DAG(s) dict_keys(['example_python_operator']) retrieved from /home/airflow/.local/lib/python3.8/site-packages/airflow/example_dags/example_python_operator.py
[2026-06-07T15:40:53.254+0000] {logging_mixin.py:154} INFO - [2026-06-07T15:40:53.253+0000] {dag.py:2941} INFO - Sync 1 DAGs
[2026-06-07T15:40:53.274+0000] {logging_mixin.py:154} INFO - [2026-06-07T15:40:53.274+0000] {dag.py:3722} INFO - Setting next_dagrun for example_python_operator to None, run_after=None
[2026-06-07T15:40:53.301+0000] {processor.py:179} INFO - Processing /home/airflow/.local/lib/python3.8/site-packages/airflow/example_dags/example_python_operator.py took 0.109 seconds
[2026-06-07T15:41:24.081+0000] {processor.py:157} INFO - Started process (PID=3750) to work on /home/airflow/.local/lib/python3.8/site-packages/airflow/example_dags/example_python_operator.py
[2026-06-07T15:41:24.082+0000] {processor.py:829} INFO - Processing file /home/airflow/.local/lib/python3.8/site-packages/airflow/example_dags/example_python_operator.py for tasks to queue
[2026-06-07T15:41:24.085+0000] {logging_mixin.py:154} INFO - [2026-06-07T15:41:24.085+0000] {dagbag.py:536} INFO - Filling up the DagBag from /home/airflow/.local/lib/python3.8/site-packages/airflow/example_dags/example_python_operator.py
[2026-06-07T15:41:24.097+0000] {processor.py:839} INFO - DAG(s) dict_keys(['example_python_operator']) retrieved from /home/airflow/.local/lib/python3.8/site-packages/airflow/example_dags/example_python_operator.py
[2026-06-07T15:41:24.135+0000] {logging_mixin.py:154} INFO - [2026-06-07T15:41:24.134+0000] {dag.py:2941} INFO - Sync 1 DAGs
[2026-06-07T15:41:24.154+0000] {logging_mixin.py:154} INFO - [2026-06-07T15:41:24.154+0000] {dag.py:3722} INFO - Setting next_dagrun for example_python_operator to None, run_after=None
[2026-06-07T15:41:24.185+0000] {processor.py:179} INFO - Processing /home/airflow/.local/lib/python3.8/site-packages/airflow/example_dags/example_python_operator.py took 0.108 seconds
[2026-06-07T15:41:55.117+0000] {processor.py:157} INFO - Started process (PID=3803) to work on /home/airflow/.local/lib/python3.8/site-packages/airflow/example_dags/example_python_operator.py
[2026-06-07T15:41:55.119+0000] {processor.py:829} INFO - Processing file /home/airflow/.local/lib/python3.8/site-packages/airflow/example_dags/example_python_operator.py for tasks to queue
[2026-06-07T15:41:55.121+0000] {logging_mixin.py:154} INFO - [2026-06-07T15:41:55.121+0000] {dagbag.py:536} INFO - Filling up the DagBag from /home/airflow/.local/lib/python3.8/site-packages/airflow/example_dags/example_python_operator.py
[2026-06-07T15:41:55.133+0000] {processor.py:839} INFO - DAG(s) dict_keys(['example_python_operator']) retrieved from /home/airflow/.local/lib/python3.8/site-packages/airflow/example_dags/example_python_operator.py
[2026-06-07T15:41:55.163+0000] {logging_mixin.py:154} INFO - [2026-06-07T15:41:55.163+0000] {dag.py:2941} INFO - Sync 1 DAGs
[2026-06-07T15:41:55.182+0000] {logging_mixin.py:154} INFO - [2026-06-07T15:41:55.182+0000] {dag.py:3722} INFO - Setting next_dagrun for example_python_operator to None, run_after=None
[2026-06-07T15:41:55.204+0000] {processor.py:179} INFO - Processing /home/airflow/.local/lib/python3.8/site-packages/airflow/example_dags/example_python_operator.py took 0.090 seconds
[2026-06-07T15:42:25.288+0000] {processor.py:157} INFO - Started process (PID=3857) to work on /home/airflow/.local/lib/python3.8/site-packages/airflow/example_dags/example_python_operator.py
[2026-06-07T15:42:25.289+0000] {processor.py:829} INFO - Processing file /home/airflow/.local/lib/python3.8/site-packages/airflow/example_dags/example_python_operator.py for tasks to queue
[2026-06-07T15:42:25.291+0000] {logging_mixin.py:154} INFO - [2026-06-07T15:42:25.291+0000] {dagbag.py:536} INFO - Filling up the DagBag from /home/airflow/.local/lib/python3.8/site-packages/airflow/example_dags/example_python_operator.py
[2026-06-07T15:42:25.304+0000] {processor.py:839} INFO - DAG(s) dict_keys(['example_python_operator']) retrieved from /home/airflow/.local/lib/python3.8/site-packages/airflow/example_dags/example_python_operator.py
[2026-06-07T15:42:25.332+0000] {logging_mixin.py:154} INFO - [2026-06-07T15:42:25.331+0000] {dag.py:2941} INFO - Sync 1 DAGs
[2026-06-07T15:42:25.347+0000] {logging_mixin.py:154} INFO - [2026-06-07T15:42:25.346+0000] {dag.py:3722} INFO - Setting next_dagrun for example_python_operator to None, run_after=None
[2026-06-07T15:42:25.367+0000] {processor.py:179} INFO - Processing /home/airflow/.local/lib/python3.8/site-packages/airflow/example_dags/example_python_operator.py took 0.084 seconds
[2026-06-07T15:42:55.959+0000] {processor.py:157} INFO - Started process (PID=3912) to work on /home/airflow/.local/lib/python3.8/site-packages/airflow/example_dags/example_python_operator.py
[2026-06-07T15:42:55.961+0000] {processor.py:829} INFO - Processing file /home/airflow/.local/lib/python3.8/site-packages/airflow/example_dags/example_python_operator.py for tasks to queue
[2026-06-07T15:42:55.963+0000] {logging_mixin.py:154} INFO - [2026-06-07T15:42:55.963+0000] {dagbag.py:536} INFO - Filling up the DagBag from /home/airflow/.local/lib/python3.8/site-packages/airflow/example_dags/example_python_operator.py
[2026-06-07T15:42:55.974+0000] {processor.py:839} INFO - DAG(s) dict_keys(['example_python_operator']) retrieved from /home/airflow/.local/lib/python3.8/site-packages/airflow/example_dags/example_python_operator.py
[2026-06-07T15:42:56.001+0000] {logging_mixin.py:154} INFO - [2026-06-07T15:42:56.001+0000] {dag.py:2941} INFO - Sync 1 DAGs
[2026-06-07T15:42:56.015+0000] {logging_mixin.py:154} INFO - [2026-06-07T15:42:56.015+0000] {dag.py:3722} INFO - Setting next_dagrun for example_python_operator to None, run_after=None
[2026-06-07T15:42:56.037+0000] {processor.py:179} INFO - Processing /home/airflow/.local/lib/python3.8/site-packages/airflow/example_dags/example_python_operator.py took 0.082 seconds
[2026-06-07T15:43:26.860+0000] {processor.py:157} INFO - Started process (PID=3966) to work on /home/airflow/.local/lib/python3.8/site-packages/airflow/example_dags/example_python_operator.py
[2026-06-07T15:43:26.861+0000] {processor.py:829} INFO - Processing file /home/airflow/.local/lib/python3.8/site-packages/airflow/example_dags/example_python_operator.py for tasks to queue
[2026-06-07T15:43:26.864+0000] {logging_mixin.py:154} INFO - [2026-06-07T15:43:26.863+0000] {dagbag.py:536} INFO - Filling up the DagBag from /home/airflow/.local/lib/python3.8/site-packages/airflow/example_dags/example_python_operator.py
[2026-06-07T15:43:26.878+0000] {processor.py:839} INFO - DAG(s) dict_keys(['example_python_operator']) retrieved from /home/airflow/.local/lib/python3.8/site-packages/airflow/example_dags/example_python_operator.py
[2026-06-07T15:43:26.908+0000] {logging_mixin.py:154} INFO - [2026-06-07T15:43:26.907+0000] {dag.py:2941} INFO - Sync 1 DAGs
[2026-06-07T15:43:26.923+0000] {logging_mixin.py:154} INFO - [2026-06-07T15:43:26.922+0000] {dag.py:3722} INFO - Setting next_dagrun for example_python_operator to None, run_after=None
[2026-06-07T15:43:26.949+0000] {processor.py:179} INFO - Processing /home/airflow/.local/lib/python3.8/site-packages/airflow/example_dags/example_python_operator.py took 0.093 seconds
[2026-06-07T15:43:57.715+0000] {processor.py:157} INFO - Started process (PID=4020) to work on /home/airflow/.local/lib/python3.8/site-packages/airflow/example_dags/example_python_operator.py
[2026-06-07T15:43:57.719+0000] {processor.py:829} INFO - Processing file /home/airflow/.local/lib/python3.8/site-packages/airflow/example_dags/example_python_operator.py for tasks to queue
[2026-06-07T15:43:57.724+0000] {logging_mixin.py:154} INFO - [2026-06-07T15:43:57.724+0000] {dagbag.py:536} INFO - Filling up the DagBag from /home/airflow/.local/lib/python3.8/site-packages/airflow/example_dags/example_python_operator.py
[2026-06-07T15:43:57.741+0000] {processor.py:839} INFO - DAG(s) dict_keys(['example_python_operator']) retrieved from /home/airflow/.local/lib/python3.8/site-packages/airflow/example_dags/example_python_operator.py
[2026-06-07T15:43:57.776+0000] {logging_mixin.py:154} INFO - [2026-06-07T15:43:57.775+0000] {dag.py:2941} INFO - Sync 1 DAGs
[2026-06-07T15:43:57.797+0000] {logging_mixin.py:154} INFO - [2026-06-07T15:43:57.797+0000] {dag.py:3722} INFO - Setting next_dagrun for example_python_operator to None, run_after=None
[2026-06-07T15:43:57.823+0000] {processor.py:179} INFO - Processing /home/airflow/.local/lib/python3.8/site-packages/airflow/example_dags/example_python_operator.py took 0.124 seconds
[2026-06-07T15:44:28.253+0000] {processor.py:157} INFO - Started process (PID=4074) to work on /home/airflow/.local/lib/python3.8/site-packages/airflow/example_dags/example_python_operator.py
[2026-06-07T15:44:28.254+0000] {processor.py:829} INFO - Processing file /home/airflow/.local/lib/python3.8/site-packages/airflow/example_dags/example_python_operator.py for tasks to queue
[2026-06-07T15:44:28.257+0000] {logging_mixin.py:154} INFO - [2026-06-07T15:44:28.257+0000] {dagbag.py:536} INFO - Filling up the DagBag from /home/airflow/.local/lib/python3.8/site-packages/airflow/example_dags/example_python_operator.py
[2026-06-07T15:44:28.269+0000] {processor.py:839} INFO - DAG(s) dict_keys(['example_python_operator']) retrieved from /home/airflow/.local/lib/python3.8/site-packages/airflow/example_dags/example_python_operator.py
[2026-06-07T15:44:28.296+0000] {logging_mixin.py:154} INFO - [2026-06-07T15:44:28.296+0000] {dag.py:2941} INFO - Sync 1 DAGs
[2026-06-07T15:44:28.311+0000] {logging_mixin.py:154} INFO - [2026-06-07T15:44:28.310+0000] {dag.py:3722} INFO - Setting next_dagrun for example_python_operator to None, run_after=None
[2026-06-07T15:44:28.333+0000] {processor.py:179} INFO - Processing /home/airflow/.local/lib/python3.8/site-packages/airflow/example_dags/example_python_operator.py took 0.083 seconds
[2026-06-07T15:44:58.982+0000] {processor.py:157} INFO - Started process (PID=4129) to work on /home/airflow/.local/lib/python3.8/site-packages/airflow/example_dags/example_python_operator.py
[2026-06-07T15:44:58.985+0000] {processor.py:829} INFO - Processing file /home/airflow/.local/lib/python3.8/site-packages/airflow/example_dags/example_python_operator.py for tasks to queue
[2026-06-07T15:44:58.988+0000] {logging_mixin.py:154} INFO - [2026-06-07T15:44:58.988+0000] {dagbag.py:536} INFO - Filling up the DagBag from /home/airflow/.local/lib/python3.8/site-packages/airflow/example_dags/example_python_operator.py
[2026-06-07T15:44:59.006+0000] {processor.py:839} INFO - DAG(s) dict_keys(['example_python_operator']) retrieved from /home/airflow/.local/lib/python3.8/site-packages/airflow/example_dags/example_python_operator.py
[2026-06-07T15:44:59.049+0000] {logging_mixin.py:154} INFO - [2026-06-07T15:44:59.048+0000] {dag.py:2941} INFO - Sync 1 DAGs
[2026-06-07T15:44:59.069+0000] {logging_mixin.py:154} INFO - [2026-06-07T15:44:59.068+0000] {dag.py:3722} INFO - Setting next_dagrun for example_python_operator to None, run_after=None
[2026-06-07T15:44:59.096+0000] {processor.py:179} INFO - Processing /home/airflow/.local/lib/python3.8/site-packages/airflow/example_dags/example_python_operator.py took 0.118 seconds
[2026-06-07T15:45:29.380+0000] {processor.py:157} INFO - Started process (PID=4183) to work on /home/airflow/.local/lib/python3.8/site-packages/airflow/example_dags/example_python_operator.py
[2026-06-07T15:45:29.381+0000] {processor.py:829} INFO - Processing file /home/airflow/.local/lib/python3.8/site-packages/airflow/example_dags/example_python_operator.py for tasks to queue
[2026-06-07T15:45:29.385+0000] {logging_mixin.py:154} INFO - [2026-06-07T15:45:29.385+0000] {dagbag.py:536} INFO - Filling up the DagBag from /home/airflow/.local/lib/python3.8/site-packages/airflow/example_dags/example_python_operator.py
[2026-06-07T15:45:29.408+0000] {processor.py:839} INFO - DAG(s) dict_keys(['example_python_operator']) retrieved from /home/airflow/.local/lib/python3.8/site-packages/airflow/example_dags/example_python_operator.py
[2026-06-07T15:45:29.445+0000] {logging_mixin.py:154} INFO - [2026-06-07T15:45:29.445+0000] {dag.py:2941} INFO - Sync 1 DAGs
[2026-06-07T15:45:29.466+0000] {logging_mixin.py:154} INFO - [2026-06-07T15:45:29.466+0000] {dag.py:3722} INFO - Setting next_dagrun for example_python_operator to None, run_after=None
[2026-06-07T15:45:29.494+0000] {processor.py:179} INFO - Processing /home/airflow/.local/lib/python3.8/site-packages/airflow/example_dags/example_python_operator.py took 0.119 seconds
[2026-06-07T15:46:00.073+0000] {processor.py:157} INFO - Started process (PID=4236) to work on /home/airflow/.local/lib/python3.8/site-packages/airflow/example_dags/example_python_operator.py
[2026-06-07T15:46:00.091+0000] {processor.py:829} INFO - Processing file /home/airflow/.local/lib/python3.8/site-packages/airflow/example_dags/example_python_operator.py for tasks to queue
[2026-06-07T15:46:00.095+0000] {logging_mixin.py:154} INFO - [2026-06-07T15:46:00.094+0000] {dagbag.py:536} INFO - Filling up the DagBag from /home/airflow/.local/lib/python3.8/site-packages/airflow/example_dags/example_python_operator.py
[2026-06-07T15:46:00.109+0000] {processor.py:839} INFO - DAG(s) dict_keys(['example_python_operator']) retrieved from /home/airflow/.local/lib/python3.8/site-packages/airflow/example_dags/example_python_operator.py
[2026-06-07T15:46:00.136+0000] {logging_mixin.py:154} INFO - [2026-06-07T15:46:00.136+0000] {dag.py:2941} INFO - Sync 1 DAGs
[2026-06-07T15:46:00.150+0000] {logging_mixin.py:154} INFO - [2026-06-07T15:46:00.150+0000] {dag.py:3722} INFO - Setting next_dagrun for example_python_operator to None, run_after=None
[2026-06-07T15:46:00.175+0000] {processor.py:179} INFO - Processing /home/airflow/.local/lib/python3.8/site-packages/airflow/example_dags/example_python_operator.py took 0.107 seconds
[2026-06-07T15:46:30.937+0000] {processor.py:157} INFO - Started process (PID=4290) to work on /home/airflow/.local/lib/python3.8/site-packages/airflow/example_dags/example_python_operator.py
[2026-06-07T15:46:30.938+0000] {processor.py:829} INFO - Processing file /home/airflow/.local/lib/python3.8/site-packages/airflow/example_dags/example_python_operator.py for tasks to queue
[2026-06-07T15:46:30.942+0000] {logging_mixin.py:154} INFO - [2026-06-07T15:46:30.942+0000] {dagbag.py:536} INFO - Filling up the DagBag from /home/airflow/.local/lib/python3.8/site-packages/airflow/example_dags/example_python_operator.py
[2026-06-07T15:46:30.959+0000] {processor.py:839} INFO - DAG(s) dict_keys(['example_python_operator']) retrieved from /home/airflow/.local/lib/python3.8/site-packages/airflow/example_dags/example_python_operator.py
[2026-06-07T15:46:30.996+0000] {logging_mixin.py:154} INFO - [2026-06-07T15:46:30.996+0000] {dag.py:2941} INFO - Sync 1 DAGs
[2026-06-07T15:46:31.017+0000] {logging_mixin.py:154} INFO - [2026-06-07T15:46:31.017+0000] {dag.py:3722} INFO - Setting next_dagrun for example_python_operator to None, run_after=None
[2026-06-07T15:46:31.055+0000] {processor.py:179} INFO - Processing /home/airflow/.local/lib/python3.8/site-packages/airflow/example_dags/example_python_operator.py took 0.124 seconds
[2026-06-07T15:47:01.735+0000] {processor.py:157} INFO - Started process (PID=4344) to work on /home/airflow/.local/lib/python3.8/site-packages/airflow/example_dags/example_python_operator.py
[2026-06-07T15:47:01.737+0000] {processor.py:829} INFO - Processing file /home/airflow/.local/lib/python3.8/site-packages/airflow/example_dags/example_python_operator.py for tasks to queue
[2026-06-07T15:47:01.740+0000] {logging_mixin.py:154} INFO - [2026-06-07T15:47:01.739+0000] {dagbag.py:536} INFO - Filling up the DagBag from /home/airflow/.local/lib/python3.8/site-packages/airflow/example_dags/example_python_operator.py
[2026-06-07T15:47:01.751+0000] {processor.py:839} INFO - DAG(s) dict_keys(['example_python_operator']) retrieved from /home/airflow/.local/lib/python3.8/site-packages/airflow/example_dags/example_python_operator.py
[2026-06-07T15:47:01.777+0000] {logging_mixin.py:154} INFO - [2026-06-07T15:47:01.776+0000] {dag.py:2941} INFO - Sync 1 DAGs
[2026-06-07T15:47:01.791+0000] {logging_mixin.py:154} INFO - [2026-06-07T15:47:01.790+0000] {dag.py:3722} INFO - Setting next_dagrun for example_python_operator to None, run_after=None
[2026-06-07T15:47:01.818+0000] {processor.py:179} INFO - Processing /home/airflow/.local/lib/python3.8/site-packages/airflow/example_dags/example_python_operator.py took 0.089 seconds
[2026-06-07T15:47:31.893+0000] {processor.py:157} INFO - Started process (PID=4399) to work on /home/airflow/.local/lib/python3.8/site-packages/airflow/example_dags/example_python_operator.py
[2026-06-07T15:47:31.894+0000] {processor.py:829} INFO - Processing file /home/airflow/.local/lib/python3.8/site-packages/airflow/example_dags/example_python_operator.py for tasks to queue
[2026-06-07T15:47:31.897+0000] {logging_mixin.py:154} INFO - [2026-06-07T15:47:31.897+0000] {dagbag.py:536} INFO - Filling up the DagBag from /home/airflow/.local/lib/python3.8/site-packages/airflow/example_dags/example_python_operator.py
[2026-06-07T15:47:31.908+0000] {processor.py:839} INFO - DAG(s) dict_keys(['example_python_operator']) retrieved from /home/airflow/.local/lib/python3.8/site-packages/airflow/example_dags/example_python_operator.py
[2026-06-07T15:47:31.937+0000] {logging_mixin.py:154} INFO - [2026-06-07T15:47:31.937+0000] {dag.py:2941} INFO - Sync 1 DAGs
[2026-06-07T15:47:31.957+0000] {logging_mixin.py:154} INFO - [2026-06-07T15:47:31.957+0000] {dag.py:3722} INFO - Setting next_dagrun for example_python_operator to None, run_after=None
[2026-06-07T15:47:31.980+0000] {processor.py:179} INFO - Processing /home/airflow/.local/lib/python3.8/site-packages/airflow/example_dags/example_python_operator.py took 0.090 seconds
[2026-06-07T15:48:02.358+0000] {processor.py:157} INFO - Started process (PID=4453) to work on /home/airflow/.local/lib/python3.8/site-packages/airflow/example_dags/example_python_operator.py
[2026-06-07T15:48:02.360+0000] {processor.py:829} INFO - Processing file /home/airflow/.local/lib/python3.8/site-packages/airflow/example_dags/example_python_operator.py for tasks to queue
[2026-06-07T15:48:02.362+0000] {logging_mixin.py:154} INFO - [2026-06-07T15:48:02.362+0000] {dagbag.py:536} INFO - Filling up the DagBag from /home/airflow/.local/lib/python3.8/site-packages/airflow/example_dags/example_python_operator.py
[2026-06-07T15:48:02.374+0000] {processor.py:839} INFO - DAG(s) dict_keys(['example_python_operator']) retrieved from /home/airflow/.local/lib/python3.8/site-packages/airflow/example_dags/example_python_operator.py
[2026-06-07T15:48:02.399+0000] {logging_mixin.py:154} INFO - [2026-06-07T15:48:02.399+0000] {dag.py:2941} INFO - Sync 1 DAGs
[2026-06-07T15:48:02.414+0000] {logging_mixin.py:154} INFO - [2026-06-07T15:48:02.413+0000] {dag.py:3722} INFO - Setting next_dagrun for example_python_operator to None, run_after=None
[2026-06-07T15:48:02.434+0000] {processor.py:179} INFO - Processing /home/airflow/.local/lib/python3.8/site-packages/airflow/example_dags/example_python_operator.py took 0.081 seconds
[2026-06-07T15:48:32.638+0000] {processor.py:157} INFO - Started process (PID=4508) to work on /home/airflow/.local/lib/python3.8/site-packages/airflow/example_dags/example_python_operator.py
[2026-06-07T15:48:32.639+0000] {processor.py:829} INFO - Processing file /home/airflow/.local/lib/python3.8/site-packages/airflow/example_dags/example_python_operator.py for tasks to queue
[2026-06-07T15:48:32.642+0000] {logging_mixin.py:154} INFO - [2026-06-07T15:48:32.641+0000] {dagbag.py:536} INFO - Filling up the DagBag from /home/airflow/.local/lib/python3.8/site-packages/airflow/example_dags/example_python_operator.py
[2026-06-07T15:48:32.653+0000] {processor.py:839} INFO - DAG(s) dict_keys(['example_python_operator']) retrieved from /home/airflow/.local/lib/python3.8/site-packages/airflow/example_dags/example_python_operator.py
[2026-06-07T15:48:32.679+0000] {logging_mixin.py:154} INFO - [2026-06-07T15:48:32.679+0000] {dag.py:2941} INFO - Sync 1 DAGs
[2026-06-07T15:48:32.694+0000] {logging_mixin.py:154} INFO - [2026-06-07T15:48:32.693+0000] {dag.py:3722} INFO - Setting next_dagrun for example_python_operator to None, run_after=None
[2026-06-07T15:48:32.715+0000] {processor.py:179} INFO - Processing /home/airflow/.local/lib/python3.8/site-packages/airflow/example_dags/example_python_operator.py took 0.082 seconds
[2026-06-07T15:49:02.888+0000] {processor.py:157} INFO - Started process (PID=4562) to work on /home/airflow/.local/lib/python3.8/site-packages/airflow/example_dags/example_python_operator.py
[2026-06-07T15:49:02.890+0000] {processor.py:829} INFO - Processing file /home/airflow/.local/lib/python3.8/site-packages/airflow/example_dags/example_python_operator.py for tasks to queue
[2026-06-07T15:49:02.893+0000] {logging_mixin.py:154} INFO - [2026-06-07T15:49:02.893+0000] {dagbag.py:536} INFO - Filling up the DagBag from /home/airflow/.local/lib/python3.8/site-packages/airflow/example_dags/example_python_operator.py
[2026-06-07T15:49:02.907+0000] {processor.py:839} INFO - DAG(s) dict_keys(['example_python_operator']) retrieved from /home/airflow/.local/lib/python3.8/site-packages/airflow/example_dags/example_python_operator.py
[2026-06-07T15:49:02.944+0000] {logging_mixin.py:154} INFO - [2026-06-07T15:49:02.943+0000] {dag.py:2941} INFO - Sync 1 DAGs
[2026-06-07T15:49:02.962+0000] {logging_mixin.py:154} INFO - [2026-06-07T15:49:02.961+0000] {dag.py:3722} INFO - Setting next_dagrun for example_python_operator to None, run_after=None
[2026-06-07T15:49:03.007+0000] {processor.py:179} INFO - Processing /home/airflow/.local/lib/python3.8/site-packages/airflow/example_dags/example_python_operator.py took 0.123 seconds
[2026-06-07T15:49:33.626+0000] {processor.py:157} INFO - Started process (PID=4616) to work on /home/airflow/.local/lib/python3.8/site-packages/airflow/example_dags/example_python_operator.py
[2026-06-07T15:49:33.627+0000] {processor.py:829} INFO - Processing file /home/airflow/.local/lib/python3.8/site-packages/airflow/example_dags/example_python_operator.py for tasks to queue
[2026-06-07T15:49:33.631+0000] {logging_mixin.py:154} INFO - [2026-06-07T15:49:33.630+0000] {dagbag.py:536} INFO - Filling up the DagBag from /home/airflow/.local/lib/python3.8/site-packages/airflow/example_dags/example_python_operator.py
[2026-06-07T15:49:33.647+0000] {processor.py:839} INFO - DAG(s) dict_keys(['example_python_operator']) retrieved from /home/airflow/.local/lib/python3.8/site-packages/airflow/example_dags/example_python_operator.py
[2026-06-07T15:49:33.686+0000] {logging_mixin.py:154} INFO - [2026-06-07T15:49:33.686+0000] {dag.py:2941} INFO - Sync 1 DAGs
[2026-06-07T15:49:33.700+0000] {logging_mixin.py:154} INFO - [2026-06-07T15:49:33.700+0000] {dag.py:3722} INFO - Setting next_dagrun for example_python_operator to None, run_after=None
[2026-06-07T15:49:33.721+0000] {processor.py:179} INFO - Processing /home/airflow/.local/lib/python3.8/site-packages/airflow/example_dags/example_python_operator.py took 0.100 seconds
[2026-06-07T15:50:04.439+0000] {processor.py:157} INFO - Started process (PID=4670) to work on /home/airflow/.local/lib/python3.8/site-packages/airflow/example_dags/example_python_operator.py
[2026-06-07T15:50:04.449+0000] {processor.py:829} INFO - Processing file /home/airflow/.local/lib/python3.8/site-packages/airflow/example_dags/example_python_operator.py for tasks to queue
[2026-06-07T15:50:04.460+0000] {logging_mixin.py:154} INFO - [2026-06-07T15:50:04.460+0000] {dagbag.py:536} INFO - Filling up the DagBag from /home/airflow/.local/lib/python3.8/site-packages/airflow/example_dags/example_python_operator.py
[2026-06-07T15:50:04.502+0000] {processor.py:839} INFO - DAG(s) dict_keys(['example_python_operator']) retrieved from /home/airflow/.local/lib/python3.8/site-packages/airflow/example_dags/example_python_operator.py
[2026-06-07T15:50:04.561+0000] {logging_mixin.py:154} INFO - [2026-06-07T15:50:04.561+0000] {dag.py:2941} INFO - Sync 1 DAGs
[2026-06-07T15:50:04.594+0000] {logging_mixin.py:154} INFO - [2026-06-07T15:50:04.594+0000] {dag.py:3722} INFO - Setting next_dagrun for example_python_operator to None, run_after=None
[2026-06-07T15:50:04.622+0000] {processor.py:179} INFO - Processing /home/airflow/.local/lib/python3.8/site-packages/airflow/example_dags/example_python_operator.py took 0.188 seconds
[2026-06-07T15:50:37.866+0000] {processor.py:157} INFO - Started process (PID=4724) to work on /home/airflow/.local/lib/python3.8/site-packages/airflow/example_dags/example_python_operator.py
[2026-06-07T15:50:37.891+0000] {processor.py:829} INFO - Processing file /home/airflow/.local/lib/python3.8/site-packages/airflow/example_dags/example_python_operator.py for tasks to queue
[2026-06-07T15:50:37.918+0000] {logging_mixin.py:154} INFO - [2026-06-07T15:50:37.917+0000] {dagbag.py:536} INFO - Filling up the DagBag from /home/airflow/.local/lib/python3.8/site-packages/airflow/example_dags/example_python_operator.py
[2026-06-07T15:50:38.126+0000] {processor.py:839} INFO - DAG(s) dict_keys(['example_python_operator']) retrieved from /home/airflow/.local/lib/python3.8/site-packages/airflow/example_dags/example_python_operator.py
[2026-06-07T15:50:38.550+0000] {logging_mixin.py:154} INFO - [2026-06-07T15:50:38.549+0000] {dag.py:2941} INFO - Sync 1 DAGs
[2026-06-07T15:50:38.763+0000] {logging_mixin.py:154} INFO - [2026-06-07T15:50:38.763+0000] {dag.py:3722} INFO - Setting next_dagrun for example_python_operator to None, run_after=None
[2026-06-07T15:50:39.261+0000] {processor.py:179} INFO - Processing /home/airflow/.local/lib/python3.8/site-packages/airflow/example_dags/example_python_operator.py took 1.568 seconds
[2026-06-07T15:51:09.917+0000] {processor.py:157} INFO - Started process (PID=4778) to work on /home/airflow/.local/lib/python3.8/site-packages/airflow/example_dags/example_python_operator.py
[2026-06-07T15:51:09.923+0000] {processor.py:829} INFO - Processing file /home/airflow/.local/lib/python3.8/site-packages/airflow/example_dags/example_python_operator.py for tasks to queue
[2026-06-07T15:51:09.941+0000] {logging_mixin.py:154} INFO - [2026-06-07T15:51:09.941+0000] {dagbag.py:536} INFO - Filling up the DagBag from /home/airflow/.local/lib/python3.8/site-packages/airflow/example_dags/example_python_operator.py
[2026-06-07T15:51:09.990+0000] {processor.py:839} INFO - DAG(s) dict_keys(['example_python_operator']) retrieved from /home/airflow/.local/lib/python3.8/site-packages/airflow/example_dags/example_python_operator.py
[2026-06-07T15:51:10.052+0000] {logging_mixin.py:154} INFO - [2026-06-07T15:51:10.052+0000] {dag.py:2941} INFO - Sync 1 DAGs
[2026-06-07T15:51:10.114+0000] {logging_mixin.py:154} INFO - [2026-06-07T15:51:10.114+0000] {dag.py:3722} INFO - Setting next_dagrun for example_python_operator to None, run_after=None
[2026-06-07T15:51:10.212+0000] {processor.py:179} INFO - Processing /home/airflow/.local/lib/python3.8/site-packages/airflow/example_dags/example_python_operator.py took 0.301 seconds
[2026-06-07T15:51:40.318+0000] {processor.py:157} INFO - Started process (PID=4833) to work on /home/airflow/.local/lib/python3.8/site-packages/airflow/example_dags/example_python_operator.py
[2026-06-07T15:51:40.320+0000] {processor.py:829} INFO - Processing file /home/airflow/.local/lib/python3.8/site-packages/airflow/example_dags/example_python_operator.py for tasks to queue
[2026-06-07T15:51:40.324+0000] {logging_mixin.py:154} INFO - [2026-06-07T15:51:40.324+0000] {dagbag.py:536} INFO - Filling up the DagBag from /home/airflow/.local/lib/python3.8/site-packages/airflow/example_dags/example_python_operator.py
[2026-06-07T15:51:40.341+0000] {processor.py:839} INFO - DAG(s) dict_keys(['example_python_operator']) retrieved from /home/airflow/.local/lib/python3.8/site-packages/airflow/example_dags/example_python_operator.py
[2026-06-07T15:51:40.379+0000] {logging_mixin.py:154} INFO - [2026-06-07T15:51:40.379+0000] {dag.py:2941} INFO - Sync 1 DAGs
[2026-06-07T15:51:40.399+0000] {logging_mixin.py:154} INFO - [2026-06-07T15:51:40.399+0000] {dag.py:3722} INFO - Setting next_dagrun for example_python_operator to None, run_after=None
[2026-06-07T15:51:40.424+0000] {processor.py:179} INFO - Processing /home/airflow/.local/lib/python3.8/site-packages/airflow/example_dags/example_python_operator.py took 0.116 seconds
[2026-06-07T15:52:10.622+0000] {processor.py:157} INFO - Started process (PID=4886) to work on /home/airflow/.local/lib/python3.8/site-packages/airflow/example_dags/example_python_operator.py
[2026-06-07T15:52:10.628+0000] {processor.py:829} INFO - Processing file /home/airflow/.local/lib/python3.8/site-packages/airflow/example_dags/example_python_operator.py for tasks to queue
[2026-06-07T15:52:10.632+0000] {logging_mixin.py:154} INFO - [2026-06-07T15:52:10.631+0000] {dagbag.py:536} INFO - Filling up the DagBag from /home/airflow/.local/lib/python3.8/site-packages/airflow/example_dags/example_python_operator.py
[2026-06-07T15:52:10.648+0000] {processor.py:839} INFO - DAG(s) dict_keys(['example_python_operator']) retrieved from /home/airflow/.local/lib/python3.8/site-packages/airflow/example_dags/example_python_operator.py
[2026-06-07T15:52:10.701+0000] {logging_mixin.py:154} INFO - [2026-06-07T15:52:10.701+0000] {dag.py:2941} INFO - Sync 1 DAGs
[2026-06-07T15:52:10.728+0000] {logging_mixin.py:154} INFO - [2026-06-07T15:52:10.728+0000] {dag.py:3722} INFO - Setting next_dagrun for example_python_operator to None, run_after=None
[2026-06-07T15:52:10.749+0000] {processor.py:179} INFO - Processing /home/airflow/.local/lib/python3.8/site-packages/airflow/example_dags/example_python_operator.py took 0.133 seconds
[2026-06-07T15:52:40.834+0000] {processor.py:157} INFO - Started process (PID=4940) to work on /home/airflow/.local/lib/python3.8/site-packages/airflow/example_dags/example_python_operator.py
[2026-06-07T15:52:40.840+0000] {processor.py:829} INFO - Processing file /home/airflow/.local/lib/python3.8/site-packages/airflow/example_dags/example_python_operator.py for tasks to queue
[2026-06-07T15:52:40.844+0000] {logging_mixin.py:154} INFO - [2026-06-07T15:52:40.843+0000] {dagbag.py:536} INFO - Filling up the DagBag from /home/airflow/.local/lib/python3.8/site-packages/airflow/example_dags/example_python_operator.py
[2026-06-07T15:52:40.868+0000] {processor.py:839} INFO - DAG(s) dict_keys(['example_python_operator']) retrieved from /home/airflow/.local/lib/python3.8/site-packages/airflow/example_dags/example_python_operator.py
[2026-06-07T15:52:40.907+0000] {logging_mixin.py:154} INFO - [2026-06-07T15:52:40.903+0000] {dag.py:2941} INFO - Sync 1 DAGs
[2026-06-07T15:52:40.926+0000] {logging_mixin.py:154} INFO - [2026-06-07T15:52:40.926+0000] {dag.py:3722} INFO - Setting next_dagrun for example_python_operator to None, run_after=None
[2026-06-07T15:52:40.951+0000] {processor.py:179} INFO - Processing /home/airflow/.local/lib/python3.8/site-packages/airflow/example_dags/example_python_operator.py took 0.123 seconds
[2026-06-07T15:53:11.291+0000] {processor.py:157} INFO - Started process (PID=4994) to work on /home/airflow/.local/lib/python3.8/site-packages/airflow/example_dags/example_python_operator.py
[2026-06-07T15:53:11.299+0000] {processor.py:829} INFO - Processing file /home/airflow/.local/lib/python3.8/site-packages/airflow/example_dags/example_python_operator.py for tasks to queue
[2026-06-07T15:53:11.311+0000] {logging_mixin.py:154} INFO - [2026-06-07T15:53:11.310+0000] {dagbag.py:536} INFO - Filling up the DagBag from /home/airflow/.local/lib/python3.8/site-packages/airflow/example_dags/example_python_operator.py
[2026-06-07T15:53:11.341+0000] {processor.py:839} INFO - DAG(s) dict_keys(['example_python_operator']) retrieved from /home/airflow/.local/lib/python3.8/site-packages/airflow/example_dags/example_python_operator.py
[2026-06-07T15:53:11.455+0000] {logging_mixin.py:154} INFO - [2026-06-07T15:53:11.454+0000] {dag.py:2941} INFO - Sync 1 DAGs
[2026-06-07T15:53:11.487+0000] {logging_mixin.py:154} INFO - [2026-06-07T15:53:11.487+0000] {dag.py:3722} INFO - Setting next_dagrun for example_python_operator to None, run_after=None
[2026-06-07T15:53:11.564+0000] {processor.py:179} INFO - Processing /home/airflow/.local/lib/python3.8/site-packages/airflow/example_dags/example_python_operator.py took 0.282 seconds
[2026-06-07T15:53:41.993+0000] {processor.py:157} INFO - Started process (PID=5045) to work on /home/airflow/.local/lib/python3.8/site-packages/airflow/example_dags/example_python_operator.py
[2026-06-07T15:53:41.995+0000] {processor.py:829} INFO - Processing file /home/airflow/.local/lib/python3.8/site-packages/airflow/example_dags/example_python_operator.py for tasks to queue
[2026-06-07T15:53:42.000+0000] {logging_mixin.py:154} INFO - [2026-06-07T15:53:42.000+0000] {dagbag.py:536} INFO - Filling up the DagBag from /home/airflow/.local/lib/python3.8/site-packages/airflow/example_dags/example_python_operator.py
[2026-06-07T15:53:42.017+0000] {processor.py:839} INFO - DAG(s) dict_keys(['example_python_operator']) retrieved from /home/airflow/.local/lib/python3.8/site-packages/airflow/example_dags/example_python_operator.py
[2026-06-07T15:53:42.053+0000] {logging_mixin.py:154} INFO - [2026-06-07T15:53:42.053+0000] {dag.py:2941} INFO - Sync 1 DAGs
[2026-06-07T15:53:42.074+0000] {logging_mixin.py:154} INFO - [2026-06-07T15:53:42.074+0000] {dag.py:3722} INFO - Setting next_dagrun for example_python_operator to None, run_after=None
[2026-06-07T15:53:42.102+0000] {processor.py:179} INFO - Processing /home/airflow/.local/lib/python3.8/site-packages/airflow/example_dags/example_python_operator.py took 0.114 seconds
[2026-06-07T15:54:12.793+0000] {processor.py:157} INFO - Started process (PID=5098) to work on /home/airflow/.local/lib/python3.8/site-packages/airflow/example_dags/example_python_operator.py
[2026-06-07T15:54:12.801+0000] {processor.py:829} INFO - Processing file /home/airflow/.local/lib/python3.8/site-packages/airflow/example_dags/example_python_operator.py for tasks to queue
[2026-06-07T15:54:12.804+0000] {logging_mixin.py:154} INFO - [2026-06-07T15:54:12.804+0000] {dagbag.py:536} INFO - Filling up the DagBag from /home/airflow/.local/lib/python3.8/site-packages/airflow/example_dags/example_python_operator.py
[2026-06-07T15:54:12.841+0000] {processor.py:839} INFO - DAG(s) dict_keys(['example_python_operator']) retrieved from /home/airflow/.local/lib/python3.8/site-packages/airflow/example_dags/example_python_operator.py
[2026-06-07T15:54:12.915+0000] {logging_mixin.py:154} INFO - [2026-06-07T15:54:12.915+0000] {dag.py:2941} INFO - Sync 1 DAGs
[2026-06-07T15:54:12.955+0000] {logging_mixin.py:154} INFO - [2026-06-07T15:54:12.955+0000] {dag.py:3722} INFO - Setting next_dagrun for example_python_operator to None, run_after=None
[2026-06-07T15:54:13.057+0000] {processor.py:179} INFO - Processing /home/airflow/.local/lib/python3.8/site-packages/airflow/example_dags/example_python_operator.py took 0.275 seconds
[2026-06-07T15:54:43.996+0000] {processor.py:157} INFO - Started process (PID=5152) to work on /home/airflow/.local/lib/python3.8/site-packages/airflow/example_dags/example_python_operator.py
[2026-06-07T15:54:44.009+0000] {processor.py:829} INFO - Processing file /home/airflow/.local/lib/python3.8/site-packages/airflow/example_dags/example_python_operator.py for tasks to queue
[2026-06-07T15:54:44.012+0000] {logging_mixin.py:154} INFO - [2026-06-07T15:54:44.012+0000] {dagbag.py:536} INFO - Filling up the DagBag from /home/airflow/.local/lib/python3.8/site-packages/airflow/example_dags/example_python_operator.py
[2026-06-07T15:54:44.073+0000] {processor.py:839} INFO - DAG(s) dict_keys(['example_python_operator']) retrieved from /home/airflow/.local/lib/python3.8/site-packages/airflow/example_dags/example_python_operator.py
[2026-06-07T15:54:44.116+0000] {logging_mixin.py:154} INFO - [2026-06-07T15:54:44.116+0000] {dag.py:2941} INFO - Sync 1 DAGs
[2026-06-07T15:54:44.136+0000] {logging_mixin.py:154} INFO - [2026-06-07T15:54:44.136+0000] {dag.py:3722} INFO - Setting next_dagrun for example_python_operator to None, run_after=None
[2026-06-07T15:54:44.170+0000] {processor.py:179} INFO - Processing /home/airflow/.local/lib/python3.8/site-packages/airflow/example_dags/example_python_operator.py took 0.179 seconds
[2026-06-07T15:55:14.846+0000] {processor.py:157} INFO - Started process (PID=5206) to work on /home/airflow/.local/lib/python3.8/site-packages/airflow/example_dags/example_python_operator.py
[2026-06-07T15:55:14.847+0000] {processor.py:829} INFO - Processing file /home/airflow/.local/lib/python3.8/site-packages/airflow/example_dags/example_python_operator.py for tasks to queue
[2026-06-07T15:55:14.859+0000] {logging_mixin.py:154} INFO - [2026-06-07T15:55:14.858+0000] {dagbag.py:536} INFO - Filling up the DagBag from /home/airflow/.local/lib/python3.8/site-packages/airflow/example_dags/example_python_operator.py
[2026-06-07T15:55:14.887+0000] {processor.py:839} INFO - DAG(s) dict_keys(['example_python_operator']) retrieved from /home/airflow/.local/lib/python3.8/site-packages/airflow/example_dags/example_python_operator.py
[2026-06-07T15:55:14.935+0000] {logging_mixin.py:154} INFO - [2026-06-07T15:55:14.935+0000] {dag.py:2941} INFO - Sync 1 DAGs
[2026-06-07T15:55:14.954+0000] {logging_mixin.py:154} INFO - [2026-06-07T15:55:14.954+0000] {dag.py:3722} INFO - Setting next_dagrun for example_python_operator to None, run_after=None
[2026-06-07T15:55:14.996+0000] {processor.py:179} INFO - Processing /home/airflow/.local/lib/python3.8/site-packages/airflow/example_dags/example_python_operator.py took 0.172 seconds
[2026-06-07T15:55:45.856+0000] {processor.py:157} INFO - Started process (PID=5260) to work on /home/airflow/.local/lib/python3.8/site-packages/airflow/example_dags/example_python_operator.py
[2026-06-07T15:55:45.866+0000] {processor.py:829} INFO - Processing file /home/airflow/.local/lib/python3.8/site-packages/airflow/example_dags/example_python_operator.py for tasks to queue
[2026-06-07T15:55:45.878+0000] {logging_mixin.py:154} INFO - [2026-06-07T15:55:45.877+0000] {dagbag.py:536} INFO - Filling up the DagBag from /home/airflow/.local/lib/python3.8/site-packages/airflow/example_dags/example_python_operator.py
[2026-06-07T15:55:45.981+0000] {processor.py:839} INFO - DAG(s) dict_keys(['example_python_operator']) retrieved from /home/airflow/.local/lib/python3.8/site-packages/airflow/example_dags/example_python_operator.py
[2026-06-07T15:55:46.066+0000] {logging_mixin.py:154} INFO - [2026-06-07T15:55:46.066+0000] {dag.py:2941} INFO - Sync 1 DAGs
[2026-06-07T15:55:46.120+0000] {logging_mixin.py:154} INFO - [2026-06-07T15:55:46.119+0000] {dag.py:3722} INFO - Setting next_dagrun for example_python_operator to None, run_after=None
[2026-06-07T15:55:46.180+0000] {processor.py:179} INFO - Processing /home/airflow/.local/lib/python3.8/site-packages/airflow/example_dags/example_python_operator.py took 0.329 seconds
[2026-06-07T15:56:16.313+0000] {processor.py:157} INFO - Started process (PID=5313) to work on /home/airflow/.local/lib/python3.8/site-packages/airflow/example_dags/example_python_operator.py
[2026-06-07T15:56:16.314+0000] {processor.py:829} INFO - Processing file /home/airflow/.local/lib/python3.8/site-packages/airflow/example_dags/example_python_operator.py for tasks to queue
[2026-06-07T15:56:16.318+0000] {logging_mixin.py:154} INFO - [2026-06-07T15:56:16.318+0000] {dagbag.py:536} INFO - Filling up the DagBag from /home/airflow/.local/lib/python3.8/site-packages/airflow/example_dags/example_python_operator.py
[2026-06-07T15:56:16.347+0000] {processor.py:839} INFO - DAG(s) dict_keys(['example_python_operator']) retrieved from /home/airflow/.local/lib/python3.8/site-packages/airflow/example_dags/example_python_operator.py
[2026-06-07T15:56:16.384+0000] {logging_mixin.py:154} INFO - [2026-06-07T15:56:16.384+0000] {dag.py:2941} INFO - Sync 1 DAGs
[2026-06-07T15:56:16.404+0000] {logging_mixin.py:154} INFO - [2026-06-07T15:56:16.403+0000] {dag.py:3722} INFO - Setting next_dagrun for example_python_operator to None, run_after=None
[2026-06-07T15:56:16.430+0000] {processor.py:179} INFO - Processing /home/airflow/.local/lib/python3.8/site-packages/airflow/example_dags/example_python_operator.py took 0.122 seconds
[2026-06-07T15:56:46.852+0000] {processor.py:157} INFO - Started process (PID=5366) to work on /home/airflow/.local/lib/python3.8/site-packages/airflow/example_dags/example_python_operator.py
[2026-06-07T15:56:46.862+0000] {processor.py:829} INFO - Processing file /home/airflow/.local/lib/python3.8/site-packages/airflow/example_dags/example_python_operator.py for tasks to queue
[2026-06-07T15:56:46.865+0000] {logging_mixin.py:154} INFO - [2026-06-07T15:56:46.865+0000] {dagbag.py:536} INFO - Filling up the DagBag from /home/airflow/.local/lib/python3.8/site-packages/airflow/example_dags/example_python_operator.py
[2026-06-07T15:56:46.905+0000] {processor.py:839} INFO - DAG(s) dict_keys(['example_python_operator']) retrieved from /home/airflow/.local/lib/python3.8/site-packages/airflow/example_dags/example_python_operator.py
[2026-06-07T15:56:47.001+0000] {logging_mixin.py:154} INFO - [2026-06-07T15:56:47.000+0000] {dag.py:2941} INFO - Sync 1 DAGs
[2026-06-07T15:56:47.044+0000] {logging_mixin.py:154} INFO - [2026-06-07T15:56:47.044+0000] {dag.py:3722} INFO - Setting next_dagrun for example_python_operator to None, run_after=None
[2026-06-07T15:56:47.161+0000] {processor.py:179} INFO - Processing /home/airflow/.local/lib/python3.8/site-packages/airflow/example_dags/example_python_operator.py took 0.324 seconds
[2026-06-07T15:57:18.085+0000] {processor.py:157} INFO - Started process (PID=5420) to work on /home/airflow/.local/lib/python3.8/site-packages/airflow/example_dags/example_python_operator.py
[2026-06-07T15:57:18.089+0000] {processor.py:829} INFO - Processing file /home/airflow/.local/lib/python3.8/site-packages/airflow/example_dags/example_python_operator.py for tasks to queue
[2026-06-07T15:57:18.114+0000] {logging_mixin.py:154} INFO - [2026-06-07T15:57:18.113+0000] {dagbag.py:536} INFO - Filling up the DagBag from /home/airflow/.local/lib/python3.8/site-packages/airflow/example_dags/example_python_operator.py
[2026-06-07T15:57:18.182+0000] {processor.py:839} INFO - DAG(s) dict_keys(['example_python_operator']) retrieved from /home/airflow/.local/lib/python3.8/site-packages/airflow/example_dags/example_python_operator.py
[2026-06-07T15:57:18.292+0000] {logging_mixin.py:154} INFO - [2026-06-07T15:57:18.292+0000] {dag.py:2941} INFO - Sync 1 DAGs
[2026-06-07T15:57:18.347+0000] {logging_mixin.py:154} INFO - [2026-06-07T15:57:18.347+0000] {dag.py:3722} INFO - Setting next_dagrun for example_python_operator to None, run_after=None
[2026-06-07T15:57:18.422+0000] {processor.py:179} INFO - Processing /home/airflow/.local/lib/python3.8/site-packages/airflow/example_dags/example_python_operator.py took 0.362 seconds
[2026-06-07T15:57:48.737+0000] {processor.py:157} INFO - Started process (PID=5474) to work on /home/airflow/.local/lib/python3.8/site-packages/airflow/example_dags/example_python_operator.py
[2026-06-07T15:57:48.739+0000] {processor.py:829} INFO - Processing file /home/airflow/.local/lib/python3.8/site-packages/airflow/example_dags/example_python_operator.py for tasks to queue
[2026-06-07T15:57:48.744+0000] {logging_mixin.py:154} INFO - [2026-06-07T15:57:48.743+0000] {dagbag.py:536} INFO - Filling up the DagBag from /home/airflow/.local/lib/python3.8/site-packages/airflow/example_dags/example_python_operator.py
[2026-06-07T15:57:48.760+0000] {processor.py:839} INFO - DAG(s) dict_keys(['example_python_operator']) retrieved from /home/airflow/.local/lib/python3.8/site-packages/airflow/example_dags/example_python_operator.py
[2026-06-07T15:57:48.803+0000] {logging_mixin.py:154} INFO - [2026-06-07T15:57:48.803+0000] {dag.py:2941} INFO - Sync 1 DAGs
[2026-06-07T15:57:48.823+0000] {logging_mixin.py:154} INFO - [2026-06-07T15:57:48.823+0000] {dag.py:3722} INFO - Setting next_dagrun for example_python_operator to None, run_after=None
[2026-06-07T15:57:48.863+0000] {processor.py:179} INFO - Processing /home/airflow/.local/lib/python3.8/site-packages/airflow/example_dags/example_python_operator.py took 0.132 seconds
[2026-06-07T15:58:19.472+0000] {processor.py:157} INFO - Started process (PID=5528) to work on /home/airflow/.local/lib/python3.8/site-packages/airflow/example_dags/example_python_operator.py
[2026-06-07T15:58:19.473+0000] {processor.py:829} INFO - Processing file /home/airflow/.local/lib/python3.8/site-packages/airflow/example_dags/example_python_operator.py for tasks to queue
[2026-06-07T15:58:19.477+0000] {logging_mixin.py:154} INFO - [2026-06-07T15:58:19.477+0000] {dagbag.py:536} INFO - Filling up the DagBag from /home/airflow/.local/lib/python3.8/site-packages/airflow/example_dags/example_python_operator.py
[2026-06-07T15:58:19.501+0000] {processor.py:839} INFO - DAG(s) dict_keys(['example_python_operator']) retrieved from /home/airflow/.local/lib/python3.8/site-packages/airflow/example_dags/example_python_operator.py
[2026-06-07T15:58:19.536+0000] {logging_mixin.py:154} INFO - [2026-06-07T15:58:19.536+0000] {dag.py:2941} INFO - Sync 1 DAGs
[2026-06-07T15:58:19.556+0000] {logging_mixin.py:154} INFO - [2026-06-07T15:58:19.556+0000] {dag.py:3722} INFO - Setting next_dagrun for example_python_operator to None, run_after=None
[2026-06-07T15:58:19.580+0000] {processor.py:179} INFO - Processing /home/airflow/.local/lib/python3.8/site-packages/airflow/example_dags/example_python_operator.py took 0.114 seconds
[2026-06-07T15:58:49.951+0000] {processor.py:157} INFO - Started process (PID=5581) to work on /home/airflow/.local/lib/python3.8/site-packages/airflow/example_dags/example_python_operator.py
[2026-06-07T15:58:49.953+0000] {processor.py:829} INFO - Processing file /home/airflow/.local/lib/python3.8/site-packages/airflow/example_dags/example_python_operator.py for tasks to queue
[2026-06-07T15:58:49.964+0000] {logging_mixin.py:154} INFO - [2026-06-07T15:58:49.963+0000] {dagbag.py:536} INFO - Filling up the DagBag from /home/airflow/.local/lib/python3.8/site-packages/airflow/example_dags/example_python_operator.py
[2026-06-07T15:58:50.017+0000] {processor.py:839} INFO - DAG(s) dict_keys(['example_python_operator']) retrieved from /home/airflow/.local/lib/python3.8/site-packages/airflow/example_dags/example_python_operator.py
[2026-06-07T15:58:50.129+0000] {logging_mixin.py:154} INFO - [2026-06-07T15:58:50.129+0000] {dag.py:2941} INFO - Sync 1 DAGs
[2026-06-07T15:58:50.187+0000] {logging_mixin.py:154} INFO - [2026-06-07T15:58:50.187+0000] {dag.py:3722} INFO - Setting next_dagrun for example_python_operator to None, run_after=None
[2026-06-07T15:58:50.233+0000] {processor.py:179} INFO - Processing /home/airflow/.local/lib/python3.8/site-packages/airflow/example_dags/example_python_operator.py took 0.316 seconds
[2026-06-07T15:59:21.148+0000] {processor.py:157} INFO - Started process (PID=5634) to work on /home/airflow/.local/lib/python3.8/site-packages/airflow/example_dags/example_python_operator.py
[2026-06-07T15:59:21.150+0000] {processor.py:829} INFO - Processing file /home/airflow/.local/lib/python3.8/site-packages/airflow/example_dags/example_python_operator.py for tasks to queue
[2026-06-07T15:59:21.154+0000] {logging_mixin.py:154} INFO - [2026-06-07T15:59:21.153+0000] {dagbag.py:536} INFO - Filling up the DagBag from /home/airflow/.local/lib/python3.8/site-packages/airflow/example_dags/example_python_operator.py
[2026-06-07T15:59:21.188+0000] {processor.py:839} INFO - DAG(s) dict_keys(['example_python_operator']) retrieved from /home/airflow/.local/lib/python3.8/site-packages/airflow/example_dags/example_python_operator.py
[2026-06-07T15:59:21.239+0000] {logging_mixin.py:154} INFO - [2026-06-07T15:59:21.239+0000] {dag.py:2941} INFO - Sync 1 DAGs
[2026-06-07T15:59:21.264+0000] {logging_mixin.py:154} INFO - [2026-06-07T15:59:21.263+0000] {dag.py:3722} INFO - Setting next_dagrun for example_python_operator to None, run_after=None
[2026-06-07T15:59:21.290+0000] {processor.py:179} INFO - Processing /home/airflow/.local/lib/python3.8/site-packages/airflow/example_dags/example_python_operator.py took 0.151 seconds
[2026-06-07T15:59:51.733+0000] {processor.py:157} INFO - Started process (PID=5688) to work on /home/airflow/.local/lib/python3.8/site-packages/airflow/example_dags/example_python_operator.py
[2026-06-07T15:59:51.734+0000] {processor.py:829} INFO - Processing file /home/airflow/.local/lib/python3.8/site-packages/airflow/example_dags/example_python_operator.py for tasks to queue
[2026-06-07T15:59:51.737+0000] {logging_mixin.py:154} INFO - [2026-06-07T15:59:51.737+0000] {dagbag.py:536} INFO - Filling up the DagBag from /home/airflow/.local/lib/python3.8/site-packages/airflow/example_dags/example_python_operator.py
[2026-06-07T15:59:51.753+0000] {processor.py:839} INFO - DAG(s) dict_keys(['example_python_operator']) retrieved from /home/airflow/.local/lib/python3.8/site-packages/airflow/example_dags/example_python_operator.py
[2026-06-07T15:59:51.778+0000] {logging_mixin.py:154} INFO - [2026-06-07T15:59:51.778+0000] {dag.py:2941} INFO - Sync 1 DAGs
[2026-06-07T15:59:51.792+0000] {logging_mixin.py:154} INFO - [2026-06-07T15:59:51.792+0000] {dag.py:3722} INFO - Setting next_dagrun for example_python_operator to None, run_after=None
[2026-06-07T15:59:51.814+0000] {processor.py:179} INFO - Processing /home/airflow/.local/lib/python3.8/site-packages/airflow/example_dags/example_python_operator.py took 0.085 seconds
[2026-06-07T16:00:22.577+0000] {processor.py:157} INFO - Started process (PID=5742) to work on /home/airflow/.local/lib/python3.8/site-packages/airflow/example_dags/example_python_operator.py
[2026-06-07T16:00:22.579+0000] {processor.py:829} INFO - Processing file /home/airflow/.local/lib/python3.8/site-packages/airflow/example_dags/example_python_operator.py for tasks to queue
[2026-06-07T16:00:22.586+0000] {logging_mixin.py:154} INFO - [2026-06-07T16:00:22.586+0000] {dagbag.py:536} INFO - Filling up the DagBag from /home/airflow/.local/lib/python3.8/site-packages/airflow/example_dags/example_python_operator.py
[2026-06-07T16:00:22.604+0000] {processor.py:839} INFO - DAG(s) dict_keys(['example_python_operator']) retrieved from /home/airflow/.local/lib/python3.8/site-packages/airflow/example_dags/example_python_operator.py
[2026-06-07T16:00:22.643+0000] {logging_mixin.py:154} INFO - [2026-06-07T16:00:22.643+0000] {dag.py:2941} INFO - Sync 1 DAGs
[2026-06-07T16:00:22.662+0000] {logging_mixin.py:154} INFO - [2026-06-07T16:00:22.662+0000] {dag.py:3722} INFO - Setting next_dagrun for example_python_operator to None, run_after=None
[2026-06-07T16:00:22.690+0000] {processor.py:179} INFO - Processing /home/airflow/.local/lib/python3.8/site-packages/airflow/example_dags/example_python_operator.py took 0.118 seconds
[2026-06-07T16:00:53.032+0000] {processor.py:157} INFO - Started process (PID=5796) to work on /home/airflow/.local/lib/python3.8/site-packages/airflow/example_dags/example_python_operator.py
[2026-06-07T16:00:53.033+0000] {processor.py:829} INFO - Processing file /home/airflow/.local/lib/python3.8/site-packages/airflow/example_dags/example_python_operator.py for tasks to queue
[2026-06-07T16:00:53.036+0000] {logging_mixin.py:154} INFO - [2026-06-07T16:00:53.035+0000] {dagbag.py:536} INFO - Filling up the DagBag from /home/airflow/.local/lib/python3.8/site-packages/airflow/example_dags/example_python_operator.py
[2026-06-07T16:00:53.047+0000] {processor.py:839} INFO - DAG(s) dict_keys(['example_python_operator']) retrieved from /home/airflow/.local/lib/python3.8/site-packages/airflow/example_dags/example_python_operator.py
[2026-06-07T16:00:53.091+0000] {logging_mixin.py:154} INFO - [2026-06-07T16:00:53.090+0000] {dag.py:2941} INFO - Sync 1 DAGs
[2026-06-07T16:00:53.109+0000] {logging_mixin.py:154} INFO - [2026-06-07T16:00:53.109+0000] {dag.py:3722} INFO - Setting next_dagrun for example_python_operator to None, run_after=None
[2026-06-07T16:00:53.134+0000] {processor.py:179} INFO - Processing /home/airflow/.local/lib/python3.8/site-packages/airflow/example_dags/example_python_operator.py took 0.106 seconds
[2026-06-07T16:01:23.866+0000] {processor.py:157} INFO - Started process (PID=5849) to work on /home/airflow/.local/lib/python3.8/site-packages/airflow/example_dags/example_python_operator.py
[2026-06-07T16:01:23.875+0000] {processor.py:829} INFO - Processing file /home/airflow/.local/lib/python3.8/site-packages/airflow/example_dags/example_python_operator.py for tasks to queue
[2026-06-07T16:01:23.879+0000] {logging_mixin.py:154} INFO - [2026-06-07T16:01:23.878+0000] {dagbag.py:536} INFO - Filling up the DagBag from /home/airflow/.local/lib/python3.8/site-packages/airflow/example_dags/example_python_operator.py
[2026-06-07T16:01:23.914+0000] {processor.py:839} INFO - DAG(s) dict_keys(['example_python_operator']) retrieved from /home/airflow/.local/lib/python3.8/site-packages/airflow/example_dags/example_python_operator.py
[2026-06-07T16:01:23.959+0000] {logging_mixin.py:154} INFO - [2026-06-07T16:01:23.959+0000] {dag.py:2941} INFO - Sync 1 DAGs
[2026-06-07T16:01:23.979+0000] {logging_mixin.py:154} INFO - [2026-06-07T16:01:23.979+0000] {dag.py:3722} INFO - Setting next_dagrun for example_python_operator to None, run_after=None
[2026-06-07T16:01:24.024+0000] {processor.py:179} INFO - Processing /home/airflow/.local/lib/python3.8/site-packages/airflow/example_dags/example_python_operator.py took 0.171 seconds
[2026-06-07T16:01:54.416+0000] {processor.py:157} INFO - Started process (PID=5903) to work on /home/airflow/.local/lib/python3.8/site-packages/airflow/example_dags/example_python_operator.py
[2026-06-07T16:01:54.418+0000] {processor.py:829} INFO - Processing file /home/airflow/.local/lib/python3.8/site-packages/airflow/example_dags/example_python_operator.py for tasks to queue
[2026-06-07T16:01:54.422+0000] {logging_mixin.py:154} INFO - [2026-06-07T16:01:54.421+0000] {dagbag.py:536} INFO - Filling up the DagBag from /home/airflow/.local/lib/python3.8/site-packages/airflow/example_dags/example_python_operator.py
[2026-06-07T16:01:54.434+0000] {processor.py:839} INFO - DAG(s) dict_keys(['example_python_operator']) retrieved from /home/airflow/.local/lib/python3.8/site-packages/airflow/example_dags/example_python_operator.py
[2026-06-07T16:01:54.460+0000] {logging_mixin.py:154} INFO - [2026-06-07T16:01:54.460+0000] {dag.py:2941} INFO - Sync 1 DAGs
[2026-06-07T16:01:54.475+0000] {logging_mixin.py:154} INFO - [2026-06-07T16:01:54.474+0000] {dag.py:3722} INFO - Setting next_dagrun for example_python_operator to None, run_after=None
[2026-06-07T16:01:54.496+0000] {processor.py:179} INFO - Processing /home/airflow/.local/lib/python3.8/site-packages/airflow/example_dags/example_python_operator.py took 0.085 seconds
[2026-06-07T16:02:26.239+0000] {processor.py:157} INFO - Started process (PID=5964) to work on /home/airflow/.local/lib/python3.8/site-packages/airflow/example_dags/example_python_operator.py
[2026-06-07T16:02:26.253+0000] {processor.py:829} INFO - Processing file /home/airflow/.local/lib/python3.8/site-packages/airflow/example_dags/example_python_operator.py for tasks to queue
[2026-06-07T16:02:26.270+0000] {logging_mixin.py:154} INFO - [2026-06-07T16:02:26.269+0000] {dagbag.py:536} INFO - Filling up the DagBag from /home/airflow/.local/lib/python3.8/site-packages/airflow/example_dags/example_python_operator.py
[2026-06-07T16:02:26.311+0000] {processor.py:839} INFO - DAG(s) dict_keys(['example_python_operator']) retrieved from /home/airflow/.local/lib/python3.8/site-packages/airflow/example_dags/example_python_operator.py
[2026-06-07T16:02:26.470+0000] {logging_mixin.py:154} INFO - [2026-06-07T16:02:26.470+0000] {dag.py:2941} INFO - Sync 1 DAGs
[2026-06-07T16:02:26.572+0000] {logging_mixin.py:154} INFO - [2026-06-07T16:02:26.571+0000] {dag.py:3722} INFO - Setting next_dagrun for example_python_operator to None, run_after=None
[2026-06-07T16:02:26.690+0000] {processor.py:179} INFO - Processing /home/airflow/.local/lib/python3.8/site-packages/airflow/example_dags/example_python_operator.py took 0.464 seconds
[2026-06-07T16:02:56.879+0000] {processor.py:157} INFO - Started process (PID=6018) to work on /home/airflow/.local/lib/python3.8/site-packages/airflow/example_dags/example_python_operator.py
[2026-06-07T16:02:56.880+0000] {processor.py:829} INFO - Processing file /home/airflow/.local/lib/python3.8/site-packages/airflow/example_dags/example_python_operator.py for tasks to queue
[2026-06-07T16:02:56.897+0000] {logging_mixin.py:154} INFO - [2026-06-07T16:02:56.897+0000] {dagbag.py:536} INFO - Filling up the DagBag from /home/airflow/.local/lib/python3.8/site-packages/airflow/example_dags/example_python_operator.py
[2026-06-07T16:02:56.933+0000] {processor.py:839} INFO - DAG(s) dict_keys(['example_python_operator']) retrieved from /home/airflow/.local/lib/python3.8/site-packages/airflow/example_dags/example_python_operator.py
[2026-06-07T16:02:57.008+0000] {logging_mixin.py:154} INFO - [2026-06-07T16:02:57.008+0000] {dag.py:2941} INFO - Sync 1 DAGs
[2026-06-07T16:02:57.030+0000] {logging_mixin.py:154} INFO - [2026-06-07T16:02:57.030+0000] {dag.py:3722} INFO - Setting next_dagrun for example_python_operator to None, run_after=None
[2026-06-07T16:02:57.050+0000] {processor.py:179} INFO - Processing /home/airflow/.local/lib/python3.8/site-packages/airflow/example_dags/example_python_operator.py took 0.177 seconds
[2026-06-07T16:03:27.357+0000] {processor.py:157} INFO - Started process (PID=6072) to work on /home/airflow/.local/lib/python3.8/site-packages/airflow/example_dags/example_python_operator.py
[2026-06-07T16:03:27.359+0000] {processor.py:829} INFO - Processing file /home/airflow/.local/lib/python3.8/site-packages/airflow/example_dags/example_python_operator.py for tasks to queue
[2026-06-07T16:03:27.362+0000] {logging_mixin.py:154} INFO - [2026-06-07T16:03:27.362+0000] {dagbag.py:536} INFO - Filling up the DagBag from /home/airflow/.local/lib/python3.8/site-packages/airflow/example_dags/example_python_operator.py
[2026-06-07T16:03:27.379+0000] {processor.py:839} INFO - DAG(s) dict_keys(['example_python_operator']) retrieved from /home/airflow/.local/lib/python3.8/site-packages/airflow/example_dags/example_python_operator.py
[2026-06-07T16:03:27.415+0000] {logging_mixin.py:154} INFO - [2026-06-07T16:03:27.415+0000] {dag.py:2941} INFO - Sync 1 DAGs
[2026-06-07T16:03:27.435+0000] {logging_mixin.py:154} INFO - [2026-06-07T16:03:27.435+0000] {dag.py:3722} INFO - Setting next_dagrun for example_python_operator to None, run_after=None
[2026-06-07T16:03:27.493+0000] {processor.py:179} INFO - Processing /home/airflow/.local/lib/python3.8/site-packages/airflow/example_dags/example_python_operator.py took 0.142 seconds
[2026-06-07T16:03:57.938+0000] {processor.py:157} INFO - Started process (PID=6127) to work on /home/airflow/.local/lib/python3.8/site-packages/airflow/example_dags/example_python_operator.py
[2026-06-07T16:03:57.939+0000] {processor.py:829} INFO - Processing file /home/airflow/.local/lib/python3.8/site-packages/airflow/example_dags/example_python_operator.py for tasks to queue
[2026-06-07T16:03:57.960+0000] {logging_mixin.py:154} INFO - [2026-06-07T16:03:57.960+0000] {dagbag.py:536} INFO - Filling up the DagBag from /home/airflow/.local/lib/python3.8/site-packages/airflow/example_dags/example_python_operator.py
[2026-06-07T16:03:58.016+0000] {processor.py:839} INFO - DAG(s) dict_keys(['example_python_operator']) retrieved from /home/airflow/.local/lib/python3.8/site-packages/airflow/example_dags/example_python_operator.py
[2026-06-07T16:03:58.069+0000] {logging_mixin.py:154} INFO - [2026-06-07T16:03:58.068+0000] {dag.py:2941} INFO - Sync 1 DAGs
[2026-06-07T16:03:58.088+0000] {logging_mixin.py:154} INFO - [2026-06-07T16:03:58.088+0000] {dag.py:3722} INFO - Setting next_dagrun for example_python_operator to None, run_after=None
[2026-06-07T16:03:58.114+0000] {processor.py:179} INFO - Processing /home/airflow/.local/lib/python3.8/site-packages/airflow/example_dags/example_python_operator.py took 0.183 seconds
[2026-06-07T16:04:28.909+0000] {processor.py:157} INFO - Started process (PID=6180) to work on /home/airflow/.local/lib/python3.8/site-packages/airflow/example_dags/example_python_operator.py
[2026-06-07T16:04:28.911+0000] {processor.py:829} INFO - Processing file /home/airflow/.local/lib/python3.8/site-packages/airflow/example_dags/example_python_operator.py for tasks to queue
[2026-06-07T16:04:28.914+0000] {logging_mixin.py:154} INFO - [2026-06-07T16:04:28.914+0000] {dagbag.py:536} INFO - Filling up the DagBag from /home/airflow/.local/lib/python3.8/site-packages/airflow/example_dags/example_python_operator.py
[2026-06-07T16:04:28.931+0000] {processor.py:839} INFO - DAG(s) dict_keys(['example_python_operator']) retrieved from /home/airflow/.local/lib/python3.8/site-packages/airflow/example_dags/example_python_operator.py
[2026-06-07T16:04:28.972+0000] {logging_mixin.py:154} INFO - [2026-06-07T16:04:28.972+0000] {dag.py:2941} INFO - Sync 1 DAGs
[2026-06-07T16:04:28.986+0000] {logging_mixin.py:154} INFO - [2026-06-07T16:04:28.986+0000] {dag.py:3722} INFO - Setting next_dagrun for example_python_operator to None, run_after=None
[2026-06-07T16:04:29.005+0000] {processor.py:179} INFO - Processing /home/airflow/.local/lib/python3.8/site-packages/airflow/example_dags/example_python_operator.py took 0.102 seconds
[2026-06-07T16:04:59.952+0000] {processor.py:157} INFO - Started process (PID=6233) to work on /home/airflow/.local/lib/python3.8/site-packages/airflow/example_dags/example_python_operator.py
[2026-06-07T16:04:59.954+0000] {processor.py:829} INFO - Processing file /home/airflow/.local/lib/python3.8/site-packages/airflow/example_dags/example_python_operator.py for tasks to queue
[2026-06-07T16:04:59.963+0000] {logging_mixin.py:154} INFO - [2026-06-07T16:04:59.962+0000] {dagbag.py:536} INFO - Filling up the DagBag from /home/airflow/.local/lib/python3.8/site-packages/airflow/example_dags/example_python_operator.py
[2026-06-07T16:05:00.010+0000] {processor.py:839} INFO - DAG(s) dict_keys(['example_python_operator']) retrieved from /home/airflow/.local/lib/python3.8/site-packages/airflow/example_dags/example_python_operator.py
[2026-06-07T16:05:00.113+0000] {logging_mixin.py:154} INFO - [2026-06-07T16:05:00.113+0000] {dag.py:2941} INFO - Sync 1 DAGs
[2026-06-07T16:05:00.136+0000] {logging_mixin.py:154} INFO - [2026-06-07T16:05:00.136+0000] {dag.py:3722} INFO - Setting next_dagrun for example_python_operator to None, run_after=None
[2026-06-07T16:05:00.172+0000] {processor.py:179} INFO - Processing /home/airflow/.local/lib/python3.8/site-packages/airflow/example_dags/example_python_operator.py took 0.227 seconds
[2026-06-07T16:05:31.034+0000] {processor.py:157} INFO - Started process (PID=6287) to work on /home/airflow/.local/lib/python3.8/site-packages/airflow/example_dags/example_python_operator.py
[2026-06-07T16:05:31.045+0000] {processor.py:829} INFO - Processing file /home/airflow/.local/lib/python3.8/site-packages/airflow/example_dags/example_python_operator.py for tasks to queue
[2026-06-07T16:05:31.054+0000] {logging_mixin.py:154} INFO - [2026-06-07T16:05:31.053+0000] {dagbag.py:536} INFO - Filling up the DagBag from /home/airflow/.local/lib/python3.8/site-packages/airflow/example_dags/example_python_operator.py
[2026-06-07T16:05:31.138+0000] {processor.py:839} INFO - DAG(s) dict_keys(['example_python_operator']) retrieved from /home/airflow/.local/lib/python3.8/site-packages/airflow/example_dags/example_python_operator.py
[2026-06-07T16:05:31.257+0000] {logging_mixin.py:154} INFO - [2026-06-07T16:05:31.257+0000] {dag.py:2941} INFO - Sync 1 DAGs
[2026-06-07T16:05:31.351+0000] {logging_mixin.py:154} INFO - [2026-06-07T16:05:31.351+0000] {dag.py:3722} INFO - Setting next_dagrun for example_python_operator to None, run_after=None
[2026-06-07T16:05:31.474+0000] {processor.py:179} INFO - Processing /home/airflow/.local/lib/python3.8/site-packages/airflow/example_dags/example_python_operator.py took 0.490 seconds
[2026-06-07T16:06:01.558+0000] {processor.py:157} INFO - Started process (PID=6340) to work on /home/airflow/.local/lib/python3.8/site-packages/airflow/example_dags/example_python_operator.py
[2026-06-07T16:06:01.562+0000] {processor.py:829} INFO - Processing file /home/airflow/.local/lib/python3.8/site-packages/airflow/example_dags/example_python_operator.py for tasks to queue
[2026-06-07T16:06:01.567+0000] {logging_mixin.py:154} INFO - [2026-06-07T16:06:01.566+0000] {dagbag.py:536} INFO - Filling up the DagBag from /home/airflow/.local/lib/python3.8/site-packages/airflow/example_dags/example_python_operator.py
[2026-06-07T16:06:01.602+0000] {processor.py:839} INFO - DAG(s) dict_keys(['example_python_operator']) retrieved from /home/airflow/.local/lib/python3.8/site-packages/airflow/example_dags/example_python_operator.py
[2026-06-07T16:06:01.655+0000] {logging_mixin.py:154} INFO - [2026-06-07T16:06:01.655+0000] {dag.py:2941} INFO - Sync 1 DAGs
[2026-06-07T16:06:01.692+0000] {logging_mixin.py:154} INFO - [2026-06-07T16:06:01.691+0000] {dag.py:3722} INFO - Setting next_dagrun for example_python_operator to None, run_after=None
[2026-06-07T16:06:01.726+0000] {processor.py:179} INFO - Processing /home/airflow/.local/lib/python3.8/site-packages/airflow/example_dags/example_python_operator.py took 0.173 seconds
[2026-06-07T16:06:33.039+0000] {processor.py:157} INFO - Started process (PID=6394) to work on /home/airflow/.local/lib/python3.8/site-packages/airflow/example_dags/example_python_operator.py
[2026-06-07T16:06:33.053+0000] {processor.py:829} INFO - Processing file /home/airflow/.local/lib/python3.8/site-packages/airflow/example_dags/example_python_operator.py for tasks to queue
[2026-06-07T16:06:33.057+0000] {logging_mixin.py:154} INFO - [2026-06-07T16:06:33.057+0000] {dagbag.py:536} INFO - Filling up the DagBag from /home/airflow/.local/lib/python3.8/site-packages/airflow/example_dags/example_python_operator.py
[2026-06-07T16:06:33.096+0000] {processor.py:839} INFO - DAG(s) dict_keys(['example_python_operator']) retrieved from /home/airflow/.local/lib/python3.8/site-packages/airflow/example_dags/example_python_operator.py
[2026-06-07T16:06:33.186+0000] {logging_mixin.py:154} INFO - [2026-06-07T16:06:33.186+0000] {dag.py:2941} INFO - Sync 1 DAGs
[2026-06-07T16:06:33.360+0000] {logging_mixin.py:154} INFO - [2026-06-07T16:06:33.336+0000] {dag.py:3722} INFO - Setting next_dagrun for example_python_operator to None, run_after=None
[2026-06-07T16:06:33.500+0000] {processor.py:179} INFO - Processing /home/airflow/.local/lib/python3.8/site-packages/airflow/example_dags/example_python_operator.py took 0.466 seconds
[2026-06-07T16:07:03.728+0000] {processor.py:157} INFO - Started process (PID=6449) to work on /home/airflow/.local/lib/python3.8/site-packages/airflow/example_dags/example_python_operator.py
[2026-06-07T16:07:03.737+0000] {processor.py:829} INFO - Processing file /home/airflow/.local/lib/python3.8/site-packages/airflow/example_dags/example_python_operator.py for tasks to queue
[2026-06-07T16:07:03.751+0000] {logging_mixin.py:154} INFO - [2026-06-07T16:07:03.750+0000] {dagbag.py:536} INFO - Filling up the DagBag from /home/airflow/.local/lib/python3.8/site-packages/airflow/example_dags/example_python_operator.py
[2026-06-07T16:07:03.841+0000] {processor.py:839} INFO - DAG(s) dict_keys(['example_python_operator']) retrieved from /home/airflow/.local/lib/python3.8/site-packages/airflow/example_dags/example_python_operator.py
[2026-06-07T16:07:03.935+0000] {logging_mixin.py:154} INFO - [2026-06-07T16:07:03.935+0000] {dag.py:2941} INFO - Sync 1 DAGs
[2026-06-07T16:07:03.992+0000] {logging_mixin.py:154} INFO - [2026-06-07T16:07:03.991+0000] {dag.py:3722} INFO - Setting next_dagrun for example_python_operator to None, run_after=None
[2026-06-07T16:07:04.062+0000] {processor.py:179} INFO - Processing /home/airflow/.local/lib/python3.8/site-packages/airflow/example_dags/example_python_operator.py took 0.341 seconds
[2026-06-07T16:07:34.537+0000] {processor.py:157} INFO - Started process (PID=6502) to work on /home/airflow/.local/lib/python3.8/site-packages/airflow/example_dags/example_python_operator.py
[2026-06-07T16:07:34.546+0000] {processor.py:829} INFO - Processing file /home/airflow/.local/lib/python3.8/site-packages/airflow/example_dags/example_python_operator.py for tasks to queue
[2026-06-07T16:07:34.565+0000] {logging_mixin.py:154} INFO - [2026-06-07T16:07:34.564+0000] {dagbag.py:536} INFO - Filling up the DagBag from /home/airflow/.local/lib/python3.8/site-packages/airflow/example_dags/example_python_operator.py
[2026-06-07T16:07:34.632+0000] {processor.py:839} INFO - DAG(s) dict_keys(['example_python_operator']) retrieved from /home/airflow/.local/lib/python3.8/site-packages/airflow/example_dags/example_python_operator.py
[2026-06-07T16:07:34.793+0000] {logging_mixin.py:154} INFO - [2026-06-07T16:07:34.793+0000] {dag.py:2941} INFO - Sync 1 DAGs
[2026-06-07T16:07:34.855+0000] {logging_mixin.py:154} INFO - [2026-06-07T16:07:34.855+0000] {dag.py:3722} INFO - Setting next_dagrun for example_python_operator to None, run_after=None
[2026-06-07T16:07:34.956+0000] {processor.py:179} INFO - Processing /home/airflow/.local/lib/python3.8/site-packages/airflow/example_dags/example_python_operator.py took 0.458 seconds
[2026-06-07T16:08:05.493+0000] {processor.py:157} INFO - Started process (PID=6555) to work on /home/airflow/.local/lib/python3.8/site-packages/airflow/example_dags/example_python_operator.py
[2026-06-07T16:08:05.495+0000] {processor.py:829} INFO - Processing file /home/airflow/.local/lib/python3.8/site-packages/airflow/example_dags/example_python_operator.py for tasks to queue
[2026-06-07T16:08:05.498+0000] {logging_mixin.py:154} INFO - [2026-06-07T16:08:05.498+0000] {dagbag.py:536} INFO - Filling up the DagBag from /home/airflow/.local/lib/python3.8/site-packages/airflow/example_dags/example_python_operator.py
[2026-06-07T16:08:05.585+0000] {processor.py:839} INFO - DAG(s) dict_keys(['example_python_operator']) retrieved from /home/airflow/.local/lib/python3.8/site-packages/airflow/example_dags/example_python_operator.py
[2026-06-07T16:08:05.671+0000] {logging_mixin.py:154} INFO - [2026-06-07T16:08:05.671+0000] {dag.py:2941} INFO - Sync 1 DAGs
[2026-06-07T16:08:05.715+0000] {logging_mixin.py:154} INFO - [2026-06-07T16:08:05.715+0000] {dag.py:3722} INFO - Setting next_dagrun for example_python_operator to None, run_after=None
[2026-06-07T16:08:05.777+0000] {processor.py:179} INFO - Processing /home/airflow/.local/lib/python3.8/site-packages/airflow/example_dags/example_python_operator.py took 0.289 seconds
[2026-06-07T16:08:36.184+0000] {processor.py:157} INFO - Started process (PID=6608) to work on /home/airflow/.local/lib/python3.8/site-packages/airflow/example_dags/example_python_operator.py
[2026-06-07T16:08:36.191+0000] {processor.py:829} INFO - Processing file /home/airflow/.local/lib/python3.8/site-packages/airflow/example_dags/example_python_operator.py for tasks to queue
[2026-06-07T16:08:36.201+0000] {logging_mixin.py:154} INFO - [2026-06-07T16:08:36.201+0000] {dagbag.py:536} INFO - Filling up the DagBag from /home/airflow/.local/lib/python3.8/site-packages/airflow/example_dags/example_python_operator.py
[2026-06-07T16:08:36.254+0000] {processor.py:839} INFO - DAG(s) dict_keys(['example_python_operator']) retrieved from /home/airflow/.local/lib/python3.8/site-packages/airflow/example_dags/example_python_operator.py
[2026-06-07T16:08:36.317+0000] {logging_mixin.py:154} INFO - [2026-06-07T16:08:36.317+0000] {dag.py:2941} INFO - Sync 1 DAGs
[2026-06-07T16:08:36.371+0000] {logging_mixin.py:154} INFO - [2026-06-07T16:08:36.371+0000] {dag.py:3722} INFO - Setting next_dagrun for example_python_operator to None, run_after=None
[2026-06-07T16:08:36.429+0000] {processor.py:179} INFO - Processing /home/airflow/.local/lib/python3.8/site-packages/airflow/example_dags/example_python_operator.py took 0.257 seconds
[2026-06-07T16:09:07.360+0000] {processor.py:157} INFO - Started process (PID=6661) to work on /home/airflow/.local/lib/python3.8/site-packages/airflow/example_dags/example_python_operator.py
[2026-06-07T16:09:07.361+0000] {processor.py:829} INFO - Processing file /home/airflow/.local/lib/python3.8/site-packages/airflow/example_dags/example_python_operator.py for tasks to queue
[2026-06-07T16:09:07.365+0000] {logging_mixin.py:154} INFO - [2026-06-07T16:09:07.364+0000] {dagbag.py:536} INFO - Filling up the DagBag from /home/airflow/.local/lib/python3.8/site-packages/airflow/example_dags/example_python_operator.py
[2026-06-07T16:09:07.381+0000] {processor.py:839} INFO - DAG(s) dict_keys(['example_python_operator']) retrieved from /home/airflow/.local/lib/python3.8/site-packages/airflow/example_dags/example_python_operator.py
[2026-06-07T16:09:07.419+0000] {logging_mixin.py:154} INFO - [2026-06-07T16:09:07.418+0000] {dag.py:2941} INFO - Sync 1 DAGs
[2026-06-07T16:09:07.439+0000] {logging_mixin.py:154} INFO - [2026-06-07T16:09:07.439+0000] {dag.py:3722} INFO - Setting next_dagrun for example_python_operator to None, run_after=None
[2026-06-07T16:09:07.481+0000] {processor.py:179} INFO - Processing /home/airflow/.local/lib/python3.8/site-packages/airflow/example_dags/example_python_operator.py took 0.127 seconds
[2026-06-07T16:09:37.914+0000] {processor.py:157} INFO - Started process (PID=6715) to work on /home/airflow/.local/lib/python3.8/site-packages/airflow/example_dags/example_python_operator.py
[2026-06-07T16:09:37.915+0000] {processor.py:829} INFO - Processing file /home/airflow/.local/lib/python3.8/site-packages/airflow/example_dags/example_python_operator.py for tasks to queue
[2026-06-07T16:09:37.919+0000] {logging_mixin.py:154} INFO - [2026-06-07T16:09:37.918+0000] {dagbag.py:536} INFO - Filling up the DagBag from /home/airflow/.local/lib/python3.8/site-packages/airflow/example_dags/example_python_operator.py
[2026-06-07T16:09:37.935+0000] {processor.py:839} INFO - DAG(s) dict_keys(['example_python_operator']) retrieved from /home/airflow/.local/lib/python3.8/site-packages/airflow/example_dags/example_python_operator.py
[2026-06-07T16:09:37.973+0000] {logging_mixin.py:154} INFO - [2026-06-07T16:09:37.973+0000] {dag.py:2941} INFO - Sync 1 DAGs
[2026-06-07T16:09:37.993+0000] {logging_mixin.py:154} INFO - [2026-06-07T16:09:37.993+0000] {dag.py:3722} INFO - Setting next_dagrun for example_python_operator to None, run_after=None
[2026-06-07T16:09:38.046+0000] {processor.py:179} INFO - Processing /home/airflow/.local/lib/python3.8/site-packages/airflow/example_dags/example_python_operator.py took 0.137 seconds
[2026-06-07T16:10:08.602+0000] {processor.py:157} INFO - Started process (PID=6769) to work on /home/airflow/.local/lib/python3.8/site-packages/airflow/example_dags/example_python_operator.py
[2026-06-07T16:10:08.604+0000] {processor.py:829} INFO - Processing file /home/airflow/.local/lib/python3.8/site-packages/airflow/example_dags/example_python_operator.py for tasks to queue
[2026-06-07T16:10:08.614+0000] {logging_mixin.py:154} INFO - [2026-06-07T16:10:08.613+0000] {dagbag.py:536} INFO - Filling up the DagBag from /home/airflow/.local/lib/python3.8/site-packages/airflow/example_dags/example_python_operator.py
[2026-06-07T16:10:08.673+0000] {processor.py:839} INFO - DAG(s) dict_keys(['example_python_operator']) retrieved from /home/airflow/.local/lib/python3.8/site-packages/airflow/example_dags/example_python_operator.py
[2026-06-07T16:10:08.790+0000] {logging_mixin.py:154} INFO - [2026-06-07T16:10:08.790+0000] {dag.py:2941} INFO - Sync 1 DAGs
[2026-06-07T16:10:08.831+0000] {logging_mixin.py:154} INFO - [2026-06-07T16:10:08.831+0000] {dag.py:3722} INFO - Setting next_dagrun for example_python_operator to None, run_after=None
[2026-06-07T16:10:08.891+0000] {processor.py:179} INFO - Processing /home/airflow/.local/lib/python3.8/site-packages/airflow/example_dags/example_python_operator.py took 0.320 seconds
[2026-06-07T16:10:39.033+0000] {processor.py:157} INFO - Started process (PID=6824) to work on /home/airflow/.local/lib/python3.8/site-packages/airflow/example_dags/example_python_operator.py
[2026-06-07T16:10:39.036+0000] {processor.py:829} INFO - Processing file /home/airflow/.local/lib/python3.8/site-packages/airflow/example_dags/example_python_operator.py for tasks to queue
[2026-06-07T16:10:39.039+0000] {logging_mixin.py:154} INFO - [2026-06-07T16:10:39.039+0000] {dagbag.py:536} INFO - Filling up the DagBag from /home/airflow/.local/lib/python3.8/site-packages/airflow/example_dags/example_python_operator.py
[2026-06-07T16:10:39.050+0000] {processor.py:839} INFO - DAG(s) dict_keys(['example_python_operator']) retrieved from /home/airflow/.local/lib/python3.8/site-packages/airflow/example_dags/example_python_operator.py
[2026-06-07T16:10:39.077+0000] {logging_mixin.py:154} INFO - [2026-06-07T16:10:39.077+0000] {dag.py:2941} INFO - Sync 1 DAGs
[2026-06-07T16:10:39.093+0000] {logging_mixin.py:154} INFO - [2026-06-07T16:10:39.093+0000] {dag.py:3722} INFO - Setting next_dagrun for example_python_operator to None, run_after=None
[2026-06-07T16:10:39.118+0000] {processor.py:179} INFO - Processing /home/airflow/.local/lib/python3.8/site-packages/airflow/example_dags/example_python_operator.py took 0.088 seconds
[2026-06-07T16:11:09.627+0000] {processor.py:157} INFO - Started process (PID=6878) to work on /home/airflow/.local/lib/python3.8/site-packages/airflow/example_dags/example_python_operator.py
[2026-06-07T16:11:09.629+0000] {processor.py:829} INFO - Processing file /home/airflow/.local/lib/python3.8/site-packages/airflow/example_dags/example_python_operator.py for tasks to queue
[2026-06-07T16:11:09.632+0000] {logging_mixin.py:154} INFO - [2026-06-07T16:11:09.632+0000] {dagbag.py:536} INFO - Filling up the DagBag from /home/airflow/.local/lib/python3.8/site-packages/airflow/example_dags/example_python_operator.py
[2026-06-07T16:11:09.652+0000] {processor.py:839} INFO - DAG(s) dict_keys(['example_python_operator']) retrieved from /home/airflow/.local/lib/python3.8/site-packages/airflow/example_dags/example_python_operator.py
[2026-06-07T16:11:09.725+0000] {logging_mixin.py:154} INFO - [2026-06-07T16:11:09.725+0000] {dag.py:2941} INFO - Sync 1 DAGs
[2026-06-07T16:11:09.750+0000] {logging_mixin.py:154} INFO - [2026-06-07T16:11:09.749+0000] {dag.py:3722} INFO - Setting next_dagrun for example_python_operator to None, run_after=None
[2026-06-07T16:11:09.788+0000] {processor.py:179} INFO - Processing /home/airflow/.local/lib/python3.8/site-packages/airflow/example_dags/example_python_operator.py took 0.170 seconds
[2026-06-07T16:11:40.454+0000] {processor.py:157} INFO - Started process (PID=6932) to work on /home/airflow/.local/lib/python3.8/site-packages/airflow/example_dags/example_python_operator.py
[2026-06-07T16:11:40.456+0000] {processor.py:829} INFO - Processing file /home/airflow/.local/lib/python3.8/site-packages/airflow/example_dags/example_python_operator.py for tasks to queue
[2026-06-07T16:11:40.460+0000] {logging_mixin.py:154} INFO - [2026-06-07T16:11:40.460+0000] {dagbag.py:536} INFO - Filling up the DagBag from /home/airflow/.local/lib/python3.8/site-packages/airflow/example_dags/example_python_operator.py
[2026-06-07T16:11:40.476+0000] {processor.py:839} INFO - DAG(s) dict_keys(['example_python_operator']) retrieved from /home/airflow/.local/lib/python3.8/site-packages/airflow/example_dags/example_python_operator.py
[2026-06-07T16:11:40.517+0000] {logging_mixin.py:154} INFO - [2026-06-07T16:11:40.516+0000] {dag.py:2941} INFO - Sync 1 DAGs
[2026-06-07T16:11:40.537+0000] {logging_mixin.py:154} INFO - [2026-06-07T16:11:40.536+0000] {dag.py:3722} INFO - Setting next_dagrun for example_python_operator to None, run_after=None
[2026-06-07T16:11:40.585+0000] {processor.py:179} INFO - Processing /home/airflow/.local/lib/python3.8/site-packages/airflow/example_dags/example_python_operator.py took 0.135 seconds
[2026-06-07T16:12:10.755+0000] {processor.py:157} INFO - Started process (PID=6986) to work on /home/airflow/.local/lib/python3.8/site-packages/airflow/example_dags/example_python_operator.py
[2026-06-07T16:12:10.761+0000] {processor.py:829} INFO - Processing file /home/airflow/.local/lib/python3.8/site-packages/airflow/example_dags/example_python_operator.py for tasks to queue
[2026-06-07T16:12:10.765+0000] {logging_mixin.py:154} INFO - [2026-06-07T16:12:10.764+0000] {dagbag.py:536} INFO - Filling up the DagBag from /home/airflow/.local/lib/python3.8/site-packages/airflow/example_dags/example_python_operator.py
[2026-06-07T16:12:10.785+0000] {processor.py:839} INFO - DAG(s) dict_keys(['example_python_operator']) retrieved from /home/airflow/.local/lib/python3.8/site-packages/airflow/example_dags/example_python_operator.py
[2026-06-07T16:12:10.821+0000] {logging_mixin.py:154} INFO - [2026-06-07T16:12:10.821+0000] {dag.py:2941} INFO - Sync 1 DAGs
[2026-06-07T16:12:10.843+0000] {logging_mixin.py:154} INFO - [2026-06-07T16:12:10.842+0000] {dag.py:3722} INFO - Setting next_dagrun for example_python_operator to None, run_after=None
[2026-06-07T16:12:10.904+0000] {processor.py:179} INFO - Processing /home/airflow/.local/lib/python3.8/site-packages/airflow/example_dags/example_python_operator.py took 0.154 seconds
[2026-06-07T16:12:41.236+0000] {processor.py:157} INFO - Started process (PID=7040) to work on /home/airflow/.local/lib/python3.8/site-packages/airflow/example_dags/example_python_operator.py
[2026-06-07T16:12:41.239+0000] {processor.py:829} INFO - Processing file /home/airflow/.local/lib/python3.8/site-packages/airflow/example_dags/example_python_operator.py for tasks to queue
[2026-06-07T16:12:41.243+0000] {logging_mixin.py:154} INFO - [2026-06-07T16:12:41.243+0000] {dagbag.py:536} INFO - Filling up the DagBag from /home/airflow/.local/lib/python3.8/site-packages/airflow/example_dags/example_python_operator.py
[2026-06-07T16:12:41.269+0000] {processor.py:839} INFO - DAG(s) dict_keys(['example_python_operator']) retrieved from /home/airflow/.local/lib/python3.8/site-packages/airflow/example_dags/example_python_operator.py
[2026-06-07T16:12:41.346+0000] {logging_mixin.py:154} INFO - [2026-06-07T16:12:41.345+0000] {dag.py:2941} INFO - Sync 1 DAGs
[2026-06-07T16:12:41.366+0000] {logging_mixin.py:154} INFO - [2026-06-07T16:12:41.366+0000] {dag.py:3722} INFO - Setting next_dagrun for example_python_operator to None, run_after=None
[2026-06-07T16:12:41.395+0000] {processor.py:179} INFO - Processing /home/airflow/.local/lib/python3.8/site-packages/airflow/example_dags/example_python_operator.py took 0.163 seconds
[2026-06-07T16:13:12.358+0000] {processor.py:157} INFO - Started process (PID=7094) to work on /home/airflow/.local/lib/python3.8/site-packages/airflow/example_dags/example_python_operator.py
[2026-06-07T16:13:12.359+0000] {processor.py:829} INFO - Processing file /home/airflow/.local/lib/python3.8/site-packages/airflow/example_dags/example_python_operator.py for tasks to queue
[2026-06-07T16:13:12.363+0000] {logging_mixin.py:154} INFO - [2026-06-07T16:13:12.362+0000] {dagbag.py:536} INFO - Filling up the DagBag from /home/airflow/.local/lib/python3.8/site-packages/airflow/example_dags/example_python_operator.py
[2026-06-07T16:13:12.380+0000] {processor.py:839} INFO - DAG(s) dict_keys(['example_python_operator']) retrieved from /home/airflow/.local/lib/python3.8/site-packages/airflow/example_dags/example_python_operator.py
[2026-06-07T16:13:12.417+0000] {logging_mixin.py:154} INFO - [2026-06-07T16:13:12.417+0000] {dag.py:2941} INFO - Sync 1 DAGs
[2026-06-07T16:13:12.438+0000] {logging_mixin.py:154} INFO - [2026-06-07T16:13:12.438+0000] {dag.py:3722} INFO - Setting next_dagrun for example_python_operator to None, run_after=None
[2026-06-07T16:13:12.465+0000] {processor.py:179} INFO - Processing /home/airflow/.local/lib/python3.8/site-packages/airflow/example_dags/example_python_operator.py took 0.111 seconds
[2026-06-07T16:13:42.752+0000] {processor.py:157} INFO - Started process (PID=7147) to work on /home/airflow/.local/lib/python3.8/site-packages/airflow/example_dags/example_python_operator.py
[2026-06-07T16:13:42.754+0000] {processor.py:829} INFO - Processing file /home/airflow/.local/lib/python3.8/site-packages/airflow/example_dags/example_python_operator.py for tasks to queue
[2026-06-07T16:13:42.758+0000] {logging_mixin.py:154} INFO - [2026-06-07T16:13:42.757+0000] {dagbag.py:536} INFO - Filling up the DagBag from /home/airflow/.local/lib/python3.8/site-packages/airflow/example_dags/example_python_operator.py
[2026-06-07T16:13:42.773+0000] {processor.py:839} INFO - DAG(s) dict_keys(['example_python_operator']) retrieved from /home/airflow/.local/lib/python3.8/site-packages/airflow/example_dags/example_python_operator.py
[2026-06-07T16:13:42.808+0000] {logging_mixin.py:154} INFO - [2026-06-07T16:13:42.808+0000] {dag.py:2941} INFO - Sync 1 DAGs
[2026-06-07T16:13:42.828+0000] {logging_mixin.py:154} INFO - [2026-06-07T16:13:42.828+0000] {dag.py:3722} INFO - Setting next_dagrun for example_python_operator to None, run_after=None
[2026-06-07T16:13:42.853+0000] {processor.py:179} INFO - Processing /home/airflow/.local/lib/python3.8/site-packages/airflow/example_dags/example_python_operator.py took 0.107 seconds
[2026-06-07T16:14:14.655+0000] {processor.py:157} INFO - Started process (PID=7202) to work on /home/airflow/.local/lib/python3.8/site-packages/airflow/example_dags/example_python_operator.py
[2026-06-07T16:14:14.657+0000] {processor.py:829} INFO - Processing file /home/airflow/.local/lib/python3.8/site-packages/airflow/example_dags/example_python_operator.py for tasks to queue
[2026-06-07T16:14:14.661+0000] {logging_mixin.py:154} INFO - [2026-06-07T16:14:14.661+0000] {dagbag.py:536} INFO - Filling up the DagBag from /home/airflow/.local/lib/python3.8/site-packages/airflow/example_dags/example_python_operator.py
[2026-06-07T16:14:14.678+0000] {processor.py:839} INFO - DAG(s) dict_keys(['example_python_operator']) retrieved from /home/airflow/.local/lib/python3.8/site-packages/airflow/example_dags/example_python_operator.py
[2026-06-07T16:14:14.719+0000] {logging_mixin.py:154} INFO - [2026-06-07T16:14:14.718+0000] {dag.py:2941} INFO - Sync 1 DAGs
[2026-06-07T16:14:14.740+0000] {logging_mixin.py:154} INFO - [2026-06-07T16:14:14.739+0000] {dag.py:3722} INFO - Setting next_dagrun for example_python_operator to None, run_after=None
[2026-06-07T16:14:14.768+0000] {processor.py:179} INFO - Processing /home/airflow/.local/lib/python3.8/site-packages/airflow/example_dags/example_python_operator.py took 0.133 seconds
[2026-06-07T16:14:44.964+0000] {processor.py:157} INFO - Started process (PID=7256) to work on /home/airflow/.local/lib/python3.8/site-packages/airflow/example_dags/example_python_operator.py
[2026-06-07T16:14:44.968+0000] {processor.py:829} INFO - Processing file /home/airflow/.local/lib/python3.8/site-packages/airflow/example_dags/example_python_operator.py for tasks to queue
[2026-06-07T16:14:44.974+0000] {logging_mixin.py:154} INFO - [2026-06-07T16:14:44.974+0000] {dagbag.py:536} INFO - Filling up the DagBag from /home/airflow/.local/lib/python3.8/site-packages/airflow/example_dags/example_python_operator.py
[2026-06-07T16:14:45.012+0000] {processor.py:839} INFO - DAG(s) dict_keys(['example_python_operator']) retrieved from /home/airflow/.local/lib/python3.8/site-packages/airflow/example_dags/example_python_operator.py
[2026-06-07T16:14:45.049+0000] {logging_mixin.py:154} INFO - [2026-06-07T16:14:45.049+0000] {dag.py:2941} INFO - Sync 1 DAGs
[2026-06-07T16:14:45.075+0000] {logging_mixin.py:154} INFO - [2026-06-07T16:14:45.074+0000] {dag.py:3722} INFO - Setting next_dagrun for example_python_operator to None, run_after=None
[2026-06-07T16:14:45.112+0000] {processor.py:179} INFO - Processing /home/airflow/.local/lib/python3.8/site-packages/airflow/example_dags/example_python_operator.py took 0.159 seconds
[2026-06-07T16:15:15.892+0000] {processor.py:157} INFO - Started process (PID=7310) to work on /home/airflow/.local/lib/python3.8/site-packages/airflow/example_dags/example_python_operator.py
[2026-06-07T16:15:15.896+0000] {processor.py:829} INFO - Processing file /home/airflow/.local/lib/python3.8/site-packages/airflow/example_dags/example_python_operator.py for tasks to queue
[2026-06-07T16:15:15.899+0000] {logging_mixin.py:154} INFO - [2026-06-07T16:15:15.899+0000] {dagbag.py:536} INFO - Filling up the DagBag from /home/airflow/.local/lib/python3.8/site-packages/airflow/example_dags/example_python_operator.py
[2026-06-07T16:15:15.916+0000] {processor.py:839} INFO - DAG(s) dict_keys(['example_python_operator']) retrieved from /home/airflow/.local/lib/python3.8/site-packages/airflow/example_dags/example_python_operator.py
[2026-06-07T16:15:15.951+0000] {logging_mixin.py:154} INFO - [2026-06-07T16:15:15.950+0000] {dag.py:2941} INFO - Sync 1 DAGs
[2026-06-07T16:15:15.966+0000] {logging_mixin.py:154} INFO - [2026-06-07T16:15:15.966+0000] {dag.py:3722} INFO - Setting next_dagrun for example_python_operator to None, run_after=None
[2026-06-07T16:15:15.988+0000] {processor.py:179} INFO - Processing /home/airflow/.local/lib/python3.8/site-packages/airflow/example_dags/example_python_operator.py took 0.101 seconds
[2026-06-07T16:15:46.778+0000] {processor.py:157} INFO - Started process (PID=7363) to work on /home/airflow/.local/lib/python3.8/site-packages/airflow/example_dags/example_python_operator.py
[2026-06-07T16:15:46.781+0000] {processor.py:829} INFO - Processing file /home/airflow/.local/lib/python3.8/site-packages/airflow/example_dags/example_python_operator.py for tasks to queue
[2026-06-07T16:15:46.786+0000] {logging_mixin.py:154} INFO - [2026-06-07T16:15:46.786+0000] {dagbag.py:536} INFO - Filling up the DagBag from /home/airflow/.local/lib/python3.8/site-packages/airflow/example_dags/example_python_operator.py
[2026-06-07T16:15:46.825+0000] {processor.py:839} INFO - DAG(s) dict_keys(['example_python_operator']) retrieved from /home/airflow/.local/lib/python3.8/site-packages/airflow/example_dags/example_python_operator.py
[2026-06-07T16:15:46.871+0000] {logging_mixin.py:154} INFO - [2026-06-07T16:15:46.871+0000] {dag.py:2941} INFO - Sync 1 DAGs
[2026-06-07T16:15:46.892+0000] {logging_mixin.py:154} INFO - [2026-06-07T16:15:46.892+0000] {dag.py:3722} INFO - Setting next_dagrun for example_python_operator to None, run_after=None
[2026-06-07T16:15:46.919+0000] {processor.py:179} INFO - Processing /home/airflow/.local/lib/python3.8/site-packages/airflow/example_dags/example_python_operator.py took 0.146 seconds
[2026-06-07T16:16:17.734+0000] {processor.py:157} INFO - Started process (PID=7417) to work on /home/airflow/.local/lib/python3.8/site-packages/airflow/example_dags/example_python_operator.py
[2026-06-07T16:16:17.737+0000] {processor.py:829} INFO - Processing file /home/airflow/.local/lib/python3.8/site-packages/airflow/example_dags/example_python_operator.py for tasks to queue
[2026-06-07T16:16:17.747+0000] {logging_mixin.py:154} INFO - [2026-06-07T16:16:17.747+0000] {dagbag.py:536} INFO - Filling up the DagBag from /home/airflow/.local/lib/python3.8/site-packages/airflow/example_dags/example_python_operator.py
[2026-06-07T16:16:17.818+0000] {processor.py:839} INFO - DAG(s) dict_keys(['example_python_operator']) retrieved from /home/airflow/.local/lib/python3.8/site-packages/airflow/example_dags/example_python_operator.py
[2026-06-07T16:16:17.912+0000] {logging_mixin.py:154} INFO - [2026-06-07T16:16:17.911+0000] {dag.py:2941} INFO - Sync 1 DAGs
[2026-06-07T16:16:17.992+0000] {logging_mixin.py:154} INFO - [2026-06-07T16:16:17.983+0000] {dag.py:3722} INFO - Setting next_dagrun for example_python_operator to None, run_after=None
[2026-06-07T16:16:18.070+0000] {processor.py:179} INFO - Processing /home/airflow/.local/lib/python3.8/site-packages/airflow/example_dags/example_python_operator.py took 0.354 seconds
[2026-06-07T16:16:49.370+0000] {processor.py:157} INFO - Started process (PID=7471) to work on /home/airflow/.local/lib/python3.8/site-packages/airflow/example_dags/example_python_operator.py
[2026-06-07T16:16:49.381+0000] {processor.py:829} INFO - Processing file /home/airflow/.local/lib/python3.8/site-packages/airflow/example_dags/example_python_operator.py for tasks to queue
[2026-06-07T16:16:49.384+0000] {logging_mixin.py:154} INFO - [2026-06-07T16:16:49.384+0000] {dagbag.py:536} INFO - Filling up the DagBag from /home/airflow/.local/lib/python3.8/site-packages/airflow/example_dags/example_python_operator.py
[2026-06-07T16:16:49.421+0000] {processor.py:839} INFO - DAG(s) dict_keys(['example_python_operator']) retrieved from /home/airflow/.local/lib/python3.8/site-packages/airflow/example_dags/example_python_operator.py
[2026-06-07T16:16:49.485+0000] {logging_mixin.py:154} INFO - [2026-06-07T16:16:49.485+0000] {dag.py:2941} INFO - Sync 1 DAGs
[2026-06-07T16:16:49.519+0000] {logging_mixin.py:154} INFO - [2026-06-07T16:16:49.519+0000] {dag.py:3722} INFO - Setting next_dagrun for example_python_operator to None, run_after=None
[2026-06-07T16:16:49.562+0000] {processor.py:179} INFO - Processing /home/airflow/.local/lib/python3.8/site-packages/airflow/example_dags/example_python_operator.py took 0.204 seconds
[2026-06-07T16:17:20.360+0000] {processor.py:157} INFO - Started process (PID=7525) to work on /home/airflow/.local/lib/python3.8/site-packages/airflow/example_dags/example_python_operator.py
[2026-06-07T16:17:20.361+0000] {processor.py:829} INFO - Processing file /home/airflow/.local/lib/python3.8/site-packages/airflow/example_dags/example_python_operator.py for tasks to queue
[2026-06-07T16:17:20.367+0000] {logging_mixin.py:154} INFO - [2026-06-07T16:17:20.367+0000] {dagbag.py:536} INFO - Filling up the DagBag from /home/airflow/.local/lib/python3.8/site-packages/airflow/example_dags/example_python_operator.py
[2026-06-07T16:17:20.383+0000] {processor.py:839} INFO - DAG(s) dict_keys(['example_python_operator']) retrieved from /home/airflow/.local/lib/python3.8/site-packages/airflow/example_dags/example_python_operator.py
[2026-06-07T16:17:20.418+0000] {logging_mixin.py:154} INFO - [2026-06-07T16:17:20.418+0000] {dag.py:2941} INFO - Sync 1 DAGs
[2026-06-07T16:17:20.438+0000] {logging_mixin.py:154} INFO - [2026-06-07T16:17:20.438+0000] {dag.py:3722} INFO - Setting next_dagrun for example_python_operator to None, run_after=None
[2026-06-07T16:17:20.464+0000] {processor.py:179} INFO - Processing /home/airflow/.local/lib/python3.8/site-packages/airflow/example_dags/example_python_operator.py took 0.110 seconds
[2026-06-07T16:17:51.103+0000] {processor.py:157} INFO - Started process (PID=7579) to work on /home/airflow/.local/lib/python3.8/site-packages/airflow/example_dags/example_python_operator.py
[2026-06-07T16:17:51.104+0000] {processor.py:829} INFO - Processing file /home/airflow/.local/lib/python3.8/site-packages/airflow/example_dags/example_python_operator.py for tasks to queue
[2026-06-07T16:17:51.108+0000] {logging_mixin.py:154} INFO - [2026-06-07T16:17:51.107+0000] {dagbag.py:536} INFO - Filling up the DagBag from /home/airflow/.local/lib/python3.8/site-packages/airflow/example_dags/example_python_operator.py
[2026-06-07T16:17:51.124+0000] {processor.py:839} INFO - DAG(s) dict_keys(['example_python_operator']) retrieved from /home/airflow/.local/lib/python3.8/site-packages/airflow/example_dags/example_python_operator.py
[2026-06-07T16:17:51.189+0000] {logging_mixin.py:154} INFO - [2026-06-07T16:17:51.189+0000] {dag.py:2941} INFO - Sync 1 DAGs
[2026-06-07T16:17:51.223+0000] {logging_mixin.py:154} INFO - [2026-06-07T16:17:51.223+0000] {dag.py:3722} INFO - Setting next_dagrun for example_python_operator to None, run_after=None
[2026-06-07T16:17:51.277+0000] {processor.py:179} INFO - Processing /home/airflow/.local/lib/python3.8/site-packages/airflow/example_dags/example_python_operator.py took 0.179 seconds
[2026-06-07T16:18:21.875+0000] {processor.py:157} INFO - Started process (PID=7634) to work on /home/airflow/.local/lib/python3.8/site-packages/airflow/example_dags/example_python_operator.py
[2026-06-07T16:18:21.878+0000] {processor.py:829} INFO - Processing file /home/airflow/.local/lib/python3.8/site-packages/airflow/example_dags/example_python_operator.py for tasks to queue
[2026-06-07T16:18:21.888+0000] {logging_mixin.py:154} INFO - [2026-06-07T16:18:21.888+0000] {dagbag.py:536} INFO - Filling up the DagBag from /home/airflow/.local/lib/python3.8/site-packages/airflow/example_dags/example_python_operator.py
[2026-06-07T16:18:21.922+0000] {processor.py:839} INFO - DAG(s) dict_keys(['example_python_operator']) retrieved from /home/airflow/.local/lib/python3.8/site-packages/airflow/example_dags/example_python_operator.py
[2026-06-07T16:18:21.957+0000] {logging_mixin.py:154} INFO - [2026-06-07T16:18:21.957+0000] {dag.py:2941} INFO - Sync 1 DAGs
[2026-06-07T16:18:21.976+0000] {logging_mixin.py:154} INFO - [2026-06-07T16:18:21.975+0000] {dag.py:3722} INFO - Setting next_dagrun for example_python_operator to None, run_after=None
[2026-06-07T16:18:22.004+0000] {processor.py:179} INFO - Processing /home/airflow/.local/lib/python3.8/site-packages/airflow/example_dags/example_python_operator.py took 0.135 seconds
[2026-06-07T16:18:52.430+0000] {processor.py:157} INFO - Started process (PID=7688) to work on /home/airflow/.local/lib/python3.8/site-packages/airflow/example_dags/example_python_operator.py
[2026-06-07T16:18:52.431+0000] {processor.py:829} INFO - Processing file /home/airflow/.local/lib/python3.8/site-packages/airflow/example_dags/example_python_operator.py for tasks to queue
[2026-06-07T16:18:52.434+0000] {logging_mixin.py:154} INFO - [2026-06-07T16:18:52.433+0000] {dagbag.py:536} INFO - Filling up the DagBag from /home/airflow/.local/lib/python3.8/site-packages/airflow/example_dags/example_python_operator.py
[2026-06-07T16:18:52.449+0000] {processor.py:839} INFO - DAG(s) dict_keys(['example_python_operator']) retrieved from /home/airflow/.local/lib/python3.8/site-packages/airflow/example_dags/example_python_operator.py
[2026-06-07T16:18:52.484+0000] {logging_mixin.py:154} INFO - [2026-06-07T16:18:52.484+0000] {dag.py:2941} INFO - Sync 1 DAGs
[2026-06-07T16:18:52.504+0000] {logging_mixin.py:154} INFO - [2026-06-07T16:18:52.504+0000] {dag.py:3722} INFO - Setting next_dagrun for example_python_operator to None, run_after=None
[2026-06-07T16:18:52.530+0000] {processor.py:179} INFO - Processing /home/airflow/.local/lib/python3.8/site-packages/airflow/example_dags/example_python_operator.py took 0.105 seconds
[2026-06-07T16:19:23.504+0000] {processor.py:157} INFO - Started process (PID=7742) to work on /home/airflow/.local/lib/python3.8/site-packages/airflow/example_dags/example_python_operator.py
[2026-06-07T16:19:23.510+0000] {processor.py:829} INFO - Processing file /home/airflow/.local/lib/python3.8/site-packages/airflow/example_dags/example_python_operator.py for tasks to queue
[2026-06-07T16:19:23.518+0000] {logging_mixin.py:154} INFO - [2026-06-07T16:19:23.518+0000] {dagbag.py:536} INFO - Filling up the DagBag from /home/airflow/.local/lib/python3.8/site-packages/airflow/example_dags/example_python_operator.py
[2026-06-07T16:19:23.642+0000] {processor.py:839} INFO - DAG(s) dict_keys(['example_python_operator']) retrieved from /home/airflow/.local/lib/python3.8/site-packages/airflow/example_dags/example_python_operator.py
[2026-06-07T16:19:23.805+0000] {logging_mixin.py:154} INFO - [2026-06-07T16:19:23.805+0000] {dag.py:2941} INFO - Sync 1 DAGs
[2026-06-07T16:19:23.884+0000] {logging_mixin.py:154} INFO - [2026-06-07T16:19:23.884+0000] {dag.py:3722} INFO - Setting next_dagrun for example_python_operator to None, run_after=None
[2026-06-07T16:19:23.972+0000] {processor.py:179} INFO - Processing /home/airflow/.local/lib/python3.8/site-packages/airflow/example_dags/example_python_operator.py took 0.500 seconds
[2026-06-07T16:19:54.404+0000] {processor.py:157} INFO - Started process (PID=7796) to work on /home/airflow/.local/lib/python3.8/site-packages/airflow/example_dags/example_python_operator.py
[2026-06-07T16:19:54.417+0000] {processor.py:829} INFO - Processing file /home/airflow/.local/lib/python3.8/site-packages/airflow/example_dags/example_python_operator.py for tasks to queue
[2026-06-07T16:19:54.421+0000] {logging_mixin.py:154} INFO - [2026-06-07T16:19:54.420+0000] {dagbag.py:536} INFO - Filling up the DagBag from /home/airflow/.local/lib/python3.8/site-packages/airflow/example_dags/example_python_operator.py
[2026-06-07T16:19:54.450+0000] {processor.py:839} INFO - DAG(s) dict_keys(['example_python_operator']) retrieved from /home/airflow/.local/lib/python3.8/site-packages/airflow/example_dags/example_python_operator.py
[2026-06-07T16:19:54.516+0000] {logging_mixin.py:154} INFO - [2026-06-07T16:19:54.516+0000] {dag.py:2941} INFO - Sync 1 DAGs
[2026-06-07T16:19:54.563+0000] {logging_mixin.py:154} INFO - [2026-06-07T16:19:54.563+0000] {dag.py:3722} INFO - Setting next_dagrun for example_python_operator to None, run_after=None
[2026-06-07T16:19:54.638+0000] {processor.py:179} INFO - Processing /home/airflow/.local/lib/python3.8/site-packages/airflow/example_dags/example_python_operator.py took 0.251 seconds
[2026-06-07T16:20:25.206+0000] {processor.py:157} INFO - Started process (PID=7850) to work on /home/airflow/.local/lib/python3.8/site-packages/airflow/example_dags/example_python_operator.py
[2026-06-07T16:20:25.209+0000] {processor.py:829} INFO - Processing file /home/airflow/.local/lib/python3.8/site-packages/airflow/example_dags/example_python_operator.py for tasks to queue
[2026-06-07T16:20:25.212+0000] {logging_mixin.py:154} INFO - [2026-06-07T16:20:25.212+0000] {dagbag.py:536} INFO - Filling up the DagBag from /home/airflow/.local/lib/python3.8/site-packages/airflow/example_dags/example_python_operator.py
[2026-06-07T16:20:25.227+0000] {processor.py:839} INFO - DAG(s) dict_keys(['example_python_operator']) retrieved from /home/airflow/.local/lib/python3.8/site-packages/airflow/example_dags/example_python_operator.py
[2026-06-07T16:20:25.267+0000] {logging_mixin.py:154} INFO - [2026-06-07T16:20:25.267+0000] {dag.py:2941} INFO - Sync 1 DAGs
[2026-06-07T16:20:25.353+0000] {logging_mixin.py:154} INFO - [2026-06-07T16:20:25.352+0000] {dag.py:3722} INFO - Setting next_dagrun for example_python_operator to None, run_after=None
[2026-06-07T16:20:25.401+0000] {processor.py:179} INFO - Processing /home/airflow/.local/lib/python3.8/site-packages/airflow/example_dags/example_python_operator.py took 0.199 seconds
[2026-06-07T16:20:55.850+0000] {processor.py:157} INFO - Started process (PID=7904) to work on /home/airflow/.local/lib/python3.8/site-packages/airflow/example_dags/example_python_operator.py
[2026-06-07T16:20:55.853+0000] {processor.py:829} INFO - Processing file /home/airflow/.local/lib/python3.8/site-packages/airflow/example_dags/example_python_operator.py for tasks to queue
[2026-06-07T16:20:55.861+0000] {logging_mixin.py:154} INFO - [2026-06-07T16:20:55.860+0000] {dagbag.py:536} INFO - Filling up the DagBag from /home/airflow/.local/lib/python3.8/site-packages/airflow/example_dags/example_python_operator.py
[2026-06-07T16:20:55.887+0000] {processor.py:839} INFO - DAG(s) dict_keys(['example_python_operator']) retrieved from /home/airflow/.local/lib/python3.8/site-packages/airflow/example_dags/example_python_operator.py
[2026-06-07T16:20:55.922+0000] {logging_mixin.py:154} INFO - [2026-06-07T16:20:55.921+0000] {dag.py:2941} INFO - Sync 1 DAGs
[2026-06-07T16:20:55.941+0000] {logging_mixin.py:154} INFO - [2026-06-07T16:20:55.941+0000] {dag.py:3722} INFO - Setting next_dagrun for example_python_operator to None, run_after=None
[2026-06-07T16:20:55.966+0000] {processor.py:179} INFO - Processing /home/airflow/.local/lib/python3.8/site-packages/airflow/example_dags/example_python_operator.py took 0.124 seconds
[2026-06-07T16:21:26.396+0000] {processor.py:157} INFO - Started process (PID=7958) to work on /home/airflow/.local/lib/python3.8/site-packages/airflow/example_dags/example_python_operator.py
[2026-06-07T16:21:26.410+0000] {processor.py:829} INFO - Processing file /home/airflow/.local/lib/python3.8/site-packages/airflow/example_dags/example_python_operator.py for tasks to queue
[2026-06-07T16:21:26.426+0000] {logging_mixin.py:154} INFO - [2026-06-07T16:21:26.426+0000] {dagbag.py:536} INFO - Filling up the DagBag from /home/airflow/.local/lib/python3.8/site-packages/airflow/example_dags/example_python_operator.py
[2026-06-07T16:21:26.455+0000] {processor.py:839} INFO - DAG(s) dict_keys(['example_python_operator']) retrieved from /home/airflow/.local/lib/python3.8/site-packages/airflow/example_dags/example_python_operator.py
[2026-06-07T16:21:26.500+0000] {logging_mixin.py:154} INFO - [2026-06-07T16:21:26.499+0000] {dag.py:2941} INFO - Sync 1 DAGs
[2026-06-07T16:21:26.521+0000] {logging_mixin.py:154} INFO - [2026-06-07T16:21:26.520+0000] {dag.py:3722} INFO - Setting next_dagrun for example_python_operator to None, run_after=None
[2026-06-07T16:21:26.558+0000] {processor.py:179} INFO - Processing /home/airflow/.local/lib/python3.8/site-packages/airflow/example_dags/example_python_operator.py took 0.170 seconds
[2026-06-07T16:21:56.805+0000] {processor.py:157} INFO - Started process (PID=8012) to work on /home/airflow/.local/lib/python3.8/site-packages/airflow/example_dags/example_python_operator.py
[2026-06-07T16:21:56.807+0000] {processor.py:829} INFO - Processing file /home/airflow/.local/lib/python3.8/site-packages/airflow/example_dags/example_python_operator.py for tasks to queue
[2026-06-07T16:21:56.810+0000] {logging_mixin.py:154} INFO - [2026-06-07T16:21:56.810+0000] {dagbag.py:536} INFO - Filling up the DagBag from /home/airflow/.local/lib/python3.8/site-packages/airflow/example_dags/example_python_operator.py
[2026-06-07T16:21:56.821+0000] {processor.py:839} INFO - DAG(s) dict_keys(['example_python_operator']) retrieved from /home/airflow/.local/lib/python3.8/site-packages/airflow/example_dags/example_python_operator.py
[2026-06-07T16:21:56.847+0000] {logging_mixin.py:154} INFO - [2026-06-07T16:21:56.847+0000] {dag.py:2941} INFO - Sync 1 DAGs
[2026-06-07T16:21:56.861+0000] {logging_mixin.py:154} INFO - [2026-06-07T16:21:56.861+0000] {dag.py:3722} INFO - Setting next_dagrun for example_python_operator to None, run_after=None
[2026-06-07T16:21:56.881+0000] {processor.py:179} INFO - Processing /home/airflow/.local/lib/python3.8/site-packages/airflow/example_dags/example_python_operator.py took 0.081 seconds
[2026-06-07T16:22:27.052+0000] {processor.py:157} INFO - Started process (PID=8066) to work on /home/airflow/.local/lib/python3.8/site-packages/airflow/example_dags/example_python_operator.py
[2026-06-07T16:22:27.053+0000] {processor.py:829} INFO - Processing file /home/airflow/.local/lib/python3.8/site-packages/airflow/example_dags/example_python_operator.py for tasks to queue
[2026-06-07T16:22:27.067+0000] {logging_mixin.py:154} INFO - [2026-06-07T16:22:27.066+0000] {dagbag.py:536} INFO - Filling up the DagBag from /home/airflow/.local/lib/python3.8/site-packages/airflow/example_dags/example_python_operator.py
[2026-06-07T16:22:27.096+0000] {processor.py:839} INFO - DAG(s) dict_keys(['example_python_operator']) retrieved from /home/airflow/.local/lib/python3.8/site-packages/airflow/example_dags/example_python_operator.py
[2026-06-07T16:22:27.133+0000] {logging_mixin.py:154} INFO - [2026-06-07T16:22:27.133+0000] {dag.py:2941} INFO - Sync 1 DAGs
[2026-06-07T16:22:27.155+0000] {logging_mixin.py:154} INFO - [2026-06-07T16:22:27.154+0000] {dag.py:3722} INFO - Setting next_dagrun for example_python_operator to None, run_after=None
[2026-06-07T16:22:27.182+0000] {processor.py:179} INFO - Processing /home/airflow/.local/lib/python3.8/site-packages/airflow/example_dags/example_python_operator.py took 0.135 seconds
[2026-06-07T16:22:57.656+0000] {processor.py:157} INFO - Started process (PID=8118) to work on /home/airflow/.local/lib/python3.8/site-packages/airflow/example_dags/example_python_operator.py
[2026-06-07T16:22:57.657+0000] {processor.py:829} INFO - Processing file /home/airflow/.local/lib/python3.8/site-packages/airflow/example_dags/example_python_operator.py for tasks to queue
[2026-06-07T16:22:57.661+0000] {logging_mixin.py:154} INFO - [2026-06-07T16:22:57.660+0000] {dagbag.py:536} INFO - Filling up the DagBag from /home/airflow/.local/lib/python3.8/site-packages/airflow/example_dags/example_python_operator.py
[2026-06-07T16:22:57.677+0000] {processor.py:839} INFO - DAG(s) dict_keys(['example_python_operator']) retrieved from /home/airflow/.local/lib/python3.8/site-packages/airflow/example_dags/example_python_operator.py
[2026-06-07T16:22:57.713+0000] {logging_mixin.py:154} INFO - [2026-06-07T16:22:57.712+0000] {dag.py:2941} INFO - Sync 1 DAGs
[2026-06-07T16:22:57.731+0000] {logging_mixin.py:154} INFO - [2026-06-07T16:22:57.731+0000] {dag.py:3722} INFO - Setting next_dagrun for example_python_operator to None, run_after=None
[2026-06-07T16:22:57.755+0000] {processor.py:179} INFO - Processing /home/airflow/.local/lib/python3.8/site-packages/airflow/example_dags/example_python_operator.py took 0.104 seconds
[2026-06-07T16:23:28.462+0000] {processor.py:157} INFO - Started process (PID=8172) to work on /home/airflow/.local/lib/python3.8/site-packages/airflow/example_dags/example_python_operator.py
[2026-06-07T16:23:28.469+0000] {processor.py:829} INFO - Processing file /home/airflow/.local/lib/python3.8/site-packages/airflow/example_dags/example_python_operator.py for tasks to queue
[2026-06-07T16:23:28.472+0000] {logging_mixin.py:154} INFO - [2026-06-07T16:23:28.472+0000] {dagbag.py:536} INFO - Filling up the DagBag from /home/airflow/.local/lib/python3.8/site-packages/airflow/example_dags/example_python_operator.py
[2026-06-07T16:23:28.538+0000] {processor.py:839} INFO - DAG(s) dict_keys(['example_python_operator']) retrieved from /home/airflow/.local/lib/python3.8/site-packages/airflow/example_dags/example_python_operator.py
[2026-06-07T16:23:28.664+0000] {logging_mixin.py:154} INFO - [2026-06-07T16:23:28.664+0000] {dag.py:2941} INFO - Sync 1 DAGs
[2026-06-07T16:23:28.762+0000] {logging_mixin.py:154} INFO - [2026-06-07T16:23:28.762+0000] {dag.py:3722} INFO - Setting next_dagrun for example_python_operator to None, run_after=None
[2026-06-07T16:23:28.873+0000] {processor.py:179} INFO - Processing /home/airflow/.local/lib/python3.8/site-packages/airflow/example_dags/example_python_operator.py took 0.432 seconds
[2026-06-07T16:23:59.064+0000] {processor.py:157} INFO - Started process (PID=8226) to work on /home/airflow/.local/lib/python3.8/site-packages/airflow/example_dags/example_python_operator.py
[2026-06-07T16:23:59.066+0000] {processor.py:829} INFO - Processing file /home/airflow/.local/lib/python3.8/site-packages/airflow/example_dags/example_python_operator.py for tasks to queue
[2026-06-07T16:23:59.069+0000] {logging_mixin.py:154} INFO - [2026-06-07T16:23:59.069+0000] {dagbag.py:536} INFO - Filling up the DagBag from /home/airflow/.local/lib/python3.8/site-packages/airflow/example_dags/example_python_operator.py
[2026-06-07T16:23:59.138+0000] {processor.py:839} INFO - DAG(s) dict_keys(['example_python_operator']) retrieved from /home/airflow/.local/lib/python3.8/site-packages/airflow/example_dags/example_python_operator.py
[2026-06-07T16:23:59.217+0000] {logging_mixin.py:154} INFO - [2026-06-07T16:23:59.216+0000] {dag.py:2941} INFO - Sync 1 DAGs
[2026-06-07T16:23:59.255+0000] {logging_mixin.py:154} INFO - [2026-06-07T16:23:59.255+0000] {dag.py:3722} INFO - Setting next_dagrun for example_python_operator to None, run_after=None
[2026-06-07T16:23:59.345+0000] {processor.py:179} INFO - Processing /home/airflow/.local/lib/python3.8/site-packages/airflow/example_dags/example_python_operator.py took 0.299 seconds
[2026-06-07T16:24:29.696+0000] {processor.py:157} INFO - Started process (PID=8279) to work on /home/airflow/.local/lib/python3.8/site-packages/airflow/example_dags/example_python_operator.py
[2026-06-07T16:24:29.697+0000] {processor.py:829} INFO - Processing file /home/airflow/.local/lib/python3.8/site-packages/airflow/example_dags/example_python_operator.py for tasks to queue
[2026-06-07T16:24:29.701+0000] {logging_mixin.py:154} INFO - [2026-06-07T16:24:29.701+0000] {dagbag.py:536} INFO - Filling up the DagBag from /home/airflow/.local/lib/python3.8/site-packages/airflow/example_dags/example_python_operator.py
[2026-06-07T16:24:29.718+0000] {processor.py:839} INFO - DAG(s) dict_keys(['example_python_operator']) retrieved from /home/airflow/.local/lib/python3.8/site-packages/airflow/example_dags/example_python_operator.py
[2026-06-07T16:24:29.753+0000] {logging_mixin.py:154} INFO - [2026-06-07T16:24:29.753+0000] {dag.py:2941} INFO - Sync 1 DAGs
[2026-06-07T16:24:29.772+0000] {logging_mixin.py:154} INFO - [2026-06-07T16:24:29.772+0000] {dag.py:3722} INFO - Setting next_dagrun for example_python_operator to None, run_after=None
[2026-06-07T16:24:29.812+0000] {processor.py:179} INFO - Processing /home/airflow/.local/lib/python3.8/site-packages/airflow/example_dags/example_python_operator.py took 0.122 seconds
[2026-06-07T16:25:00.602+0000] {processor.py:157} INFO - Started process (PID=8332) to work on /home/airflow/.local/lib/python3.8/site-packages/airflow/example_dags/example_python_operator.py
[2026-06-07T16:25:00.603+0000] {processor.py:829} INFO - Processing file /home/airflow/.local/lib/python3.8/site-packages/airflow/example_dags/example_python_operator.py for tasks to queue
[2026-06-07T16:25:00.607+0000] {logging_mixin.py:154} INFO - [2026-06-07T16:25:00.607+0000] {dagbag.py:536} INFO - Filling up the DagBag from /home/airflow/.local/lib/python3.8/site-packages/airflow/example_dags/example_python_operator.py
[2026-06-07T16:25:00.624+0000] {processor.py:839} INFO - DAG(s) dict_keys(['example_python_operator']) retrieved from /home/airflow/.local/lib/python3.8/site-packages/airflow/example_dags/example_python_operator.py
[2026-06-07T16:25:00.657+0000] {logging_mixin.py:154} INFO - [2026-06-07T16:25:00.657+0000] {dag.py:2941} INFO - Sync 1 DAGs
[2026-06-07T16:25:00.677+0000] {logging_mixin.py:154} INFO - [2026-06-07T16:25:00.677+0000] {dag.py:3722} INFO - Setting next_dagrun for example_python_operator to None, run_after=None
[2026-06-07T16:25:00.708+0000] {processor.py:179} INFO - Processing /home/airflow/.local/lib/python3.8/site-packages/airflow/example_dags/example_python_operator.py took 0.111 seconds
[2026-06-07T16:25:30.938+0000] {processor.py:157} INFO - Started process (PID=8385) to work on /home/airflow/.local/lib/python3.8/site-packages/airflow/example_dags/example_python_operator.py
[2026-06-07T16:25:30.941+0000] {processor.py:829} INFO - Processing file /home/airflow/.local/lib/python3.8/site-packages/airflow/example_dags/example_python_operator.py for tasks to queue
[2026-06-07T16:25:30.945+0000] {logging_mixin.py:154} INFO - [2026-06-07T16:25:30.944+0000] {dagbag.py:536} INFO - Filling up the DagBag from /home/airflow/.local/lib/python3.8/site-packages/airflow/example_dags/example_python_operator.py
[2026-06-07T16:25:30.960+0000] {processor.py:839} INFO - DAG(s) dict_keys(['example_python_operator']) retrieved from /home/airflow/.local/lib/python3.8/site-packages/airflow/example_dags/example_python_operator.py
[2026-06-07T16:25:30.997+0000] {logging_mixin.py:154} INFO - [2026-06-07T16:25:30.996+0000] {dag.py:2941} INFO - Sync 1 DAGs
[2026-06-07T16:25:31.017+0000] {logging_mixin.py:154} INFO - [2026-06-07T16:25:31.017+0000] {dag.py:3722} INFO - Setting next_dagrun for example_python_operator to None, run_after=None
[2026-06-07T16:25:31.043+0000] {processor.py:179} INFO - Processing /home/airflow/.local/lib/python3.8/site-packages/airflow/example_dags/example_python_operator.py took 0.110 seconds
[2026-06-07T16:26:02.341+0000] {processor.py:157} INFO - Started process (PID=8445) to work on /home/airflow/.local/lib/python3.8/site-packages/airflow/example_dags/example_python_operator.py
[2026-06-07T16:26:02.346+0000] {processor.py:829} INFO - Processing file /home/airflow/.local/lib/python3.8/site-packages/airflow/example_dags/example_python_operator.py for tasks to queue
[2026-06-07T16:26:02.362+0000] {logging_mixin.py:154} INFO - [2026-06-07T16:26:02.361+0000] {dagbag.py:536} INFO - Filling up the DagBag from /home/airflow/.local/lib/python3.8/site-packages/airflow/example_dags/example_python_operator.py
[2026-06-07T16:26:02.407+0000] {processor.py:839} INFO - DAG(s) dict_keys(['example_python_operator']) retrieved from /home/airflow/.local/lib/python3.8/site-packages/airflow/example_dags/example_python_operator.py
[2026-06-07T16:26:02.548+0000] {logging_mixin.py:154} INFO - [2026-06-07T16:26:02.548+0000] {dag.py:2941} INFO - Sync 1 DAGs
[2026-06-07T16:26:02.634+0000] {logging_mixin.py:154} INFO - [2026-06-07T16:26:02.634+0000] {dag.py:3722} INFO - Setting next_dagrun for example_python_operator to None, run_after=None
[2026-06-07T16:26:02.741+0000] {processor.py:179} INFO - Processing /home/airflow/.local/lib/python3.8/site-packages/airflow/example_dags/example_python_operator.py took 0.438 seconds
[2026-06-07T16:26:33.057+0000] {processor.py:157} INFO - Started process (PID=8499) to work on /home/airflow/.local/lib/python3.8/site-packages/airflow/example_dags/example_python_operator.py
[2026-06-07T16:26:33.061+0000] {processor.py:829} INFO - Processing file /home/airflow/.local/lib/python3.8/site-packages/airflow/example_dags/example_python_operator.py for tasks to queue
[2026-06-07T16:26:33.065+0000] {logging_mixin.py:154} INFO - [2026-06-07T16:26:33.064+0000] {dagbag.py:536} INFO - Filling up the DagBag from /home/airflow/.local/lib/python3.8/site-packages/airflow/example_dags/example_python_operator.py
[2026-06-07T16:26:33.080+0000] {processor.py:839} INFO - DAG(s) dict_keys(['example_python_operator']) retrieved from /home/airflow/.local/lib/python3.8/site-packages/airflow/example_dags/example_python_operator.py
[2026-06-07T16:26:33.118+0000] {logging_mixin.py:154} INFO - [2026-06-07T16:26:33.117+0000] {dag.py:2941} INFO - Sync 1 DAGs
[2026-06-07T16:26:33.138+0000] {logging_mixin.py:154} INFO - [2026-06-07T16:26:33.138+0000] {dag.py:3722} INFO - Setting next_dagrun for example_python_operator to None, run_after=None
[2026-06-07T16:26:33.186+0000] {processor.py:179} INFO - Processing /home/airflow/.local/lib/python3.8/site-packages/airflow/example_dags/example_python_operator.py took 0.134 seconds
[2026-06-07T16:27:03.290+0000] {processor.py:157} INFO - Started process (PID=8553) to work on /home/airflow/.local/lib/python3.8/site-packages/airflow/example_dags/example_python_operator.py
[2026-06-07T16:27:03.291+0000] {processor.py:829} INFO - Processing file /home/airflow/.local/lib/python3.8/site-packages/airflow/example_dags/example_python_operator.py for tasks to queue
[2026-06-07T16:27:03.293+0000] {logging_mixin.py:154} INFO - [2026-06-07T16:27:03.293+0000] {dagbag.py:536} INFO - Filling up the DagBag from /home/airflow/.local/lib/python3.8/site-packages/airflow/example_dags/example_python_operator.py
[2026-06-07T16:27:03.304+0000] {processor.py:839} INFO - DAG(s) dict_keys(['example_python_operator']) retrieved from /home/airflow/.local/lib/python3.8/site-packages/airflow/example_dags/example_python_operator.py
[2026-06-07T16:27:03.331+0000] {logging_mixin.py:154} INFO - [2026-06-07T16:27:03.331+0000] {dag.py:2941} INFO - Sync 1 DAGs
[2026-06-07T16:27:03.345+0000] {logging_mixin.py:154} INFO - [2026-06-07T16:27:03.345+0000] {dag.py:3722} INFO - Setting next_dagrun for example_python_operator to None, run_after=None
[2026-06-07T16:27:03.364+0000] {processor.py:179} INFO - Processing /home/airflow/.local/lib/python3.8/site-packages/airflow/example_dags/example_python_operator.py took 0.078 seconds
[2026-06-07T16:27:34.302+0000] {processor.py:157} INFO - Started process (PID=8607) to work on /home/airflow/.local/lib/python3.8/site-packages/airflow/example_dags/example_python_operator.py
[2026-06-07T16:27:34.307+0000] {processor.py:829} INFO - Processing file /home/airflow/.local/lib/python3.8/site-packages/airflow/example_dags/example_python_operator.py for tasks to queue
[2026-06-07T16:27:34.320+0000] {logging_mixin.py:154} INFO - [2026-06-07T16:27:34.320+0000] {dagbag.py:536} INFO - Filling up the DagBag from /home/airflow/.local/lib/python3.8/site-packages/airflow/example_dags/example_python_operator.py
[2026-06-07T16:27:34.370+0000] {processor.py:839} INFO - DAG(s) dict_keys(['example_python_operator']) retrieved from /home/airflow/.local/lib/python3.8/site-packages/airflow/example_dags/example_python_operator.py
[2026-06-07T16:27:34.446+0000] {logging_mixin.py:154} INFO - [2026-06-07T16:27:34.445+0000] {dag.py:2941} INFO - Sync 1 DAGs
[2026-06-07T16:27:34.487+0000] {logging_mixin.py:154} INFO - [2026-06-07T16:27:34.487+0000] {dag.py:3722} INFO - Setting next_dagrun for example_python_operator to None, run_after=None
[2026-06-07T16:27:34.555+0000] {processor.py:179} INFO - Processing /home/airflow/.local/lib/python3.8/site-packages/airflow/example_dags/example_python_operator.py took 0.263 seconds
[2026-06-07T16:28:05.335+0000] {processor.py:157} INFO - Started process (PID=8661) to work on /home/airflow/.local/lib/python3.8/site-packages/airflow/example_dags/example_python_operator.py
[2026-06-07T16:28:05.338+0000] {processor.py:829} INFO - Processing file /home/airflow/.local/lib/python3.8/site-packages/airflow/example_dags/example_python_operator.py for tasks to queue
[2026-06-07T16:28:05.365+0000] {logging_mixin.py:154} INFO - [2026-06-07T16:28:05.365+0000] {dagbag.py:536} INFO - Filling up the DagBag from /home/airflow/.local/lib/python3.8/site-packages/airflow/example_dags/example_python_operator.py
[2026-06-07T16:28:05.427+0000] {processor.py:839} INFO - DAG(s) dict_keys(['example_python_operator']) retrieved from /home/airflow/.local/lib/python3.8/site-packages/airflow/example_dags/example_python_operator.py
[2026-06-07T16:28:05.543+0000] {logging_mixin.py:154} INFO - [2026-06-07T16:28:05.542+0000] {dag.py:2941} INFO - Sync 1 DAGs
[2026-06-07T16:28:05.604+0000] {logging_mixin.py:154} INFO - [2026-06-07T16:28:05.603+0000] {dag.py:3722} INFO - Setting next_dagrun for example_python_operator to None, run_after=None
[2026-06-07T16:28:05.698+0000] {processor.py:179} INFO - Processing /home/airflow/.local/lib/python3.8/site-packages/airflow/example_dags/example_python_operator.py took 0.391 seconds
[2026-06-07T16:28:35.811+0000] {processor.py:157} INFO - Started process (PID=8715) to work on /home/airflow/.local/lib/python3.8/site-packages/airflow/example_dags/example_python_operator.py
[2026-06-07T16:28:35.814+0000] {processor.py:829} INFO - Processing file /home/airflow/.local/lib/python3.8/site-packages/airflow/example_dags/example_python_operator.py for tasks to queue
[2026-06-07T16:28:35.818+0000] {logging_mixin.py:154} INFO - [2026-06-07T16:28:35.817+0000] {dagbag.py:536} INFO - Filling up the DagBag from /home/airflow/.local/lib/python3.8/site-packages/airflow/example_dags/example_python_operator.py
[2026-06-07T16:28:35.834+0000] {processor.py:839} INFO - DAG(s) dict_keys(['example_python_operator']) retrieved from /home/airflow/.local/lib/python3.8/site-packages/airflow/example_dags/example_python_operator.py
[2026-06-07T16:28:35.885+0000] {logging_mixin.py:154} INFO - [2026-06-07T16:28:35.885+0000] {dag.py:2941} INFO - Sync 1 DAGs
[2026-06-07T16:28:35.901+0000] {logging_mixin.py:154} INFO - [2026-06-07T16:28:35.901+0000] {dag.py:3722} INFO - Setting next_dagrun for example_python_operator to None, run_after=None
[2026-06-07T16:28:35.940+0000] {processor.py:179} INFO - Processing /home/airflow/.local/lib/python3.8/site-packages/airflow/example_dags/example_python_operator.py took 0.134 seconds
[2026-06-07T16:29:06.376+0000] {processor.py:157} INFO - Started process (PID=8769) to work on /home/airflow/.local/lib/python3.8/site-packages/airflow/example_dags/example_python_operator.py
[2026-06-07T16:29:06.377+0000] {processor.py:829} INFO - Processing file /home/airflow/.local/lib/python3.8/site-packages/airflow/example_dags/example_python_operator.py for tasks to queue
[2026-06-07T16:29:06.381+0000] {logging_mixin.py:154} INFO - [2026-06-07T16:29:06.380+0000] {dagbag.py:536} INFO - Filling up the DagBag from /home/airflow/.local/lib/python3.8/site-packages/airflow/example_dags/example_python_operator.py
[2026-06-07T16:29:06.397+0000] {processor.py:839} INFO - DAG(s) dict_keys(['example_python_operator']) retrieved from /home/airflow/.local/lib/python3.8/site-packages/airflow/example_dags/example_python_operator.py
[2026-06-07T16:29:06.434+0000] {logging_mixin.py:154} INFO - [2026-06-07T16:29:06.433+0000] {dag.py:2941} INFO - Sync 1 DAGs
[2026-06-07T16:29:06.453+0000] {logging_mixin.py:154} INFO - [2026-06-07T16:29:06.453+0000] {dag.py:3722} INFO - Setting next_dagrun for example_python_operator to None, run_after=None
[2026-06-07T16:29:06.477+0000] {processor.py:179} INFO - Processing /home/airflow/.local/lib/python3.8/site-packages/airflow/example_dags/example_python_operator.py took 0.107 seconds
[2026-06-07T16:29:37.525+0000] {processor.py:157} INFO - Started process (PID=8823) to work on /home/airflow/.local/lib/python3.8/site-packages/airflow/example_dags/example_python_operator.py
[2026-06-07T16:29:37.530+0000] {processor.py:829} INFO - Processing file /home/airflow/.local/lib/python3.8/site-packages/airflow/example_dags/example_python_operator.py for tasks to queue
[2026-06-07T16:29:37.556+0000] {logging_mixin.py:154} INFO - [2026-06-07T16:29:37.555+0000] {dagbag.py:536} INFO - Filling up the DagBag from /home/airflow/.local/lib/python3.8/site-packages/airflow/example_dags/example_python_operator.py
[2026-06-07T16:29:37.589+0000] {processor.py:839} INFO - DAG(s) dict_keys(['example_python_operator']) retrieved from /home/airflow/.local/lib/python3.8/site-packages/airflow/example_dags/example_python_operator.py
[2026-06-07T16:29:37.626+0000] {logging_mixin.py:154} INFO - [2026-06-07T16:29:37.626+0000] {dag.py:2941} INFO - Sync 1 DAGs
[2026-06-07T16:29:37.646+0000] {logging_mixin.py:154} INFO - [2026-06-07T16:29:37.645+0000] {dag.py:3722} INFO - Setting next_dagrun for example_python_operator to None, run_after=None
[2026-06-07T16:29:37.684+0000] {processor.py:179} INFO - Processing /home/airflow/.local/lib/python3.8/site-packages/airflow/example_dags/example_python_operator.py took 0.185 seconds
[2026-06-07T16:30:07.972+0000] {processor.py:157} INFO - Started process (PID=8877) to work on /home/airflow/.local/lib/python3.8/site-packages/airflow/example_dags/example_python_operator.py
[2026-06-07T16:30:07.975+0000] {processor.py:829} INFO - Processing file /home/airflow/.local/lib/python3.8/site-packages/airflow/example_dags/example_python_operator.py for tasks to queue
[2026-06-07T16:30:07.989+0000] {logging_mixin.py:154} INFO - [2026-06-07T16:30:07.989+0000] {dagbag.py:536} INFO - Filling up the DagBag from /home/airflow/.local/lib/python3.8/site-packages/airflow/example_dags/example_python_operator.py
[2026-06-07T16:30:08.022+0000] {processor.py:839} INFO - DAG(s) dict_keys(['example_python_operator']) retrieved from /home/airflow/.local/lib/python3.8/site-packages/airflow/example_dags/example_python_operator.py
[2026-06-07T16:30:08.110+0000] {logging_mixin.py:154} INFO - [2026-06-07T16:30:08.110+0000] {dag.py:2941} INFO - Sync 1 DAGs
[2026-06-07T16:30:08.148+0000] {logging_mixin.py:154} INFO - [2026-06-07T16:30:08.147+0000] {dag.py:3722} INFO - Setting next_dagrun for example_python_operator to None, run_after=None
[2026-06-07T16:30:08.198+0000] {processor.py:179} INFO - Processing /home/airflow/.local/lib/python3.8/site-packages/airflow/example_dags/example_python_operator.py took 0.232 seconds
[2026-06-07T16:30:38.583+0000] {processor.py:157} INFO - Started process (PID=8930) to work on /home/airflow/.local/lib/python3.8/site-packages/airflow/example_dags/example_python_operator.py
[2026-06-07T16:30:38.593+0000] {processor.py:829} INFO - Processing file /home/airflow/.local/lib/python3.8/site-packages/airflow/example_dags/example_python_operator.py for tasks to queue
[2026-06-07T16:30:38.643+0000] {logging_mixin.py:154} INFO - [2026-06-07T16:30:38.642+0000] {dagbag.py:536} INFO - Filling up the DagBag from /home/airflow/.local/lib/python3.8/site-packages/airflow/example_dags/example_python_operator.py
[2026-06-07T16:30:38.672+0000] {processor.py:839} INFO - DAG(s) dict_keys(['example_python_operator']) retrieved from /home/airflow/.local/lib/python3.8/site-packages/airflow/example_dags/example_python_operator.py
[2026-06-07T16:30:38.860+0000] {logging_mixin.py:154} INFO - [2026-06-07T16:30:38.860+0000] {dag.py:2941} INFO - Sync 1 DAGs
[2026-06-07T16:30:38.920+0000] {logging_mixin.py:154} INFO - [2026-06-07T16:30:38.920+0000] {dag.py:3722} INFO - Setting next_dagrun for example_python_operator to None, run_after=None
[2026-06-07T16:30:39.004+0000] {processor.py:179} INFO - Processing /home/airflow/.local/lib/python3.8/site-packages/airflow/example_dags/example_python_operator.py took 0.435 seconds
[2026-06-07T16:31:09.147+0000] {processor.py:157} INFO - Started process (PID=8984) to work on /home/airflow/.local/lib/python3.8/site-packages/airflow/example_dags/example_python_operator.py
[2026-06-07T16:31:09.150+0000] {processor.py:829} INFO - Processing file /home/airflow/.local/lib/python3.8/site-packages/airflow/example_dags/example_python_operator.py for tasks to queue
[2026-06-07T16:31:09.155+0000] {logging_mixin.py:154} INFO - [2026-06-07T16:31:09.154+0000] {dagbag.py:536} INFO - Filling up the DagBag from /home/airflow/.local/lib/python3.8/site-packages/airflow/example_dags/example_python_operator.py
[2026-06-07T16:31:09.176+0000] {processor.py:839} INFO - DAG(s) dict_keys(['example_python_operator']) retrieved from /home/airflow/.local/lib/python3.8/site-packages/airflow/example_dags/example_python_operator.py
[2026-06-07T16:31:09.221+0000] {logging_mixin.py:154} INFO - [2026-06-07T16:31:09.221+0000] {dag.py:2941} INFO - Sync 1 DAGs
[2026-06-07T16:31:09.251+0000] {logging_mixin.py:154} INFO - [2026-06-07T16:31:09.251+0000] {dag.py:3722} INFO - Setting next_dagrun for example_python_operator to None, run_after=None
[2026-06-07T16:31:09.290+0000] {processor.py:179} INFO - Processing /home/airflow/.local/lib/python3.8/site-packages/airflow/example_dags/example_python_operator.py took 0.148 seconds
[2026-06-07T16:31:39.493+0000] {processor.py:157} INFO - Started process (PID=9039) to work on /home/airflow/.local/lib/python3.8/site-packages/airflow/example_dags/example_python_operator.py
[2026-06-07T16:31:39.494+0000] {processor.py:829} INFO - Processing file /home/airflow/.local/lib/python3.8/site-packages/airflow/example_dags/example_python_operator.py for tasks to queue
[2026-06-07T16:31:39.506+0000] {logging_mixin.py:154} INFO - [2026-06-07T16:31:39.505+0000] {dagbag.py:536} INFO - Filling up the DagBag from /home/airflow/.local/lib/python3.8/site-packages/airflow/example_dags/example_python_operator.py
[2026-06-07T16:31:39.526+0000] {processor.py:839} INFO - DAG(s) dict_keys(['example_python_operator']) retrieved from /home/airflow/.local/lib/python3.8/site-packages/airflow/example_dags/example_python_operator.py
[2026-06-07T16:31:39.620+0000] {logging_mixin.py:154} INFO - [2026-06-07T16:31:39.620+0000] {dag.py:2941} INFO - Sync 1 DAGs
[2026-06-07T16:31:39.662+0000] {logging_mixin.py:154} INFO - [2026-06-07T16:31:39.661+0000] {dag.py:3722} INFO - Setting next_dagrun for example_python_operator to None, run_after=None
[2026-06-07T16:31:39.719+0000] {processor.py:179} INFO - Processing /home/airflow/.local/lib/python3.8/site-packages/airflow/example_dags/example_python_operator.py took 0.240 seconds
[2026-06-07T16:32:10.551+0000] {processor.py:157} INFO - Started process (PID=9094) to work on /home/airflow/.local/lib/python3.8/site-packages/airflow/example_dags/example_python_operator.py
[2026-06-07T16:32:10.561+0000] {processor.py:829} INFO - Processing file /home/airflow/.local/lib/python3.8/site-packages/airflow/example_dags/example_python_operator.py for tasks to queue
[2026-06-07T16:32:10.576+0000] {logging_mixin.py:154} INFO - [2026-06-07T16:32:10.575+0000] {dagbag.py:536} INFO - Filling up the DagBag from /home/airflow/.local/lib/python3.8/site-packages/airflow/example_dags/example_python_operator.py
[2026-06-07T16:32:10.637+0000] {processor.py:839} INFO - DAG(s) dict_keys(['example_python_operator']) retrieved from /home/airflow/.local/lib/python3.8/site-packages/airflow/example_dags/example_python_operator.py
[2026-06-07T16:32:10.779+0000] {logging_mixin.py:154} INFO - [2026-06-07T16:32:10.779+0000] {dag.py:2941} INFO - Sync 1 DAGs
[2026-06-07T16:32:10.847+0000] {logging_mixin.py:154} INFO - [2026-06-07T16:32:10.847+0000] {dag.py:3722} INFO - Setting next_dagrun for example_python_operator to None, run_after=None
[2026-06-07T16:32:10.932+0000] {processor.py:179} INFO - Processing /home/airflow/.local/lib/python3.8/site-packages/airflow/example_dags/example_python_operator.py took 0.412 seconds
[2026-06-07T16:32:41.788+0000] {processor.py:157} INFO - Started process (PID=9148) to work on /home/airflow/.local/lib/python3.8/site-packages/airflow/example_dags/example_python_operator.py
[2026-06-07T16:32:41.791+0000] {processor.py:829} INFO - Processing file /home/airflow/.local/lib/python3.8/site-packages/airflow/example_dags/example_python_operator.py for tasks to queue
[2026-06-07T16:32:41.799+0000] {logging_mixin.py:154} INFO - [2026-06-07T16:32:41.799+0000] {dagbag.py:536} INFO - Filling up the DagBag from /home/airflow/.local/lib/python3.8/site-packages/airflow/example_dags/example_python_operator.py
[2026-06-07T16:32:41.820+0000] {processor.py:839} INFO - DAG(s) dict_keys(['example_python_operator']) retrieved from /home/airflow/.local/lib/python3.8/site-packages/airflow/example_dags/example_python_operator.py
[2026-06-07T16:32:41.925+0000] {logging_mixin.py:154} INFO - [2026-06-07T16:32:41.925+0000] {dag.py:2941} INFO - Sync 1 DAGs
[2026-06-07T16:32:41.975+0000] {logging_mixin.py:154} INFO - [2026-06-07T16:32:41.975+0000] {dag.py:3722} INFO - Setting next_dagrun for example_python_operator to None, run_after=None
[2026-06-07T16:32:42.036+0000] {processor.py:179} INFO - Processing /home/airflow/.local/lib/python3.8/site-packages/airflow/example_dags/example_python_operator.py took 0.258 seconds
[2026-06-07T16:33:12.705+0000] {processor.py:157} INFO - Started process (PID=9202) to work on /home/airflow/.local/lib/python3.8/site-packages/airflow/example_dags/example_python_operator.py
[2026-06-07T16:33:12.707+0000] {processor.py:829} INFO - Processing file /home/airflow/.local/lib/python3.8/site-packages/airflow/example_dags/example_python_operator.py for tasks to queue
[2026-06-07T16:33:12.710+0000] {logging_mixin.py:154} INFO - [2026-06-07T16:33:12.710+0000] {dagbag.py:536} INFO - Filling up the DagBag from /home/airflow/.local/lib/python3.8/site-packages/airflow/example_dags/example_python_operator.py
[2026-06-07T16:33:12.744+0000] {processor.py:839} INFO - DAG(s) dict_keys(['example_python_operator']) retrieved from /home/airflow/.local/lib/python3.8/site-packages/airflow/example_dags/example_python_operator.py
[2026-06-07T16:33:12.832+0000] {logging_mixin.py:154} INFO - [2026-06-07T16:33:12.832+0000] {dag.py:2941} INFO - Sync 1 DAGs
[2026-06-07T16:33:12.889+0000] {logging_mixin.py:154} INFO - [2026-06-07T16:33:12.889+0000] {dag.py:3722} INFO - Setting next_dagrun for example_python_operator to None, run_after=None
[2026-06-07T16:33:12.970+0000] {processor.py:179} INFO - Processing /home/airflow/.local/lib/python3.8/site-packages/airflow/example_dags/example_python_operator.py took 0.281 seconds
[2026-06-07T16:33:43.468+0000] {processor.py:157} INFO - Started process (PID=9255) to work on /home/airflow/.local/lib/python3.8/site-packages/airflow/example_dags/example_python_operator.py
[2026-06-07T16:33:43.469+0000] {processor.py:829} INFO - Processing file /home/airflow/.local/lib/python3.8/site-packages/airflow/example_dags/example_python_operator.py for tasks to queue
[2026-06-07T16:33:43.472+0000] {logging_mixin.py:154} INFO - [2026-06-07T16:33:43.472+0000] {dagbag.py:536} INFO - Filling up the DagBag from /home/airflow/.local/lib/python3.8/site-packages/airflow/example_dags/example_python_operator.py
[2026-06-07T16:33:43.489+0000] {processor.py:839} INFO - DAG(s) dict_keys(['example_python_operator']) retrieved from /home/airflow/.local/lib/python3.8/site-packages/airflow/example_dags/example_python_operator.py
[2026-06-07T16:33:43.540+0000] {logging_mixin.py:154} INFO - [2026-06-07T16:33:43.539+0000] {dag.py:2941} INFO - Sync 1 DAGs
[2026-06-07T16:33:43.579+0000] {logging_mixin.py:154} INFO - [2026-06-07T16:33:43.579+0000] {dag.py:3722} INFO - Setting next_dagrun for example_python_operator to None, run_after=None
[2026-06-07T16:33:43.614+0000] {processor.py:179} INFO - Processing /home/airflow/.local/lib/python3.8/site-packages/airflow/example_dags/example_python_operator.py took 0.151 seconds
[2026-06-07T16:34:14.259+0000] {processor.py:157} INFO - Started process (PID=9309) to work on /home/airflow/.local/lib/python3.8/site-packages/airflow/example_dags/example_python_operator.py
[2026-06-07T16:34:14.261+0000] {processor.py:829} INFO - Processing file /home/airflow/.local/lib/python3.8/site-packages/airflow/example_dags/example_python_operator.py for tasks to queue
[2026-06-07T16:34:14.264+0000] {logging_mixin.py:154} INFO - [2026-06-07T16:34:14.264+0000] {dagbag.py:536} INFO - Filling up the DagBag from /home/airflow/.local/lib/python3.8/site-packages/airflow/example_dags/example_python_operator.py
[2026-06-07T16:34:14.299+0000] {processor.py:839} INFO - DAG(s) dict_keys(['example_python_operator']) retrieved from /home/airflow/.local/lib/python3.8/site-packages/airflow/example_dags/example_python_operator.py
[2026-06-07T16:34:14.354+0000] {logging_mixin.py:154} INFO - [2026-06-07T16:34:14.354+0000] {dag.py:2941} INFO - Sync 1 DAGs
[2026-06-07T16:34:14.373+0000] {logging_mixin.py:154} INFO - [2026-06-07T16:34:14.373+0000] {dag.py:3722} INFO - Setting next_dagrun for example_python_operator to None, run_after=None
[2026-06-07T16:34:14.399+0000] {processor.py:179} INFO - Processing /home/airflow/.local/lib/python3.8/site-packages/airflow/example_dags/example_python_operator.py took 0.144 seconds
[2026-06-07T16:34:45.190+0000] {processor.py:157} INFO - Started process (PID=9363) to work on /home/airflow/.local/lib/python3.8/site-packages/airflow/example_dags/example_python_operator.py
[2026-06-07T16:34:45.191+0000] {processor.py:829} INFO - Processing file /home/airflow/.local/lib/python3.8/site-packages/airflow/example_dags/example_python_operator.py for tasks to queue
[2026-06-07T16:34:45.194+0000] {logging_mixin.py:154} INFO - [2026-06-07T16:34:45.194+0000] {dagbag.py:536} INFO - Filling up the DagBag from /home/airflow/.local/lib/python3.8/site-packages/airflow/example_dags/example_python_operator.py
[2026-06-07T16:34:45.209+0000] {processor.py:839} INFO - DAG(s) dict_keys(['example_python_operator']) retrieved from /home/airflow/.local/lib/python3.8/site-packages/airflow/example_dags/example_python_operator.py
[2026-06-07T16:34:45.248+0000] {logging_mixin.py:154} INFO - [2026-06-07T16:34:45.247+0000] {dag.py:2941} INFO - Sync 1 DAGs
[2026-06-07T16:34:45.275+0000] {logging_mixin.py:154} INFO - [2026-06-07T16:34:45.275+0000] {dag.py:3722} INFO - Setting next_dagrun for example_python_operator to None, run_after=None
[2026-06-07T16:34:45.302+0000] {processor.py:179} INFO - Processing /home/airflow/.local/lib/python3.8/site-packages/airflow/example_dags/example_python_operator.py took 0.116 seconds
[2026-06-07T16:35:15.688+0000] {processor.py:157} INFO - Started process (PID=9416) to work on /home/airflow/.local/lib/python3.8/site-packages/airflow/example_dags/example_python_operator.py
[2026-06-07T16:35:15.699+0000] {processor.py:829} INFO - Processing file /home/airflow/.local/lib/python3.8/site-packages/airflow/example_dags/example_python_operator.py for tasks to queue
[2026-06-07T16:35:15.707+0000] {logging_mixin.py:154} INFO - [2026-06-07T16:35:15.706+0000] {dagbag.py:536} INFO - Filling up the DagBag from /home/airflow/.local/lib/python3.8/site-packages/airflow/example_dags/example_python_operator.py
[2026-06-07T16:35:15.764+0000] {processor.py:839} INFO - DAG(s) dict_keys(['example_python_operator']) retrieved from /home/airflow/.local/lib/python3.8/site-packages/airflow/example_dags/example_python_operator.py
[2026-06-07T16:35:15.954+0000] {logging_mixin.py:154} INFO - [2026-06-07T16:35:15.954+0000] {dag.py:2941} INFO - Sync 1 DAGs
[2026-06-07T16:35:16.023+0000] {logging_mixin.py:154} INFO - [2026-06-07T16:35:16.023+0000] {dag.py:3722} INFO - Setting next_dagrun for example_python_operator to None, run_after=None
[2026-06-07T16:35:16.126+0000] {processor.py:179} INFO - Processing /home/airflow/.local/lib/python3.8/site-packages/airflow/example_dags/example_python_operator.py took 0.443 seconds
[2026-06-07T16:35:46.364+0000] {processor.py:157} INFO - Started process (PID=9470) to work on /home/airflow/.local/lib/python3.8/site-packages/airflow/example_dags/example_python_operator.py
[2026-06-07T16:35:46.369+0000] {processor.py:829} INFO - Processing file /home/airflow/.local/lib/python3.8/site-packages/airflow/example_dags/example_python_operator.py for tasks to queue
[2026-06-07T16:35:46.373+0000] {logging_mixin.py:154} INFO - [2026-06-07T16:35:46.372+0000] {dagbag.py:536} INFO - Filling up the DagBag from /home/airflow/.local/lib/python3.8/site-packages/airflow/example_dags/example_python_operator.py
[2026-06-07T16:35:46.401+0000] {processor.py:839} INFO - DAG(s) dict_keys(['example_python_operator']) retrieved from /home/airflow/.local/lib/python3.8/site-packages/airflow/example_dags/example_python_operator.py
[2026-06-07T16:35:46.469+0000] {logging_mixin.py:154} INFO - [2026-06-07T16:35:46.469+0000] {dag.py:2941} INFO - Sync 1 DAGs
[2026-06-07T16:35:46.502+0000] {logging_mixin.py:154} INFO - [2026-06-07T16:35:46.501+0000] {dag.py:3722} INFO - Setting next_dagrun for example_python_operator to None, run_after=None
[2026-06-07T16:35:46.548+0000] {processor.py:179} INFO - Processing /home/airflow/.local/lib/python3.8/site-packages/airflow/example_dags/example_python_operator.py took 0.197 seconds
[2026-06-07T16:36:16.900+0000] {processor.py:157} INFO - Started process (PID=9524) to work on /home/airflow/.local/lib/python3.8/site-packages/airflow/example_dags/example_python_operator.py
[2026-06-07T16:36:16.901+0000] {processor.py:829} INFO - Processing file /home/airflow/.local/lib/python3.8/site-packages/airflow/example_dags/example_python_operator.py for tasks to queue
[2026-06-07T16:36:16.904+0000] {logging_mixin.py:154} INFO - [2026-06-07T16:36:16.904+0000] {dagbag.py:536} INFO - Filling up the DagBag from /home/airflow/.local/lib/python3.8/site-packages/airflow/example_dags/example_python_operator.py
[2026-06-07T16:36:16.917+0000] {processor.py:839} INFO - DAG(s) dict_keys(['example_python_operator']) retrieved from /home/airflow/.local/lib/python3.8/site-packages/airflow/example_dags/example_python_operator.py
[2026-06-07T16:36:16.943+0000] {logging_mixin.py:154} INFO - [2026-06-07T16:36:16.943+0000] {dag.py:2941} INFO - Sync 1 DAGs
[2026-06-07T16:36:16.957+0000] {logging_mixin.py:154} INFO - [2026-06-07T16:36:16.957+0000] {dag.py:3722} INFO - Setting next_dagrun for example_python_operator to None, run_after=None
[2026-06-07T16:36:16.977+0000] {processor.py:179} INFO - Processing /home/airflow/.local/lib/python3.8/site-packages/airflow/example_dags/example_python_operator.py took 0.082 seconds
[2026-06-07T16:36:47.392+0000] {processor.py:157} INFO - Started process (PID=9578) to work on /home/airflow/.local/lib/python3.8/site-packages/airflow/example_dags/example_python_operator.py
[2026-06-07T16:36:47.393+0000] {processor.py:829} INFO - Processing file /home/airflow/.local/lib/python3.8/site-packages/airflow/example_dags/example_python_operator.py for tasks to queue
[2026-06-07T16:36:47.397+0000] {logging_mixin.py:154} INFO - [2026-06-07T16:36:47.396+0000] {dagbag.py:536} INFO - Filling up the DagBag from /home/airflow/.local/lib/python3.8/site-packages/airflow/example_dags/example_python_operator.py
[2026-06-07T16:36:47.413+0000] {processor.py:839} INFO - DAG(s) dict_keys(['example_python_operator']) retrieved from /home/airflow/.local/lib/python3.8/site-packages/airflow/example_dags/example_python_operator.py
[2026-06-07T16:36:47.449+0000] {logging_mixin.py:154} INFO - [2026-06-07T16:36:47.449+0000] {dag.py:2941} INFO - Sync 1 DAGs
[2026-06-07T16:36:47.499+0000] {logging_mixin.py:154} INFO - [2026-06-07T16:36:47.499+0000] {dag.py:3722} INFO - Setting next_dagrun for example_python_operator to None, run_after=None
[2026-06-07T16:36:47.562+0000] {processor.py:179} INFO - Processing /home/airflow/.local/lib/python3.8/site-packages/airflow/example_dags/example_python_operator.py took 0.174 seconds
[2026-06-07T16:37:18.235+0000] {processor.py:157} INFO - Started process (PID=9631) to work on /home/airflow/.local/lib/python3.8/site-packages/airflow/example_dags/example_python_operator.py
[2026-06-07T16:37:18.236+0000] {processor.py:829} INFO - Processing file /home/airflow/.local/lib/python3.8/site-packages/airflow/example_dags/example_python_operator.py for tasks to queue
[2026-06-07T16:37:18.240+0000] {logging_mixin.py:154} INFO - [2026-06-07T16:37:18.240+0000] {dagbag.py:536} INFO - Filling up the DagBag from /home/airflow/.local/lib/python3.8/site-packages/airflow/example_dags/example_python_operator.py
[2026-06-07T16:37:18.276+0000] {processor.py:839} INFO - DAG(s) dict_keys(['example_python_operator']) retrieved from /home/airflow/.local/lib/python3.8/site-packages/airflow/example_dags/example_python_operator.py
[2026-06-07T16:37:18.321+0000] {logging_mixin.py:154} INFO - [2026-06-07T16:37:18.321+0000] {dag.py:2941} INFO - Sync 1 DAGs
[2026-06-07T16:37:18.341+0000] {logging_mixin.py:154} INFO - [2026-06-07T16:37:18.341+0000] {dag.py:3722} INFO - Setting next_dagrun for example_python_operator to None, run_after=None
[2026-06-07T16:37:18.376+0000] {processor.py:179} INFO - Processing /home/airflow/.local/lib/python3.8/site-packages/airflow/example_dags/example_python_operator.py took 0.155 seconds
[2026-06-07T16:37:48.546+0000] {processor.py:157} INFO - Started process (PID=9684) to work on /home/airflow/.local/lib/python3.8/site-packages/airflow/example_dags/example_python_operator.py
[2026-06-07T16:37:48.547+0000] {processor.py:829} INFO - Processing file /home/airflow/.local/lib/python3.8/site-packages/airflow/example_dags/example_python_operator.py for tasks to queue
[2026-06-07T16:37:48.551+0000] {logging_mixin.py:154} INFO - [2026-06-07T16:37:48.550+0000] {dagbag.py:536} INFO - Filling up the DagBag from /home/airflow/.local/lib/python3.8/site-packages/airflow/example_dags/example_python_operator.py
[2026-06-07T16:37:48.575+0000] {processor.py:839} INFO - DAG(s) dict_keys(['example_python_operator']) retrieved from /home/airflow/.local/lib/python3.8/site-packages/airflow/example_dags/example_python_operator.py
[2026-06-07T16:37:48.697+0000] {logging_mixin.py:154} INFO - [2026-06-07T16:37:48.697+0000] {dag.py:2941} INFO - Sync 1 DAGs
[2026-06-07T16:37:48.741+0000] {logging_mixin.py:154} INFO - [2026-06-07T16:37:48.740+0000] {dag.py:3722} INFO - Setting next_dagrun for example_python_operator to None, run_after=None
[2026-06-07T16:37:48.787+0000] {processor.py:179} INFO - Processing /home/airflow/.local/lib/python3.8/site-packages/airflow/example_dags/example_python_operator.py took 0.246 seconds
[2026-06-07T16:38:19.444+0000] {processor.py:157} INFO - Started process (PID=9738) to work on /home/airflow/.local/lib/python3.8/site-packages/airflow/example_dags/example_python_operator.py
[2026-06-07T16:38:19.446+0000] {processor.py:829} INFO - Processing file /home/airflow/.local/lib/python3.8/site-packages/airflow/example_dags/example_python_operator.py for tasks to queue
[2026-06-07T16:38:19.450+0000] {logging_mixin.py:154} INFO - [2026-06-07T16:38:19.449+0000] {dagbag.py:536} INFO - Filling up the DagBag from /home/airflow/.local/lib/python3.8/site-packages/airflow/example_dags/example_python_operator.py
[2026-06-07T16:38:19.465+0000] {processor.py:839} INFO - DAG(s) dict_keys(['example_python_operator']) retrieved from /home/airflow/.local/lib/python3.8/site-packages/airflow/example_dags/example_python_operator.py
[2026-06-07T16:38:19.510+0000] {logging_mixin.py:154} INFO - [2026-06-07T16:38:19.510+0000] {dag.py:2941} INFO - Sync 1 DAGs
[2026-06-07T16:38:19.530+0000] {logging_mixin.py:154} INFO - [2026-06-07T16:38:19.530+0000] {dag.py:3722} INFO - Setting next_dagrun for example_python_operator to None, run_after=None
[2026-06-07T16:38:19.556+0000] {processor.py:179} INFO - Processing /home/airflow/.local/lib/python3.8/site-packages/airflow/example_dags/example_python_operator.py took 0.117 seconds
[2026-06-07T16:38:49.723+0000] {processor.py:157} INFO - Started process (PID=9792) to work on /home/airflow/.local/lib/python3.8/site-packages/airflow/example_dags/example_python_operator.py
[2026-06-07T16:38:49.724+0000] {processor.py:829} INFO - Processing file /home/airflow/.local/lib/python3.8/site-packages/airflow/example_dags/example_python_operator.py for tasks to queue
[2026-06-07T16:38:49.727+0000] {logging_mixin.py:154} INFO - [2026-06-07T16:38:49.726+0000] {dagbag.py:536} INFO - Filling up the DagBag from /home/airflow/.local/lib/python3.8/site-packages/airflow/example_dags/example_python_operator.py
[2026-06-07T16:38:49.738+0000] {processor.py:839} INFO - DAG(s) dict_keys(['example_python_operator']) retrieved from /home/airflow/.local/lib/python3.8/site-packages/airflow/example_dags/example_python_operator.py
[2026-06-07T16:38:49.765+0000] {logging_mixin.py:154} INFO - [2026-06-07T16:38:49.764+0000] {dag.py:2941} INFO - Sync 1 DAGs
[2026-06-07T16:38:49.779+0000] {logging_mixin.py:154} INFO - [2026-06-07T16:38:49.779+0000] {dag.py:3722} INFO - Setting next_dagrun for example_python_operator to None, run_after=None
[2026-06-07T16:38:49.798+0000] {processor.py:179} INFO - Processing /home/airflow/.local/lib/python3.8/site-packages/airflow/example_dags/example_python_operator.py took 0.079 seconds
[2026-06-07T16:39:20.352+0000] {processor.py:157} INFO - Started process (PID=9846) to work on /home/airflow/.local/lib/python3.8/site-packages/airflow/example_dags/example_python_operator.py
[2026-06-07T16:39:20.354+0000] {processor.py:829} INFO - Processing file /home/airflow/.local/lib/python3.8/site-packages/airflow/example_dags/example_python_operator.py for tasks to queue
[2026-06-07T16:39:20.357+0000] {logging_mixin.py:154} INFO - [2026-06-07T16:39:20.356+0000] {dagbag.py:536} INFO - Filling up the DagBag from /home/airflow/.local/lib/python3.8/site-packages/airflow/example_dags/example_python_operator.py
[2026-06-07T16:39:20.369+0000] {processor.py:839} INFO - DAG(s) dict_keys(['example_python_operator']) retrieved from /home/airflow/.local/lib/python3.8/site-packages/airflow/example_dags/example_python_operator.py
[2026-06-07T16:39:20.396+0000] {logging_mixin.py:154} INFO - [2026-06-07T16:39:20.396+0000] {dag.py:2941} INFO - Sync 1 DAGs
[2026-06-07T16:39:20.410+0000] {logging_mixin.py:154} INFO - [2026-06-07T16:39:20.410+0000] {dag.py:3722} INFO - Setting next_dagrun for example_python_operator to None, run_after=None
[2026-06-07T16:39:20.430+0000] {processor.py:179} INFO - Processing /home/airflow/.local/lib/python3.8/site-packages/airflow/example_dags/example_python_operator.py took 0.082 seconds
[2026-06-07T16:39:50.912+0000] {processor.py:157} INFO - Started process (PID=9900) to work on /home/airflow/.local/lib/python3.8/site-packages/airflow/example_dags/example_python_operator.py
[2026-06-07T16:39:50.913+0000] {processor.py:829} INFO - Processing file /home/airflow/.local/lib/python3.8/site-packages/airflow/example_dags/example_python_operator.py for tasks to queue
[2026-06-07T16:39:50.916+0000] {logging_mixin.py:154} INFO - [2026-06-07T16:39:50.916+0000] {dagbag.py:536} INFO - Filling up the DagBag from /home/airflow/.local/lib/python3.8/site-packages/airflow/example_dags/example_python_operator.py
[2026-06-07T16:39:50.929+0000] {processor.py:839} INFO - DAG(s) dict_keys(['example_python_operator']) retrieved from /home/airflow/.local/lib/python3.8/site-packages/airflow/example_dags/example_python_operator.py
[2026-06-07T16:39:50.960+0000] {logging_mixin.py:154} INFO - [2026-06-07T16:39:50.960+0000] {dag.py:2941} INFO - Sync 1 DAGs
[2026-06-07T16:39:50.974+0000] {logging_mixin.py:154} INFO - [2026-06-07T16:39:50.973+0000] {dag.py:3722} INFO - Setting next_dagrun for example_python_operator to None, run_after=None
[2026-06-07T16:39:50.994+0000] {processor.py:179} INFO - Processing /home/airflow/.local/lib/python3.8/site-packages/airflow/example_dags/example_python_operator.py took 0.086 seconds
[2026-06-07T16:40:21.325+0000] {processor.py:157} INFO - Started process (PID=9954) to work on /home/airflow/.local/lib/python3.8/site-packages/airflow/example_dags/example_python_operator.py
[2026-06-07T16:40:21.334+0000] {processor.py:829} INFO - Processing file /home/airflow/.local/lib/python3.8/site-packages/airflow/example_dags/example_python_operator.py for tasks to queue
[2026-06-07T16:40:21.340+0000] {logging_mixin.py:154} INFO - [2026-06-07T16:40:21.340+0000] {dagbag.py:536} INFO - Filling up the DagBag from /home/airflow/.local/lib/python3.8/site-packages/airflow/example_dags/example_python_operator.py
[2026-06-07T16:40:21.400+0000] {processor.py:839} INFO - DAG(s) dict_keys(['example_python_operator']) retrieved from /home/airflow/.local/lib/python3.8/site-packages/airflow/example_dags/example_python_operator.py
[2026-06-07T16:40:21.517+0000] {logging_mixin.py:154} INFO - [2026-06-07T16:40:21.517+0000] {dag.py:2941} INFO - Sync 1 DAGs
[2026-06-07T16:40:21.538+0000] {logging_mixin.py:154} INFO - [2026-06-07T16:40:21.537+0000] {dag.py:3722} INFO - Setting next_dagrun for example_python_operator to None, run_after=None
[2026-06-07T16:40:21.598+0000] {processor.py:179} INFO - Processing /home/airflow/.local/lib/python3.8/site-packages/airflow/example_dags/example_python_operator.py took 0.302 seconds
[2026-06-07T16:40:52.253+0000] {processor.py:157} INFO - Started process (PID=10008) to work on /home/airflow/.local/lib/python3.8/site-packages/airflow/example_dags/example_python_operator.py
[2026-06-07T16:40:52.253+0000] {processor.py:829} INFO - Processing file /home/airflow/.local/lib/python3.8/site-packages/airflow/example_dags/example_python_operator.py for tasks to queue
[2026-06-07T16:40:52.256+0000] {logging_mixin.py:154} INFO - [2026-06-07T16:40:52.256+0000] {dagbag.py:536} INFO - Filling up the DagBag from /home/airflow/.local/lib/python3.8/site-packages/airflow/example_dags/example_python_operator.py
[2026-06-07T16:40:52.267+0000] {processor.py:839} INFO - DAG(s) dict_keys(['example_python_operator']) retrieved from /home/airflow/.local/lib/python3.8/site-packages/airflow/example_dags/example_python_operator.py
[2026-06-07T16:40:52.294+0000] {logging_mixin.py:154} INFO - [2026-06-07T16:40:52.293+0000] {dag.py:2941} INFO - Sync 1 DAGs
[2026-06-07T16:40:52.308+0000] {logging_mixin.py:154} INFO - [2026-06-07T16:40:52.308+0000] {dag.py:3722} INFO - Setting next_dagrun for example_python_operator to None, run_after=None
[2026-06-07T16:40:52.483+0000] {processor.py:179} INFO - Processing /home/airflow/.local/lib/python3.8/site-packages/airflow/example_dags/example_python_operator.py took 0.234 seconds
[2026-06-07T16:41:22.693+0000] {processor.py:157} INFO - Started process (PID=10062) to work on /home/airflow/.local/lib/python3.8/site-packages/airflow/example_dags/example_python_operator.py
[2026-06-07T16:41:22.714+0000] {processor.py:829} INFO - Processing file /home/airflow/.local/lib/python3.8/site-packages/airflow/example_dags/example_python_operator.py for tasks to queue
[2026-06-07T16:41:22.718+0000] {logging_mixin.py:154} INFO - [2026-06-07T16:41:22.717+0000] {dagbag.py:536} INFO - Filling up the DagBag from /home/airflow/.local/lib/python3.8/site-packages/airflow/example_dags/example_python_operator.py
[2026-06-07T16:41:22.740+0000] {processor.py:839} INFO - DAG(s) dict_keys(['example_python_operator']) retrieved from /home/airflow/.local/lib/python3.8/site-packages/airflow/example_dags/example_python_operator.py
[2026-06-07T16:41:22.769+0000] {logging_mixin.py:154} INFO - [2026-06-07T16:41:22.769+0000] {dag.py:2941} INFO - Sync 1 DAGs
[2026-06-07T16:41:22.783+0000] {logging_mixin.py:154} INFO - [2026-06-07T16:41:22.782+0000] {dag.py:3722} INFO - Setting next_dagrun for example_python_operator to None, run_after=None
[2026-06-07T16:41:22.803+0000] {processor.py:179} INFO - Processing /home/airflow/.local/lib/python3.8/site-packages/airflow/example_dags/example_python_operator.py took 0.115 seconds
[2026-06-07T16:41:52.978+0000] {processor.py:157} INFO - Started process (PID=10115) to work on /home/airflow/.local/lib/python3.8/site-packages/airflow/example_dags/example_python_operator.py
[2026-06-07T16:41:52.980+0000] {processor.py:829} INFO - Processing file /home/airflow/.local/lib/python3.8/site-packages/airflow/example_dags/example_python_operator.py for tasks to queue
[2026-06-07T16:41:52.983+0000] {logging_mixin.py:154} INFO - [2026-06-07T16:41:52.983+0000] {dagbag.py:536} INFO - Filling up the DagBag from /home/airflow/.local/lib/python3.8/site-packages/airflow/example_dags/example_python_operator.py
[2026-06-07T16:41:52.998+0000] {processor.py:839} INFO - DAG(s) dict_keys(['example_python_operator']) retrieved from /home/airflow/.local/lib/python3.8/site-packages/airflow/example_dags/example_python_operator.py
[2026-06-07T16:41:53.023+0000] {logging_mixin.py:154} INFO - [2026-06-07T16:41:53.023+0000] {dag.py:2941} INFO - Sync 1 DAGs
[2026-06-07T16:41:53.037+0000] {logging_mixin.py:154} INFO - [2026-06-07T16:41:53.037+0000] {dag.py:3722} INFO - Setting next_dagrun for example_python_operator to None, run_after=None
[2026-06-07T16:41:53.057+0000] {processor.py:179} INFO - Processing /home/airflow/.local/lib/python3.8/site-packages/airflow/example_dags/example_python_operator.py took 0.083 seconds
[2026-06-07T16:42:24.291+0000] {processor.py:157} INFO - Started process (PID=10169) to work on /home/airflow/.local/lib/python3.8/site-packages/airflow/example_dags/example_python_operator.py
[2026-06-07T16:42:24.312+0000] {processor.py:829} INFO - Processing file /home/airflow/.local/lib/python3.8/site-packages/airflow/example_dags/example_python_operator.py for tasks to queue
[2026-06-07T16:42:24.330+0000] {logging_mixin.py:154} INFO - [2026-06-07T16:42:24.316+0000] {dagbag.py:536} INFO - Filling up the DagBag from /home/airflow/.local/lib/python3.8/site-packages/airflow/example_dags/example_python_operator.py
[2026-06-07T16:42:24.411+0000] {processor.py:839} INFO - DAG(s) dict_keys(['example_python_operator']) retrieved from /home/airflow/.local/lib/python3.8/site-packages/airflow/example_dags/example_python_operator.py
[2026-06-07T16:42:24.565+0000] {logging_mixin.py:154} INFO - [2026-06-07T16:42:24.559+0000] {dag.py:2941} INFO - Sync 1 DAGs
[2026-06-07T16:42:24.628+0000] {logging_mixin.py:154} INFO - [2026-06-07T16:42:24.628+0000] {dag.py:3722} INFO - Setting next_dagrun for example_python_operator to None, run_after=None
[2026-06-07T16:42:24.804+0000] {processor.py:179} INFO - Processing /home/airflow/.local/lib/python3.8/site-packages/airflow/example_dags/example_python_operator.py took 0.528 seconds
[2026-06-07T16:42:54.978+0000] {processor.py:157} INFO - Started process (PID=10222) to work on /home/airflow/.local/lib/python3.8/site-packages/airflow/example_dags/example_python_operator.py
[2026-06-07T16:42:54.979+0000] {processor.py:829} INFO - Processing file /home/airflow/.local/lib/python3.8/site-packages/airflow/example_dags/example_python_operator.py for tasks to queue
[2026-06-07T16:42:54.982+0000] {logging_mixin.py:154} INFO - [2026-06-07T16:42:54.982+0000] {dagbag.py:536} INFO - Filling up the DagBag from /home/airflow/.local/lib/python3.8/site-packages/airflow/example_dags/example_python_operator.py
[2026-06-07T16:42:54.994+0000] {processor.py:839} INFO - DAG(s) dict_keys(['example_python_operator']) retrieved from /home/airflow/.local/lib/python3.8/site-packages/airflow/example_dags/example_python_operator.py
[2026-06-07T16:42:55.021+0000] {logging_mixin.py:154} INFO - [2026-06-07T16:42:55.021+0000] {dag.py:2941} INFO - Sync 1 DAGs
[2026-06-07T16:42:55.035+0000] {logging_mixin.py:154} INFO - [2026-06-07T16:42:55.035+0000] {dag.py:3722} INFO - Setting next_dagrun for example_python_operator to None, run_after=None
[2026-06-07T16:42:55.272+0000] {processor.py:179} INFO - Processing /home/airflow/.local/lib/python3.8/site-packages/airflow/example_dags/example_python_operator.py took 0.297 seconds
[2026-06-07T16:43:25.832+0000] {processor.py:157} INFO - Started process (PID=10276) to work on /home/airflow/.local/lib/python3.8/site-packages/airflow/example_dags/example_python_operator.py
[2026-06-07T16:43:25.838+0000] {processor.py:829} INFO - Processing file /home/airflow/.local/lib/python3.8/site-packages/airflow/example_dags/example_python_operator.py for tasks to queue
[2026-06-07T16:43:25.842+0000] {logging_mixin.py:154} INFO - [2026-06-07T16:43:25.841+0000] {dagbag.py:536} INFO - Filling up the DagBag from /home/airflow/.local/lib/python3.8/site-packages/airflow/example_dags/example_python_operator.py
[2026-06-07T16:43:25.880+0000] {processor.py:839} INFO - DAG(s) dict_keys(['example_python_operator']) retrieved from /home/airflow/.local/lib/python3.8/site-packages/airflow/example_dags/example_python_operator.py
[2026-06-07T16:43:25.928+0000] {logging_mixin.py:154} INFO - [2026-06-07T16:43:25.928+0000] {dag.py:2941} INFO - Sync 1 DAGs
[2026-06-07T16:43:26.001+0000] {logging_mixin.py:154} INFO - [2026-06-07T16:43:26.001+0000] {dag.py:3722} INFO - Setting next_dagrun for example_python_operator to None, run_after=None
[2026-06-07T16:43:26.082+0000] {processor.py:179} INFO - Processing /home/airflow/.local/lib/python3.8/site-packages/airflow/example_dags/example_python_operator.py took 0.260 seconds
[2026-06-07T16:43:57.806+0000] {processor.py:157} INFO - Started process (PID=10330) to work on /home/airflow/.local/lib/python3.8/site-packages/airflow/example_dags/example_python_operator.py
[2026-06-07T16:43:57.807+0000] {processor.py:829} INFO - Processing file /home/airflow/.local/lib/python3.8/site-packages/airflow/example_dags/example_python_operator.py for tasks to queue
[2026-06-07T16:43:57.811+0000] {logging_mixin.py:154} INFO - [2026-06-07T16:43:57.810+0000] {dagbag.py:536} INFO - Filling up the DagBag from /home/airflow/.local/lib/python3.8/site-packages/airflow/example_dags/example_python_operator.py
[2026-06-07T16:43:57.834+0000] {processor.py:839} INFO - DAG(s) dict_keys(['example_python_operator']) retrieved from /home/airflow/.local/lib/python3.8/site-packages/airflow/example_dags/example_python_operator.py
[2026-06-07T16:43:58.086+0000] {logging_mixin.py:154} INFO - [2026-06-07T16:43:58.085+0000] {dag.py:2941} INFO - Sync 1 DAGs
[2026-06-07T16:43:58.103+0000] {logging_mixin.py:154} INFO - [2026-06-07T16:43:58.102+0000] {dag.py:3722} INFO - Setting next_dagrun for example_python_operator to None, run_after=None
[2026-06-07T16:43:58.132+0000] {processor.py:179} INFO - Processing /home/airflow/.local/lib/python3.8/site-packages/airflow/example_dags/example_python_operator.py took 0.331 seconds
[2026-06-07T16:44:28.214+0000] {processor.py:157} INFO - Started process (PID=10381) to work on /home/airflow/.local/lib/python3.8/site-packages/airflow/example_dags/example_python_operator.py
[2026-06-07T16:44:28.219+0000] {processor.py:829} INFO - Processing file /home/airflow/.local/lib/python3.8/site-packages/airflow/example_dags/example_python_operator.py for tasks to queue
[2026-06-07T16:44:28.224+0000] {logging_mixin.py:154} INFO - [2026-06-07T16:44:28.224+0000] {dagbag.py:536} INFO - Filling up the DagBag from /home/airflow/.local/lib/python3.8/site-packages/airflow/example_dags/example_python_operator.py
[2026-06-07T16:44:28.246+0000] {processor.py:839} INFO - DAG(s) dict_keys(['example_python_operator']) retrieved from /home/airflow/.local/lib/python3.8/site-packages/airflow/example_dags/example_python_operator.py
[2026-06-07T16:44:28.288+0000] {logging_mixin.py:154} INFO - [2026-06-07T16:44:28.288+0000] {dag.py:2941} INFO - Sync 1 DAGs
[2026-06-07T16:44:28.309+0000] {logging_mixin.py:154} INFO - [2026-06-07T16:44:28.309+0000] {dag.py:3722} INFO - Setting next_dagrun for example_python_operator to None, run_after=None
[2026-06-07T16:44:28.335+0000] {processor.py:179} INFO - Processing /home/airflow/.local/lib/python3.8/site-packages/airflow/example_dags/example_python_operator.py took 0.126 seconds
[2026-06-07T16:44:58.451+0000] {processor.py:157} INFO - Started process (PID=10434) to work on /home/airflow/.local/lib/python3.8/site-packages/airflow/example_dags/example_python_operator.py
[2026-06-07T16:44:58.452+0000] {processor.py:829} INFO - Processing file /home/airflow/.local/lib/python3.8/site-packages/airflow/example_dags/example_python_operator.py for tasks to queue
[2026-06-07T16:44:58.456+0000] {logging_mixin.py:154} INFO - [2026-06-07T16:44:58.456+0000] {dagbag.py:536} INFO - Filling up the DagBag from /home/airflow/.local/lib/python3.8/site-packages/airflow/example_dags/example_python_operator.py
[2026-06-07T16:44:58.480+0000] {processor.py:839} INFO - DAG(s) dict_keys(['example_python_operator']) retrieved from /home/airflow/.local/lib/python3.8/site-packages/airflow/example_dags/example_python_operator.py
[2026-06-07T16:44:58.516+0000] {logging_mixin.py:154} INFO - [2026-06-07T16:44:58.515+0000] {dag.py:2941} INFO - Sync 1 DAGs
[2026-06-07T16:44:58.536+0000] {logging_mixin.py:154} INFO - [2026-06-07T16:44:58.536+0000] {dag.py:3722} INFO - Setting next_dagrun for example_python_operator to None, run_after=None
[2026-06-07T16:44:58.558+0000] {processor.py:179} INFO - Processing /home/airflow/.local/lib/python3.8/site-packages/airflow/example_dags/example_python_operator.py took 0.112 seconds
[2026-06-07T16:45:28.921+0000] {processor.py:157} INFO - Started process (PID=10488) to work on /home/airflow/.local/lib/python3.8/site-packages/airflow/example_dags/example_python_operator.py
[2026-06-07T16:45:28.925+0000] {processor.py:829} INFO - Processing file /home/airflow/.local/lib/python3.8/site-packages/airflow/example_dags/example_python_operator.py for tasks to queue
[2026-06-07T16:45:28.932+0000] {logging_mixin.py:154} INFO - [2026-06-07T16:45:28.932+0000] {dagbag.py:536} INFO - Filling up the DagBag from /home/airflow/.local/lib/python3.8/site-packages/airflow/example_dags/example_python_operator.py
[2026-06-07T16:45:28.968+0000] {processor.py:839} INFO - DAG(s) dict_keys(['example_python_operator']) retrieved from /home/airflow/.local/lib/python3.8/site-packages/airflow/example_dags/example_python_operator.py
[2026-06-07T16:45:29.029+0000] {logging_mixin.py:154} INFO - [2026-06-07T16:45:29.028+0000] {dag.py:2941} INFO - Sync 1 DAGs
[2026-06-07T16:45:29.046+0000] {logging_mixin.py:154} INFO - [2026-06-07T16:45:29.046+0000] {dag.py:3722} INFO - Setting next_dagrun for example_python_operator to None, run_after=None
[2026-06-07T16:45:29.070+0000] {processor.py:179} INFO - Processing /home/airflow/.local/lib/python3.8/site-packages/airflow/example_dags/example_python_operator.py took 0.170 seconds
[2026-06-07T16:45:59.876+0000] {processor.py:157} INFO - Started process (PID=10543) to work on /home/airflow/.local/lib/python3.8/site-packages/airflow/example_dags/example_python_operator.py
[2026-06-07T16:45:59.881+0000] {processor.py:829} INFO - Processing file /home/airflow/.local/lib/python3.8/site-packages/airflow/example_dags/example_python_operator.py for tasks to queue
[2026-06-07T16:45:59.893+0000] {logging_mixin.py:154} INFO - [2026-06-07T16:45:59.893+0000] {dagbag.py:536} INFO - Filling up the DagBag from /home/airflow/.local/lib/python3.8/site-packages/airflow/example_dags/example_python_operator.py
[2026-06-07T16:45:59.970+0000] {processor.py:839} INFO - DAG(s) dict_keys(['example_python_operator']) retrieved from /home/airflow/.local/lib/python3.8/site-packages/airflow/example_dags/example_python_operator.py
[2026-06-07T16:46:00.122+0000] {logging_mixin.py:154} INFO - [2026-06-07T16:46:00.122+0000] {dag.py:2941} INFO - Sync 1 DAGs
[2026-06-07T16:46:00.188+0000] {logging_mixin.py:154} INFO - [2026-06-07T16:46:00.187+0000] {dag.py:3722} INFO - Setting next_dagrun for example_python_operator to None, run_after=None
[2026-06-07T16:46:00.271+0000] {processor.py:179} INFO - Processing /home/airflow/.local/lib/python3.8/site-packages/airflow/example_dags/example_python_operator.py took 0.413 seconds
[2026-06-07T16:46:30.599+0000] {processor.py:157} INFO - Started process (PID=10596) to work on /home/airflow/.local/lib/python3.8/site-packages/airflow/example_dags/example_python_operator.py
[2026-06-07T16:46:30.605+0000] {processor.py:829} INFO - Processing file /home/airflow/.local/lib/python3.8/site-packages/airflow/example_dags/example_python_operator.py for tasks to queue
[2026-06-07T16:46:30.609+0000] {logging_mixin.py:154} INFO - [2026-06-07T16:46:30.609+0000] {dagbag.py:536} INFO - Filling up the DagBag from /home/airflow/.local/lib/python3.8/site-packages/airflow/example_dags/example_python_operator.py
[2026-06-07T16:46:30.657+0000] {processor.py:839} INFO - DAG(s) dict_keys(['example_python_operator']) retrieved from /home/airflow/.local/lib/python3.8/site-packages/airflow/example_dags/example_python_operator.py
[2026-06-07T16:46:30.729+0000] {logging_mixin.py:154} INFO - [2026-06-07T16:46:30.729+0000] {dag.py:2941} INFO - Sync 1 DAGs
[2026-06-07T16:46:30.750+0000] {logging_mixin.py:154} INFO - [2026-06-07T16:46:30.750+0000] {dag.py:3722} INFO - Setting next_dagrun for example_python_operator to None, run_after=None
[2026-06-07T16:46:30.795+0000] {processor.py:179} INFO - Processing /home/airflow/.local/lib/python3.8/site-packages/airflow/example_dags/example_python_operator.py took 0.209 seconds
[2026-06-07T16:47:01.095+0000] {processor.py:157} INFO - Started process (PID=10650) to work on /home/airflow/.local/lib/python3.8/site-packages/airflow/example_dags/example_python_operator.py
[2026-06-07T16:47:01.096+0000] {processor.py:829} INFO - Processing file /home/airflow/.local/lib/python3.8/site-packages/airflow/example_dags/example_python_operator.py for tasks to queue
[2026-06-07T16:47:01.101+0000] {logging_mixin.py:154} INFO - [2026-06-07T16:47:01.101+0000] {dagbag.py:536} INFO - Filling up the DagBag from /home/airflow/.local/lib/python3.8/site-packages/airflow/example_dags/example_python_operator.py
[2026-06-07T16:47:01.127+0000] {processor.py:839} INFO - DAG(s) dict_keys(['example_python_operator']) retrieved from /home/airflow/.local/lib/python3.8/site-packages/airflow/example_dags/example_python_operator.py
[2026-06-07T16:47:01.162+0000] {logging_mixin.py:154} INFO - [2026-06-07T16:47:01.161+0000] {dag.py:2941} INFO - Sync 1 DAGs
[2026-06-07T16:47:01.181+0000] {logging_mixin.py:154} INFO - [2026-06-07T16:47:01.181+0000] {dag.py:3722} INFO - Setting next_dagrun for example_python_operator to None, run_after=None
[2026-06-07T16:47:01.211+0000] {processor.py:179} INFO - Processing /home/airflow/.local/lib/python3.8/site-packages/airflow/example_dags/example_python_operator.py took 0.121 seconds
[2026-06-07T16:47:31.574+0000] {processor.py:157} INFO - Started process (PID=10704) to work on /home/airflow/.local/lib/python3.8/site-packages/airflow/example_dags/example_python_operator.py
[2026-06-07T16:47:31.575+0000] {processor.py:829} INFO - Processing file /home/airflow/.local/lib/python3.8/site-packages/airflow/example_dags/example_python_operator.py for tasks to queue
[2026-06-07T16:47:31.579+0000] {logging_mixin.py:154} INFO - [2026-06-07T16:47:31.579+0000] {dagbag.py:536} INFO - Filling up the DagBag from /home/airflow/.local/lib/python3.8/site-packages/airflow/example_dags/example_python_operator.py
[2026-06-07T16:47:31.595+0000] {processor.py:839} INFO - DAG(s) dict_keys(['example_python_operator']) retrieved from /home/airflow/.local/lib/python3.8/site-packages/airflow/example_dags/example_python_operator.py
[2026-06-07T16:47:31.651+0000] {logging_mixin.py:154} INFO - [2026-06-07T16:47:31.651+0000] {dag.py:2941} INFO - Sync 1 DAGs
[2026-06-07T16:47:31.671+0000] {logging_mixin.py:154} INFO - [2026-06-07T16:47:31.670+0000] {dag.py:3722} INFO - Setting next_dagrun for example_python_operator to None, run_after=None
[2026-06-07T16:47:31.693+0000] {processor.py:179} INFO - Processing /home/airflow/.local/lib/python3.8/site-packages/airflow/example_dags/example_python_operator.py took 0.124 seconds
[2026-06-07T16:48:02.360+0000] {processor.py:157} INFO - Started process (PID=10757) to work on /home/airflow/.local/lib/python3.8/site-packages/airflow/example_dags/example_python_operator.py
[2026-06-07T16:48:02.361+0000] {processor.py:829} INFO - Processing file /home/airflow/.local/lib/python3.8/site-packages/airflow/example_dags/example_python_operator.py for tasks to queue
[2026-06-07T16:48:02.365+0000] {logging_mixin.py:154} INFO - [2026-06-07T16:48:02.365+0000] {dagbag.py:536} INFO - Filling up the DagBag from /home/airflow/.local/lib/python3.8/site-packages/airflow/example_dags/example_python_operator.py
[2026-06-07T16:48:02.381+0000] {processor.py:839} INFO - DAG(s) dict_keys(['example_python_operator']) retrieved from /home/airflow/.local/lib/python3.8/site-packages/airflow/example_dags/example_python_operator.py
[2026-06-07T16:48:02.419+0000] {logging_mixin.py:154} INFO - [2026-06-07T16:48:02.418+0000] {dag.py:2941} INFO - Sync 1 DAGs
[2026-06-07T16:48:02.439+0000] {logging_mixin.py:154} INFO - [2026-06-07T16:48:02.439+0000] {dag.py:3722} INFO - Setting next_dagrun for example_python_operator to None, run_after=None
[2026-06-07T16:48:02.475+0000] {processor.py:179} INFO - Processing /home/airflow/.local/lib/python3.8/site-packages/airflow/example_dags/example_python_operator.py took 0.120 seconds
[2026-06-07T16:48:32.806+0000] {processor.py:157} INFO - Started process (PID=10811) to work on /home/airflow/.local/lib/python3.8/site-packages/airflow/example_dags/example_python_operator.py
[2026-06-07T16:48:32.809+0000] {processor.py:829} INFO - Processing file /home/airflow/.local/lib/python3.8/site-packages/airflow/example_dags/example_python_operator.py for tasks to queue
[2026-06-07T16:48:32.815+0000] {logging_mixin.py:154} INFO - [2026-06-07T16:48:32.814+0000] {dagbag.py:536} INFO - Filling up the DagBag from /home/airflow/.local/lib/python3.8/site-packages/airflow/example_dags/example_python_operator.py
[2026-06-07T16:48:32.873+0000] {processor.py:839} INFO - DAG(s) dict_keys(['example_python_operator']) retrieved from /home/airflow/.local/lib/python3.8/site-packages/airflow/example_dags/example_python_operator.py
[2026-06-07T16:48:32.976+0000] {logging_mixin.py:154} INFO - [2026-06-07T16:48:32.976+0000] {dag.py:2941} INFO - Sync 1 DAGs
[2026-06-07T16:48:33.035+0000] {logging_mixin.py:154} INFO - [2026-06-07T16:48:33.034+0000] {dag.py:3722} INFO - Setting next_dagrun for example_python_operator to None, run_after=None
[2026-06-07T16:48:33.097+0000] {processor.py:179} INFO - Processing /home/airflow/.local/lib/python3.8/site-packages/airflow/example_dags/example_python_operator.py took 0.309 seconds
[2026-06-07T16:49:03.425+0000] {processor.py:157} INFO - Started process (PID=10865) to work on /home/airflow/.local/lib/python3.8/site-packages/airflow/example_dags/example_python_operator.py
[2026-06-07T16:49:03.426+0000] {processor.py:829} INFO - Processing file /home/airflow/.local/lib/python3.8/site-packages/airflow/example_dags/example_python_operator.py for tasks to queue
[2026-06-07T16:49:03.430+0000] {logging_mixin.py:154} INFO - [2026-06-07T16:49:03.429+0000] {dagbag.py:536} INFO - Filling up the DagBag from /home/airflow/.local/lib/python3.8/site-packages/airflow/example_dags/example_python_operator.py
[2026-06-07T16:49:03.448+0000] {processor.py:839} INFO - DAG(s) dict_keys(['example_python_operator']) retrieved from /home/airflow/.local/lib/python3.8/site-packages/airflow/example_dags/example_python_operator.py
[2026-06-07T16:49:03.493+0000] {logging_mixin.py:154} INFO - [2026-06-07T16:49:03.493+0000] {dag.py:2941} INFO - Sync 1 DAGs
[2026-06-07T16:49:03.512+0000] {logging_mixin.py:154} INFO - [2026-06-07T16:49:03.512+0000] {dag.py:3722} INFO - Setting next_dagrun for example_python_operator to None, run_after=None
[2026-06-07T16:49:03.531+0000] {processor.py:179} INFO - Processing /home/airflow/.local/lib/python3.8/site-packages/airflow/example_dags/example_python_operator.py took 0.111 seconds
[2026-06-07T16:49:34.076+0000] {processor.py:157} INFO - Started process (PID=10919) to work on /home/airflow/.local/lib/python3.8/site-packages/airflow/example_dags/example_python_operator.py
[2026-06-07T16:49:34.081+0000] {processor.py:829} INFO - Processing file /home/airflow/.local/lib/python3.8/site-packages/airflow/example_dags/example_python_operator.py for tasks to queue
[2026-06-07T16:49:34.091+0000] {logging_mixin.py:154} INFO - [2026-06-07T16:49:34.090+0000] {dagbag.py:536} INFO - Filling up the DagBag from /home/airflow/.local/lib/python3.8/site-packages/airflow/example_dags/example_python_operator.py
[2026-06-07T16:49:34.153+0000] {processor.py:839} INFO - DAG(s) dict_keys(['example_python_operator']) retrieved from /home/airflow/.local/lib/python3.8/site-packages/airflow/example_dags/example_python_operator.py
[2026-06-07T16:49:34.218+0000] {logging_mixin.py:154} INFO - [2026-06-07T16:49:34.218+0000] {dag.py:2941} INFO - Sync 1 DAGs
[2026-06-07T16:49:34.252+0000] {logging_mixin.py:154} INFO - [2026-06-07T16:49:34.252+0000] {dag.py:3722} INFO - Setting next_dagrun for example_python_operator to None, run_after=None
[2026-06-07T16:49:34.302+0000] {processor.py:179} INFO - Processing /home/airflow/.local/lib/python3.8/site-packages/airflow/example_dags/example_python_operator.py took 0.246 seconds
[2026-06-07T16:50:04.652+0000] {processor.py:157} INFO - Started process (PID=10973) to work on /home/airflow/.local/lib/python3.8/site-packages/airflow/example_dags/example_python_operator.py
[2026-06-07T16:50:04.653+0000] {processor.py:829} INFO - Processing file /home/airflow/.local/lib/python3.8/site-packages/airflow/example_dags/example_python_operator.py for tasks to queue
[2026-06-07T16:50:04.657+0000] {logging_mixin.py:154} INFO - [2026-06-07T16:50:04.656+0000] {dagbag.py:536} INFO - Filling up the DagBag from /home/airflow/.local/lib/python3.8/site-packages/airflow/example_dags/example_python_operator.py
[2026-06-07T16:50:04.668+0000] {processor.py:839} INFO - DAG(s) dict_keys(['example_python_operator']) retrieved from /home/airflow/.local/lib/python3.8/site-packages/airflow/example_dags/example_python_operator.py
[2026-06-07T16:50:04.695+0000] {logging_mixin.py:154} INFO - [2026-06-07T16:50:04.694+0000] {dag.py:2941} INFO - Sync 1 DAGs
[2026-06-07T16:50:04.709+0000] {logging_mixin.py:154} INFO - [2026-06-07T16:50:04.709+0000] {dag.py:3722} INFO - Setting next_dagrun for example_python_operator to None, run_after=None
[2026-06-07T16:50:04.729+0000] {processor.py:179} INFO - Processing /home/airflow/.local/lib/python3.8/site-packages/airflow/example_dags/example_python_operator.py took 0.081 seconds
[2026-06-07T16:50:35.860+0000] {processor.py:157} INFO - Started process (PID=11026) to work on /home/airflow/.local/lib/python3.8/site-packages/airflow/example_dags/example_python_operator.py
[2026-06-07T16:50:35.869+0000] {processor.py:829} INFO - Processing file /home/airflow/.local/lib/python3.8/site-packages/airflow/example_dags/example_python_operator.py for tasks to queue
[2026-06-07T16:50:35.873+0000] {logging_mixin.py:154} INFO - [2026-06-07T16:50:35.872+0000] {dagbag.py:536} INFO - Filling up the DagBag from /home/airflow/.local/lib/python3.8/site-packages/airflow/example_dags/example_python_operator.py
[2026-06-07T16:50:35.905+0000] {processor.py:839} INFO - DAG(s) dict_keys(['example_python_operator']) retrieved from /home/airflow/.local/lib/python3.8/site-packages/airflow/example_dags/example_python_operator.py
[2026-06-07T16:50:35.958+0000] {logging_mixin.py:154} INFO - [2026-06-07T16:50:35.958+0000] {dag.py:2941} INFO - Sync 1 DAGs
[2026-06-07T16:50:35.982+0000] {logging_mixin.py:154} INFO - [2026-06-07T16:50:35.982+0000] {dag.py:3722} INFO - Setting next_dagrun for example_python_operator to None, run_after=None
[2026-06-07T16:50:36.020+0000] {processor.py:179} INFO - Processing /home/airflow/.local/lib/python3.8/site-packages/airflow/example_dags/example_python_operator.py took 0.176 seconds
[2026-06-07T16:51:06.652+0000] {processor.py:157} INFO - Started process (PID=11081) to work on /home/airflow/.local/lib/python3.8/site-packages/airflow/example_dags/example_python_operator.py
[2026-06-07T16:51:06.655+0000] {processor.py:829} INFO - Processing file /home/airflow/.local/lib/python3.8/site-packages/airflow/example_dags/example_python_operator.py for tasks to queue
[2026-06-07T16:51:06.666+0000] {logging_mixin.py:154} INFO - [2026-06-07T16:51:06.665+0000] {dagbag.py:536} INFO - Filling up the DagBag from /home/airflow/.local/lib/python3.8/site-packages/airflow/example_dags/example_python_operator.py
[2026-06-07T16:51:06.734+0000] {processor.py:839} INFO - DAG(s) dict_keys(['example_python_operator']) retrieved from /home/airflow/.local/lib/python3.8/site-packages/airflow/example_dags/example_python_operator.py
[2026-06-07T16:51:06.804+0000] {logging_mixin.py:154} INFO - [2026-06-07T16:51:06.804+0000] {dag.py:2941} INFO - Sync 1 DAGs
[2026-06-07T16:51:06.825+0000] {logging_mixin.py:154} INFO - [2026-06-07T16:51:06.825+0000] {dag.py:3722} INFO - Setting next_dagrun for example_python_operator to None, run_after=None
[2026-06-07T16:51:06.852+0000] {processor.py:179} INFO - Processing /home/airflow/.local/lib/python3.8/site-packages/airflow/example_dags/example_python_operator.py took 0.219 seconds
[2026-06-07T16:51:38.065+0000] {processor.py:157} INFO - Started process (PID=11135) to work on /home/airflow/.local/lib/python3.8/site-packages/airflow/example_dags/example_python_operator.py
[2026-06-07T16:51:38.079+0000] {processor.py:829} INFO - Processing file /home/airflow/.local/lib/python3.8/site-packages/airflow/example_dags/example_python_operator.py for tasks to queue
[2026-06-07T16:51:38.104+0000] {logging_mixin.py:154} INFO - [2026-06-07T16:51:38.104+0000] {dagbag.py:536} INFO - Filling up the DagBag from /home/airflow/.local/lib/python3.8/site-packages/airflow/example_dags/example_python_operator.py
[2026-06-07T16:51:38.148+0000] {processor.py:839} INFO - DAG(s) dict_keys(['example_python_operator']) retrieved from /home/airflow/.local/lib/python3.8/site-packages/airflow/example_dags/example_python_operator.py
[2026-06-07T16:51:38.244+0000] {logging_mixin.py:154} INFO - [2026-06-07T16:51:38.244+0000] {dag.py:2941} INFO - Sync 1 DAGs
[2026-06-07T16:51:38.351+0000] {logging_mixin.py:154} INFO - [2026-06-07T16:51:38.351+0000] {dag.py:3722} INFO - Setting next_dagrun for example_python_operator to None, run_after=None
[2026-06-07T16:51:38.482+0000] {processor.py:179} INFO - Processing /home/airflow/.local/lib/python3.8/site-packages/airflow/example_dags/example_python_operator.py took 0.426 seconds
[2026-06-07T16:52:09.435+0000] {processor.py:157} INFO - Started process (PID=11198) to work on /home/airflow/.local/lib/python3.8/site-packages/airflow/example_dags/example_python_operator.py
[2026-06-07T16:52:09.440+0000] {processor.py:829} INFO - Processing file /home/airflow/.local/lib/python3.8/site-packages/airflow/example_dags/example_python_operator.py for tasks to queue
[2026-06-07T16:52:09.448+0000] {logging_mixin.py:154} INFO - [2026-06-07T16:52:09.447+0000] {dagbag.py:536} INFO - Filling up the DagBag from /home/airflow/.local/lib/python3.8/site-packages/airflow/example_dags/example_python_operator.py
[2026-06-07T16:52:09.480+0000] {processor.py:839} INFO - DAG(s) dict_keys(['example_python_operator']) retrieved from /home/airflow/.local/lib/python3.8/site-packages/airflow/example_dags/example_python_operator.py
[2026-06-07T16:52:09.522+0000] {logging_mixin.py:154} INFO - [2026-06-07T16:52:09.522+0000] {dag.py:2941} INFO - Sync 1 DAGs
[2026-06-07T16:52:09.550+0000] {logging_mixin.py:154} INFO - [2026-06-07T16:52:09.550+0000] {dag.py:3722} INFO - Setting next_dagrun for example_python_operator to None, run_after=None
[2026-06-07T16:52:09.594+0000] {processor.py:179} INFO - Processing /home/airflow/.local/lib/python3.8/site-packages/airflow/example_dags/example_python_operator.py took 0.167 seconds
[2026-06-07T16:52:39.836+0000] {processor.py:157} INFO - Started process (PID=11252) to work on /home/airflow/.local/lib/python3.8/site-packages/airflow/example_dags/example_python_operator.py
[2026-06-07T16:52:39.845+0000] {processor.py:829} INFO - Processing file /home/airflow/.local/lib/python3.8/site-packages/airflow/example_dags/example_python_operator.py for tasks to queue
[2026-06-07T16:52:39.848+0000] {logging_mixin.py:154} INFO - [2026-06-07T16:52:39.848+0000] {dagbag.py:536} INFO - Filling up the DagBag from /home/airflow/.local/lib/python3.8/site-packages/airflow/example_dags/example_python_operator.py
[2026-06-07T16:52:39.872+0000] {processor.py:839} INFO - DAG(s) dict_keys(['example_python_operator']) retrieved from /home/airflow/.local/lib/python3.8/site-packages/airflow/example_dags/example_python_operator.py
[2026-06-07T16:52:39.907+0000] {logging_mixin.py:154} INFO - [2026-06-07T16:52:39.906+0000] {dag.py:2941} INFO - Sync 1 DAGs
[2026-06-07T16:52:39.926+0000] {logging_mixin.py:154} INFO - [2026-06-07T16:52:39.926+0000] {dag.py:3722} INFO - Setting next_dagrun for example_python_operator to None, run_after=None
[2026-06-07T16:52:39.951+0000] {processor.py:179} INFO - Processing /home/airflow/.local/lib/python3.8/site-packages/airflow/example_dags/example_python_operator.py took 0.120 seconds
[2026-06-07T16:53:10.444+0000] {processor.py:157} INFO - Started process (PID=11306) to work on /home/airflow/.local/lib/python3.8/site-packages/airflow/example_dags/example_python_operator.py
[2026-06-07T16:53:10.446+0000] {processor.py:829} INFO - Processing file /home/airflow/.local/lib/python3.8/site-packages/airflow/example_dags/example_python_operator.py for tasks to queue
[2026-06-07T16:53:10.449+0000] {logging_mixin.py:154} INFO - [2026-06-07T16:53:10.449+0000] {dagbag.py:536} INFO - Filling up the DagBag from /home/airflow/.local/lib/python3.8/site-packages/airflow/example_dags/example_python_operator.py
[2026-06-07T16:53:10.479+0000] {processor.py:839} INFO - DAG(s) dict_keys(['example_python_operator']) retrieved from /home/airflow/.local/lib/python3.8/site-packages/airflow/example_dags/example_python_operator.py
[2026-06-07T16:53:10.514+0000] {logging_mixin.py:154} INFO - [2026-06-07T16:53:10.514+0000] {dag.py:2941} INFO - Sync 1 DAGs
[2026-06-07T16:53:10.534+0000] {logging_mixin.py:154} INFO - [2026-06-07T16:53:10.533+0000] {dag.py:3722} INFO - Setting next_dagrun for example_python_operator to None, run_after=None
[2026-06-07T16:53:10.558+0000] {processor.py:179} INFO - Processing /home/airflow/.local/lib/python3.8/site-packages/airflow/example_dags/example_python_operator.py took 0.119 seconds
[2026-06-07T16:53:40.631+0000] {processor.py:157} INFO - Started process (PID=11360) to work on /home/airflow/.local/lib/python3.8/site-packages/airflow/example_dags/example_python_operator.py
[2026-06-07T16:53:40.633+0000] {processor.py:829} INFO - Processing file /home/airflow/.local/lib/python3.8/site-packages/airflow/example_dags/example_python_operator.py for tasks to queue
[2026-06-07T16:53:40.635+0000] {logging_mixin.py:154} INFO - [2026-06-07T16:53:40.635+0000] {dagbag.py:536} INFO - Filling up the DagBag from /home/airflow/.local/lib/python3.8/site-packages/airflow/example_dags/example_python_operator.py
[2026-06-07T16:53:40.647+0000] {processor.py:839} INFO - DAG(s) dict_keys(['example_python_operator']) retrieved from /home/airflow/.local/lib/python3.8/site-packages/airflow/example_dags/example_python_operator.py
[2026-06-07T16:53:40.681+0000] {logging_mixin.py:154} INFO - [2026-06-07T16:53:40.681+0000] {dag.py:2941} INFO - Sync 1 DAGs
[2026-06-07T16:53:40.722+0000] {logging_mixin.py:154} INFO - [2026-06-07T16:53:40.722+0000] {dag.py:3722} INFO - Setting next_dagrun for example_python_operator to None, run_after=None
[2026-06-07T16:53:40.751+0000] {processor.py:179} INFO - Processing /home/airflow/.local/lib/python3.8/site-packages/airflow/example_dags/example_python_operator.py took 0.126 seconds
[2026-06-07T16:54:10.820+0000] {processor.py:157} INFO - Started process (PID=11415) to work on /home/airflow/.local/lib/python3.8/site-packages/airflow/example_dags/example_python_operator.py
[2026-06-07T16:54:10.821+0000] {processor.py:829} INFO - Processing file /home/airflow/.local/lib/python3.8/site-packages/airflow/example_dags/example_python_operator.py for tasks to queue
[2026-06-07T16:54:10.824+0000] {logging_mixin.py:154} INFO - [2026-06-07T16:54:10.823+0000] {dagbag.py:536} INFO - Filling up the DagBag from /home/airflow/.local/lib/python3.8/site-packages/airflow/example_dags/example_python_operator.py
[2026-06-07T16:54:10.838+0000] {processor.py:839} INFO - DAG(s) dict_keys(['example_python_operator']) retrieved from /home/airflow/.local/lib/python3.8/site-packages/airflow/example_dags/example_python_operator.py
[2026-06-07T16:54:10.866+0000] {logging_mixin.py:154} INFO - [2026-06-07T16:54:10.866+0000] {dag.py:2941} INFO - Sync 1 DAGs
[2026-06-07T16:54:10.883+0000] {logging_mixin.py:154} INFO - [2026-06-07T16:54:10.883+0000] {dag.py:3722} INFO - Setting next_dagrun for example_python_operator to None, run_after=None
[2026-06-07T16:54:10.912+0000] {processor.py:179} INFO - Processing /home/airflow/.local/lib/python3.8/site-packages/airflow/example_dags/example_python_operator.py took 0.096 seconds
[2026-06-07T16:54:41.402+0000] {processor.py:157} INFO - Started process (PID=11469) to work on /home/airflow/.local/lib/python3.8/site-packages/airflow/example_dags/example_python_operator.py
[2026-06-07T16:54:41.413+0000] {processor.py:829} INFO - Processing file /home/airflow/.local/lib/python3.8/site-packages/airflow/example_dags/example_python_operator.py for tasks to queue
[2026-06-07T16:54:41.422+0000] {logging_mixin.py:154} INFO - [2026-06-07T16:54:41.416+0000] {dagbag.py:536} INFO - Filling up the DagBag from /home/airflow/.local/lib/python3.8/site-packages/airflow/example_dags/example_python_operator.py
[2026-06-07T16:54:41.464+0000] {processor.py:839} INFO - DAG(s) dict_keys(['example_python_operator']) retrieved from /home/airflow/.local/lib/python3.8/site-packages/airflow/example_dags/example_python_operator.py
[2026-06-07T16:54:41.509+0000] {logging_mixin.py:154} INFO - [2026-06-07T16:54:41.509+0000] {dag.py:2941} INFO - Sync 1 DAGs
[2026-06-07T16:54:41.529+0000] {logging_mixin.py:154} INFO - [2026-06-07T16:54:41.529+0000] {dag.py:3722} INFO - Setting next_dagrun for example_python_operator to None, run_after=None
[2026-06-07T16:54:41.574+0000] {processor.py:179} INFO - Processing /home/airflow/.local/lib/python3.8/site-packages/airflow/example_dags/example_python_operator.py took 0.177 seconds
[2026-06-07T16:55:11.736+0000] {processor.py:157} INFO - Started process (PID=11522) to work on /home/airflow/.local/lib/python3.8/site-packages/airflow/example_dags/example_python_operator.py
[2026-06-07T16:55:11.737+0000] {processor.py:829} INFO - Processing file /home/airflow/.local/lib/python3.8/site-packages/airflow/example_dags/example_python_operator.py for tasks to queue
[2026-06-07T16:55:11.741+0000] {logging_mixin.py:154} INFO - [2026-06-07T16:55:11.740+0000] {dagbag.py:536} INFO - Filling up the DagBag from /home/airflow/.local/lib/python3.8/site-packages/airflow/example_dags/example_python_operator.py
[2026-06-07T16:55:11.752+0000] {processor.py:839} INFO - DAG(s) dict_keys(['example_python_operator']) retrieved from /home/airflow/.local/lib/python3.8/site-packages/airflow/example_dags/example_python_operator.py
[2026-06-07T16:55:11.778+0000] {logging_mixin.py:154} INFO - [2026-06-07T16:55:11.777+0000] {dag.py:2941} INFO - Sync 1 DAGs
[2026-06-07T16:55:11.792+0000] {logging_mixin.py:154} INFO - [2026-06-07T16:55:11.792+0000] {dag.py:3722} INFO - Setting next_dagrun for example_python_operator to None, run_after=None
[2026-06-07T16:55:11.811+0000] {processor.py:179} INFO - Processing /home/airflow/.local/lib/python3.8/site-packages/airflow/example_dags/example_python_operator.py took 0.080 seconds
[2026-06-07T16:55:42.508+0000] {processor.py:157} INFO - Started process (PID=11576) to work on /home/airflow/.local/lib/python3.8/site-packages/airflow/example_dags/example_python_operator.py
[2026-06-07T16:55:42.515+0000] {processor.py:829} INFO - Processing file /home/airflow/.local/lib/python3.8/site-packages/airflow/example_dags/example_python_operator.py for tasks to queue
[2026-06-07T16:55:42.520+0000] {logging_mixin.py:154} INFO - [2026-06-07T16:55:42.519+0000] {dagbag.py:536} INFO - Filling up the DagBag from /home/airflow/.local/lib/python3.8/site-packages/airflow/example_dags/example_python_operator.py
[2026-06-07T16:55:42.538+0000] {processor.py:839} INFO - DAG(s) dict_keys(['example_python_operator']) retrieved from /home/airflow/.local/lib/python3.8/site-packages/airflow/example_dags/example_python_operator.py
[2026-06-07T16:55:42.576+0000] {logging_mixin.py:154} INFO - [2026-06-07T16:55:42.575+0000] {dag.py:2941} INFO - Sync 1 DAGs
[2026-06-07T16:55:42.600+0000] {logging_mixin.py:154} INFO - [2026-06-07T16:55:42.600+0000] {dag.py:3722} INFO - Setting next_dagrun for example_python_operator to None, run_after=None
[2026-06-07T16:55:42.640+0000] {processor.py:179} INFO - Processing /home/airflow/.local/lib/python3.8/site-packages/airflow/example_dags/example_python_operator.py took 0.148 seconds
[2026-06-07T16:56:12.843+0000] {processor.py:157} INFO - Started process (PID=11630) to work on /home/airflow/.local/lib/python3.8/site-packages/airflow/example_dags/example_python_operator.py
[2026-06-07T16:56:12.847+0000] {processor.py:829} INFO - Processing file /home/airflow/.local/lib/python3.8/site-packages/airflow/example_dags/example_python_operator.py for tasks to queue
[2026-06-07T16:56:12.856+0000] {logging_mixin.py:154} INFO - [2026-06-07T16:56:12.855+0000] {dagbag.py:536} INFO - Filling up the DagBag from /home/airflow/.local/lib/python3.8/site-packages/airflow/example_dags/example_python_operator.py
[2026-06-07T16:56:12.898+0000] {processor.py:839} INFO - DAG(s) dict_keys(['example_python_operator']) retrieved from /home/airflow/.local/lib/python3.8/site-packages/airflow/example_dags/example_python_operator.py
[2026-06-07T16:56:12.967+0000] {logging_mixin.py:154} INFO - [2026-06-07T16:56:12.967+0000] {dag.py:2941} INFO - Sync 1 DAGs
[2026-06-07T16:56:13.011+0000] {logging_mixin.py:154} INFO - [2026-06-07T16:56:13.011+0000] {dag.py:3722} INFO - Setting next_dagrun for example_python_operator to None, run_after=None
[2026-06-07T16:56:13.036+0000] {processor.py:179} INFO - Processing /home/airflow/.local/lib/python3.8/site-packages/airflow/example_dags/example_python_operator.py took 0.202 seconds
[2026-06-07T16:56:43.979+0000] {processor.py:157} INFO - Started process (PID=11684) to work on /home/airflow/.local/lib/python3.8/site-packages/airflow/example_dags/example_python_operator.py
[2026-06-07T16:56:43.993+0000] {processor.py:829} INFO - Processing file /home/airflow/.local/lib/python3.8/site-packages/airflow/example_dags/example_python_operator.py for tasks to queue
[2026-06-07T16:56:44.002+0000] {logging_mixin.py:154} INFO - [2026-06-07T16:56:44.001+0000] {dagbag.py:536} INFO - Filling up the DagBag from /home/airflow/.local/lib/python3.8/site-packages/airflow/example_dags/example_python_operator.py
[2026-06-07T16:56:44.044+0000] {processor.py:839} INFO - DAG(s) dict_keys(['example_python_operator']) retrieved from /home/airflow/.local/lib/python3.8/site-packages/airflow/example_dags/example_python_operator.py
[2026-06-07T16:56:44.154+0000] {logging_mixin.py:154} INFO - [2026-06-07T16:56:44.153+0000] {dag.py:2941} INFO - Sync 1 DAGs
[2026-06-07T16:56:44.251+0000] {logging_mixin.py:154} INFO - [2026-06-07T16:56:44.251+0000] {dag.py:3722} INFO - Setting next_dagrun for example_python_operator to None, run_after=None
[2026-06-07T16:56:44.379+0000] {processor.py:179} INFO - Processing /home/airflow/.local/lib/python3.8/site-packages/airflow/example_dags/example_python_operator.py took 0.405 seconds
[2026-06-07T16:57:14.861+0000] {processor.py:157} INFO - Started process (PID=11738) to work on /home/airflow/.local/lib/python3.8/site-packages/airflow/example_dags/example_python_operator.py
[2026-06-07T16:57:14.862+0000] {processor.py:829} INFO - Processing file /home/airflow/.local/lib/python3.8/site-packages/airflow/example_dags/example_python_operator.py for tasks to queue
[2026-06-07T16:57:14.866+0000] {logging_mixin.py:154} INFO - [2026-06-07T16:57:14.866+0000] {dagbag.py:536} INFO - Filling up the DagBag from /home/airflow/.local/lib/python3.8/site-packages/airflow/example_dags/example_python_operator.py
[2026-06-07T16:57:14.906+0000] {processor.py:839} INFO - DAG(s) dict_keys(['example_python_operator']) retrieved from /home/airflow/.local/lib/python3.8/site-packages/airflow/example_dags/example_python_operator.py
[2026-06-07T16:57:14.941+0000] {logging_mixin.py:154} INFO - [2026-06-07T16:57:14.941+0000] {dag.py:2941} INFO - Sync 1 DAGs
[2026-06-07T16:57:14.956+0000] {logging_mixin.py:154} INFO - [2026-06-07T16:57:14.956+0000] {dag.py:3722} INFO - Setting next_dagrun for example_python_operator to None, run_after=None
[2026-06-07T16:57:14.979+0000] {processor.py:179} INFO - Processing /home/airflow/.local/lib/python3.8/site-packages/airflow/example_dags/example_python_operator.py took 0.123 seconds
[2026-06-07T16:57:45.200+0000] {processor.py:157} INFO - Started process (PID=11792) to work on /home/airflow/.local/lib/python3.8/site-packages/airflow/example_dags/example_python_operator.py
[2026-06-07T16:57:45.201+0000] {processor.py:829} INFO - Processing file /home/airflow/.local/lib/python3.8/site-packages/airflow/example_dags/example_python_operator.py for tasks to queue
[2026-06-07T16:57:45.204+0000] {logging_mixin.py:154} INFO - [2026-06-07T16:57:45.204+0000] {dagbag.py:536} INFO - Filling up the DagBag from /home/airflow/.local/lib/python3.8/site-packages/airflow/example_dags/example_python_operator.py
[2026-06-07T16:57:45.216+0000] {processor.py:839} INFO - DAG(s) dict_keys(['example_python_operator']) retrieved from /home/airflow/.local/lib/python3.8/site-packages/airflow/example_dags/example_python_operator.py
[2026-06-07T16:57:45.242+0000] {logging_mixin.py:154} INFO - [2026-06-07T16:57:45.242+0000] {dag.py:2941} INFO - Sync 1 DAGs
[2026-06-07T16:57:45.255+0000] {logging_mixin.py:154} INFO - [2026-06-07T16:57:45.255+0000] {dag.py:3722} INFO - Setting next_dagrun for example_python_operator to None, run_after=None
[2026-06-07T16:57:45.288+0000] {processor.py:179} INFO - Processing /home/airflow/.local/lib/python3.8/site-packages/airflow/example_dags/example_python_operator.py took 0.093 seconds
[2026-06-07T16:58:15.847+0000] {processor.py:157} INFO - Started process (PID=11845) to work on /home/airflow/.local/lib/python3.8/site-packages/airflow/example_dags/example_python_operator.py
[2026-06-07T16:58:15.850+0000] {processor.py:829} INFO - Processing file /home/airflow/.local/lib/python3.8/site-packages/airflow/example_dags/example_python_operator.py for tasks to queue
[2026-06-07T16:58:15.858+0000] {logging_mixin.py:154} INFO - [2026-06-07T16:58:15.857+0000] {dagbag.py:536} INFO - Filling up the DagBag from /home/airflow/.local/lib/python3.8/site-packages/airflow/example_dags/example_python_operator.py
[2026-06-07T16:58:15.893+0000] {processor.py:839} INFO - DAG(s) dict_keys(['example_python_operator']) retrieved from /home/airflow/.local/lib/python3.8/site-packages/airflow/example_dags/example_python_operator.py
[2026-06-07T16:58:15.939+0000] {logging_mixin.py:154} INFO - [2026-06-07T16:58:15.939+0000] {dag.py:2941} INFO - Sync 1 DAGs
[2026-06-07T16:58:15.960+0000] {logging_mixin.py:154} INFO - [2026-06-07T16:58:15.960+0000] {dag.py:3722} INFO - Setting next_dagrun for example_python_operator to None, run_after=None
[2026-06-07T16:58:16.040+0000] {processor.py:179} INFO - Processing /home/airflow/.local/lib/python3.8/site-packages/airflow/example_dags/example_python_operator.py took 0.214 seconds
[2026-06-07T16:58:46.400+0000] {processor.py:157} INFO - Started process (PID=11899) to work on /home/airflow/.local/lib/python3.8/site-packages/airflow/example_dags/example_python_operator.py
[2026-06-07T16:58:46.406+0000] {processor.py:829} INFO - Processing file /home/airflow/.local/lib/python3.8/site-packages/airflow/example_dags/example_python_operator.py for tasks to queue
[2026-06-07T16:58:46.411+0000] {logging_mixin.py:154} INFO - [2026-06-07T16:58:46.410+0000] {dagbag.py:536} INFO - Filling up the DagBag from /home/airflow/.local/lib/python3.8/site-packages/airflow/example_dags/example_python_operator.py
[2026-06-07T16:58:46.433+0000] {processor.py:839} INFO - DAG(s) dict_keys(['example_python_operator']) retrieved from /home/airflow/.local/lib/python3.8/site-packages/airflow/example_dags/example_python_operator.py
[2026-06-07T16:58:46.473+0000] {logging_mixin.py:154} INFO - [2026-06-07T16:58:46.473+0000] {dag.py:2941} INFO - Sync 1 DAGs
[2026-06-07T16:58:46.496+0000] {logging_mixin.py:154} INFO - [2026-06-07T16:58:46.496+0000] {dag.py:3722} INFO - Setting next_dagrun for example_python_operator to None, run_after=None
[2026-06-07T16:58:46.532+0000] {processor.py:179} INFO - Processing /home/airflow/.local/lib/python3.8/site-packages/airflow/example_dags/example_python_operator.py took 0.145 seconds
[2026-06-07T16:59:16.961+0000] {processor.py:157} INFO - Started process (PID=11952) to work on /home/airflow/.local/lib/python3.8/site-packages/airflow/example_dags/example_python_operator.py
[2026-06-07T16:59:16.962+0000] {processor.py:829} INFO - Processing file /home/airflow/.local/lib/python3.8/site-packages/airflow/example_dags/example_python_operator.py for tasks to queue
[2026-06-07T16:59:16.976+0000] {logging_mixin.py:154} INFO - [2026-06-07T16:59:16.972+0000] {dagbag.py:536} INFO - Filling up the DagBag from /home/airflow/.local/lib/python3.8/site-packages/airflow/example_dags/example_python_operator.py
[2026-06-07T16:59:17.012+0000] {processor.py:839} INFO - DAG(s) dict_keys(['example_python_operator']) retrieved from /home/airflow/.local/lib/python3.8/site-packages/airflow/example_dags/example_python_operator.py
[2026-06-07T16:59:17.074+0000] {logging_mixin.py:154} INFO - [2026-06-07T16:59:17.074+0000] {dag.py:2941} INFO - Sync 1 DAGs
[2026-06-07T16:59:17.103+0000] {logging_mixin.py:154} INFO - [2026-06-07T16:59:17.103+0000] {dag.py:3722} INFO - Setting next_dagrun for example_python_operator to None, run_after=None
[2026-06-07T16:59:17.139+0000] {processor.py:179} INFO - Processing /home/airflow/.local/lib/python3.8/site-packages/airflow/example_dags/example_python_operator.py took 0.190 seconds
[2026-06-07T16:59:48.054+0000] {processor.py:157} INFO - Started process (PID=12005) to work on /home/airflow/.local/lib/python3.8/site-packages/airflow/example_dags/example_python_operator.py
[2026-06-07T16:59:48.056+0000] {processor.py:829} INFO - Processing file /home/airflow/.local/lib/python3.8/site-packages/airflow/example_dags/example_python_operator.py for tasks to queue
[2026-06-07T16:59:48.059+0000] {logging_mixin.py:154} INFO - [2026-06-07T16:59:48.059+0000] {dagbag.py:536} INFO - Filling up the DagBag from /home/airflow/.local/lib/python3.8/site-packages/airflow/example_dags/example_python_operator.py
[2026-06-07T16:59:48.076+0000] {processor.py:839} INFO - DAG(s) dict_keys(['example_python_operator']) retrieved from /home/airflow/.local/lib/python3.8/site-packages/airflow/example_dags/example_python_operator.py
[2026-06-07T16:59:48.112+0000] {logging_mixin.py:154} INFO - [2026-06-07T16:59:48.111+0000] {dag.py:2941} INFO - Sync 1 DAGs
[2026-06-07T16:59:48.131+0000] {logging_mixin.py:154} INFO - [2026-06-07T16:59:48.130+0000] {dag.py:3722} INFO - Setting next_dagrun for example_python_operator to None, run_after=None
[2026-06-07T16:59:48.153+0000] {processor.py:179} INFO - Processing /home/airflow/.local/lib/python3.8/site-packages/airflow/example_dags/example_python_operator.py took 0.105 seconds
[2026-06-07T17:00:18.369+0000] {processor.py:157} INFO - Started process (PID=12059) to work on /home/airflow/.local/lib/python3.8/site-packages/airflow/example_dags/example_python_operator.py
[2026-06-07T17:00:18.370+0000] {processor.py:829} INFO - Processing file /home/airflow/.local/lib/python3.8/site-packages/airflow/example_dags/example_python_operator.py for tasks to queue
[2026-06-07T17:00:18.373+0000] {logging_mixin.py:154} INFO - [2026-06-07T17:00:18.373+0000] {dagbag.py:536} INFO - Filling up the DagBag from /home/airflow/.local/lib/python3.8/site-packages/airflow/example_dags/example_python_operator.py
[2026-06-07T17:00:18.390+0000] {processor.py:839} INFO - DAG(s) dict_keys(['example_python_operator']) retrieved from /home/airflow/.local/lib/python3.8/site-packages/airflow/example_dags/example_python_operator.py
[2026-06-07T17:00:18.425+0000] {logging_mixin.py:154} INFO - [2026-06-07T17:00:18.425+0000] {dag.py:2941} INFO - Sync 1 DAGs
[2026-06-07T17:00:18.445+0000] {logging_mixin.py:154} INFO - [2026-06-07T17:00:18.444+0000] {dag.py:3722} INFO - Setting next_dagrun for example_python_operator to None, run_after=None
[2026-06-07T17:00:18.476+0000] {processor.py:179} INFO - Processing /home/airflow/.local/lib/python3.8/site-packages/airflow/example_dags/example_python_operator.py took 0.113 seconds
[2026-06-07T17:00:49.443+0000] {processor.py:157} INFO - Started process (PID=12113) to work on /home/airflow/.local/lib/python3.8/site-packages/airflow/example_dags/example_python_operator.py
[2026-06-07T17:00:49.450+0000] {processor.py:829} INFO - Processing file /home/airflow/.local/lib/python3.8/site-packages/airflow/example_dags/example_python_operator.py for tasks to queue
[2026-06-07T17:00:49.465+0000] {logging_mixin.py:154} INFO - [2026-06-07T17:00:49.465+0000] {dagbag.py:536} INFO - Filling up the DagBag from /home/airflow/.local/lib/python3.8/site-packages/airflow/example_dags/example_python_operator.py
[2026-06-07T17:00:49.528+0000] {processor.py:839} INFO - DAG(s) dict_keys(['example_python_operator']) retrieved from /home/airflow/.local/lib/python3.8/site-packages/airflow/example_dags/example_python_operator.py
[2026-06-07T17:00:49.670+0000] {logging_mixin.py:154} INFO - [2026-06-07T17:00:49.670+0000] {dag.py:2941} INFO - Sync 1 DAGs
[2026-06-07T17:00:49.723+0000] {logging_mixin.py:154} INFO - [2026-06-07T17:00:49.723+0000] {dag.py:3722} INFO - Setting next_dagrun for example_python_operator to None, run_after=None
[2026-06-07T17:00:49.869+0000] {processor.py:179} INFO - Processing /home/airflow/.local/lib/python3.8/site-packages/airflow/example_dags/example_python_operator.py took 0.466 seconds
[2026-06-07T17:01:20.372+0000] {processor.py:157} INFO - Started process (PID=12167) to work on /home/airflow/.local/lib/python3.8/site-packages/airflow/example_dags/example_python_operator.py
[2026-06-07T17:01:20.373+0000] {processor.py:829} INFO - Processing file /home/airflow/.local/lib/python3.8/site-packages/airflow/example_dags/example_python_operator.py for tasks to queue
[2026-06-07T17:01:20.377+0000] {logging_mixin.py:154} INFO - [2026-06-07T17:01:20.376+0000] {dagbag.py:536} INFO - Filling up the DagBag from /home/airflow/.local/lib/python3.8/site-packages/airflow/example_dags/example_python_operator.py
[2026-06-07T17:01:20.394+0000] {processor.py:839} INFO - DAG(s) dict_keys(['example_python_operator']) retrieved from /home/airflow/.local/lib/python3.8/site-packages/airflow/example_dags/example_python_operator.py
[2026-06-07T17:01:20.427+0000] {logging_mixin.py:154} INFO - [2026-06-07T17:01:20.427+0000] {dag.py:2941} INFO - Sync 1 DAGs
[2026-06-07T17:01:20.443+0000] {logging_mixin.py:154} INFO - [2026-06-07T17:01:20.443+0000] {dag.py:3722} INFO - Setting next_dagrun for example_python_operator to None, run_after=None
[2026-06-07T17:01:20.482+0000] {processor.py:179} INFO - Processing /home/airflow/.local/lib/python3.8/site-packages/airflow/example_dags/example_python_operator.py took 0.116 seconds
[2026-06-07T17:01:50.635+0000] {processor.py:157} INFO - Started process (PID=12221) to work on /home/airflow/.local/lib/python3.8/site-packages/airflow/example_dags/example_python_operator.py
[2026-06-07T17:01:50.637+0000] {processor.py:829} INFO - Processing file /home/airflow/.local/lib/python3.8/site-packages/airflow/example_dags/example_python_operator.py for tasks to queue
[2026-06-07T17:01:50.641+0000] {logging_mixin.py:154} INFO - [2026-06-07T17:01:50.640+0000] {dagbag.py:536} INFO - Filling up the DagBag from /home/airflow/.local/lib/python3.8/site-packages/airflow/example_dags/example_python_operator.py
[2026-06-07T17:01:50.657+0000] {processor.py:839} INFO - DAG(s) dict_keys(['example_python_operator']) retrieved from /home/airflow/.local/lib/python3.8/site-packages/airflow/example_dags/example_python_operator.py
[2026-06-07T17:01:50.693+0000] {logging_mixin.py:154} INFO - [2026-06-07T17:01:50.693+0000] {dag.py:2941} INFO - Sync 1 DAGs
[2026-06-07T17:01:50.709+0000] {logging_mixin.py:154} INFO - [2026-06-07T17:01:50.709+0000] {dag.py:3722} INFO - Setting next_dagrun for example_python_operator to None, run_after=None
[2026-06-07T17:01:50.733+0000] {processor.py:179} INFO - Processing /home/airflow/.local/lib/python3.8/site-packages/airflow/example_dags/example_python_operator.py took 0.104 seconds
[2026-06-07T17:02:21.249+0000] {processor.py:157} INFO - Started process (PID=12274) to work on /home/airflow/.local/lib/python3.8/site-packages/airflow/example_dags/example_python_operator.py
[2026-06-07T17:02:21.254+0000] {processor.py:829} INFO - Processing file /home/airflow/.local/lib/python3.8/site-packages/airflow/example_dags/example_python_operator.py for tasks to queue
[2026-06-07T17:02:21.257+0000] {logging_mixin.py:154} INFO - [2026-06-07T17:02:21.257+0000] {dagbag.py:536} INFO - Filling up the DagBag from /home/airflow/.local/lib/python3.8/site-packages/airflow/example_dags/example_python_operator.py
[2026-06-07T17:02:21.277+0000] {processor.py:839} INFO - DAG(s) dict_keys(['example_python_operator']) retrieved from /home/airflow/.local/lib/python3.8/site-packages/airflow/example_dags/example_python_operator.py
[2026-06-07T17:02:21.334+0000] {logging_mixin.py:154} INFO - [2026-06-07T17:02:21.334+0000] {dag.py:2941} INFO - Sync 1 DAGs
[2026-06-07T17:02:21.357+0000] {logging_mixin.py:154} INFO - [2026-06-07T17:02:21.356+0000] {dag.py:3722} INFO - Setting next_dagrun for example_python_operator to None, run_after=None
[2026-06-07T17:02:21.382+0000] {processor.py:179} INFO - Processing /home/airflow/.local/lib/python3.8/site-packages/airflow/example_dags/example_python_operator.py took 0.140 seconds
[2026-06-07T17:02:52.306+0000] {processor.py:157} INFO - Started process (PID=12328) to work on /home/airflow/.local/lib/python3.8/site-packages/airflow/example_dags/example_python_operator.py
[2026-06-07T17:02:52.309+0000] {processor.py:829} INFO - Processing file /home/airflow/.local/lib/python3.8/site-packages/airflow/example_dags/example_python_operator.py for tasks to queue
[2026-06-07T17:02:52.313+0000] {logging_mixin.py:154} INFO - [2026-06-07T17:02:52.312+0000] {dagbag.py:536} INFO - Filling up the DagBag from /home/airflow/.local/lib/python3.8/site-packages/airflow/example_dags/example_python_operator.py
[2026-06-07T17:02:52.333+0000] {processor.py:839} INFO - DAG(s) dict_keys(['example_python_operator']) retrieved from /home/airflow/.local/lib/python3.8/site-packages/airflow/example_dags/example_python_operator.py
[2026-06-07T17:02:52.397+0000] {logging_mixin.py:154} INFO - [2026-06-07T17:02:52.397+0000] {dag.py:2941} INFO - Sync 1 DAGs
[2026-06-07T17:02:52.422+0000] {logging_mixin.py:154} INFO - [2026-06-07T17:02:52.422+0000] {dag.py:3722} INFO - Setting next_dagrun for example_python_operator to None, run_after=None
[2026-06-07T17:02:52.447+0000] {processor.py:179} INFO - Processing /home/airflow/.local/lib/python3.8/site-packages/airflow/example_dags/example_python_operator.py took 0.150 seconds
[2026-06-07T17:03:23.421+0000] {processor.py:157} INFO - Started process (PID=12383) to work on /home/airflow/.local/lib/python3.8/site-packages/airflow/example_dags/example_python_operator.py
[2026-06-07T17:03:23.432+0000] {processor.py:829} INFO - Processing file /home/airflow/.local/lib/python3.8/site-packages/airflow/example_dags/example_python_operator.py for tasks to queue
[2026-06-07T17:03:23.455+0000] {logging_mixin.py:154} INFO - [2026-06-07T17:03:23.449+0000] {dagbag.py:536} INFO - Filling up the DagBag from /home/airflow/.local/lib/python3.8/site-packages/airflow/example_dags/example_python_operator.py
[2026-06-07T17:03:23.545+0000] {processor.py:839} INFO - DAG(s) dict_keys(['example_python_operator']) retrieved from /home/airflow/.local/lib/python3.8/site-packages/airflow/example_dags/example_python_operator.py
[2026-06-07T17:03:23.793+0000] {logging_mixin.py:154} INFO - [2026-06-07T17:03:23.793+0000] {dag.py:2941} INFO - Sync 1 DAGs
[2026-06-07T17:03:23.829+0000] {logging_mixin.py:154} INFO - [2026-06-07T17:03:23.828+0000] {dag.py:3722} INFO - Setting next_dagrun for example_python_operator to None, run_after=None
[2026-06-07T17:03:23.945+0000] {processor.py:179} INFO - Processing /home/airflow/.local/lib/python3.8/site-packages/airflow/example_dags/example_python_operator.py took 0.569 seconds
