[2026-06-07T14:55:17.510+0000] {processor.py:157} INFO - Started process (PID=50) to work on /home/airflow/.local/lib/python3.8/site-packages/airflow/example_dags/example_latest_only_with_trigger.py
[2026-06-07T14:55:17.517+0000] {processor.py:829} INFO - Processing file /home/airflow/.local/lib/python3.8/site-packages/airflow/example_dags/example_latest_only_with_trigger.py for tasks to queue
[2026-06-07T14:55:17.542+0000] {logging_mixin.py:154} INFO - [2026-06-07T14:55:17.541+0000] {dagbag.py:536} INFO - Filling up the DagBag from /home/airflow/.local/lib/python3.8/site-packages/airflow/example_dags/example_latest_only_with_trigger.py
[2026-06-07T14:55:17.625+0000] {processor.py:839} INFO - DAG(s) dict_keys(['latest_only_with_trigger']) retrieved from /home/airflow/.local/lib/python3.8/site-packages/airflow/example_dags/example_latest_only_with_trigger.py
[2026-06-07T14:55:18.536+0000] {logging_mixin.py:154} INFO - [2026-06-07T14:55:18.529+0000] {manager.py:499} INFO - Created Permission View: %s
[2026-06-07T14:55:18.618+0000] {logging_mixin.py:154} INFO - [2026-06-07T14:55:18.618+0000] {manager.py:499} INFO - Created Permission View: %s
[2026-06-07T14:55:18.645+0000] {logging_mixin.py:154} INFO - [2026-06-07T14:55:18.645+0000] {manager.py:499} INFO - Created Permission View: %s
[2026-06-07T14:55:18.653+0000] {logging_mixin.py:154} INFO - [2026-06-07T14:55:18.653+0000] {dag.py:2941} INFO - Sync 1 DAGs
[2026-06-07T14:55:18.708+0000] {logging_mixin.py:154} INFO - [2026-06-07T14:55:18.707+0000] {dag.py:2963} INFO - Creating ORM DAG for latest_only_with_trigger
[2026-06-07T14:55:18.753+0000] {logging_mixin.py:154} INFO - [2026-06-07T14:55:18.753+0000] {dag.py:3722} INFO - Setting next_dagrun for latest_only_with_trigger to 2026-06-07T10:55:18.752903+00:00, run_after=2026-06-07T14:55:18.752903+00:00
[2026-06-07T14:55:18.849+0000] {processor.py:179} INFO - Processing /home/airflow/.local/lib/python3.8/site-packages/airflow/example_dags/example_latest_only_with_trigger.py took 1.372 seconds
[2026-06-07T14:55:49.895+0000] {processor.py:157} INFO - Started process (PID=104) to work on /home/airflow/.local/lib/python3.8/site-packages/airflow/example_dags/example_latest_only_with_trigger.py
[2026-06-07T14:55:49.899+0000] {processor.py:829} INFO - Processing file /home/airflow/.local/lib/python3.8/site-packages/airflow/example_dags/example_latest_only_with_trigger.py for tasks to queue
[2026-06-07T14:55:49.905+0000] {logging_mixin.py:154} INFO - [2026-06-07T14:55:49.905+0000] {dagbag.py:536} INFO - Filling up the DagBag from /home/airflow/.local/lib/python3.8/site-packages/airflow/example_dags/example_latest_only_with_trigger.py
[2026-06-07T14:55:49.935+0000] {processor.py:839} INFO - DAG(s) dict_keys(['latest_only_with_trigger']) retrieved from /home/airflow/.local/lib/python3.8/site-packages/airflow/example_dags/example_latest_only_with_trigger.py
[2026-06-07T14:55:49.988+0000] {logging_mixin.py:154} INFO - [2026-06-07T14:55:49.988+0000] {dag.py:2941} INFO - Sync 1 DAGs
[2026-06-07T14:55:50.170+0000] {logging_mixin.py:154} INFO - [2026-06-07T14:55:50.169+0000] {dag.py:3722} INFO - Setting next_dagrun for latest_only_with_trigger to 2026-06-07T10:55:50.155963+00:00, run_after=2026-06-07T14:55:50.155963+00:00
[2026-06-07T14:55:50.267+0000] {processor.py:179} INFO - Processing /home/airflow/.local/lib/python3.8/site-packages/airflow/example_dags/example_latest_only_with_trigger.py took 0.377 seconds
[2026-06-07T14:56:20.372+0000] {processor.py:157} INFO - Started process (PID=156) to work on /home/airflow/.local/lib/python3.8/site-packages/airflow/example_dags/example_latest_only_with_trigger.py
[2026-06-07T14:56:20.374+0000] {processor.py:829} INFO - Processing file /home/airflow/.local/lib/python3.8/site-packages/airflow/example_dags/example_latest_only_with_trigger.py for tasks to queue
[2026-06-07T14:56:20.392+0000] {logging_mixin.py:154} INFO - [2026-06-07T14:56:20.391+0000] {dagbag.py:536} INFO - Filling up the DagBag from /home/airflow/.local/lib/python3.8/site-packages/airflow/example_dags/example_latest_only_with_trigger.py
[2026-06-07T14:56:20.410+0000] {processor.py:839} INFO - DAG(s) dict_keys(['latest_only_with_trigger']) retrieved from /home/airflow/.local/lib/python3.8/site-packages/airflow/example_dags/example_latest_only_with_trigger.py
[2026-06-07T14:56:20.468+0000] {logging_mixin.py:154} INFO - [2026-06-07T14:56:20.467+0000] {dag.py:2941} INFO - Sync 1 DAGs
[2026-06-07T14:56:20.511+0000] {logging_mixin.py:154} INFO - [2026-06-07T14:56:20.510+0000] {dag.py:3722} INFO - Setting next_dagrun for latest_only_with_trigger to 2026-06-07T10:56:20.509993+00:00, run_after=2026-06-07T14:56:20.509993+00:00
[2026-06-07T14:56:20.562+0000] {processor.py:179} INFO - Processing /home/airflow/.local/lib/python3.8/site-packages/airflow/example_dags/example_latest_only_with_trigger.py took 0.198 seconds
[2026-06-07T14:56:51.084+0000] {processor.py:157} INFO - Started process (PID=210) to work on /home/airflow/.local/lib/python3.8/site-packages/airflow/example_dags/example_latest_only_with_trigger.py
[2026-06-07T14:56:51.088+0000] {processor.py:829} INFO - Processing file /home/airflow/.local/lib/python3.8/site-packages/airflow/example_dags/example_latest_only_with_trigger.py for tasks to queue
[2026-06-07T14:56:51.091+0000] {logging_mixin.py:154} INFO - [2026-06-07T14:56:51.091+0000] {dagbag.py:536} INFO - Filling up the DagBag from /home/airflow/.local/lib/python3.8/site-packages/airflow/example_dags/example_latest_only_with_trigger.py
[2026-06-07T14:56:51.100+0000] {processor.py:839} INFO - DAG(s) dict_keys(['latest_only_with_trigger']) retrieved from /home/airflow/.local/lib/python3.8/site-packages/airflow/example_dags/example_latest_only_with_trigger.py
[2026-06-07T14:56:51.135+0000] {logging_mixin.py:154} INFO - [2026-06-07T14:56:51.135+0000] {dag.py:2941} INFO - Sync 1 DAGs
[2026-06-07T14:56:51.169+0000] {logging_mixin.py:154} INFO - [2026-06-07T14:56:51.168+0000] {dag.py:3722} INFO - Setting next_dagrun for latest_only_with_trigger to 2026-06-07T10:56:51.168323+00:00, run_after=2026-06-07T14:56:51.168323+00:00
[2026-06-07T14:56:51.200+0000] {processor.py:179} INFO - Processing /home/airflow/.local/lib/python3.8/site-packages/airflow/example_dags/example_latest_only_with_trigger.py took 0.121 seconds
[2026-06-07T14:57:21.366+0000] {processor.py:157} INFO - Started process (PID=263) to work on /home/airflow/.local/lib/python3.8/site-packages/airflow/example_dags/example_latest_only_with_trigger.py
[2026-06-07T14:57:21.367+0000] {processor.py:829} INFO - Processing file /home/airflow/.local/lib/python3.8/site-packages/airflow/example_dags/example_latest_only_with_trigger.py for tasks to queue
[2026-06-07T14:57:21.370+0000] {logging_mixin.py:154} INFO - [2026-06-07T14:57:21.370+0000] {dagbag.py:536} INFO - Filling up the DagBag from /home/airflow/.local/lib/python3.8/site-packages/airflow/example_dags/example_latest_only_with_trigger.py
[2026-06-07T14:57:21.379+0000] {processor.py:839} INFO - DAG(s) dict_keys(['latest_only_with_trigger']) retrieved from /home/airflow/.local/lib/python3.8/site-packages/airflow/example_dags/example_latest_only_with_trigger.py
[2026-06-07T14:57:21.413+0000] {logging_mixin.py:154} INFO - [2026-06-07T14:57:21.413+0000] {dag.py:2941} INFO - Sync 1 DAGs
[2026-06-07T14:57:21.453+0000] {logging_mixin.py:154} INFO - [2026-06-07T14:57:21.453+0000] {dag.py:3722} INFO - Setting next_dagrun for latest_only_with_trigger to 2026-06-07T10:57:21.452877+00:00, run_after=2026-06-07T14:57:21.452877+00:00
[2026-06-07T14:57:21.493+0000] {processor.py:179} INFO - Processing /home/airflow/.local/lib/python3.8/site-packages/airflow/example_dags/example_latest_only_with_trigger.py took 0.132 seconds
[2026-06-07T14:57:52.449+0000] {processor.py:157} INFO - Started process (PID=317) to work on /home/airflow/.local/lib/python3.8/site-packages/airflow/example_dags/example_latest_only_with_trigger.py
[2026-06-07T14:57:52.461+0000] {processor.py:829} INFO - Processing file /home/airflow/.local/lib/python3.8/site-packages/airflow/example_dags/example_latest_only_with_trigger.py for tasks to queue
[2026-06-07T14:57:52.465+0000] {logging_mixin.py:154} INFO - [2026-06-07T14:57:52.464+0000] {dagbag.py:536} INFO - Filling up the DagBag from /home/airflow/.local/lib/python3.8/site-packages/airflow/example_dags/example_latest_only_with_trigger.py
[2026-06-07T14:57:52.504+0000] {processor.py:839} INFO - DAG(s) dict_keys(['latest_only_with_trigger']) retrieved from /home/airflow/.local/lib/python3.8/site-packages/airflow/example_dags/example_latest_only_with_trigger.py
[2026-06-07T14:57:52.592+0000] {logging_mixin.py:154} INFO - [2026-06-07T14:57:52.591+0000] {dag.py:2941} INFO - Sync 1 DAGs
[2026-06-07T14:57:52.660+0000] {logging_mixin.py:154} INFO - [2026-06-07T14:57:52.660+0000] {dag.py:3722} INFO - Setting next_dagrun for latest_only_with_trigger to 2026-06-07T10:57:52.659913+00:00, run_after=2026-06-07T14:57:52.659913+00:00
[2026-06-07T14:57:52.689+0000] {processor.py:179} INFO - Processing /home/airflow/.local/lib/python3.8/site-packages/airflow/example_dags/example_latest_only_with_trigger.py took 0.257 seconds
[2026-06-07T15:06:13.130+0000] {processor.py:157} INFO - Started process (PID=50) to work on /home/airflow/.local/lib/python3.8/site-packages/airflow/example_dags/example_latest_only_with_trigger.py
[2026-06-07T15:06:13.146+0000] {processor.py:829} INFO - Processing file /home/airflow/.local/lib/python3.8/site-packages/airflow/example_dags/example_latest_only_with_trigger.py for tasks to queue
[2026-06-07T15:06:13.166+0000] {logging_mixin.py:154} INFO - [2026-06-07T15:06:13.166+0000] {dagbag.py:536} INFO - Filling up the DagBag from /home/airflow/.local/lib/python3.8/site-packages/airflow/example_dags/example_latest_only_with_trigger.py
[2026-06-07T15:06:13.252+0000] {processor.py:839} INFO - DAG(s) dict_keys(['latest_only_with_trigger']) retrieved from /home/airflow/.local/lib/python3.8/site-packages/airflow/example_dags/example_latest_only_with_trigger.py
[2026-06-07T15:06:13.385+0000] {logging_mixin.py:154} INFO - [2026-06-07T15:06:13.385+0000] {dag.py:2941} INFO - Sync 1 DAGs
[2026-06-07T15:06:13.496+0000] {logging_mixin.py:154} INFO - [2026-06-07T15:06:13.489+0000] {dag.py:3722} INFO - Setting next_dagrun for latest_only_with_trigger to 2026-06-07T11:06:13.489551+00:00, run_after=2026-06-07T15:06:13.489551+00:00
[2026-06-07T15:06:13.570+0000] {processor.py:179} INFO - Processing /home/airflow/.local/lib/python3.8/site-packages/airflow/example_dags/example_latest_only_with_trigger.py took 0.474 seconds
[2026-06-07T15:06:43.971+0000] {processor.py:157} INFO - Started process (PID=103) to work on /home/airflow/.local/lib/python3.8/site-packages/airflow/example_dags/example_latest_only_with_trigger.py
[2026-06-07T15:06:43.973+0000] {processor.py:829} INFO - Processing file /home/airflow/.local/lib/python3.8/site-packages/airflow/example_dags/example_latest_only_with_trigger.py for tasks to queue
[2026-06-07T15:06:43.986+0000] {logging_mixin.py:154} INFO - [2026-06-07T15:06:43.985+0000] {dagbag.py:536} INFO - Filling up the DagBag from /home/airflow/.local/lib/python3.8/site-packages/airflow/example_dags/example_latest_only_with_trigger.py
[2026-06-07T15:06:43.998+0000] {processor.py:839} INFO - DAG(s) dict_keys(['latest_only_with_trigger']) retrieved from /home/airflow/.local/lib/python3.8/site-packages/airflow/example_dags/example_latest_only_with_trigger.py
[2026-06-07T15:06:44.069+0000] {logging_mixin.py:154} INFO - [2026-06-07T15:06:44.069+0000] {dag.py:2941} INFO - Sync 1 DAGs
[2026-06-07T15:06:44.190+0000] {logging_mixin.py:154} INFO - [2026-06-07T15:06:44.189+0000] {dag.py:3722} INFO - Setting next_dagrun for latest_only_with_trigger to 2026-06-07T11:06:44.189520+00:00, run_after=2026-06-07T15:06:44.189520+00:00
[2026-06-07T15:06:44.297+0000] {processor.py:179} INFO - Processing /home/airflow/.local/lib/python3.8/site-packages/airflow/example_dags/example_latest_only_with_trigger.py took 0.347 seconds
[2026-06-07T15:07:15.123+0000] {processor.py:157} INFO - Started process (PID=157) to work on /home/airflow/.local/lib/python3.8/site-packages/airflow/example_dags/example_latest_only_with_trigger.py
[2026-06-07T15:07:15.129+0000] {processor.py:829} INFO - Processing file /home/airflow/.local/lib/python3.8/site-packages/airflow/example_dags/example_latest_only_with_trigger.py for tasks to queue
[2026-06-07T15:07:15.137+0000] {logging_mixin.py:154} INFO - [2026-06-07T15:07:15.137+0000] {dagbag.py:536} INFO - Filling up the DagBag from /home/airflow/.local/lib/python3.8/site-packages/airflow/example_dags/example_latest_only_with_trigger.py
[2026-06-07T15:07:15.158+0000] {processor.py:839} INFO - DAG(s) dict_keys(['latest_only_with_trigger']) retrieved from /home/airflow/.local/lib/python3.8/site-packages/airflow/example_dags/example_latest_only_with_trigger.py
[2026-06-07T15:07:15.205+0000] {logging_mixin.py:154} INFO - [2026-06-07T15:07:15.205+0000] {dag.py:2941} INFO - Sync 1 DAGs
[2026-06-07T15:07:15.249+0000] {logging_mixin.py:154} INFO - [2026-06-07T15:07:15.249+0000] {dag.py:3722} INFO - Setting next_dagrun for latest_only_with_trigger to 2026-06-07T11:07:15.248760+00:00, run_after=2026-06-07T15:07:15.248760+00:00
[2026-06-07T15:07:15.303+0000] {processor.py:179} INFO - Processing /home/airflow/.local/lib/python3.8/site-packages/airflow/example_dags/example_latest_only_with_trigger.py took 0.193 seconds
[2026-06-07T15:07:45.864+0000] {processor.py:157} INFO - Started process (PID=211) to work on /home/airflow/.local/lib/python3.8/site-packages/airflow/example_dags/example_latest_only_with_trigger.py
[2026-06-07T15:07:45.877+0000] {processor.py:829} INFO - Processing file /home/airflow/.local/lib/python3.8/site-packages/airflow/example_dags/example_latest_only_with_trigger.py for tasks to queue
[2026-06-07T15:07:45.881+0000] {logging_mixin.py:154} INFO - [2026-06-07T15:07:45.881+0000] {dagbag.py:536} INFO - Filling up the DagBag from /home/airflow/.local/lib/python3.8/site-packages/airflow/example_dags/example_latest_only_with_trigger.py
[2026-06-07T15:07:45.909+0000] {processor.py:839} INFO - DAG(s) dict_keys(['latest_only_with_trigger']) retrieved from /home/airflow/.local/lib/python3.8/site-packages/airflow/example_dags/example_latest_only_with_trigger.py
[2026-06-07T15:07:45.970+0000] {logging_mixin.py:154} INFO - [2026-06-07T15:07:45.970+0000] {dag.py:2941} INFO - Sync 1 DAGs
[2026-06-07T15:07:46.018+0000] {logging_mixin.py:154} INFO - [2026-06-07T15:07:46.017+0000] {dag.py:3722} INFO - Setting next_dagrun for latest_only_with_trigger to 2026-06-07T11:07:46.017519+00:00, run_after=2026-06-07T15:07:46.017519+00:00
[2026-06-07T15:07:46.070+0000] {processor.py:179} INFO - Processing /home/airflow/.local/lib/python3.8/site-packages/airflow/example_dags/example_latest_only_with_trigger.py took 0.224 seconds
[2026-06-07T15:08:16.582+0000] {processor.py:157} INFO - Started process (PID=265) to work on /home/airflow/.local/lib/python3.8/site-packages/airflow/example_dags/example_latest_only_with_trigger.py
[2026-06-07T15:08:16.585+0000] {processor.py:829} INFO - Processing file /home/airflow/.local/lib/python3.8/site-packages/airflow/example_dags/example_latest_only_with_trigger.py for tasks to queue
[2026-06-07T15:08:16.597+0000] {logging_mixin.py:154} INFO - [2026-06-07T15:08:16.596+0000] {dagbag.py:536} INFO - Filling up the DagBag from /home/airflow/.local/lib/python3.8/site-packages/airflow/example_dags/example_latest_only_with_trigger.py
[2026-06-07T15:08:16.646+0000] {processor.py:839} INFO - DAG(s) dict_keys(['latest_only_with_trigger']) retrieved from /home/airflow/.local/lib/python3.8/site-packages/airflow/example_dags/example_latest_only_with_trigger.py
[2026-06-07T15:08:16.737+0000] {logging_mixin.py:154} INFO - [2026-06-07T15:08:16.737+0000] {dag.py:2941} INFO - Sync 1 DAGs
[2026-06-07T15:08:16.844+0000] {logging_mixin.py:154} INFO - [2026-06-07T15:08:16.844+0000] {dag.py:3722} INFO - Setting next_dagrun for latest_only_with_trigger to 2026-06-07T11:08:16.844142+00:00, run_after=2026-06-07T15:08:16.844142+00:00
[2026-06-07T15:08:16.931+0000] {processor.py:179} INFO - Processing /home/airflow/.local/lib/python3.8/site-packages/airflow/example_dags/example_latest_only_with_trigger.py took 0.375 seconds
[2026-06-07T15:08:47.956+0000] {processor.py:157} INFO - Started process (PID=318) to work on /home/airflow/.local/lib/python3.8/site-packages/airflow/example_dags/example_latest_only_with_trigger.py
[2026-06-07T15:08:47.969+0000] {processor.py:829} INFO - Processing file /home/airflow/.local/lib/python3.8/site-packages/airflow/example_dags/example_latest_only_with_trigger.py for tasks to queue
[2026-06-07T15:08:47.986+0000] {logging_mixin.py:154} INFO - [2026-06-07T15:08:47.985+0000] {dagbag.py:536} INFO - Filling up the DagBag from /home/airflow/.local/lib/python3.8/site-packages/airflow/example_dags/example_latest_only_with_trigger.py
[2026-06-07T15:08:48.006+0000] {processor.py:839} INFO - DAG(s) dict_keys(['latest_only_with_trigger']) retrieved from /home/airflow/.local/lib/python3.8/site-packages/airflow/example_dags/example_latest_only_with_trigger.py
[2026-06-07T15:08:48.133+0000] {logging_mixin.py:154} INFO - [2026-06-07T15:08:48.133+0000] {dag.py:2941} INFO - Sync 1 DAGs
[2026-06-07T15:08:48.229+0000] {logging_mixin.py:154} INFO - [2026-06-07T15:08:48.229+0000] {dag.py:3722} INFO - Setting next_dagrun for latest_only_with_trigger to 2026-06-07T11:08:48.228862+00:00, run_after=2026-06-07T15:08:48.228862+00:00
[2026-06-07T15:08:48.255+0000] {processor.py:179} INFO - Processing /home/airflow/.local/lib/python3.8/site-packages/airflow/example_dags/example_latest_only_with_trigger.py took 0.313 seconds
[2026-06-07T15:09:18.396+0000] {processor.py:157} INFO - Started process (PID=371) to work on /home/airflow/.local/lib/python3.8/site-packages/airflow/example_dags/example_latest_only_with_trigger.py
[2026-06-07T15:09:18.397+0000] {processor.py:829} INFO - Processing file /home/airflow/.local/lib/python3.8/site-packages/airflow/example_dags/example_latest_only_with_trigger.py for tasks to queue
[2026-06-07T15:09:18.401+0000] {logging_mixin.py:154} INFO - [2026-06-07T15:09:18.400+0000] {dagbag.py:536} INFO - Filling up the DagBag from /home/airflow/.local/lib/python3.8/site-packages/airflow/example_dags/example_latest_only_with_trigger.py
[2026-06-07T15:09:18.409+0000] {processor.py:839} INFO - DAG(s) dict_keys(['latest_only_with_trigger']) retrieved from /home/airflow/.local/lib/python3.8/site-packages/airflow/example_dags/example_latest_only_with_trigger.py
[2026-06-07T15:09:18.443+0000] {logging_mixin.py:154} INFO - [2026-06-07T15:09:18.443+0000] {dag.py:2941} INFO - Sync 1 DAGs
[2026-06-07T15:09:18.478+0000] {logging_mixin.py:154} INFO - [2026-06-07T15:09:18.478+0000] {dag.py:3722} INFO - Setting next_dagrun for latest_only_with_trigger to 2026-06-07T11:09:18.477948+00:00, run_after=2026-06-07T15:09:18.477948+00:00
[2026-06-07T15:09:18.512+0000] {processor.py:179} INFO - Processing /home/airflow/.local/lib/python3.8/site-packages/airflow/example_dags/example_latest_only_with_trigger.py took 0.122 seconds
[2026-06-07T15:09:48.813+0000] {processor.py:157} INFO - Started process (PID=425) to work on /home/airflow/.local/lib/python3.8/site-packages/airflow/example_dags/example_latest_only_with_trigger.py
[2026-06-07T15:09:48.815+0000] {processor.py:829} INFO - Processing file /home/airflow/.local/lib/python3.8/site-packages/airflow/example_dags/example_latest_only_with_trigger.py for tasks to queue
[2026-06-07T15:09:48.821+0000] {logging_mixin.py:154} INFO - [2026-06-07T15:09:48.820+0000] {dagbag.py:536} INFO - Filling up the DagBag from /home/airflow/.local/lib/python3.8/site-packages/airflow/example_dags/example_latest_only_with_trigger.py
[2026-06-07T15:09:48.828+0000] {processor.py:839} INFO - DAG(s) dict_keys(['latest_only_with_trigger']) retrieved from /home/airflow/.local/lib/python3.8/site-packages/airflow/example_dags/example_latest_only_with_trigger.py
[2026-06-07T15:09:48.861+0000] {logging_mixin.py:154} INFO - [2026-06-07T15:09:48.860+0000] {dag.py:2941} INFO - Sync 1 DAGs
[2026-06-07T15:09:48.893+0000] {logging_mixin.py:154} INFO - [2026-06-07T15:09:48.893+0000] {dag.py:3722} INFO - Setting next_dagrun for latest_only_with_trigger to 2026-06-07T11:09:48.893011+00:00, run_after=2026-06-07T15:09:48.893011+00:00
[2026-06-07T15:09:48.916+0000] {processor.py:179} INFO - Processing /home/airflow/.local/lib/python3.8/site-packages/airflow/example_dags/example_latest_only_with_trigger.py took 0.109 seconds
[2026-06-07T15:10:19.046+0000] {processor.py:157} INFO - Started process (PID=479) to work on /home/airflow/.local/lib/python3.8/site-packages/airflow/example_dags/example_latest_only_with_trigger.py
[2026-06-07T15:10:19.047+0000] {processor.py:829} INFO - Processing file /home/airflow/.local/lib/python3.8/site-packages/airflow/example_dags/example_latest_only_with_trigger.py for tasks to queue
[2026-06-07T15:10:19.050+0000] {logging_mixin.py:154} INFO - [2026-06-07T15:10:19.050+0000] {dagbag.py:536} INFO - Filling up the DagBag from /home/airflow/.local/lib/python3.8/site-packages/airflow/example_dags/example_latest_only_with_trigger.py
[2026-06-07T15:10:19.059+0000] {processor.py:839} INFO - DAG(s) dict_keys(['latest_only_with_trigger']) retrieved from /home/airflow/.local/lib/python3.8/site-packages/airflow/example_dags/example_latest_only_with_trigger.py
[2026-06-07T15:10:19.091+0000] {logging_mixin.py:154} INFO - [2026-06-07T15:10:19.090+0000] {dag.py:2941} INFO - Sync 1 DAGs
[2026-06-07T15:10:19.126+0000] {logging_mixin.py:154} INFO - [2026-06-07T15:10:19.125+0000] {dag.py:3722} INFO - Setting next_dagrun for latest_only_with_trigger to 2026-06-07T11:10:19.125365+00:00, run_after=2026-06-07T15:10:19.125365+00:00
[2026-06-07T15:10:19.151+0000] {processor.py:179} INFO - Processing /home/airflow/.local/lib/python3.8/site-packages/airflow/example_dags/example_latest_only_with_trigger.py took 0.110 seconds
[2026-06-07T15:10:49.516+0000] {processor.py:157} INFO - Started process (PID=533) to work on /home/airflow/.local/lib/python3.8/site-packages/airflow/example_dags/example_latest_only_with_trigger.py
[2026-06-07T15:10:49.518+0000] {processor.py:829} INFO - Processing file /home/airflow/.local/lib/python3.8/site-packages/airflow/example_dags/example_latest_only_with_trigger.py for tasks to queue
[2026-06-07T15:10:49.522+0000] {logging_mixin.py:154} INFO - [2026-06-07T15:10:49.521+0000] {dagbag.py:536} INFO - Filling up the DagBag from /home/airflow/.local/lib/python3.8/site-packages/airflow/example_dags/example_latest_only_with_trigger.py
[2026-06-07T15:10:49.530+0000] {processor.py:839} INFO - DAG(s) dict_keys(['latest_only_with_trigger']) retrieved from /home/airflow/.local/lib/python3.8/site-packages/airflow/example_dags/example_latest_only_with_trigger.py
[2026-06-07T15:10:49.562+0000] {logging_mixin.py:154} INFO - [2026-06-07T15:10:49.561+0000] {dag.py:2941} INFO - Sync 1 DAGs
[2026-06-07T15:10:49.596+0000] {logging_mixin.py:154} INFO - [2026-06-07T15:10:49.596+0000] {dag.py:3722} INFO - Setting next_dagrun for latest_only_with_trigger to 2026-06-07T11:10:49.595723+00:00, run_after=2026-06-07T15:10:49.595723+00:00
[2026-06-07T15:10:49.626+0000] {processor.py:179} INFO - Processing /home/airflow/.local/lib/python3.8/site-packages/airflow/example_dags/example_latest_only_with_trigger.py took 0.115 seconds
[2026-06-07T15:11:21.124+0000] {processor.py:157} INFO - Started process (PID=587) to work on /home/airflow/.local/lib/python3.8/site-packages/airflow/example_dags/example_latest_only_with_trigger.py
[2026-06-07T15:11:21.140+0000] {processor.py:829} INFO - Processing file /home/airflow/.local/lib/python3.8/site-packages/airflow/example_dags/example_latest_only_with_trigger.py for tasks to queue
[2026-06-07T15:11:21.144+0000] {logging_mixin.py:154} INFO - [2026-06-07T15:11:21.143+0000] {dagbag.py:536} INFO - Filling up the DagBag from /home/airflow/.local/lib/python3.8/site-packages/airflow/example_dags/example_latest_only_with_trigger.py
[2026-06-07T15:11:21.170+0000] {processor.py:839} INFO - DAG(s) dict_keys(['latest_only_with_trigger']) retrieved from /home/airflow/.local/lib/python3.8/site-packages/airflow/example_dags/example_latest_only_with_trigger.py
[2026-06-07T15:11:21.350+0000] {logging_mixin.py:154} INFO - [2026-06-07T15:11:21.350+0000] {dag.py:2941} INFO - Sync 1 DAGs
[2026-06-07T15:11:21.566+0000] {logging_mixin.py:154} INFO - [2026-06-07T15:11:21.565+0000] {dag.py:3722} INFO - Setting next_dagrun for latest_only_with_trigger to 2026-06-07T11:11:21.565549+00:00, run_after=2026-06-07T15:11:21.565549+00:00
[2026-06-07T15:11:21.665+0000] {processor.py:179} INFO - Processing /home/airflow/.local/lib/python3.8/site-packages/airflow/example_dags/example_latest_only_with_trigger.py took 0.546 seconds
[2026-06-07T15:11:52.321+0000] {processor.py:157} INFO - Started process (PID=640) to work on /home/airflow/.local/lib/python3.8/site-packages/airflow/example_dags/example_latest_only_with_trigger.py
[2026-06-07T15:11:52.322+0000] {processor.py:829} INFO - Processing file /home/airflow/.local/lib/python3.8/site-packages/airflow/example_dags/example_latest_only_with_trigger.py for tasks to queue
[2026-06-07T15:11:52.325+0000] {logging_mixin.py:154} INFO - [2026-06-07T15:11:52.325+0000] {dagbag.py:536} INFO - Filling up the DagBag from /home/airflow/.local/lib/python3.8/site-packages/airflow/example_dags/example_latest_only_with_trigger.py
[2026-06-07T15:11:52.333+0000] {processor.py:839} INFO - DAG(s) dict_keys(['latest_only_with_trigger']) retrieved from /home/airflow/.local/lib/python3.8/site-packages/airflow/example_dags/example_latest_only_with_trigger.py
[2026-06-07T15:11:52.366+0000] {logging_mixin.py:154} INFO - [2026-06-07T15:11:52.365+0000] {dag.py:2941} INFO - Sync 1 DAGs
[2026-06-07T15:11:52.400+0000] {logging_mixin.py:154} INFO - [2026-06-07T15:11:52.400+0000] {dag.py:3722} INFO - Setting next_dagrun for latest_only_with_trigger to 2026-06-07T11:11:52.399846+00:00, run_after=2026-06-07T15:11:52.399846+00:00
[2026-06-07T15:11:52.425+0000] {processor.py:179} INFO - Processing /home/airflow/.local/lib/python3.8/site-packages/airflow/example_dags/example_latest_only_with_trigger.py took 0.112 seconds
[2026-06-07T15:12:22.758+0000] {processor.py:157} INFO - Started process (PID=692) to work on /home/airflow/.local/lib/python3.8/site-packages/airflow/example_dags/example_latest_only_with_trigger.py
[2026-06-07T15:12:22.763+0000] {processor.py:829} INFO - Processing file /home/airflow/.local/lib/python3.8/site-packages/airflow/example_dags/example_latest_only_with_trigger.py for tasks to queue
[2026-06-07T15:12:22.773+0000] {logging_mixin.py:154} INFO - [2026-06-07T15:12:22.772+0000] {dagbag.py:536} INFO - Filling up the DagBag from /home/airflow/.local/lib/python3.8/site-packages/airflow/example_dags/example_latest_only_with_trigger.py
[2026-06-07T15:12:22.788+0000] {processor.py:839} INFO - DAG(s) dict_keys(['latest_only_with_trigger']) retrieved from /home/airflow/.local/lib/python3.8/site-packages/airflow/example_dags/example_latest_only_with_trigger.py
[2026-06-07T15:12:22.851+0000] {logging_mixin.py:154} INFO - [2026-06-07T15:12:22.851+0000] {dag.py:2941} INFO - Sync 1 DAGs
[2026-06-07T15:12:22.886+0000] {logging_mixin.py:154} INFO - [2026-06-07T15:12:22.886+0000] {dag.py:3722} INFO - Setting next_dagrun for latest_only_with_trigger to 2026-06-07T11:12:22.886031+00:00, run_after=2026-06-07T15:12:22.886031+00:00
[2026-06-07T15:12:22.928+0000] {processor.py:179} INFO - Processing /home/airflow/.local/lib/python3.8/site-packages/airflow/example_dags/example_latest_only_with_trigger.py took 0.175 seconds
[2026-06-07T15:12:53.851+0000] {processor.py:157} INFO - Started process (PID=747) to work on /home/airflow/.local/lib/python3.8/site-packages/airflow/example_dags/example_latest_only_with_trigger.py
[2026-06-07T15:12:53.861+0000] {processor.py:829} INFO - Processing file /home/airflow/.local/lib/python3.8/site-packages/airflow/example_dags/example_latest_only_with_trigger.py for tasks to queue
[2026-06-07T15:12:53.866+0000] {logging_mixin.py:154} INFO - [2026-06-07T15:12:53.864+0000] {dagbag.py:536} INFO - Filling up the DagBag from /home/airflow/.local/lib/python3.8/site-packages/airflow/example_dags/example_latest_only_with_trigger.py
[2026-06-07T15:12:53.874+0000] {processor.py:839} INFO - DAG(s) dict_keys(['latest_only_with_trigger']) retrieved from /home/airflow/.local/lib/python3.8/site-packages/airflow/example_dags/example_latest_only_with_trigger.py
[2026-06-07T15:12:53.904+0000] {logging_mixin.py:154} INFO - [2026-06-07T15:12:53.904+0000] {dag.py:2941} INFO - Sync 1 DAGs
[2026-06-07T15:12:53.968+0000] {logging_mixin.py:154} INFO - [2026-06-07T15:12:53.967+0000] {dag.py:3722} INFO - Setting next_dagrun for latest_only_with_trigger to 2026-06-07T11:12:53.967306+00:00, run_after=2026-06-07T15:12:53.967306+00:00
[2026-06-07T15:12:54.034+0000] {processor.py:179} INFO - Processing /home/airflow/.local/lib/python3.8/site-packages/airflow/example_dags/example_latest_only_with_trigger.py took 0.188 seconds
[2026-06-07T15:13:24.080+0000] {processor.py:157} INFO - Started process (PID=801) to work on /home/airflow/.local/lib/python3.8/site-packages/airflow/example_dags/example_latest_only_with_trigger.py
[2026-06-07T15:13:24.081+0000] {processor.py:829} INFO - Processing file /home/airflow/.local/lib/python3.8/site-packages/airflow/example_dags/example_latest_only_with_trigger.py for tasks to queue
[2026-06-07T15:13:24.084+0000] {logging_mixin.py:154} INFO - [2026-06-07T15:13:24.083+0000] {dagbag.py:536} INFO - Filling up the DagBag from /home/airflow/.local/lib/python3.8/site-packages/airflow/example_dags/example_latest_only_with_trigger.py
[2026-06-07T15:13:24.090+0000] {processor.py:839} INFO - DAG(s) dict_keys(['latest_only_with_trigger']) retrieved from /home/airflow/.local/lib/python3.8/site-packages/airflow/example_dags/example_latest_only_with_trigger.py
[2026-06-07T15:13:24.114+0000] {logging_mixin.py:154} INFO - [2026-06-07T15:13:24.114+0000] {dag.py:2941} INFO - Sync 1 DAGs
[2026-06-07T15:13:24.140+0000] {logging_mixin.py:154} INFO - [2026-06-07T15:13:24.140+0000] {dag.py:3722} INFO - Setting next_dagrun for latest_only_with_trigger to 2026-06-07T11:13:24.139930+00:00, run_after=2026-06-07T15:13:24.139930+00:00
[2026-06-07T15:13:24.160+0000] {processor.py:179} INFO - Processing /home/airflow/.local/lib/python3.8/site-packages/airflow/example_dags/example_latest_only_with_trigger.py took 0.084 seconds
[2026-06-07T15:13:54.405+0000] {processor.py:157} INFO - Started process (PID=855) to work on /home/airflow/.local/lib/python3.8/site-packages/airflow/example_dags/example_latest_only_with_trigger.py
[2026-06-07T15:13:54.407+0000] {processor.py:829} INFO - Processing file /home/airflow/.local/lib/python3.8/site-packages/airflow/example_dags/example_latest_only_with_trigger.py for tasks to queue
[2026-06-07T15:13:54.414+0000] {logging_mixin.py:154} INFO - [2026-06-07T15:13:54.414+0000] {dagbag.py:536} INFO - Filling up the DagBag from /home/airflow/.local/lib/python3.8/site-packages/airflow/example_dags/example_latest_only_with_trigger.py
[2026-06-07T15:13:54.422+0000] {processor.py:839} INFO - DAG(s) dict_keys(['latest_only_with_trigger']) retrieved from /home/airflow/.local/lib/python3.8/site-packages/airflow/example_dags/example_latest_only_with_trigger.py
[2026-06-07T15:13:54.455+0000] {logging_mixin.py:154} INFO - [2026-06-07T15:13:54.454+0000] {dag.py:2941} INFO - Sync 1 DAGs
[2026-06-07T15:13:54.497+0000] {logging_mixin.py:154} INFO - [2026-06-07T15:13:54.497+0000] {dag.py:3722} INFO - Setting next_dagrun for latest_only_with_trigger to 2026-06-07T11:13:54.496628+00:00, run_after=2026-06-07T15:13:54.496628+00:00
[2026-06-07T15:13:54.541+0000] {processor.py:179} INFO - Processing /home/airflow/.local/lib/python3.8/site-packages/airflow/example_dags/example_latest_only_with_trigger.py took 0.146 seconds
[2026-06-07T15:14:25.337+0000] {processor.py:157} INFO - Started process (PID=909) to work on /home/airflow/.local/lib/python3.8/site-packages/airflow/example_dags/example_latest_only_with_trigger.py
[2026-06-07T15:14:25.349+0000] {processor.py:829} INFO - Processing file /home/airflow/.local/lib/python3.8/site-packages/airflow/example_dags/example_latest_only_with_trigger.py for tasks to queue
[2026-06-07T15:14:25.353+0000] {logging_mixin.py:154} INFO - [2026-06-07T15:14:25.352+0000] {dagbag.py:536} INFO - Filling up the DagBag from /home/airflow/.local/lib/python3.8/site-packages/airflow/example_dags/example_latest_only_with_trigger.py
[2026-06-07T15:14:25.362+0000] {processor.py:839} INFO - DAG(s) dict_keys(['latest_only_with_trigger']) retrieved from /home/airflow/.local/lib/python3.8/site-packages/airflow/example_dags/example_latest_only_with_trigger.py
[2026-06-07T15:14:25.394+0000] {logging_mixin.py:154} INFO - [2026-06-07T15:14:25.394+0000] {dag.py:2941} INFO - Sync 1 DAGs
[2026-06-07T15:14:25.429+0000] {logging_mixin.py:154} INFO - [2026-06-07T15:14:25.429+0000] {dag.py:3722} INFO - Setting next_dagrun for latest_only_with_trigger to 2026-06-07T11:14:25.428943+00:00, run_after=2026-06-07T15:14:25.428943+00:00
[2026-06-07T15:14:25.454+0000] {processor.py:179} INFO - Processing /home/airflow/.local/lib/python3.8/site-packages/airflow/example_dags/example_latest_only_with_trigger.py took 0.128 seconds
[2026-06-07T15:14:56.126+0000] {processor.py:157} INFO - Started process (PID=963) to work on /home/airflow/.local/lib/python3.8/site-packages/airflow/example_dags/example_latest_only_with_trigger.py
[2026-06-07T15:14:56.128+0000] {processor.py:829} INFO - Processing file /home/airflow/.local/lib/python3.8/site-packages/airflow/example_dags/example_latest_only_with_trigger.py for tasks to queue
[2026-06-07T15:14:56.131+0000] {logging_mixin.py:154} INFO - [2026-06-07T15:14:56.131+0000] {dagbag.py:536} INFO - Filling up the DagBag from /home/airflow/.local/lib/python3.8/site-packages/airflow/example_dags/example_latest_only_with_trigger.py
[2026-06-07T15:14:56.139+0000] {processor.py:839} INFO - DAG(s) dict_keys(['latest_only_with_trigger']) retrieved from /home/airflow/.local/lib/python3.8/site-packages/airflow/example_dags/example_latest_only_with_trigger.py
[2026-06-07T15:14:56.168+0000] {logging_mixin.py:154} INFO - [2026-06-07T15:14:56.168+0000] {dag.py:2941} INFO - Sync 1 DAGs
[2026-06-07T15:14:56.202+0000] {logging_mixin.py:154} INFO - [2026-06-07T15:14:56.202+0000] {dag.py:3722} INFO - Setting next_dagrun for latest_only_with_trigger to 2026-06-07T11:14:56.202149+00:00, run_after=2026-06-07T15:14:56.202149+00:00
[2026-06-07T15:14:56.226+0000] {processor.py:179} INFO - Processing /home/airflow/.local/lib/python3.8/site-packages/airflow/example_dags/example_latest_only_with_trigger.py took 0.111 seconds
[2026-06-07T15:15:27.265+0000] {processor.py:157} INFO - Started process (PID=1016) to work on /home/airflow/.local/lib/python3.8/site-packages/airflow/example_dags/example_latest_only_with_trigger.py
[2026-06-07T15:15:27.267+0000] {processor.py:829} INFO - Processing file /home/airflow/.local/lib/python3.8/site-packages/airflow/example_dags/example_latest_only_with_trigger.py for tasks to queue
[2026-06-07T15:15:27.271+0000] {logging_mixin.py:154} INFO - [2026-06-07T15:15:27.271+0000] {dagbag.py:536} INFO - Filling up the DagBag from /home/airflow/.local/lib/python3.8/site-packages/airflow/example_dags/example_latest_only_with_trigger.py
[2026-06-07T15:15:27.299+0000] {processor.py:839} INFO - DAG(s) dict_keys(['latest_only_with_trigger']) retrieved from /home/airflow/.local/lib/python3.8/site-packages/airflow/example_dags/example_latest_only_with_trigger.py
[2026-06-07T15:15:27.413+0000] {logging_mixin.py:154} INFO - [2026-06-07T15:15:27.413+0000] {dag.py:2941} INFO - Sync 1 DAGs
[2026-06-07T15:15:27.494+0000] {logging_mixin.py:154} INFO - [2026-06-07T15:15:27.493+0000] {dag.py:3722} INFO - Setting next_dagrun for latest_only_with_trigger to 2026-06-07T11:15:27.493474+00:00, run_after=2026-06-07T15:15:27.493474+00:00
[2026-06-07T15:15:27.569+0000] {processor.py:179} INFO - Processing /home/airflow/.local/lib/python3.8/site-packages/airflow/example_dags/example_latest_only_with_trigger.py took 0.331 seconds
[2026-06-07T15:15:58.144+0000] {processor.py:157} INFO - Started process (PID=1070) to work on /home/airflow/.local/lib/python3.8/site-packages/airflow/example_dags/example_latest_only_with_trigger.py
[2026-06-07T15:15:58.146+0000] {processor.py:829} INFO - Processing file /home/airflow/.local/lib/python3.8/site-packages/airflow/example_dags/example_latest_only_with_trigger.py for tasks to queue
[2026-06-07T15:15:58.149+0000] {logging_mixin.py:154} INFO - [2026-06-07T15:15:58.149+0000] {dagbag.py:536} INFO - Filling up the DagBag from /home/airflow/.local/lib/python3.8/site-packages/airflow/example_dags/example_latest_only_with_trigger.py
[2026-06-07T15:15:58.157+0000] {processor.py:839} INFO - DAG(s) dict_keys(['latest_only_with_trigger']) retrieved from /home/airflow/.local/lib/python3.8/site-packages/airflow/example_dags/example_latest_only_with_trigger.py
[2026-06-07T15:15:58.203+0000] {logging_mixin.py:154} INFO - [2026-06-07T15:15:58.202+0000] {dag.py:2941} INFO - Sync 1 DAGs
[2026-06-07T15:15:58.237+0000] {logging_mixin.py:154} INFO - [2026-06-07T15:15:58.237+0000] {dag.py:3722} INFO - Setting next_dagrun for latest_only_with_trigger to 2026-06-07T11:15:58.236655+00:00, run_after=2026-06-07T15:15:58.236655+00:00
[2026-06-07T15:15:58.263+0000] {processor.py:179} INFO - Processing /home/airflow/.local/lib/python3.8/site-packages/airflow/example_dags/example_latest_only_with_trigger.py took 0.123 seconds
[2026-06-07T15:16:29.169+0000] {processor.py:157} INFO - Started process (PID=1124) to work on /home/airflow/.local/lib/python3.8/site-packages/airflow/example_dags/example_latest_only_with_trigger.py
[2026-06-07T15:16:29.170+0000] {processor.py:829} INFO - Processing file /home/airflow/.local/lib/python3.8/site-packages/airflow/example_dags/example_latest_only_with_trigger.py for tasks to queue
[2026-06-07T15:16:29.174+0000] {logging_mixin.py:154} INFO - [2026-06-07T15:16:29.174+0000] {dagbag.py:536} INFO - Filling up the DagBag from /home/airflow/.local/lib/python3.8/site-packages/airflow/example_dags/example_latest_only_with_trigger.py
[2026-06-07T15:16:29.182+0000] {processor.py:839} INFO - DAG(s) dict_keys(['latest_only_with_trigger']) retrieved from /home/airflow/.local/lib/python3.8/site-packages/airflow/example_dags/example_latest_only_with_trigger.py
[2026-06-07T15:16:29.213+0000] {logging_mixin.py:154} INFO - [2026-06-07T15:16:29.213+0000] {dag.py:2941} INFO - Sync 1 DAGs
[2026-06-07T15:16:29.248+0000] {logging_mixin.py:154} INFO - [2026-06-07T15:16:29.248+0000] {dag.py:3722} INFO - Setting next_dagrun for latest_only_with_trigger to 2026-06-07T11:16:29.248075+00:00, run_after=2026-06-07T15:16:29.248075+00:00
[2026-06-07T15:16:29.280+0000] {processor.py:179} INFO - Processing /home/airflow/.local/lib/python3.8/site-packages/airflow/example_dags/example_latest_only_with_trigger.py took 0.115 seconds
[2026-06-07T15:16:59.897+0000] {processor.py:157} INFO - Started process (PID=1178) to work on /home/airflow/.local/lib/python3.8/site-packages/airflow/example_dags/example_latest_only_with_trigger.py
[2026-06-07T15:16:59.899+0000] {processor.py:829} INFO - Processing file /home/airflow/.local/lib/python3.8/site-packages/airflow/example_dags/example_latest_only_with_trigger.py for tasks to queue
[2026-06-07T15:16:59.908+0000] {logging_mixin.py:154} INFO - [2026-06-07T15:16:59.908+0000] {dagbag.py:536} INFO - Filling up the DagBag from /home/airflow/.local/lib/python3.8/site-packages/airflow/example_dags/example_latest_only_with_trigger.py
[2026-06-07T15:16:59.927+0000] {processor.py:839} INFO - DAG(s) dict_keys(['latest_only_with_trigger']) retrieved from /home/airflow/.local/lib/python3.8/site-packages/airflow/example_dags/example_latest_only_with_trigger.py
[2026-06-07T15:16:59.998+0000] {logging_mixin.py:154} INFO - [2026-06-07T15:16:59.997+0000] {dag.py:2941} INFO - Sync 1 DAGs
[2026-06-07T15:17:00.145+0000] {logging_mixin.py:154} INFO - [2026-06-07T15:17:00.144+0000] {dag.py:3722} INFO - Setting next_dagrun for latest_only_with_trigger to 2026-06-07T11:17:00.144577+00:00, run_after=2026-06-07T15:17:00.144577+00:00
[2026-06-07T15:17:00.423+0000] {processor.py:179} INFO - Processing /home/airflow/.local/lib/python3.8/site-packages/airflow/example_dags/example_latest_only_with_trigger.py took 0.544 seconds
[2026-06-07T15:17:31.138+0000] {processor.py:157} INFO - Started process (PID=1232) to work on /home/airflow/.local/lib/python3.8/site-packages/airflow/example_dags/example_latest_only_with_trigger.py
[2026-06-07T15:17:31.146+0000] {processor.py:829} INFO - Processing file /home/airflow/.local/lib/python3.8/site-packages/airflow/example_dags/example_latest_only_with_trigger.py for tasks to queue
[2026-06-07T15:17:31.151+0000] {logging_mixin.py:154} INFO - [2026-06-07T15:17:31.150+0000] {dagbag.py:536} INFO - Filling up the DagBag from /home/airflow/.local/lib/python3.8/site-packages/airflow/example_dags/example_latest_only_with_trigger.py
[2026-06-07T15:17:31.163+0000] {processor.py:839} INFO - DAG(s) dict_keys(['latest_only_with_trigger']) retrieved from /home/airflow/.local/lib/python3.8/site-packages/airflow/example_dags/example_latest_only_with_trigger.py
[2026-06-07T15:17:31.237+0000] {logging_mixin.py:154} INFO - [2026-06-07T15:17:31.237+0000] {dag.py:2941} INFO - Sync 1 DAGs
[2026-06-07T15:17:31.300+0000] {logging_mixin.py:154} INFO - [2026-06-07T15:17:31.300+0000] {dag.py:3722} INFO - Setting next_dagrun for latest_only_with_trigger to 2026-06-07T11:17:31.300112+00:00, run_after=2026-06-07T15:17:31.300112+00:00
[2026-06-07T15:17:31.359+0000] {processor.py:179} INFO - Processing /home/airflow/.local/lib/python3.8/site-packages/airflow/example_dags/example_latest_only_with_trigger.py took 0.232 seconds
[2026-06-07T15:18:01.988+0000] {processor.py:157} INFO - Started process (PID=1285) to work on /home/airflow/.local/lib/python3.8/site-packages/airflow/example_dags/example_latest_only_with_trigger.py
[2026-06-07T15:18:01.991+0000] {processor.py:829} INFO - Processing file /home/airflow/.local/lib/python3.8/site-packages/airflow/example_dags/example_latest_only_with_trigger.py for tasks to queue
[2026-06-07T15:18:01.996+0000] {logging_mixin.py:154} INFO - [2026-06-07T15:18:01.995+0000] {dagbag.py:536} INFO - Filling up the DagBag from /home/airflow/.local/lib/python3.8/site-packages/airflow/example_dags/example_latest_only_with_trigger.py
[2026-06-07T15:18:02.005+0000] {processor.py:839} INFO - DAG(s) dict_keys(['latest_only_with_trigger']) retrieved from /home/airflow/.local/lib/python3.8/site-packages/airflow/example_dags/example_latest_only_with_trigger.py
[2026-06-07T15:18:02.060+0000] {logging_mixin.py:154} INFO - [2026-06-07T15:18:02.059+0000] {dag.py:2941} INFO - Sync 1 DAGs
[2026-06-07T15:18:02.092+0000] {logging_mixin.py:154} INFO - [2026-06-07T15:18:02.092+0000] {dag.py:3722} INFO - Setting next_dagrun for latest_only_with_trigger to 2026-06-07T11:18:02.092035+00:00, run_after=2026-06-07T15:18:02.092035+00:00
[2026-06-07T15:18:02.118+0000] {processor.py:179} INFO - Processing /home/airflow/.local/lib/python3.8/site-packages/airflow/example_dags/example_latest_only_with_trigger.py took 0.135 seconds
[2026-06-07T15:18:32.190+0000] {processor.py:157} INFO - Started process (PID=1339) to work on /home/airflow/.local/lib/python3.8/site-packages/airflow/example_dags/example_latest_only_with_trigger.py
[2026-06-07T15:18:32.192+0000] {processor.py:829} INFO - Processing file /home/airflow/.local/lib/python3.8/site-packages/airflow/example_dags/example_latest_only_with_trigger.py for tasks to queue
[2026-06-07T15:18:32.197+0000] {logging_mixin.py:154} INFO - [2026-06-07T15:18:32.197+0000] {dagbag.py:536} INFO - Filling up the DagBag from /home/airflow/.local/lib/python3.8/site-packages/airflow/example_dags/example_latest_only_with_trigger.py
[2026-06-07T15:18:32.214+0000] {processor.py:839} INFO - DAG(s) dict_keys(['latest_only_with_trigger']) retrieved from /home/airflow/.local/lib/python3.8/site-packages/airflow/example_dags/example_latest_only_with_trigger.py
[2026-06-07T15:18:32.287+0000] {logging_mixin.py:154} INFO - [2026-06-07T15:18:32.286+0000] {dag.py:2941} INFO - Sync 1 DAGs
[2026-06-07T15:18:32.745+0000] {logging_mixin.py:154} INFO - [2026-06-07T15:18:32.745+0000] {dag.py:3722} INFO - Setting next_dagrun for latest_only_with_trigger to 2026-06-07T11:18:32.745240+00:00, run_after=2026-06-07T15:18:32.745240+00:00
[2026-06-07T15:18:32.810+0000] {processor.py:179} INFO - Processing /home/airflow/.local/lib/python3.8/site-packages/airflow/example_dags/example_latest_only_with_trigger.py took 0.634 seconds
[2026-06-07T15:19:03.395+0000] {processor.py:157} INFO - Started process (PID=1393) to work on /home/airflow/.local/lib/python3.8/site-packages/airflow/example_dags/example_latest_only_with_trigger.py
[2026-06-07T15:19:03.405+0000] {processor.py:829} INFO - Processing file /home/airflow/.local/lib/python3.8/site-packages/airflow/example_dags/example_latest_only_with_trigger.py for tasks to queue
[2026-06-07T15:19:03.417+0000] {logging_mixin.py:154} INFO - [2026-06-07T15:19:03.417+0000] {dagbag.py:536} INFO - Filling up the DagBag from /home/airflow/.local/lib/python3.8/site-packages/airflow/example_dags/example_latest_only_with_trigger.py
[2026-06-07T15:19:03.442+0000] {processor.py:839} INFO - DAG(s) dict_keys(['latest_only_with_trigger']) retrieved from /home/airflow/.local/lib/python3.8/site-packages/airflow/example_dags/example_latest_only_with_trigger.py
[2026-06-07T15:19:03.562+0000] {logging_mixin.py:154} INFO - [2026-06-07T15:19:03.562+0000] {dag.py:2941} INFO - Sync 1 DAGs
[2026-06-07T15:19:03.694+0000] {logging_mixin.py:154} INFO - [2026-06-07T15:19:03.694+0000] {dag.py:3722} INFO - Setting next_dagrun for latest_only_with_trigger to 2026-06-07T11:19:03.693721+00:00, run_after=2026-06-07T15:19:03.693721+00:00
[2026-06-07T15:19:04.643+0000] {processor.py:179} INFO - Processing /home/airflow/.local/lib/python3.8/site-packages/airflow/example_dags/example_latest_only_with_trigger.py took 1.254 seconds
[2026-06-07T15:19:34.800+0000] {processor.py:157} INFO - Started process (PID=1447) to work on /home/airflow/.local/lib/python3.8/site-packages/airflow/example_dags/example_latest_only_with_trigger.py
[2026-06-07T15:19:34.802+0000] {processor.py:829} INFO - Processing file /home/airflow/.local/lib/python3.8/site-packages/airflow/example_dags/example_latest_only_with_trigger.py for tasks to queue
[2026-06-07T15:19:34.805+0000] {logging_mixin.py:154} INFO - [2026-06-07T15:19:34.805+0000] {dagbag.py:536} INFO - Filling up the DagBag from /home/airflow/.local/lib/python3.8/site-packages/airflow/example_dags/example_latest_only_with_trigger.py
[2026-06-07T15:19:34.814+0000] {processor.py:839} INFO - DAG(s) dict_keys(['latest_only_with_trigger']) retrieved from /home/airflow/.local/lib/python3.8/site-packages/airflow/example_dags/example_latest_only_with_trigger.py
[2026-06-07T15:19:34.863+0000] {logging_mixin.py:154} INFO - [2026-06-07T15:19:34.862+0000] {dag.py:2941} INFO - Sync 1 DAGs
[2026-06-07T15:19:34.890+0000] {logging_mixin.py:154} INFO - [2026-06-07T15:19:34.890+0000] {dag.py:3722} INFO - Setting next_dagrun for latest_only_with_trigger to 2026-06-07T11:19:34.889784+00:00, run_after=2026-06-07T15:19:34.889784+00:00
[2026-06-07T15:19:34.911+0000] {processor.py:179} INFO - Processing /home/airflow/.local/lib/python3.8/site-packages/airflow/example_dags/example_latest_only_with_trigger.py took 0.115 seconds
[2026-06-07T15:20:05.324+0000] {processor.py:157} INFO - Started process (PID=1500) to work on /home/airflow/.local/lib/python3.8/site-packages/airflow/example_dags/example_latest_only_with_trigger.py
[2026-06-07T15:20:05.325+0000] {processor.py:829} INFO - Processing file /home/airflow/.local/lib/python3.8/site-packages/airflow/example_dags/example_latest_only_with_trigger.py for tasks to queue
[2026-06-07T15:20:05.328+0000] {logging_mixin.py:154} INFO - [2026-06-07T15:20:05.328+0000] {dagbag.py:536} INFO - Filling up the DagBag from /home/airflow/.local/lib/python3.8/site-packages/airflow/example_dags/example_latest_only_with_trigger.py
[2026-06-07T15:20:05.337+0000] {processor.py:839} INFO - DAG(s) dict_keys(['latest_only_with_trigger']) retrieved from /home/airflow/.local/lib/python3.8/site-packages/airflow/example_dags/example_latest_only_with_trigger.py
[2026-06-07T15:20:05.586+0000] {logging_mixin.py:154} INFO - [2026-06-07T15:20:05.585+0000] {dag.py:2941} INFO - Sync 1 DAGs
[2026-06-07T15:20:05.618+0000] {logging_mixin.py:154} INFO - [2026-06-07T15:20:05.618+0000] {dag.py:3722} INFO - Setting next_dagrun for latest_only_with_trigger to 2026-06-07T11:20:05.618304+00:00, run_after=2026-06-07T15:20:05.618304+00:00
[2026-06-07T15:20:05.655+0000] {processor.py:179} INFO - Processing /home/airflow/.local/lib/python3.8/site-packages/airflow/example_dags/example_latest_only_with_trigger.py took 0.341 seconds
[2026-06-07T15:20:36.395+0000] {processor.py:157} INFO - Started process (PID=1553) to work on /home/airflow/.local/lib/python3.8/site-packages/airflow/example_dags/example_latest_only_with_trigger.py
[2026-06-07T15:20:36.398+0000] {processor.py:829} INFO - Processing file /home/airflow/.local/lib/python3.8/site-packages/airflow/example_dags/example_latest_only_with_trigger.py for tasks to queue
[2026-06-07T15:20:36.402+0000] {logging_mixin.py:154} INFO - [2026-06-07T15:20:36.401+0000] {dagbag.py:536} INFO - Filling up the DagBag from /home/airflow/.local/lib/python3.8/site-packages/airflow/example_dags/example_latest_only_with_trigger.py
[2026-06-07T15:20:36.414+0000] {processor.py:839} INFO - DAG(s) dict_keys(['latest_only_with_trigger']) retrieved from /home/airflow/.local/lib/python3.8/site-packages/airflow/example_dags/example_latest_only_with_trigger.py
[2026-06-07T15:20:36.446+0000] {logging_mixin.py:154} INFO - [2026-06-07T15:20:36.445+0000] {dag.py:2941} INFO - Sync 1 DAGs
[2026-06-07T15:20:36.734+0000] {logging_mixin.py:154} INFO - [2026-06-07T15:20:36.734+0000] {dag.py:3722} INFO - Setting next_dagrun for latest_only_with_trigger to 2026-06-07T11:20:36.733751+00:00, run_after=2026-06-07T15:20:36.733751+00:00
[2026-06-07T15:20:36.769+0000] {processor.py:179} INFO - Processing /home/airflow/.local/lib/python3.8/site-packages/airflow/example_dags/example_latest_only_with_trigger.py took 0.379 seconds
[2026-06-07T15:21:07.014+0000] {processor.py:157} INFO - Started process (PID=1607) to work on /home/airflow/.local/lib/python3.8/site-packages/airflow/example_dags/example_latest_only_with_trigger.py
[2026-06-07T15:21:07.015+0000] {processor.py:829} INFO - Processing file /home/airflow/.local/lib/python3.8/site-packages/airflow/example_dags/example_latest_only_with_trigger.py for tasks to queue
[2026-06-07T15:21:07.019+0000] {logging_mixin.py:154} INFO - [2026-06-07T15:21:07.019+0000] {dagbag.py:536} INFO - Filling up the DagBag from /home/airflow/.local/lib/python3.8/site-packages/airflow/example_dags/example_latest_only_with_trigger.py
[2026-06-07T15:21:07.028+0000] {processor.py:839} INFO - DAG(s) dict_keys(['latest_only_with_trigger']) retrieved from /home/airflow/.local/lib/python3.8/site-packages/airflow/example_dags/example_latest_only_with_trigger.py
[2026-06-07T15:21:07.063+0000] {logging_mixin.py:154} INFO - [2026-06-07T15:21:07.063+0000] {dag.py:2941} INFO - Sync 1 DAGs
[2026-06-07T15:21:07.140+0000] {logging_mixin.py:154} INFO - [2026-06-07T15:21:07.139+0000] {dag.py:3722} INFO - Setting next_dagrun for latest_only_with_trigger to 2026-06-07T11:21:07.139641+00:00, run_after=2026-06-07T15:21:07.139641+00:00
[2026-06-07T15:21:07.201+0000] {processor.py:179} INFO - Processing /home/airflow/.local/lib/python3.8/site-packages/airflow/example_dags/example_latest_only_with_trigger.py took 0.192 seconds
[2026-06-07T15:21:37.797+0000] {processor.py:157} INFO - Started process (PID=1662) to work on /home/airflow/.local/lib/python3.8/site-packages/airflow/example_dags/example_latest_only_with_trigger.py
[2026-06-07T15:21:37.799+0000] {processor.py:829} INFO - Processing file /home/airflow/.local/lib/python3.8/site-packages/airflow/example_dags/example_latest_only_with_trigger.py for tasks to queue
[2026-06-07T15:21:37.803+0000] {logging_mixin.py:154} INFO - [2026-06-07T15:21:37.802+0000] {dagbag.py:536} INFO - Filling up the DagBag from /home/airflow/.local/lib/python3.8/site-packages/airflow/example_dags/example_latest_only_with_trigger.py
[2026-06-07T15:21:37.812+0000] {processor.py:839} INFO - DAG(s) dict_keys(['latest_only_with_trigger']) retrieved from /home/airflow/.local/lib/python3.8/site-packages/airflow/example_dags/example_latest_only_with_trigger.py
[2026-06-07T15:21:37.843+0000] {logging_mixin.py:154} INFO - [2026-06-07T15:21:37.842+0000] {dag.py:2941} INFO - Sync 1 DAGs
[2026-06-07T15:21:37.875+0000] {logging_mixin.py:154} INFO - [2026-06-07T15:21:37.875+0000] {dag.py:3722} INFO - Setting next_dagrun for latest_only_with_trigger to 2026-06-07T11:21:37.875231+00:00, run_after=2026-06-07T15:21:37.875231+00:00
[2026-06-07T15:21:37.900+0000] {processor.py:179} INFO - Processing /home/airflow/.local/lib/python3.8/site-packages/airflow/example_dags/example_latest_only_with_trigger.py took 0.109 seconds
[2026-06-07T15:22:08.165+0000] {processor.py:157} INFO - Started process (PID=1715) to work on /home/airflow/.local/lib/python3.8/site-packages/airflow/example_dags/example_latest_only_with_trigger.py
[2026-06-07T15:22:08.166+0000] {processor.py:829} INFO - Processing file /home/airflow/.local/lib/python3.8/site-packages/airflow/example_dags/example_latest_only_with_trigger.py for tasks to queue
[2026-06-07T15:22:08.169+0000] {logging_mixin.py:154} INFO - [2026-06-07T15:22:08.169+0000] {dagbag.py:536} INFO - Filling up the DagBag from /home/airflow/.local/lib/python3.8/site-packages/airflow/example_dags/example_latest_only_with_trigger.py
[2026-06-07T15:22:08.178+0000] {processor.py:839} INFO - DAG(s) dict_keys(['latest_only_with_trigger']) retrieved from /home/airflow/.local/lib/python3.8/site-packages/airflow/example_dags/example_latest_only_with_trigger.py
[2026-06-07T15:22:08.209+0000] {logging_mixin.py:154} INFO - [2026-06-07T15:22:08.209+0000] {dag.py:2941} INFO - Sync 1 DAGs
[2026-06-07T15:22:08.244+0000] {logging_mixin.py:154} INFO - [2026-06-07T15:22:08.244+0000] {dag.py:3722} INFO - Setting next_dagrun for latest_only_with_trigger to 2026-06-07T11:22:08.244039+00:00, run_after=2026-06-07T15:22:08.244039+00:00
[2026-06-07T15:22:08.269+0000] {processor.py:179} INFO - Processing /home/airflow/.local/lib/python3.8/site-packages/airflow/example_dags/example_latest_only_with_trigger.py took 0.110 seconds
[2026-06-07T15:22:39.092+0000] {processor.py:157} INFO - Started process (PID=1769) to work on /home/airflow/.local/lib/python3.8/site-packages/airflow/example_dags/example_latest_only_with_trigger.py
[2026-06-07T15:22:39.098+0000] {processor.py:829} INFO - Processing file /home/airflow/.local/lib/python3.8/site-packages/airflow/example_dags/example_latest_only_with_trigger.py for tasks to queue
[2026-06-07T15:22:39.102+0000] {logging_mixin.py:154} INFO - [2026-06-07T15:22:39.101+0000] {dagbag.py:536} INFO - Filling up the DagBag from /home/airflow/.local/lib/python3.8/site-packages/airflow/example_dags/example_latest_only_with_trigger.py
[2026-06-07T15:22:39.123+0000] {processor.py:839} INFO - DAG(s) dict_keys(['latest_only_with_trigger']) retrieved from /home/airflow/.local/lib/python3.8/site-packages/airflow/example_dags/example_latest_only_with_trigger.py
[2026-06-07T15:22:39.244+0000] {logging_mixin.py:154} INFO - [2026-06-07T15:22:39.243+0000] {dag.py:2941} INFO - Sync 1 DAGs
[2026-06-07T15:22:39.358+0000] {logging_mixin.py:154} INFO - [2026-06-07T15:22:39.357+0000] {dag.py:3722} INFO - Setting next_dagrun for latest_only_with_trigger to 2026-06-07T11:22:39.357485+00:00, run_after=2026-06-07T15:22:39.357485+00:00
[2026-06-07T15:22:39.457+0000] {processor.py:179} INFO - Processing /home/airflow/.local/lib/python3.8/site-packages/airflow/example_dags/example_latest_only_with_trigger.py took 0.381 seconds
[2026-06-07T15:23:09.582+0000] {processor.py:157} INFO - Started process (PID=1823) to work on /home/airflow/.local/lib/python3.8/site-packages/airflow/example_dags/example_latest_only_with_trigger.py
[2026-06-07T15:23:09.583+0000] {processor.py:829} INFO - Processing file /home/airflow/.local/lib/python3.8/site-packages/airflow/example_dags/example_latest_only_with_trigger.py for tasks to queue
[2026-06-07T15:23:09.588+0000] {logging_mixin.py:154} INFO - [2026-06-07T15:23:09.588+0000] {dagbag.py:536} INFO - Filling up the DagBag from /home/airflow/.local/lib/python3.8/site-packages/airflow/example_dags/example_latest_only_with_trigger.py
[2026-06-07T15:23:09.598+0000] {processor.py:839} INFO - DAG(s) dict_keys(['latest_only_with_trigger']) retrieved from /home/airflow/.local/lib/python3.8/site-packages/airflow/example_dags/example_latest_only_with_trigger.py
[2026-06-07T15:23:09.633+0000] {logging_mixin.py:154} INFO - [2026-06-07T15:23:09.632+0000] {dag.py:2941} INFO - Sync 1 DAGs
[2026-06-07T15:23:09.670+0000] {logging_mixin.py:154} INFO - [2026-06-07T15:23:09.670+0000] {dag.py:3722} INFO - Setting next_dagrun for latest_only_with_trigger to 2026-06-07T11:23:09.669816+00:00, run_after=2026-06-07T15:23:09.669816+00:00
[2026-06-07T15:23:09.699+0000] {processor.py:179} INFO - Processing /home/airflow/.local/lib/python3.8/site-packages/airflow/example_dags/example_latest_only_with_trigger.py took 0.122 seconds
[2026-06-07T15:23:40.971+0000] {processor.py:157} INFO - Started process (PID=1877) to work on /home/airflow/.local/lib/python3.8/site-packages/airflow/example_dags/example_latest_only_with_trigger.py
[2026-06-07T15:23:40.981+0000] {processor.py:829} INFO - Processing file /home/airflow/.local/lib/python3.8/site-packages/airflow/example_dags/example_latest_only_with_trigger.py for tasks to queue
[2026-06-07T15:23:40.993+0000] {logging_mixin.py:154} INFO - [2026-06-07T15:23:40.993+0000] {dagbag.py:536} INFO - Filling up the DagBag from /home/airflow/.local/lib/python3.8/site-packages/airflow/example_dags/example_latest_only_with_trigger.py
[2026-06-07T15:23:41.034+0000] {processor.py:839} INFO - DAG(s) dict_keys(['latest_only_with_trigger']) retrieved from /home/airflow/.local/lib/python3.8/site-packages/airflow/example_dags/example_latest_only_with_trigger.py
[2026-06-07T15:23:41.153+0000] {logging_mixin.py:154} INFO - [2026-06-07T15:23:41.153+0000] {dag.py:2941} INFO - Sync 1 DAGs
[2026-06-07T15:23:41.261+0000] {logging_mixin.py:154} INFO - [2026-06-07T15:23:41.261+0000] {dag.py:3722} INFO - Setting next_dagrun for latest_only_with_trigger to 2026-06-07T11:23:41.260885+00:00, run_after=2026-06-07T15:23:41.260885+00:00
[2026-06-07T15:23:41.342+0000] {processor.py:179} INFO - Processing /home/airflow/.local/lib/python3.8/site-packages/airflow/example_dags/example_latest_only_with_trigger.py took 0.398 seconds
[2026-06-07T15:24:12.117+0000] {processor.py:157} INFO - Started process (PID=1931) to work on /home/airflow/.local/lib/python3.8/site-packages/airflow/example_dags/example_latest_only_with_trigger.py
[2026-06-07T15:24:12.125+0000] {processor.py:829} INFO - Processing file /home/airflow/.local/lib/python3.8/site-packages/airflow/example_dags/example_latest_only_with_trigger.py for tasks to queue
[2026-06-07T15:24:12.144+0000] {logging_mixin.py:154} INFO - [2026-06-07T15:24:12.128+0000] {dagbag.py:536} INFO - Filling up the DagBag from /home/airflow/.local/lib/python3.8/site-packages/airflow/example_dags/example_latest_only_with_trigger.py
[2026-06-07T15:24:12.205+0000] {processor.py:839} INFO - DAG(s) dict_keys(['latest_only_with_trigger']) retrieved from /home/airflow/.local/lib/python3.8/site-packages/airflow/example_dags/example_latest_only_with_trigger.py
[2026-06-07T15:24:12.284+0000] {logging_mixin.py:154} INFO - [2026-06-07T15:24:12.283+0000] {dag.py:2941} INFO - Sync 1 DAGs
[2026-06-07T15:24:12.320+0000] {logging_mixin.py:154} INFO - [2026-06-07T15:24:12.319+0000] {dag.py:3722} INFO - Setting next_dagrun for latest_only_with_trigger to 2026-06-07T11:24:12.318869+00:00, run_after=2026-06-07T15:24:12.318869+00:00
[2026-06-07T15:24:12.426+0000] {processor.py:179} INFO - Processing /home/airflow/.local/lib/python3.8/site-packages/airflow/example_dags/example_latest_only_with_trigger.py took 0.336 seconds
[2026-06-07T15:24:42.968+0000] {processor.py:157} INFO - Started process (PID=1985) to work on /home/airflow/.local/lib/python3.8/site-packages/airflow/example_dags/example_latest_only_with_trigger.py
[2026-06-07T15:24:42.970+0000] {processor.py:829} INFO - Processing file /home/airflow/.local/lib/python3.8/site-packages/airflow/example_dags/example_latest_only_with_trigger.py for tasks to queue
[2026-06-07T15:24:42.974+0000] {logging_mixin.py:154} INFO - [2026-06-07T15:24:42.973+0000] {dagbag.py:536} INFO - Filling up the DagBag from /home/airflow/.local/lib/python3.8/site-packages/airflow/example_dags/example_latest_only_with_trigger.py
[2026-06-07T15:24:42.983+0000] {processor.py:839} INFO - DAG(s) dict_keys(['latest_only_with_trigger']) retrieved from /home/airflow/.local/lib/python3.8/site-packages/airflow/example_dags/example_latest_only_with_trigger.py
[2026-06-07T15:24:43.020+0000] {logging_mixin.py:154} INFO - [2026-06-07T15:24:43.020+0000] {dag.py:2941} INFO - Sync 1 DAGs
[2026-06-07T15:24:43.055+0000] {logging_mixin.py:154} INFO - [2026-06-07T15:24:43.054+0000] {dag.py:3722} INFO - Setting next_dagrun for latest_only_with_trigger to 2026-06-07T11:24:43.053721+00:00, run_after=2026-06-07T15:24:43.053721+00:00
[2026-06-07T15:24:43.084+0000] {processor.py:179} INFO - Processing /home/airflow/.local/lib/python3.8/site-packages/airflow/example_dags/example_latest_only_with_trigger.py took 0.122 seconds
[2026-06-07T15:25:13.510+0000] {processor.py:157} INFO - Started process (PID=2039) to work on /home/airflow/.local/lib/python3.8/site-packages/airflow/example_dags/example_latest_only_with_trigger.py
[2026-06-07T15:25:13.512+0000] {processor.py:829} INFO - Processing file /home/airflow/.local/lib/python3.8/site-packages/airflow/example_dags/example_latest_only_with_trigger.py for tasks to queue
[2026-06-07T15:25:13.516+0000] {logging_mixin.py:154} INFO - [2026-06-07T15:25:13.515+0000] {dagbag.py:536} INFO - Filling up the DagBag from /home/airflow/.local/lib/python3.8/site-packages/airflow/example_dags/example_latest_only_with_trigger.py
[2026-06-07T15:25:13.525+0000] {processor.py:839} INFO - DAG(s) dict_keys(['latest_only_with_trigger']) retrieved from /home/airflow/.local/lib/python3.8/site-packages/airflow/example_dags/example_latest_only_with_trigger.py
[2026-06-07T15:25:13.556+0000] {logging_mixin.py:154} INFO - [2026-06-07T15:25:13.556+0000] {dag.py:2941} INFO - Sync 1 DAGs
[2026-06-07T15:25:13.592+0000] {logging_mixin.py:154} INFO - [2026-06-07T15:25:13.592+0000] {dag.py:3722} INFO - Setting next_dagrun for latest_only_with_trigger to 2026-06-07T11:25:13.592163+00:00, run_after=2026-06-07T15:25:13.592163+00:00
[2026-06-07T15:25:13.614+0000] {processor.py:179} INFO - Processing /home/airflow/.local/lib/python3.8/site-packages/airflow/example_dags/example_latest_only_with_trigger.py took 0.109 seconds
[2026-06-07T15:25:43.910+0000] {processor.py:157} INFO - Started process (PID=2093) to work on /home/airflow/.local/lib/python3.8/site-packages/airflow/example_dags/example_latest_only_with_trigger.py
[2026-06-07T15:25:43.911+0000] {processor.py:829} INFO - Processing file /home/airflow/.local/lib/python3.8/site-packages/airflow/example_dags/example_latest_only_with_trigger.py for tasks to queue
[2026-06-07T15:25:43.916+0000] {logging_mixin.py:154} INFO - [2026-06-07T15:25:43.914+0000] {dagbag.py:536} INFO - Filling up the DagBag from /home/airflow/.local/lib/python3.8/site-packages/airflow/example_dags/example_latest_only_with_trigger.py
[2026-06-07T15:25:43.925+0000] {processor.py:839} INFO - DAG(s) dict_keys(['latest_only_with_trigger']) retrieved from /home/airflow/.local/lib/python3.8/site-packages/airflow/example_dags/example_latest_only_with_trigger.py
[2026-06-07T15:25:43.959+0000] {logging_mixin.py:154} INFO - [2026-06-07T15:25:43.958+0000] {dag.py:2941} INFO - Sync 1 DAGs
[2026-06-07T15:25:44.028+0000] {logging_mixin.py:154} INFO - [2026-06-07T15:25:44.027+0000] {dag.py:3722} INFO - Setting next_dagrun for latest_only_with_trigger to 2026-06-07T11:25:44.027530+00:00, run_after=2026-06-07T15:25:44.027530+00:00
[2026-06-07T15:25:44.094+0000] {processor.py:179} INFO - Processing /home/airflow/.local/lib/python3.8/site-packages/airflow/example_dags/example_latest_only_with_trigger.py took 0.190 seconds
[2026-06-07T15:26:14.278+0000] {processor.py:157} INFO - Started process (PID=2147) to work on /home/airflow/.local/lib/python3.8/site-packages/airflow/example_dags/example_latest_only_with_trigger.py
[2026-06-07T15:26:14.287+0000] {processor.py:829} INFO - Processing file /home/airflow/.local/lib/python3.8/site-packages/airflow/example_dags/example_latest_only_with_trigger.py for tasks to queue
[2026-06-07T15:26:14.308+0000] {logging_mixin.py:154} INFO - [2026-06-07T15:26:14.307+0000] {dagbag.py:536} INFO - Filling up the DagBag from /home/airflow/.local/lib/python3.8/site-packages/airflow/example_dags/example_latest_only_with_trigger.py
[2026-06-07T15:26:14.379+0000] {processor.py:839} INFO - DAG(s) dict_keys(['latest_only_with_trigger']) retrieved from /home/airflow/.local/lib/python3.8/site-packages/airflow/example_dags/example_latest_only_with_trigger.py
[2026-06-07T15:26:14.522+0000] {logging_mixin.py:154} INFO - [2026-06-07T15:26:14.521+0000] {dag.py:2941} INFO - Sync 1 DAGs
[2026-06-07T15:26:14.594+0000] {logging_mixin.py:154} INFO - [2026-06-07T15:26:14.594+0000] {dag.py:3722} INFO - Setting next_dagrun for latest_only_with_trigger to 2026-06-07T11:26:14.594048+00:00, run_after=2026-06-07T15:26:14.594048+00:00
[2026-06-07T15:26:14.668+0000] {processor.py:179} INFO - Processing /home/airflow/.local/lib/python3.8/site-packages/airflow/example_dags/example_latest_only_with_trigger.py took 0.416 seconds
[2026-06-07T15:26:44.752+0000] {processor.py:157} INFO - Started process (PID=2208) to work on /home/airflow/.local/lib/python3.8/site-packages/airflow/example_dags/example_latest_only_with_trigger.py
[2026-06-07T15:26:44.757+0000] {processor.py:829} INFO - Processing file /home/airflow/.local/lib/python3.8/site-packages/airflow/example_dags/example_latest_only_with_trigger.py for tasks to queue
[2026-06-07T15:26:44.765+0000] {logging_mixin.py:154} INFO - [2026-06-07T15:26:44.765+0000] {dagbag.py:536} INFO - Filling up the DagBag from /home/airflow/.local/lib/python3.8/site-packages/airflow/example_dags/example_latest_only_with_trigger.py
[2026-06-07T15:26:44.795+0000] {processor.py:839} INFO - DAG(s) dict_keys(['latest_only_with_trigger']) retrieved from /home/airflow/.local/lib/python3.8/site-packages/airflow/example_dags/example_latest_only_with_trigger.py
[2026-06-07T15:26:44.954+0000] {logging_mixin.py:154} INFO - [2026-06-07T15:26:44.953+0000] {dag.py:2941} INFO - Sync 1 DAGs
[2026-06-07T15:26:45.054+0000] {logging_mixin.py:154} INFO - [2026-06-07T15:26:45.054+0000] {dag.py:3722} INFO - Setting next_dagrun for latest_only_with_trigger to 2026-06-07T11:26:45.053624+00:00, run_after=2026-06-07T15:26:45.053624+00:00
[2026-06-07T15:26:45.171+0000] {processor.py:179} INFO - Processing /home/airflow/.local/lib/python3.8/site-packages/airflow/example_dags/example_latest_only_with_trigger.py took 0.449 seconds
[2026-06-07T15:27:15.389+0000] {processor.py:157} INFO - Started process (PID=2262) to work on /home/airflow/.local/lib/python3.8/site-packages/airflow/example_dags/example_latest_only_with_trigger.py
[2026-06-07T15:27:15.399+0000] {processor.py:829} INFO - Processing file /home/airflow/.local/lib/python3.8/site-packages/airflow/example_dags/example_latest_only_with_trigger.py for tasks to queue
[2026-06-07T15:27:15.414+0000] {logging_mixin.py:154} INFO - [2026-06-07T15:27:15.413+0000] {dagbag.py:536} INFO - Filling up the DagBag from /home/airflow/.local/lib/python3.8/site-packages/airflow/example_dags/example_latest_only_with_trigger.py
[2026-06-07T15:27:15.430+0000] {processor.py:839} INFO - DAG(s) dict_keys(['latest_only_with_trigger']) retrieved from /home/airflow/.local/lib/python3.8/site-packages/airflow/example_dags/example_latest_only_with_trigger.py
[2026-06-07T15:27:15.459+0000] {logging_mixin.py:154} INFO - [2026-06-07T15:27:15.458+0000] {dag.py:2941} INFO - Sync 1 DAGs
[2026-06-07T15:27:15.488+0000] {logging_mixin.py:154} INFO - [2026-06-07T15:27:15.488+0000] {dag.py:3722} INFO - Setting next_dagrun for latest_only_with_trigger to 2026-06-07T11:27:15.488216+00:00, run_after=2026-06-07T15:27:15.488216+00:00
[2026-06-07T15:27:15.522+0000] {processor.py:179} INFO - Processing /home/airflow/.local/lib/python3.8/site-packages/airflow/example_dags/example_latest_only_with_trigger.py took 0.150 seconds
[2026-06-07T15:27:46.525+0000] {processor.py:157} INFO - Started process (PID=2316) to work on /home/airflow/.local/lib/python3.8/site-packages/airflow/example_dags/example_latest_only_with_trigger.py
[2026-06-07T15:27:46.539+0000] {processor.py:829} INFO - Processing file /home/airflow/.local/lib/python3.8/site-packages/airflow/example_dags/example_latest_only_with_trigger.py for tasks to queue
[2026-06-07T15:27:46.543+0000] {logging_mixin.py:154} INFO - [2026-06-07T15:27:46.542+0000] {dagbag.py:536} INFO - Filling up the DagBag from /home/airflow/.local/lib/python3.8/site-packages/airflow/example_dags/example_latest_only_with_trigger.py
[2026-06-07T15:27:46.591+0000] {processor.py:839} INFO - DAG(s) dict_keys(['latest_only_with_trigger']) retrieved from /home/airflow/.local/lib/python3.8/site-packages/airflow/example_dags/example_latest_only_with_trigger.py
[2026-06-07T15:27:46.679+0000] {logging_mixin.py:154} INFO - [2026-06-07T15:27:46.679+0000] {dag.py:2941} INFO - Sync 1 DAGs
[2026-06-07T15:27:46.772+0000] {logging_mixin.py:154} INFO - [2026-06-07T15:27:46.772+0000] {dag.py:3722} INFO - Setting next_dagrun for latest_only_with_trigger to 2026-06-07T11:27:46.769489+00:00, run_after=2026-06-07T15:27:46.769489+00:00
[2026-06-07T15:27:46.874+0000] {processor.py:179} INFO - Processing /home/airflow/.local/lib/python3.8/site-packages/airflow/example_dags/example_latest_only_with_trigger.py took 0.374 seconds
[2026-06-07T15:28:17.375+0000] {processor.py:157} INFO - Started process (PID=2371) to work on /home/airflow/.local/lib/python3.8/site-packages/airflow/example_dags/example_latest_only_with_trigger.py
[2026-06-07T15:28:17.377+0000] {processor.py:829} INFO - Processing file /home/airflow/.local/lib/python3.8/site-packages/airflow/example_dags/example_latest_only_with_trigger.py for tasks to queue
[2026-06-07T15:28:17.380+0000] {logging_mixin.py:154} INFO - [2026-06-07T15:28:17.380+0000] {dagbag.py:536} INFO - Filling up the DagBag from /home/airflow/.local/lib/python3.8/site-packages/airflow/example_dags/example_latest_only_with_trigger.py
[2026-06-07T15:28:17.388+0000] {processor.py:839} INFO - DAG(s) dict_keys(['latest_only_with_trigger']) retrieved from /home/airflow/.local/lib/python3.8/site-packages/airflow/example_dags/example_latest_only_with_trigger.py
[2026-06-07T15:28:17.427+0000] {logging_mixin.py:154} INFO - [2026-06-07T15:28:17.426+0000] {dag.py:2941} INFO - Sync 1 DAGs
[2026-06-07T15:28:17.461+0000] {logging_mixin.py:154} INFO - [2026-06-07T15:28:17.461+0000] {dag.py:3722} INFO - Setting next_dagrun for latest_only_with_trigger to 2026-06-07T11:28:17.461269+00:00, run_after=2026-06-07T15:28:17.461269+00:00
[2026-06-07T15:28:17.490+0000] {processor.py:179} INFO - Processing /home/airflow/.local/lib/python3.8/site-packages/airflow/example_dags/example_latest_only_with_trigger.py took 0.120 seconds
[2026-06-07T15:28:47.763+0000] {processor.py:157} INFO - Started process (PID=2424) to work on /home/airflow/.local/lib/python3.8/site-packages/airflow/example_dags/example_latest_only_with_trigger.py
[2026-06-07T15:28:47.765+0000] {processor.py:829} INFO - Processing file /home/airflow/.local/lib/python3.8/site-packages/airflow/example_dags/example_latest_only_with_trigger.py for tasks to queue
[2026-06-07T15:28:47.768+0000] {logging_mixin.py:154} INFO - [2026-06-07T15:28:47.768+0000] {dagbag.py:536} INFO - Filling up the DagBag from /home/airflow/.local/lib/python3.8/site-packages/airflow/example_dags/example_latest_only_with_trigger.py
[2026-06-07T15:28:47.776+0000] {processor.py:839} INFO - DAG(s) dict_keys(['latest_only_with_trigger']) retrieved from /home/airflow/.local/lib/python3.8/site-packages/airflow/example_dags/example_latest_only_with_trigger.py
[2026-06-07T15:28:47.807+0000] {logging_mixin.py:154} INFO - [2026-06-07T15:28:47.806+0000] {dag.py:2941} INFO - Sync 1 DAGs
[2026-06-07T15:28:47.841+0000] {logging_mixin.py:154} INFO - [2026-06-07T15:28:47.841+0000] {dag.py:3722} INFO - Setting next_dagrun for latest_only_with_trigger to 2026-06-07T11:28:47.841174+00:00, run_after=2026-06-07T15:28:47.841174+00:00
[2026-06-07T15:28:47.870+0000] {processor.py:179} INFO - Processing /home/airflow/.local/lib/python3.8/site-packages/airflow/example_dags/example_latest_only_with_trigger.py took 0.112 seconds
[2026-06-07T15:29:18.243+0000] {processor.py:157} INFO - Started process (PID=2478) to work on /home/airflow/.local/lib/python3.8/site-packages/airflow/example_dags/example_latest_only_with_trigger.py
[2026-06-07T15:29:18.244+0000] {processor.py:829} INFO - Processing file /home/airflow/.local/lib/python3.8/site-packages/airflow/example_dags/example_latest_only_with_trigger.py for tasks to queue
[2026-06-07T15:29:18.248+0000] {logging_mixin.py:154} INFO - [2026-06-07T15:29:18.248+0000] {dagbag.py:536} INFO - Filling up the DagBag from /home/airflow/.local/lib/python3.8/site-packages/airflow/example_dags/example_latest_only_with_trigger.py
[2026-06-07T15:29:18.258+0000] {processor.py:839} INFO - DAG(s) dict_keys(['latest_only_with_trigger']) retrieved from /home/airflow/.local/lib/python3.8/site-packages/airflow/example_dags/example_latest_only_with_trigger.py
[2026-06-07T15:29:18.288+0000] {logging_mixin.py:154} INFO - [2026-06-07T15:29:18.287+0000] {dag.py:2941} INFO - Sync 1 DAGs
[2026-06-07T15:29:18.322+0000] {logging_mixin.py:154} INFO - [2026-06-07T15:29:18.322+0000] {dag.py:3722} INFO - Setting next_dagrun for latest_only_with_trigger to 2026-06-07T11:29:18.321810+00:00, run_after=2026-06-07T15:29:18.321810+00:00
[2026-06-07T15:29:18.349+0000] {processor.py:179} INFO - Processing /home/airflow/.local/lib/python3.8/site-packages/airflow/example_dags/example_latest_only_with_trigger.py took 0.111 seconds
[2026-06-07T15:29:49.008+0000] {processor.py:157} INFO - Started process (PID=2531) to work on /home/airflow/.local/lib/python3.8/site-packages/airflow/example_dags/example_latest_only_with_trigger.py
[2026-06-07T15:29:49.010+0000] {processor.py:829} INFO - Processing file /home/airflow/.local/lib/python3.8/site-packages/airflow/example_dags/example_latest_only_with_trigger.py for tasks to queue
[2026-06-07T15:29:49.013+0000] {logging_mixin.py:154} INFO - [2026-06-07T15:29:49.012+0000] {dagbag.py:536} INFO - Filling up the DagBag from /home/airflow/.local/lib/python3.8/site-packages/airflow/example_dags/example_latest_only_with_trigger.py
[2026-06-07T15:29:49.025+0000] {processor.py:839} INFO - DAG(s) dict_keys(['latest_only_with_trigger']) retrieved from /home/airflow/.local/lib/python3.8/site-packages/airflow/example_dags/example_latest_only_with_trigger.py
[2026-06-07T15:29:49.057+0000] {logging_mixin.py:154} INFO - [2026-06-07T15:29:49.057+0000] {dag.py:2941} INFO - Sync 1 DAGs
[2026-06-07T15:29:49.092+0000] {logging_mixin.py:154} INFO - [2026-06-07T15:29:49.092+0000] {dag.py:3722} INFO - Setting next_dagrun for latest_only_with_trigger to 2026-06-07T11:29:49.092050+00:00, run_after=2026-06-07T15:29:49.092050+00:00
[2026-06-07T15:29:49.117+0000] {processor.py:179} INFO - Processing /home/airflow/.local/lib/python3.8/site-packages/airflow/example_dags/example_latest_only_with_trigger.py took 0.114 seconds
[2026-06-07T15:30:19.828+0000] {processor.py:157} INFO - Started process (PID=2585) to work on /home/airflow/.local/lib/python3.8/site-packages/airflow/example_dags/example_latest_only_with_trigger.py
[2026-06-07T15:30:19.837+0000] {processor.py:829} INFO - Processing file /home/airflow/.local/lib/python3.8/site-packages/airflow/example_dags/example_latest_only_with_trigger.py for tasks to queue
[2026-06-07T15:30:19.846+0000] {logging_mixin.py:154} INFO - [2026-06-07T15:30:19.846+0000] {dagbag.py:536} INFO - Filling up the DagBag from /home/airflow/.local/lib/python3.8/site-packages/airflow/example_dags/example_latest_only_with_trigger.py
[2026-06-07T15:30:19.884+0000] {processor.py:839} INFO - DAG(s) dict_keys(['latest_only_with_trigger']) retrieved from /home/airflow/.local/lib/python3.8/site-packages/airflow/example_dags/example_latest_only_with_trigger.py
[2026-06-07T15:30:19.989+0000] {logging_mixin.py:154} INFO - [2026-06-07T15:30:19.989+0000] {dag.py:2941} INFO - Sync 1 DAGs
[2026-06-07T15:30:20.087+0000] {logging_mixin.py:154} INFO - [2026-06-07T15:30:20.086+0000] {dag.py:3722} INFO - Setting next_dagrun for latest_only_with_trigger to 2026-06-07T11:30:20.086562+00:00, run_after=2026-06-07T15:30:20.086562+00:00
[2026-06-07T15:30:20.166+0000] {processor.py:179} INFO - Processing /home/airflow/.local/lib/python3.8/site-packages/airflow/example_dags/example_latest_only_with_trigger.py took 0.360 seconds
[2026-06-07T15:30:50.315+0000] {processor.py:157} INFO - Started process (PID=2639) to work on /home/airflow/.local/lib/python3.8/site-packages/airflow/example_dags/example_latest_only_with_trigger.py
[2026-06-07T15:30:50.319+0000] {processor.py:829} INFO - Processing file /home/airflow/.local/lib/python3.8/site-packages/airflow/example_dags/example_latest_only_with_trigger.py for tasks to queue
[2026-06-07T15:30:50.326+0000] {logging_mixin.py:154} INFO - [2026-06-07T15:30:50.326+0000] {dagbag.py:536} INFO - Filling up the DagBag from /home/airflow/.local/lib/python3.8/site-packages/airflow/example_dags/example_latest_only_with_trigger.py
[2026-06-07T15:30:50.340+0000] {processor.py:839} INFO - DAG(s) dict_keys(['latest_only_with_trigger']) retrieved from /home/airflow/.local/lib/python3.8/site-packages/airflow/example_dags/example_latest_only_with_trigger.py
[2026-06-07T15:30:50.440+0000] {logging_mixin.py:154} INFO - [2026-06-07T15:30:50.439+0000] {dag.py:2941} INFO - Sync 1 DAGs
[2026-06-07T15:30:50.523+0000] {logging_mixin.py:154} INFO - [2026-06-07T15:30:50.523+0000] {dag.py:3722} INFO - Setting next_dagrun for latest_only_with_trigger to 2026-06-07T11:30:50.522784+00:00, run_after=2026-06-07T15:30:50.522784+00:00
[2026-06-07T15:30:50.622+0000] {processor.py:179} INFO - Processing /home/airflow/.local/lib/python3.8/site-packages/airflow/example_dags/example_latest_only_with_trigger.py took 0.312 seconds
[2026-06-07T15:31:20.783+0000] {processor.py:157} INFO - Started process (PID=2693) to work on /home/airflow/.local/lib/python3.8/site-packages/airflow/example_dags/example_latest_only_with_trigger.py
[2026-06-07T15:31:20.802+0000] {processor.py:829} INFO - Processing file /home/airflow/.local/lib/python3.8/site-packages/airflow/example_dags/example_latest_only_with_trigger.py for tasks to queue
[2026-06-07T15:31:20.820+0000] {logging_mixin.py:154} INFO - [2026-06-07T15:31:20.819+0000] {dagbag.py:536} INFO - Filling up the DagBag from /home/airflow/.local/lib/python3.8/site-packages/airflow/example_dags/example_latest_only_with_trigger.py
[2026-06-07T15:31:20.844+0000] {processor.py:839} INFO - DAG(s) dict_keys(['latest_only_with_trigger']) retrieved from /home/airflow/.local/lib/python3.8/site-packages/airflow/example_dags/example_latest_only_with_trigger.py
[2026-06-07T15:31:20.877+0000] {logging_mixin.py:154} INFO - [2026-06-07T15:31:20.876+0000] {dag.py:2941} INFO - Sync 1 DAGs
[2026-06-07T15:31:20.929+0000] {logging_mixin.py:154} INFO - [2026-06-07T15:31:20.926+0000] {dag.py:3722} INFO - Setting next_dagrun for latest_only_with_trigger to 2026-06-07T11:31:20.926199+00:00, run_after=2026-06-07T15:31:20.926199+00:00
[2026-06-07T15:31:20.995+0000] {processor.py:179} INFO - Processing /home/airflow/.local/lib/python3.8/site-packages/airflow/example_dags/example_latest_only_with_trigger.py took 0.216 seconds
[2026-06-07T15:31:51.902+0000] {processor.py:157} INFO - Started process (PID=2747) to work on /home/airflow/.local/lib/python3.8/site-packages/airflow/example_dags/example_latest_only_with_trigger.py
[2026-06-07T15:31:51.905+0000] {processor.py:829} INFO - Processing file /home/airflow/.local/lib/python3.8/site-packages/airflow/example_dags/example_latest_only_with_trigger.py for tasks to queue
[2026-06-07T15:31:51.909+0000] {logging_mixin.py:154} INFO - [2026-06-07T15:31:51.909+0000] {dagbag.py:536} INFO - Filling up the DagBag from /home/airflow/.local/lib/python3.8/site-packages/airflow/example_dags/example_latest_only_with_trigger.py
[2026-06-07T15:31:51.918+0000] {processor.py:839} INFO - DAG(s) dict_keys(['latest_only_with_trigger']) retrieved from /home/airflow/.local/lib/python3.8/site-packages/airflow/example_dags/example_latest_only_with_trigger.py
[2026-06-07T15:31:51.958+0000] {logging_mixin.py:154} INFO - [2026-06-07T15:31:51.957+0000] {dag.py:2941} INFO - Sync 1 DAGs
[2026-06-07T15:31:51.998+0000] {logging_mixin.py:154} INFO - [2026-06-07T15:31:51.998+0000] {dag.py:3722} INFO - Setting next_dagrun for latest_only_with_trigger to 2026-06-07T11:31:51.997919+00:00, run_after=2026-06-07T15:31:51.997919+00:00
[2026-06-07T15:31:52.024+0000] {processor.py:179} INFO - Processing /home/airflow/.local/lib/python3.8/site-packages/airflow/example_dags/example_latest_only_with_trigger.py took 0.126 seconds
[2026-06-07T15:32:22.931+0000] {processor.py:157} INFO - Started process (PID=2801) to work on /home/airflow/.local/lib/python3.8/site-packages/airflow/example_dags/example_latest_only_with_trigger.py
[2026-06-07T15:32:22.932+0000] {processor.py:829} INFO - Processing file /home/airflow/.local/lib/python3.8/site-packages/airflow/example_dags/example_latest_only_with_trigger.py for tasks to queue
[2026-06-07T15:32:22.936+0000] {logging_mixin.py:154} INFO - [2026-06-07T15:32:22.936+0000] {dagbag.py:536} INFO - Filling up the DagBag from /home/airflow/.local/lib/python3.8/site-packages/airflow/example_dags/example_latest_only_with_trigger.py
[2026-06-07T15:32:22.944+0000] {processor.py:839} INFO - DAG(s) dict_keys(['latest_only_with_trigger']) retrieved from /home/airflow/.local/lib/python3.8/site-packages/airflow/example_dags/example_latest_only_with_trigger.py
[2026-06-07T15:32:22.977+0000] {logging_mixin.py:154} INFO - [2026-06-07T15:32:22.976+0000] {dag.py:2941} INFO - Sync 1 DAGs
[2026-06-07T15:32:23.013+0000] {logging_mixin.py:154} INFO - [2026-06-07T15:32:23.012+0000] {dag.py:3722} INFO - Setting next_dagrun for latest_only_with_trigger to 2026-06-07T11:32:23.012109+00:00, run_after=2026-06-07T15:32:23.012109+00:00
[2026-06-07T15:32:23.038+0000] {processor.py:179} INFO - Processing /home/airflow/.local/lib/python3.8/site-packages/airflow/example_dags/example_latest_only_with_trigger.py took 0.112 seconds
[2026-06-07T15:32:53.365+0000] {processor.py:157} INFO - Started process (PID=2855) to work on /home/airflow/.local/lib/python3.8/site-packages/airflow/example_dags/example_latest_only_with_trigger.py
[2026-06-07T15:32:53.372+0000] {processor.py:829} INFO - Processing file /home/airflow/.local/lib/python3.8/site-packages/airflow/example_dags/example_latest_only_with_trigger.py for tasks to queue
[2026-06-07T15:32:53.379+0000] {logging_mixin.py:154} INFO - [2026-06-07T15:32:53.379+0000] {dagbag.py:536} INFO - Filling up the DagBag from /home/airflow/.local/lib/python3.8/site-packages/airflow/example_dags/example_latest_only_with_trigger.py
[2026-06-07T15:32:53.405+0000] {processor.py:839} INFO - DAG(s) dict_keys(['latest_only_with_trigger']) retrieved from /home/airflow/.local/lib/python3.8/site-packages/airflow/example_dags/example_latest_only_with_trigger.py
[2026-06-07T15:32:53.447+0000] {logging_mixin.py:154} INFO - [2026-06-07T15:32:53.447+0000] {dag.py:2941} INFO - Sync 1 DAGs
[2026-06-07T15:32:53.496+0000] {logging_mixin.py:154} INFO - [2026-06-07T15:32:53.495+0000] {dag.py:3722} INFO - Setting next_dagrun for latest_only_with_trigger to 2026-06-07T11:32:53.495400+00:00, run_after=2026-06-07T15:32:53.495400+00:00
[2026-06-07T15:32:53.549+0000] {processor.py:179} INFO - Processing /home/airflow/.local/lib/python3.8/site-packages/airflow/example_dags/example_latest_only_with_trigger.py took 0.204 seconds
[2026-06-07T15:33:24.261+0000] {processor.py:157} INFO - Started process (PID=2909) to work on /home/airflow/.local/lib/python3.8/site-packages/airflow/example_dags/example_latest_only_with_trigger.py
[2026-06-07T15:33:24.264+0000] {processor.py:829} INFO - Processing file /home/airflow/.local/lib/python3.8/site-packages/airflow/example_dags/example_latest_only_with_trigger.py for tasks to queue
[2026-06-07T15:33:24.268+0000] {logging_mixin.py:154} INFO - [2026-06-07T15:33:24.268+0000] {dagbag.py:536} INFO - Filling up the DagBag from /home/airflow/.local/lib/python3.8/site-packages/airflow/example_dags/example_latest_only_with_trigger.py
[2026-06-07T15:33:24.278+0000] {processor.py:839} INFO - DAG(s) dict_keys(['latest_only_with_trigger']) retrieved from /home/airflow/.local/lib/python3.8/site-packages/airflow/example_dags/example_latest_only_with_trigger.py
[2026-06-07T15:33:24.314+0000] {logging_mixin.py:154} INFO - [2026-06-07T15:33:24.313+0000] {dag.py:2941} INFO - Sync 1 DAGs
[2026-06-07T15:33:24.348+0000] {logging_mixin.py:154} INFO - [2026-06-07T15:33:24.348+0000] {dag.py:3722} INFO - Setting next_dagrun for latest_only_with_trigger to 2026-06-07T11:33:24.348117+00:00, run_after=2026-06-07T15:33:24.348117+00:00
[2026-06-07T15:33:24.373+0000] {processor.py:179} INFO - Processing /home/airflow/.local/lib/python3.8/site-packages/airflow/example_dags/example_latest_only_with_trigger.py took 0.118 seconds
[2026-06-07T15:33:54.746+0000] {processor.py:157} INFO - Started process (PID=2963) to work on /home/airflow/.local/lib/python3.8/site-packages/airflow/example_dags/example_latest_only_with_trigger.py
[2026-06-07T15:33:54.748+0000] {processor.py:829} INFO - Processing file /home/airflow/.local/lib/python3.8/site-packages/airflow/example_dags/example_latest_only_with_trigger.py for tasks to queue
[2026-06-07T15:33:54.751+0000] {logging_mixin.py:154} INFO - [2026-06-07T15:33:54.751+0000] {dagbag.py:536} INFO - Filling up the DagBag from /home/airflow/.local/lib/python3.8/site-packages/airflow/example_dags/example_latest_only_with_trigger.py
[2026-06-07T15:33:54.761+0000] {processor.py:839} INFO - DAG(s) dict_keys(['latest_only_with_trigger']) retrieved from /home/airflow/.local/lib/python3.8/site-packages/airflow/example_dags/example_latest_only_with_trigger.py
[2026-06-07T15:33:54.793+0000] {logging_mixin.py:154} INFO - [2026-06-07T15:33:54.793+0000] {dag.py:2941} INFO - Sync 1 DAGs
[2026-06-07T15:33:54.827+0000] {logging_mixin.py:154} INFO - [2026-06-07T15:33:54.826+0000] {dag.py:3722} INFO - Setting next_dagrun for latest_only_with_trigger to 2026-06-07T11:33:54.826430+00:00, run_after=2026-06-07T15:33:54.826430+00:00
[2026-06-07T15:33:54.851+0000] {processor.py:179} INFO - Processing /home/airflow/.local/lib/python3.8/site-packages/airflow/example_dags/example_latest_only_with_trigger.py took 0.110 seconds
[2026-06-07T15:34:25.041+0000] {processor.py:157} INFO - Started process (PID=3017) to work on /home/airflow/.local/lib/python3.8/site-packages/airflow/example_dags/example_latest_only_with_trigger.py
[2026-06-07T15:34:25.043+0000] {processor.py:829} INFO - Processing file /home/airflow/.local/lib/python3.8/site-packages/airflow/example_dags/example_latest_only_with_trigger.py for tasks to queue
[2026-06-07T15:34:25.046+0000] {logging_mixin.py:154} INFO - [2026-06-07T15:34:25.046+0000] {dagbag.py:536} INFO - Filling up the DagBag from /home/airflow/.local/lib/python3.8/site-packages/airflow/example_dags/example_latest_only_with_trigger.py
[2026-06-07T15:34:25.055+0000] {processor.py:839} INFO - DAG(s) dict_keys(['latest_only_with_trigger']) retrieved from /home/airflow/.local/lib/python3.8/site-packages/airflow/example_dags/example_latest_only_with_trigger.py
[2026-06-07T15:34:25.089+0000] {logging_mixin.py:154} INFO - [2026-06-07T15:34:25.089+0000] {dag.py:2941} INFO - Sync 1 DAGs
[2026-06-07T15:34:25.124+0000] {logging_mixin.py:154} INFO - [2026-06-07T15:34:25.124+0000] {dag.py:3722} INFO - Setting next_dagrun for latest_only_with_trigger to 2026-06-07T11:34:25.124324+00:00, run_after=2026-06-07T15:34:25.124324+00:00
[2026-06-07T15:34:25.150+0000] {processor.py:179} INFO - Processing /home/airflow/.local/lib/python3.8/site-packages/airflow/example_dags/example_latest_only_with_trigger.py took 0.113 seconds
[2026-06-07T15:34:55.711+0000] {processor.py:157} INFO - Started process (PID=3071) to work on /home/airflow/.local/lib/python3.8/site-packages/airflow/example_dags/example_latest_only_with_trigger.py
[2026-06-07T15:34:55.713+0000] {processor.py:829} INFO - Processing file /home/airflow/.local/lib/python3.8/site-packages/airflow/example_dags/example_latest_only_with_trigger.py for tasks to queue
[2026-06-07T15:34:55.721+0000] {logging_mixin.py:154} INFO - [2026-06-07T15:34:55.720+0000] {dagbag.py:536} INFO - Filling up the DagBag from /home/airflow/.local/lib/python3.8/site-packages/airflow/example_dags/example_latest_only_with_trigger.py
[2026-06-07T15:34:55.741+0000] {processor.py:839} INFO - DAG(s) dict_keys(['latest_only_with_trigger']) retrieved from /home/airflow/.local/lib/python3.8/site-packages/airflow/example_dags/example_latest_only_with_trigger.py
[2026-06-07T15:34:55.780+0000] {logging_mixin.py:154} INFO - [2026-06-07T15:34:55.780+0000] {dag.py:2941} INFO - Sync 1 DAGs
[2026-06-07T15:34:55.815+0000] {logging_mixin.py:154} INFO - [2026-06-07T15:34:55.815+0000] {dag.py:3722} INFO - Setting next_dagrun for latest_only_with_trigger to 2026-06-07T11:34:55.814934+00:00, run_after=2026-06-07T15:34:55.814934+00:00
[2026-06-07T15:34:55.839+0000] {processor.py:179} INFO - Processing /home/airflow/.local/lib/python3.8/site-packages/airflow/example_dags/example_latest_only_with_trigger.py took 0.141 seconds
[2026-06-07T15:35:26.510+0000] {processor.py:157} INFO - Started process (PID=3125) to work on /home/airflow/.local/lib/python3.8/site-packages/airflow/example_dags/example_latest_only_with_trigger.py
[2026-06-07T15:35:26.517+0000] {processor.py:829} INFO - Processing file /home/airflow/.local/lib/python3.8/site-packages/airflow/example_dags/example_latest_only_with_trigger.py for tasks to queue
[2026-06-07T15:35:26.521+0000] {logging_mixin.py:154} INFO - [2026-06-07T15:35:26.520+0000] {dagbag.py:536} INFO - Filling up the DagBag from /home/airflow/.local/lib/python3.8/site-packages/airflow/example_dags/example_latest_only_with_trigger.py
[2026-06-07T15:35:26.536+0000] {processor.py:839} INFO - DAG(s) dict_keys(['latest_only_with_trigger']) retrieved from /home/airflow/.local/lib/python3.8/site-packages/airflow/example_dags/example_latest_only_with_trigger.py
[2026-06-07T15:35:26.618+0000] {logging_mixin.py:154} INFO - [2026-06-07T15:35:26.618+0000] {dag.py:2941} INFO - Sync 1 DAGs
[2026-06-07T15:35:26.660+0000] {logging_mixin.py:154} INFO - [2026-06-07T15:35:26.659+0000] {dag.py:3722} INFO - Setting next_dagrun for latest_only_with_trigger to 2026-06-07T11:35:26.659154+00:00, run_after=2026-06-07T15:35:26.659154+00:00
[2026-06-07T15:35:26.706+0000] {processor.py:179} INFO - Processing /home/airflow/.local/lib/python3.8/site-packages/airflow/example_dags/example_latest_only_with_trigger.py took 0.205 seconds
[2026-06-07T15:35:57.093+0000] {processor.py:157} INFO - Started process (PID=3179) to work on /home/airflow/.local/lib/python3.8/site-packages/airflow/example_dags/example_latest_only_with_trigger.py
[2026-06-07T15:35:57.098+0000] {processor.py:829} INFO - Processing file /home/airflow/.local/lib/python3.8/site-packages/airflow/example_dags/example_latest_only_with_trigger.py for tasks to queue
[2026-06-07T15:35:57.120+0000] {logging_mixin.py:154} INFO - [2026-06-07T15:35:57.112+0000] {dagbag.py:536} INFO - Filling up the DagBag from /home/airflow/.local/lib/python3.8/site-packages/airflow/example_dags/example_latest_only_with_trigger.py
[2026-06-07T15:35:57.141+0000] {processor.py:839} INFO - DAG(s) dict_keys(['latest_only_with_trigger']) retrieved from /home/airflow/.local/lib/python3.8/site-packages/airflow/example_dags/example_latest_only_with_trigger.py
[2026-06-07T15:35:57.176+0000] {logging_mixin.py:154} INFO - [2026-06-07T15:35:57.175+0000] {dag.py:2941} INFO - Sync 1 DAGs
[2026-06-07T15:35:57.211+0000] {logging_mixin.py:154} INFO - [2026-06-07T15:35:57.211+0000] {dag.py:3722} INFO - Setting next_dagrun for latest_only_with_trigger to 2026-06-07T11:35:57.211177+00:00, run_after=2026-06-07T15:35:57.211177+00:00
[2026-06-07T15:35:57.252+0000] {processor.py:179} INFO - Processing /home/airflow/.local/lib/python3.8/site-packages/airflow/example_dags/example_latest_only_with_trigger.py took 0.172 seconds
[2026-06-07T15:36:27.320+0000] {processor.py:157} INFO - Started process (PID=3233) to work on /home/airflow/.local/lib/python3.8/site-packages/airflow/example_dags/example_latest_only_with_trigger.py
[2026-06-07T15:36:27.322+0000] {processor.py:829} INFO - Processing file /home/airflow/.local/lib/python3.8/site-packages/airflow/example_dags/example_latest_only_with_trigger.py for tasks to queue
[2026-06-07T15:36:27.325+0000] {logging_mixin.py:154} INFO - [2026-06-07T15:36:27.325+0000] {dagbag.py:536} INFO - Filling up the DagBag from /home/airflow/.local/lib/python3.8/site-packages/airflow/example_dags/example_latest_only_with_trigger.py
[2026-06-07T15:36:27.334+0000] {processor.py:839} INFO - DAG(s) dict_keys(['latest_only_with_trigger']) retrieved from /home/airflow/.local/lib/python3.8/site-packages/airflow/example_dags/example_latest_only_with_trigger.py
[2026-06-07T15:36:27.366+0000] {logging_mixin.py:154} INFO - [2026-06-07T15:36:27.366+0000] {dag.py:2941} INFO - Sync 1 DAGs
[2026-06-07T15:36:27.399+0000] {logging_mixin.py:154} INFO - [2026-06-07T15:36:27.399+0000] {dag.py:3722} INFO - Setting next_dagrun for latest_only_with_trigger to 2026-06-07T11:36:27.398829+00:00, run_after=2026-06-07T15:36:27.398829+00:00
[2026-06-07T15:36:27.424+0000] {processor.py:179} INFO - Processing /home/airflow/.local/lib/python3.8/site-packages/airflow/example_dags/example_latest_only_with_trigger.py took 0.109 seconds
[2026-06-07T15:36:58.143+0000] {processor.py:157} INFO - Started process (PID=3284) to work on /home/airflow/.local/lib/python3.8/site-packages/airflow/example_dags/example_latest_only_with_trigger.py
[2026-06-07T15:36:58.144+0000] {processor.py:829} INFO - Processing file /home/airflow/.local/lib/python3.8/site-packages/airflow/example_dags/example_latest_only_with_trigger.py for tasks to queue
[2026-06-07T15:36:58.154+0000] {logging_mixin.py:154} INFO - [2026-06-07T15:36:58.154+0000] {dagbag.py:536} INFO - Filling up the DagBag from /home/airflow/.local/lib/python3.8/site-packages/airflow/example_dags/example_latest_only_with_trigger.py
[2026-06-07T15:36:58.164+0000] {processor.py:839} INFO - DAG(s) dict_keys(['latest_only_with_trigger']) retrieved from /home/airflow/.local/lib/python3.8/site-packages/airflow/example_dags/example_latest_only_with_trigger.py
[2026-06-07T15:36:58.217+0000] {logging_mixin.py:154} INFO - [2026-06-07T15:36:58.217+0000] {dag.py:2941} INFO - Sync 1 DAGs
[2026-06-07T15:36:58.302+0000] {logging_mixin.py:154} INFO - [2026-06-07T15:36:58.301+0000] {dag.py:3722} INFO - Setting next_dagrun for latest_only_with_trigger to 2026-06-07T11:36:58.301542+00:00, run_after=2026-06-07T15:36:58.301542+00:00
[2026-06-07T15:36:58.358+0000] {processor.py:179} INFO - Processing /home/airflow/.local/lib/python3.8/site-packages/airflow/example_dags/example_latest_only_with_trigger.py took 0.234 seconds
[2026-06-07T15:37:28.979+0000] {processor.py:157} INFO - Started process (PID=3337) to work on /home/airflow/.local/lib/python3.8/site-packages/airflow/example_dags/example_latest_only_with_trigger.py
[2026-06-07T15:37:28.981+0000] {processor.py:829} INFO - Processing file /home/airflow/.local/lib/python3.8/site-packages/airflow/example_dags/example_latest_only_with_trigger.py for tasks to queue
[2026-06-07T15:37:28.985+0000] {logging_mixin.py:154} INFO - [2026-06-07T15:37:28.984+0000] {dagbag.py:536} INFO - Filling up the DagBag from /home/airflow/.local/lib/python3.8/site-packages/airflow/example_dags/example_latest_only_with_trigger.py
[2026-06-07T15:37:28.995+0000] {processor.py:839} INFO - DAG(s) dict_keys(['latest_only_with_trigger']) retrieved from /home/airflow/.local/lib/python3.8/site-packages/airflow/example_dags/example_latest_only_with_trigger.py
[2026-06-07T15:37:29.030+0000] {logging_mixin.py:154} INFO - [2026-06-07T15:37:29.029+0000] {dag.py:2941} INFO - Sync 1 DAGs
[2026-06-07T15:37:29.079+0000] {logging_mixin.py:154} INFO - [2026-06-07T15:37:29.079+0000] {dag.py:3722} INFO - Setting next_dagrun for latest_only_with_trigger to 2026-06-07T11:37:29.078697+00:00, run_after=2026-06-07T15:37:29.078697+00:00
[2026-06-07T15:37:29.109+0000] {processor.py:179} INFO - Processing /home/airflow/.local/lib/python3.8/site-packages/airflow/example_dags/example_latest_only_with_trigger.py took 0.134 seconds
[2026-06-07T15:37:59.319+0000] {processor.py:157} INFO - Started process (PID=3390) to work on /home/airflow/.local/lib/python3.8/site-packages/airflow/example_dags/example_latest_only_with_trigger.py
[2026-06-07T15:37:59.320+0000] {processor.py:829} INFO - Processing file /home/airflow/.local/lib/python3.8/site-packages/airflow/example_dags/example_latest_only_with_trigger.py for tasks to queue
[2026-06-07T15:37:59.324+0000] {logging_mixin.py:154} INFO - [2026-06-07T15:37:59.324+0000] {dagbag.py:536} INFO - Filling up the DagBag from /home/airflow/.local/lib/python3.8/site-packages/airflow/example_dags/example_latest_only_with_trigger.py
[2026-06-07T15:37:59.334+0000] {processor.py:839} INFO - DAG(s) dict_keys(['latest_only_with_trigger']) retrieved from /home/airflow/.local/lib/python3.8/site-packages/airflow/example_dags/example_latest_only_with_trigger.py
[2026-06-07T15:37:59.366+0000] {logging_mixin.py:154} INFO - [2026-06-07T15:37:59.365+0000] {dag.py:2941} INFO - Sync 1 DAGs
[2026-06-07T15:37:59.400+0000] {logging_mixin.py:154} INFO - [2026-06-07T15:37:59.400+0000] {dag.py:3722} INFO - Setting next_dagrun for latest_only_with_trigger to 2026-06-07T11:37:59.399834+00:00, run_after=2026-06-07T15:37:59.399834+00:00
[2026-06-07T15:37:59.426+0000] {processor.py:179} INFO - Processing /home/airflow/.local/lib/python3.8/site-packages/airflow/example_dags/example_latest_only_with_trigger.py took 0.111 seconds
[2026-06-07T15:38:30.358+0000] {processor.py:157} INFO - Started process (PID=3444) to work on /home/airflow/.local/lib/python3.8/site-packages/airflow/example_dags/example_latest_only_with_trigger.py
[2026-06-07T15:38:30.360+0000] {processor.py:829} INFO - Processing file /home/airflow/.local/lib/python3.8/site-packages/airflow/example_dags/example_latest_only_with_trigger.py for tasks to queue
[2026-06-07T15:38:30.363+0000] {logging_mixin.py:154} INFO - [2026-06-07T15:38:30.363+0000] {dagbag.py:536} INFO - Filling up the DagBag from /home/airflow/.local/lib/python3.8/site-packages/airflow/example_dags/example_latest_only_with_trigger.py
[2026-06-07T15:38:30.374+0000] {processor.py:839} INFO - DAG(s) dict_keys(['latest_only_with_trigger']) retrieved from /home/airflow/.local/lib/python3.8/site-packages/airflow/example_dags/example_latest_only_with_trigger.py
[2026-06-07T15:38:30.406+0000] {logging_mixin.py:154} INFO - [2026-06-07T15:38:30.406+0000] {dag.py:2941} INFO - Sync 1 DAGs
[2026-06-07T15:38:30.441+0000] {logging_mixin.py:154} INFO - [2026-06-07T15:38:30.441+0000] {dag.py:3722} INFO - Setting next_dagrun for latest_only_with_trigger to 2026-06-07T11:38:30.440805+00:00, run_after=2026-06-07T15:38:30.440805+00:00
[2026-06-07T15:38:30.469+0000] {processor.py:179} INFO - Processing /home/airflow/.local/lib/python3.8/site-packages/airflow/example_dags/example_latest_only_with_trigger.py took 0.116 seconds
[2026-06-07T15:39:01.329+0000] {processor.py:157} INFO - Started process (PID=3499) to work on /home/airflow/.local/lib/python3.8/site-packages/airflow/example_dags/example_latest_only_with_trigger.py
[2026-06-07T15:39:01.330+0000] {processor.py:829} INFO - Processing file /home/airflow/.local/lib/python3.8/site-packages/airflow/example_dags/example_latest_only_with_trigger.py for tasks to queue
[2026-06-07T15:39:01.334+0000] {logging_mixin.py:154} INFO - [2026-06-07T15:39:01.334+0000] {dagbag.py:536} INFO - Filling up the DagBag from /home/airflow/.local/lib/python3.8/site-packages/airflow/example_dags/example_latest_only_with_trigger.py
[2026-06-07T15:39:01.343+0000] {processor.py:839} INFO - DAG(s) dict_keys(['latest_only_with_trigger']) retrieved from /home/airflow/.local/lib/python3.8/site-packages/airflow/example_dags/example_latest_only_with_trigger.py
[2026-06-07T15:39:01.378+0000] {logging_mixin.py:154} INFO - [2026-06-07T15:39:01.377+0000] {dag.py:2941} INFO - Sync 1 DAGs
[2026-06-07T15:39:01.413+0000] {logging_mixin.py:154} INFO - [2026-06-07T15:39:01.413+0000] {dag.py:3722} INFO - Setting next_dagrun for latest_only_with_trigger to 2026-06-07T11:39:01.412656+00:00, run_after=2026-06-07T15:39:01.412656+00:00
[2026-06-07T15:39:01.443+0000] {processor.py:179} INFO - Processing /home/airflow/.local/lib/python3.8/site-packages/airflow/example_dags/example_latest_only_with_trigger.py took 0.119 seconds
[2026-06-07T15:39:31.683+0000] {processor.py:157} INFO - Started process (PID=3553) to work on /home/airflow/.local/lib/python3.8/site-packages/airflow/example_dags/example_latest_only_with_trigger.py
[2026-06-07T15:39:31.686+0000] {processor.py:829} INFO - Processing file /home/airflow/.local/lib/python3.8/site-packages/airflow/example_dags/example_latest_only_with_trigger.py for tasks to queue
[2026-06-07T15:39:31.689+0000] {logging_mixin.py:154} INFO - [2026-06-07T15:39:31.689+0000] {dagbag.py:536} INFO - Filling up the DagBag from /home/airflow/.local/lib/python3.8/site-packages/airflow/example_dags/example_latest_only_with_trigger.py
[2026-06-07T15:39:31.717+0000] {processor.py:839} INFO - DAG(s) dict_keys(['latest_only_with_trigger']) retrieved from /home/airflow/.local/lib/python3.8/site-packages/airflow/example_dags/example_latest_only_with_trigger.py
[2026-06-07T15:39:31.773+0000] {logging_mixin.py:154} INFO - [2026-06-07T15:39:31.773+0000] {dag.py:2941} INFO - Sync 1 DAGs
[2026-06-07T15:39:31.835+0000] {logging_mixin.py:154} INFO - [2026-06-07T15:39:31.835+0000] {dag.py:3722} INFO - Setting next_dagrun for latest_only_with_trigger to 2026-06-07T11:39:31.834734+00:00, run_after=2026-06-07T15:39:31.834734+00:00
[2026-06-07T15:39:31.906+0000] {processor.py:179} INFO - Processing /home/airflow/.local/lib/python3.8/site-packages/airflow/example_dags/example_latest_only_with_trigger.py took 0.241 seconds
[2026-06-07T15:40:01.957+0000] {processor.py:157} INFO - Started process (PID=3607) to work on /home/airflow/.local/lib/python3.8/site-packages/airflow/example_dags/example_latest_only_with_trigger.py
[2026-06-07T15:40:01.958+0000] {processor.py:829} INFO - Processing file /home/airflow/.local/lib/python3.8/site-packages/airflow/example_dags/example_latest_only_with_trigger.py for tasks to queue
[2026-06-07T15:40:01.963+0000] {logging_mixin.py:154} INFO - [2026-06-07T15:40:01.963+0000] {dagbag.py:536} INFO - Filling up the DagBag from /home/airflow/.local/lib/python3.8/site-packages/airflow/example_dags/example_latest_only_with_trigger.py
[2026-06-07T15:40:01.972+0000] {processor.py:839} INFO - DAG(s) dict_keys(['latest_only_with_trigger']) retrieved from /home/airflow/.local/lib/python3.8/site-packages/airflow/example_dags/example_latest_only_with_trigger.py
[2026-06-07T15:40:02.033+0000] {logging_mixin.py:154} INFO - [2026-06-07T15:40:02.033+0000] {dag.py:2941} INFO - Sync 1 DAGs
[2026-06-07T15:40:02.078+0000] {logging_mixin.py:154} INFO - [2026-06-07T15:40:02.078+0000] {dag.py:3722} INFO - Setting next_dagrun for latest_only_with_trigger to 2026-06-07T11:40:02.077638+00:00, run_after=2026-06-07T15:40:02.077638+00:00
[2026-06-07T15:40:02.137+0000] {processor.py:179} INFO - Processing /home/airflow/.local/lib/python3.8/site-packages/airflow/example_dags/example_latest_only_with_trigger.py took 0.184 seconds
[2026-06-07T15:40:32.378+0000] {processor.py:157} INFO - Started process (PID=3661) to work on /home/airflow/.local/lib/python3.8/site-packages/airflow/example_dags/example_latest_only_with_trigger.py
[2026-06-07T15:40:32.385+0000] {processor.py:829} INFO - Processing file /home/airflow/.local/lib/python3.8/site-packages/airflow/example_dags/example_latest_only_with_trigger.py for tasks to queue
[2026-06-07T15:40:32.390+0000] {logging_mixin.py:154} INFO - [2026-06-07T15:40:32.390+0000] {dagbag.py:536} INFO - Filling up the DagBag from /home/airflow/.local/lib/python3.8/site-packages/airflow/example_dags/example_latest_only_with_trigger.py
[2026-06-07T15:40:32.399+0000] {processor.py:839} INFO - DAG(s) dict_keys(['latest_only_with_trigger']) retrieved from /home/airflow/.local/lib/python3.8/site-packages/airflow/example_dags/example_latest_only_with_trigger.py
[2026-06-07T15:40:32.432+0000] {logging_mixin.py:154} INFO - [2026-06-07T15:40:32.432+0000] {dag.py:2941} INFO - Sync 1 DAGs
[2026-06-07T15:40:32.469+0000] {logging_mixin.py:154} INFO - [2026-06-07T15:40:32.469+0000] {dag.py:3722} INFO - Setting next_dagrun for latest_only_with_trigger to 2026-06-07T11:40:32.469170+00:00, run_after=2026-06-07T15:40:32.469170+00:00
[2026-06-07T15:40:32.495+0000] {processor.py:179} INFO - Processing /home/airflow/.local/lib/python3.8/site-packages/airflow/example_dags/example_latest_only_with_trigger.py took 0.121 seconds
[2026-06-07T15:41:02.969+0000] {processor.py:157} INFO - Started process (PID=3715) to work on /home/airflow/.local/lib/python3.8/site-packages/airflow/example_dags/example_latest_only_with_trigger.py
[2026-06-07T15:41:02.978+0000] {processor.py:829} INFO - Processing file /home/airflow/.local/lib/python3.8/site-packages/airflow/example_dags/example_latest_only_with_trigger.py for tasks to queue
[2026-06-07T15:41:02.982+0000] {logging_mixin.py:154} INFO - [2026-06-07T15:41:02.982+0000] {dagbag.py:536} INFO - Filling up the DagBag from /home/airflow/.local/lib/python3.8/site-packages/airflow/example_dags/example_latest_only_with_trigger.py
[2026-06-07T15:41:03.010+0000] {processor.py:839} INFO - DAG(s) dict_keys(['latest_only_with_trigger']) retrieved from /home/airflow/.local/lib/python3.8/site-packages/airflow/example_dags/example_latest_only_with_trigger.py
[2026-06-07T15:41:03.071+0000] {logging_mixin.py:154} INFO - [2026-06-07T15:41:03.071+0000] {dag.py:2941} INFO - Sync 1 DAGs
[2026-06-07T15:41:03.107+0000] {logging_mixin.py:154} INFO - [2026-06-07T15:41:03.106+0000] {dag.py:3722} INFO - Setting next_dagrun for latest_only_with_trigger to 2026-06-07T11:41:03.106477+00:00, run_after=2026-06-07T15:41:03.106477+00:00
[2026-06-07T15:41:03.131+0000] {processor.py:179} INFO - Processing /home/airflow/.local/lib/python3.8/site-packages/airflow/example_dags/example_latest_only_with_trigger.py took 0.175 seconds
[2026-06-07T15:41:33.654+0000] {processor.py:157} INFO - Started process (PID=3768) to work on /home/airflow/.local/lib/python3.8/site-packages/airflow/example_dags/example_latest_only_with_trigger.py
[2026-06-07T15:41:33.669+0000] {processor.py:829} INFO - Processing file /home/airflow/.local/lib/python3.8/site-packages/airflow/example_dags/example_latest_only_with_trigger.py for tasks to queue
[2026-06-07T15:41:33.685+0000] {logging_mixin.py:154} INFO - [2026-06-07T15:41:33.684+0000] {dagbag.py:536} INFO - Filling up the DagBag from /home/airflow/.local/lib/python3.8/site-packages/airflow/example_dags/example_latest_only_with_trigger.py
[2026-06-07T15:41:33.713+0000] {processor.py:839} INFO - DAG(s) dict_keys(['latest_only_with_trigger']) retrieved from /home/airflow/.local/lib/python3.8/site-packages/airflow/example_dags/example_latest_only_with_trigger.py
[2026-06-07T15:41:33.829+0000] {logging_mixin.py:154} INFO - [2026-06-07T15:41:33.829+0000] {dag.py:2941} INFO - Sync 1 DAGs
[2026-06-07T15:41:33.929+0000] {logging_mixin.py:154} INFO - [2026-06-07T15:41:33.929+0000] {dag.py:3722} INFO - Setting next_dagrun for latest_only_with_trigger to 2026-06-07T11:41:33.928697+00:00, run_after=2026-06-07T15:41:33.928697+00:00
[2026-06-07T15:41:34.047+0000] {processor.py:179} INFO - Processing /home/airflow/.local/lib/python3.8/site-packages/airflow/example_dags/example_latest_only_with_trigger.py took 0.398 seconds
[2026-06-07T15:42:04.466+0000] {processor.py:157} INFO - Started process (PID=3821) to work on /home/airflow/.local/lib/python3.8/site-packages/airflow/example_dags/example_latest_only_with_trigger.py
[2026-06-07T15:42:04.468+0000] {processor.py:829} INFO - Processing file /home/airflow/.local/lib/python3.8/site-packages/airflow/example_dags/example_latest_only_with_trigger.py for tasks to queue
[2026-06-07T15:42:04.477+0000] {logging_mixin.py:154} INFO - [2026-06-07T15:42:04.472+0000] {dagbag.py:536} INFO - Filling up the DagBag from /home/airflow/.local/lib/python3.8/site-packages/airflow/example_dags/example_latest_only_with_trigger.py
[2026-06-07T15:42:04.498+0000] {processor.py:839} INFO - DAG(s) dict_keys(['latest_only_with_trigger']) retrieved from /home/airflow/.local/lib/python3.8/site-packages/airflow/example_dags/example_latest_only_with_trigger.py
[2026-06-07T15:42:04.603+0000] {logging_mixin.py:154} INFO - [2026-06-07T15:42:04.602+0000] {dag.py:2941} INFO - Sync 1 DAGs
[2026-06-07T15:42:04.722+0000] {logging_mixin.py:154} INFO - [2026-06-07T15:42:04.722+0000] {dag.py:3722} INFO - Setting next_dagrun for latest_only_with_trigger to 2026-06-07T11:42:04.721666+00:00, run_after=2026-06-07T15:42:04.721666+00:00
[2026-06-07T15:42:04.809+0000] {processor.py:179} INFO - Processing /home/airflow/.local/lib/python3.8/site-packages/airflow/example_dags/example_latest_only_with_trigger.py took 0.355 seconds
[2026-06-07T15:42:35.149+0000] {processor.py:157} INFO - Started process (PID=3875) to work on /home/airflow/.local/lib/python3.8/site-packages/airflow/example_dags/example_latest_only_with_trigger.py
[2026-06-07T15:42:35.151+0000] {processor.py:829} INFO - Processing file /home/airflow/.local/lib/python3.8/site-packages/airflow/example_dags/example_latest_only_with_trigger.py for tasks to queue
[2026-06-07T15:42:35.155+0000] {logging_mixin.py:154} INFO - [2026-06-07T15:42:35.155+0000] {dagbag.py:536} INFO - Filling up the DagBag from /home/airflow/.local/lib/python3.8/site-packages/airflow/example_dags/example_latest_only_with_trigger.py
[2026-06-07T15:42:35.164+0000] {processor.py:839} INFO - DAG(s) dict_keys(['latest_only_with_trigger']) retrieved from /home/airflow/.local/lib/python3.8/site-packages/airflow/example_dags/example_latest_only_with_trigger.py
[2026-06-07T15:42:35.199+0000] {logging_mixin.py:154} INFO - [2026-06-07T15:42:35.198+0000] {dag.py:2941} INFO - Sync 1 DAGs
[2026-06-07T15:42:35.235+0000] {logging_mixin.py:154} INFO - [2026-06-07T15:42:35.234+0000] {dag.py:3722} INFO - Setting next_dagrun for latest_only_with_trigger to 2026-06-07T11:42:35.234282+00:00, run_after=2026-06-07T15:42:35.234282+00:00
[2026-06-07T15:42:35.261+0000] {processor.py:179} INFO - Processing /home/airflow/.local/lib/python3.8/site-packages/airflow/example_dags/example_latest_only_with_trigger.py took 0.117 seconds
[2026-06-07T15:43:05.502+0000] {processor.py:157} INFO - Started process (PID=3930) to work on /home/airflow/.local/lib/python3.8/site-packages/airflow/example_dags/example_latest_only_with_trigger.py
[2026-06-07T15:43:05.506+0000] {processor.py:829} INFO - Processing file /home/airflow/.local/lib/python3.8/site-packages/airflow/example_dags/example_latest_only_with_trigger.py for tasks to queue
[2026-06-07T15:43:05.510+0000] {logging_mixin.py:154} INFO - [2026-06-07T15:43:05.509+0000] {dagbag.py:536} INFO - Filling up the DagBag from /home/airflow/.local/lib/python3.8/site-packages/airflow/example_dags/example_latest_only_with_trigger.py
[2026-06-07T15:43:05.527+0000] {processor.py:839} INFO - DAG(s) dict_keys(['latest_only_with_trigger']) retrieved from /home/airflow/.local/lib/python3.8/site-packages/airflow/example_dags/example_latest_only_with_trigger.py
[2026-06-07T15:43:05.568+0000] {logging_mixin.py:154} INFO - [2026-06-07T15:43:05.568+0000] {dag.py:2941} INFO - Sync 1 DAGs
[2026-06-07T15:43:05.619+0000] {logging_mixin.py:154} INFO - [2026-06-07T15:43:05.611+0000] {dag.py:3722} INFO - Setting next_dagrun for latest_only_with_trigger to 2026-06-07T11:43:05.611245+00:00, run_after=2026-06-07T15:43:05.611245+00:00
[2026-06-07T15:43:05.679+0000] {processor.py:179} INFO - Processing /home/airflow/.local/lib/python3.8/site-packages/airflow/example_dags/example_latest_only_with_trigger.py took 0.188 seconds
[2026-06-07T15:43:35.752+0000] {processor.py:157} INFO - Started process (PID=3984) to work on /home/airflow/.local/lib/python3.8/site-packages/airflow/example_dags/example_latest_only_with_trigger.py
[2026-06-07T15:43:35.753+0000] {processor.py:829} INFO - Processing file /home/airflow/.local/lib/python3.8/site-packages/airflow/example_dags/example_latest_only_with_trigger.py for tasks to queue
[2026-06-07T15:43:35.758+0000] {logging_mixin.py:154} INFO - [2026-06-07T15:43:35.758+0000] {dagbag.py:536} INFO - Filling up the DagBag from /home/airflow/.local/lib/python3.8/site-packages/airflow/example_dags/example_latest_only_with_trigger.py
[2026-06-07T15:43:35.767+0000] {processor.py:839} INFO - DAG(s) dict_keys(['latest_only_with_trigger']) retrieved from /home/airflow/.local/lib/python3.8/site-packages/airflow/example_dags/example_latest_only_with_trigger.py
[2026-06-07T15:43:35.800+0000] {logging_mixin.py:154} INFO - [2026-06-07T15:43:35.799+0000] {dag.py:2941} INFO - Sync 1 DAGs
[2026-06-07T15:43:35.836+0000] {logging_mixin.py:154} INFO - [2026-06-07T15:43:35.835+0000] {dag.py:3722} INFO - Setting next_dagrun for latest_only_with_trigger to 2026-06-07T11:43:35.835353+00:00, run_after=2026-06-07T15:43:35.835353+00:00
[2026-06-07T15:43:35.864+0000] {processor.py:179} INFO - Processing /home/airflow/.local/lib/python3.8/site-packages/airflow/example_dags/example_latest_only_with_trigger.py took 0.116 seconds
[2026-06-07T15:44:06.387+0000] {processor.py:157} INFO - Started process (PID=4038) to work on /home/airflow/.local/lib/python3.8/site-packages/airflow/example_dags/example_latest_only_with_trigger.py
[2026-06-07T15:44:06.412+0000] {processor.py:829} INFO - Processing file /home/airflow/.local/lib/python3.8/site-packages/airflow/example_dags/example_latest_only_with_trigger.py for tasks to queue
[2026-06-07T15:44:06.422+0000] {logging_mixin.py:154} INFO - [2026-06-07T15:44:06.416+0000] {dagbag.py:536} INFO - Filling up the DagBag from /home/airflow/.local/lib/python3.8/site-packages/airflow/example_dags/example_latest_only_with_trigger.py
[2026-06-07T15:44:06.443+0000] {processor.py:839} INFO - DAG(s) dict_keys(['latest_only_with_trigger']) retrieved from /home/airflow/.local/lib/python3.8/site-packages/airflow/example_dags/example_latest_only_with_trigger.py
[2026-06-07T15:44:06.484+0000] {logging_mixin.py:154} INFO - [2026-06-07T15:44:06.484+0000] {dag.py:2941} INFO - Sync 1 DAGs
[2026-06-07T15:44:06.517+0000] {logging_mixin.py:154} INFO - [2026-06-07T15:44:06.517+0000] {dag.py:3722} INFO - Setting next_dagrun for latest_only_with_trigger to 2026-06-07T11:44:06.516997+00:00, run_after=2026-06-07T15:44:06.516997+00:00
[2026-06-07T15:44:06.543+0000] {processor.py:179} INFO - Processing /home/airflow/.local/lib/python3.8/site-packages/airflow/example_dags/example_latest_only_with_trigger.py took 0.170 seconds
[2026-06-07T15:44:37.303+0000] {processor.py:157} INFO - Started process (PID=4092) to work on /home/airflow/.local/lib/python3.8/site-packages/airflow/example_dags/example_latest_only_with_trigger.py
[2026-06-07T15:44:37.305+0000] {processor.py:829} INFO - Processing file /home/airflow/.local/lib/python3.8/site-packages/airflow/example_dags/example_latest_only_with_trigger.py for tasks to queue
[2026-06-07T15:44:37.308+0000] {logging_mixin.py:154} INFO - [2026-06-07T15:44:37.307+0000] {dagbag.py:536} INFO - Filling up the DagBag from /home/airflow/.local/lib/python3.8/site-packages/airflow/example_dags/example_latest_only_with_trigger.py
[2026-06-07T15:44:37.317+0000] {processor.py:839} INFO - DAG(s) dict_keys(['latest_only_with_trigger']) retrieved from /home/airflow/.local/lib/python3.8/site-packages/airflow/example_dags/example_latest_only_with_trigger.py
[2026-06-07T15:44:37.350+0000] {logging_mixin.py:154} INFO - [2026-06-07T15:44:37.350+0000] {dag.py:2941} INFO - Sync 1 DAGs
[2026-06-07T15:44:37.420+0000] {logging_mixin.py:154} INFO - [2026-06-07T15:44:37.420+0000] {dag.py:3722} INFO - Setting next_dagrun for latest_only_with_trigger to 2026-06-07T11:44:37.420034+00:00, run_after=2026-06-07T15:44:37.420034+00:00
[2026-06-07T15:44:37.446+0000] {processor.py:179} INFO - Processing /home/airflow/.local/lib/python3.8/site-packages/airflow/example_dags/example_latest_only_with_trigger.py took 0.148 seconds
[2026-06-07T15:45:07.773+0000] {processor.py:157} INFO - Started process (PID=4147) to work on /home/airflow/.local/lib/python3.8/site-packages/airflow/example_dags/example_latest_only_with_trigger.py
[2026-06-07T15:45:07.775+0000] {processor.py:829} INFO - Processing file /home/airflow/.local/lib/python3.8/site-packages/airflow/example_dags/example_latest_only_with_trigger.py for tasks to queue
[2026-06-07T15:45:07.779+0000] {logging_mixin.py:154} INFO - [2026-06-07T15:45:07.779+0000] {dagbag.py:536} INFO - Filling up the DagBag from /home/airflow/.local/lib/python3.8/site-packages/airflow/example_dags/example_latest_only_with_trigger.py
[2026-06-07T15:45:07.788+0000] {processor.py:839} INFO - DAG(s) dict_keys(['latest_only_with_trigger']) retrieved from /home/airflow/.local/lib/python3.8/site-packages/airflow/example_dags/example_latest_only_with_trigger.py
[2026-06-07T15:45:07.820+0000] {logging_mixin.py:154} INFO - [2026-06-07T15:45:07.820+0000] {dag.py:2941} INFO - Sync 1 DAGs
[2026-06-07T15:45:07.854+0000] {logging_mixin.py:154} INFO - [2026-06-07T15:45:07.854+0000] {dag.py:3722} INFO - Setting next_dagrun for latest_only_with_trigger to 2026-06-07T11:45:07.853730+00:00, run_after=2026-06-07T15:45:07.853730+00:00
[2026-06-07T15:45:07.907+0000] {processor.py:179} INFO - Processing /home/airflow/.local/lib/python3.8/site-packages/airflow/example_dags/example_latest_only_with_trigger.py took 0.139 seconds
[2026-06-07T15:45:38.937+0000] {processor.py:157} INFO - Started process (PID=4201) to work on /home/airflow/.local/lib/python3.8/site-packages/airflow/example_dags/example_latest_only_with_trigger.py
[2026-06-07T15:45:38.944+0000] {processor.py:829} INFO - Processing file /home/airflow/.local/lib/python3.8/site-packages/airflow/example_dags/example_latest_only_with_trigger.py for tasks to queue
[2026-06-07T15:45:38.948+0000] {logging_mixin.py:154} INFO - [2026-06-07T15:45:38.948+0000] {dagbag.py:536} INFO - Filling up the DagBag from /home/airflow/.local/lib/python3.8/site-packages/airflow/example_dags/example_latest_only_with_trigger.py
[2026-06-07T15:45:38.965+0000] {processor.py:839} INFO - DAG(s) dict_keys(['latest_only_with_trigger']) retrieved from /home/airflow/.local/lib/python3.8/site-packages/airflow/example_dags/example_latest_only_with_trigger.py
[2026-06-07T15:45:39.023+0000] {logging_mixin.py:154} INFO - [2026-06-07T15:45:39.023+0000] {dag.py:2941} INFO - Sync 1 DAGs
[2026-06-07T15:45:39.062+0000] {logging_mixin.py:154} INFO - [2026-06-07T15:45:39.061+0000] {dag.py:3722} INFO - Setting next_dagrun for latest_only_with_trigger to 2026-06-07T11:45:39.061516+00:00, run_after=2026-06-07T15:45:39.061516+00:00
[2026-06-07T15:45:39.110+0000] {processor.py:179} INFO - Processing /home/airflow/.local/lib/python3.8/site-packages/airflow/example_dags/example_latest_only_with_trigger.py took 0.179 seconds
[2026-06-07T15:46:09.377+0000] {processor.py:157} INFO - Started process (PID=4254) to work on /home/airflow/.local/lib/python3.8/site-packages/airflow/example_dags/example_latest_only_with_trigger.py
[2026-06-07T15:46:09.380+0000] {processor.py:829} INFO - Processing file /home/airflow/.local/lib/python3.8/site-packages/airflow/example_dags/example_latest_only_with_trigger.py for tasks to queue
[2026-06-07T15:46:09.385+0000] {logging_mixin.py:154} INFO - [2026-06-07T15:46:09.384+0000] {dagbag.py:536} INFO - Filling up the DagBag from /home/airflow/.local/lib/python3.8/site-packages/airflow/example_dags/example_latest_only_with_trigger.py
[2026-06-07T15:46:09.393+0000] {processor.py:839} INFO - DAG(s) dict_keys(['latest_only_with_trigger']) retrieved from /home/airflow/.local/lib/python3.8/site-packages/airflow/example_dags/example_latest_only_with_trigger.py
[2026-06-07T15:46:09.431+0000] {logging_mixin.py:154} INFO - [2026-06-07T15:46:09.430+0000] {dag.py:2941} INFO - Sync 1 DAGs
[2026-06-07T15:46:09.466+0000] {logging_mixin.py:154} INFO - [2026-06-07T15:46:09.465+0000] {dag.py:3722} INFO - Setting next_dagrun for latest_only_with_trigger to 2026-06-07T11:46:09.465433+00:00, run_after=2026-06-07T15:46:09.465433+00:00
[2026-06-07T15:46:09.494+0000] {processor.py:179} INFO - Processing /home/airflow/.local/lib/python3.8/site-packages/airflow/example_dags/example_latest_only_with_trigger.py took 0.122 seconds
[2026-06-07T15:46:39.897+0000] {processor.py:157} INFO - Started process (PID=4308) to work on /home/airflow/.local/lib/python3.8/site-packages/airflow/example_dags/example_latest_only_with_trigger.py
[2026-06-07T15:46:39.901+0000] {processor.py:829} INFO - Processing file /home/airflow/.local/lib/python3.8/site-packages/airflow/example_dags/example_latest_only_with_trigger.py for tasks to queue
[2026-06-07T15:46:39.907+0000] {logging_mixin.py:154} INFO - [2026-06-07T15:46:39.907+0000] {dagbag.py:536} INFO - Filling up the DagBag from /home/airflow/.local/lib/python3.8/site-packages/airflow/example_dags/example_latest_only_with_trigger.py
[2026-06-07T15:46:39.924+0000] {processor.py:839} INFO - DAG(s) dict_keys(['latest_only_with_trigger']) retrieved from /home/airflow/.local/lib/python3.8/site-packages/airflow/example_dags/example_latest_only_with_trigger.py
[2026-06-07T15:46:39.989+0000] {logging_mixin.py:154} INFO - [2026-06-07T15:46:39.989+0000] {dag.py:2941} INFO - Sync 1 DAGs
[2026-06-07T15:46:40.058+0000] {logging_mixin.py:154} INFO - [2026-06-07T15:46:40.058+0000] {dag.py:3722} INFO - Setting next_dagrun for latest_only_with_trigger to 2026-06-07T11:46:40.057656+00:00, run_after=2026-06-07T15:46:40.057656+00:00
[2026-06-07T15:46:40.148+0000] {processor.py:179} INFO - Processing /home/airflow/.local/lib/python3.8/site-packages/airflow/example_dags/example_latest_only_with_trigger.py took 0.257 seconds
[2026-06-07T15:47:10.996+0000] {processor.py:157} INFO - Started process (PID=4362) to work on /home/airflow/.local/lib/python3.8/site-packages/airflow/example_dags/example_latest_only_with_trigger.py
[2026-06-07T15:47:11.005+0000] {processor.py:829} INFO - Processing file /home/airflow/.local/lib/python3.8/site-packages/airflow/example_dags/example_latest_only_with_trigger.py for tasks to queue
[2026-06-07T15:47:11.013+0000] {logging_mixin.py:154} INFO - [2026-06-07T15:47:11.013+0000] {dagbag.py:536} INFO - Filling up the DagBag from /home/airflow/.local/lib/python3.8/site-packages/airflow/example_dags/example_latest_only_with_trigger.py
[2026-06-07T15:47:11.033+0000] {processor.py:839} INFO - DAG(s) dict_keys(['latest_only_with_trigger']) retrieved from /home/airflow/.local/lib/python3.8/site-packages/airflow/example_dags/example_latest_only_with_trigger.py
[2026-06-07T15:47:11.097+0000] {logging_mixin.py:154} INFO - [2026-06-07T15:47:11.097+0000] {dag.py:2941} INFO - Sync 1 DAGs
[2026-06-07T15:47:11.149+0000] {logging_mixin.py:154} INFO - [2026-06-07T15:47:11.148+0000] {dag.py:3722} INFO - Setting next_dagrun for latest_only_with_trigger to 2026-06-07T11:47:11.147567+00:00, run_after=2026-06-07T15:47:11.147567+00:00
[2026-06-07T15:47:11.195+0000] {processor.py:179} INFO - Processing /home/airflow/.local/lib/python3.8/site-packages/airflow/example_dags/example_latest_only_with_trigger.py took 0.204 seconds
[2026-06-07T15:47:42.163+0000] {processor.py:157} INFO - Started process (PID=4417) to work on /home/airflow/.local/lib/python3.8/site-packages/airflow/example_dags/example_latest_only_with_trigger.py
[2026-06-07T15:47:42.165+0000] {processor.py:829} INFO - Processing file /home/airflow/.local/lib/python3.8/site-packages/airflow/example_dags/example_latest_only_with_trigger.py for tasks to queue
[2026-06-07T15:47:42.177+0000] {logging_mixin.py:154} INFO - [2026-06-07T15:47:42.177+0000] {dagbag.py:536} INFO - Filling up the DagBag from /home/airflow/.local/lib/python3.8/site-packages/airflow/example_dags/example_latest_only_with_trigger.py
[2026-06-07T15:47:42.195+0000] {processor.py:839} INFO - DAG(s) dict_keys(['latest_only_with_trigger']) retrieved from /home/airflow/.local/lib/python3.8/site-packages/airflow/example_dags/example_latest_only_with_trigger.py
[2026-06-07T15:47:42.241+0000] {logging_mixin.py:154} INFO - [2026-06-07T15:47:42.240+0000] {dag.py:2941} INFO - Sync 1 DAGs
[2026-06-07T15:47:42.275+0000] {logging_mixin.py:154} INFO - [2026-06-07T15:47:42.275+0000] {dag.py:3722} INFO - Setting next_dagrun for latest_only_with_trigger to 2026-06-07T11:47:42.275299+00:00, run_after=2026-06-07T15:47:42.275299+00:00
[2026-06-07T15:47:42.329+0000] {processor.py:179} INFO - Processing /home/airflow/.local/lib/python3.8/site-packages/airflow/example_dags/example_latest_only_with_trigger.py took 0.172 seconds
[2026-06-07T15:48:13.239+0000] {processor.py:157} INFO - Started process (PID=4471) to work on /home/airflow/.local/lib/python3.8/site-packages/airflow/example_dags/example_latest_only_with_trigger.py
[2026-06-07T15:48:13.240+0000] {processor.py:829} INFO - Processing file /home/airflow/.local/lib/python3.8/site-packages/airflow/example_dags/example_latest_only_with_trigger.py for tasks to queue
[2026-06-07T15:48:13.246+0000] {logging_mixin.py:154} INFO - [2026-06-07T15:48:13.245+0000] {dagbag.py:536} INFO - Filling up the DagBag from /home/airflow/.local/lib/python3.8/site-packages/airflow/example_dags/example_latest_only_with_trigger.py
[2026-06-07T15:48:13.255+0000] {processor.py:839} INFO - DAG(s) dict_keys(['latest_only_with_trigger']) retrieved from /home/airflow/.local/lib/python3.8/site-packages/airflow/example_dags/example_latest_only_with_trigger.py
[2026-06-07T15:48:13.290+0000] {logging_mixin.py:154} INFO - [2026-06-07T15:48:13.289+0000] {dag.py:2941} INFO - Sync 1 DAGs
[2026-06-07T15:48:13.338+0000] {logging_mixin.py:154} INFO - [2026-06-07T15:48:13.338+0000] {dag.py:3722} INFO - Setting next_dagrun for latest_only_with_trigger to 2026-06-07T11:48:13.337871+00:00, run_after=2026-06-07T15:48:13.337871+00:00
[2026-06-07T15:48:13.376+0000] {processor.py:179} INFO - Processing /home/airflow/.local/lib/python3.8/site-packages/airflow/example_dags/example_latest_only_with_trigger.py took 0.142 seconds
[2026-06-07T15:48:44.218+0000] {processor.py:157} INFO - Started process (PID=4526) to work on /home/airflow/.local/lib/python3.8/site-packages/airflow/example_dags/example_latest_only_with_trigger.py
[2026-06-07T15:48:44.241+0000] {processor.py:829} INFO - Processing file /home/airflow/.local/lib/python3.8/site-packages/airflow/example_dags/example_latest_only_with_trigger.py for tasks to queue
[2026-06-07T15:48:44.245+0000] {logging_mixin.py:154} INFO - [2026-06-07T15:48:44.245+0000] {dagbag.py:536} INFO - Filling up the DagBag from /home/airflow/.local/lib/python3.8/site-packages/airflow/example_dags/example_latest_only_with_trigger.py
[2026-06-07T15:48:44.278+0000] {processor.py:839} INFO - DAG(s) dict_keys(['latest_only_with_trigger']) retrieved from /home/airflow/.local/lib/python3.8/site-packages/airflow/example_dags/example_latest_only_with_trigger.py
[2026-06-07T15:48:44.373+0000] {logging_mixin.py:154} INFO - [2026-06-07T15:48:44.373+0000] {dag.py:2941} INFO - Sync 1 DAGs
[2026-06-07T15:48:44.446+0000] {logging_mixin.py:154} INFO - [2026-06-07T15:48:44.445+0000] {dag.py:3722} INFO - Setting next_dagrun for latest_only_with_trigger to 2026-06-07T11:48:44.445546+00:00, run_after=2026-06-07T15:48:44.445546+00:00
[2026-06-07T15:48:44.546+0000] {processor.py:179} INFO - Processing /home/airflow/.local/lib/python3.8/site-packages/airflow/example_dags/example_latest_only_with_trigger.py took 0.330 seconds
[2026-06-07T15:49:15.077+0000] {processor.py:157} INFO - Started process (PID=4580) to work on /home/airflow/.local/lib/python3.8/site-packages/airflow/example_dags/example_latest_only_with_trigger.py
[2026-06-07T15:49:15.078+0000] {processor.py:829} INFO - Processing file /home/airflow/.local/lib/python3.8/site-packages/airflow/example_dags/example_latest_only_with_trigger.py for tasks to queue
[2026-06-07T15:49:15.082+0000] {logging_mixin.py:154} INFO - [2026-06-07T15:49:15.082+0000] {dagbag.py:536} INFO - Filling up the DagBag from /home/airflow/.local/lib/python3.8/site-packages/airflow/example_dags/example_latest_only_with_trigger.py
[2026-06-07T15:49:15.091+0000] {processor.py:839} INFO - DAG(s) dict_keys(['latest_only_with_trigger']) retrieved from /home/airflow/.local/lib/python3.8/site-packages/airflow/example_dags/example_latest_only_with_trigger.py
[2026-06-07T15:49:15.122+0000] {logging_mixin.py:154} INFO - [2026-06-07T15:49:15.122+0000] {dag.py:2941} INFO - Sync 1 DAGs
[2026-06-07T15:49:15.157+0000] {logging_mixin.py:154} INFO - [2026-06-07T15:49:15.157+0000] {dag.py:3722} INFO - Setting next_dagrun for latest_only_with_trigger to 2026-06-07T11:49:15.156777+00:00, run_after=2026-06-07T15:49:15.156777+00:00
[2026-06-07T15:49:15.197+0000] {processor.py:179} INFO - Processing /home/airflow/.local/lib/python3.8/site-packages/airflow/example_dags/example_latest_only_with_trigger.py took 0.126 seconds
[2026-06-07T15:49:45.973+0000] {processor.py:157} INFO - Started process (PID=4634) to work on /home/airflow/.local/lib/python3.8/site-packages/airflow/example_dags/example_latest_only_with_trigger.py
[2026-06-07T15:49:45.975+0000] {processor.py:829} INFO - Processing file /home/airflow/.local/lib/python3.8/site-packages/airflow/example_dags/example_latest_only_with_trigger.py for tasks to queue
[2026-06-07T15:49:45.979+0000] {logging_mixin.py:154} INFO - [2026-06-07T15:49:45.979+0000] {dagbag.py:536} INFO - Filling up the DagBag from /home/airflow/.local/lib/python3.8/site-packages/airflow/example_dags/example_latest_only_with_trigger.py
[2026-06-07T15:49:45.988+0000] {processor.py:839} INFO - DAG(s) dict_keys(['latest_only_with_trigger']) retrieved from /home/airflow/.local/lib/python3.8/site-packages/airflow/example_dags/example_latest_only_with_trigger.py
[2026-06-07T15:49:46.020+0000] {logging_mixin.py:154} INFO - [2026-06-07T15:49:46.020+0000] {dag.py:2941} INFO - Sync 1 DAGs
[2026-06-07T15:49:46.054+0000] {logging_mixin.py:154} INFO - [2026-06-07T15:49:46.053+0000] {dag.py:3722} INFO - Setting next_dagrun for latest_only_with_trigger to 2026-06-07T11:49:46.053618+00:00, run_after=2026-06-07T15:49:46.053618+00:00
[2026-06-07T15:49:46.080+0000] {processor.py:179} INFO - Processing /home/airflow/.local/lib/python3.8/site-packages/airflow/example_dags/example_latest_only_with_trigger.py took 0.113 seconds
[2026-06-07T15:50:16.975+0000] {processor.py:157} INFO - Started process (PID=4688) to work on /home/airflow/.local/lib/python3.8/site-packages/airflow/example_dags/example_latest_only_with_trigger.py
[2026-06-07T15:50:16.977+0000] {processor.py:829} INFO - Processing file /home/airflow/.local/lib/python3.8/site-packages/airflow/example_dags/example_latest_only_with_trigger.py for tasks to queue
[2026-06-07T15:50:16.981+0000] {logging_mixin.py:154} INFO - [2026-06-07T15:50:16.980+0000] {dagbag.py:536} INFO - Filling up the DagBag from /home/airflow/.local/lib/python3.8/site-packages/airflow/example_dags/example_latest_only_with_trigger.py
[2026-06-07T15:50:16.991+0000] {processor.py:839} INFO - DAG(s) dict_keys(['latest_only_with_trigger']) retrieved from /home/airflow/.local/lib/python3.8/site-packages/airflow/example_dags/example_latest_only_with_trigger.py
[2026-06-07T15:50:17.026+0000] {logging_mixin.py:154} INFO - [2026-06-07T15:50:17.026+0000] {dag.py:2941} INFO - Sync 1 DAGs
[2026-06-07T15:50:17.059+0000] {logging_mixin.py:154} INFO - [2026-06-07T15:50:17.059+0000] {dag.py:3722} INFO - Setting next_dagrun for latest_only_with_trigger to 2026-06-07T11:50:17.059022+00:00, run_after=2026-06-07T15:50:17.059022+00:00
[2026-06-07T15:50:17.091+0000] {processor.py:179} INFO - Processing /home/airflow/.local/lib/python3.8/site-packages/airflow/example_dags/example_latest_only_with_trigger.py took 0.122 seconds
[2026-06-07T15:50:54.567+0000] {processor.py:157} INFO - Started process (PID=4749) to work on /home/airflow/.local/lib/python3.8/site-packages/airflow/example_dags/example_latest_only_with_trigger.py
[2026-06-07T15:50:54.607+0000] {processor.py:829} INFO - Processing file /home/airflow/.local/lib/python3.8/site-packages/airflow/example_dags/example_latest_only_with_trigger.py for tasks to queue
[2026-06-07T15:50:54.634+0000] {logging_mixin.py:154} INFO - [2026-06-07T15:50:54.634+0000] {dagbag.py:536} INFO - Filling up the DagBag from /home/airflow/.local/lib/python3.8/site-packages/airflow/example_dags/example_latest_only_with_trigger.py
[2026-06-07T15:50:54.696+0000] {processor.py:839} INFO - DAG(s) dict_keys(['latest_only_with_trigger']) retrieved from /home/airflow/.local/lib/python3.8/site-packages/airflow/example_dags/example_latest_only_with_trigger.py
[2026-06-07T15:50:54.856+0000] {logging_mixin.py:154} INFO - [2026-06-07T15:50:54.852+0000] {dag.py:2941} INFO - Sync 1 DAGs
[2026-06-07T15:50:55.003+0000] {logging_mixin.py:154} INFO - [2026-06-07T15:50:55.003+0000] {dag.py:3722} INFO - Setting next_dagrun for latest_only_with_trigger to 2026-06-07T11:50:55.002520+00:00, run_after=2026-06-07T15:50:55.002520+00:00
[2026-06-07T15:50:55.117+0000] {processor.py:179} INFO - Processing /home/airflow/.local/lib/python3.8/site-packages/airflow/example_dags/example_latest_only_with_trigger.py took 0.611 seconds
[2026-06-07T15:51:25.695+0000] {processor.py:157} INFO - Started process (PID=4804) to work on /home/airflow/.local/lib/python3.8/site-packages/airflow/example_dags/example_latest_only_with_trigger.py
[2026-06-07T15:51:25.705+0000] {processor.py:829} INFO - Processing file /home/airflow/.local/lib/python3.8/site-packages/airflow/example_dags/example_latest_only_with_trigger.py for tasks to queue
[2026-06-07T15:51:25.711+0000] {logging_mixin.py:154} INFO - [2026-06-07T15:51:25.710+0000] {dagbag.py:536} INFO - Filling up the DagBag from /home/airflow/.local/lib/python3.8/site-packages/airflow/example_dags/example_latest_only_with_trigger.py
[2026-06-07T15:51:25.722+0000] {processor.py:839} INFO - DAG(s) dict_keys(['latest_only_with_trigger']) retrieved from /home/airflow/.local/lib/python3.8/site-packages/airflow/example_dags/example_latest_only_with_trigger.py
[2026-06-07T15:51:25.762+0000] {logging_mixin.py:154} INFO - [2026-06-07T15:51:25.762+0000] {dag.py:2941} INFO - Sync 1 DAGs
[2026-06-07T15:51:25.797+0000] {logging_mixin.py:154} INFO - [2026-06-07T15:51:25.797+0000] {dag.py:3722} INFO - Setting next_dagrun for latest_only_with_trigger to 2026-06-07T11:51:25.797207+00:00, run_after=2026-06-07T15:51:25.797207+00:00
[2026-06-07T15:51:25.822+0000] {processor.py:179} INFO - Processing /home/airflow/.local/lib/python3.8/site-packages/airflow/example_dags/example_latest_only_with_trigger.py took 0.132 seconds
[2026-06-07T15:51:56.799+0000] {processor.py:157} INFO - Started process (PID=4857) to work on /home/airflow/.local/lib/python3.8/site-packages/airflow/example_dags/example_latest_only_with_trigger.py
[2026-06-07T15:51:56.801+0000] {processor.py:829} INFO - Processing file /home/airflow/.local/lib/python3.8/site-packages/airflow/example_dags/example_latest_only_with_trigger.py for tasks to queue
[2026-06-07T15:51:56.824+0000] {logging_mixin.py:154} INFO - [2026-06-07T15:51:56.815+0000] {dagbag.py:536} INFO - Filling up the DagBag from /home/airflow/.local/lib/python3.8/site-packages/airflow/example_dags/example_latest_only_with_trigger.py
[2026-06-07T15:51:56.907+0000] {processor.py:839} INFO - DAG(s) dict_keys(['latest_only_with_trigger']) retrieved from /home/airflow/.local/lib/python3.8/site-packages/airflow/example_dags/example_latest_only_with_trigger.py
[2026-06-07T15:51:57.013+0000] {logging_mixin.py:154} INFO - [2026-06-07T15:51:57.013+0000] {dag.py:2941} INFO - Sync 1 DAGs
[2026-06-07T15:51:57.079+0000] {logging_mixin.py:154} INFO - [2026-06-07T15:51:57.079+0000] {dag.py:3722} INFO - Setting next_dagrun for latest_only_with_trigger to 2026-06-07T11:51:57.078701+00:00, run_after=2026-06-07T15:51:57.078701+00:00
[2026-06-07T15:51:57.134+0000] {processor.py:179} INFO - Processing /home/airflow/.local/lib/python3.8/site-packages/airflow/example_dags/example_latest_only_with_trigger.py took 0.373 seconds
[2026-06-07T15:52:27.556+0000] {processor.py:157} INFO - Started process (PID=4911) to work on /home/airflow/.local/lib/python3.8/site-packages/airflow/example_dags/example_latest_only_with_trigger.py
[2026-06-07T15:52:27.558+0000] {processor.py:829} INFO - Processing file /home/airflow/.local/lib/python3.8/site-packages/airflow/example_dags/example_latest_only_with_trigger.py for tasks to queue
[2026-06-07T15:52:27.563+0000] {logging_mixin.py:154} INFO - [2026-06-07T15:52:27.562+0000] {dagbag.py:536} INFO - Filling up the DagBag from /home/airflow/.local/lib/python3.8/site-packages/airflow/example_dags/example_latest_only_with_trigger.py
[2026-06-07T15:52:27.572+0000] {processor.py:839} INFO - DAG(s) dict_keys(['latest_only_with_trigger']) retrieved from /home/airflow/.local/lib/python3.8/site-packages/airflow/example_dags/example_latest_only_with_trigger.py
[2026-06-07T15:52:27.604+0000] {logging_mixin.py:154} INFO - [2026-06-07T15:52:27.604+0000] {dag.py:2941} INFO - Sync 1 DAGs
[2026-06-07T15:52:27.639+0000] {logging_mixin.py:154} INFO - [2026-06-07T15:52:27.639+0000] {dag.py:3722} INFO - Setting next_dagrun for latest_only_with_trigger to 2026-06-07T11:52:27.638888+00:00, run_after=2026-06-07T15:52:27.638888+00:00
[2026-06-07T15:52:27.691+0000] {processor.py:179} INFO - Processing /home/airflow/.local/lib/python3.8/site-packages/airflow/example_dags/example_latest_only_with_trigger.py took 0.140 seconds
[2026-06-07T15:52:57.801+0000] {processor.py:157} INFO - Started process (PID=4964) to work on /home/airflow/.local/lib/python3.8/site-packages/airflow/example_dags/example_latest_only_with_trigger.py
[2026-06-07T15:52:57.802+0000] {processor.py:829} INFO - Processing file /home/airflow/.local/lib/python3.8/site-packages/airflow/example_dags/example_latest_only_with_trigger.py for tasks to queue
[2026-06-07T15:52:57.806+0000] {logging_mixin.py:154} INFO - [2026-06-07T15:52:57.806+0000] {dagbag.py:536} INFO - Filling up the DagBag from /home/airflow/.local/lib/python3.8/site-packages/airflow/example_dags/example_latest_only_with_trigger.py
[2026-06-07T15:52:57.831+0000] {processor.py:839} INFO - DAG(s) dict_keys(['latest_only_with_trigger']) retrieved from /home/airflow/.local/lib/python3.8/site-packages/airflow/example_dags/example_latest_only_with_trigger.py
[2026-06-07T15:52:57.899+0000] {logging_mixin.py:154} INFO - [2026-06-07T15:52:57.899+0000] {dag.py:2941} INFO - Sync 1 DAGs
[2026-06-07T15:52:58.107+0000] {logging_mixin.py:154} INFO - [2026-06-07T15:52:58.106+0000] {dag.py:3722} INFO - Setting next_dagrun for latest_only_with_trigger to 2026-06-07T11:52:58.106523+00:00, run_after=2026-06-07T15:52:58.106523+00:00
[2026-06-07T15:52:58.249+0000] {processor.py:179} INFO - Processing /home/airflow/.local/lib/python3.8/site-packages/airflow/example_dags/example_latest_only_with_trigger.py took 0.464 seconds
[2026-06-07T15:53:28.748+0000] {processor.py:157} INFO - Started process (PID=5017) to work on /home/airflow/.local/lib/python3.8/site-packages/airflow/example_dags/example_latest_only_with_trigger.py
[2026-06-07T15:53:28.749+0000] {processor.py:829} INFO - Processing file /home/airflow/.local/lib/python3.8/site-packages/airflow/example_dags/example_latest_only_with_trigger.py for tasks to queue
[2026-06-07T15:53:28.753+0000] {logging_mixin.py:154} INFO - [2026-06-07T15:53:28.753+0000] {dagbag.py:536} INFO - Filling up the DagBag from /home/airflow/.local/lib/python3.8/site-packages/airflow/example_dags/example_latest_only_with_trigger.py
[2026-06-07T15:53:28.761+0000] {processor.py:839} INFO - DAG(s) dict_keys(['latest_only_with_trigger']) retrieved from /home/airflow/.local/lib/python3.8/site-packages/airflow/example_dags/example_latest_only_with_trigger.py
[2026-06-07T15:53:28.793+0000] {logging_mixin.py:154} INFO - [2026-06-07T15:53:28.793+0000] {dag.py:2941} INFO - Sync 1 DAGs
[2026-06-07T15:53:28.827+0000] {logging_mixin.py:154} INFO - [2026-06-07T15:53:28.827+0000] {dag.py:3722} INFO - Setting next_dagrun for latest_only_with_trigger to 2026-06-07T11:53:28.827327+00:00, run_after=2026-06-07T15:53:28.827327+00:00
[2026-06-07T15:53:28.853+0000] {processor.py:179} INFO - Processing /home/airflow/.local/lib/python3.8/site-packages/airflow/example_dags/example_latest_only_with_trigger.py took 0.110 seconds
[2026-06-07T15:53:59.177+0000] {processor.py:157} INFO - Started process (PID=5070) to work on /home/airflow/.local/lib/python3.8/site-packages/airflow/example_dags/example_latest_only_with_trigger.py
[2026-06-07T15:53:59.178+0000] {processor.py:829} INFO - Processing file /home/airflow/.local/lib/python3.8/site-packages/airflow/example_dags/example_latest_only_with_trigger.py for tasks to queue
[2026-06-07T15:53:59.182+0000] {logging_mixin.py:154} INFO - [2026-06-07T15:53:59.182+0000] {dagbag.py:536} INFO - Filling up the DagBag from /home/airflow/.local/lib/python3.8/site-packages/airflow/example_dags/example_latest_only_with_trigger.py
[2026-06-07T15:53:59.191+0000] {processor.py:839} INFO - DAG(s) dict_keys(['latest_only_with_trigger']) retrieved from /home/airflow/.local/lib/python3.8/site-packages/airflow/example_dags/example_latest_only_with_trigger.py
[2026-06-07T15:53:59.221+0000] {logging_mixin.py:154} INFO - [2026-06-07T15:53:59.221+0000] {dag.py:2941} INFO - Sync 1 DAGs
[2026-06-07T15:53:59.263+0000] {logging_mixin.py:154} INFO - [2026-06-07T15:53:59.263+0000] {dag.py:3722} INFO - Setting next_dagrun for latest_only_with_trigger to 2026-06-07T11:53:59.263311+00:00, run_after=2026-06-07T15:53:59.263311+00:00
[2026-06-07T15:53:59.290+0000] {processor.py:179} INFO - Processing /home/airflow/.local/lib/python3.8/site-packages/airflow/example_dags/example_latest_only_with_trigger.py took 0.118 seconds
[2026-06-07T15:54:29.834+0000] {processor.py:157} INFO - Started process (PID=5124) to work on /home/airflow/.local/lib/python3.8/site-packages/airflow/example_dags/example_latest_only_with_trigger.py
[2026-06-07T15:54:29.835+0000] {processor.py:829} INFO - Processing file /home/airflow/.local/lib/python3.8/site-packages/airflow/example_dags/example_latest_only_with_trigger.py for tasks to queue
[2026-06-07T15:54:29.839+0000] {logging_mixin.py:154} INFO - [2026-06-07T15:54:29.838+0000] {dagbag.py:536} INFO - Filling up the DagBag from /home/airflow/.local/lib/python3.8/site-packages/airflow/example_dags/example_latest_only_with_trigger.py
[2026-06-07T15:54:29.848+0000] {processor.py:839} INFO - DAG(s) dict_keys(['latest_only_with_trigger']) retrieved from /home/airflow/.local/lib/python3.8/site-packages/airflow/example_dags/example_latest_only_with_trigger.py
[2026-06-07T15:54:29.913+0000] {logging_mixin.py:154} INFO - [2026-06-07T15:54:29.913+0000] {dag.py:2941} INFO - Sync 1 DAGs
[2026-06-07T15:54:29.985+0000] {logging_mixin.py:154} INFO - [2026-06-07T15:54:29.984+0000] {dag.py:3722} INFO - Setting next_dagrun for latest_only_with_trigger to 2026-06-07T11:54:29.984476+00:00, run_after=2026-06-07T15:54:29.984476+00:00
[2026-06-07T15:54:30.055+0000] {processor.py:179} INFO - Processing /home/airflow/.local/lib/python3.8/site-packages/airflow/example_dags/example_latest_only_with_trigger.py took 0.226 seconds
[2026-06-07T15:55:00.366+0000] {processor.py:157} INFO - Started process (PID=5178) to work on /home/airflow/.local/lib/python3.8/site-packages/airflow/example_dags/example_latest_only_with_trigger.py
[2026-06-07T15:55:00.374+0000] {processor.py:829} INFO - Processing file /home/airflow/.local/lib/python3.8/site-packages/airflow/example_dags/example_latest_only_with_trigger.py for tasks to queue
[2026-06-07T15:55:00.381+0000] {logging_mixin.py:154} INFO - [2026-06-07T15:55:00.381+0000] {dagbag.py:536} INFO - Filling up the DagBag from /home/airflow/.local/lib/python3.8/site-packages/airflow/example_dags/example_latest_only_with_trigger.py
[2026-06-07T15:55:00.405+0000] {processor.py:839} INFO - DAG(s) dict_keys(['latest_only_with_trigger']) retrieved from /home/airflow/.local/lib/python3.8/site-packages/airflow/example_dags/example_latest_only_with_trigger.py
[2026-06-07T15:55:00.462+0000] {logging_mixin.py:154} INFO - [2026-06-07T15:55:00.461+0000] {dag.py:2941} INFO - Sync 1 DAGs
[2026-06-07T15:55:00.498+0000] {logging_mixin.py:154} INFO - [2026-06-07T15:55:00.498+0000] {dag.py:3722} INFO - Setting next_dagrun for latest_only_with_trigger to 2026-06-07T11:55:00.497669+00:00, run_after=2026-06-07T15:55:00.497669+00:00
[2026-06-07T15:55:00.534+0000] {processor.py:179} INFO - Processing /home/airflow/.local/lib/python3.8/site-packages/airflow/example_dags/example_latest_only_with_trigger.py took 0.184 seconds
[2026-06-07T15:55:31.869+0000] {processor.py:157} INFO - Started process (PID=5232) to work on /home/airflow/.local/lib/python3.8/site-packages/airflow/example_dags/example_latest_only_with_trigger.py
[2026-06-07T15:55:31.870+0000] {processor.py:829} INFO - Processing file /home/airflow/.local/lib/python3.8/site-packages/airflow/example_dags/example_latest_only_with_trigger.py for tasks to queue
[2026-06-07T15:55:31.893+0000] {logging_mixin.py:154} INFO - [2026-06-07T15:55:31.893+0000] {dagbag.py:536} INFO - Filling up the DagBag from /home/airflow/.local/lib/python3.8/site-packages/airflow/example_dags/example_latest_only_with_trigger.py
[2026-06-07T15:55:31.907+0000] {processor.py:839} INFO - DAG(s) dict_keys(['latest_only_with_trigger']) retrieved from /home/airflow/.local/lib/python3.8/site-packages/airflow/example_dags/example_latest_only_with_trigger.py
[2026-06-07T15:55:32.025+0000] {logging_mixin.py:154} INFO - [2026-06-07T15:55:32.025+0000] {dag.py:2941} INFO - Sync 1 DAGs
[2026-06-07T15:55:32.196+0000] {logging_mixin.py:154} INFO - [2026-06-07T15:55:32.196+0000] {dag.py:3722} INFO - Setting next_dagrun for latest_only_with_trigger to 2026-06-07T11:55:32.195736+00:00, run_after=2026-06-07T15:55:32.195736+00:00
[2026-06-07T15:55:32.308+0000] {processor.py:179} INFO - Processing /home/airflow/.local/lib/python3.8/site-packages/airflow/example_dags/example_latest_only_with_trigger.py took 0.452 seconds
[2026-06-07T15:56:02.856+0000] {processor.py:157} INFO - Started process (PID=5285) to work on /home/airflow/.local/lib/python3.8/site-packages/airflow/example_dags/example_latest_only_with_trigger.py
[2026-06-07T15:56:02.865+0000] {processor.py:829} INFO - Processing file /home/airflow/.local/lib/python3.8/site-packages/airflow/example_dags/example_latest_only_with_trigger.py for tasks to queue
[2026-06-07T15:56:02.869+0000] {logging_mixin.py:154} INFO - [2026-06-07T15:56:02.869+0000] {dagbag.py:536} INFO - Filling up the DagBag from /home/airflow/.local/lib/python3.8/site-packages/airflow/example_dags/example_latest_only_with_trigger.py
[2026-06-07T15:56:02.896+0000] {processor.py:839} INFO - DAG(s) dict_keys(['latest_only_with_trigger']) retrieved from /home/airflow/.local/lib/python3.8/site-packages/airflow/example_dags/example_latest_only_with_trigger.py
[2026-06-07T15:56:02.950+0000] {logging_mixin.py:154} INFO - [2026-06-07T15:56:02.949+0000] {dag.py:2941} INFO - Sync 1 DAGs
[2026-06-07T15:56:03.013+0000] {logging_mixin.py:154} INFO - [2026-06-07T15:56:03.013+0000] {dag.py:3722} INFO - Setting next_dagrun for latest_only_with_trigger to 2026-06-07T11:56:03.012694+00:00, run_after=2026-06-07T15:56:03.012694+00:00
[2026-06-07T15:56:03.037+0000] {processor.py:179} INFO - Processing /home/airflow/.local/lib/python3.8/site-packages/airflow/example_dags/example_latest_only_with_trigger.py took 0.187 seconds
[2026-06-07T15:56:33.414+0000] {processor.py:157} INFO - Started process (PID=5338) to work on /home/airflow/.local/lib/python3.8/site-packages/airflow/example_dags/example_latest_only_with_trigger.py
[2026-06-07T15:56:33.415+0000] {processor.py:829} INFO - Processing file /home/airflow/.local/lib/python3.8/site-packages/airflow/example_dags/example_latest_only_with_trigger.py for tasks to queue
[2026-06-07T15:56:33.420+0000] {logging_mixin.py:154} INFO - [2026-06-07T15:56:33.420+0000] {dagbag.py:536} INFO - Filling up the DagBag from /home/airflow/.local/lib/python3.8/site-packages/airflow/example_dags/example_latest_only_with_trigger.py
[2026-06-07T15:56:33.428+0000] {processor.py:839} INFO - DAG(s) dict_keys(['latest_only_with_trigger']) retrieved from /home/airflow/.local/lib/python3.8/site-packages/airflow/example_dags/example_latest_only_with_trigger.py
[2026-06-07T15:56:33.459+0000] {logging_mixin.py:154} INFO - [2026-06-07T15:56:33.459+0000] {dag.py:2941} INFO - Sync 1 DAGs
[2026-06-07T15:56:33.495+0000] {logging_mixin.py:154} INFO - [2026-06-07T15:56:33.495+0000] {dag.py:3722} INFO - Setting next_dagrun for latest_only_with_trigger to 2026-06-07T11:56:33.494873+00:00, run_after=2026-06-07T15:56:33.494873+00:00
[2026-06-07T15:56:33.520+0000] {processor.py:179} INFO - Processing /home/airflow/.local/lib/python3.8/site-packages/airflow/example_dags/example_latest_only_with_trigger.py took 0.111 seconds
[2026-06-07T15:57:04.325+0000] {processor.py:157} INFO - Started process (PID=5392) to work on /home/airflow/.local/lib/python3.8/site-packages/airflow/example_dags/example_latest_only_with_trigger.py
[2026-06-07T15:57:04.327+0000] {processor.py:829} INFO - Processing file /home/airflow/.local/lib/python3.8/site-packages/airflow/example_dags/example_latest_only_with_trigger.py for tasks to queue
[2026-06-07T15:57:04.331+0000] {logging_mixin.py:154} INFO - [2026-06-07T15:57:04.331+0000] {dagbag.py:536} INFO - Filling up the DagBag from /home/airflow/.local/lib/python3.8/site-packages/airflow/example_dags/example_latest_only_with_trigger.py
[2026-06-07T15:57:04.338+0000] {processor.py:839} INFO - DAG(s) dict_keys(['latest_only_with_trigger']) retrieved from /home/airflow/.local/lib/python3.8/site-packages/airflow/example_dags/example_latest_only_with_trigger.py
[2026-06-07T15:57:04.369+0000] {logging_mixin.py:154} INFO - [2026-06-07T15:57:04.369+0000] {dag.py:2941} INFO - Sync 1 DAGs
[2026-06-07T15:57:04.405+0000] {logging_mixin.py:154} INFO - [2026-06-07T15:57:04.405+0000] {dag.py:3722} INFO - Setting next_dagrun for latest_only_with_trigger to 2026-06-07T11:57:04.404821+00:00, run_after=2026-06-07T15:57:04.404821+00:00
[2026-06-07T15:57:04.430+0000] {processor.py:179} INFO - Processing /home/airflow/.local/lib/python3.8/site-packages/airflow/example_dags/example_latest_only_with_trigger.py took 0.110 seconds
[2026-06-07T15:57:35.117+0000] {processor.py:157} INFO - Started process (PID=5446) to work on /home/airflow/.local/lib/python3.8/site-packages/airflow/example_dags/example_latest_only_with_trigger.py
[2026-06-07T15:57:35.132+0000] {processor.py:829} INFO - Processing file /home/airflow/.local/lib/python3.8/site-packages/airflow/example_dags/example_latest_only_with_trigger.py for tasks to queue
[2026-06-07T15:57:35.149+0000] {logging_mixin.py:154} INFO - [2026-06-07T15:57:35.149+0000] {dagbag.py:536} INFO - Filling up the DagBag from /home/airflow/.local/lib/python3.8/site-packages/airflow/example_dags/example_latest_only_with_trigger.py
[2026-06-07T15:57:35.165+0000] {processor.py:839} INFO - DAG(s) dict_keys(['latest_only_with_trigger']) retrieved from /home/airflow/.local/lib/python3.8/site-packages/airflow/example_dags/example_latest_only_with_trigger.py
[2026-06-07T15:57:35.223+0000] {logging_mixin.py:154} INFO - [2026-06-07T15:57:35.223+0000] {dag.py:2941} INFO - Sync 1 DAGs
[2026-06-07T15:57:35.311+0000] {logging_mixin.py:154} INFO - [2026-06-07T15:57:35.311+0000] {dag.py:3722} INFO - Setting next_dagrun for latest_only_with_trigger to 2026-06-07T11:57:35.310982+00:00, run_after=2026-06-07T15:57:35.310982+00:00
[2026-06-07T15:57:35.367+0000] {processor.py:179} INFO - Processing /home/airflow/.local/lib/python3.8/site-packages/airflow/example_dags/example_latest_only_with_trigger.py took 0.258 seconds
[2026-06-07T15:58:06.146+0000] {processor.py:157} INFO - Started process (PID=5500) to work on /home/airflow/.local/lib/python3.8/site-packages/airflow/example_dags/example_latest_only_with_trigger.py
[2026-06-07T15:58:06.149+0000] {processor.py:829} INFO - Processing file /home/airflow/.local/lib/python3.8/site-packages/airflow/example_dags/example_latest_only_with_trigger.py for tasks to queue
[2026-06-07T15:58:06.154+0000] {logging_mixin.py:154} INFO - [2026-06-07T15:58:06.154+0000] {dagbag.py:536} INFO - Filling up the DagBag from /home/airflow/.local/lib/python3.8/site-packages/airflow/example_dags/example_latest_only_with_trigger.py
[2026-06-07T15:58:06.162+0000] {processor.py:839} INFO - DAG(s) dict_keys(['latest_only_with_trigger']) retrieved from /home/airflow/.local/lib/python3.8/site-packages/airflow/example_dags/example_latest_only_with_trigger.py
[2026-06-07T15:58:06.192+0000] {logging_mixin.py:154} INFO - [2026-06-07T15:58:06.192+0000] {dag.py:2941} INFO - Sync 1 DAGs
[2026-06-07T15:58:06.228+0000] {logging_mixin.py:154} INFO - [2026-06-07T15:58:06.227+0000] {dag.py:3722} INFO - Setting next_dagrun for latest_only_with_trigger to 2026-06-07T11:58:06.227481+00:00, run_after=2026-06-07T15:58:06.227481+00:00
[2026-06-07T15:58:06.254+0000] {processor.py:179} INFO - Processing /home/airflow/.local/lib/python3.8/site-packages/airflow/example_dags/example_latest_only_with_trigger.py took 0.112 seconds
[2026-06-07T15:58:36.456+0000] {processor.py:157} INFO - Started process (PID=5553) to work on /home/airflow/.local/lib/python3.8/site-packages/airflow/example_dags/example_latest_only_with_trigger.py
[2026-06-07T15:58:36.457+0000] {processor.py:829} INFO - Processing file /home/airflow/.local/lib/python3.8/site-packages/airflow/example_dags/example_latest_only_with_trigger.py for tasks to queue
[2026-06-07T15:58:36.461+0000] {logging_mixin.py:154} INFO - [2026-06-07T15:58:36.461+0000] {dagbag.py:536} INFO - Filling up the DagBag from /home/airflow/.local/lib/python3.8/site-packages/airflow/example_dags/example_latest_only_with_trigger.py
[2026-06-07T15:58:36.469+0000] {processor.py:839} INFO - DAG(s) dict_keys(['latest_only_with_trigger']) retrieved from /home/airflow/.local/lib/python3.8/site-packages/airflow/example_dags/example_latest_only_with_trigger.py
[2026-06-07T15:58:36.499+0000] {logging_mixin.py:154} INFO - [2026-06-07T15:58:36.499+0000] {dag.py:2941} INFO - Sync 1 DAGs
[2026-06-07T15:58:36.535+0000] {logging_mixin.py:154} INFO - [2026-06-07T15:58:36.535+0000] {dag.py:3722} INFO - Setting next_dagrun for latest_only_with_trigger to 2026-06-07T11:58:36.534741+00:00, run_after=2026-06-07T15:58:36.534741+00:00
[2026-06-07T15:58:36.562+0000] {processor.py:179} INFO - Processing /home/airflow/.local/lib/python3.8/site-packages/airflow/example_dags/example_latest_only_with_trigger.py took 0.111 seconds
[2026-06-07T15:59:07.515+0000] {processor.py:157} INFO - Started process (PID=5606) to work on /home/airflow/.local/lib/python3.8/site-packages/airflow/example_dags/example_latest_only_with_trigger.py
[2026-06-07T15:59:07.517+0000] {processor.py:829} INFO - Processing file /home/airflow/.local/lib/python3.8/site-packages/airflow/example_dags/example_latest_only_with_trigger.py for tasks to queue
[2026-06-07T15:59:07.525+0000] {logging_mixin.py:154} INFO - [2026-06-07T15:59:07.524+0000] {dagbag.py:536} INFO - Filling up the DagBag from /home/airflow/.local/lib/python3.8/site-packages/airflow/example_dags/example_latest_only_with_trigger.py
[2026-06-07T15:59:07.537+0000] {processor.py:839} INFO - DAG(s) dict_keys(['latest_only_with_trigger']) retrieved from /home/airflow/.local/lib/python3.8/site-packages/airflow/example_dags/example_latest_only_with_trigger.py
[2026-06-07T15:59:07.588+0000] {logging_mixin.py:154} INFO - [2026-06-07T15:59:07.588+0000] {dag.py:2941} INFO - Sync 1 DAGs
[2026-06-07T15:59:07.636+0000] {logging_mixin.py:154} INFO - [2026-06-07T15:59:07.635+0000] {dag.py:3722} INFO - Setting next_dagrun for latest_only_with_trigger to 2026-06-07T11:59:07.635392+00:00, run_after=2026-06-07T15:59:07.635392+00:00
[2026-06-07T15:59:07.668+0000] {processor.py:179} INFO - Processing /home/airflow/.local/lib/python3.8/site-packages/airflow/example_dags/example_latest_only_with_trigger.py took 0.162 seconds
[2026-06-07T15:59:38.455+0000] {processor.py:157} INFO - Started process (PID=5660) to work on /home/airflow/.local/lib/python3.8/site-packages/airflow/example_dags/example_latest_only_with_trigger.py
[2026-06-07T15:59:38.456+0000] {processor.py:829} INFO - Processing file /home/airflow/.local/lib/python3.8/site-packages/airflow/example_dags/example_latest_only_with_trigger.py for tasks to queue
[2026-06-07T15:59:38.460+0000] {logging_mixin.py:154} INFO - [2026-06-07T15:59:38.460+0000] {dagbag.py:536} INFO - Filling up the DagBag from /home/airflow/.local/lib/python3.8/site-packages/airflow/example_dags/example_latest_only_with_trigger.py
[2026-06-07T15:59:38.468+0000] {processor.py:839} INFO - DAG(s) dict_keys(['latest_only_with_trigger']) retrieved from /home/airflow/.local/lib/python3.8/site-packages/airflow/example_dags/example_latest_only_with_trigger.py
[2026-06-07T15:59:38.553+0000] {logging_mixin.py:154} INFO - [2026-06-07T15:59:38.553+0000] {dag.py:2941} INFO - Sync 1 DAGs
[2026-06-07T15:59:38.588+0000] {logging_mixin.py:154} INFO - [2026-06-07T15:59:38.588+0000] {dag.py:3722} INFO - Setting next_dagrun for latest_only_with_trigger to 2026-06-07T11:59:38.588105+00:00, run_after=2026-06-07T15:59:38.588105+00:00
[2026-06-07T15:59:38.617+0000] {processor.py:179} INFO - Processing /home/airflow/.local/lib/python3.8/site-packages/airflow/example_dags/example_latest_only_with_trigger.py took 0.168 seconds
[2026-06-07T16:00:09.410+0000] {processor.py:157} INFO - Started process (PID=5714) to work on /home/airflow/.local/lib/python3.8/site-packages/airflow/example_dags/example_latest_only_with_trigger.py
[2026-06-07T16:00:09.412+0000] {processor.py:829} INFO - Processing file /home/airflow/.local/lib/python3.8/site-packages/airflow/example_dags/example_latest_only_with_trigger.py for tasks to queue
[2026-06-07T16:00:09.416+0000] {logging_mixin.py:154} INFO - [2026-06-07T16:00:09.416+0000] {dagbag.py:536} INFO - Filling up the DagBag from /home/airflow/.local/lib/python3.8/site-packages/airflow/example_dags/example_latest_only_with_trigger.py
[2026-06-07T16:00:09.426+0000] {processor.py:839} INFO - DAG(s) dict_keys(['latest_only_with_trigger']) retrieved from /home/airflow/.local/lib/python3.8/site-packages/airflow/example_dags/example_latest_only_with_trigger.py
[2026-06-07T16:00:09.456+0000] {logging_mixin.py:154} INFO - [2026-06-07T16:00:09.455+0000] {dag.py:2941} INFO - Sync 1 DAGs
[2026-06-07T16:00:09.489+0000] {logging_mixin.py:154} INFO - [2026-06-07T16:00:09.489+0000] {dag.py:3722} INFO - Setting next_dagrun for latest_only_with_trigger to 2026-06-07T12:00:09.488953+00:00, run_after=2026-06-07T16:00:09.488953+00:00
[2026-06-07T16:00:09.518+0000] {processor.py:179} INFO - Processing /home/airflow/.local/lib/python3.8/site-packages/airflow/example_dags/example_latest_only_with_trigger.py took 0.113 seconds
[2026-06-07T16:00:40.220+0000] {processor.py:157} INFO - Started process (PID=5768) to work on /home/airflow/.local/lib/python3.8/site-packages/airflow/example_dags/example_latest_only_with_trigger.py
[2026-06-07T16:00:40.221+0000] {processor.py:829} INFO - Processing file /home/airflow/.local/lib/python3.8/site-packages/airflow/example_dags/example_latest_only_with_trigger.py for tasks to queue
[2026-06-07T16:00:40.226+0000] {logging_mixin.py:154} INFO - [2026-06-07T16:00:40.226+0000] {dagbag.py:536} INFO - Filling up the DagBag from /home/airflow/.local/lib/python3.8/site-packages/airflow/example_dags/example_latest_only_with_trigger.py
[2026-06-07T16:00:40.234+0000] {processor.py:839} INFO - DAG(s) dict_keys(['latest_only_with_trigger']) retrieved from /home/airflow/.local/lib/python3.8/site-packages/airflow/example_dags/example_latest_only_with_trigger.py
[2026-06-07T16:00:40.265+0000] {logging_mixin.py:154} INFO - [2026-06-07T16:00:40.265+0000] {dag.py:2941} INFO - Sync 1 DAGs
[2026-06-07T16:00:40.300+0000] {logging_mixin.py:154} INFO - [2026-06-07T16:00:40.299+0000] {dag.py:3722} INFO - Setting next_dagrun for latest_only_with_trigger to 2026-06-07T12:00:40.299566+00:00, run_after=2026-06-07T16:00:40.299566+00:00
[2026-06-07T16:00:40.328+0000] {processor.py:179} INFO - Processing /home/airflow/.local/lib/python3.8/site-packages/airflow/example_dags/example_latest_only_with_trigger.py took 0.113 seconds
[2026-06-07T16:01:11.635+0000] {processor.py:157} INFO - Started process (PID=5821) to work on /home/airflow/.local/lib/python3.8/site-packages/airflow/example_dags/example_latest_only_with_trigger.py
[2026-06-07T16:01:11.637+0000] {processor.py:829} INFO - Processing file /home/airflow/.local/lib/python3.8/site-packages/airflow/example_dags/example_latest_only_with_trigger.py for tasks to queue
[2026-06-07T16:01:11.661+0000] {logging_mixin.py:154} INFO - [2026-06-07T16:01:11.661+0000] {dagbag.py:536} INFO - Filling up the DagBag from /home/airflow/.local/lib/python3.8/site-packages/airflow/example_dags/example_latest_only_with_trigger.py
[2026-06-07T16:01:11.687+0000] {processor.py:839} INFO - DAG(s) dict_keys(['latest_only_with_trigger']) retrieved from /home/airflow/.local/lib/python3.8/site-packages/airflow/example_dags/example_latest_only_with_trigger.py
[2026-06-07T16:01:11.764+0000] {logging_mixin.py:154} INFO - [2026-06-07T16:01:11.762+0000] {dag.py:2941} INFO - Sync 1 DAGs
[2026-06-07T16:01:11.805+0000] {logging_mixin.py:154} INFO - [2026-06-07T16:01:11.805+0000] {dag.py:3722} INFO - Setting next_dagrun for latest_only_with_trigger to 2026-06-07T12:01:11.805049+00:00, run_after=2026-06-07T16:01:11.805049+00:00
[2026-06-07T16:01:11.847+0000] {processor.py:179} INFO - Processing /home/airflow/.local/lib/python3.8/site-packages/airflow/example_dags/example_latest_only_with_trigger.py took 0.231 seconds
[2026-06-07T16:01:42.548+0000] {processor.py:157} INFO - Started process (PID=5875) to work on /home/airflow/.local/lib/python3.8/site-packages/airflow/example_dags/example_latest_only_with_trigger.py
[2026-06-07T16:01:42.549+0000] {processor.py:829} INFO - Processing file /home/airflow/.local/lib/python3.8/site-packages/airflow/example_dags/example_latest_only_with_trigger.py for tasks to queue
[2026-06-07T16:01:42.552+0000] {logging_mixin.py:154} INFO - [2026-06-07T16:01:42.552+0000] {dagbag.py:536} INFO - Filling up the DagBag from /home/airflow/.local/lib/python3.8/site-packages/airflow/example_dags/example_latest_only_with_trigger.py
[2026-06-07T16:01:42.560+0000] {processor.py:839} INFO - DAG(s) dict_keys(['latest_only_with_trigger']) retrieved from /home/airflow/.local/lib/python3.8/site-packages/airflow/example_dags/example_latest_only_with_trigger.py
[2026-06-07T16:01:42.589+0000] {logging_mixin.py:154} INFO - [2026-06-07T16:01:42.589+0000] {dag.py:2941} INFO - Sync 1 DAGs
[2026-06-07T16:01:42.624+0000] {logging_mixin.py:154} INFO - [2026-06-07T16:01:42.624+0000] {dag.py:3722} INFO - Setting next_dagrun for latest_only_with_trigger to 2026-06-07T12:01:42.624300+00:00, run_after=2026-06-07T16:01:42.624300+00:00
[2026-06-07T16:01:42.649+0000] {processor.py:179} INFO - Processing /home/airflow/.local/lib/python3.8/site-packages/airflow/example_dags/example_latest_only_with_trigger.py took 0.106 seconds
[2026-06-07T16:02:12.983+0000] {processor.py:157} INFO - Started process (PID=5929) to work on /home/airflow/.local/lib/python3.8/site-packages/airflow/example_dags/example_latest_only_with_trigger.py
[2026-06-07T16:02:12.986+0000] {processor.py:829} INFO - Processing file /home/airflow/.local/lib/python3.8/site-packages/airflow/example_dags/example_latest_only_with_trigger.py for tasks to queue
[2026-06-07T16:02:12.989+0000] {logging_mixin.py:154} INFO - [2026-06-07T16:02:12.988+0000] {dagbag.py:536} INFO - Filling up the DagBag from /home/airflow/.local/lib/python3.8/site-packages/airflow/example_dags/example_latest_only_with_trigger.py
[2026-06-07T16:02:12.997+0000] {processor.py:839} INFO - DAG(s) dict_keys(['latest_only_with_trigger']) retrieved from /home/airflow/.local/lib/python3.8/site-packages/airflow/example_dags/example_latest_only_with_trigger.py
[2026-06-07T16:02:13.028+0000] {logging_mixin.py:154} INFO - [2026-06-07T16:02:13.028+0000] {dag.py:2941} INFO - Sync 1 DAGs
[2026-06-07T16:02:13.065+0000] {logging_mixin.py:154} INFO - [2026-06-07T16:02:13.065+0000] {dag.py:3722} INFO - Setting next_dagrun for latest_only_with_trigger to 2026-06-07T12:02:13.064899+00:00, run_after=2026-06-07T16:02:13.064899+00:00
[2026-06-07T16:02:13.092+0000] {processor.py:179} INFO - Processing /home/airflow/.local/lib/python3.8/site-packages/airflow/example_dags/example_latest_only_with_trigger.py took 0.118 seconds
[2026-06-07T16:02:43.355+0000] {processor.py:157} INFO - Started process (PID=5983) to work on /home/airflow/.local/lib/python3.8/site-packages/airflow/example_dags/example_latest_only_with_trigger.py
[2026-06-07T16:02:43.356+0000] {processor.py:829} INFO - Processing file /home/airflow/.local/lib/python3.8/site-packages/airflow/example_dags/example_latest_only_with_trigger.py for tasks to queue
[2026-06-07T16:02:43.360+0000] {logging_mixin.py:154} INFO - [2026-06-07T16:02:43.359+0000] {dagbag.py:536} INFO - Filling up the DagBag from /home/airflow/.local/lib/python3.8/site-packages/airflow/example_dags/example_latest_only_with_trigger.py
[2026-06-07T16:02:43.367+0000] {processor.py:839} INFO - DAG(s) dict_keys(['latest_only_with_trigger']) retrieved from /home/airflow/.local/lib/python3.8/site-packages/airflow/example_dags/example_latest_only_with_trigger.py
[2026-06-07T16:02:43.420+0000] {logging_mixin.py:154} INFO - [2026-06-07T16:02:43.420+0000] {dag.py:2941} INFO - Sync 1 DAGs
[2026-06-07T16:02:43.481+0000] {logging_mixin.py:154} INFO - [2026-06-07T16:02:43.480+0000] {dag.py:3722} INFO - Setting next_dagrun for latest_only_with_trigger to 2026-06-07T12:02:43.480345+00:00, run_after=2026-06-07T16:02:43.480345+00:00
[2026-06-07T16:02:43.506+0000] {processor.py:179} INFO - Processing /home/airflow/.local/lib/python3.8/site-packages/airflow/example_dags/example_latest_only_with_trigger.py took 0.157 seconds
[2026-06-07T16:03:13.852+0000] {processor.py:157} INFO - Started process (PID=6037) to work on /home/airflow/.local/lib/python3.8/site-packages/airflow/example_dags/example_latest_only_with_trigger.py
[2026-06-07T16:03:13.853+0000] {processor.py:829} INFO - Processing file /home/airflow/.local/lib/python3.8/site-packages/airflow/example_dags/example_latest_only_with_trigger.py for tasks to queue
[2026-06-07T16:03:13.857+0000] {logging_mixin.py:154} INFO - [2026-06-07T16:03:13.856+0000] {dagbag.py:536} INFO - Filling up the DagBag from /home/airflow/.local/lib/python3.8/site-packages/airflow/example_dags/example_latest_only_with_trigger.py
[2026-06-07T16:03:13.864+0000] {processor.py:839} INFO - DAG(s) dict_keys(['latest_only_with_trigger']) retrieved from /home/airflow/.local/lib/python3.8/site-packages/airflow/example_dags/example_latest_only_with_trigger.py
[2026-06-07T16:03:13.894+0000] {logging_mixin.py:154} INFO - [2026-06-07T16:03:13.894+0000] {dag.py:2941} INFO - Sync 1 DAGs
[2026-06-07T16:03:13.934+0000] {logging_mixin.py:154} INFO - [2026-06-07T16:03:13.934+0000] {dag.py:3722} INFO - Setting next_dagrun for latest_only_with_trigger to 2026-06-07T12:03:13.934277+00:00, run_after=2026-06-07T16:03:13.934277+00:00
[2026-06-07T16:03:13.965+0000] {processor.py:179} INFO - Processing /home/airflow/.local/lib/python3.8/site-packages/airflow/example_dags/example_latest_only_with_trigger.py took 0.118 seconds
[2026-06-07T16:03:44.630+0000] {processor.py:157} INFO - Started process (PID=6091) to work on /home/airflow/.local/lib/python3.8/site-packages/airflow/example_dags/example_latest_only_with_trigger.py
[2026-06-07T16:03:44.631+0000] {processor.py:829} INFO - Processing file /home/airflow/.local/lib/python3.8/site-packages/airflow/example_dags/example_latest_only_with_trigger.py for tasks to queue
[2026-06-07T16:03:44.635+0000] {logging_mixin.py:154} INFO - [2026-06-07T16:03:44.635+0000] {dagbag.py:536} INFO - Filling up the DagBag from /home/airflow/.local/lib/python3.8/site-packages/airflow/example_dags/example_latest_only_with_trigger.py
[2026-06-07T16:03:44.644+0000] {processor.py:839} INFO - DAG(s) dict_keys(['latest_only_with_trigger']) retrieved from /home/airflow/.local/lib/python3.8/site-packages/airflow/example_dags/example_latest_only_with_trigger.py
[2026-06-07T16:03:44.676+0000] {logging_mixin.py:154} INFO - [2026-06-07T16:03:44.676+0000] {dag.py:2941} INFO - Sync 1 DAGs
[2026-06-07T16:03:44.709+0000] {logging_mixin.py:154} INFO - [2026-06-07T16:03:44.709+0000] {dag.py:3722} INFO - Setting next_dagrun for latest_only_with_trigger to 2026-06-07T12:03:44.708947+00:00, run_after=2026-06-07T16:03:44.708947+00:00
[2026-06-07T16:03:44.732+0000] {processor.py:179} INFO - Processing /home/airflow/.local/lib/python3.8/site-packages/airflow/example_dags/example_latest_only_with_trigger.py took 0.108 seconds
[2026-06-07T16:04:16.063+0000] {processor.py:157} INFO - Started process (PID=6146) to work on /home/airflow/.local/lib/python3.8/site-packages/airflow/example_dags/example_latest_only_with_trigger.py
[2026-06-07T16:04:16.071+0000] {processor.py:829} INFO - Processing file /home/airflow/.local/lib/python3.8/site-packages/airflow/example_dags/example_latest_only_with_trigger.py for tasks to queue
[2026-06-07T16:04:16.083+0000] {logging_mixin.py:154} INFO - [2026-06-07T16:04:16.082+0000] {dagbag.py:536} INFO - Filling up the DagBag from /home/airflow/.local/lib/python3.8/site-packages/airflow/example_dags/example_latest_only_with_trigger.py
[2026-06-07T16:04:16.091+0000] {processor.py:839} INFO - DAG(s) dict_keys(['latest_only_with_trigger']) retrieved from /home/airflow/.local/lib/python3.8/site-packages/airflow/example_dags/example_latest_only_with_trigger.py
[2026-06-07T16:04:16.189+0000] {logging_mixin.py:154} INFO - [2026-06-07T16:04:16.189+0000] {dag.py:2941} INFO - Sync 1 DAGs
[2026-06-07T16:04:16.284+0000] {logging_mixin.py:154} INFO - [2026-06-07T16:04:16.283+0000] {dag.py:3722} INFO - Setting next_dagrun for latest_only_with_trigger to 2026-06-07T12:04:16.283413+00:00, run_after=2026-06-07T16:04:16.283413+00:00
[2026-06-07T16:04:16.355+0000] {processor.py:179} INFO - Processing /home/airflow/.local/lib/python3.8/site-packages/airflow/example_dags/example_latest_only_with_trigger.py took 0.298 seconds
[2026-06-07T16:04:46.975+0000] {processor.py:157} INFO - Started process (PID=6199) to work on /home/airflow/.local/lib/python3.8/site-packages/airflow/example_dags/example_latest_only_with_trigger.py
[2026-06-07T16:04:46.976+0000] {processor.py:829} INFO - Processing file /home/airflow/.local/lib/python3.8/site-packages/airflow/example_dags/example_latest_only_with_trigger.py for tasks to queue
[2026-06-07T16:04:46.981+0000] {logging_mixin.py:154} INFO - [2026-06-07T16:04:46.981+0000] {dagbag.py:536} INFO - Filling up the DagBag from /home/airflow/.local/lib/python3.8/site-packages/airflow/example_dags/example_latest_only_with_trigger.py
[2026-06-07T16:04:46.989+0000] {processor.py:839} INFO - DAG(s) dict_keys(['latest_only_with_trigger']) retrieved from /home/airflow/.local/lib/python3.8/site-packages/airflow/example_dags/example_latest_only_with_trigger.py
[2026-06-07T16:04:47.020+0000] {logging_mixin.py:154} INFO - [2026-06-07T16:04:47.019+0000] {dag.py:2941} INFO - Sync 1 DAGs
[2026-06-07T16:04:47.063+0000] {logging_mixin.py:154} INFO - [2026-06-07T16:04:47.062+0000] {dag.py:3722} INFO - Setting next_dagrun for latest_only_with_trigger to 2026-06-07T12:04:47.062487+00:00, run_after=2026-06-07T16:04:47.062487+00:00
[2026-06-07T16:04:47.094+0000] {processor.py:179} INFO - Processing /home/airflow/.local/lib/python3.8/site-packages/airflow/example_dags/example_latest_only_with_trigger.py took 0.124 seconds
[2026-06-07T16:05:17.515+0000] {processor.py:157} INFO - Started process (PID=6252) to work on /home/airflow/.local/lib/python3.8/site-packages/airflow/example_dags/example_latest_only_with_trigger.py
[2026-06-07T16:05:17.521+0000] {processor.py:829} INFO - Processing file /home/airflow/.local/lib/python3.8/site-packages/airflow/example_dags/example_latest_only_with_trigger.py for tasks to queue
[2026-06-07T16:05:17.533+0000] {logging_mixin.py:154} INFO - [2026-06-07T16:05:17.524+0000] {dagbag.py:536} INFO - Filling up the DagBag from /home/airflow/.local/lib/python3.8/site-packages/airflow/example_dags/example_latest_only_with_trigger.py
[2026-06-07T16:05:17.549+0000] {processor.py:839} INFO - DAG(s) dict_keys(['latest_only_with_trigger']) retrieved from /home/airflow/.local/lib/python3.8/site-packages/airflow/example_dags/example_latest_only_with_trigger.py
[2026-06-07T16:05:17.615+0000] {logging_mixin.py:154} INFO - [2026-06-07T16:05:17.614+0000] {dag.py:2941} INFO - Sync 1 DAGs
[2026-06-07T16:05:17.655+0000] {logging_mixin.py:154} INFO - [2026-06-07T16:05:17.655+0000] {dag.py:3722} INFO - Setting next_dagrun for latest_only_with_trigger to 2026-06-07T12:05:17.654809+00:00, run_after=2026-06-07T16:05:17.654809+00:00
[2026-06-07T16:05:17.715+0000] {processor.py:179} INFO - Processing /home/airflow/.local/lib/python3.8/site-packages/airflow/example_dags/example_latest_only_with_trigger.py took 0.218 seconds
[2026-06-07T16:05:47.839+0000] {processor.py:157} INFO - Started process (PID=6306) to work on /home/airflow/.local/lib/python3.8/site-packages/airflow/example_dags/example_latest_only_with_trigger.py
[2026-06-07T16:05:47.840+0000] {processor.py:829} INFO - Processing file /home/airflow/.local/lib/python3.8/site-packages/airflow/example_dags/example_latest_only_with_trigger.py for tasks to queue
[2026-06-07T16:05:47.843+0000] {logging_mixin.py:154} INFO - [2026-06-07T16:05:47.843+0000] {dagbag.py:536} INFO - Filling up the DagBag from /home/airflow/.local/lib/python3.8/site-packages/airflow/example_dags/example_latest_only_with_trigger.py
[2026-06-07T16:05:47.849+0000] {processor.py:839} INFO - DAG(s) dict_keys(['latest_only_with_trigger']) retrieved from /home/airflow/.local/lib/python3.8/site-packages/airflow/example_dags/example_latest_only_with_trigger.py
[2026-06-07T16:05:47.875+0000] {logging_mixin.py:154} INFO - [2026-06-07T16:05:47.875+0000] {dag.py:2941} INFO - Sync 1 DAGs
[2026-06-07T16:05:47.901+0000] {logging_mixin.py:154} INFO - [2026-06-07T16:05:47.900+0000] {dag.py:3722} INFO - Setting next_dagrun for latest_only_with_trigger to 2026-06-07T12:05:47.900603+00:00, run_after=2026-06-07T16:05:47.900603+00:00
[2026-06-07T16:05:47.920+0000] {processor.py:179} INFO - Processing /home/airflow/.local/lib/python3.8/site-packages/airflow/example_dags/example_latest_only_with_trigger.py took 0.086 seconds
[2026-06-07T16:06:17.992+0000] {processor.py:157} INFO - Started process (PID=6359) to work on /home/airflow/.local/lib/python3.8/site-packages/airflow/example_dags/example_latest_only_with_trigger.py
[2026-06-07T16:06:17.995+0000] {processor.py:829} INFO - Processing file /home/airflow/.local/lib/python3.8/site-packages/airflow/example_dags/example_latest_only_with_trigger.py for tasks to queue
[2026-06-07T16:06:17.998+0000] {logging_mixin.py:154} INFO - [2026-06-07T16:06:17.998+0000] {dagbag.py:536} INFO - Filling up the DagBag from /home/airflow/.local/lib/python3.8/site-packages/airflow/example_dags/example_latest_only_with_trigger.py
[2026-06-07T16:06:18.005+0000] {processor.py:839} INFO - DAG(s) dict_keys(['latest_only_with_trigger']) retrieved from /home/airflow/.local/lib/python3.8/site-packages/airflow/example_dags/example_latest_only_with_trigger.py
[2026-06-07T16:06:18.030+0000] {logging_mixin.py:154} INFO - [2026-06-07T16:06:18.029+0000] {dag.py:2941} INFO - Sync 1 DAGs
[2026-06-07T16:06:18.080+0000] {logging_mixin.py:154} INFO - [2026-06-07T16:06:18.080+0000] {dag.py:3722} INFO - Setting next_dagrun for latest_only_with_trigger to 2026-06-07T12:06:18.079756+00:00, run_after=2026-06-07T16:06:18.079756+00:00
[2026-06-07T16:06:18.106+0000] {processor.py:179} INFO - Processing /home/airflow/.local/lib/python3.8/site-packages/airflow/example_dags/example_latest_only_with_trigger.py took 0.118 seconds
[2026-06-07T16:06:48.132+0000] {processor.py:157} INFO - Started process (PID=6413) to work on /home/airflow/.local/lib/python3.8/site-packages/airflow/example_dags/example_latest_only_with_trigger.py
[2026-06-07T16:06:48.133+0000] {processor.py:829} INFO - Processing file /home/airflow/.local/lib/python3.8/site-packages/airflow/example_dags/example_latest_only_with_trigger.py for tasks to queue
[2026-06-07T16:06:48.138+0000] {logging_mixin.py:154} INFO - [2026-06-07T16:06:48.138+0000] {dagbag.py:536} INFO - Filling up the DagBag from /home/airflow/.local/lib/python3.8/site-packages/airflow/example_dags/example_latest_only_with_trigger.py
[2026-06-07T16:06:48.145+0000] {processor.py:839} INFO - DAG(s) dict_keys(['latest_only_with_trigger']) retrieved from /home/airflow/.local/lib/python3.8/site-packages/airflow/example_dags/example_latest_only_with_trigger.py
[2026-06-07T16:06:48.172+0000] {logging_mixin.py:154} INFO - [2026-06-07T16:06:48.172+0000] {dag.py:2941} INFO - Sync 1 DAGs
[2026-06-07T16:06:48.197+0000] {logging_mixin.py:154} INFO - [2026-06-07T16:06:48.197+0000] {dag.py:3722} INFO - Setting next_dagrun for latest_only_with_trigger to 2026-06-07T12:06:48.196902+00:00, run_after=2026-06-07T16:06:48.196902+00:00
[2026-06-07T16:06:48.217+0000] {processor.py:179} INFO - Processing /home/airflow/.local/lib/python3.8/site-packages/airflow/example_dags/example_latest_only_with_trigger.py took 0.090 seconds
[2026-06-07T16:07:18.971+0000] {processor.py:157} INFO - Started process (PID=6468) to work on /home/airflow/.local/lib/python3.8/site-packages/airflow/example_dags/example_latest_only_with_trigger.py
[2026-06-07T16:07:18.973+0000] {processor.py:829} INFO - Processing file /home/airflow/.local/lib/python3.8/site-packages/airflow/example_dags/example_latest_only_with_trigger.py for tasks to queue
[2026-06-07T16:07:18.997+0000] {logging_mixin.py:154} INFO - [2026-06-07T16:07:18.997+0000] {dagbag.py:536} INFO - Filling up the DagBag from /home/airflow/.local/lib/python3.8/site-packages/airflow/example_dags/example_latest_only_with_trigger.py
[2026-06-07T16:07:19.037+0000] {processor.py:839} INFO - DAG(s) dict_keys(['latest_only_with_trigger']) retrieved from /home/airflow/.local/lib/python3.8/site-packages/airflow/example_dags/example_latest_only_with_trigger.py
[2026-06-07T16:07:19.092+0000] {logging_mixin.py:154} INFO - [2026-06-07T16:07:19.091+0000] {dag.py:2941} INFO - Sync 1 DAGs
[2026-06-07T16:07:19.151+0000] {logging_mixin.py:154} INFO - [2026-06-07T16:07:19.151+0000] {dag.py:3722} INFO - Setting next_dagrun for latest_only_with_trigger to 2026-06-07T12:07:19.151260+00:00, run_after=2026-06-07T16:07:19.151260+00:00
[2026-06-07T16:07:19.203+0000] {processor.py:179} INFO - Processing /home/airflow/.local/lib/python3.8/site-packages/airflow/example_dags/example_latest_only_with_trigger.py took 0.238 seconds
[2026-06-07T16:07:50.121+0000] {processor.py:157} INFO - Started process (PID=6521) to work on /home/airflow/.local/lib/python3.8/site-packages/airflow/example_dags/example_latest_only_with_trigger.py
[2026-06-07T16:07:50.129+0000] {processor.py:829} INFO - Processing file /home/airflow/.local/lib/python3.8/site-packages/airflow/example_dags/example_latest_only_with_trigger.py for tasks to queue
[2026-06-07T16:07:50.135+0000] {logging_mixin.py:154} INFO - [2026-06-07T16:07:50.134+0000] {dagbag.py:536} INFO - Filling up the DagBag from /home/airflow/.local/lib/python3.8/site-packages/airflow/example_dags/example_latest_only_with_trigger.py
[2026-06-07T16:07:50.143+0000] {processor.py:839} INFO - DAG(s) dict_keys(['latest_only_with_trigger']) retrieved from /home/airflow/.local/lib/python3.8/site-packages/airflow/example_dags/example_latest_only_with_trigger.py
[2026-06-07T16:07:50.214+0000] {logging_mixin.py:154} INFO - [2026-06-07T16:07:50.214+0000] {dag.py:2941} INFO - Sync 1 DAGs
[2026-06-07T16:07:50.285+0000] {logging_mixin.py:154} INFO - [2026-06-07T16:07:50.284+0000] {dag.py:3722} INFO - Setting next_dagrun for latest_only_with_trigger to 2026-06-07T12:07:50.284551+00:00, run_after=2026-06-07T16:07:50.284551+00:00
[2026-06-07T16:07:50.332+0000] {processor.py:179} INFO - Processing /home/airflow/.local/lib/python3.8/site-packages/airflow/example_dags/example_latest_only_with_trigger.py took 0.220 seconds
[2026-06-07T16:08:20.403+0000] {processor.py:157} INFO - Started process (PID=6575) to work on /home/airflow/.local/lib/python3.8/site-packages/airflow/example_dags/example_latest_only_with_trigger.py
[2026-06-07T16:08:20.404+0000] {processor.py:829} INFO - Processing file /home/airflow/.local/lib/python3.8/site-packages/airflow/example_dags/example_latest_only_with_trigger.py for tasks to queue
[2026-06-07T16:08:20.412+0000] {logging_mixin.py:154} INFO - [2026-06-07T16:08:20.412+0000] {dagbag.py:536} INFO - Filling up the DagBag from /home/airflow/.local/lib/python3.8/site-packages/airflow/example_dags/example_latest_only_with_trigger.py
[2026-06-07T16:08:20.421+0000] {processor.py:839} INFO - DAG(s) dict_keys(['latest_only_with_trigger']) retrieved from /home/airflow/.local/lib/python3.8/site-packages/airflow/example_dags/example_latest_only_with_trigger.py
[2026-06-07T16:08:20.453+0000] {logging_mixin.py:154} INFO - [2026-06-07T16:08:20.453+0000] {dag.py:2941} INFO - Sync 1 DAGs
[2026-06-07T16:08:20.489+0000] {logging_mixin.py:154} INFO - [2026-06-07T16:08:20.489+0000] {dag.py:3722} INFO - Setting next_dagrun for latest_only_with_trigger to 2026-06-07T12:08:20.488812+00:00, run_after=2026-06-07T16:08:20.488812+00:00
[2026-06-07T16:08:20.515+0000] {processor.py:179} INFO - Processing /home/airflow/.local/lib/python3.8/site-packages/airflow/example_dags/example_latest_only_with_trigger.py took 0.133 seconds
[2026-06-07T16:08:51.072+0000] {processor.py:157} INFO - Started process (PID=6627) to work on /home/airflow/.local/lib/python3.8/site-packages/airflow/example_dags/example_latest_only_with_trigger.py
[2026-06-07T16:08:51.079+0000] {processor.py:829} INFO - Processing file /home/airflow/.local/lib/python3.8/site-packages/airflow/example_dags/example_latest_only_with_trigger.py for tasks to queue
[2026-06-07T16:08:51.084+0000] {logging_mixin.py:154} INFO - [2026-06-07T16:08:51.083+0000] {dagbag.py:536} INFO - Filling up the DagBag from /home/airflow/.local/lib/python3.8/site-packages/airflow/example_dags/example_latest_only_with_trigger.py
[2026-06-07T16:08:51.113+0000] {processor.py:839} INFO - DAG(s) dict_keys(['latest_only_with_trigger']) retrieved from /home/airflow/.local/lib/python3.8/site-packages/airflow/example_dags/example_latest_only_with_trigger.py
[2026-06-07T16:08:51.165+0000] {logging_mixin.py:154} INFO - [2026-06-07T16:08:51.165+0000] {dag.py:2941} INFO - Sync 1 DAGs
[2026-06-07T16:08:51.246+0000] {logging_mixin.py:154} INFO - [2026-06-07T16:08:51.245+0000] {dag.py:3722} INFO - Setting next_dagrun for latest_only_with_trigger to 2026-06-07T12:08:51.245510+00:00, run_after=2026-06-07T16:08:51.245510+00:00
[2026-06-07T16:08:51.330+0000] {processor.py:179} INFO - Processing /home/airflow/.local/lib/python3.8/site-packages/airflow/example_dags/example_latest_only_with_trigger.py took 0.263 seconds
[2026-06-07T16:09:21.505+0000] {processor.py:157} INFO - Started process (PID=6679) to work on /home/airflow/.local/lib/python3.8/site-packages/airflow/example_dags/example_latest_only_with_trigger.py
[2026-06-07T16:09:21.511+0000] {processor.py:829} INFO - Processing file /home/airflow/.local/lib/python3.8/site-packages/airflow/example_dags/example_latest_only_with_trigger.py for tasks to queue
[2026-06-07T16:09:21.514+0000] {logging_mixin.py:154} INFO - [2026-06-07T16:09:21.514+0000] {dagbag.py:536} INFO - Filling up the DagBag from /home/airflow/.local/lib/python3.8/site-packages/airflow/example_dags/example_latest_only_with_trigger.py
[2026-06-07T16:09:21.522+0000] {processor.py:839} INFO - DAG(s) dict_keys(['latest_only_with_trigger']) retrieved from /home/airflow/.local/lib/python3.8/site-packages/airflow/example_dags/example_latest_only_with_trigger.py
[2026-06-07T16:09:21.573+0000] {logging_mixin.py:154} INFO - [2026-06-07T16:09:21.573+0000] {dag.py:2941} INFO - Sync 1 DAGs
[2026-06-07T16:09:21.663+0000] {logging_mixin.py:154} INFO - [2026-06-07T16:09:21.663+0000] {dag.py:3722} INFO - Setting next_dagrun for latest_only_with_trigger to 2026-06-07T12:09:21.663299+00:00, run_after=2026-06-07T16:09:21.663299+00:00
[2026-06-07T16:09:21.738+0000] {processor.py:179} INFO - Processing /home/airflow/.local/lib/python3.8/site-packages/airflow/example_dags/example_latest_only_with_trigger.py took 0.242 seconds
[2026-06-07T16:09:52.272+0000] {processor.py:157} INFO - Started process (PID=6732) to work on /home/airflow/.local/lib/python3.8/site-packages/airflow/example_dags/example_latest_only_with_trigger.py
[2026-06-07T16:09:52.293+0000] {processor.py:829} INFO - Processing file /home/airflow/.local/lib/python3.8/site-packages/airflow/example_dags/example_latest_only_with_trigger.py for tasks to queue
[2026-06-07T16:09:52.305+0000] {logging_mixin.py:154} INFO - [2026-06-07T16:09:52.305+0000] {dagbag.py:536} INFO - Filling up the DagBag from /home/airflow/.local/lib/python3.8/site-packages/airflow/example_dags/example_latest_only_with_trigger.py
[2026-06-07T16:09:52.316+0000] {processor.py:839} INFO - DAG(s) dict_keys(['latest_only_with_trigger']) retrieved from /home/airflow/.local/lib/python3.8/site-packages/airflow/example_dags/example_latest_only_with_trigger.py
[2026-06-07T16:09:52.377+0000] {logging_mixin.py:154} INFO - [2026-06-07T16:09:52.377+0000] {dag.py:2941} INFO - Sync 1 DAGs
[2026-06-07T16:09:52.439+0000] {logging_mixin.py:154} INFO - [2026-06-07T16:09:52.439+0000] {dag.py:3722} INFO - Setting next_dagrun for latest_only_with_trigger to 2026-06-07T12:09:52.438890+00:00, run_after=2026-06-07T16:09:52.438890+00:00
[2026-06-07T16:09:52.467+0000] {processor.py:179} INFO - Processing /home/airflow/.local/lib/python3.8/site-packages/airflow/example_dags/example_latest_only_with_trigger.py took 0.200 seconds
[2026-06-07T16:10:22.965+0000] {processor.py:157} INFO - Started process (PID=6786) to work on /home/airflow/.local/lib/python3.8/site-packages/airflow/example_dags/example_latest_only_with_trigger.py
[2026-06-07T16:10:22.967+0000] {processor.py:829} INFO - Processing file /home/airflow/.local/lib/python3.8/site-packages/airflow/example_dags/example_latest_only_with_trigger.py for tasks to queue
[2026-06-07T16:10:22.971+0000] {logging_mixin.py:154} INFO - [2026-06-07T16:10:22.971+0000] {dagbag.py:536} INFO - Filling up the DagBag from /home/airflow/.local/lib/python3.8/site-packages/airflow/example_dags/example_latest_only_with_trigger.py
[2026-06-07T16:10:22.979+0000] {processor.py:839} INFO - DAG(s) dict_keys(['latest_only_with_trigger']) retrieved from /home/airflow/.local/lib/python3.8/site-packages/airflow/example_dags/example_latest_only_with_trigger.py
[2026-06-07T16:10:23.011+0000] {logging_mixin.py:154} INFO - [2026-06-07T16:10:23.010+0000] {dag.py:2941} INFO - Sync 1 DAGs
[2026-06-07T16:10:23.045+0000] {logging_mixin.py:154} INFO - [2026-06-07T16:10:23.045+0000] {dag.py:3722} INFO - Setting next_dagrun for latest_only_with_trigger to 2026-06-07T12:10:23.044655+00:00, run_after=2026-06-07T16:10:23.044655+00:00
[2026-06-07T16:10:23.070+0000] {processor.py:179} INFO - Processing /home/airflow/.local/lib/python3.8/site-packages/airflow/example_dags/example_latest_only_with_trigger.py took 0.110 seconds
[2026-06-07T16:10:54.062+0000] {processor.py:157} INFO - Started process (PID=6841) to work on /home/airflow/.local/lib/python3.8/site-packages/airflow/example_dags/example_latest_only_with_trigger.py
[2026-06-07T16:10:54.063+0000] {processor.py:829} INFO - Processing file /home/airflow/.local/lib/python3.8/site-packages/airflow/example_dags/example_latest_only_with_trigger.py for tasks to queue
[2026-06-07T16:10:54.072+0000] {logging_mixin.py:154} INFO - [2026-06-07T16:10:54.072+0000] {dagbag.py:536} INFO - Filling up the DagBag from /home/airflow/.local/lib/python3.8/site-packages/airflow/example_dags/example_latest_only_with_trigger.py
[2026-06-07T16:10:54.098+0000] {processor.py:839} INFO - DAG(s) dict_keys(['latest_only_with_trigger']) retrieved from /home/airflow/.local/lib/python3.8/site-packages/airflow/example_dags/example_latest_only_with_trigger.py
[2026-06-07T16:10:54.157+0000] {logging_mixin.py:154} INFO - [2026-06-07T16:10:54.156+0000] {dag.py:2941} INFO - Sync 1 DAGs
[2026-06-07T16:10:54.248+0000] {logging_mixin.py:154} INFO - [2026-06-07T16:10:54.248+0000] {dag.py:3722} INFO - Setting next_dagrun for latest_only_with_trigger to 2026-06-07T12:10:54.247681+00:00, run_after=2026-06-07T16:10:54.247681+00:00
[2026-06-07T16:10:54.289+0000] {processor.py:179} INFO - Processing /home/airflow/.local/lib/python3.8/site-packages/airflow/example_dags/example_latest_only_with_trigger.py took 0.239 seconds
[2026-06-07T16:11:25.002+0000] {processor.py:157} INFO - Started process (PID=6895) to work on /home/airflow/.local/lib/python3.8/site-packages/airflow/example_dags/example_latest_only_with_trigger.py
[2026-06-07T16:11:25.004+0000] {processor.py:829} INFO - Processing file /home/airflow/.local/lib/python3.8/site-packages/airflow/example_dags/example_latest_only_with_trigger.py for tasks to queue
[2026-06-07T16:11:25.008+0000] {logging_mixin.py:154} INFO - [2026-06-07T16:11:25.007+0000] {dagbag.py:536} INFO - Filling up the DagBag from /home/airflow/.local/lib/python3.8/site-packages/airflow/example_dags/example_latest_only_with_trigger.py
[2026-06-07T16:11:25.016+0000] {processor.py:839} INFO - DAG(s) dict_keys(['latest_only_with_trigger']) retrieved from /home/airflow/.local/lib/python3.8/site-packages/airflow/example_dags/example_latest_only_with_trigger.py
[2026-06-07T16:11:25.052+0000] {logging_mixin.py:154} INFO - [2026-06-07T16:11:25.052+0000] {dag.py:2941} INFO - Sync 1 DAGs
[2026-06-07T16:11:25.088+0000] {logging_mixin.py:154} INFO - [2026-06-07T16:11:25.087+0000] {dag.py:3722} INFO - Setting next_dagrun for latest_only_with_trigger to 2026-06-07T12:11:25.087402+00:00, run_after=2026-06-07T16:11:25.087402+00:00
[2026-06-07T16:11:25.146+0000] {processor.py:179} INFO - Processing /home/airflow/.local/lib/python3.8/site-packages/airflow/example_dags/example_latest_only_with_trigger.py took 0.152 seconds
[2026-06-07T16:11:55.918+0000] {processor.py:157} INFO - Started process (PID=6949) to work on /home/airflow/.local/lib/python3.8/site-packages/airflow/example_dags/example_latest_only_with_trigger.py
[2026-06-07T16:11:55.920+0000] {processor.py:829} INFO - Processing file /home/airflow/.local/lib/python3.8/site-packages/airflow/example_dags/example_latest_only_with_trigger.py for tasks to queue
[2026-06-07T16:11:55.924+0000] {logging_mixin.py:154} INFO - [2026-06-07T16:11:55.923+0000] {dagbag.py:536} INFO - Filling up the DagBag from /home/airflow/.local/lib/python3.8/site-packages/airflow/example_dags/example_latest_only_with_trigger.py
[2026-06-07T16:11:55.931+0000] {processor.py:839} INFO - DAG(s) dict_keys(['latest_only_with_trigger']) retrieved from /home/airflow/.local/lib/python3.8/site-packages/airflow/example_dags/example_latest_only_with_trigger.py
[2026-06-07T16:11:55.963+0000] {logging_mixin.py:154} INFO - [2026-06-07T16:11:55.963+0000] {dag.py:2941} INFO - Sync 1 DAGs
[2026-06-07T16:11:55.997+0000] {logging_mixin.py:154} INFO - [2026-06-07T16:11:55.997+0000] {dag.py:3722} INFO - Setting next_dagrun for latest_only_with_trigger to 2026-06-07T12:11:55.996760+00:00, run_after=2026-06-07T16:11:55.996760+00:00
[2026-06-07T16:11:56.024+0000] {processor.py:179} INFO - Processing /home/airflow/.local/lib/python3.8/site-packages/airflow/example_dags/example_latest_only_with_trigger.py took 0.111 seconds
[2026-06-07T16:12:26.354+0000] {processor.py:157} INFO - Started process (PID=7003) to work on /home/airflow/.local/lib/python3.8/site-packages/airflow/example_dags/example_latest_only_with_trigger.py
[2026-06-07T16:12:26.356+0000] {processor.py:829} INFO - Processing file /home/airflow/.local/lib/python3.8/site-packages/airflow/example_dags/example_latest_only_with_trigger.py for tasks to queue
[2026-06-07T16:12:26.359+0000] {logging_mixin.py:154} INFO - [2026-06-07T16:12:26.359+0000] {dagbag.py:536} INFO - Filling up the DagBag from /home/airflow/.local/lib/python3.8/site-packages/airflow/example_dags/example_latest_only_with_trigger.py
[2026-06-07T16:12:26.367+0000] {processor.py:839} INFO - DAG(s) dict_keys(['latest_only_with_trigger']) retrieved from /home/airflow/.local/lib/python3.8/site-packages/airflow/example_dags/example_latest_only_with_trigger.py
[2026-06-07T16:12:26.399+0000] {logging_mixin.py:154} INFO - [2026-06-07T16:12:26.398+0000] {dag.py:2941} INFO - Sync 1 DAGs
[2026-06-07T16:12:26.433+0000] {logging_mixin.py:154} INFO - [2026-06-07T16:12:26.433+0000] {dag.py:3722} INFO - Setting next_dagrun for latest_only_with_trigger to 2026-06-07T12:12:26.432608+00:00, run_after=2026-06-07T16:12:26.432608+00:00
[2026-06-07T16:12:26.470+0000] {processor.py:179} INFO - Processing /home/airflow/.local/lib/python3.8/site-packages/airflow/example_dags/example_latest_only_with_trigger.py took 0.121 seconds
[2026-06-07T16:12:56.611+0000] {processor.py:157} INFO - Started process (PID=7057) to work on /home/airflow/.local/lib/python3.8/site-packages/airflow/example_dags/example_latest_only_with_trigger.py
[2026-06-07T16:12:56.620+0000] {processor.py:829} INFO - Processing file /home/airflow/.local/lib/python3.8/site-packages/airflow/example_dags/example_latest_only_with_trigger.py for tasks to queue
[2026-06-07T16:12:56.625+0000] {logging_mixin.py:154} INFO - [2026-06-07T16:12:56.624+0000] {dagbag.py:536} INFO - Filling up the DagBag from /home/airflow/.local/lib/python3.8/site-packages/airflow/example_dags/example_latest_only_with_trigger.py
[2026-06-07T16:12:56.644+0000] {processor.py:839} INFO - DAG(s) dict_keys(['latest_only_with_trigger']) retrieved from /home/airflow/.local/lib/python3.8/site-packages/airflow/example_dags/example_latest_only_with_trigger.py
[2026-06-07T16:12:56.693+0000] {logging_mixin.py:154} INFO - [2026-06-07T16:12:56.692+0000] {dag.py:2941} INFO - Sync 1 DAGs
[2026-06-07T16:12:56.729+0000] {logging_mixin.py:154} INFO - [2026-06-07T16:12:56.729+0000] {dag.py:3722} INFO - Setting next_dagrun for latest_only_with_trigger to 2026-06-07T12:12:56.728960+00:00, run_after=2026-06-07T16:12:56.728960+00:00
[2026-06-07T16:12:56.784+0000] {processor.py:179} INFO - Processing /home/airflow/.local/lib/python3.8/site-packages/airflow/example_dags/example_latest_only_with_trigger.py took 0.182 seconds
[2026-06-07T16:13:27.671+0000] {processor.py:157} INFO - Started process (PID=7111) to work on /home/airflow/.local/lib/python3.8/site-packages/airflow/example_dags/example_latest_only_with_trigger.py
[2026-06-07T16:13:27.674+0000] {processor.py:829} INFO - Processing file /home/airflow/.local/lib/python3.8/site-packages/airflow/example_dags/example_latest_only_with_trigger.py for tasks to queue
[2026-06-07T16:13:27.686+0000] {logging_mixin.py:154} INFO - [2026-06-07T16:13:27.686+0000] {dagbag.py:536} INFO - Filling up the DagBag from /home/airflow/.local/lib/python3.8/site-packages/airflow/example_dags/example_latest_only_with_trigger.py
[2026-06-07T16:13:27.699+0000] {processor.py:839} INFO - DAG(s) dict_keys(['latest_only_with_trigger']) retrieved from /home/airflow/.local/lib/python3.8/site-packages/airflow/example_dags/example_latest_only_with_trigger.py
[2026-06-07T16:13:27.759+0000] {logging_mixin.py:154} INFO - [2026-06-07T16:13:27.759+0000] {dag.py:2941} INFO - Sync 1 DAGs
[2026-06-07T16:13:27.794+0000] {logging_mixin.py:154} INFO - [2026-06-07T16:13:27.794+0000] {dag.py:3722} INFO - Setting next_dagrun for latest_only_with_trigger to 2026-06-07T12:13:27.794197+00:00, run_after=2026-06-07T16:13:27.794197+00:00
[2026-06-07T16:13:27.820+0000] {processor.py:179} INFO - Processing /home/airflow/.local/lib/python3.8/site-packages/airflow/example_dags/example_latest_only_with_trigger.py took 0.154 seconds
[2026-06-07T16:13:57.948+0000] {processor.py:157} INFO - Started process (PID=7164) to work on /home/airflow/.local/lib/python3.8/site-packages/airflow/example_dags/example_latest_only_with_trigger.py
[2026-06-07T16:13:57.950+0000] {processor.py:829} INFO - Processing file /home/airflow/.local/lib/python3.8/site-packages/airflow/example_dags/example_latest_only_with_trigger.py for tasks to queue
[2026-06-07T16:13:57.953+0000] {logging_mixin.py:154} INFO - [2026-06-07T16:13:57.953+0000] {dagbag.py:536} INFO - Filling up the DagBag from /home/airflow/.local/lib/python3.8/site-packages/airflow/example_dags/example_latest_only_with_trigger.py
[2026-06-07T16:13:57.969+0000] {processor.py:839} INFO - DAG(s) dict_keys(['latest_only_with_trigger']) retrieved from /home/airflow/.local/lib/python3.8/site-packages/airflow/example_dags/example_latest_only_with_trigger.py
[2026-06-07T16:13:58.004+0000] {logging_mixin.py:154} INFO - [2026-06-07T16:13:58.003+0000] {dag.py:2941} INFO - Sync 1 DAGs
[2026-06-07T16:13:58.093+0000] {logging_mixin.py:154} INFO - [2026-06-07T16:13:58.093+0000] {dag.py:3722} INFO - Setting next_dagrun for latest_only_with_trigger to 2026-06-07T12:13:58.092989+00:00, run_after=2026-06-07T16:13:58.092989+00:00
[2026-06-07T16:13:58.186+0000] {processor.py:179} INFO - Processing /home/airflow/.local/lib/python3.8/site-packages/airflow/example_dags/example_latest_only_with_trigger.py took 0.243 seconds
[2026-06-07T16:14:28.531+0000] {processor.py:157} INFO - Started process (PID=7217) to work on /home/airflow/.local/lib/python3.8/site-packages/airflow/example_dags/example_latest_only_with_trigger.py
[2026-06-07T16:14:28.541+0000] {processor.py:829} INFO - Processing file /home/airflow/.local/lib/python3.8/site-packages/airflow/example_dags/example_latest_only_with_trigger.py for tasks to queue
[2026-06-07T16:14:28.578+0000] {logging_mixin.py:154} INFO - [2026-06-07T16:14:28.577+0000] {dagbag.py:536} INFO - Filling up the DagBag from /home/airflow/.local/lib/python3.8/site-packages/airflow/example_dags/example_latest_only_with_trigger.py
[2026-06-07T16:14:28.645+0000] {processor.py:839} INFO - DAG(s) dict_keys(['latest_only_with_trigger']) retrieved from /home/airflow/.local/lib/python3.8/site-packages/airflow/example_dags/example_latest_only_with_trigger.py
[2026-06-07T16:14:28.759+0000] {logging_mixin.py:154} INFO - [2026-06-07T16:14:28.759+0000] {dag.py:2941} INFO - Sync 1 DAGs
[2026-06-07T16:14:28.864+0000] {logging_mixin.py:154} INFO - [2026-06-07T16:14:28.863+0000] {dag.py:3722} INFO - Setting next_dagrun for latest_only_with_trigger to 2026-06-07T12:14:28.863375+00:00, run_after=2026-06-07T16:14:28.863375+00:00
[2026-06-07T16:14:28.942+0000] {processor.py:179} INFO - Processing /home/airflow/.local/lib/python3.8/site-packages/airflow/example_dags/example_latest_only_with_trigger.py took 0.480 seconds
[2026-06-07T16:14:59.376+0000] {processor.py:157} INFO - Started process (PID=7278) to work on /home/airflow/.local/lib/python3.8/site-packages/airflow/example_dags/example_latest_only_with_trigger.py
[2026-06-07T16:14:59.377+0000] {processor.py:829} INFO - Processing file /home/airflow/.local/lib/python3.8/site-packages/airflow/example_dags/example_latest_only_with_trigger.py for tasks to queue
[2026-06-07T16:14:59.394+0000] {logging_mixin.py:154} INFO - [2026-06-07T16:14:59.393+0000] {dagbag.py:536} INFO - Filling up the DagBag from /home/airflow/.local/lib/python3.8/site-packages/airflow/example_dags/example_latest_only_with_trigger.py
[2026-06-07T16:14:59.429+0000] {processor.py:839} INFO - DAG(s) dict_keys(['latest_only_with_trigger']) retrieved from /home/airflow/.local/lib/python3.8/site-packages/airflow/example_dags/example_latest_only_with_trigger.py
[2026-06-07T16:14:59.521+0000] {logging_mixin.py:154} INFO - [2026-06-07T16:14:59.521+0000] {dag.py:2941} INFO - Sync 1 DAGs
[2026-06-07T16:14:59.592+0000] {logging_mixin.py:154} INFO - [2026-06-07T16:14:59.591+0000] {dag.py:3722} INFO - Setting next_dagrun for latest_only_with_trigger to 2026-06-07T12:14:59.591485+00:00, run_after=2026-06-07T16:14:59.591485+00:00
[2026-06-07T16:14:59.652+0000] {processor.py:179} INFO - Processing /home/airflow/.local/lib/python3.8/site-packages/airflow/example_dags/example_latest_only_with_trigger.py took 0.293 seconds
[2026-06-07T16:15:29.787+0000] {processor.py:157} INFO - Started process (PID=7331) to work on /home/airflow/.local/lib/python3.8/site-packages/airflow/example_dags/example_latest_only_with_trigger.py
[2026-06-07T16:15:29.813+0000] {processor.py:829} INFO - Processing file /home/airflow/.local/lib/python3.8/site-packages/airflow/example_dags/example_latest_only_with_trigger.py for tasks to queue
[2026-06-07T16:15:29.822+0000] {logging_mixin.py:154} INFO - [2026-06-07T16:15:29.822+0000] {dagbag.py:536} INFO - Filling up the DagBag from /home/airflow/.local/lib/python3.8/site-packages/airflow/example_dags/example_latest_only_with_trigger.py
[2026-06-07T16:15:29.832+0000] {processor.py:839} INFO - DAG(s) dict_keys(['latest_only_with_trigger']) retrieved from /home/airflow/.local/lib/python3.8/site-packages/airflow/example_dags/example_latest_only_with_trigger.py
[2026-06-07T16:15:29.877+0000] {logging_mixin.py:154} INFO - [2026-06-07T16:15:29.877+0000] {dag.py:2941} INFO - Sync 1 DAGs
[2026-06-07T16:15:29.912+0000] {logging_mixin.py:154} INFO - [2026-06-07T16:15:29.912+0000] {dag.py:3722} INFO - Setting next_dagrun for latest_only_with_trigger to 2026-06-07T12:15:29.911688+00:00, run_after=2026-06-07T16:15:29.911688+00:00
[2026-06-07T16:15:29.937+0000] {processor.py:179} INFO - Processing /home/airflow/.local/lib/python3.8/site-packages/airflow/example_dags/example_latest_only_with_trigger.py took 0.155 seconds
[2026-06-07T16:16:00.784+0000] {processor.py:157} INFO - Started process (PID=7385) to work on /home/airflow/.local/lib/python3.8/site-packages/airflow/example_dags/example_latest_only_with_trigger.py
[2026-06-07T16:16:00.786+0000] {processor.py:829} INFO - Processing file /home/airflow/.local/lib/python3.8/site-packages/airflow/example_dags/example_latest_only_with_trigger.py for tasks to queue
[2026-06-07T16:16:00.791+0000] {logging_mixin.py:154} INFO - [2026-06-07T16:16:00.791+0000] {dagbag.py:536} INFO - Filling up the DagBag from /home/airflow/.local/lib/python3.8/site-packages/airflow/example_dags/example_latest_only_with_trigger.py
[2026-06-07T16:16:00.801+0000] {processor.py:839} INFO - DAG(s) dict_keys(['latest_only_with_trigger']) retrieved from /home/airflow/.local/lib/python3.8/site-packages/airflow/example_dags/example_latest_only_with_trigger.py
[2026-06-07T16:16:00.836+0000] {logging_mixin.py:154} INFO - [2026-06-07T16:16:00.836+0000] {dag.py:2941} INFO - Sync 1 DAGs
[2026-06-07T16:16:00.889+0000] {logging_mixin.py:154} INFO - [2026-06-07T16:16:00.889+0000] {dag.py:3722} INFO - Setting next_dagrun for latest_only_with_trigger to 2026-06-07T12:16:00.888934+00:00, run_after=2026-06-07T16:16:00.888934+00:00
[2026-06-07T16:16:00.914+0000] {processor.py:179} INFO - Processing /home/airflow/.local/lib/python3.8/site-packages/airflow/example_dags/example_latest_only_with_trigger.py took 0.135 seconds
[2026-06-07T16:16:31.523+0000] {processor.py:157} INFO - Started process (PID=7439) to work on /home/airflow/.local/lib/python3.8/site-packages/airflow/example_dags/example_latest_only_with_trigger.py
[2026-06-07T16:16:31.525+0000] {processor.py:829} INFO - Processing file /home/airflow/.local/lib/python3.8/site-packages/airflow/example_dags/example_latest_only_with_trigger.py for tasks to queue
[2026-06-07T16:16:31.528+0000] {logging_mixin.py:154} INFO - [2026-06-07T16:16:31.528+0000] {dagbag.py:536} INFO - Filling up the DagBag from /home/airflow/.local/lib/python3.8/site-packages/airflow/example_dags/example_latest_only_with_trigger.py
[2026-06-07T16:16:31.538+0000] {processor.py:839} INFO - DAG(s) dict_keys(['latest_only_with_trigger']) retrieved from /home/airflow/.local/lib/python3.8/site-packages/airflow/example_dags/example_latest_only_with_trigger.py
[2026-06-07T16:16:31.569+0000] {logging_mixin.py:154} INFO - [2026-06-07T16:16:31.569+0000] {dag.py:2941} INFO - Sync 1 DAGs
[2026-06-07T16:16:31.604+0000] {logging_mixin.py:154} INFO - [2026-06-07T16:16:31.603+0000] {dag.py:3722} INFO - Setting next_dagrun for latest_only_with_trigger to 2026-06-07T12:16:31.603367+00:00, run_after=2026-06-07T16:16:31.603367+00:00
[2026-06-07T16:16:31.627+0000] {processor.py:179} INFO - Processing /home/airflow/.local/lib/python3.8/site-packages/airflow/example_dags/example_latest_only_with_trigger.py took 0.108 seconds
[2026-06-07T16:17:02.115+0000] {processor.py:157} INFO - Started process (PID=7493) to work on /home/airflow/.local/lib/python3.8/site-packages/airflow/example_dags/example_latest_only_with_trigger.py
[2026-06-07T16:17:02.117+0000] {processor.py:829} INFO - Processing file /home/airflow/.local/lib/python3.8/site-packages/airflow/example_dags/example_latest_only_with_trigger.py for tasks to queue
[2026-06-07T16:17:02.120+0000] {logging_mixin.py:154} INFO - [2026-06-07T16:17:02.120+0000] {dagbag.py:536} INFO - Filling up the DagBag from /home/airflow/.local/lib/python3.8/site-packages/airflow/example_dags/example_latest_only_with_trigger.py
[2026-06-07T16:17:02.129+0000] {processor.py:839} INFO - DAG(s) dict_keys(['latest_only_with_trigger']) retrieved from /home/airflow/.local/lib/python3.8/site-packages/airflow/example_dags/example_latest_only_with_trigger.py
[2026-06-07T16:17:02.160+0000] {logging_mixin.py:154} INFO - [2026-06-07T16:17:02.159+0000] {dag.py:2941} INFO - Sync 1 DAGs
[2026-06-07T16:17:02.194+0000] {logging_mixin.py:154} INFO - [2026-06-07T16:17:02.193+0000] {dag.py:3722} INFO - Setting next_dagrun for latest_only_with_trigger to 2026-06-07T12:17:02.193365+00:00, run_after=2026-06-07T16:17:02.193365+00:00
[2026-06-07T16:17:02.219+0000] {processor.py:179} INFO - Processing /home/airflow/.local/lib/python3.8/site-packages/airflow/example_dags/example_latest_only_with_trigger.py took 0.109 seconds
[2026-06-07T16:17:32.465+0000] {processor.py:157} INFO - Started process (PID=7547) to work on /home/airflow/.local/lib/python3.8/site-packages/airflow/example_dags/example_latest_only_with_trigger.py
[2026-06-07T16:17:32.469+0000] {processor.py:829} INFO - Processing file /home/airflow/.local/lib/python3.8/site-packages/airflow/example_dags/example_latest_only_with_trigger.py for tasks to queue
[2026-06-07T16:17:32.473+0000] {logging_mixin.py:154} INFO - [2026-06-07T16:17:32.472+0000] {dagbag.py:536} INFO - Filling up the DagBag from /home/airflow/.local/lib/python3.8/site-packages/airflow/example_dags/example_latest_only_with_trigger.py
[2026-06-07T16:17:32.495+0000] {processor.py:839} INFO - DAG(s) dict_keys(['latest_only_with_trigger']) retrieved from /home/airflow/.local/lib/python3.8/site-packages/airflow/example_dags/example_latest_only_with_trigger.py
[2026-06-07T16:17:32.528+0000] {logging_mixin.py:154} INFO - [2026-06-07T16:17:32.528+0000] {dag.py:2941} INFO - Sync 1 DAGs
[2026-06-07T16:17:32.578+0000] {logging_mixin.py:154} INFO - [2026-06-07T16:17:32.578+0000] {dag.py:3722} INFO - Setting next_dagrun for latest_only_with_trigger to 2026-06-07T12:17:32.578061+00:00, run_after=2026-06-07T16:17:32.578061+00:00
[2026-06-07T16:17:32.635+0000] {processor.py:179} INFO - Processing /home/airflow/.local/lib/python3.8/site-packages/airflow/example_dags/example_latest_only_with_trigger.py took 0.176 seconds
[2026-06-07T16:18:03.326+0000] {processor.py:157} INFO - Started process (PID=7602) to work on /home/airflow/.local/lib/python3.8/site-packages/airflow/example_dags/example_latest_only_with_trigger.py
[2026-06-07T16:18:03.327+0000] {processor.py:829} INFO - Processing file /home/airflow/.local/lib/python3.8/site-packages/airflow/example_dags/example_latest_only_with_trigger.py for tasks to queue
[2026-06-07T16:18:03.344+0000] {logging_mixin.py:154} INFO - [2026-06-07T16:18:03.344+0000] {dagbag.py:536} INFO - Filling up the DagBag from /home/airflow/.local/lib/python3.8/site-packages/airflow/example_dags/example_latest_only_with_trigger.py
[2026-06-07T16:18:03.373+0000] {processor.py:839} INFO - DAG(s) dict_keys(['latest_only_with_trigger']) retrieved from /home/airflow/.local/lib/python3.8/site-packages/airflow/example_dags/example_latest_only_with_trigger.py
[2026-06-07T16:18:03.453+0000] {logging_mixin.py:154} INFO - [2026-06-07T16:18:03.453+0000] {dag.py:2941} INFO - Sync 1 DAGs
[2026-06-07T16:18:03.715+0000] {logging_mixin.py:154} INFO - [2026-06-07T16:18:03.715+0000] {dag.py:3722} INFO - Setting next_dagrun for latest_only_with_trigger to 2026-06-07T12:18:03.714723+00:00, run_after=2026-06-07T16:18:03.714723+00:00
[2026-06-07T16:18:03.907+0000] {processor.py:179} INFO - Processing /home/airflow/.local/lib/python3.8/site-packages/airflow/example_dags/example_latest_only_with_trigger.py took 0.610 seconds
[2026-06-07T16:18:34.852+0000] {processor.py:157} INFO - Started process (PID=7656) to work on /home/airflow/.local/lib/python3.8/site-packages/airflow/example_dags/example_latest_only_with_trigger.py
[2026-06-07T16:18:34.854+0000] {processor.py:829} INFO - Processing file /home/airflow/.local/lib/python3.8/site-packages/airflow/example_dags/example_latest_only_with_trigger.py for tasks to queue
[2026-06-07T16:18:34.858+0000] {logging_mixin.py:154} INFO - [2026-06-07T16:18:34.858+0000] {dagbag.py:536} INFO - Filling up the DagBag from /home/airflow/.local/lib/python3.8/site-packages/airflow/example_dags/example_latest_only_with_trigger.py
[2026-06-07T16:18:34.867+0000] {processor.py:839} INFO - DAG(s) dict_keys(['latest_only_with_trigger']) retrieved from /home/airflow/.local/lib/python3.8/site-packages/airflow/example_dags/example_latest_only_with_trigger.py
[2026-06-07T16:18:34.900+0000] {logging_mixin.py:154} INFO - [2026-06-07T16:18:34.899+0000] {dag.py:2941} INFO - Sync 1 DAGs
[2026-06-07T16:18:34.936+0000] {logging_mixin.py:154} INFO - [2026-06-07T16:18:34.936+0000] {dag.py:3722} INFO - Setting next_dagrun for latest_only_with_trigger to 2026-06-07T12:18:34.935808+00:00, run_after=2026-06-07T16:18:34.935808+00:00
[2026-06-07T16:18:34.965+0000] {processor.py:179} INFO - Processing /home/airflow/.local/lib/python3.8/site-packages/airflow/example_dags/example_latest_only_with_trigger.py took 0.117 seconds
[2026-06-07T16:19:05.407+0000] {processor.py:157} INFO - Started process (PID=7710) to work on /home/airflow/.local/lib/python3.8/site-packages/airflow/example_dags/example_latest_only_with_trigger.py
[2026-06-07T16:19:05.411+0000] {processor.py:829} INFO - Processing file /home/airflow/.local/lib/python3.8/site-packages/airflow/example_dags/example_latest_only_with_trigger.py for tasks to queue
[2026-06-07T16:19:05.415+0000] {logging_mixin.py:154} INFO - [2026-06-07T16:19:05.414+0000] {dagbag.py:536} INFO - Filling up the DagBag from /home/airflow/.local/lib/python3.8/site-packages/airflow/example_dags/example_latest_only_with_trigger.py
[2026-06-07T16:19:05.425+0000] {processor.py:839} INFO - DAG(s) dict_keys(['latest_only_with_trigger']) retrieved from /home/airflow/.local/lib/python3.8/site-packages/airflow/example_dags/example_latest_only_with_trigger.py
[2026-06-07T16:19:05.461+0000] {logging_mixin.py:154} INFO - [2026-06-07T16:19:05.461+0000] {dag.py:2941} INFO - Sync 1 DAGs
[2026-06-07T16:19:05.496+0000] {logging_mixin.py:154} INFO - [2026-06-07T16:19:05.495+0000] {dag.py:3722} INFO - Setting next_dagrun for latest_only_with_trigger to 2026-06-07T12:19:05.495577+00:00, run_after=2026-06-07T16:19:05.495577+00:00
[2026-06-07T16:19:05.521+0000] {processor.py:179} INFO - Processing /home/airflow/.local/lib/python3.8/site-packages/airflow/example_dags/example_latest_only_with_trigger.py took 0.138 seconds
[2026-06-07T16:19:35.575+0000] {processor.py:157} INFO - Started process (PID=7765) to work on /home/airflow/.local/lib/python3.8/site-packages/airflow/example_dags/example_latest_only_with_trigger.py
[2026-06-07T16:19:35.577+0000] {processor.py:829} INFO - Processing file /home/airflow/.local/lib/python3.8/site-packages/airflow/example_dags/example_latest_only_with_trigger.py for tasks to queue
[2026-06-07T16:19:35.581+0000] {logging_mixin.py:154} INFO - [2026-06-07T16:19:35.581+0000] {dagbag.py:536} INFO - Filling up the DagBag from /home/airflow/.local/lib/python3.8/site-packages/airflow/example_dags/example_latest_only_with_trigger.py
[2026-06-07T16:19:35.589+0000] {processor.py:839} INFO - DAG(s) dict_keys(['latest_only_with_trigger']) retrieved from /home/airflow/.local/lib/python3.8/site-packages/airflow/example_dags/example_latest_only_with_trigger.py
[2026-06-07T16:19:35.624+0000] {logging_mixin.py:154} INFO - [2026-06-07T16:19:35.624+0000] {dag.py:2941} INFO - Sync 1 DAGs
[2026-06-07T16:19:35.659+0000] {logging_mixin.py:154} INFO - [2026-06-07T16:19:35.659+0000] {dag.py:3722} INFO - Setting next_dagrun for latest_only_with_trigger to 2026-06-07T12:19:35.659143+00:00, run_after=2026-06-07T16:19:35.659143+00:00
[2026-06-07T16:19:35.701+0000] {processor.py:179} INFO - Processing /home/airflow/.local/lib/python3.8/site-packages/airflow/example_dags/example_latest_only_with_trigger.py took 0.132 seconds
[2026-06-07T16:20:06.082+0000] {processor.py:157} INFO - Started process (PID=7818) to work on /home/airflow/.local/lib/python3.8/site-packages/airflow/example_dags/example_latest_only_with_trigger.py
[2026-06-07T16:20:06.084+0000] {processor.py:829} INFO - Processing file /home/airflow/.local/lib/python3.8/site-packages/airflow/example_dags/example_latest_only_with_trigger.py for tasks to queue
[2026-06-07T16:20:06.087+0000] {logging_mixin.py:154} INFO - [2026-06-07T16:20:06.087+0000] {dagbag.py:536} INFO - Filling up the DagBag from /home/airflow/.local/lib/python3.8/site-packages/airflow/example_dags/example_latest_only_with_trigger.py
[2026-06-07T16:20:06.097+0000] {processor.py:839} INFO - DAG(s) dict_keys(['latest_only_with_trigger']) retrieved from /home/airflow/.local/lib/python3.8/site-packages/airflow/example_dags/example_latest_only_with_trigger.py
[2026-06-07T16:20:06.141+0000] {logging_mixin.py:154} INFO - [2026-06-07T16:20:06.141+0000] {dag.py:2941} INFO - Sync 1 DAGs
[2026-06-07T16:20:06.175+0000] {logging_mixin.py:154} INFO - [2026-06-07T16:20:06.175+0000] {dag.py:3722} INFO - Setting next_dagrun for latest_only_with_trigger to 2026-06-07T12:20:06.175294+00:00, run_after=2026-06-07T16:20:06.175294+00:00
[2026-06-07T16:20:06.224+0000] {processor.py:179} INFO - Processing /home/airflow/.local/lib/python3.8/site-packages/airflow/example_dags/example_latest_only_with_trigger.py took 0.147 seconds
[2026-06-07T16:20:36.476+0000] {processor.py:157} INFO - Started process (PID=7872) to work on /home/airflow/.local/lib/python3.8/site-packages/airflow/example_dags/example_latest_only_with_trigger.py
[2026-06-07T16:20:36.496+0000] {processor.py:829} INFO - Processing file /home/airflow/.local/lib/python3.8/site-packages/airflow/example_dags/example_latest_only_with_trigger.py for tasks to queue
[2026-06-07T16:20:36.511+0000] {logging_mixin.py:154} INFO - [2026-06-07T16:20:36.510+0000] {dagbag.py:536} INFO - Filling up the DagBag from /home/airflow/.local/lib/python3.8/site-packages/airflow/example_dags/example_latest_only_with_trigger.py
[2026-06-07T16:20:36.530+0000] {processor.py:839} INFO - DAG(s) dict_keys(['latest_only_with_trigger']) retrieved from /home/airflow/.local/lib/python3.8/site-packages/airflow/example_dags/example_latest_only_with_trigger.py
[2026-06-07T16:20:36.599+0000] {logging_mixin.py:154} INFO - [2026-06-07T16:20:36.599+0000] {dag.py:2941} INFO - Sync 1 DAGs
[2026-06-07T16:20:36.713+0000] {logging_mixin.py:154} INFO - [2026-06-07T16:20:36.712+0000] {dag.py:3722} INFO - Setting next_dagrun for latest_only_with_trigger to 2026-06-07T12:20:36.712363+00:00, run_after=2026-06-07T16:20:36.712363+00:00
[2026-06-07T16:20:36.817+0000] {processor.py:179} INFO - Processing /home/airflow/.local/lib/python3.8/site-packages/airflow/example_dags/example_latest_only_with_trigger.py took 0.356 seconds
[2026-06-07T16:21:07.090+0000] {processor.py:157} INFO - Started process (PID=7926) to work on /home/airflow/.local/lib/python3.8/site-packages/airflow/example_dags/example_latest_only_with_trigger.py
[2026-06-07T16:21:07.103+0000] {processor.py:829} INFO - Processing file /home/airflow/.local/lib/python3.8/site-packages/airflow/example_dags/example_latest_only_with_trigger.py for tasks to queue
[2026-06-07T16:21:07.118+0000] {logging_mixin.py:154} INFO - [2026-06-07T16:21:07.118+0000] {dagbag.py:536} INFO - Filling up the DagBag from /home/airflow/.local/lib/python3.8/site-packages/airflow/example_dags/example_latest_only_with_trigger.py
[2026-06-07T16:21:07.141+0000] {processor.py:839} INFO - DAG(s) dict_keys(['latest_only_with_trigger']) retrieved from /home/airflow/.local/lib/python3.8/site-packages/airflow/example_dags/example_latest_only_with_trigger.py
[2026-06-07T16:21:07.237+0000] {logging_mixin.py:154} INFO - [2026-06-07T16:21:07.237+0000] {dag.py:2941} INFO - Sync 1 DAGs
[2026-06-07T16:21:07.399+0000] {logging_mixin.py:154} INFO - [2026-06-07T16:21:07.398+0000] {dag.py:3722} INFO - Setting next_dagrun for latest_only_with_trigger to 2026-06-07T12:21:07.398353+00:00, run_after=2026-06-07T16:21:07.398353+00:00
[2026-06-07T16:21:07.553+0000] {processor.py:179} INFO - Processing /home/airflow/.local/lib/python3.8/site-packages/airflow/example_dags/example_latest_only_with_trigger.py took 0.493 seconds
[2026-06-07T16:21:37.939+0000] {processor.py:157} INFO - Started process (PID=7980) to work on /home/airflow/.local/lib/python3.8/site-packages/airflow/example_dags/example_latest_only_with_trigger.py
[2026-06-07T16:21:37.941+0000] {processor.py:829} INFO - Processing file /home/airflow/.local/lib/python3.8/site-packages/airflow/example_dags/example_latest_only_with_trigger.py for tasks to queue
[2026-06-07T16:21:37.944+0000] {logging_mixin.py:154} INFO - [2026-06-07T16:21:37.944+0000] {dagbag.py:536} INFO - Filling up the DagBag from /home/airflow/.local/lib/python3.8/site-packages/airflow/example_dags/example_latest_only_with_trigger.py
[2026-06-07T16:21:37.952+0000] {processor.py:839} INFO - DAG(s) dict_keys(['latest_only_with_trigger']) retrieved from /home/airflow/.local/lib/python3.8/site-packages/airflow/example_dags/example_latest_only_with_trigger.py
[2026-06-07T16:21:37.984+0000] {logging_mixin.py:154} INFO - [2026-06-07T16:21:37.984+0000] {dag.py:2941} INFO - Sync 1 DAGs
[2026-06-07T16:21:38.018+0000] {logging_mixin.py:154} INFO - [2026-06-07T16:21:38.018+0000] {dag.py:3722} INFO - Setting next_dagrun for latest_only_with_trigger to 2026-06-07T12:21:38.017939+00:00, run_after=2026-06-07T16:21:38.017939+00:00
[2026-06-07T16:21:38.047+0000] {processor.py:179} INFO - Processing /home/airflow/.local/lib/python3.8/site-packages/airflow/example_dags/example_latest_only_with_trigger.py took 0.113 seconds
[2026-06-07T16:22:08.586+0000] {processor.py:157} INFO - Started process (PID=8034) to work on /home/airflow/.local/lib/python3.8/site-packages/airflow/example_dags/example_latest_only_with_trigger.py
[2026-06-07T16:22:08.589+0000] {processor.py:829} INFO - Processing file /home/airflow/.local/lib/python3.8/site-packages/airflow/example_dags/example_latest_only_with_trigger.py for tasks to queue
[2026-06-07T16:22:08.592+0000] {logging_mixin.py:154} INFO - [2026-06-07T16:22:08.592+0000] {dagbag.py:536} INFO - Filling up the DagBag from /home/airflow/.local/lib/python3.8/site-packages/airflow/example_dags/example_latest_only_with_trigger.py
[2026-06-07T16:22:08.600+0000] {processor.py:839} INFO - DAG(s) dict_keys(['latest_only_with_trigger']) retrieved from /home/airflow/.local/lib/python3.8/site-packages/airflow/example_dags/example_latest_only_with_trigger.py
[2026-06-07T16:22:08.633+0000] {logging_mixin.py:154} INFO - [2026-06-07T16:22:08.633+0000] {dag.py:2941} INFO - Sync 1 DAGs
[2026-06-07T16:22:08.674+0000] {logging_mixin.py:154} INFO - [2026-06-07T16:22:08.673+0000] {dag.py:3722} INFO - Setting next_dagrun for latest_only_with_trigger to 2026-06-07T12:22:08.673361+00:00, run_after=2026-06-07T16:22:08.673361+00:00
[2026-06-07T16:22:08.730+0000] {processor.py:179} INFO - Processing /home/airflow/.local/lib/python3.8/site-packages/airflow/example_dags/example_latest_only_with_trigger.py took 0.154 seconds
[2026-06-07T16:22:39.058+0000] {processor.py:157} INFO - Started process (PID=8088) to work on /home/airflow/.local/lib/python3.8/site-packages/airflow/example_dags/example_latest_only_with_trigger.py
[2026-06-07T16:22:39.065+0000] {processor.py:829} INFO - Processing file /home/airflow/.local/lib/python3.8/site-packages/airflow/example_dags/example_latest_only_with_trigger.py for tasks to queue
[2026-06-07T16:22:39.069+0000] {logging_mixin.py:154} INFO - [2026-06-07T16:22:39.069+0000] {dagbag.py:536} INFO - Filling up the DagBag from /home/airflow/.local/lib/python3.8/site-packages/airflow/example_dags/example_latest_only_with_trigger.py
[2026-06-07T16:22:39.078+0000] {processor.py:839} INFO - DAG(s) dict_keys(['latest_only_with_trigger']) retrieved from /home/airflow/.local/lib/python3.8/site-packages/airflow/example_dags/example_latest_only_with_trigger.py
[2026-06-07T16:22:39.112+0000] {logging_mixin.py:154} INFO - [2026-06-07T16:22:39.111+0000] {dag.py:2941} INFO - Sync 1 DAGs
[2026-06-07T16:22:39.154+0000] {logging_mixin.py:154} INFO - [2026-06-07T16:22:39.153+0000] {dag.py:3722} INFO - Setting next_dagrun for latest_only_with_trigger to 2026-06-07T12:22:39.153351+00:00, run_after=2026-06-07T16:22:39.153351+00:00
[2026-06-07T16:22:39.197+0000] {processor.py:179} INFO - Processing /home/airflow/.local/lib/python3.8/site-packages/airflow/example_dags/example_latest_only_with_trigger.py took 0.144 seconds
[2026-06-07T16:23:09.462+0000] {processor.py:157} INFO - Started process (PID=8142) to work on /home/airflow/.local/lib/python3.8/site-packages/airflow/example_dags/example_latest_only_with_trigger.py
[2026-06-07T16:23:09.463+0000] {processor.py:829} INFO - Processing file /home/airflow/.local/lib/python3.8/site-packages/airflow/example_dags/example_latest_only_with_trigger.py for tasks to queue
[2026-06-07T16:23:09.468+0000] {logging_mixin.py:154} INFO - [2026-06-07T16:23:09.468+0000] {dagbag.py:536} INFO - Filling up the DagBag from /home/airflow/.local/lib/python3.8/site-packages/airflow/example_dags/example_latest_only_with_trigger.py
[2026-06-07T16:23:09.476+0000] {processor.py:839} INFO - DAG(s) dict_keys(['latest_only_with_trigger']) retrieved from /home/airflow/.local/lib/python3.8/site-packages/airflow/example_dags/example_latest_only_with_trigger.py
[2026-06-07T16:23:09.508+0000] {logging_mixin.py:154} INFO - [2026-06-07T16:23:09.508+0000] {dag.py:2941} INFO - Sync 1 DAGs
[2026-06-07T16:23:09.543+0000] {logging_mixin.py:154} INFO - [2026-06-07T16:23:09.543+0000] {dag.py:3722} INFO - Setting next_dagrun for latest_only_with_trigger to 2026-06-07T12:23:09.543185+00:00, run_after=2026-06-07T16:23:09.543185+00:00
[2026-06-07T16:23:09.570+0000] {processor.py:179} INFO - Processing /home/airflow/.local/lib/python3.8/site-packages/airflow/example_dags/example_latest_only_with_trigger.py took 0.112 seconds
[2026-06-07T16:23:40.520+0000] {processor.py:157} INFO - Started process (PID=8196) to work on /home/airflow/.local/lib/python3.8/site-packages/airflow/example_dags/example_latest_only_with_trigger.py
[2026-06-07T16:23:40.524+0000] {processor.py:829} INFO - Processing file /home/airflow/.local/lib/python3.8/site-packages/airflow/example_dags/example_latest_only_with_trigger.py for tasks to queue
[2026-06-07T16:23:40.529+0000] {logging_mixin.py:154} INFO - [2026-06-07T16:23:40.529+0000] {dagbag.py:536} INFO - Filling up the DagBag from /home/airflow/.local/lib/python3.8/site-packages/airflow/example_dags/example_latest_only_with_trigger.py
[2026-06-07T16:23:40.540+0000] {processor.py:839} INFO - DAG(s) dict_keys(['latest_only_with_trigger']) retrieved from /home/airflow/.local/lib/python3.8/site-packages/airflow/example_dags/example_latest_only_with_trigger.py
[2026-06-07T16:23:40.572+0000] {logging_mixin.py:154} INFO - [2026-06-07T16:23:40.572+0000] {dag.py:2941} INFO - Sync 1 DAGs
[2026-06-07T16:23:40.607+0000] {logging_mixin.py:154} INFO - [2026-06-07T16:23:40.607+0000] {dag.py:3722} INFO - Setting next_dagrun for latest_only_with_trigger to 2026-06-07T12:23:40.607161+00:00, run_after=2026-06-07T16:23:40.607161+00:00
[2026-06-07T16:23:40.672+0000] {processor.py:179} INFO - Processing /home/airflow/.local/lib/python3.8/site-packages/airflow/example_dags/example_latest_only_with_trigger.py took 0.163 seconds
[2026-06-07T16:24:10.736+0000] {processor.py:157} INFO - Started process (PID=8249) to work on /home/airflow/.local/lib/python3.8/site-packages/airflow/example_dags/example_latest_only_with_trigger.py
[2026-06-07T16:24:10.737+0000] {processor.py:829} INFO - Processing file /home/airflow/.local/lib/python3.8/site-packages/airflow/example_dags/example_latest_only_with_trigger.py for tasks to queue
[2026-06-07T16:24:10.741+0000] {logging_mixin.py:154} INFO - [2026-06-07T16:24:10.741+0000] {dagbag.py:536} INFO - Filling up the DagBag from /home/airflow/.local/lib/python3.8/site-packages/airflow/example_dags/example_latest_only_with_trigger.py
[2026-06-07T16:24:10.749+0000] {processor.py:839} INFO - DAG(s) dict_keys(['latest_only_with_trigger']) retrieved from /home/airflow/.local/lib/python3.8/site-packages/airflow/example_dags/example_latest_only_with_trigger.py
[2026-06-07T16:24:10.780+0000] {logging_mixin.py:154} INFO - [2026-06-07T16:24:10.780+0000] {dag.py:2941} INFO - Sync 1 DAGs
[2026-06-07T16:24:10.814+0000] {logging_mixin.py:154} INFO - [2026-06-07T16:24:10.814+0000] {dag.py:3722} INFO - Setting next_dagrun for latest_only_with_trigger to 2026-06-07T12:24:10.813630+00:00, run_after=2026-06-07T16:24:10.813630+00:00
[2026-06-07T16:24:10.847+0000] {processor.py:179} INFO - Processing /home/airflow/.local/lib/python3.8/site-packages/airflow/example_dags/example_latest_only_with_trigger.py took 0.116 seconds
[2026-06-07T16:24:41.023+0000] {processor.py:157} INFO - Started process (PID=8302) to work on /home/airflow/.local/lib/python3.8/site-packages/airflow/example_dags/example_latest_only_with_trigger.py
[2026-06-07T16:24:41.025+0000] {processor.py:829} INFO - Processing file /home/airflow/.local/lib/python3.8/site-packages/airflow/example_dags/example_latest_only_with_trigger.py for tasks to queue
[2026-06-07T16:24:41.031+0000] {logging_mixin.py:154} INFO - [2026-06-07T16:24:41.030+0000] {dagbag.py:536} INFO - Filling up the DagBag from /home/airflow/.local/lib/python3.8/site-packages/airflow/example_dags/example_latest_only_with_trigger.py
[2026-06-07T16:24:41.038+0000] {processor.py:839} INFO - DAG(s) dict_keys(['latest_only_with_trigger']) retrieved from /home/airflow/.local/lib/python3.8/site-packages/airflow/example_dags/example_latest_only_with_trigger.py
[2026-06-07T16:24:41.070+0000] {logging_mixin.py:154} INFO - [2026-06-07T16:24:41.069+0000] {dag.py:2941} INFO - Sync 1 DAGs
[2026-06-07T16:24:41.103+0000] {logging_mixin.py:154} INFO - [2026-06-07T16:24:41.103+0000] {dag.py:3722} INFO - Setting next_dagrun for latest_only_with_trigger to 2026-06-07T12:24:41.102747+00:00, run_after=2026-06-07T16:24:41.102747+00:00
[2026-06-07T16:24:41.127+0000] {processor.py:179} INFO - Processing /home/airflow/.local/lib/python3.8/site-packages/airflow/example_dags/example_latest_only_with_trigger.py took 0.109 seconds
[2026-06-07T16:25:11.432+0000] {processor.py:157} INFO - Started process (PID=8355) to work on /home/airflow/.local/lib/python3.8/site-packages/airflow/example_dags/example_latest_only_with_trigger.py
[2026-06-07T16:25:11.437+0000] {processor.py:829} INFO - Processing file /home/airflow/.local/lib/python3.8/site-packages/airflow/example_dags/example_latest_only_with_trigger.py for tasks to queue
[2026-06-07T16:25:11.442+0000] {logging_mixin.py:154} INFO - [2026-06-07T16:25:11.441+0000] {dagbag.py:536} INFO - Filling up the DagBag from /home/airflow/.local/lib/python3.8/site-packages/airflow/example_dags/example_latest_only_with_trigger.py
[2026-06-07T16:25:11.458+0000] {processor.py:839} INFO - DAG(s) dict_keys(['latest_only_with_trigger']) retrieved from /home/airflow/.local/lib/python3.8/site-packages/airflow/example_dags/example_latest_only_with_trigger.py
[2026-06-07T16:25:11.563+0000] {logging_mixin.py:154} INFO - [2026-06-07T16:25:11.563+0000] {dag.py:2941} INFO - Sync 1 DAGs
[2026-06-07T16:25:11.642+0000] {logging_mixin.py:154} INFO - [2026-06-07T16:25:11.641+0000] {dag.py:3722} INFO - Setting next_dagrun for latest_only_with_trigger to 2026-06-07T12:25:11.641587+00:00, run_after=2026-06-07T16:25:11.641587+00:00
[2026-06-07T16:25:11.725+0000] {processor.py:179} INFO - Processing /home/airflow/.local/lib/python3.8/site-packages/airflow/example_dags/example_latest_only_with_trigger.py took 0.300 seconds
[2026-06-07T16:25:41.776+0000] {processor.py:157} INFO - Started process (PID=8409) to work on /home/airflow/.local/lib/python3.8/site-packages/airflow/example_dags/example_latest_only_with_trigger.py
[2026-06-07T16:25:41.779+0000] {processor.py:829} INFO - Processing file /home/airflow/.local/lib/python3.8/site-packages/airflow/example_dags/example_latest_only_with_trigger.py for tasks to queue
[2026-06-07T16:25:41.803+0000] {logging_mixin.py:154} INFO - [2026-06-07T16:25:41.803+0000] {dagbag.py:536} INFO - Filling up the DagBag from /home/airflow/.local/lib/python3.8/site-packages/airflow/example_dags/example_latest_only_with_trigger.py
[2026-06-07T16:25:41.815+0000] {processor.py:839} INFO - DAG(s) dict_keys(['latest_only_with_trigger']) retrieved from /home/airflow/.local/lib/python3.8/site-packages/airflow/example_dags/example_latest_only_with_trigger.py
[2026-06-07T16:25:41.913+0000] {logging_mixin.py:154} INFO - [2026-06-07T16:25:41.913+0000] {dag.py:2941} INFO - Sync 1 DAGs
[2026-06-07T16:25:41.990+0000] {logging_mixin.py:154} INFO - [2026-06-07T16:25:41.990+0000] {dag.py:3722} INFO - Setting next_dagrun for latest_only_with_trigger to 2026-06-07T12:25:41.989825+00:00, run_after=2026-06-07T16:25:41.989825+00:00
[2026-06-07T16:25:42.044+0000] {processor.py:179} INFO - Processing /home/airflow/.local/lib/python3.8/site-packages/airflow/example_dags/example_latest_only_with_trigger.py took 0.278 seconds
[2026-06-07T16:26:12.136+0000] {processor.py:157} INFO - Started process (PID=8462) to work on /home/airflow/.local/lib/python3.8/site-packages/airflow/example_dags/example_latest_only_with_trigger.py
[2026-06-07T16:26:12.140+0000] {processor.py:829} INFO - Processing file /home/airflow/.local/lib/python3.8/site-packages/airflow/example_dags/example_latest_only_with_trigger.py for tasks to queue
[2026-06-07T16:26:12.143+0000] {logging_mixin.py:154} INFO - [2026-06-07T16:26:12.143+0000] {dagbag.py:536} INFO - Filling up the DagBag from /home/airflow/.local/lib/python3.8/site-packages/airflow/example_dags/example_latest_only_with_trigger.py
[2026-06-07T16:26:12.152+0000] {processor.py:839} INFO - DAG(s) dict_keys(['latest_only_with_trigger']) retrieved from /home/airflow/.local/lib/python3.8/site-packages/airflow/example_dags/example_latest_only_with_trigger.py
[2026-06-07T16:26:12.183+0000] {logging_mixin.py:154} INFO - [2026-06-07T16:26:12.183+0000] {dag.py:2941} INFO - Sync 1 DAGs
[2026-06-07T16:26:12.231+0000] {logging_mixin.py:154} INFO - [2026-06-07T16:26:12.230+0000] {dag.py:3722} INFO - Setting next_dagrun for latest_only_with_trigger to 2026-06-07T12:26:12.230373+00:00, run_after=2026-06-07T16:26:12.230373+00:00
[2026-06-07T16:26:12.278+0000] {processor.py:179} INFO - Processing /home/airflow/.local/lib/python3.8/site-packages/airflow/example_dags/example_latest_only_with_trigger.py took 0.146 seconds
[2026-06-07T16:26:42.458+0000] {processor.py:157} INFO - Started process (PID=8516) to work on /home/airflow/.local/lib/python3.8/site-packages/airflow/example_dags/example_latest_only_with_trigger.py
[2026-06-07T16:26:42.460+0000] {processor.py:829} INFO - Processing file /home/airflow/.local/lib/python3.8/site-packages/airflow/example_dags/example_latest_only_with_trigger.py for tasks to queue
[2026-06-07T16:26:42.463+0000] {logging_mixin.py:154} INFO - [2026-06-07T16:26:42.463+0000] {dagbag.py:536} INFO - Filling up the DagBag from /home/airflow/.local/lib/python3.8/site-packages/airflow/example_dags/example_latest_only_with_trigger.py
[2026-06-07T16:26:42.472+0000] {processor.py:839} INFO - DAG(s) dict_keys(['latest_only_with_trigger']) retrieved from /home/airflow/.local/lib/python3.8/site-packages/airflow/example_dags/example_latest_only_with_trigger.py
[2026-06-07T16:26:42.504+0000] {logging_mixin.py:154} INFO - [2026-06-07T16:26:42.504+0000] {dag.py:2941} INFO - Sync 1 DAGs
[2026-06-07T16:26:42.538+0000] {logging_mixin.py:154} INFO - [2026-06-07T16:26:42.537+0000] {dag.py:3722} INFO - Setting next_dagrun for latest_only_with_trigger to 2026-06-07T12:26:42.537457+00:00, run_after=2026-06-07T16:26:42.537457+00:00
[2026-06-07T16:26:42.564+0000] {processor.py:179} INFO - Processing /home/airflow/.local/lib/python3.8/site-packages/airflow/example_dags/example_latest_only_with_trigger.py took 0.111 seconds
[2026-06-07T16:27:13.201+0000] {processor.py:157} INFO - Started process (PID=8570) to work on /home/airflow/.local/lib/python3.8/site-packages/airflow/example_dags/example_latest_only_with_trigger.py
[2026-06-07T16:27:13.202+0000] {processor.py:829} INFO - Processing file /home/airflow/.local/lib/python3.8/site-packages/airflow/example_dags/example_latest_only_with_trigger.py for tasks to queue
[2026-06-07T16:27:13.206+0000] {logging_mixin.py:154} INFO - [2026-06-07T16:27:13.206+0000] {dagbag.py:536} INFO - Filling up the DagBag from /home/airflow/.local/lib/python3.8/site-packages/airflow/example_dags/example_latest_only_with_trigger.py
[2026-06-07T16:27:13.215+0000] {processor.py:839} INFO - DAG(s) dict_keys(['latest_only_with_trigger']) retrieved from /home/airflow/.local/lib/python3.8/site-packages/airflow/example_dags/example_latest_only_with_trigger.py
[2026-06-07T16:27:13.248+0000] {logging_mixin.py:154} INFO - [2026-06-07T16:27:13.247+0000] {dag.py:2941} INFO - Sync 1 DAGs
[2026-06-07T16:27:13.281+0000] {logging_mixin.py:154} INFO - [2026-06-07T16:27:13.281+0000] {dag.py:3722} INFO - Setting next_dagrun for latest_only_with_trigger to 2026-06-07T12:27:13.280858+00:00, run_after=2026-06-07T16:27:13.280858+00:00
[2026-06-07T16:27:13.305+0000] {processor.py:179} INFO - Processing /home/airflow/.local/lib/python3.8/site-packages/airflow/example_dags/example_latest_only_with_trigger.py took 0.109 seconds
[2026-06-07T16:27:43.964+0000] {processor.py:157} INFO - Started process (PID=8624) to work on /home/airflow/.local/lib/python3.8/site-packages/airflow/example_dags/example_latest_only_with_trigger.py
[2026-06-07T16:27:43.985+0000] {processor.py:829} INFO - Processing file /home/airflow/.local/lib/python3.8/site-packages/airflow/example_dags/example_latest_only_with_trigger.py for tasks to queue
[2026-06-07T16:27:43.999+0000] {logging_mixin.py:154} INFO - [2026-06-07T16:27:43.998+0000] {dagbag.py:536} INFO - Filling up the DagBag from /home/airflow/.local/lib/python3.8/site-packages/airflow/example_dags/example_latest_only_with_trigger.py
[2026-06-07T16:27:44.014+0000] {processor.py:839} INFO - DAG(s) dict_keys(['latest_only_with_trigger']) retrieved from /home/airflow/.local/lib/python3.8/site-packages/airflow/example_dags/example_latest_only_with_trigger.py
[2026-06-07T16:27:44.053+0000] {logging_mixin.py:154} INFO - [2026-06-07T16:27:44.053+0000] {dag.py:2941} INFO - Sync 1 DAGs
[2026-06-07T16:27:44.122+0000] {logging_mixin.py:154} INFO - [2026-06-07T16:27:44.121+0000] {dag.py:3722} INFO - Setting next_dagrun for latest_only_with_trigger to 2026-06-07T12:27:44.121481+00:00, run_after=2026-06-07T16:27:44.121481+00:00
[2026-06-07T16:27:44.174+0000] {processor.py:179} INFO - Processing /home/airflow/.local/lib/python3.8/site-packages/airflow/example_dags/example_latest_only_with_trigger.py took 0.242 seconds
[2026-06-07T16:28:14.395+0000] {processor.py:157} INFO - Started process (PID=8679) to work on /home/airflow/.local/lib/python3.8/site-packages/airflow/example_dags/example_latest_only_with_trigger.py
[2026-06-07T16:28:14.396+0000] {processor.py:829} INFO - Processing file /home/airflow/.local/lib/python3.8/site-packages/airflow/example_dags/example_latest_only_with_trigger.py for tasks to queue
[2026-06-07T16:28:14.400+0000] {logging_mixin.py:154} INFO - [2026-06-07T16:28:14.400+0000] {dagbag.py:536} INFO - Filling up the DagBag from /home/airflow/.local/lib/python3.8/site-packages/airflow/example_dags/example_latest_only_with_trigger.py
[2026-06-07T16:28:14.409+0000] {processor.py:839} INFO - DAG(s) dict_keys(['latest_only_with_trigger']) retrieved from /home/airflow/.local/lib/python3.8/site-packages/airflow/example_dags/example_latest_only_with_trigger.py
[2026-06-07T16:28:14.441+0000] {logging_mixin.py:154} INFO - [2026-06-07T16:28:14.441+0000] {dag.py:2941} INFO - Sync 1 DAGs
[2026-06-07T16:28:14.478+0000] {logging_mixin.py:154} INFO - [2026-06-07T16:28:14.478+0000] {dag.py:3722} INFO - Setting next_dagrun for latest_only_with_trigger to 2026-06-07T12:28:14.477858+00:00, run_after=2026-06-07T16:28:14.477858+00:00
[2026-06-07T16:28:14.510+0000] {processor.py:179} INFO - Processing /home/airflow/.local/lib/python3.8/site-packages/airflow/example_dags/example_latest_only_with_trigger.py took 0.120 seconds
[2026-06-07T16:28:44.560+0000] {processor.py:157} INFO - Started process (PID=8730) to work on /home/airflow/.local/lib/python3.8/site-packages/airflow/example_dags/example_latest_only_with_trigger.py
[2026-06-07T16:28:44.563+0000] {processor.py:829} INFO - Processing file /home/airflow/.local/lib/python3.8/site-packages/airflow/example_dags/example_latest_only_with_trigger.py for tasks to queue
[2026-06-07T16:28:44.569+0000] {logging_mixin.py:154} INFO - [2026-06-07T16:28:44.569+0000] {dagbag.py:536} INFO - Filling up the DagBag from /home/airflow/.local/lib/python3.8/site-packages/airflow/example_dags/example_latest_only_with_trigger.py
[2026-06-07T16:28:44.610+0000] {processor.py:839} INFO - DAG(s) dict_keys(['latest_only_with_trigger']) retrieved from /home/airflow/.local/lib/python3.8/site-packages/airflow/example_dags/example_latest_only_with_trigger.py
[2026-06-07T16:28:44.670+0000] {logging_mixin.py:154} INFO - [2026-06-07T16:28:44.670+0000] {dag.py:2941} INFO - Sync 1 DAGs
[2026-06-07T16:28:44.704+0000] {logging_mixin.py:154} INFO - [2026-06-07T16:28:44.704+0000] {dag.py:3722} INFO - Setting next_dagrun for latest_only_with_trigger to 2026-06-07T12:28:44.704284+00:00, run_after=2026-06-07T16:28:44.704284+00:00
[2026-06-07T16:28:44.729+0000] {processor.py:179} INFO - Processing /home/airflow/.local/lib/python3.8/site-packages/airflow/example_dags/example_latest_only_with_trigger.py took 0.174 seconds
[2026-06-07T16:29:15.357+0000] {processor.py:157} INFO - Started process (PID=8784) to work on /home/airflow/.local/lib/python3.8/site-packages/airflow/example_dags/example_latest_only_with_trigger.py
[2026-06-07T16:29:15.359+0000] {processor.py:829} INFO - Processing file /home/airflow/.local/lib/python3.8/site-packages/airflow/example_dags/example_latest_only_with_trigger.py for tasks to queue
[2026-06-07T16:29:15.363+0000] {logging_mixin.py:154} INFO - [2026-06-07T16:29:15.363+0000] {dagbag.py:536} INFO - Filling up the DagBag from /home/airflow/.local/lib/python3.8/site-packages/airflow/example_dags/example_latest_only_with_trigger.py
[2026-06-07T16:29:15.372+0000] {processor.py:839} INFO - DAG(s) dict_keys(['latest_only_with_trigger']) retrieved from /home/airflow/.local/lib/python3.8/site-packages/airflow/example_dags/example_latest_only_with_trigger.py
[2026-06-07T16:29:15.405+0000] {logging_mixin.py:154} INFO - [2026-06-07T16:29:15.405+0000] {dag.py:2941} INFO - Sync 1 DAGs
[2026-06-07T16:29:15.440+0000] {logging_mixin.py:154} INFO - [2026-06-07T16:29:15.439+0000] {dag.py:3722} INFO - Setting next_dagrun for latest_only_with_trigger to 2026-06-07T12:29:15.439342+00:00, run_after=2026-06-07T16:29:15.439342+00:00
[2026-06-07T16:29:15.465+0000] {processor.py:179} INFO - Processing /home/airflow/.local/lib/python3.8/site-packages/airflow/example_dags/example_latest_only_with_trigger.py took 0.112 seconds
[2026-06-07T16:29:45.547+0000] {processor.py:157} INFO - Started process (PID=8838) to work on /home/airflow/.local/lib/python3.8/site-packages/airflow/example_dags/example_latest_only_with_trigger.py
[2026-06-07T16:29:45.561+0000] {processor.py:829} INFO - Processing file /home/airflow/.local/lib/python3.8/site-packages/airflow/example_dags/example_latest_only_with_trigger.py for tasks to queue
[2026-06-07T16:29:45.565+0000] {logging_mixin.py:154} INFO - [2026-06-07T16:29:45.565+0000] {dagbag.py:536} INFO - Filling up the DagBag from /home/airflow/.local/lib/python3.8/site-packages/airflow/example_dags/example_latest_only_with_trigger.py
[2026-06-07T16:29:45.589+0000] {processor.py:839} INFO - DAG(s) dict_keys(['latest_only_with_trigger']) retrieved from /home/airflow/.local/lib/python3.8/site-packages/airflow/example_dags/example_latest_only_with_trigger.py
[2026-06-07T16:29:45.649+0000] {logging_mixin.py:154} INFO - [2026-06-07T16:29:45.649+0000] {dag.py:2941} INFO - Sync 1 DAGs
[2026-06-07T16:29:45.732+0000] {logging_mixin.py:154} INFO - [2026-06-07T16:29:45.726+0000] {dag.py:3722} INFO - Setting next_dagrun for latest_only_with_trigger to 2026-06-07T12:29:45.726393+00:00, run_after=2026-06-07T16:29:45.726393+00:00
[2026-06-07T16:29:45.804+0000] {processor.py:179} INFO - Processing /home/airflow/.local/lib/python3.8/site-packages/airflow/example_dags/example_latest_only_with_trigger.py took 0.262 seconds
[2026-06-07T16:30:16.550+0000] {processor.py:157} INFO - Started process (PID=8892) to work on /home/airflow/.local/lib/python3.8/site-packages/airflow/example_dags/example_latest_only_with_trigger.py
[2026-06-07T16:30:16.552+0000] {processor.py:829} INFO - Processing file /home/airflow/.local/lib/python3.8/site-packages/airflow/example_dags/example_latest_only_with_trigger.py for tasks to queue
[2026-06-07T16:30:16.564+0000] {logging_mixin.py:154} INFO - [2026-06-07T16:30:16.564+0000] {dagbag.py:536} INFO - Filling up the DagBag from /home/airflow/.local/lib/python3.8/site-packages/airflow/example_dags/example_latest_only_with_trigger.py
[2026-06-07T16:30:16.576+0000] {processor.py:839} INFO - DAG(s) dict_keys(['latest_only_with_trigger']) retrieved from /home/airflow/.local/lib/python3.8/site-packages/airflow/example_dags/example_latest_only_with_trigger.py
[2026-06-07T16:30:16.641+0000] {logging_mixin.py:154} INFO - [2026-06-07T16:30:16.641+0000] {dag.py:2941} INFO - Sync 1 DAGs
[2026-06-07T16:30:16.734+0000] {logging_mixin.py:154} INFO - [2026-06-07T16:30:16.733+0000] {dag.py:3722} INFO - Setting next_dagrun for latest_only_with_trigger to 2026-06-07T12:30:16.733549+00:00, run_after=2026-06-07T16:30:16.733549+00:00
[2026-06-07T16:30:16.821+0000] {processor.py:179} INFO - Processing /home/airflow/.local/lib/python3.8/site-packages/airflow/example_dags/example_latest_only_with_trigger.py took 0.293 seconds
[2026-06-07T16:30:47.312+0000] {processor.py:157} INFO - Started process (PID=8945) to work on /home/airflow/.local/lib/python3.8/site-packages/airflow/example_dags/example_latest_only_with_trigger.py
[2026-06-07T16:30:47.314+0000] {processor.py:829} INFO - Processing file /home/airflow/.local/lib/python3.8/site-packages/airflow/example_dags/example_latest_only_with_trigger.py for tasks to queue
[2026-06-07T16:30:47.318+0000] {logging_mixin.py:154} INFO - [2026-06-07T16:30:47.318+0000] {dagbag.py:536} INFO - Filling up the DagBag from /home/airflow/.local/lib/python3.8/site-packages/airflow/example_dags/example_latest_only_with_trigger.py
[2026-06-07T16:30:47.327+0000] {processor.py:839} INFO - DAG(s) dict_keys(['latest_only_with_trigger']) retrieved from /home/airflow/.local/lib/python3.8/site-packages/airflow/example_dags/example_latest_only_with_trigger.py
[2026-06-07T16:30:47.356+0000] {logging_mixin.py:154} INFO - [2026-06-07T16:30:47.356+0000] {dag.py:2941} INFO - Sync 1 DAGs
[2026-06-07T16:30:47.391+0000] {logging_mixin.py:154} INFO - [2026-06-07T16:30:47.390+0000] {dag.py:3722} INFO - Setting next_dagrun for latest_only_with_trigger to 2026-06-07T12:30:47.390215+00:00, run_after=2026-06-07T16:30:47.390215+00:00
[2026-06-07T16:30:47.423+0000] {processor.py:179} INFO - Processing /home/airflow/.local/lib/python3.8/site-packages/airflow/example_dags/example_latest_only_with_trigger.py took 0.116 seconds
[2026-06-07T16:31:17.841+0000] {processor.py:157} INFO - Started process (PID=8999) to work on /home/airflow/.local/lib/python3.8/site-packages/airflow/example_dags/example_latest_only_with_trigger.py
[2026-06-07T16:31:17.849+0000] {processor.py:829} INFO - Processing file /home/airflow/.local/lib/python3.8/site-packages/airflow/example_dags/example_latest_only_with_trigger.py for tasks to queue
[2026-06-07T16:31:17.860+0000] {logging_mixin.py:154} INFO - [2026-06-07T16:31:17.852+0000] {dagbag.py:536} INFO - Filling up the DagBag from /home/airflow/.local/lib/python3.8/site-packages/airflow/example_dags/example_latest_only_with_trigger.py
[2026-06-07T16:31:17.877+0000] {processor.py:839} INFO - DAG(s) dict_keys(['latest_only_with_trigger']) retrieved from /home/airflow/.local/lib/python3.8/site-packages/airflow/example_dags/example_latest_only_with_trigger.py
[2026-06-07T16:31:17.934+0000] {logging_mixin.py:154} INFO - [2026-06-07T16:31:17.934+0000] {dag.py:2941} INFO - Sync 1 DAGs
[2026-06-07T16:31:17.973+0000] {logging_mixin.py:154} INFO - [2026-06-07T16:31:17.973+0000] {dag.py:3722} INFO - Setting next_dagrun for latest_only_with_trigger to 2026-06-07T12:31:17.973137+00:00, run_after=2026-06-07T16:31:17.973137+00:00
[2026-06-07T16:31:18.029+0000] {processor.py:179} INFO - Processing /home/airflow/.local/lib/python3.8/site-packages/airflow/example_dags/example_latest_only_with_trigger.py took 0.222 seconds
[2026-06-07T16:31:48.689+0000] {processor.py:157} INFO - Started process (PID=9054) to work on /home/airflow/.local/lib/python3.8/site-packages/airflow/example_dags/example_latest_only_with_trigger.py
[2026-06-07T16:31:48.691+0000] {processor.py:829} INFO - Processing file /home/airflow/.local/lib/python3.8/site-packages/airflow/example_dags/example_latest_only_with_trigger.py for tasks to queue
[2026-06-07T16:31:48.695+0000] {logging_mixin.py:154} INFO - [2026-06-07T16:31:48.695+0000] {dagbag.py:536} INFO - Filling up the DagBag from /home/airflow/.local/lib/python3.8/site-packages/airflow/example_dags/example_latest_only_with_trigger.py
[2026-06-07T16:31:48.703+0000] {processor.py:839} INFO - DAG(s) dict_keys(['latest_only_with_trigger']) retrieved from /home/airflow/.local/lib/python3.8/site-packages/airflow/example_dags/example_latest_only_with_trigger.py
[2026-06-07T16:31:48.733+0000] {logging_mixin.py:154} INFO - [2026-06-07T16:31:48.733+0000] {dag.py:2941} INFO - Sync 1 DAGs
[2026-06-07T16:31:48.769+0000] {logging_mixin.py:154} INFO - [2026-06-07T16:31:48.768+0000] {dag.py:3722} INFO - Setting next_dagrun for latest_only_with_trigger to 2026-06-07T12:31:48.768322+00:00, run_after=2026-06-07T16:31:48.768322+00:00
[2026-06-07T16:31:48.796+0000] {processor.py:179} INFO - Processing /home/airflow/.local/lib/python3.8/site-packages/airflow/example_dags/example_latest_only_with_trigger.py took 0.111 seconds
[2026-06-07T16:32:19.073+0000] {processor.py:157} INFO - Started process (PID=9109) to work on /home/airflow/.local/lib/python3.8/site-packages/airflow/example_dags/example_latest_only_with_trigger.py
[2026-06-07T16:32:19.076+0000] {processor.py:829} INFO - Processing file /home/airflow/.local/lib/python3.8/site-packages/airflow/example_dags/example_latest_only_with_trigger.py for tasks to queue
[2026-06-07T16:32:19.086+0000] {logging_mixin.py:154} INFO - [2026-06-07T16:32:19.085+0000] {dagbag.py:536} INFO - Filling up the DagBag from /home/airflow/.local/lib/python3.8/site-packages/airflow/example_dags/example_latest_only_with_trigger.py
[2026-06-07T16:32:19.095+0000] {processor.py:839} INFO - DAG(s) dict_keys(['latest_only_with_trigger']) retrieved from /home/airflow/.local/lib/python3.8/site-packages/airflow/example_dags/example_latest_only_with_trigger.py
[2026-06-07T16:32:19.176+0000] {logging_mixin.py:154} INFO - [2026-06-07T16:32:19.175+0000] {dag.py:2941} INFO - Sync 1 DAGs
[2026-06-07T16:32:19.239+0000] {logging_mixin.py:154} INFO - [2026-06-07T16:32:19.238+0000] {dag.py:3722} INFO - Setting next_dagrun for latest_only_with_trigger to 2026-06-07T12:32:19.238396+00:00, run_after=2026-06-07T16:32:19.238396+00:00
[2026-06-07T16:32:19.316+0000] {processor.py:179} INFO - Processing /home/airflow/.local/lib/python3.8/site-packages/airflow/example_dags/example_latest_only_with_trigger.py took 0.248 seconds
[2026-06-07T16:32:49.851+0000] {processor.py:157} INFO - Started process (PID=9163) to work on /home/airflow/.local/lib/python3.8/site-packages/airflow/example_dags/example_latest_only_with_trigger.py
[2026-06-07T16:32:49.853+0000] {processor.py:829} INFO - Processing file /home/airflow/.local/lib/python3.8/site-packages/airflow/example_dags/example_latest_only_with_trigger.py for tasks to queue
[2026-06-07T16:32:49.857+0000] {logging_mixin.py:154} INFO - [2026-06-07T16:32:49.856+0000] {dagbag.py:536} INFO - Filling up the DagBag from /home/airflow/.local/lib/python3.8/site-packages/airflow/example_dags/example_latest_only_with_trigger.py
[2026-06-07T16:32:49.864+0000] {processor.py:839} INFO - DAG(s) dict_keys(['latest_only_with_trigger']) retrieved from /home/airflow/.local/lib/python3.8/site-packages/airflow/example_dags/example_latest_only_with_trigger.py
[2026-06-07T16:32:49.894+0000] {logging_mixin.py:154} INFO - [2026-06-07T16:32:49.894+0000] {dag.py:2941} INFO - Sync 1 DAGs
[2026-06-07T16:32:49.929+0000] {logging_mixin.py:154} INFO - [2026-06-07T16:32:49.928+0000] {dag.py:3722} INFO - Setting next_dagrun for latest_only_with_trigger to 2026-06-07T12:32:49.928397+00:00, run_after=2026-06-07T16:32:49.928397+00:00
[2026-06-07T16:32:49.953+0000] {processor.py:179} INFO - Processing /home/airflow/.local/lib/python3.8/site-packages/airflow/example_dags/example_latest_only_with_trigger.py took 0.107 seconds
[2026-06-07T16:33:20.147+0000] {processor.py:157} INFO - Started process (PID=9217) to work on /home/airflow/.local/lib/python3.8/site-packages/airflow/example_dags/example_latest_only_with_trigger.py
[2026-06-07T16:33:20.159+0000] {processor.py:829} INFO - Processing file /home/airflow/.local/lib/python3.8/site-packages/airflow/example_dags/example_latest_only_with_trigger.py for tasks to queue
[2026-06-07T16:33:20.174+0000] {logging_mixin.py:154} INFO - [2026-06-07T16:33:20.174+0000] {dagbag.py:536} INFO - Filling up the DagBag from /home/airflow/.local/lib/python3.8/site-packages/airflow/example_dags/example_latest_only_with_trigger.py
[2026-06-07T16:33:20.193+0000] {processor.py:839} INFO - DAG(s) dict_keys(['latest_only_with_trigger']) retrieved from /home/airflow/.local/lib/python3.8/site-packages/airflow/example_dags/example_latest_only_with_trigger.py
[2026-06-07T16:33:20.286+0000] {logging_mixin.py:154} INFO - [2026-06-07T16:33:20.285+0000] {dag.py:2941} INFO - Sync 1 DAGs
[2026-06-07T16:33:20.342+0000] {logging_mixin.py:154} INFO - [2026-06-07T16:33:20.341+0000] {dag.py:3722} INFO - Setting next_dagrun for latest_only_with_trigger to 2026-06-07T12:33:20.341574+00:00, run_after=2026-06-07T16:33:20.341574+00:00
[2026-06-07T16:33:20.426+0000] {processor.py:179} INFO - Processing /home/airflow/.local/lib/python3.8/site-packages/airflow/example_dags/example_latest_only_with_trigger.py took 0.284 seconds
[2026-06-07T16:33:50.777+0000] {processor.py:157} INFO - Started process (PID=9270) to work on /home/airflow/.local/lib/python3.8/site-packages/airflow/example_dags/example_latest_only_with_trigger.py
[2026-06-07T16:33:50.778+0000] {processor.py:829} INFO - Processing file /home/airflow/.local/lib/python3.8/site-packages/airflow/example_dags/example_latest_only_with_trigger.py for tasks to queue
[2026-06-07T16:33:50.787+0000] {logging_mixin.py:154} INFO - [2026-06-07T16:33:50.787+0000] {dagbag.py:536} INFO - Filling up the DagBag from /home/airflow/.local/lib/python3.8/site-packages/airflow/example_dags/example_latest_only_with_trigger.py
[2026-06-07T16:33:50.806+0000] {processor.py:839} INFO - DAG(s) dict_keys(['latest_only_with_trigger']) retrieved from /home/airflow/.local/lib/python3.8/site-packages/airflow/example_dags/example_latest_only_with_trigger.py
[2026-06-07T16:33:50.865+0000] {logging_mixin.py:154} INFO - [2026-06-07T16:33:50.865+0000] {dag.py:2941} INFO - Sync 1 DAGs
[2026-06-07T16:33:50.951+0000] {logging_mixin.py:154} INFO - [2026-06-07T16:33:50.950+0000] {dag.py:3722} INFO - Setting next_dagrun for latest_only_with_trigger to 2026-06-07T12:33:50.950457+00:00, run_after=2026-06-07T16:33:50.950457+00:00
[2026-06-07T16:33:51.054+0000] {processor.py:179} INFO - Processing /home/airflow/.local/lib/python3.8/site-packages/airflow/example_dags/example_latest_only_with_trigger.py took 0.294 seconds
[2026-06-07T16:34:21.708+0000] {processor.py:157} INFO - Started process (PID=9324) to work on /home/airflow/.local/lib/python3.8/site-packages/airflow/example_dags/example_latest_only_with_trigger.py
[2026-06-07T16:34:21.709+0000] {processor.py:829} INFO - Processing file /home/airflow/.local/lib/python3.8/site-packages/airflow/example_dags/example_latest_only_with_trigger.py for tasks to queue
[2026-06-07T16:34:21.712+0000] {logging_mixin.py:154} INFO - [2026-06-07T16:34:21.712+0000] {dagbag.py:536} INFO - Filling up the DagBag from /home/airflow/.local/lib/python3.8/site-packages/airflow/example_dags/example_latest_only_with_trigger.py
[2026-06-07T16:34:21.718+0000] {processor.py:839} INFO - DAG(s) dict_keys(['latest_only_with_trigger']) retrieved from /home/airflow/.local/lib/python3.8/site-packages/airflow/example_dags/example_latest_only_with_trigger.py
[2026-06-07T16:34:21.742+0000] {logging_mixin.py:154} INFO - [2026-06-07T16:34:21.742+0000] {dag.py:2941} INFO - Sync 1 DAGs
[2026-06-07T16:34:21.767+0000] {logging_mixin.py:154} INFO - [2026-06-07T16:34:21.767+0000] {dag.py:3722} INFO - Setting next_dagrun for latest_only_with_trigger to 2026-06-07T12:34:21.767261+00:00, run_after=2026-06-07T16:34:21.767261+00:00
[2026-06-07T16:34:21.787+0000] {processor.py:179} INFO - Processing /home/airflow/.local/lib/python3.8/site-packages/airflow/example_dags/example_latest_only_with_trigger.py took 0.083 seconds
[2026-06-07T16:34:52.378+0000] {processor.py:157} INFO - Started process (PID=9378) to work on /home/airflow/.local/lib/python3.8/site-packages/airflow/example_dags/example_latest_only_with_trigger.py
[2026-06-07T16:34:52.379+0000] {processor.py:829} INFO - Processing file /home/airflow/.local/lib/python3.8/site-packages/airflow/example_dags/example_latest_only_with_trigger.py for tasks to queue
[2026-06-07T16:34:52.383+0000] {logging_mixin.py:154} INFO - [2026-06-07T16:34:52.383+0000] {dagbag.py:536} INFO - Filling up the DagBag from /home/airflow/.local/lib/python3.8/site-packages/airflow/example_dags/example_latest_only_with_trigger.py
[2026-06-07T16:34:52.392+0000] {processor.py:839} INFO - DAG(s) dict_keys(['latest_only_with_trigger']) retrieved from /home/airflow/.local/lib/python3.8/site-packages/airflow/example_dags/example_latest_only_with_trigger.py
[2026-06-07T16:34:52.421+0000] {logging_mixin.py:154} INFO - [2026-06-07T16:34:52.421+0000] {dag.py:2941} INFO - Sync 1 DAGs
[2026-06-07T16:34:52.458+0000] {logging_mixin.py:154} INFO - [2026-06-07T16:34:52.458+0000] {dag.py:3722} INFO - Setting next_dagrun for latest_only_with_trigger to 2026-06-07T12:34:52.457949+00:00, run_after=2026-06-07T16:34:52.457949+00:00
[2026-06-07T16:34:52.485+0000] {processor.py:179} INFO - Processing /home/airflow/.local/lib/python3.8/site-packages/airflow/example_dags/example_latest_only_with_trigger.py took 0.113 seconds
[2026-06-07T16:35:23.387+0000] {processor.py:157} INFO - Started process (PID=9431) to work on /home/airflow/.local/lib/python3.8/site-packages/airflow/example_dags/example_latest_only_with_trigger.py
[2026-06-07T16:35:23.399+0000] {processor.py:829} INFO - Processing file /home/airflow/.local/lib/python3.8/site-packages/airflow/example_dags/example_latest_only_with_trigger.py for tasks to queue
[2026-06-07T16:35:23.413+0000] {logging_mixin.py:154} INFO - [2026-06-07T16:35:23.412+0000] {dagbag.py:536} INFO - Filling up the DagBag from /home/airflow/.local/lib/python3.8/site-packages/airflow/example_dags/example_latest_only_with_trigger.py
[2026-06-07T16:35:23.433+0000] {processor.py:839} INFO - DAG(s) dict_keys(['latest_only_with_trigger']) retrieved from /home/airflow/.local/lib/python3.8/site-packages/airflow/example_dags/example_latest_only_with_trigger.py
[2026-06-07T16:35:23.465+0000] {logging_mixin.py:154} INFO - [2026-06-07T16:35:23.464+0000] {dag.py:2941} INFO - Sync 1 DAGs
[2026-06-07T16:35:23.502+0000] {logging_mixin.py:154} INFO - [2026-06-07T16:35:23.501+0000] {dag.py:3722} INFO - Setting next_dagrun for latest_only_with_trigger to 2026-06-07T12:35:23.501552+00:00, run_after=2026-06-07T16:35:23.501552+00:00
[2026-06-07T16:35:23.526+0000] {processor.py:179} INFO - Processing /home/airflow/.local/lib/python3.8/site-packages/airflow/example_dags/example_latest_only_with_trigger.py took 0.170 seconds
[2026-06-07T16:35:53.677+0000] {processor.py:157} INFO - Started process (PID=9486) to work on /home/airflow/.local/lib/python3.8/site-packages/airflow/example_dags/example_latest_only_with_trigger.py
[2026-06-07T16:35:53.678+0000] {processor.py:829} INFO - Processing file /home/airflow/.local/lib/python3.8/site-packages/airflow/example_dags/example_latest_only_with_trigger.py for tasks to queue
[2026-06-07T16:35:53.683+0000] {logging_mixin.py:154} INFO - [2026-06-07T16:35:53.682+0000] {dagbag.py:536} INFO - Filling up the DagBag from /home/airflow/.local/lib/python3.8/site-packages/airflow/example_dags/example_latest_only_with_trigger.py
[2026-06-07T16:35:53.691+0000] {processor.py:839} INFO - DAG(s) dict_keys(['latest_only_with_trigger']) retrieved from /home/airflow/.local/lib/python3.8/site-packages/airflow/example_dags/example_latest_only_with_trigger.py
[2026-06-07T16:35:53.724+0000] {logging_mixin.py:154} INFO - [2026-06-07T16:35:53.723+0000] {dag.py:2941} INFO - Sync 1 DAGs
[2026-06-07T16:35:53.757+0000] {logging_mixin.py:154} INFO - [2026-06-07T16:35:53.756+0000] {dag.py:3722} INFO - Setting next_dagrun for latest_only_with_trigger to 2026-06-07T12:35:53.756351+00:00, run_after=2026-06-07T16:35:53.756351+00:00
[2026-06-07T16:35:53.789+0000] {processor.py:179} INFO - Processing /home/airflow/.local/lib/python3.8/site-packages/airflow/example_dags/example_latest_only_with_trigger.py took 0.117 seconds
[2026-06-07T16:36:23.967+0000] {processor.py:157} INFO - Started process (PID=9539) to work on /home/airflow/.local/lib/python3.8/site-packages/airflow/example_dags/example_latest_only_with_trigger.py
[2026-06-07T16:36:23.970+0000] {processor.py:829} INFO - Processing file /home/airflow/.local/lib/python3.8/site-packages/airflow/example_dags/example_latest_only_with_trigger.py for tasks to queue
[2026-06-07T16:36:23.982+0000] {logging_mixin.py:154} INFO - [2026-06-07T16:36:23.981+0000] {dagbag.py:536} INFO - Filling up the DagBag from /home/airflow/.local/lib/python3.8/site-packages/airflow/example_dags/example_latest_only_with_trigger.py
[2026-06-07T16:36:24.000+0000] {processor.py:839} INFO - DAG(s) dict_keys(['latest_only_with_trigger']) retrieved from /home/airflow/.local/lib/python3.8/site-packages/airflow/example_dags/example_latest_only_with_trigger.py
[2026-06-07T16:36:24.030+0000] {logging_mixin.py:154} INFO - [2026-06-07T16:36:24.030+0000] {dag.py:2941} INFO - Sync 1 DAGs
[2026-06-07T16:36:24.094+0000] {logging_mixin.py:154} INFO - [2026-06-07T16:36:24.094+0000] {dag.py:3722} INFO - Setting next_dagrun for latest_only_with_trigger to 2026-06-07T12:36:24.093675+00:00, run_after=2026-06-07T16:36:24.093675+00:00
[2026-06-07T16:36:24.147+0000] {processor.py:179} INFO - Processing /home/airflow/.local/lib/python3.8/site-packages/airflow/example_dags/example_latest_only_with_trigger.py took 0.185 seconds
[2026-06-07T16:36:55.045+0000] {processor.py:157} INFO - Started process (PID=9593) to work on /home/airflow/.local/lib/python3.8/site-packages/airflow/example_dags/example_latest_only_with_trigger.py
[2026-06-07T16:36:55.046+0000] {processor.py:829} INFO - Processing file /home/airflow/.local/lib/python3.8/site-packages/airflow/example_dags/example_latest_only_with_trigger.py for tasks to queue
[2026-06-07T16:36:55.063+0000] {logging_mixin.py:154} INFO - [2026-06-07T16:36:55.062+0000] {dagbag.py:536} INFO - Filling up the DagBag from /home/airflow/.local/lib/python3.8/site-packages/airflow/example_dags/example_latest_only_with_trigger.py
[2026-06-07T16:36:55.087+0000] {processor.py:839} INFO - DAG(s) dict_keys(['latest_only_with_trigger']) retrieved from /home/airflow/.local/lib/python3.8/site-packages/airflow/example_dags/example_latest_only_with_trigger.py
[2026-06-07T16:36:55.188+0000] {logging_mixin.py:154} INFO - [2026-06-07T16:36:55.188+0000] {dag.py:2941} INFO - Sync 1 DAGs
[2026-06-07T16:36:55.256+0000] {logging_mixin.py:154} INFO - [2026-06-07T16:36:55.256+0000] {dag.py:3722} INFO - Setting next_dagrun for latest_only_with_trigger to 2026-06-07T12:36:55.256100+00:00, run_after=2026-06-07T16:36:55.256100+00:00
[2026-06-07T16:36:55.310+0000] {processor.py:179} INFO - Processing /home/airflow/.local/lib/python3.8/site-packages/airflow/example_dags/example_latest_only_with_trigger.py took 0.270 seconds
[2026-06-07T16:37:25.842+0000] {processor.py:157} INFO - Started process (PID=9646) to work on /home/airflow/.local/lib/python3.8/site-packages/airflow/example_dags/example_latest_only_with_trigger.py
[2026-06-07T16:37:25.844+0000] {processor.py:829} INFO - Processing file /home/airflow/.local/lib/python3.8/site-packages/airflow/example_dags/example_latest_only_with_trigger.py for tasks to queue
[2026-06-07T16:37:25.848+0000] {logging_mixin.py:154} INFO - [2026-06-07T16:37:25.848+0000] {dagbag.py:536} INFO - Filling up the DagBag from /home/airflow/.local/lib/python3.8/site-packages/airflow/example_dags/example_latest_only_with_trigger.py
[2026-06-07T16:37:25.859+0000] {processor.py:839} INFO - DAG(s) dict_keys(['latest_only_with_trigger']) retrieved from /home/airflow/.local/lib/python3.8/site-packages/airflow/example_dags/example_latest_only_with_trigger.py
[2026-06-07T16:37:25.889+0000] {logging_mixin.py:154} INFO - [2026-06-07T16:37:25.889+0000] {dag.py:2941} INFO - Sync 1 DAGs
[2026-06-07T16:37:25.925+0000] {logging_mixin.py:154} INFO - [2026-06-07T16:37:25.925+0000] {dag.py:3722} INFO - Setting next_dagrun for latest_only_with_trigger to 2026-06-07T12:37:25.924858+00:00, run_after=2026-06-07T16:37:25.924858+00:00
[2026-06-07T16:37:25.953+0000] {processor.py:179} INFO - Processing /home/airflow/.local/lib/python3.8/site-packages/airflow/example_dags/example_latest_only_with_trigger.py took 0.117 seconds
[2026-06-07T16:37:55.990+0000] {processor.py:157} INFO - Started process (PID=9700) to work on /home/airflow/.local/lib/python3.8/site-packages/airflow/example_dags/example_latest_only_with_trigger.py
[2026-06-07T16:37:55.991+0000] {processor.py:829} INFO - Processing file /home/airflow/.local/lib/python3.8/site-packages/airflow/example_dags/example_latest_only_with_trigger.py for tasks to queue
[2026-06-07T16:37:55.995+0000] {logging_mixin.py:154} INFO - [2026-06-07T16:37:55.994+0000] {dagbag.py:536} INFO - Filling up the DagBag from /home/airflow/.local/lib/python3.8/site-packages/airflow/example_dags/example_latest_only_with_trigger.py
[2026-06-07T16:37:56.004+0000] {processor.py:839} INFO - DAG(s) dict_keys(['latest_only_with_trigger']) retrieved from /home/airflow/.local/lib/python3.8/site-packages/airflow/example_dags/example_latest_only_with_trigger.py
[2026-06-07T16:37:56.034+0000] {logging_mixin.py:154} INFO - [2026-06-07T16:37:56.034+0000] {dag.py:2941} INFO - Sync 1 DAGs
[2026-06-07T16:37:56.068+0000] {logging_mixin.py:154} INFO - [2026-06-07T16:37:56.068+0000] {dag.py:3722} INFO - Setting next_dagrun for latest_only_with_trigger to 2026-06-07T12:37:56.068035+00:00, run_after=2026-06-07T16:37:56.068035+00:00
[2026-06-07T16:37:56.094+0000] {processor.py:179} INFO - Processing /home/airflow/.local/lib/python3.8/site-packages/airflow/example_dags/example_latest_only_with_trigger.py took 0.109 seconds
[2026-06-07T16:38:26.645+0000] {processor.py:157} INFO - Started process (PID=9754) to work on /home/airflow/.local/lib/python3.8/site-packages/airflow/example_dags/example_latest_only_with_trigger.py
[2026-06-07T16:38:26.650+0000] {processor.py:829} INFO - Processing file /home/airflow/.local/lib/python3.8/site-packages/airflow/example_dags/example_latest_only_with_trigger.py for tasks to queue
[2026-06-07T16:38:26.658+0000] {logging_mixin.py:154} INFO - [2026-06-07T16:38:26.657+0000] {dagbag.py:536} INFO - Filling up the DagBag from /home/airflow/.local/lib/python3.8/site-packages/airflow/example_dags/example_latest_only_with_trigger.py
[2026-06-07T16:38:26.678+0000] {processor.py:839} INFO - DAG(s) dict_keys(['latest_only_with_trigger']) retrieved from /home/airflow/.local/lib/python3.8/site-packages/airflow/example_dags/example_latest_only_with_trigger.py
[2026-06-07T16:38:26.710+0000] {logging_mixin.py:154} INFO - [2026-06-07T16:38:26.709+0000] {dag.py:2941} INFO - Sync 1 DAGs
[2026-06-07T16:38:26.744+0000] {logging_mixin.py:154} INFO - [2026-06-07T16:38:26.744+0000] {dag.py:3722} INFO - Setting next_dagrun for latest_only_with_trigger to 2026-06-07T12:38:26.744017+00:00, run_after=2026-06-07T16:38:26.744017+00:00
[2026-06-07T16:38:26.770+0000] {processor.py:179} INFO - Processing /home/airflow/.local/lib/python3.8/site-packages/airflow/example_dags/example_latest_only_with_trigger.py took 0.131 seconds
[2026-06-07T16:38:57.396+0000] {processor.py:157} INFO - Started process (PID=9808) to work on /home/airflow/.local/lib/python3.8/site-packages/airflow/example_dags/example_latest_only_with_trigger.py
[2026-06-07T16:38:57.405+0000] {processor.py:829} INFO - Processing file /home/airflow/.local/lib/python3.8/site-packages/airflow/example_dags/example_latest_only_with_trigger.py for tasks to queue
[2026-06-07T16:38:57.408+0000] {logging_mixin.py:154} INFO - [2026-06-07T16:38:57.408+0000] {dagbag.py:536} INFO - Filling up the DagBag from /home/airflow/.local/lib/python3.8/site-packages/airflow/example_dags/example_latest_only_with_trigger.py
[2026-06-07T16:38:57.438+0000] {processor.py:839} INFO - DAG(s) dict_keys(['latest_only_with_trigger']) retrieved from /home/airflow/.local/lib/python3.8/site-packages/airflow/example_dags/example_latest_only_with_trigger.py
[2026-06-07T16:38:57.514+0000] {logging_mixin.py:154} INFO - [2026-06-07T16:38:57.514+0000] {dag.py:2941} INFO - Sync 1 DAGs
[2026-06-07T16:38:57.594+0000] {logging_mixin.py:154} INFO - [2026-06-07T16:38:57.593+0000] {dag.py:3722} INFO - Setting next_dagrun for latest_only_with_trigger to 2026-06-07T12:38:57.593577+00:00, run_after=2026-06-07T16:38:57.593577+00:00
[2026-06-07T16:38:57.682+0000] {processor.py:179} INFO - Processing /home/airflow/.local/lib/python3.8/site-packages/airflow/example_dags/example_latest_only_with_trigger.py took 0.304 seconds
[2026-06-07T16:39:28.342+0000] {processor.py:157} INFO - Started process (PID=9862) to work on /home/airflow/.local/lib/python3.8/site-packages/airflow/example_dags/example_latest_only_with_trigger.py
[2026-06-07T16:39:28.344+0000] {processor.py:829} INFO - Processing file /home/airflow/.local/lib/python3.8/site-packages/airflow/example_dags/example_latest_only_with_trigger.py for tasks to queue
[2026-06-07T16:39:28.357+0000] {logging_mixin.py:154} INFO - [2026-06-07T16:39:28.357+0000] {dagbag.py:536} INFO - Filling up the DagBag from /home/airflow/.local/lib/python3.8/site-packages/airflow/example_dags/example_latest_only_with_trigger.py
[2026-06-07T16:39:28.387+0000] {processor.py:839} INFO - DAG(s) dict_keys(['latest_only_with_trigger']) retrieved from /home/airflow/.local/lib/python3.8/site-packages/airflow/example_dags/example_latest_only_with_trigger.py
[2026-06-07T16:39:28.446+0000] {logging_mixin.py:154} INFO - [2026-06-07T16:39:28.446+0000] {dag.py:2941} INFO - Sync 1 DAGs
[2026-06-07T16:39:28.542+0000] {logging_mixin.py:154} INFO - [2026-06-07T16:39:28.541+0000] {dag.py:3722} INFO - Setting next_dagrun for latest_only_with_trigger to 2026-06-07T12:39:28.541523+00:00, run_after=2026-06-07T16:39:28.541523+00:00
[2026-06-07T16:39:29.082+0000] {processor.py:179} INFO - Processing /home/airflow/.local/lib/python3.8/site-packages/airflow/example_dags/example_latest_only_with_trigger.py took 0.753 seconds
[2026-06-07T16:39:59.426+0000] {processor.py:157} INFO - Started process (PID=9916) to work on /home/airflow/.local/lib/python3.8/site-packages/airflow/example_dags/example_latest_only_with_trigger.py
[2026-06-07T16:39:59.428+0000] {processor.py:829} INFO - Processing file /home/airflow/.local/lib/python3.8/site-packages/airflow/example_dags/example_latest_only_with_trigger.py for tasks to queue
[2026-06-07T16:39:59.439+0000] {logging_mixin.py:154} INFO - [2026-06-07T16:39:59.438+0000] {dagbag.py:536} INFO - Filling up the DagBag from /home/airflow/.local/lib/python3.8/site-packages/airflow/example_dags/example_latest_only_with_trigger.py
[2026-06-07T16:39:59.471+0000] {processor.py:839} INFO - DAG(s) dict_keys(['latest_only_with_trigger']) retrieved from /home/airflow/.local/lib/python3.8/site-packages/airflow/example_dags/example_latest_only_with_trigger.py
[2026-06-07T16:39:59.533+0000] {logging_mixin.py:154} INFO - [2026-06-07T16:39:59.533+0000] {dag.py:2941} INFO - Sync 1 DAGs
[2026-06-07T16:39:59.573+0000] {logging_mixin.py:154} INFO - [2026-06-07T16:39:59.573+0000] {dag.py:3722} INFO - Setting next_dagrun for latest_only_with_trigger to 2026-06-07T12:39:59.573341+00:00, run_after=2026-06-07T16:39:59.573341+00:00
[2026-06-07T16:39:59.619+0000] {processor.py:179} INFO - Processing /home/airflow/.local/lib/python3.8/site-packages/airflow/example_dags/example_latest_only_with_trigger.py took 0.198 seconds
[2026-06-07T16:40:29.791+0000] {processor.py:157} INFO - Started process (PID=9970) to work on /home/airflow/.local/lib/python3.8/site-packages/airflow/example_dags/example_latest_only_with_trigger.py
[2026-06-07T16:40:29.792+0000] {processor.py:829} INFO - Processing file /home/airflow/.local/lib/python3.8/site-packages/airflow/example_dags/example_latest_only_with_trigger.py for tasks to queue
[2026-06-07T16:40:29.796+0000] {logging_mixin.py:154} INFO - [2026-06-07T16:40:29.795+0000] {dagbag.py:536} INFO - Filling up the DagBag from /home/airflow/.local/lib/python3.8/site-packages/airflow/example_dags/example_latest_only_with_trigger.py
[2026-06-07T16:40:29.805+0000] {processor.py:839} INFO - DAG(s) dict_keys(['latest_only_with_trigger']) retrieved from /home/airflow/.local/lib/python3.8/site-packages/airflow/example_dags/example_latest_only_with_trigger.py
[2026-06-07T16:40:29.838+0000] {logging_mixin.py:154} INFO - [2026-06-07T16:40:29.838+0000] {dag.py:2941} INFO - Sync 1 DAGs
[2026-06-07T16:40:29.872+0000] {logging_mixin.py:154} INFO - [2026-06-07T16:40:29.872+0000] {dag.py:3722} INFO - Setting next_dagrun for latest_only_with_trigger to 2026-06-07T12:40:29.871730+00:00, run_after=2026-06-07T16:40:29.871730+00:00
[2026-06-07T16:40:29.900+0000] {processor.py:179} INFO - Processing /home/airflow/.local/lib/python3.8/site-packages/airflow/example_dags/example_latest_only_with_trigger.py took 0.115 seconds
[2026-06-07T16:41:02.393+0000] {processor.py:157} INFO - Started process (PID=10024) to work on /home/airflow/.local/lib/python3.8/site-packages/airflow/example_dags/example_latest_only_with_trigger.py
[2026-06-07T16:41:02.395+0000] {processor.py:829} INFO - Processing file /home/airflow/.local/lib/python3.8/site-packages/airflow/example_dags/example_latest_only_with_trigger.py for tasks to queue
[2026-06-07T16:41:02.398+0000] {logging_mixin.py:154} INFO - [2026-06-07T16:41:02.398+0000] {dagbag.py:536} INFO - Filling up the DagBag from /home/airflow/.local/lib/python3.8/site-packages/airflow/example_dags/example_latest_only_with_trigger.py
[2026-06-07T16:41:02.407+0000] {processor.py:839} INFO - DAG(s) dict_keys(['latest_only_with_trigger']) retrieved from /home/airflow/.local/lib/python3.8/site-packages/airflow/example_dags/example_latest_only_with_trigger.py
[2026-06-07T16:41:02.437+0000] {logging_mixin.py:154} INFO - [2026-06-07T16:41:02.436+0000] {dag.py:2941} INFO - Sync 1 DAGs
[2026-06-07T16:41:02.664+0000] {logging_mixin.py:154} INFO - [2026-06-07T16:41:02.663+0000] {dag.py:3722} INFO - Setting next_dagrun for latest_only_with_trigger to 2026-06-07T12:41:02.663610+00:00, run_after=2026-06-07T16:41:02.663610+00:00
[2026-06-07T16:41:02.692+0000] {processor.py:179} INFO - Processing /home/airflow/.local/lib/python3.8/site-packages/airflow/example_dags/example_latest_only_with_trigger.py took 0.305 seconds
[2026-06-07T16:41:34.643+0000] {processor.py:157} INFO - Started process (PID=10078) to work on /home/airflow/.local/lib/python3.8/site-packages/airflow/example_dags/example_latest_only_with_trigger.py
[2026-06-07T16:41:34.652+0000] {processor.py:829} INFO - Processing file /home/airflow/.local/lib/python3.8/site-packages/airflow/example_dags/example_latest_only_with_trigger.py for tasks to queue
[2026-06-07T16:41:34.666+0000] {logging_mixin.py:154} INFO - [2026-06-07T16:41:34.664+0000] {dagbag.py:536} INFO - Filling up the DagBag from /home/airflow/.local/lib/python3.8/site-packages/airflow/example_dags/example_latest_only_with_trigger.py
[2026-06-07T16:41:34.723+0000] {processor.py:839} INFO - DAG(s) dict_keys(['latest_only_with_trigger']) retrieved from /home/airflow/.local/lib/python3.8/site-packages/airflow/example_dags/example_latest_only_with_trigger.py
[2026-06-07T16:41:34.815+0000] {logging_mixin.py:154} INFO - [2026-06-07T16:41:34.815+0000] {dag.py:2941} INFO - Sync 1 DAGs
[2026-06-07T16:41:35.296+0000] {logging_mixin.py:154} INFO - [2026-06-07T16:41:35.296+0000] {dag.py:3722} INFO - Setting next_dagrun for latest_only_with_trigger to 2026-06-07T12:41:35.295770+00:00, run_after=2026-06-07T16:41:35.295770+00:00
[2026-06-07T16:41:35.341+0000] {processor.py:179} INFO - Processing /home/airflow/.local/lib/python3.8/site-packages/airflow/example_dags/example_latest_only_with_trigger.py took 0.719 seconds
[2026-06-07T16:42:05.557+0000] {processor.py:157} INFO - Started process (PID=10131) to work on /home/airflow/.local/lib/python3.8/site-packages/airflow/example_dags/example_latest_only_with_trigger.py
[2026-06-07T16:42:05.558+0000] {processor.py:829} INFO - Processing file /home/airflow/.local/lib/python3.8/site-packages/airflow/example_dags/example_latest_only_with_trigger.py for tasks to queue
[2026-06-07T16:42:05.561+0000] {logging_mixin.py:154} INFO - [2026-06-07T16:42:05.561+0000] {dagbag.py:536} INFO - Filling up the DagBag from /home/airflow/.local/lib/python3.8/site-packages/airflow/example_dags/example_latest_only_with_trigger.py
[2026-06-07T16:42:05.568+0000] {processor.py:839} INFO - DAG(s) dict_keys(['latest_only_with_trigger']) retrieved from /home/airflow/.local/lib/python3.8/site-packages/airflow/example_dags/example_latest_only_with_trigger.py
[2026-06-07T16:42:05.597+0000] {logging_mixin.py:154} INFO - [2026-06-07T16:42:05.596+0000] {dag.py:2941} INFO - Sync 1 DAGs
[2026-06-07T16:42:05.621+0000] {logging_mixin.py:154} INFO - [2026-06-07T16:42:05.621+0000] {dag.py:3722} INFO - Setting next_dagrun for latest_only_with_trigger to 2026-06-07T12:42:05.620929+00:00, run_after=2026-06-07T16:42:05.620929+00:00
[2026-06-07T16:42:05.643+0000] {processor.py:179} INFO - Processing /home/airflow/.local/lib/python3.8/site-packages/airflow/example_dags/example_latest_only_with_trigger.py took 0.090 seconds
[2026-06-07T16:42:36.496+0000] {processor.py:157} INFO - Started process (PID=10192) to work on /home/airflow/.local/lib/python3.8/site-packages/airflow/example_dags/example_latest_only_with_trigger.py
[2026-06-07T16:42:36.499+0000] {processor.py:829} INFO - Processing file /home/airflow/.local/lib/python3.8/site-packages/airflow/example_dags/example_latest_only_with_trigger.py for tasks to queue
[2026-06-07T16:42:36.502+0000] {logging_mixin.py:154} INFO - [2026-06-07T16:42:36.502+0000] {dagbag.py:536} INFO - Filling up the DagBag from /home/airflow/.local/lib/python3.8/site-packages/airflow/example_dags/example_latest_only_with_trigger.py
[2026-06-07T16:42:36.511+0000] {processor.py:839} INFO - DAG(s) dict_keys(['latest_only_with_trigger']) retrieved from /home/airflow/.local/lib/python3.8/site-packages/airflow/example_dags/example_latest_only_with_trigger.py
[2026-06-07T16:42:36.541+0000] {logging_mixin.py:154} INFO - [2026-06-07T16:42:36.540+0000] {dag.py:2941} INFO - Sync 1 DAGs
[2026-06-07T16:42:36.572+0000] {logging_mixin.py:154} INFO - [2026-06-07T16:42:36.571+0000] {dag.py:3722} INFO - Setting next_dagrun for latest_only_with_trigger to 2026-06-07T12:42:36.571402+00:00, run_after=2026-06-07T16:42:36.571402+00:00
[2026-06-07T16:42:36.597+0000] {processor.py:179} INFO - Processing /home/airflow/.local/lib/python3.8/site-packages/airflow/example_dags/example_latest_only_with_trigger.py took 0.107 seconds
[2026-06-07T16:43:06.789+0000] {processor.py:157} INFO - Started process (PID=10245) to work on /home/airflow/.local/lib/python3.8/site-packages/airflow/example_dags/example_latest_only_with_trigger.py
[2026-06-07T16:43:06.790+0000] {processor.py:829} INFO - Processing file /home/airflow/.local/lib/python3.8/site-packages/airflow/example_dags/example_latest_only_with_trigger.py for tasks to queue
[2026-06-07T16:43:06.793+0000] {logging_mixin.py:154} INFO - [2026-06-07T16:43:06.793+0000] {dagbag.py:536} INFO - Filling up the DagBag from /home/airflow/.local/lib/python3.8/site-packages/airflow/example_dags/example_latest_only_with_trigger.py
[2026-06-07T16:43:06.801+0000] {processor.py:839} INFO - DAG(s) dict_keys(['latest_only_with_trigger']) retrieved from /home/airflow/.local/lib/python3.8/site-packages/airflow/example_dags/example_latest_only_with_trigger.py
[2026-06-07T16:43:06.824+0000] {logging_mixin.py:154} INFO - [2026-06-07T16:43:06.824+0000] {dag.py:2941} INFO - Sync 1 DAGs
[2026-06-07T16:43:07.003+0000] {logging_mixin.py:154} INFO - [2026-06-07T16:43:07.003+0000] {dag.py:3722} INFO - Setting next_dagrun for latest_only_with_trigger to 2026-06-07T12:43:07.003270+00:00, run_after=2026-06-07T16:43:07.003270+00:00
[2026-06-07T16:43:07.023+0000] {processor.py:179} INFO - Processing /home/airflow/.local/lib/python3.8/site-packages/airflow/example_dags/example_latest_only_with_trigger.py took 0.240 seconds
[2026-06-07T16:43:37.229+0000] {processor.py:157} INFO - Started process (PID=10298) to work on /home/airflow/.local/lib/python3.8/site-packages/airflow/example_dags/example_latest_only_with_trigger.py
[2026-06-07T16:43:37.245+0000] {processor.py:829} INFO - Processing file /home/airflow/.local/lib/python3.8/site-packages/airflow/example_dags/example_latest_only_with_trigger.py for tasks to queue
[2026-06-07T16:43:37.265+0000] {logging_mixin.py:154} INFO - [2026-06-07T16:43:37.265+0000] {dagbag.py:536} INFO - Filling up the DagBag from /home/airflow/.local/lib/python3.8/site-packages/airflow/example_dags/example_latest_only_with_trigger.py
[2026-06-07T16:43:37.304+0000] {processor.py:839} INFO - DAG(s) dict_keys(['latest_only_with_trigger']) retrieved from /home/airflow/.local/lib/python3.8/site-packages/airflow/example_dags/example_latest_only_with_trigger.py
[2026-06-07T16:43:37.492+0000] {logging_mixin.py:154} INFO - [2026-06-07T16:43:37.492+0000] {dag.py:2941} INFO - Sync 1 DAGs
[2026-06-07T16:43:37.608+0000] {logging_mixin.py:154} INFO - [2026-06-07T16:43:37.607+0000] {dag.py:3722} INFO - Setting next_dagrun for latest_only_with_trigger to 2026-06-07T12:43:37.607425+00:00, run_after=2026-06-07T16:43:37.607425+00:00
[2026-06-07T16:43:37.692+0000] {processor.py:179} INFO - Processing /home/airflow/.local/lib/python3.8/site-packages/airflow/example_dags/example_latest_only_with_trigger.py took 0.505 seconds
[2026-06-07T16:44:07.972+0000] {processor.py:157} INFO - Started process (PID=10351) to work on /home/airflow/.local/lib/python3.8/site-packages/airflow/example_dags/example_latest_only_with_trigger.py
[2026-06-07T16:44:07.981+0000] {processor.py:829} INFO - Processing file /home/airflow/.local/lib/python3.8/site-packages/airflow/example_dags/example_latest_only_with_trigger.py for tasks to queue
[2026-06-07T16:44:07.995+0000] {logging_mixin.py:154} INFO - [2026-06-07T16:44:07.994+0000] {dagbag.py:536} INFO - Filling up the DagBag from /home/airflow/.local/lib/python3.8/site-packages/airflow/example_dags/example_latest_only_with_trigger.py
[2026-06-07T16:44:08.581+0000] {processor.py:839} INFO - DAG(s) dict_keys(['latest_only_with_trigger']) retrieved from /home/airflow/.local/lib/python3.8/site-packages/airflow/example_dags/example_latest_only_with_trigger.py
[2026-06-07T16:44:08.636+0000] {logging_mixin.py:154} INFO - [2026-06-07T16:44:08.635+0000] {dag.py:2941} INFO - Sync 1 DAGs
[2026-06-07T16:44:08.782+0000] {logging_mixin.py:154} INFO - [2026-06-07T16:44:08.782+0000] {dag.py:3722} INFO - Setting next_dagrun for latest_only_with_trigger to 2026-06-07T12:44:08.782106+00:00, run_after=2026-06-07T16:44:08.782106+00:00
[2026-06-07T16:44:08.893+0000] {processor.py:179} INFO - Processing /home/airflow/.local/lib/python3.8/site-packages/airflow/example_dags/example_latest_only_with_trigger.py took 0.945 seconds
[2026-06-07T16:44:39.885+0000] {processor.py:157} INFO - Started process (PID=10404) to work on /home/airflow/.local/lib/python3.8/site-packages/airflow/example_dags/example_latest_only_with_trigger.py
[2026-06-07T16:44:39.893+0000] {processor.py:829} INFO - Processing file /home/airflow/.local/lib/python3.8/site-packages/airflow/example_dags/example_latest_only_with_trigger.py for tasks to queue
[2026-06-07T16:44:39.899+0000] {logging_mixin.py:154} INFO - [2026-06-07T16:44:39.899+0000] {dagbag.py:536} INFO - Filling up the DagBag from /home/airflow/.local/lib/python3.8/site-packages/airflow/example_dags/example_latest_only_with_trigger.py
[2026-06-07T16:44:39.908+0000] {processor.py:839} INFO - DAG(s) dict_keys(['latest_only_with_trigger']) retrieved from /home/airflow/.local/lib/python3.8/site-packages/airflow/example_dags/example_latest_only_with_trigger.py
[2026-06-07T16:44:40.027+0000] {logging_mixin.py:154} INFO - [2026-06-07T16:44:40.027+0000] {dag.py:2941} INFO - Sync 1 DAGs
[2026-06-07T16:44:40.102+0000] {logging_mixin.py:154} INFO - [2026-06-07T16:44:40.101+0000] {dag.py:3722} INFO - Setting next_dagrun for latest_only_with_trigger to 2026-06-07T12:44:40.101528+00:00, run_after=2026-06-07T16:44:40.101528+00:00
[2026-06-07T16:44:40.144+0000] {processor.py:179} INFO - Processing /home/airflow/.local/lib/python3.8/site-packages/airflow/example_dags/example_latest_only_with_trigger.py took 0.263 seconds
[2026-06-07T16:45:10.939+0000] {processor.py:157} INFO - Started process (PID=10458) to work on /home/airflow/.local/lib/python3.8/site-packages/airflow/example_dags/example_latest_only_with_trigger.py
[2026-06-07T16:45:10.940+0000] {processor.py:829} INFO - Processing file /home/airflow/.local/lib/python3.8/site-packages/airflow/example_dags/example_latest_only_with_trigger.py for tasks to queue
[2026-06-07T16:45:10.943+0000] {logging_mixin.py:154} INFO - [2026-06-07T16:45:10.943+0000] {dagbag.py:536} INFO - Filling up the DagBag from /home/airflow/.local/lib/python3.8/site-packages/airflow/example_dags/example_latest_only_with_trigger.py
[2026-06-07T16:45:10.965+0000] {processor.py:839} INFO - DAG(s) dict_keys(['latest_only_with_trigger']) retrieved from /home/airflow/.local/lib/python3.8/site-packages/airflow/example_dags/example_latest_only_with_trigger.py
[2026-06-07T16:45:11.029+0000] {logging_mixin.py:154} INFO - [2026-06-07T16:45:11.029+0000] {dag.py:2941} INFO - Sync 1 DAGs
[2026-06-07T16:45:11.090+0000] {logging_mixin.py:154} INFO - [2026-06-07T16:45:11.089+0000] {dag.py:3722} INFO - Setting next_dagrun for latest_only_with_trigger to 2026-06-07T12:45:11.089590+00:00, run_after=2026-06-07T16:45:11.089590+00:00
[2026-06-07T16:45:11.171+0000] {processor.py:179} INFO - Processing /home/airflow/.local/lib/python3.8/site-packages/airflow/example_dags/example_latest_only_with_trigger.py took 0.246 seconds
[2026-06-07T16:45:41.573+0000] {processor.py:157} INFO - Started process (PID=10513) to work on /home/airflow/.local/lib/python3.8/site-packages/airflow/example_dags/example_latest_only_with_trigger.py
[2026-06-07T16:45:41.576+0000] {processor.py:829} INFO - Processing file /home/airflow/.local/lib/python3.8/site-packages/airflow/example_dags/example_latest_only_with_trigger.py for tasks to queue
[2026-06-07T16:45:41.580+0000] {logging_mixin.py:154} INFO - [2026-06-07T16:45:41.579+0000] {dagbag.py:536} INFO - Filling up the DagBag from /home/airflow/.local/lib/python3.8/site-packages/airflow/example_dags/example_latest_only_with_trigger.py
[2026-06-07T16:45:41.601+0000] {processor.py:839} INFO - DAG(s) dict_keys(['latest_only_with_trigger']) retrieved from /home/airflow/.local/lib/python3.8/site-packages/airflow/example_dags/example_latest_only_with_trigger.py
[2026-06-07T16:45:41.676+0000] {logging_mixin.py:154} INFO - [2026-06-07T16:45:41.676+0000] {dag.py:2941} INFO - Sync 1 DAGs
[2026-06-07T16:45:41.762+0000] {logging_mixin.py:154} INFO - [2026-06-07T16:45:41.761+0000] {dag.py:3722} INFO - Setting next_dagrun for latest_only_with_trigger to 2026-06-07T12:45:41.760689+00:00, run_after=2026-06-07T16:45:41.760689+00:00
[2026-06-07T16:45:41.813+0000] {processor.py:179} INFO - Processing /home/airflow/.local/lib/python3.8/site-packages/airflow/example_dags/example_latest_only_with_trigger.py took 0.264 seconds
[2026-06-07T16:46:11.960+0000] {processor.py:157} INFO - Started process (PID=10566) to work on /home/airflow/.local/lib/python3.8/site-packages/airflow/example_dags/example_latest_only_with_trigger.py
[2026-06-07T16:46:11.961+0000] {processor.py:829} INFO - Processing file /home/airflow/.local/lib/python3.8/site-packages/airflow/example_dags/example_latest_only_with_trigger.py for tasks to queue
[2026-06-07T16:46:11.968+0000] {logging_mixin.py:154} INFO - [2026-06-07T16:46:11.967+0000] {dagbag.py:536} INFO - Filling up the DagBag from /home/airflow/.local/lib/python3.8/site-packages/airflow/example_dags/example_latest_only_with_trigger.py
[2026-06-07T16:46:11.977+0000] {processor.py:839} INFO - DAG(s) dict_keys(['latest_only_with_trigger']) retrieved from /home/airflow/.local/lib/python3.8/site-packages/airflow/example_dags/example_latest_only_with_trigger.py
[2026-06-07T16:46:12.031+0000] {logging_mixin.py:154} INFO - [2026-06-07T16:46:12.030+0000] {dag.py:2941} INFO - Sync 1 DAGs
[2026-06-07T16:46:12.087+0000] {logging_mixin.py:154} INFO - [2026-06-07T16:46:12.087+0000] {dag.py:3722} INFO - Setting next_dagrun for latest_only_with_trigger to 2026-06-07T12:46:12.086854+00:00, run_after=2026-06-07T16:46:12.086854+00:00
[2026-06-07T16:46:12.124+0000] {processor.py:179} INFO - Processing /home/airflow/.local/lib/python3.8/site-packages/airflow/example_dags/example_latest_only_with_trigger.py took 0.172 seconds
[2026-06-07T16:46:42.409+0000] {processor.py:157} INFO - Started process (PID=10620) to work on /home/airflow/.local/lib/python3.8/site-packages/airflow/example_dags/example_latest_only_with_trigger.py
[2026-06-07T16:46:42.411+0000] {processor.py:829} INFO - Processing file /home/airflow/.local/lib/python3.8/site-packages/airflow/example_dags/example_latest_only_with_trigger.py for tasks to queue
[2026-06-07T16:46:42.416+0000] {logging_mixin.py:154} INFO - [2026-06-07T16:46:42.415+0000] {dagbag.py:536} INFO - Filling up the DagBag from /home/airflow/.local/lib/python3.8/site-packages/airflow/example_dags/example_latest_only_with_trigger.py
[2026-06-07T16:46:42.425+0000] {processor.py:839} INFO - DAG(s) dict_keys(['latest_only_with_trigger']) retrieved from /home/airflow/.local/lib/python3.8/site-packages/airflow/example_dags/example_latest_only_with_trigger.py
[2026-06-07T16:46:42.464+0000] {logging_mixin.py:154} INFO - [2026-06-07T16:46:42.463+0000] {dag.py:2941} INFO - Sync 1 DAGs
[2026-06-07T16:46:42.519+0000] {logging_mixin.py:154} INFO - [2026-06-07T16:46:42.517+0000] {dag.py:3722} INFO - Setting next_dagrun for latest_only_with_trigger to 2026-06-07T12:46:42.517165+00:00, run_after=2026-06-07T16:46:42.517165+00:00
[2026-06-07T16:46:42.555+0000] {processor.py:179} INFO - Processing /home/airflow/.local/lib/python3.8/site-packages/airflow/example_dags/example_latest_only_with_trigger.py took 0.151 seconds
[2026-06-07T16:47:13.339+0000] {processor.py:157} INFO - Started process (PID=10674) to work on /home/airflow/.local/lib/python3.8/site-packages/airflow/example_dags/example_latest_only_with_trigger.py
[2026-06-07T16:47:13.340+0000] {processor.py:829} INFO - Processing file /home/airflow/.local/lib/python3.8/site-packages/airflow/example_dags/example_latest_only_with_trigger.py for tasks to queue
[2026-06-07T16:47:13.344+0000] {logging_mixin.py:154} INFO - [2026-06-07T16:47:13.344+0000] {dagbag.py:536} INFO - Filling up the DagBag from /home/airflow/.local/lib/python3.8/site-packages/airflow/example_dags/example_latest_only_with_trigger.py
[2026-06-07T16:47:13.354+0000] {processor.py:839} INFO - DAG(s) dict_keys(['latest_only_with_trigger']) retrieved from /home/airflow/.local/lib/python3.8/site-packages/airflow/example_dags/example_latest_only_with_trigger.py
[2026-06-07T16:47:13.385+0000] {logging_mixin.py:154} INFO - [2026-06-07T16:47:13.385+0000] {dag.py:2941} INFO - Sync 1 DAGs
[2026-06-07T16:47:13.420+0000] {logging_mixin.py:154} INFO - [2026-06-07T16:47:13.419+0000] {dag.py:3722} INFO - Setting next_dagrun for latest_only_with_trigger to 2026-06-07T12:47:13.419389+00:00, run_after=2026-06-07T16:47:13.419389+00:00
[2026-06-07T16:47:13.442+0000] {processor.py:179} INFO - Processing /home/airflow/.local/lib/python3.8/site-packages/airflow/example_dags/example_latest_only_with_trigger.py took 0.109 seconds
[2026-06-07T16:47:43.758+0000] {processor.py:157} INFO - Started process (PID=10727) to work on /home/airflow/.local/lib/python3.8/site-packages/airflow/example_dags/example_latest_only_with_trigger.py
[2026-06-07T16:47:43.761+0000] {processor.py:829} INFO - Processing file /home/airflow/.local/lib/python3.8/site-packages/airflow/example_dags/example_latest_only_with_trigger.py for tasks to queue
[2026-06-07T16:47:43.769+0000] {logging_mixin.py:154} INFO - [2026-06-07T16:47:43.768+0000] {dagbag.py:536} INFO - Filling up the DagBag from /home/airflow/.local/lib/python3.8/site-packages/airflow/example_dags/example_latest_only_with_trigger.py
[2026-06-07T16:47:43.800+0000] {processor.py:839} INFO - DAG(s) dict_keys(['latest_only_with_trigger']) retrieved from /home/airflow/.local/lib/python3.8/site-packages/airflow/example_dags/example_latest_only_with_trigger.py
[2026-06-07T16:47:43.933+0000] {logging_mixin.py:154} INFO - [2026-06-07T16:47:43.933+0000] {dag.py:2941} INFO - Sync 1 DAGs
[2026-06-07T16:47:44.085+0000] {logging_mixin.py:154} INFO - [2026-06-07T16:47:44.084+0000] {dag.py:3722} INFO - Setting next_dagrun for latest_only_with_trigger to 2026-06-07T12:47:44.084398+00:00, run_after=2026-06-07T16:47:44.084398+00:00
[2026-06-07T16:47:44.194+0000] {processor.py:179} INFO - Processing /home/airflow/.local/lib/python3.8/site-packages/airflow/example_dags/example_latest_only_with_trigger.py took 0.482 seconds
[2026-06-07T16:48:14.489+0000] {processor.py:157} INFO - Started process (PID=10781) to work on /home/airflow/.local/lib/python3.8/site-packages/airflow/example_dags/example_latest_only_with_trigger.py
[2026-06-07T16:48:14.502+0000] {processor.py:829} INFO - Processing file /home/airflow/.local/lib/python3.8/site-packages/airflow/example_dags/example_latest_only_with_trigger.py for tasks to queue
[2026-06-07T16:48:14.520+0000] {logging_mixin.py:154} INFO - [2026-06-07T16:48:14.520+0000] {dagbag.py:536} INFO - Filling up the DagBag from /home/airflow/.local/lib/python3.8/site-packages/airflow/example_dags/example_latest_only_with_trigger.py
[2026-06-07T16:48:14.546+0000] {processor.py:839} INFO - DAG(s) dict_keys(['latest_only_with_trigger']) retrieved from /home/airflow/.local/lib/python3.8/site-packages/airflow/example_dags/example_latest_only_with_trigger.py
[2026-06-07T16:48:14.607+0000] {logging_mixin.py:154} INFO - [2026-06-07T16:48:14.603+0000] {dag.py:2941} INFO - Sync 1 DAGs
[2026-06-07T16:48:14.688+0000] {logging_mixin.py:154} INFO - [2026-06-07T16:48:14.687+0000] {dag.py:3722} INFO - Setting next_dagrun for latest_only_with_trigger to 2026-06-07T12:48:14.687109+00:00, run_after=2026-06-07T16:48:14.687109+00:00
[2026-06-07T16:48:14.766+0000] {processor.py:179} INFO - Processing /home/airflow/.local/lib/python3.8/site-packages/airflow/example_dags/example_latest_only_with_trigger.py took 0.289 seconds
[2026-06-07T16:48:45.027+0000] {processor.py:157} INFO - Started process (PID=10835) to work on /home/airflow/.local/lib/python3.8/site-packages/airflow/example_dags/example_latest_only_with_trigger.py
[2026-06-07T16:48:45.053+0000] {processor.py:829} INFO - Processing file /home/airflow/.local/lib/python3.8/site-packages/airflow/example_dags/example_latest_only_with_trigger.py for tasks to queue
[2026-06-07T16:48:45.057+0000] {logging_mixin.py:154} INFO - [2026-06-07T16:48:45.057+0000] {dagbag.py:536} INFO - Filling up the DagBag from /home/airflow/.local/lib/python3.8/site-packages/airflow/example_dags/example_latest_only_with_trigger.py
[2026-06-07T16:48:45.066+0000] {processor.py:839} INFO - DAG(s) dict_keys(['latest_only_with_trigger']) retrieved from /home/airflow/.local/lib/python3.8/site-packages/airflow/example_dags/example_latest_only_with_trigger.py
[2026-06-07T16:48:45.096+0000] {logging_mixin.py:154} INFO - [2026-06-07T16:48:45.096+0000] {dag.py:2941} INFO - Sync 1 DAGs
[2026-06-07T16:48:45.128+0000] {logging_mixin.py:154} INFO - [2026-06-07T16:48:45.128+0000] {dag.py:3722} INFO - Setting next_dagrun for latest_only_with_trigger to 2026-06-07T12:48:45.127928+00:00, run_after=2026-06-07T16:48:45.127928+00:00
[2026-06-07T16:48:45.155+0000] {processor.py:179} INFO - Processing /home/airflow/.local/lib/python3.8/site-packages/airflow/example_dags/example_latest_only_with_trigger.py took 0.132 seconds
[2026-06-07T16:49:16.106+0000] {processor.py:157} INFO - Started process (PID=10889) to work on /home/airflow/.local/lib/python3.8/site-packages/airflow/example_dags/example_latest_only_with_trigger.py
[2026-06-07T16:49:16.117+0000] {processor.py:829} INFO - Processing file /home/airflow/.local/lib/python3.8/site-packages/airflow/example_dags/example_latest_only_with_trigger.py for tasks to queue
[2026-06-07T16:49:16.120+0000] {logging_mixin.py:154} INFO - [2026-06-07T16:49:16.120+0000] {dagbag.py:536} INFO - Filling up the DagBag from /home/airflow/.local/lib/python3.8/site-packages/airflow/example_dags/example_latest_only_with_trigger.py
[2026-06-07T16:49:16.156+0000] {processor.py:839} INFO - DAG(s) dict_keys(['latest_only_with_trigger']) retrieved from /home/airflow/.local/lib/python3.8/site-packages/airflow/example_dags/example_latest_only_with_trigger.py
[2026-06-07T16:49:16.267+0000] {logging_mixin.py:154} INFO - [2026-06-07T16:49:16.267+0000] {dag.py:2941} INFO - Sync 1 DAGs
[2026-06-07T16:49:16.345+0000] {logging_mixin.py:154} INFO - [2026-06-07T16:49:16.345+0000] {dag.py:3722} INFO - Setting next_dagrun for latest_only_with_trigger to 2026-06-07T12:49:16.344920+00:00, run_after=2026-06-07T16:49:16.344920+00:00
[2026-06-07T16:49:16.413+0000] {processor.py:179} INFO - Processing /home/airflow/.local/lib/python3.8/site-packages/airflow/example_dags/example_latest_only_with_trigger.py took 0.314 seconds
[2026-06-07T16:49:46.640+0000] {processor.py:157} INFO - Started process (PID=10943) to work on /home/airflow/.local/lib/python3.8/site-packages/airflow/example_dags/example_latest_only_with_trigger.py
[2026-06-07T16:49:46.644+0000] {processor.py:829} INFO - Processing file /home/airflow/.local/lib/python3.8/site-packages/airflow/example_dags/example_latest_only_with_trigger.py for tasks to queue
[2026-06-07T16:49:46.647+0000] {logging_mixin.py:154} INFO - [2026-06-07T16:49:46.647+0000] {dagbag.py:536} INFO - Filling up the DagBag from /home/airflow/.local/lib/python3.8/site-packages/airflow/example_dags/example_latest_only_with_trigger.py
[2026-06-07T16:49:46.683+0000] {processor.py:839} INFO - DAG(s) dict_keys(['latest_only_with_trigger']) retrieved from /home/airflow/.local/lib/python3.8/site-packages/airflow/example_dags/example_latest_only_with_trigger.py
[2026-06-07T16:49:46.761+0000] {logging_mixin.py:154} INFO - [2026-06-07T16:49:46.761+0000] {dag.py:2941} INFO - Sync 1 DAGs
[2026-06-07T16:49:46.833+0000] {logging_mixin.py:154} INFO - [2026-06-07T16:49:46.832+0000] {dag.py:3722} INFO - Setting next_dagrun for latest_only_with_trigger to 2026-06-07T12:49:46.832082+00:00, run_after=2026-06-07T16:49:46.832082+00:00
[2026-06-07T16:49:46.918+0000] {processor.py:179} INFO - Processing /home/airflow/.local/lib/python3.8/site-packages/airflow/example_dags/example_latest_only_with_trigger.py took 0.319 seconds
[2026-06-07T16:50:17.338+0000] {processor.py:157} INFO - Started process (PID=10996) to work on /home/airflow/.local/lib/python3.8/site-packages/airflow/example_dags/example_latest_only_with_trigger.py
[2026-06-07T16:50:17.339+0000] {processor.py:829} INFO - Processing file /home/airflow/.local/lib/python3.8/site-packages/airflow/example_dags/example_latest_only_with_trigger.py for tasks to queue
[2026-06-07T16:50:17.352+0000] {logging_mixin.py:154} INFO - [2026-06-07T16:50:17.352+0000] {dagbag.py:536} INFO - Filling up the DagBag from /home/airflow/.local/lib/python3.8/site-packages/airflow/example_dags/example_latest_only_with_trigger.py
[2026-06-07T16:50:17.368+0000] {processor.py:839} INFO - DAG(s) dict_keys(['latest_only_with_trigger']) retrieved from /home/airflow/.local/lib/python3.8/site-packages/airflow/example_dags/example_latest_only_with_trigger.py
[2026-06-07T16:50:17.431+0000] {logging_mixin.py:154} INFO - [2026-06-07T16:50:17.431+0000] {dag.py:2941} INFO - Sync 1 DAGs
[2026-06-07T16:50:17.492+0000] {logging_mixin.py:154} INFO - [2026-06-07T16:50:17.492+0000] {dag.py:3722} INFO - Setting next_dagrun for latest_only_with_trigger to 2026-06-07T12:50:17.491707+00:00, run_after=2026-06-07T16:50:17.491707+00:00
[2026-06-07T16:50:17.552+0000] {processor.py:179} INFO - Processing /home/airflow/.local/lib/python3.8/site-packages/airflow/example_dags/example_latest_only_with_trigger.py took 0.227 seconds
[2026-06-07T16:50:47.793+0000] {processor.py:157} INFO - Started process (PID=11051) to work on /home/airflow/.local/lib/python3.8/site-packages/airflow/example_dags/example_latest_only_with_trigger.py
[2026-06-07T16:50:47.795+0000] {processor.py:829} INFO - Processing file /home/airflow/.local/lib/python3.8/site-packages/airflow/example_dags/example_latest_only_with_trigger.py for tasks to queue
[2026-06-07T16:50:47.801+0000] {logging_mixin.py:154} INFO - [2026-06-07T16:50:47.801+0000] {dagbag.py:536} INFO - Filling up the DagBag from /home/airflow/.local/lib/python3.8/site-packages/airflow/example_dags/example_latest_only_with_trigger.py
[2026-06-07T16:50:47.814+0000] {processor.py:839} INFO - DAG(s) dict_keys(['latest_only_with_trigger']) retrieved from /home/airflow/.local/lib/python3.8/site-packages/airflow/example_dags/example_latest_only_with_trigger.py
[2026-06-07T16:50:47.865+0000] {logging_mixin.py:154} INFO - [2026-06-07T16:50:47.865+0000] {dag.py:2941} INFO - Sync 1 DAGs
[2026-06-07T16:50:47.910+0000] {logging_mixin.py:154} INFO - [2026-06-07T16:50:47.909+0000] {dag.py:3722} INFO - Setting next_dagrun for latest_only_with_trigger to 2026-06-07T12:50:47.909637+00:00, run_after=2026-06-07T16:50:47.909637+00:00
[2026-06-07T16:50:47.948+0000] {processor.py:179} INFO - Processing /home/airflow/.local/lib/python3.8/site-packages/airflow/example_dags/example_latest_only_with_trigger.py took 0.165 seconds
[2026-06-07T16:51:18.121+0000] {processor.py:157} INFO - Started process (PID=11105) to work on /home/airflow/.local/lib/python3.8/site-packages/airflow/example_dags/example_latest_only_with_trigger.py
[2026-06-07T16:51:18.122+0000] {processor.py:829} INFO - Processing file /home/airflow/.local/lib/python3.8/site-packages/airflow/example_dags/example_latest_only_with_trigger.py for tasks to queue
[2026-06-07T16:51:18.126+0000] {logging_mixin.py:154} INFO - [2026-06-07T16:51:18.126+0000] {dagbag.py:536} INFO - Filling up the DagBag from /home/airflow/.local/lib/python3.8/site-packages/airflow/example_dags/example_latest_only_with_trigger.py
[2026-06-07T16:51:18.135+0000] {processor.py:839} INFO - DAG(s) dict_keys(['latest_only_with_trigger']) retrieved from /home/airflow/.local/lib/python3.8/site-packages/airflow/example_dags/example_latest_only_with_trigger.py
[2026-06-07T16:51:18.166+0000] {logging_mixin.py:154} INFO - [2026-06-07T16:51:18.165+0000] {dag.py:2941} INFO - Sync 1 DAGs
[2026-06-07T16:51:18.200+0000] {logging_mixin.py:154} INFO - [2026-06-07T16:51:18.199+0000] {dag.py:3722} INFO - Setting next_dagrun for latest_only_with_trigger to 2026-06-07T12:51:18.199299+00:00, run_after=2026-06-07T16:51:18.199299+00:00
[2026-06-07T16:51:18.225+0000] {processor.py:179} INFO - Processing /home/airflow/.local/lib/python3.8/site-packages/airflow/example_dags/example_latest_only_with_trigger.py took 0.109 seconds
[2026-06-07T16:51:48.378+0000] {processor.py:157} INFO - Started process (PID=11159) to work on /home/airflow/.local/lib/python3.8/site-packages/airflow/example_dags/example_latest_only_with_trigger.py
[2026-06-07T16:51:48.379+0000] {processor.py:829} INFO - Processing file /home/airflow/.local/lib/python3.8/site-packages/airflow/example_dags/example_latest_only_with_trigger.py for tasks to queue
[2026-06-07T16:51:48.383+0000] {logging_mixin.py:154} INFO - [2026-06-07T16:51:48.382+0000] {dagbag.py:536} INFO - Filling up the DagBag from /home/airflow/.local/lib/python3.8/site-packages/airflow/example_dags/example_latest_only_with_trigger.py
[2026-06-07T16:51:48.393+0000] {processor.py:839} INFO - DAG(s) dict_keys(['latest_only_with_trigger']) retrieved from /home/airflow/.local/lib/python3.8/site-packages/airflow/example_dags/example_latest_only_with_trigger.py
[2026-06-07T16:51:48.429+0000] {logging_mixin.py:154} INFO - [2026-06-07T16:51:48.429+0000] {dag.py:2941} INFO - Sync 1 DAGs
[2026-06-07T16:51:48.465+0000] {logging_mixin.py:154} INFO - [2026-06-07T16:51:48.465+0000] {dag.py:3722} INFO - Setting next_dagrun for latest_only_with_trigger to 2026-06-07T12:51:48.465139+00:00, run_after=2026-06-07T16:51:48.465139+00:00
[2026-06-07T16:51:48.489+0000] {processor.py:179} INFO - Processing /home/airflow/.local/lib/python3.8/site-packages/airflow/example_dags/example_latest_only_with_trigger.py took 0.117 seconds
[2026-06-07T16:52:18.681+0000] {processor.py:157} INFO - Started process (PID=11213) to work on /home/airflow/.local/lib/python3.8/site-packages/airflow/example_dags/example_latest_only_with_trigger.py
[2026-06-07T16:52:18.683+0000] {processor.py:829} INFO - Processing file /home/airflow/.local/lib/python3.8/site-packages/airflow/example_dags/example_latest_only_with_trigger.py for tasks to queue
[2026-06-07T16:52:18.686+0000] {logging_mixin.py:154} INFO - [2026-06-07T16:52:18.686+0000] {dagbag.py:536} INFO - Filling up the DagBag from /home/airflow/.local/lib/python3.8/site-packages/airflow/example_dags/example_latest_only_with_trigger.py
[2026-06-07T16:52:18.696+0000] {processor.py:839} INFO - DAG(s) dict_keys(['latest_only_with_trigger']) retrieved from /home/airflow/.local/lib/python3.8/site-packages/airflow/example_dags/example_latest_only_with_trigger.py
[2026-06-07T16:52:18.728+0000] {logging_mixin.py:154} INFO - [2026-06-07T16:52:18.728+0000] {dag.py:2941} INFO - Sync 1 DAGs
[2026-06-07T16:52:18.764+0000] {logging_mixin.py:154} INFO - [2026-06-07T16:52:18.764+0000] {dag.py:3722} INFO - Setting next_dagrun for latest_only_with_trigger to 2026-06-07T12:52:18.763986+00:00, run_after=2026-06-07T16:52:18.763986+00:00
[2026-06-07T16:52:18.801+0000] {processor.py:179} INFO - Processing /home/airflow/.local/lib/python3.8/site-packages/airflow/example_dags/example_latest_only_with_trigger.py took 0.125 seconds
[2026-06-07T16:52:49.126+0000] {processor.py:157} INFO - Started process (PID=11266) to work on /home/airflow/.local/lib/python3.8/site-packages/airflow/example_dags/example_latest_only_with_trigger.py
[2026-06-07T16:52:49.127+0000] {processor.py:829} INFO - Processing file /home/airflow/.local/lib/python3.8/site-packages/airflow/example_dags/example_latest_only_with_trigger.py for tasks to queue
[2026-06-07T16:52:49.131+0000] {logging_mixin.py:154} INFO - [2026-06-07T16:52:49.131+0000] {dagbag.py:536} INFO - Filling up the DagBag from /home/airflow/.local/lib/python3.8/site-packages/airflow/example_dags/example_latest_only_with_trigger.py
[2026-06-07T16:52:49.149+0000] {processor.py:839} INFO - DAG(s) dict_keys(['latest_only_with_trigger']) retrieved from /home/airflow/.local/lib/python3.8/site-packages/airflow/example_dags/example_latest_only_with_trigger.py
[2026-06-07T16:52:49.210+0000] {logging_mixin.py:154} INFO - [2026-06-07T16:52:49.210+0000] {dag.py:2941} INFO - Sync 1 DAGs
[2026-06-07T16:52:49.245+0000] {logging_mixin.py:154} INFO - [2026-06-07T16:52:49.245+0000] {dag.py:3722} INFO - Setting next_dagrun for latest_only_with_trigger to 2026-06-07T12:52:49.244928+00:00, run_after=2026-06-07T16:52:49.244928+00:00
[2026-06-07T16:52:49.271+0000] {processor.py:179} INFO - Processing /home/airflow/.local/lib/python3.8/site-packages/airflow/example_dags/example_latest_only_with_trigger.py took 0.162 seconds
[2026-06-07T16:53:19.470+0000] {processor.py:157} INFO - Started process (PID=11320) to work on /home/airflow/.local/lib/python3.8/site-packages/airflow/example_dags/example_latest_only_with_trigger.py
[2026-06-07T16:53:19.471+0000] {processor.py:829} INFO - Processing file /home/airflow/.local/lib/python3.8/site-packages/airflow/example_dags/example_latest_only_with_trigger.py for tasks to queue
[2026-06-07T16:53:19.483+0000] {logging_mixin.py:154} INFO - [2026-06-07T16:53:19.482+0000] {dagbag.py:536} INFO - Filling up the DagBag from /home/airflow/.local/lib/python3.8/site-packages/airflow/example_dags/example_latest_only_with_trigger.py
[2026-06-07T16:53:19.507+0000] {processor.py:839} INFO - DAG(s) dict_keys(['latest_only_with_trigger']) retrieved from /home/airflow/.local/lib/python3.8/site-packages/airflow/example_dags/example_latest_only_with_trigger.py
[2026-06-07T16:53:19.598+0000] {logging_mixin.py:154} INFO - [2026-06-07T16:53:19.598+0000] {dag.py:2941} INFO - Sync 1 DAGs
[2026-06-07T16:53:19.642+0000] {logging_mixin.py:154} INFO - [2026-06-07T16:53:19.642+0000] {dag.py:3722} INFO - Setting next_dagrun for latest_only_with_trigger to 2026-06-07T12:53:19.641919+00:00, run_after=2026-06-07T16:53:19.641919+00:00
[2026-06-07T16:53:19.663+0000] {processor.py:179} INFO - Processing /home/airflow/.local/lib/python3.8/site-packages/airflow/example_dags/example_latest_only_with_trigger.py took 0.214 seconds
[2026-06-07T16:53:50.325+0000] {processor.py:157} INFO - Started process (PID=11375) to work on /home/airflow/.local/lib/python3.8/site-packages/airflow/example_dags/example_latest_only_with_trigger.py
[2026-06-07T16:53:50.327+0000] {processor.py:829} INFO - Processing file /home/airflow/.local/lib/python3.8/site-packages/airflow/example_dags/example_latest_only_with_trigger.py for tasks to queue
[2026-06-07T16:53:50.330+0000] {logging_mixin.py:154} INFO - [2026-06-07T16:53:50.330+0000] {dagbag.py:536} INFO - Filling up the DagBag from /home/airflow/.local/lib/python3.8/site-packages/airflow/example_dags/example_latest_only_with_trigger.py
[2026-06-07T16:53:50.338+0000] {processor.py:839} INFO - DAG(s) dict_keys(['latest_only_with_trigger']) retrieved from /home/airflow/.local/lib/python3.8/site-packages/airflow/example_dags/example_latest_only_with_trigger.py
[2026-06-07T16:53:50.369+0000] {logging_mixin.py:154} INFO - [2026-06-07T16:53:50.369+0000] {dag.py:2941} INFO - Sync 1 DAGs
[2026-06-07T16:53:50.403+0000] {logging_mixin.py:154} INFO - [2026-06-07T16:53:50.402+0000] {dag.py:3722} INFO - Setting next_dagrun for latest_only_with_trigger to 2026-06-07T12:53:50.402377+00:00, run_after=2026-06-07T16:53:50.402377+00:00
[2026-06-07T16:53:50.434+0000] {processor.py:179} INFO - Processing /home/airflow/.local/lib/python3.8/site-packages/airflow/example_dags/example_latest_only_with_trigger.py took 0.116 seconds
[2026-06-07T16:54:20.522+0000] {processor.py:157} INFO - Started process (PID=11424) to work on /home/airflow/.local/lib/python3.8/site-packages/airflow/example_dags/example_latest_only_with_trigger.py
[2026-06-07T16:54:20.532+0000] {processor.py:829} INFO - Processing file /home/airflow/.local/lib/python3.8/site-packages/airflow/example_dags/example_latest_only_with_trigger.py for tasks to queue
[2026-06-07T16:54:20.541+0000] {logging_mixin.py:154} INFO - [2026-06-07T16:54:20.541+0000] {dagbag.py:536} INFO - Filling up the DagBag from /home/airflow/.local/lib/python3.8/site-packages/airflow/example_dags/example_latest_only_with_trigger.py
[2026-06-07T16:54:20.558+0000] {processor.py:839} INFO - DAG(s) dict_keys(['latest_only_with_trigger']) retrieved from /home/airflow/.local/lib/python3.8/site-packages/airflow/example_dags/example_latest_only_with_trigger.py
[2026-06-07T16:54:20.616+0000] {logging_mixin.py:154} INFO - [2026-06-07T16:54:20.616+0000] {dag.py:2941} INFO - Sync 1 DAGs
[2026-06-07T16:54:20.673+0000] {logging_mixin.py:154} INFO - [2026-06-07T16:54:20.672+0000] {dag.py:3722} INFO - Setting next_dagrun for latest_only_with_trigger to 2026-06-07T12:54:20.672594+00:00, run_after=2026-06-07T16:54:20.672594+00:00
[2026-06-07T16:54:20.727+0000] {processor.py:179} INFO - Processing /home/airflow/.local/lib/python3.8/site-packages/airflow/example_dags/example_latest_only_with_trigger.py took 0.225 seconds
[2026-06-07T16:54:50.851+0000] {processor.py:157} INFO - Started process (PID=11478) to work on /home/airflow/.local/lib/python3.8/site-packages/airflow/example_dags/example_latest_only_with_trigger.py
[2026-06-07T16:54:50.853+0000] {processor.py:829} INFO - Processing file /home/airflow/.local/lib/python3.8/site-packages/airflow/example_dags/example_latest_only_with_trigger.py for tasks to queue
[2026-06-07T16:54:50.857+0000] {logging_mixin.py:154} INFO - [2026-06-07T16:54:50.856+0000] {dagbag.py:536} INFO - Filling up the DagBag from /home/airflow/.local/lib/python3.8/site-packages/airflow/example_dags/example_latest_only_with_trigger.py
[2026-06-07T16:54:50.865+0000] {processor.py:839} INFO - DAG(s) dict_keys(['latest_only_with_trigger']) retrieved from /home/airflow/.local/lib/python3.8/site-packages/airflow/example_dags/example_latest_only_with_trigger.py
[2026-06-07T16:54:50.898+0000] {logging_mixin.py:154} INFO - [2026-06-07T16:54:50.897+0000] {dag.py:2941} INFO - Sync 1 DAGs
[2026-06-07T16:54:50.934+0000] {logging_mixin.py:154} INFO - [2026-06-07T16:54:50.932+0000] {dag.py:3722} INFO - Setting next_dagrun for latest_only_with_trigger to 2026-06-07T12:54:50.932181+00:00, run_after=2026-06-07T16:54:50.932181+00:00
[2026-06-07T16:54:50.957+0000] {processor.py:179} INFO - Processing /home/airflow/.local/lib/python3.8/site-packages/airflow/example_dags/example_latest_only_with_trigger.py took 0.111 seconds
[2026-06-07T16:55:21.549+0000] {processor.py:157} INFO - Started process (PID=11531) to work on /home/airflow/.local/lib/python3.8/site-packages/airflow/example_dags/example_latest_only_with_trigger.py
[2026-06-07T16:55:21.551+0000] {processor.py:829} INFO - Processing file /home/airflow/.local/lib/python3.8/site-packages/airflow/example_dags/example_latest_only_with_trigger.py for tasks to queue
[2026-06-07T16:55:21.554+0000] {logging_mixin.py:154} INFO - [2026-06-07T16:55:21.554+0000] {dagbag.py:536} INFO - Filling up the DagBag from /home/airflow/.local/lib/python3.8/site-packages/airflow/example_dags/example_latest_only_with_trigger.py
[2026-06-07T16:55:21.569+0000] {processor.py:839} INFO - DAG(s) dict_keys(['latest_only_with_trigger']) retrieved from /home/airflow/.local/lib/python3.8/site-packages/airflow/example_dags/example_latest_only_with_trigger.py
[2026-06-07T16:55:21.664+0000] {logging_mixin.py:154} INFO - [2026-06-07T16:55:21.663+0000] {dag.py:2941} INFO - Sync 1 DAGs
[2026-06-07T16:55:21.696+0000] {logging_mixin.py:154} INFO - [2026-06-07T16:55:21.696+0000] {dag.py:3722} INFO - Setting next_dagrun for latest_only_with_trigger to 2026-06-07T12:55:21.695683+00:00, run_after=2026-06-07T16:55:21.695683+00:00
[2026-06-07T16:55:21.720+0000] {processor.py:179} INFO - Processing /home/airflow/.local/lib/python3.8/site-packages/airflow/example_dags/example_latest_only_with_trigger.py took 0.176 seconds
[2026-06-07T16:55:51.890+0000] {processor.py:157} INFO - Started process (PID=11585) to work on /home/airflow/.local/lib/python3.8/site-packages/airflow/example_dags/example_latest_only_with_trigger.py
[2026-06-07T16:55:51.893+0000] {processor.py:829} INFO - Processing file /home/airflow/.local/lib/python3.8/site-packages/airflow/example_dags/example_latest_only_with_trigger.py for tasks to queue
[2026-06-07T16:55:51.896+0000] {logging_mixin.py:154} INFO - [2026-06-07T16:55:51.896+0000] {dagbag.py:536} INFO - Filling up the DagBag from /home/airflow/.local/lib/python3.8/site-packages/airflow/example_dags/example_latest_only_with_trigger.py
[2026-06-07T16:55:51.905+0000] {processor.py:839} INFO - DAG(s) dict_keys(['latest_only_with_trigger']) retrieved from /home/airflow/.local/lib/python3.8/site-packages/airflow/example_dags/example_latest_only_with_trigger.py
[2026-06-07T16:55:51.937+0000] {logging_mixin.py:154} INFO - [2026-06-07T16:55:51.937+0000] {dag.py:2941} INFO - Sync 1 DAGs
[2026-06-07T16:55:51.969+0000] {logging_mixin.py:154} INFO - [2026-06-07T16:55:51.969+0000] {dag.py:3722} INFO - Setting next_dagrun for latest_only_with_trigger to 2026-06-07T12:55:51.968983+00:00, run_after=2026-06-07T16:55:51.968983+00:00
[2026-06-07T16:55:51.992+0000] {processor.py:179} INFO - Processing /home/airflow/.local/lib/python3.8/site-packages/airflow/example_dags/example_latest_only_with_trigger.py took 0.107 seconds
[2026-06-07T16:56:22.427+0000] {processor.py:157} INFO - Started process (PID=11639) to work on /home/airflow/.local/lib/python3.8/site-packages/airflow/example_dags/example_latest_only_with_trigger.py
[2026-06-07T16:56:22.429+0000] {processor.py:829} INFO - Processing file /home/airflow/.local/lib/python3.8/site-packages/airflow/example_dags/example_latest_only_with_trigger.py for tasks to queue
[2026-06-07T16:56:22.433+0000] {logging_mixin.py:154} INFO - [2026-06-07T16:56:22.432+0000] {dagbag.py:536} INFO - Filling up the DagBag from /home/airflow/.local/lib/python3.8/site-packages/airflow/example_dags/example_latest_only_with_trigger.py
[2026-06-07T16:56:22.458+0000] {processor.py:839} INFO - DAG(s) dict_keys(['latest_only_with_trigger']) retrieved from /home/airflow/.local/lib/python3.8/site-packages/airflow/example_dags/example_latest_only_with_trigger.py
[2026-06-07T16:56:22.491+0000] {logging_mixin.py:154} INFO - [2026-06-07T16:56:22.491+0000] {dag.py:2941} INFO - Sync 1 DAGs
[2026-06-07T16:56:22.534+0000] {logging_mixin.py:154} INFO - [2026-06-07T16:56:22.533+0000] {dag.py:3722} INFO - Setting next_dagrun for latest_only_with_trigger to 2026-06-07T12:56:22.533456+00:00, run_after=2026-06-07T16:56:22.533456+00:00
[2026-06-07T16:56:22.607+0000] {processor.py:179} INFO - Processing /home/airflow/.local/lib/python3.8/site-packages/airflow/example_dags/example_latest_only_with_trigger.py took 0.194 seconds
[2026-06-07T16:56:53.017+0000] {processor.py:157} INFO - Started process (PID=11693) to work on /home/airflow/.local/lib/python3.8/site-packages/airflow/example_dags/example_latest_only_with_trigger.py
[2026-06-07T16:56:53.018+0000] {processor.py:829} INFO - Processing file /home/airflow/.local/lib/python3.8/site-packages/airflow/example_dags/example_latest_only_with_trigger.py for tasks to queue
[2026-06-07T16:56:53.023+0000] {logging_mixin.py:154} INFO - [2026-06-07T16:56:53.022+0000] {dagbag.py:536} INFO - Filling up the DagBag from /home/airflow/.local/lib/python3.8/site-packages/airflow/example_dags/example_latest_only_with_trigger.py
[2026-06-07T16:56:53.032+0000] {processor.py:839} INFO - DAG(s) dict_keys(['latest_only_with_trigger']) retrieved from /home/airflow/.local/lib/python3.8/site-packages/airflow/example_dags/example_latest_only_with_trigger.py
[2026-06-07T16:56:53.064+0000] {logging_mixin.py:154} INFO - [2026-06-07T16:56:53.064+0000] {dag.py:2941} INFO - Sync 1 DAGs
[2026-06-07T16:56:53.098+0000] {logging_mixin.py:154} INFO - [2026-06-07T16:56:53.098+0000] {dag.py:3722} INFO - Setting next_dagrun for latest_only_with_trigger to 2026-06-07T12:56:53.098153+00:00, run_after=2026-06-07T16:56:53.098153+00:00
[2026-06-07T16:56:53.123+0000] {processor.py:179} INFO - Processing /home/airflow/.local/lib/python3.8/site-packages/airflow/example_dags/example_latest_only_with_trigger.py took 0.112 seconds
[2026-06-07T16:57:23.175+0000] {processor.py:157} INFO - Started process (PID=11747) to work on /home/airflow/.local/lib/python3.8/site-packages/airflow/example_dags/example_latest_only_with_trigger.py
[2026-06-07T16:57:23.176+0000] {processor.py:829} INFO - Processing file /home/airflow/.local/lib/python3.8/site-packages/airflow/example_dags/example_latest_only_with_trigger.py for tasks to queue
[2026-06-07T16:57:23.180+0000] {logging_mixin.py:154} INFO - [2026-06-07T16:57:23.179+0000] {dagbag.py:536} INFO - Filling up the DagBag from /home/airflow/.local/lib/python3.8/site-packages/airflow/example_dags/example_latest_only_with_trigger.py
[2026-06-07T16:57:23.197+0000] {processor.py:839} INFO - DAG(s) dict_keys(['latest_only_with_trigger']) retrieved from /home/airflow/.local/lib/python3.8/site-packages/airflow/example_dags/example_latest_only_with_trigger.py
[2026-06-07T16:57:23.237+0000] {logging_mixin.py:154} INFO - [2026-06-07T16:57:23.236+0000] {dag.py:2941} INFO - Sync 1 DAGs
[2026-06-07T16:57:23.271+0000] {logging_mixin.py:154} INFO - [2026-06-07T16:57:23.270+0000] {dag.py:3722} INFO - Setting next_dagrun for latest_only_with_trigger to 2026-06-07T12:57:23.270545+00:00, run_after=2026-06-07T16:57:23.270545+00:00
[2026-06-07T16:57:23.310+0000] {processor.py:179} INFO - Processing /home/airflow/.local/lib/python3.8/site-packages/airflow/example_dags/example_latest_only_with_trigger.py took 0.140 seconds
[2026-06-07T16:57:53.964+0000] {processor.py:157} INFO - Started process (PID=11799) to work on /home/airflow/.local/lib/python3.8/site-packages/airflow/example_dags/example_latest_only_with_trigger.py
[2026-06-07T16:57:53.975+0000] {processor.py:829} INFO - Processing file /home/airflow/.local/lib/python3.8/site-packages/airflow/example_dags/example_latest_only_with_trigger.py for tasks to queue
[2026-06-07T16:57:53.984+0000] {logging_mixin.py:154} INFO - [2026-06-07T16:57:53.983+0000] {dagbag.py:536} INFO - Filling up the DagBag from /home/airflow/.local/lib/python3.8/site-packages/airflow/example_dags/example_latest_only_with_trigger.py
[2026-06-07T16:57:53.992+0000] {processor.py:839} INFO - DAG(s) dict_keys(['latest_only_with_trigger']) retrieved from /home/airflow/.local/lib/python3.8/site-packages/airflow/example_dags/example_latest_only_with_trigger.py
[2026-06-07T16:57:54.041+0000] {logging_mixin.py:154} INFO - [2026-06-07T16:57:54.041+0000] {dag.py:2941} INFO - Sync 1 DAGs
[2026-06-07T16:57:54.137+0000] {logging_mixin.py:154} INFO - [2026-06-07T16:57:54.137+0000] {dag.py:3722} INFO - Setting next_dagrun for latest_only_with_trigger to 2026-06-07T12:57:54.136831+00:00, run_after=2026-06-07T16:57:54.136831+00:00
[2026-06-07T16:57:54.184+0000] {processor.py:179} INFO - Processing /home/airflow/.local/lib/python3.8/site-packages/airflow/example_dags/example_latest_only_with_trigger.py took 0.229 seconds
[2026-06-07T16:58:24.481+0000] {processor.py:157} INFO - Started process (PID=11852) to work on /home/airflow/.local/lib/python3.8/site-packages/airflow/example_dags/example_latest_only_with_trigger.py
[2026-06-07T16:58:24.493+0000] {processor.py:829} INFO - Processing file /home/airflow/.local/lib/python3.8/site-packages/airflow/example_dags/example_latest_only_with_trigger.py for tasks to queue
[2026-06-07T16:58:24.502+0000] {logging_mixin.py:154} INFO - [2026-06-07T16:58:24.501+0000] {dagbag.py:536} INFO - Filling up the DagBag from /home/airflow/.local/lib/python3.8/site-packages/airflow/example_dags/example_latest_only_with_trigger.py
[2026-06-07T16:58:24.518+0000] {processor.py:839} INFO - DAG(s) dict_keys(['latest_only_with_trigger']) retrieved from /home/airflow/.local/lib/python3.8/site-packages/airflow/example_dags/example_latest_only_with_trigger.py
[2026-06-07T16:58:24.568+0000] {logging_mixin.py:154} INFO - [2026-06-07T16:58:24.568+0000] {dag.py:2941} INFO - Sync 1 DAGs
[2026-06-07T16:58:24.603+0000] {logging_mixin.py:154} INFO - [2026-06-07T16:58:24.603+0000] {dag.py:3722} INFO - Setting next_dagrun for latest_only_with_trigger to 2026-06-07T12:58:24.602804+00:00, run_after=2026-06-07T16:58:24.602804+00:00
[2026-06-07T16:58:24.656+0000] {processor.py:179} INFO - Processing /home/airflow/.local/lib/python3.8/site-packages/airflow/example_dags/example_latest_only_with_trigger.py took 0.201 seconds
[2026-06-07T16:58:55.143+0000] {processor.py:157} INFO - Started process (PID=11906) to work on /home/airflow/.local/lib/python3.8/site-packages/airflow/example_dags/example_latest_only_with_trigger.py
[2026-06-07T16:58:55.145+0000] {processor.py:829} INFO - Processing file /home/airflow/.local/lib/python3.8/site-packages/airflow/example_dags/example_latest_only_with_trigger.py for tasks to queue
[2026-06-07T16:58:55.149+0000] {logging_mixin.py:154} INFO - [2026-06-07T16:58:55.148+0000] {dagbag.py:536} INFO - Filling up the DagBag from /home/airflow/.local/lib/python3.8/site-packages/airflow/example_dags/example_latest_only_with_trigger.py
[2026-06-07T16:58:55.157+0000] {processor.py:839} INFO - DAG(s) dict_keys(['latest_only_with_trigger']) retrieved from /home/airflow/.local/lib/python3.8/site-packages/airflow/example_dags/example_latest_only_with_trigger.py
[2026-06-07T16:58:55.197+0000] {logging_mixin.py:154} INFO - [2026-06-07T16:58:55.197+0000] {dag.py:2941} INFO - Sync 1 DAGs
[2026-06-07T16:58:55.232+0000] {logging_mixin.py:154} INFO - [2026-06-07T16:58:55.232+0000] {dag.py:3722} INFO - Setting next_dagrun for latest_only_with_trigger to 2026-06-07T12:58:55.232000+00:00, run_after=2026-06-07T16:58:55.232000+00:00
[2026-06-07T16:58:55.259+0000] {processor.py:179} INFO - Processing /home/airflow/.local/lib/python3.8/site-packages/airflow/example_dags/example_latest_only_with_trigger.py took 0.120 seconds
[2026-06-07T16:59:25.584+0000] {processor.py:157} INFO - Started process (PID=11959) to work on /home/airflow/.local/lib/python3.8/site-packages/airflow/example_dags/example_latest_only_with_trigger.py
[2026-06-07T16:59:25.586+0000] {processor.py:829} INFO - Processing file /home/airflow/.local/lib/python3.8/site-packages/airflow/example_dags/example_latest_only_with_trigger.py for tasks to queue
[2026-06-07T16:59:25.590+0000] {logging_mixin.py:154} INFO - [2026-06-07T16:59:25.589+0000] {dagbag.py:536} INFO - Filling up the DagBag from /home/airflow/.local/lib/python3.8/site-packages/airflow/example_dags/example_latest_only_with_trigger.py
[2026-06-07T16:59:25.598+0000] {processor.py:839} INFO - DAG(s) dict_keys(['latest_only_with_trigger']) retrieved from /home/airflow/.local/lib/python3.8/site-packages/airflow/example_dags/example_latest_only_with_trigger.py
[2026-06-07T16:59:25.629+0000] {logging_mixin.py:154} INFO - [2026-06-07T16:59:25.628+0000] {dag.py:2941} INFO - Sync 1 DAGs
[2026-06-07T16:59:25.661+0000] {logging_mixin.py:154} INFO - [2026-06-07T16:59:25.661+0000] {dag.py:3722} INFO - Setting next_dagrun for latest_only_with_trigger to 2026-06-07T12:59:25.661231+00:00, run_after=2026-06-07T16:59:25.661231+00:00
[2026-06-07T16:59:25.686+0000] {processor.py:179} INFO - Processing /home/airflow/.local/lib/python3.8/site-packages/airflow/example_dags/example_latest_only_with_trigger.py took 0.108 seconds
[2026-06-07T16:59:55.828+0000] {processor.py:157} INFO - Started process (PID=12012) to work on /home/airflow/.local/lib/python3.8/site-packages/airflow/example_dags/example_latest_only_with_trigger.py
[2026-06-07T16:59:55.836+0000] {processor.py:829} INFO - Processing file /home/airflow/.local/lib/python3.8/site-packages/airflow/example_dags/example_latest_only_with_trigger.py for tasks to queue
[2026-06-07T16:59:55.847+0000] {logging_mixin.py:154} INFO - [2026-06-07T16:59:55.847+0000] {dagbag.py:536} INFO - Filling up the DagBag from /home/airflow/.local/lib/python3.8/site-packages/airflow/example_dags/example_latest_only_with_trigger.py
[2026-06-07T16:59:55.855+0000] {processor.py:839} INFO - DAG(s) dict_keys(['latest_only_with_trigger']) retrieved from /home/airflow/.local/lib/python3.8/site-packages/airflow/example_dags/example_latest_only_with_trigger.py
[2026-06-07T16:59:55.926+0000] {logging_mixin.py:154} INFO - [2026-06-07T16:59:55.926+0000] {dag.py:2941} INFO - Sync 1 DAGs
[2026-06-07T16:59:55.998+0000] {logging_mixin.py:154} INFO - [2026-06-07T16:59:55.997+0000] {dag.py:3722} INFO - Setting next_dagrun for latest_only_with_trigger to 2026-06-07T12:59:55.997499+00:00, run_after=2026-06-07T16:59:55.997499+00:00
[2026-06-07T16:59:56.085+0000] {processor.py:179} INFO - Processing /home/airflow/.local/lib/python3.8/site-packages/airflow/example_dags/example_latest_only_with_trigger.py took 0.262 seconds
[2026-06-07T17:00:26.939+0000] {processor.py:157} INFO - Started process (PID=12066) to work on /home/airflow/.local/lib/python3.8/site-packages/airflow/example_dags/example_latest_only_with_trigger.py
[2026-06-07T17:00:26.941+0000] {processor.py:829} INFO - Processing file /home/airflow/.local/lib/python3.8/site-packages/airflow/example_dags/example_latest_only_with_trigger.py for tasks to queue
[2026-06-07T17:00:26.947+0000] {logging_mixin.py:154} INFO - [2026-06-07T17:00:26.947+0000] {dagbag.py:536} INFO - Filling up the DagBag from /home/airflow/.local/lib/python3.8/site-packages/airflow/example_dags/example_latest_only_with_trigger.py
[2026-06-07T17:00:26.963+0000] {processor.py:839} INFO - DAG(s) dict_keys(['latest_only_with_trigger']) retrieved from /home/airflow/.local/lib/python3.8/site-packages/airflow/example_dags/example_latest_only_with_trigger.py
[2026-06-07T17:00:27.059+0000] {logging_mixin.py:154} INFO - [2026-06-07T17:00:27.059+0000] {dag.py:2941} INFO - Sync 1 DAGs
[2026-06-07T17:00:27.109+0000] {logging_mixin.py:154} INFO - [2026-06-07T17:00:27.109+0000] {dag.py:3722} INFO - Setting next_dagrun for latest_only_with_trigger to 2026-06-07T13:00:27.109295+00:00, run_after=2026-06-07T17:00:27.109295+00:00
[2026-06-07T17:00:27.189+0000] {processor.py:179} INFO - Processing /home/airflow/.local/lib/python3.8/site-packages/airflow/example_dags/example_latest_only_with_trigger.py took 0.254 seconds
[2026-06-07T17:00:57.876+0000] {processor.py:157} INFO - Started process (PID=12120) to work on /home/airflow/.local/lib/python3.8/site-packages/airflow/example_dags/example_latest_only_with_trigger.py
[2026-06-07T17:00:57.877+0000] {processor.py:829} INFO - Processing file /home/airflow/.local/lib/python3.8/site-packages/airflow/example_dags/example_latest_only_with_trigger.py for tasks to queue
[2026-06-07T17:00:57.883+0000] {logging_mixin.py:154} INFO - [2026-06-07T17:00:57.883+0000] {dagbag.py:536} INFO - Filling up the DagBag from /home/airflow/.local/lib/python3.8/site-packages/airflow/example_dags/example_latest_only_with_trigger.py
[2026-06-07T17:00:57.895+0000] {processor.py:839} INFO - DAG(s) dict_keys(['latest_only_with_trigger']) retrieved from /home/airflow/.local/lib/python3.8/site-packages/airflow/example_dags/example_latest_only_with_trigger.py
[2026-06-07T17:00:57.926+0000] {logging_mixin.py:154} INFO - [2026-06-07T17:00:57.926+0000] {dag.py:2941} INFO - Sync 1 DAGs
[2026-06-07T17:00:57.961+0000] {logging_mixin.py:154} INFO - [2026-06-07T17:00:57.960+0000] {dag.py:3722} INFO - Setting next_dagrun for latest_only_with_trigger to 2026-06-07T13:00:57.960508+00:00, run_after=2026-06-07T17:00:57.960508+00:00
[2026-06-07T17:00:57.984+0000] {processor.py:179} INFO - Processing /home/airflow/.local/lib/python3.8/site-packages/airflow/example_dags/example_latest_only_with_trigger.py took 0.114 seconds
[2026-06-07T17:01:28.453+0000] {processor.py:157} INFO - Started process (PID=12174) to work on /home/airflow/.local/lib/python3.8/site-packages/airflow/example_dags/example_latest_only_with_trigger.py
[2026-06-07T17:01:28.457+0000] {processor.py:829} INFO - Processing file /home/airflow/.local/lib/python3.8/site-packages/airflow/example_dags/example_latest_only_with_trigger.py for tasks to queue
[2026-06-07T17:01:28.472+0000] {logging_mixin.py:154} INFO - [2026-06-07T17:01:28.465+0000] {dagbag.py:536} INFO - Filling up the DagBag from /home/airflow/.local/lib/python3.8/site-packages/airflow/example_dags/example_latest_only_with_trigger.py
[2026-06-07T17:01:28.513+0000] {processor.py:839} INFO - DAG(s) dict_keys(['latest_only_with_trigger']) retrieved from /home/airflow/.local/lib/python3.8/site-packages/airflow/example_dags/example_latest_only_with_trigger.py
[2026-06-07T17:01:28.570+0000] {logging_mixin.py:154} INFO - [2026-06-07T17:01:28.570+0000] {dag.py:2941} INFO - Sync 1 DAGs
[2026-06-07T17:01:28.627+0000] {logging_mixin.py:154} INFO - [2026-06-07T17:01:28.627+0000] {dag.py:3722} INFO - Setting next_dagrun for latest_only_with_trigger to 2026-06-07T13:01:28.626928+00:00, run_after=2026-06-07T17:01:28.626928+00:00
[2026-06-07T17:01:28.735+0000] {processor.py:179} INFO - Processing /home/airflow/.local/lib/python3.8/site-packages/airflow/example_dags/example_latest_only_with_trigger.py took 0.304 seconds
[2026-06-07T17:01:59.387+0000] {processor.py:157} INFO - Started process (PID=12228) to work on /home/airflow/.local/lib/python3.8/site-packages/airflow/example_dags/example_latest_only_with_trigger.py
[2026-06-07T17:01:59.390+0000] {processor.py:829} INFO - Processing file /home/airflow/.local/lib/python3.8/site-packages/airflow/example_dags/example_latest_only_with_trigger.py for tasks to queue
[2026-06-07T17:01:59.421+0000] {logging_mixin.py:154} INFO - [2026-06-07T17:01:59.418+0000] {dagbag.py:536} INFO - Filling up the DagBag from /home/airflow/.local/lib/python3.8/site-packages/airflow/example_dags/example_latest_only_with_trigger.py
[2026-06-07T17:01:59.454+0000] {processor.py:839} INFO - DAG(s) dict_keys(['latest_only_with_trigger']) retrieved from /home/airflow/.local/lib/python3.8/site-packages/airflow/example_dags/example_latest_only_with_trigger.py
[2026-06-07T17:01:59.558+0000] {logging_mixin.py:154} INFO - [2026-06-07T17:01:59.557+0000] {dag.py:2941} INFO - Sync 1 DAGs
[2026-06-07T17:01:59.609+0000] {logging_mixin.py:154} INFO - [2026-06-07T17:01:59.609+0000] {dag.py:3722} INFO - Setting next_dagrun for latest_only_with_trigger to 2026-06-07T13:01:59.608768+00:00, run_after=2026-06-07T17:01:59.608768+00:00
[2026-06-07T17:01:59.681+0000] {processor.py:179} INFO - Processing /home/airflow/.local/lib/python3.8/site-packages/airflow/example_dags/example_latest_only_with_trigger.py took 0.330 seconds
[2026-06-07T17:02:29.845+0000] {processor.py:157} INFO - Started process (PID=12280) to work on /home/airflow/.local/lib/python3.8/site-packages/airflow/example_dags/example_latest_only_with_trigger.py
[2026-06-07T17:02:29.847+0000] {processor.py:829} INFO - Processing file /home/airflow/.local/lib/python3.8/site-packages/airflow/example_dags/example_latest_only_with_trigger.py for tasks to queue
[2026-06-07T17:02:29.851+0000] {logging_mixin.py:154} INFO - [2026-06-07T17:02:29.851+0000] {dagbag.py:536} INFO - Filling up the DagBag from /home/airflow/.local/lib/python3.8/site-packages/airflow/example_dags/example_latest_only_with_trigger.py
[2026-06-07T17:02:29.861+0000] {processor.py:839} INFO - DAG(s) dict_keys(['latest_only_with_trigger']) retrieved from /home/airflow/.local/lib/python3.8/site-packages/airflow/example_dags/example_latest_only_with_trigger.py
[2026-06-07T17:02:29.894+0000] {logging_mixin.py:154} INFO - [2026-06-07T17:02:29.893+0000] {dag.py:2941} INFO - Sync 1 DAGs
[2026-06-07T17:02:29.926+0000] {logging_mixin.py:154} INFO - [2026-06-07T17:02:29.925+0000] {dag.py:3722} INFO - Setting next_dagrun for latest_only_with_trigger to 2026-06-07T13:02:29.925521+00:00, run_after=2026-06-07T17:02:29.925521+00:00
[2026-06-07T17:02:29.950+0000] {processor.py:179} INFO - Processing /home/airflow/.local/lib/python3.8/site-packages/airflow/example_dags/example_latest_only_with_trigger.py took 0.111 seconds
[2026-06-07T17:03:00.702+0000] {processor.py:157} INFO - Started process (PID=12334) to work on /home/airflow/.local/lib/python3.8/site-packages/airflow/example_dags/example_latest_only_with_trigger.py
[2026-06-07T17:03:00.705+0000] {processor.py:829} INFO - Processing file /home/airflow/.local/lib/python3.8/site-packages/airflow/example_dags/example_latest_only_with_trigger.py for tasks to queue
[2026-06-07T17:03:00.710+0000] {logging_mixin.py:154} INFO - [2026-06-07T17:03:00.709+0000] {dagbag.py:536} INFO - Filling up the DagBag from /home/airflow/.local/lib/python3.8/site-packages/airflow/example_dags/example_latest_only_with_trigger.py
[2026-06-07T17:03:00.736+0000] {processor.py:839} INFO - DAG(s) dict_keys(['latest_only_with_trigger']) retrieved from /home/airflow/.local/lib/python3.8/site-packages/airflow/example_dags/example_latest_only_with_trigger.py
[2026-06-07T17:03:00.780+0000] {logging_mixin.py:154} INFO - [2026-06-07T17:03:00.779+0000] {dag.py:2941} INFO - Sync 1 DAGs
[2026-06-07T17:03:00.816+0000] {logging_mixin.py:154} INFO - [2026-06-07T17:03:00.815+0000] {dag.py:3722} INFO - Setting next_dagrun for latest_only_with_trigger to 2026-06-07T13:03:00.815529+00:00, run_after=2026-06-07T17:03:00.815529+00:00
[2026-06-07T17:03:00.843+0000] {processor.py:179} INFO - Processing /home/airflow/.local/lib/python3.8/site-packages/airflow/example_dags/example_latest_only_with_trigger.py took 0.146 seconds
[2026-06-07T17:03:31.144+0000] {processor.py:157} INFO - Started process (PID=12389) to work on /home/airflow/.local/lib/python3.8/site-packages/airflow/example_dags/example_latest_only_with_trigger.py
[2026-06-07T17:03:31.156+0000] {processor.py:829} INFO - Processing file /home/airflow/.local/lib/python3.8/site-packages/airflow/example_dags/example_latest_only_with_trigger.py for tasks to queue
[2026-06-07T17:03:31.190+0000] {logging_mixin.py:154} INFO - [2026-06-07T17:03:31.189+0000] {dagbag.py:536} INFO - Filling up the DagBag from /home/airflow/.local/lib/python3.8/site-packages/airflow/example_dags/example_latest_only_with_trigger.py
[2026-06-07T17:03:31.212+0000] {processor.py:839} INFO - DAG(s) dict_keys(['latest_only_with_trigger']) retrieved from /home/airflow/.local/lib/python3.8/site-packages/airflow/example_dags/example_latest_only_with_trigger.py
[2026-06-07T17:03:31.389+0000] {logging_mixin.py:154} INFO - [2026-06-07T17:03:31.389+0000] {dag.py:2941} INFO - Sync 1 DAGs
[2026-06-07T17:03:31.432+0000] {logging_mixin.py:154} INFO - [2026-06-07T17:03:31.431+0000] {dag.py:3722} INFO - Setting next_dagrun for latest_only_with_trigger to 2026-06-07T13:03:31.430934+00:00, run_after=2026-06-07T17:03:31.430934+00:00
[2026-06-07T17:03:31.506+0000] {processor.py:179} INFO - Processing /home/airflow/.local/lib/python3.8/site-packages/airflow/example_dags/example_latest_only_with_trigger.py took 0.377 seconds
